time,close,20w SMA,21w EMA,Up Trend,Down Trend,Macro Score Heatmap,Rate Hike,Rate Cut,LA1,LA2,ATR,MACD,Signal Line,Histogram,Cross
1618407000,328.28,,,,,1,0,0,,,,,,,
1618493400,322.75,,,,,1,0,0,,,,,,,
1618579800,342,,,,,1,0,0,,,,,,,
1618839000,333,,,,,1,0,0,,,,,,,
1618925400,320.82,,,,,1,0,0,,,,,,,
1619011800,311.92,,,,,1,0,0,,,,,,,
1619098200,293.45,,,,,1,0,0,,,,,,,
1619184600,291.6,,,,,1,0,0,,,,,,,
1619443800,304.54,,,,,1,0,0,,,,,,,
1619530200,302,,,241.35070000000002,,1,0,0,,,,,,,
1619616600,298.05,,,243.93060000000006,,1,0,0,,,,,,,
1619703000,294.77,,,243.93060000000006,,1,0,0,,,,,,,
1619789400,297.64,,,247.29904650000003,,1,0,0,,,,,,,
1620048600,294.21,,,252.65318685000003,,1,0,0,,,24.594735714285708,,,,
1620135000,280.66,,,252.65318685000003,,1,0,0,,,24.166540306122442,,,,
1620221400,273,,,252.65318685000003,,1,0,0,,,23.87964456997084,,,,
1620307800,256.76,,,252.65318685000003,,1,0,0,,,23.78038424354435,,,,
1620394200,263.7,,,252.65318685000003,,1,0,0,,,22.8183567975769,,,,
1620653400,293.45,,,252.65318685000003,,1,0,0,,,23.912045597749977,,,,
1620739800,303,,,252.65318685000003,,1,0,0,,,24.119042340767834,,,,
1620826200,283.61,,,252.65318685000003,,1,0,0,,,24.266967887855845,,,,
1620912600,265.1,,,252.65318685000003,,1,0,0,,,24.872184467294716,,,,
1620999000,258.37,,,252.65318685000003,,1,0,0,,,24.83052843391652,,,,
1621258200,248.24,,,,292.5421409461767,1,0,0,,,24.494062117208195,,,,
1621344600,239,,,,291.528426851559,1,0,0,,,23.72055768026475,,,,
1621431000,224.8,,,,266.2763341664031,1,0,0,,,24.240517845960124,-25.706003064451522,,,
1621517400,233.4,,,,266.2763341664031,1,0,0,,,23.509052285534402,-26.21945163967729,,,
1621603800,224.35,,,,266.2763341664031,1,0,0,,,22.90626283656766,-27.044866316681208,,,
1621863000,225.3,,,,266.2763341664031,1,0,0,,,21.767244062527116,-27.307571646907235,,,
1621949400,242.41,,,,266.2763341664031,1,0,0,,,21.547440915203747,-25.837297228743495,,,
1622035800,241.52,,,,266.2763341664031,1,0,0,,,20.72385942126062,-24.46192784438452,,,
1622122200,247.09,,,,266.2763341664031,1,0,0,279.3371875,,19.73786946259915,-22.661260345591757,,,
1622208600,236.54,,,,266.2763341664031,1,0,0,276.7434185606061,,19.0815930724135,-21.83382842664483,,,
1622554200,238.93,,,,266.2763341664031,1,0,0,274.45169622359964,,18.302150710098253,-20.746081727451156,-24.646476471170335,3.900394743719179,
1622640600,240.48,,,,266.2763341664031,1,0,0,272.3928055433815,,17.365568516519808,-19.533789222641815,-23.960674933191477,4.426885710549662,
1622727000,233.66,,,,266.2763341664031,1,0,0,270.04536278317653,,16.69659219391125,-18.905425702091605,-23.148005384570848,4.242579682479242,
1622813400,228.79,,,,257.92397952426,1,0,0,267.54503776601433,,15.943978465774732,-18.58616168226348,-22.20814931407999,3.621987631816509,
1623072600,231.45,,,,255.486581571834,1,0,0,265.3574597195892,,15.23798000393368,-17.91202421166011,-21.16419959905253,3.2521753873924197,
1623159000,220.66,,,,249.5354234146506,1,0,0,262.6485227668868,,15.153124289366987,-18.040468937407752,-20.29788534445967,2.2574164070519167,
1623245400,224.32,,,,249.5354234146506,1,0,0,260.3255819931361,,14.955686840126488,-17.643547067980307,-19.540287480414758,1.8967404124344505,
1623331800,221.85,,,,249.5354234146506,1,0,0,257.9937285390066,,14.481394922974596,-17.328539368936248,-18.947762927453034,1.6192235585167865,
1623418200,223.92,,,,247.2104291692803,1,0,0,255.92865408209713,,13.724866714190698,-16.719134027873963,-18.379463549811828,1.6603295219378644,
1623677400,239.1,,,,247.2104291692803,1,0,0,254.90873565287913,,13.875947663177076,-14.8402080879776,-17.723255367648097,2.883047279670496,
1623763800,232.21,,,,247.2104291692803,1,0,0,253.53305470421978,,13.466237115807285,-13.74862556426416,-17.080459405606135,3.3318338413419752,
1623850200,228.05,,,,247.2104291692803,1,0,0,251.98862714638827,,13.104363036106765,-13.06856944951133,-16.431919821986106,3.363350372474777,
1623936600,230.66,,,,247.2104291692803,1,0,0,250.69598307691018,,12.659765676384852,-12.17862725761654,-15.71997155258089,3.5413442949643503,
1624023000,229.29,,,,247.2104291692803,1,0,0,249.39865076921865,,12.197639556643077,-11.451879075845795,-15.002177648601522,3.550298572755727,
1624282200,222.6,,,,242.79013295815147,1,0,0,247.77449011653874,,12.07800815974,-11.285658943964478,-14.251643204885603,2.9659842609211253,
1624368600,222.47,,,,238.25637966233634,1,0,0,246.24088465493034,,12.099579005472856,-11.037188368342754,-13.517603349370319,2.4804149810275646,
1624455000,226.01,,,,238.25637966233634,1,0,0,245.01477043341941,,11.810544790796225,-10.434344602618125,-12.751581708668304,2.317237106050179,
1624541400,229.93,,,,238.25637966233634,1,0,0,244.10054192230308,,11.254791591453637,-9.530414648245653,-11.952835110931826,2.4224204626861727,
1624627800,224.54,,,,238.25637966233634,1,0,0,242.91505453307258,,10.930163620635522,-9.143570215067825,-11.319875347275184,2.176305132207359,
1624887000,246.69,,,215.38364332354112,,1,0,0,243.14383910682577,,11.829437647732986,-6.969335172377868,-10.566620859287818,3.5972856869099505,
1624973400,254.9,,,233.147778991187,,1,0,0,243.85633370641207,,12.017334958609199,-4.531523270870025,-9.618060172772118,5.086536901902093,
1625059800,253.3,,,233.147778991187,,1,0,0,244.42867711814466,,11.723239604422828,-2.6975507181687988,-8.564607223944591,5.867056505775793,
1625146200,241.44,,,233.147778991187,,1,0,0,244.24754517159045,,11.93015106124977,-2.1760331829394204,-7.533957680288328,5.3579244973489075,
1625232600,240.72,,,233.147778991187,,1,0,0,244.03375455513043,,11.6437402711605,-1.8000746219142343,-6.4800038667271895,4.679929244812955,
1625578200,235.41,,,233.147778991187,,1,0,0,243.5111027639104,258.56396551724134,11.453465966077605,-1.908596266445329,-5.465715855405254,3.5571195889599245,
1625664600,251.97,,,233.147778991187,,1,0,0,244.02376320246128,258.3404412624196,12.110632682786349,-0.650844321089977,-4.378660268568792,3.727815947478815,
1625751000,244.29,,,233.147778991187,,1,0,0,244.03989876594846,257.86415511793075,12.557016062587323,-0.2706586736339318,-3.3497984936119343,3.0791398199780025,
1625837400,253.88,,,233.147778991187,,1,0,0,244.63626853770916,257.7290990122382,12.572943486688228,0.795306248716372,-2.2454788865248014,3.0407851352411734,
1626096600,247.67,,,233.147778991187,,1,0,0,244.82013105057527,257.38811260504366,12.25059038049621,1.1260160169541678,-1.3459954210434641,2.472011437997632,
1626183000,243.31,,,233.147778991187,,1,0,0,244.72860795660102,256.9108884489405,11.819812496175052,1.0244807525598105,-0.7286616406623713,1.753142393222182,
1626269400,229.94,,,,262.5045219569234,1,0,0,243.83232868650398,255.99662104389168,12.28196874644826,-0.13329736914587897,-0.4437446018820468,0.3104472327361678,
1626355800,224.63,,,,252.01956976123103,1,0,0,242.66855119035222,254.93334575426823,12.411828121701957,-1.4624591753922402,-0.3644586010434712,-1.098000574348769,-0.3644586010434712
1626442200,225.01,,,,250.24896278510795,1,0,0,241.59833596669452,253.9189950507337,12.28494754158039,-2.456845671164814,-0.43743316207131344,-2.0194125090935007,
1626701400,220.61,,,,241.75304150659713,1,0,0,240.32631560507667,252.78987657443764,12.24959414575322,-3.5589223197483193,-0.6208027235494235,-2.938119596198896,
1626787800,224.96,,,,241.75304150659713,1,0,0,239.39502375022354,251.84649092784653,12.350337421056562,-4.034806619125732,-0.9967985344422851,-3.0380080846834465,
1626874200,230.87,,,,241.75304150659713,1,0,0,238.8783556441494,251.135423438767,12.338884748123949,-3.89021674975902,-1.3989716540117394,-2.4912450957472805,
1626960600,226.08,,,,241.75304150659713,1,0,0,238.10269772632216,250.28608705101217,12.016107266115096,-4.114709396269319,-1.9445289478990384,-2.1701804483702807,
1627047000,224.92,,,,241.75304150659713,1,0,0,237.3037463489693,249.42621969335073,11.487563889964019,-4.336238285742979,-2.551446092643166,-1.7847921930998134,
1627306200,245.45,,,218.90772127076946,,1,0,0,237.797458691456,249.29143258510155,12.444166469252306,-2.8226641873449125,-2.9789066415214682,0.1562424541765557,-2.9789066415214682
1627392600,235.08,,,218.90772127076946,,1,0,0,237.63276422530714,248.80968910764048,12.721726007162854,-2.4318848887442073,-3.2343052548101716,0.8024203660659643,
1627479000,241.75,,,218.90772127076946,,1,0,0,237.88229366619763,248.57037761246622,12.369152720936935,-1.5659252116212201,-3.245801481057836,1.6798762694366158,
1627565400,235.78,,,218.90772127076946,,1,0,0,237.7548819288523,248.13680549000975,12.187777526584295,-1.3458607898112405,-3.1223587164629945,1.776497926651754,
1627651800,236.58,,,218.90772127076946,,1,0,0,237.68367696346732,247.74504937170434,11.758250560399702,-1.0942905358027133,-2.848510740469038,1.754220204666325,
1627911000,235.4,,,218.90772127076946,,1,0,0,237.54527229901475,247.32657312181607,11.38812552037115,-0.9788518406586775,-2.5089602095282544,1.530108368869577,
1627997400,230.18,,,218.90772127076946,,1,0,0,237.09889215968053,246.74533335497483,11.201823697487496,-1.2936636682163964,-2.220454311579074,0.9267906433626774,
1628083800,244.36,,,218.90772127076946,,1,0,0,237.53895930151808,246.66447459717907,11.517286290524103,-0.39440041438592743,-1.807086646925364,1.4126862325394365,
1628170200,255.5,,,223.52023802414578,,1,0,0,238.6275072226382,246.9639839328679,12.174622984058095,1.2033061282377844,-1.1915817120386123,2.3948878402763967,
1628256600,258.26,,,232.34421422173122,,1,0,0,239.81735526975103,247.34689973175375,12.281435628053943,2.661528563304927,-0.5822269619664079,3.2437555252713346,
1628515800,280.47,,,247.88229279955812,,1,0,0,242.28115192006916,248.4697166899994,13.130618797478663,5.545417610000783,0.30413998233859096,5.241277627662192,
1628602200,269.67,,,247.88229279955812,,1,0,0,243.94108210673164,249.18837036152485,13.424860311944473,6.88014073650038,1.2425917543521021,5.637548982148278,
1628688600,278.4,,,254.26705716764206,,1,0,0,246.02950137299032,250.17859509503248,14.203798861091295,8.543868077928835,2.3414505174343327,6.202417560494502,
1628775000,256.5,,,254.26705716764206,,1,0,0,246.66407704735454,250.3928800070653,14.846384656727631,8.002983595253937,3.352258754218405,4.650724841035532,
1628861400,261.25,,,254.26705716764206,,1,0,0,247.5480723778179,250.76091797292747,14.50021432410423,7.866928988084084,4.335123290745378,3.5318056973387053,
1629120600,256.83,,,254.26705716764206,,1,0,0,248.11061344582893,250.96664956706553,14.309356158096787,7.318089293143771,5.291984730896508,2.026104562247263,
1629207000,250.8,,,,283.1412700973101,1,0,0,248.27360657032415,250.9610004291989,14.323687861089875,6.323664013140501,6.0384363339550005,0.2852276791855006,
1629293400,244.39,,,,277.89864308757905,1,0,0,248.03823647515298,250.73825465193792,14.060567299583456,4.961152309284472,6.455974798515744,-1.4948224892312716,6.455974798515744
1629379800,248.24,,,,272.53325877882116,1,0,0,248.05046456756796,250.65356805356714,13.811841063898925,4.144242543479493,6.620720796312917,-2.4764782528334246,
1629466200,257.32,,,,272.53325877882116,1,0,0,248.61225459377596,250.87954879751402,13.709566702191859,4.181316173763577,6.469153970064339,-2.287837796300762,
1629725400,256,,,,272.53325877882116,1,0,0,249.05999673960773,251.05312341454743,13.551740509178156,4.057412993230997,6.1555175541455185,-2.0981045609145212,
1629811800,259.28,,,,272.53325877882116,1,0,0,249.6793908766012,251.33200058693566,13.087323329951147,4.175751948731346,5.67017131756802,-1.4944193688366738,
1629898200,256.77,,,,272.53325877882116,1,0,0,250.1091247628678,251.51633955009038,12.588943092097495,4.020652817585102,5.22769012004926,-1.2070373024641583,
1629984600,248.54,,,,272.53325877882116,1,0,0,250.01402629239095,251.4154466839856,12.280447156947673,3.1967927824410936,4.708786097200039,-1.5119933147589455,
1630071000,259.12,251.88999999999993,,,272.53325877882116,1,0,0,250.5659034867915,251.67661798283356,12.230679502879983,3.3588763129414474,4.268873543844226,-0.9099972309027784,
1630330200,262.66,,,,272.53325877882116,1,0,0,251.29887903304657,252.0489360173138,11.86325953838856,3.729980203641844,3.98068645389993,-0.2507062502580859,
1630416600,259,,,,272.53325877882116,1,0,0,251.76561363710437,252.28456530486247,11.460169571360804,3.686258406285816,3.8390315757889684,-0.15277316950315223,
1630503000,265.9,,,,272.53325877882116,1,0,0,252.6222431136435,252.74610546401968,11.603721744835031,4.160422144468015,3.8408293092321375,0.31959283523587745,3.8408293092321375
1630589400,268.18,,,,272.53325877882116,1,0,0,253.56513747039236,253.26928832964612,11.472027334489676,4.666386074445882,3.894725964863505,0.7716601095823767,
1630675800,278.44,248.71199999999993,253.15428571428566,253.06227236528457,,1,0,0,255.07270489642917,254.12253279304795,11.5404539534547,5.828079910474742,4.091466733446143,1.7366131770285982,
1631021400,266.81,,,253.06227236528457,,1,0,0,255.7840561148274,254.55261642718193,11.878271528207936,5.744072745990536,4.265724599808276,1.4783481461822605,
1631107800,258.2,,,253.06227236528457,,1,0,0,255.930476956353,254.67625654829442,11.953394990478799,4.9259580416682525,4.366314069150848,0.5596439725174047,
1631194200,256.42,,,253.06227236528457,,1,0,0,255.96014501960434,254.73536649580987,11.67886677687317,4.086854406752877,4.4652098051854905,-0.3783553984326131,4.4652098051854905
1631280600,248.32,246.54799999999994,252.71480519480514,,275.9589065211368,1,0,0,255.4971059275071,254.51789644510444,11.663947721382229,2.736709343423115,4.396080141905675,-1.65937079848256,
1631539800,242.84,,,,268.7375158690231,1,0,0,254.73000859856728,254.12203554866022,11.707951455569212,1.2105648141086363,4.116145098624208,-2.9055802845155716,
1631626200,243,,,,267.2322942821208,1,0,0,254.0190989865329,253.74501739446836,11.408662065885697,0.013835455653037343,3.708098104109455,-3.6942626484564176,
1631712600,247.07,,,,267.2252098539087,1,0,0,253.59794147219756,253.51874561838468,11.123757632608147,-0.5992583204093478,3.1792447191230813,-3.778503039532429,
1631799000,243.21,,,,264.4236888685179,1,0,0,252.96836926176135,253.16929661437163,10.889917801707565,-1.3806935202256625,2.5073469863817985,-3.888040506607461,
1631885400,245.19,243.92549999999991,252.0307319952774,,262.36581998166605,1,0,0,252.49695294286673,252.898811983376,10.603495101585596,-1.8192459585976621,1.6576441120404202,-3.476890070638082,
1632144600,236.53,,,,255.22123798349946,1,0,0,251.52925882511724,252.34393700088867,10.848959737186624,-2.8329352369962635,0.7046432250418869,-3.5375784620381503,
1632231000,238.46,,,,255.22123798349946,1,0,0,250.7371825326859,251.87329506865515,10.50260547024472,-3.4408919623855354,-0.22500677540853392,-3.2158851869770015,
1632317400,241.85,,,,255.22123798349946,1,0,0,250.1985654094928,251.53352235446346,10.140990793798668,-3.6075715396861483,-1.0799429916795367,-2.5276285480066116,
1632403800,237.5,,,,255.22123798349946,1,0,0,249.42895538467505,251.05780973227826,10.040205737098765,-4.044057572731475,-1.8333615379189356,-2.2106960348125395,
1632490200,231.82,242.33149999999995,250.19339272297944,,250.989458740974,1,0,0,248.36174596742202,250.4056805888112,9.91804104159171,-4.793053096368368,-2.5004301946386027,-2.2926229017297652,
1632749400,232.24,,,,248.4587678668766,1,0,0,247.38467045424494,249.78989480613964,9.641680967192302,-5.291746989857472,-3.089939355250882,-2.2018076346065905,
1632835800,229.84,,,,247.29066108018893,1,0,0,246.3213570933816,249.11362718559255,9.309603755249993,-5.813609761225166,-3.6693117375637505,-2.1442980236614155,
1632922200,225.28,,,,246.69792497217003,1,0,0,245.04612333014637,248.30570761997924,9.268203487017852,-6.519985325559134,-4.24034416037858,-2.2796411651805535,
1633008600,227.48,,,,244.14063247495304,1,0,0,243.98150979498598,247.59975142947147,8.942617523659434,-6.823613071683354,-4.796384950721436,-2.0272281209619187,
1633095000,231.15,240.97049999999996,248.46217520270858,,244.14063247495304,1,0,0,243.20384253468382,247.04213273694702,8.934644843398045,-6.6909725528726085,-5.225055763596584,-1.465916789276024,
1633354200,229.31,,,,244.14063247495304,1,0,0,242.3617914719757,246.4410434916268,8.9100273545839,-6.657582145794436,-5.582465783975351,-1.0751163618190844,
1633440600,240.09,,,,244.14063247495304,1,0,0,242.2241071403408,246.22575388174116,9.043596829256478,-5.695608668501876,-5.814469909399321,0.11886124089744499,-5.814469909399321
1633527000,250.38,,,229.3111147331833,,1,0,0,242.71840367728984,246.36657578405502,9.258339912881013,-4.056163822548996,-5.815815048267934,1.7596512257189385,
1633613400,251.59,,,231.782703259865,,1,0,0,243.25607618169653,246.54364101171416,9.121958490532368,-2.6289501817306586,-5.575359168863745,2.9464089871330863,
1633699800,248.14,242.15999999999994,248.4328865479169,233.8954829338785,,1,0,0,243.55207156462401,246.59775487572384,9.133247169780056,-1.7560169852863226,-5.18250027946695,3.4264832941806276,
1633959000,256.5,,,236.94743464049066,,1,0,0,244.33679450010135,246.9334242019705,9.555872371938623,-0.38518878880955754,-4.579342393642993,4.194153604833436,
1634045400,249.33,,,236.94743464049066,,1,0,0,244.63941301524673,247.01466405953082,9.617595773943005,0.12124571029681874,-3.8414278341034436,3.9626735444002623,
1634131800,246.78,,,236.94743464049066,,1,0,0,244.76914555977723,247.0067093456484,9.299910361518503,0.31322435534832493,-3.04844589776659,3.361670253114915,
1634218200,260,,,236.94743464049066,,1,0,0,245.69222764706345,247.4471598763044,9.790631049981467,1.5146523609545,-2.1367097962302446,3.6513621571847446,
1634304600,280.61,244.36349999999993,251.35807867992446,252.1198521176259,,1,0,0,247.80845627451416,248.57132394829407,10.64272883212565,4.082783677472662,-0.9433358158672339,5.026119493339896,
1634563800,293.34,,,259.3393669058633,,1,0,0,250.56794377302845,250.08890618733494,11.702533915545247,7.063823498933061,0.4743788694033147,6.589444629529747,
1634650200,305.63,,,275.66748021527695,,1,0,0,253.9050380898146,251.97165513013715,11.90306720729202,10.299295455929865,2.06942990034541,8.229865555584455,
1634736600,314.71,,,285.20168719374925,,1,0,0,257.5901872964925,254.09837868504775,12.010705263914021,13.441168978295707,3.8549986959038955,9.586170282391812,
1634823000,300.01,,,285.20168719374925,,1,0,0,260.161085036099,255.6547048313173,12.52279774506302,14.576925510311128,5.669770084303612,8.907155426007517,
1634909400,300.84,247.96599999999995,255.85643516356768,285.20168719374925,,1,0,0,262.62647382178994,257.1864097522896,12.512597906129946,15.366855266046173,7.419997201509805,7.946858064536368,
1635168600,325.54,,,286.9246849642432,,1,0,0,266.4394148022875,259.5034806081442,13.48741234140638,17.780995612949198,9.382191635137847,8.398803977811351,
1635255000,319.49,,,293.1837864678189,,1,0,0,269.65460178396705,261.5369219434613,13.450447174163065,18.987162601400826,11.457073662477013,7.530088938923813,
1635341400,311.67,,,293.1837864678189,,1,0,0,272.2009895546357,263.2363483182592,13.473986661722844,19.091969642479455,13.410108915979785,5.68186072649967,
1635427800,319.13,,,293.1837864678189,,1,0,0,275.0451720058699,265.13104837526737,13.70584475731407,19.55161083258406,15.128867488769941,4.422743343814119,
1635514200,319.42,252.74099999999993,261.6349410577888,293.1837864678189,,1,0,0,277.73455552066565,266.97135182017354,13.466855846077351,19.712052097394405,16.534226221932315,3.1778258754620907,
1635773400,330.99,,,301.87736599653596,,1,0,0,280.9621582163829,269.1414754872863,13.862794714214683,20.536078135665775,17.67164651968075,2.8644316159850263,
1635859800,336.34,,,309.4841293968824,,1,0,0,284.3183910517536,271.41939157246304,13.891166520342205,21.374433827922076,18.553120391861455,2.8213134360606205,
1635946200,344.38,,,309.4841293968824,,1,0,0,287.9584885637685,273.89263253610835,14.05322605460348,22.42904944062525,19.425578606340803,3.003470834284446,
1636032600,344.45,,,310.90139481147474,,1,0,0,291.3822165296007,276.28440770437584,13.904424193560375,23.005297576610644,20.274294418625743,2.731003157984901,
1636119000,337.05,258.12899999999996,268.4908555070807,310.91115533032723,,1,0,0,294.1499609823522,278.34425829066817,13.753251036877492,22.604292012763153,20.810216240827295,1.7940757719358587,
1636381800,353.92,,,323.5586397972945,,1,0,0,297.7723875894824,280.90614784013707,14.6365902485291,23.378270080828372,21.2981170718748,2.080153008953573,
1636468200,357.39,,,324.4862758175651,,1,0,0,301.3855762204228,283.4988207947087,15.293976659348447,23.995053238647756,21.84290413811572,2.1521491005320357,
1636554600,328.6,,,324.4862758175651,,1,0,0,303.0349352373669,285.02767432709146,16.872264040823556,21.908201829661266,22.10474758223541,-0.19654575257414564,22.10474758223541
1636641000,336.39,,,324.4862758175651,,1,0,0,305.0564543138901,286.76877011261377,16.7734737521933,20.644962670715586,22.20840431260443,-1.5634416418888435,
1636727400,342.98,264.05099999999993,275.2625959155279,324.4862758175651,,1,0,0,307.35485102213914,288.6742355325252,16.39251134132235,19.945673156775683,22.142803759394422,-2.1971306026187385,
1636986600,345.36,,,324.4862758175651,,1,0,0,309.65819338443373,290.5957868704057,16.3766105312279,19.36035318822701,21.919017021650525,-2.558663833423516,
1637073000,342.12,,,324.4862758175651,,1,0,0,311.62557560355896,292.34237036632413,16.336852636140193,18.42267682325894,21.47386450860982,-3.0511876853508824,
1637159400,346.52,,,324.4862758175651,,1,0,0,313.7403892033433,294.17890018441483,15.906363162130178,17.82908221454312,20.898729468380097,-3.069647253836976,
1637245800,323.57,,,,368.36932510551367,1,0,0,314.33612319101945,295.17520865273974,16.420908650549446,15.330065558545868,20.090482084578177,-4.760416526032309,
1637332200,332.55,268.6424999999999,280.470541741389,,366.3929375949623,1,0,0,315.43999451277585,296.4421507323079,16.3794151755102,13.913798200615929,19.038874097887906,-5.1250758972719765,
1637591400,315.48,,,,358.92014383546604,1,0,0,315.44241908775916,297.0875015549415,17.011599805830897,11.283915818185164,17.626525495614285,-6.34260967742912,
1637677800,317.2,,,,347.24162945191944,1,0,0,315.5489391430465,297.7692811632486,16.87505696255726,9.23208300211337,16.218067848108962,-6.985984845995592,
1637764200,312.38,,,,344.9464665067275,1,0,0,315.3568822252861,298.26455976788424,16.478267179517456,7.134811331377705,14.716939921515866,-7.582128590138161,
1637937000,303.19,271.1079999999999,282.5359470376264,,336.64311985605474,1,0,0,314.6194954237536,298.4315238435492,16.24617666669478,4.677235961640349,13.020446899834162,-8.343210938193813,
1638196200,319.39,,,,336.64311985605474,1,0,0,314.9086169132231,299.1419806624119,16.39894976193087,3.9907910313716,11.312717771294672,-7.321926739923072,
1638282600,315,,,,336.64311985605474,1,0,0,314.91415528211866,299.6795406399573,16.707596207507233,3.05729952154428,9.60545362665971,-6.5481541051154295,
1638369000,294.5,,,,336.64311985605474,1,0,0,313.676933749869,299.50396299114516,17.607053621256718,0.6557628739981851,7.697307033265828,-7.041544159267643,
1638455400,284.71,,,,331.9030823875575,1,0,0,311.92136200745273,299.0024727202589,17.88512121973838,-2.01422467463766,5.770163674023213,-7.784388348660873,
1638541800,265.65,273.13999999999993,281.0008609432967,,311.2477741488018,1,0,0,309.1170370373041,297.87188042465687,18.596183989757066,-5.60359697428521,3.6015642101453094,-9.20516118443052,
1638801000,263.24,,,,295.64957673392155,1,0,0,306.33661055019473,296.6979183763634,18.89427084763156,-8.544175306211002,1.3984429741012907,-9.942618280312294,
1638887400,286.42,,,,295.64957673392155,1,0,0,305.1295432441223,296.34951436360535,19.469680072800735,-8.901560890412554,-0.6164063472904786,-8.285154543122076,
1638973800,287.48,,,,295.64957673392155,1,0,0,304.05987395659974,296.04885285975433,18.915417210457825,-8.995563147089968,-2.408670178231331,-6.586892968858637,
1639060200,263.91,,,,295.64957673392155,1,0,0,301.62654826226037,294.9594002204406,19.604244552567984,-10.846926018878946,-4.1335770649556975,-6.713348953923249,
1639146600,255.76,274.6819999999999,278.7062372211788,,295.64957673392155,1,0,0,298.846757458487,293.63060699262905,19.5639413702417,-12.823954752971417,-6.001882152104922,-6.822072600866496,
1639405800,251.37,,,,289.7918366626134,1,0,0,295.9693782185787,292.1980440437264,19.00223127236729,-14.576966385061269,-7.961245030616649,-6.61572135444462,
1639492200,255.86,,,,289.7918366626134,1,0,0,293.5385068113921,290.96624594054924,18.859214752912482,-15.426112633734988,-9.748120087031445,-5.677992546703543,
1639578600,258.3,,,,289.7918366626134,1,0,0,291.4028397319138,289.8589155696832,18.862835127704447,-15.720958126186076,-11.271090470536826,-4.44986765564925,
1639665000,247.17,,,,289.7918366626134,1,0,0,288.72206156634326,288.4118336859651,19.203339761439842,-16.660669459289466,-12.499654079981743,-4.161015379307722,
1639751400,243.35,275.02049999999997,275.49203383743526,,281.6123448343406,1,0,0,285.97223965323155,286.8843139000002,18.865958349908425,-17.51177469793987,-13.496054012396062,-4.015720685543808,
1640010600,238.05,,,,272.42111035090653,1,0,0,283.06786149242964,285.22891342881377,18.345532753486395,-18.40182268038177,-14.551638655725974,-3.850184024655796,
1640097000,247.69,,,,272.42111035090653,1,0,0,280.92374867470664,283.95640788885396,17.754066128237366,-18.120443490780588,-15.565514249469377,-2.5549292413112106,
1640183400,254.55,,,,272.42111035090653,1,0,0,279.32533966411836,282.95958050279114,17.13948997622041,-17.146252461995857,-16.2654394098157,-0.8808130521801587,
1640269800,268.15,275.51499999999993,274.82457621585024,,272.42111035090653,1,0,0,278.6480463511415,282.4575608247304,17.04416926363324,-15.10269820910753,-16.518633127164158,1.415934918056628,-16.518633127164158
1640615400,280.27,,,243.3542794987702,,1,0,0,278.74634657228444,282.38340622050225,16.815292887659435,-12.362674812011505,-16.27260073015863,3.909925918147124,
1640701800,261.33,,,243.3542794987702,,1,0,0,277.6908104163884,281.66973143336656,17.0842005385409,-11.585930842070013,-15.845913864418074,4.259983022348061,
1640788200,252.6,,,243.3542794987702,,1,0,0,276.17015523963755,280.6843168085067,16.695671928645123,-11.54174760816062,-15.381557140193024,3.8398095320324046,
1640874600,256.79,,,243.3542794987702,,1,0,0,274.9956003766292,279.8743399675404,16.071616790884757,-11.041356212839446,-14.757189001698578,3.7158327888591316,
1640961000,252.37,275.0709999999999,272.7832511053184,243.3542794987702,,1,0,0,273.6243518689547,278.94198946016616,15.473287020107273,-10.876076843709313,-14.019889240117404,3.143812396408091,
1641220200,251.05,,,243.3542794987702,,1,0,0,272.2562093314423,277.9964982920249,14.824480804385326,-10.727939710132034,-13.167235576756323,2.4392958666242883,
1641306600,250.15,,,243.3542794987702,,1,0,0,270.91643906893063,277.05254919738,14.813439318357807,-10.561417001943255,-12.327343744663287,1.7659267427200316,
1641393000,234.23,,,,269.29745980905966,1,0,0,268.69301851929845,275.6009373601807,14.990336509903676,-11.580563974137874,-11.708933912679065,0.12836993854119072,
1641479400,234,,,,258.32024382815365,1,0,0,266.59041133631064,274.1907360937339,14.712448187767697,-12.265416285981075,-11.393680365665015,-0.8717359203160608,-11.393680365665015
1641565800,232.33,273.8214999999999,269.10568282301676,,258.32024382815365,1,0,0,264.5140227704736,272.7717280905565,14.439416174355717,-12.795424037015152,-11.441763612887643,-1.3536604241275096,
1641825000,225.01,,,,248.03925700080447,1,0,0,262.1198395722631,271.15268646036816,14.67160073333031,-13.648787100793783,-11.67096986385695,-1.9778172369368328,
1641911400,237.23,,,,248.03925700080447,1,0,0,260.6113644466714,270.0027648854404,14.753629252378145,-13.187019847619865,-11.853777890463533,-1.333241957156332,
1641997800,234.7,,,,248.03925700080447,1,0,0,259.0409787226307,268.8060609910187,14.546227162922564,-12.876780320516445,-12.057713902427643,-0.8190664180888021,
1642084200,228.23,,,,248.03925700080447,1,0,0,257.1736466788349,267.4306012964079,14.627210936999523,-13.003096584802734,-12.294049429215802,-0.7090471555869318,
1642170600,230.03,272.3669999999999,265.5533480209243,,248.03925700080447,1,0,0,255.52857718314797,266.1627843033093,14.275267298642413,-12.810289138476577,-12.525421587920752,-0.28486755055582513,
1642516200,222,,,,248.03925700080447,1,0,0,253.49654220235112,264.6657407676039,14.000598205882241,-13.15381277296774,-12.813465562479028,-0.3403472104887122,
1642602600,219.5,,,,248.03925700080447,1,0,0,251.43614570523894,263.1346987076851,13.59697690546208,-13.472484420811611,-13.023678945442775,-0.44880547536883597,
1642689000,221.62,,,,248.03925700080447,1,0,0,249.6291065715881,261.72742078539073,13.518621412214788,-13.39950654466864,-13.149688974185839,-0.24981757048280073,
1642775400,191.97,268.0434999999999,258.86395274629484,,228.58932451370927,1,0,0,246.13461526421912,259.3627624536826,15.03586273991373,-15.554871381939307,-13.456294234732967,-2.09857714720634,
1643034600,191.48,,,,210.13489206233834,1,0,0,242.82221433911494,257.0616518620323,16.06615825849132,-17.105372364052357,-13.84035926398392,-3.265013100068437,
1643121000,185.63,,,,210.13489206233834,1,0,0,239.35601953068374,254.6402399345058,16.059289811456228,-18.591885984066266,-14.440899945811298,-4.150986038254969,
1643207400,178.64,,,,210.13489206233834,1,0,0,235.67626077124837,252.06396061469204,16.416111967780783,-20.102266900213152,-15.24373178799982,-4.858535112213332,
1643293800,170.2,,,,208.89647531344468,1,0,0,231.70800254268786,249.2889111023296,16.255675398653583,-21.72980446243406,-16.213365996625523,-5.5164384658085375,
1643380200,177.58,264.50649999999985,251.4745024966317,,205.79332778210016,1,0,0,228.42751754010072,246.8581005564879,16.49098429874976,-22.168589681126434,-17.253177168031062,-4.915412513095372,
1643639400,190.15,,,,205.79332778210016,1,0,0,226.10766799221582,244.93579206304764,16.52519970598192,-21.256998730744357,-18.153531163339576,-3.103467567404781,
1643725800,197.73,,,,205.79332778210016,1,0,0,224.3878093260209,243.33559572192738,16.261256869840352,-19.695871932231398,-18.845018664608443,-0.8508532676229557,
1643812200,187.37,,,,205.79332778210016,1,0,0,222.1443057305045,241.43845688389595,16.242595664851756,-19.074751256106055,-19.47560141032371,0.4008501542176539,-19.47560141032371
1643898600,181.31,,,,205.79332778210016,1,0,0,219.66949932259513,239.40020410817067,15.818124545933774,-18.854160968473877,-19.842189142160883,0.988028173687006,
1643985000,194.44,261.96899999999994,246.28954772421062,,205.79332778210016,1,0,0,218.14043875758935,237.87612939263946,16.084687078367075,-17.419064179377756,-19.87704378830815,2.457979608930394,
1644244200,205.74,,,,205.79332778210016,1,0,0,217.38889701470515,236.7867690742449,16.126488001340856,-15.194768242856526,-19.49958626150707,4.304818018650543,
1644330600,208.73,,,171.23610856463762,,1,0,0,216.8641153774503,235.83569215647387,15.867253144102223,-13.040407970734691,-18.714935269342796,5.674527298608105,
1644417000,214.5,,,181.31575770817386,,1,0,0,216.72083565760482,235.1124483545595,15.279592205237778,-10.74362533051692,-17.49424869912978,6.75062336861286,
1644503400,204.77,,,181.31575770817386,,1,0,0,215.99654258744695,234.0838907832185,15.233192762006508,-9.597899611480017,-16.097505358057955,6.499605746577938,
1644589800,194.53,260.10449999999986,241.58413429473694,181.31575770817386,,1,0,0,214.69554000638956,232.74308092616025,15.213678993291756,-9.407739579625115,-14.780921007933594,5.373181428308479,
1644849000,195.25,,,181.31575770817386,,1,0,0,213.51702243024474,231.47212903035822,14.848230493770915,-9.094107194785806,-13.602947148217417,4.508839953431611,
1644935400,208.95,,,181.31575770817386,,1,0,0,213.2402331920481,230.70866702932912,14.791928315644421,-7.651869774244631,-12.33373809467726,4.6818683204326295,
1645021800,207.96,,,181.31575770817386,,1,0,0,212.92021905919668,229.93752577409762,14.46296915024125,-6.51368524505429,-10.962574125408416,4.448888880354126,
1645108200,191.92,,,181.31575770817386,,1,0,0,211.64747851015446,228.64879608684006,14.78918563950973,-6.82725935756838,-9.785706922985153,2.9584475654167726,
1645194600,189.16,258.0049999999999,236.8183039043063,181.31575770817386,,1,0,0,210.28460102469055,227.31019282965906,14.60250095097332,-7.21530449577665,-8.899099839976278,1.6837953441996287,
1645540200,176.76,,,,208.4048577072264,1,0,0,208.25280702319415,225.59662697102655,14.702322311618085,-8.42627656137256,-8.386418572269374,-0.0398579891031865,-8.386418572269374
1645626600,172.74,,,,205.92516193650377,1,0,0,206.10051568845512,223.80487690421208,14.478277860788221,-9.599701666197006,-8.259315942900495,-1.340385723296512,
1645713000,179.56,,,,200.40721074285338,1,0,0,204.4919995861245,222.30505056847608,15.378400870731921,-9.86560792591763,-8.289061311171341,-1.576546614746288,
1645799400,176.83,254.43949999999987,231.36482173118756,,200.40721074285338,1,0,0,202.815514762723,220.76352343056163,15.11476509425107,-10.179288238508803,-8.374788939936195,-1.8044992985726083,
1646058600,190.77,,,,200.40721074285338,1,0,0,202.0854835649822,219.74679382274599,15.473710444661707,-9.197023090384988,-8.386224039447216,-0.8107990509377725,
1646145000,196.17,,,,200.40721074285338,1,0,0,201.72696940952875,218.94758047282238,15.529159698614441,-7.891863523161078,-8.412890011549043,0.5210264883879656,-8.412890011549043
1646231400,194.5,,,,200.40721074285338,1,0,0,201.2889712634967,218.11884893137076,14.895648291570552,-6.912586215243067,-8.457212341570019,1.5446261263269516,
1646317800,178.03,,,,200.40721074285338,1,0,0,199.8793366414666,216.75990489979887,15.100951985029797,-7.380416401743275,-8.518674235367229,1.1382578336239533,
1646404200,165.75,248.69649999999987,225.39983793744324,,200.40721074285338,1,0,0,197.81089199652925,215.03075558116163,15.20114827181338,-8.642443853824716,-8.677245275150348,0.03480142132563202,
1646663400,161.14,,,,196.53036481945344,1,0,0,195.5884136937093,213.20395030722395,15.026059109540997,-9.900471699713876,-8.841044734966049,-1.0594269647478267,-8.841044734966049
1646749800,161.99,,,,191.73687333750811,1,0,0,193.55214619712086,211.46788419511466,14.797054887430926,-10.705473895784138,-8.963908316031286,-1.7415655797528515,
1646836200,178.97,,,,191.73687333750811,1,0,0,192.6683797609317,210.36626100205993,15.130122395471574,-9.859644005004043,-8.963245658151997,-0.8963983468520453,
1646922600,172.97,,,,191.73687333750811,1,0,0,191.4745385632995,209.09859113758333,14.825820795795034,-9.563228631828707,-8.894794590743098,-0.6684340410856091,
1647009000,160.07,241.65799999999984,219.46076176131203,,191.73687333750811,1,0,0,189.5712331958268,207.43660499732627,14.89183359609539,-10.251071531684772,-9.011911084220852,-1.2391604474639202,
1647264600,153.19,,,,184.9708703967391,1,0,0,187.3663099718373,205.5977370313152,14.633845482088576,-11.221990367393232,-9.381925178024424,-1.8400651893688078,
1647351000,155.98,,,,180.54978335706514,1,0,0,185.46410936748353,203.915779843813,14.038570804796533,-11.632231730214471,-9.90633023524347,-1.7259014949710014,
1647437400,172.53,,,,180.54978335706514,1,0,0,184.6802239512724,202.85185510334477,14.25617289016821,-10.500856937778536,-10.253045850358498,-0.24781108742003788,
1647523800,177.22,,,,180.54978335706514,1,0,0,184.22808916634682,201.9829786591636,13.916446255156197,-9.120653246408153,-10.306180227312215,1.1855269809040614,-10.306180227312215
1647610200,185.94,234.98399999999984,216.41341978301094,154.1422679326995,,1,1,0,184.33184133808336,201.4391488741072,13.757414379787898,-7.239745474007918,-10.010543980011553,2.7707985060036346,
1647869400,176.81,,,154.1422679326995,,1,0,0,183.8759721660783,200.6042624715951,13.79188478123162,-6.411914649774019,-9.533481841565983,3.1215671917919643,
1647955800,186.08,,,157.0638470254866,,1,0,0,184.0095496105584,200.11191459120204,13.664193011143647,-4.950771814265721,-8.988051598150614,4.037279783884893,
1648042200,183.11,,,160.19107232293794,,1,0,0,183.95503145234272,199.5355785033647,13.241750653204816,-3.9865058113544762,-8.368415729209033,4.381909917854557,
1648128600,190.19,,,160.31446509064415,,1,0,0,184.33290833401892,199.21877923206418,13.188768463690186,-2.6208101588017314,-7.520608909999806,4.899798751198075,
1648215000,186.71,227.46699999999987,213.7131088936463,163.77472858157972,,1,0,0,184.47697449559354,198.79475281741793,13.168477859140888,-1.798560742598852,-6.473561173911542,4.67500043131269,
1648474200,201.41,,,171.90237072342174,,1,0,0,185.50321846555755,198.88340526428513,13.410729440630826,0.03879775434182875,-5.176780120071953,5.215577874413782,
1648560600,204.53,,,174.2581336510796,,1,0,0,186.65635674037225,199.0748152553263,13.36282019487148,1.7267703914966148,-3.818154861263603,5.544925252760217,
1648647000,196.7,,,174.68182028597164,,1,0,0,187.2650623924709,198.99431304328135,13.23511875238066,2.4049623962019666,-2.53753090097359,4.942493297175556,
1648733400,189.86,,,174.68182028597164,,1,0,0,187.42233133838175,198.68467531300064,12.898324555782043,2.363261403920376,-1.4705301367593349,3.8337915406797105,
1648819800,186.96,219.66599999999985,211.281008085133,174.68182028597164,,1,0,0,187.3943112572677,198.28722869222096,12.511658516083328,2.0723189010909664,-0.5278375199965587,2.600156421087525,
1649079000,191.65,,,174.68182028597164,,1,0,0,187.65223178713026,198.06223788909483,12.111540050648804,2.1948873800583613,0.26612461270611715,1.928762767352244,
1649165400,177.17,,,174.68182028597164,,1,0,0,187.01694501215266,197.3540264352272,12.345715761316749,1.110804138450959,0.8324923849067211,0.278311753544238,
1649251800,166.84,,,,193.46890016433662,1,0,0,185.794099859901,196.31965265776188,12.332450349794124,-0.5752531492865103,1.059776497075079,-1.6350296463615892,1.059776497075079
1649338200,166.19,,,,188.21440014790295,1,0,0,184.60597259566458,195.29830849987164,12.075861039094544,-1.941534464188635,1.0438905280095474,-2.9854249921981824,
1649424600,160.94,211.08549999999983,206.70455280466638,,185.13012013311265,1,0,0,183.17167122623036,194.13362007614717,11.645978107730647,-3.408660457753683,0.6608396155544907,-4.069500073308173,
1649683800,153.87,,,,176.34198311980137,1,0,0,181.39581236403458,192.76875159898964,11.471979671464172,-5.083261615586679,-0.09583060745476422,-4.987431008131915,
1649770200,149.85,,,,176.34198311980137,1,0,0,179.48394494803247,191.31387866343067,11.58326683778816,-6.658025923112945,-1.1028293096008654,-5.555196613512079,
1649856600,154.79,,,,173.57391132703913,1,0,0,177.98734222390928,190.07578108161945,11.35302634937472,-7.421866609372984,-2.1900657555223497,-5.231800853850634,
1649943000,147.29,203.29049999999984,201.303229822424,,171.4385651943352,1,0,0,176.12689724064205,188.62541562122559,11.111381610133668,-8.534028211321754,-3.3685487680126522,-5.165479443309102,
1650288600,145.16,,,,165.7347986749017,1,0,0,174.25011558969405,187.152011701862,10.958404352266976,-9.478040540924667,-4.6655407592329885,-4.812499781691678,
1650375000,151.27,,,,165.7347986749017,1,0,0,172.85738131153076,185.93567232213786,10.722089755676478,-9.622232075047464,-5.858100338510591,-3.7641317365368723,
1650461400,147.13,,,,165.7347986749017,1,0,0,171.29814608052888,184.62022580274336,10.678369058842446,-9.955803994088996,-6.900383765710867,-3.0554202283781287,
1650547800,137.32,,,,165.7347986749017,1,0,0,169.23886449989075,183.0168283179046,11.21062841178227,-10.886257161496587,-7.894241843189529,-2.9920153183070584,
1650634200,131.52,196.58399999999983,194.95929983856726,,157.82568149560302,1,0,0,166.95287271201857,181.2711731206875,11.120576382369252,-11.953862837824516,-8.84370877430851,-3.1101540635160063,
1650893400,135.14,,,,154.3726583460427,1,0,0,165.02481982038108,179.70740454032523,10.901963783628592,-12.365304745627583,-9.652824677646388,-2.712480067981195,
1650979800,127.15,,,,152.64089251143844,1,0,0,162.72937619490344,177.92579760675488,10.855752084797981,-13.184123280280971,-10.377946606220613,-2.8061766740603584,
1651066200,122.55,,,,146.9895532602946,1,0,0,160.2942624861214,176.04865192516996,10.703912650169555,-14.042352921046074,-11.113556196406513,-2.928796724639561,
1651152600,122.69,,,,141.04909793426512,1,0,0,158.01521627484132,174.2398840632998,10.87291888944316,-14.543560156163522,-11.781281968055598,-2.762278188107924,
1651239000,112.71,189.43149999999983,187.48209076233388,,141.04909793426512,1,0,0,155.2694455915176,172.15412528149304,11.306996111625791,-15.566630666228036,-12.457791981978195,-3.1088386842498412,
1651498200,121.34,,,,139.36121932675476,1,0,0,153.21311555566805,170.4316125600865,11.248639246509665,-15.502351086748916,-13.111138538833911,-2.3912125479150053,
1651584600,123.56,,,,139.36121932675476,1,0,0,151.4159570371427,168.84274433771068,11.118736443187546,-15.098230606111429,-13.68251927350307,-1.4157113326083586,
1651671000,130.15,,,,139.36121932675476,1,0,0,150.12711115610375,167.53112588558488,11.510969554388437,-14.083854382180505,-14.03780785357906,-0.04604652860144398,
1651757400,114.25,,,,139.36121932675476,1,0,0,147.95274078300656,165.72498602505658,11.981614586217834,-14.39699147873398,-14.309266591457892,-0.08772488727608874,
1651843800,103.74,182.45099999999982,179.86917342030353,,131.1403855002838,1,1,0,145.27318073555162,163.6238000581055,12.125784972916561,-15.31666309023619,-14.637195296414404,-0.6794677938217859,
1652103000,83.51,,,,115.78584695025543,1,0,0,141.5299576606697,160.90807802223753,12.828228903422522,-17.476443833262294,-15.114119802301218,-2.3623240309610765,
1652189400,72.99,,,,107.63576225522988,1,0,0,137.37602083275033,157.92780419097525,13.282641124606627,-19.80862026915726,-15.75481617431357,-4.05380409484369,
1652275800,53.72,,,,85.3486860297069,1,0,0,132.3059589640988,154.39533625229814,13.965309615706156,-22.947292744355224,-16.688564239668203,-6.258728504687021,
1652362200,58.5,,,,81.12931742673621,1,0,0,127.83287054203221,151.14464688781345,14.35850178601286,-24.763548470001993,-17.710443995643086,-7.053104474358907,
1652448600,67.87,172.4369999999998,169.6874303820941,,81.12931742673621,1,0,0,124.19875717584844,148.32177750178587,14.457894515583371,-25.156870779611268,-18.783168405961128,-6.37370237365014,
1652707800,61.7,,,,81.12931742673621,1,0,0,120.4109537106455,145.38544606104736,13.965902050184559,-25.6705350303922,-19.95786889754788,-5.712666132844323,
1652794200,70,,,,81.12931742673621,1,0,0,117.3557443948488,142.83000721152032,13.596909046599945,-25.118328559859975,-21.18392158395671,-3.934406975903265,
1652880600,63.03,,,,81.12931742673621,1,0,0,114.06327503758523,140.1249222212993,13.330701257557093,-24.95545080021381,-22.357083730787803,-2.5983670694260077,
1652967000,67.42,,,,81.12931742673621,1,0,0,111.23640988379218,137.660348586679,12.94707973916016,-24.193247987952986,-23.343370941645226,-0.8498770463077605,
1653053400,66.15,163.1259999999998,160.27493671099464,,81.12931742673621,1,0,0,108.50390019386538,135.23626897357124,12.643002614934433,-23.4216845539828,-24.003953243947503,0.5822686899647032,-24.003953243947503
1653312600,66.1,,,,81.12931742673621,1,0,0,105.93396684878263,132.8926666354841,12.189930999581975,-22.554258107949366,-24.309024114924405,1.7547660069750393,
1653399000,61.36,,,,81.12931742673621,1,0,0,103.23251431249278,130.46783047834904,11.817793071040404,-21.995741569228585,-24.203296206576997,2.2075546373484123,
1653485400,67.17,,,,81.12931742673621,1,0,0,101.04690738446291,128.32214130959144,11.510093565966088,-20.84401788140771,-23.767792807844298,2.9237749264365895,
1653571800,69.87,,,,81.12931742673621,1,0,0,99.15739784601061,126.34071279062225,11.321515454111367,-19.48874698204483,-23.138001274781363,3.649254292736533,
1653658200,75.32,155.2754999999998,152.55176064635876,,81.12931742673621,1,0,0,97.7127070674645,124.61119710280454,11.037121493103413,-17.770073234885373,-22.260172186391717,4.490098951506344,
1654003800,78.1,,,,81.12931742673621,1,0,0,96.52405815428484,123.03454635355693,10.820184243596028,-15.999259635431258,-21.24694230589964,5.247682670468382,
1654090200,68.63,,,,81.12931742673621,1,0,0,94.83350917523728,121.19032444326687,10.783028226196311,-15.18498391351784,-20.161334874044528,4.976350960526688,
1654176600,73.82,,,,81.12931742673621,1,0,0,93.55996316461685,119.58455073332563,10.527097638610863,-13.959953260582637,-19.024302126558936,5.064348865976299,
1654263000,66.69,147.1084999999998,144.74614604214432,,81.12931742673621,1,0,0,91.93148054857946,117.7915151152468,10.361590664424373,-13.409858552321907,-17.911877015263283,4.5020184629413755,
1654522200,70.67,,,,81.12931742673621,1,0,0,90.64290596987767,116.1941756198147,10.151477045536918,-12.508560891407427,-16.795688435647513,4.287127544240086,
1654608600,69.57,,,,81.12931742673621,1,0,0,89.36576015352145,114.61369509032946,9.877085827998567,-11.747617585660663,-15.657007993028856,3.9093904073681927,
1654695000,69.2,,,,81.12931742673621,1,0,0,88.14359287148984,113.07424779913185,9.505858268855812,-11.047076618643558,-14.568458963832837,3.521382345189279,
1654781400,63.76,,,,81.12931742673621,1,0,0,86.66579936412683,111.40257838221213,9.274011249651824,-10.806287238574384,-13.603741214558344,2.7974539759839594,
1654867800,58.71,140.44549999999978,136.9246782201312,,76.21152299306237,1,0,0,84.97150849357368,109.61638928451002,9.039439017533835,-10.897335020701675,-12.8401036352046,1.9427686145029242,
1655127000,52.01,,,,67.55285069375614,1,0,0,82.97384131214497,107.66363032571307,9.301614801995703,-11.378955533528469,-12.326736512770957,0.9477809792424878,
1655213400,51.58,,,,67.55285069375614,1,0,0,81.07118426292406,105.76249031467195,8.957213744710296,-11.660920829520634,-11.935173947882378,0.2742531183617434,
1655299800,55.01,,,,67.55285069375614,1,0,0,79.49171855001957,104.0420669141746,8.760984191516703,-11.47532759043164,-11.659104428976711,0.18377683854507154,
1655386200,51.05,,,,67.55285069375614,1,0,0,77.76797803183656,102.24572566284664,8.487342463551226,-11.515044253932494,-11.448569506933442,-0.06647474699905231,-11.448569506933442
1655472600,51.22,134.12749999999977,129.1333438364829,,65.70858153517341,1,1,0,76.1590096662707,100.51604004715692,8.132532287583281,-11.401374468881237,-11.32554879331942,-0.0758256755618163,
1655818200,57.49,,,,65.70858153517341,1,0,0,75.02755453498158,99.05753021504991,8.23235140989876,-10.682215811432172,-11.20717081840514,0.5249550069729683,-11.20717081840514
1655904600,51.91,,,,65.70858153517341,1,0,0,73.62649062377056,97.45930885182787,8.067540594905992,-10.44216597085034,-11.139958524205895,0.6977925533555549,
1655991000,58.88,,,,65.70858153517341,1,0,0,72.73276391929961,96.15153567040997,8.047716266698421,-9.579082295513011,-11.003602419421298,1.4245201239082874,
1656077400,62.71,127.54099999999976,123.09485803316628,,65.70858153517341,1,0,0,72.1253236817663,95.01792429175201,7.845022247648534,-8.488186740242874,-10.7359192771481,2.2477325369052252,
1656336600,55.96,,,,65.70858153517341,1,0,0,71.14560709499258,93.6939268581333,7.8339492299593525,-8.075226556025605,-10.36883827964778,2.293611723622176,
1656423000,51.18,,,,65.70858153517341,1,0,0,69.93557030135668,92.25277679514572,7.768595713533684,-8.040967419604371,-9.96662123410153,1.9256538144971582,
1656509400,49.75,,,,63.600616071670686,1,0,0,68.71220240430476,90.81200470039502,7.4186960197098495,-8.036565333580853,-9.584536538895886,1.547971205315033,
1656595800,47.02,,,,59.61305446450361,1,0,0,67.39752347071054,89.32752996478841,7.288789161159146,-8.159309393436146,-9.211677109951845,1.0523677165156986,
1656682200,49.04,120.26649999999975,116.36259821196934,,59.61305446450361,1,0,0,66.28494629066748,87.96185098293118,6.99245422107635,-8.001353207927494,-8.833896969845874,0.8325437619183802,
1657027800,55.41,,,,59.61305446450361,1,0,0,65.62585863668762,86.8583984072386,7.197993205285182,-7.278266701242053,-8.455680402046973,1.1774137008049195,
1657114200,51.71,,,,59.61305446450361,1,0,0,64.78247326476716,85.66692727478983,7.032000833479097,-6.92395941878204,-8.064768562928272,1.1408091441462318,
1657200600,57.46,,,,59.61305446450361,1,0,0,64.33868700629642,84.71076024852576,6.954000773944876,-6.10877326393409,-7.6791786705306135,1.5704054065965236,
1657287000,60.29,113.82299999999972,111.26508928360849,45.681118097255265,,1,0,0,64.09331203621785,83.8829378672198,7.113715004377385,-5.17472401709955,-7.31101614573691,2.1362921286373604,
1657546200,53.88,,,45.681118097255265,,1,0,0,63.474323427962226,82.8658891259581,7.1048782183504295,-4.8952868690998415,-6.957689513856269,2.0624026447564274,
1657632600,54.24,,,45.681118097255265,,1,0,0,62.91466746263118,81.89552000304427,6.846672631325398,-4.591849936973581,-6.5744542380084035,1.9826043010348222,
1657719000,53.1,,,45.681118097255265,,1,0,0,62.319839131562624,80.91940068090717,6.666903157659298,-4.392725845570112,-6.169583183784988,1.7768573382148762,
1657805400,53.42,,,45.681118097255265,,1,0,0,61.78045494177095,79.98721760697812,6.502838646397919,-4.1611303227261445,-5.725341064817211,1.564210742091067,
1657891800,53.79,107.67099999999974,106.0400811669168,45.681118097255265,,1,0,0,61.296184945299984,79.0991763321653,6.3683501716552104,-3.9027448809227394,-5.2699401395944605,1.367195258671721,
1658151000,58.67,,,47.528696537723434,,1,0,0,61.13702222134241,78.40666188022749,6.598468016536982,-3.2665426700406073,-4.824193025016523,1.557650354975916,
1658237400,65.83,,,48.9843268839511,,1,0,0,61.42144511701863,77.98033435886384,6.712863158212912,-2.1596999957592686,-4.294830866902882,2.1351308711436134,
1658323800,75.27,,,58.78489419555599,,1,0,0,62.260751473562955,77.8884586178854,7.174087218340561,-0.514855165530193,-3.6732844115246714,3.1584292459944785,
1658410200,73.98,,,59.365904776000384,,1,0,0,62.971008960013684,77.75596849524523,7.114509559887664,0.6768022389573147,-3.0231148275183535,3.699917066475668,
1658496600,70.82,102.92450000000001,102.838255606288,59.365904776000384,,1,0,0,63.44670538667952,77.52085091913521,7.140751734181402,1.3506443394651058,-2.329122471011137,3.679766810476243,
1658755800,67.07,,,59.365904776000384,,1,0,0,63.66629899960803,77.16658478628317,6.953555181739873,1.5640460496696136,-1.645134028050782,3.2091800777203954,
1658842200,52.93,,,,72.94097321829572,1,0,0,63.015614211753,76.34500564098543,7.488301240187023,0.5854400271840348,-1.0920044866336545,1.6774445138176892,
1658928600,58.83,,,,72.06387589646614,1,0,0,62.761940623161905,75.75127663620627,7.5019940087450925,0.28270949643682997,-0.5982445067266574,0.8809540031634874,
1659015000,62.25,,,,72.06387589646614,1,0,0,62.73091391872785,75.2936062417586,7.491851579549015,0.3151262088549771,-0.12959216341802224,0.4447183722729994,
1659101400,62.96,98.06900000000003,99.21295964208,,72.06387589646614,1,1,0,62.74479792365344,74.87551789458034,7.275283609581227,0.39357091278537837,0.27708712356264287,0.1164837892227355,
1659360600,62.7,,,,72.06387589646614,1,0,0,62.74208289797747,74.46278847442508,7.05562049461114,0.429804559308792,0.5648098519035385,-0.13500529259474647,0.5648098519035385
1659447000,67.23,,,,72.06387589646614,1,0,0,63.01407787385762,74.21760920410559,7.179504744996059,0.8146622076184897,0.7125340044756143,0.1021282031428754,0.7125340044756143
1659533400,80.81,,,59.072583151895714,,1,0,0,64.09261860877534,74.44108007854268,7.739540120353483,2.1902097986575058,0.8806903999978578,1.3095193986596478,
1659619800,88.9,,,80.17282483670613,,1,0,0,65.59609626884956,74.93121295723616,9.721715826042518,3.8883144947859876,1.1626537505890668,2.7256607441969205,
1659706200,93.05,93.4245,98.65269058370909,80.17282483670613,,1,0,0,67.25996922225262,75.5454091281773,9.909450409896623,5.5054812567694285,1.6005909958223796,3.904890260947049,
1659965400,98.02,,,80.17282483670613,,1,0,0,69.12421351181307,76.30725966620518,9.951632523475435,7.106218961949963,2.3251219885741494,4.7810969733758135,
1660051800,87.68,,,80.17282483670613,,1,0,0,70.24880663230924,76.69277628768975,10.127944486084333,7.454532332539273,3.121991192585532,4.332541139953741,
1660138200,94.14,,,80.17282483670613,,1,0,0,71.69675774550262,77.28420759997145,9.927377022792594,8.157803123370897,3.9933997386428564,4.164403384728041,
1660224600,84,,,80.17282483670613,,1,0,0,72.44240879122974,77.51186157963343,10.388992949735979,7.806943450964113,4.817107798440493,2.9898356525236194,
1660311000,90.49,88.61350000000002,97.9106278033719,80.17282483670613,,1,0,0,73.53620219782188,77.95179847523907,10.303357739040552,7.960806175420743,5.653885755786266,2.3069204196344764,
1660570200,91.97,,,80.17282483670613,,1,0,0,74.65340206462055,78.42699174726486,9.930967900537654,8.108695134178262,6.464333858737351,1.644361275440911,
1660656600,90.39,,,80.17282483670613,,1,0,0,75.60713527282536,78.83251745074742,10.025920193356393,8.006115883812456,7.11054564597679,0.8955702378356651,
1660743000,85.44,,,80.17282483670613,,1,0,0,76.2030664684117,79.05649991004411,9.71118303668808,7.439637942542248,7.50513714017193,-0.06549919762968148,7.50513714017193
1660829400,83.47,,,80.17282483670613,,1,0,0,76.64348668244736,79.20611008258498,9.370384248353218,6.753882997757415,7.64384844472615,-0.889965446968735,
1660915800,74.06,82.96850000000002,95.74238891215627,,95.10962613222992,1,0,0,76.486911731996,79.03166567300583,9.376785373470844,5.388988006854689,7.453045005271122,-2.064056998416433,
1661175000,71.47,,,,90.62607851900694,1,0,0,76.1828564755114,78.77533802307343,9.039157846794355,4.051603179146227,7.074941766005227,-3.0233385868590004,
1661261400,71.18,,,,90.62607851900694,1,0,0,75.87965305275313,78.51786893754551,8.808503714880473,2.9344885343131324,6.494573478332142,-3.5600849440190094,
1661347800,71.48,,,,88.8717736003956,1,0,0,75.61300741319234,78.27929710915414,8.437182020960439,2.049746421873394,5.8548849195442845,-3.8051384976708906,
1661434200,71.37,,,,85.99209624035605,1,0,0,75.35585544875643,78.04508364782689,8.115240448034694,1.324438539798109,5.117510737808436,-3.793072198010327,
1661520600,66.74,78.25850000000003,93.10580810196025,,83.81888661632044,1,0,0,74.83368239125603,77.66186047332428,7.9968661303179305,0.3717393325904368,4.257848982076456,-3.886109649486019,
1661779800,66.34,,,,81.9411879546884,1,0,0,74.31891376148295,77.27806859287261,7.707089978152365,-0.41082260277273974,3.3226335946781003,-3.73345619745084,
1661866200,67.03,,,,81.06406915921956,1,0,0,73.87716141230216,76.93067643718202,7.500869265427197,-0.964216454094057,2.3888719950518444,-3.3530884491459014,
1661952600,66.8,,,,81.06406915921956,1,0,0,73.4482425388293,76.58726367659958,7.230942889325254,-1.4051464919772059,1.4823131628591086,-2.8874596548363147,
1662039000,65.53,,,,76.95743801896784,1,0,0,72.96834905162753,76.21244117908773,7.063732682944879,-1.8359019747406222,0.6795476093485185,-2.515449584089141,
1662125400,65.26,74.15700000000004,90.57437100178204,,76.95743801896784,1,0,0,72.50117638183193,75.84117198657628,6.867751777020246,-2.174004965797522,-0.012186628978564644,-2.1618183368189574,
1662471000,62.78,,,,76.90962479536395,1,0,0,71.91201417687242,75.39842039381098,6.682912364375942,-2.6119602440808762,-0.6284587154667878,-1.9835015286140885,
1662557400,68.25,,,,76.90962479536395,1,0,0,71.69007392372863,75.15610105842755,6.701275766920517,-2.4889683938005334,-1.1327603616527797,-1.3562080321477537,
1662643800,73.08,,,,76.90962479536395,1,0,0,71.77431186774508,75.0857247513622,6.781898926426194,-1.9789438000617992,-1.4998028438594362,-0.47914095620236297,
1662730200,80.87,71.62450000000004,89.6921554561655,65.09766352417968,,1,0,0,72.32556569394235,75.28180187843468,6.866049003110038,-0.9353753143683434,-1.645037804632634,0.7096624902642905,-1.645037804632634
1662989400,82.55,,,70.09639717176171,,1,0,0,72.94522837915797,75.52818147577588,6.659902645745035,0.026911964330153637,-1.5964006305100904,1.623312594840244,
1663075800,75.25,,,70.09639717176171,,1,0,0,73.08491150769385,75.5187515952411,6.76990959962039,0.19819787254884602,-1.4672434831053234,1.6654413556541694,
1663162200,78.7,,,70.09639717176171,,1,0,0,73.42521990116694,75.62659052421597,6.649916056790362,0.6053512436882897,-1.2438548458091572,1.849206089497447,
1663248600,77.23,,,70.09639717176171,,1,0,0,73.65581263442955,75.68094338780188,6.5588506241624795,0.800182503199963,-0.9509565704824254,1.7511390736823884,
1663335000,74,69.68900000000005,88.26559586924135,70.09639717176171,,1,0,0,73.67667247476716,75.62396225601198,6.349775579579445,0.6860453703022671,-0.6331731998046711,1.3192185701069383,
1663594200,69.93,,,,81.88994753404644,1,0,0,73.44960141569037,75.43094658631665,6.396220181038056,0.2641311451510546,-0.3136074898900121,0.5777386350410667,
1663680600,67.94,,,,79.64495278064179,1,0,0,73.1156861783758,75.17701619356015,6.207918739535338,-0.22818491324548518,-0.06240932538389564,-0.16577558786158952,-0.06240932538389564
1663767000,67.64,,,,79.64495278064179,1,0,0,72.78382640998939,74.92152411920218,6.108060258139957,-0.635233848875302,0.08689178030349293,-0.722125629178795,
1663853400,62.94,,,,77.28934375231987,1,0,0,72.18723086999003,74.51537075922921,6.1481988111299595,-1.321836475378717,0.04395165130234031,-1.3657881266810574,
1663939800,61.88,67.59600000000003,85.86690533567396,,72.51531937708786,1,1,0,71.56255021120276,74.08705310637399,5.974420324620676,-1.9292677471363504,-0.1734016499717157,-1.7558660971646347,
1664199000,62.28,,,,72.51531937708786,1,0,0,70.99997141052381,73.68681401802233,5.865533158576342,-2.351280649543199,-0.45667704131527626,-1.8946036082279225,
1664285400,63.05,,,,72.51531937708786,1,0,0,70.51815496140115,73.32624405130971,5.851266504392318,-2.5936978163913693,-0.8121269368796828,-1.7815708795116865,
1664371800,67.31,,,,72.51531937708786,1,0,0,70.32372132737684,73.12230357499413,5.78903318265001,-2.4142389264132618,-1.1692848735033745,-1.2449540529098873,
1664458200,61.94,,,,72.51531937708786,1,0,0,69.81561700450553,72.74324243685874,5.879102241032151,-2.674500606043935,-1.5426788708751746,-1.1318217351687605,
1664544600,64.49,67.42700000000005,83.92355030515814,,72.51531937708786,1,0,0,69.4928523375658,72.46347150679573,5.924616366672711,-2.6445118865973853,-1.8658614299583347,-0.7786504566390506,
1664803800,65.95,,,,72.51531937708786,1,0,0,69.27813401407695,72.24267586249756,5.92571519762466,-2.4744123270697713,-2.115442253716589,-0.35897007335318243,
1664890200,74.5,,,59.802780199743935,,1,0,0,69.59461074049653,72.31919532478578,6.122449826365755,-1.6308937282709906,-2.2260711292049984,0.5951774009340078,-2.2260711292049984
1664976600,72.97,,,59.802780199743935,,1,0,0,69.79917978652705,72.34125650021677,6.057989124482487,-1.073482931738937,-2.198476291022801,1.124993359283864,
1665063000,73.91,,,62.119671961792605,,1,0,0,70.0483204055254,72.39443424597214,5.977911329876595,-0.5495458924988554,-2.0451738627297456,1.4956279702308901,
1665149400,67,67.46950000000004,82.38504573196195,62.119671961792605,,1,0,0,69.86357371428144,72.21157206814257,6.151631949171124,-0.68401635015978,-1.859922273909366,1.175905923749586,
1665408600,67.04,,,62.119671961792605,,1,0,0,69.69244803462803,72.03626454040892,5.9857939528017585,-0.778384756017644,-1.6582208227567297,0.8798360667390857,
1665495000,70.16,,,62.119671961792605,,1,0,0,69.72078451737785,71.97266235259845,6.105737241887347,-0.5945607462935527,-1.4560343582989843,0.8614736120054316,
1665581400,69.95,,,62.119671961792605,,1,0,0,69.7346763648095,71.90409752708663,5.957470296038251,-0.4605156019650565,-1.2100360245124422,0.7495204225473857,
1665667800,69.26,,,62.119671961792605,,1,0,0,69.7059081002756,71.81446710243964,6.166936703464089,-0.40528917148587595,-0.9612335006111634,0.5559443291252875,
1665754200,63.59,66.88300000000004,80.6764052108745,62.119671961792605,,1,0,0,69.3352470032892,71.53567160744169,6.470012653216655,-0.8097096128883834,-0.776266532368787,-0.033443080519596435,-0.776266532368787
1666013400,69.17,,,62.119671961792605,,1,0,0,69.32523203339288,71.45547934956231,6.533583177986893,-0.6722075699656926,-0.6697458481126427,-0.0024617218530499363,
1666099800,66.21,,,62.119671961792605,,1,0,0,69.13643009197513,71.27766649025511,6.681184379559258,-0.7929429201548572,-0.6385747357144117,-0.15436818444044553,
1666186200,63.19,,,62.119671961792605,,1,0,0,68.77604038943119,71.00350830414477,6.513828352447882,-1.1194114375947493,-0.7018931296139554,-0.4175183079807938,
1666272600,63.59,,,62.119671961792605,,1,0,0,68.46173491128384,70.75220293790258,6.3864120415587475,-1.3305259576676605,-0.7737275304481643,-0.5567984272194961,
1666359000,66.38,66.86750000000004,79.37673200988591,62.119671961792605,,1,0,0,68.33556915908483,70.60399266882114,6.2823826100188365,-1.2582022801445305,-0.827040588684485,-0.43116169146004546,
1666618200,66.39,,,62.119671961792605,,1,0,0,68.21765587671605,70.46114545970856,6.152926709303206,-1.186402221912516,-0.8928007526421476,-0.29360146927036845,
1666704600,75.05,,,62.119671961792605,,1,0,0,68.63173733873326,70.61669985090488,6.357003372924406,-0.4258021509681953,-0.8889437025313853,0.46314155156319003,-0.8889437025313853
1666791000,73.81,,,63.17601918744874,,1,0,0,68.9455714394161,70.72494731358607,6.273638846286949,0.07604465277414363,-0.8354621665024943,0.9115068192766379,
1666877400,72.47,,,63.17601918744874,,1,0,0,69.15917317036057,70.78410164193909,6.121236071552167,0.36146827789679037,-0.705331289748586,1.0667995676453765,
1666963800,72.07,67.53550000000004,78.71248364535083,63.17601918744874,,1,0,0,69.33558691761145,70.82769141678861,5.996147780727013,0.5490626476892118,-0.5696345988980411,1.118697246587253,
1667223000,66.25,,,63.17601918744874,,1,0,0,69.14858164987743,70.67251543655848,6.1753515106750845,0.22550766507428932,-0.4564734227614693,0.6819810878357586,
1667309400,63.29,,,63.17601918744874,,1,0,0,68.7935160953394,70.42226067599718,6.204254974198292,-0.2666850724738765,-0.3617260488591501,0.09504097638527359,
1667395800,60.71,,,,75.64696930450339,1,0,0,68.30360602895519,70.09303150053965,6.165379618898414,-0.8550789828324099,-0.30889860721078893,-0.546180375621621,-0.30889860721078893
1667482200,55.8,,,,71.08127237405306,1,0,0,67.54581172417002,69.60852195814847,6.162852503262814,-1.698007784591013,-0.35776588548262034,-1.3402418991083929,
1667568600,58.82,67.91550000000005,76.90407604122802,,71.08127237405306,1,1,0,67.0169746499779,69.24280934939767,6.267648753029756,-2.098159890987745,-0.45907229315764575,-1.6390875978300992,
1667831400,56.97,,,,70.26808062298298,1,0,0,66.40806709543378,68.82678191382487,6.303530984956203,-2.535337069606399,-0.6934650618952239,-1.8418720077111752,
1667917800,50.83,,,,66.61870256068468,1,0,0,65.46394181692264,68.2167215099664,6.621843057459332,-3.3387626418049976,-1.0728880946262396,-2.265874547178758,
1668004200,45.98,,,,60.59082730461621,1,0,0,64.28309685832127,67.46293434013704,6.592425696212238,-4.317073131227772,-1.5927260289734133,-2.724347102254359,
1668090600,50.92,,,,60.59082730461621,1,0,0,63.47321220024119,66.90215690487815,6.689395289339935,-4.640284219735896,-2.169320125353981,-2.4709640943819156,
1668177000,57.46,67.65300000000006,75.13643276475275,,60.59082730461621,1,0,0,63.10877509719627,66.58208378945855,7.0715813401013685,-4.318922146974614,-2.6742567711371925,-1.644665375837422,
1668436200,53.22,,,,60.59082730461621,1,0,0,62.509455394335895,66.12913179659554,6.913611244379842,-4.356157877466778,-3.1286426383586257,-1.2275152391081523,
1668522600,55.53,,,,60.59082730461621,1,0,0,62.086458097709475,65.76983919332112,6.761210441209854,-4.151414841499481,-3.4949021782105225,-0.6565126632889582,
1668609000,48.83,,,,60.59082730461621,1,0,0,61.28303639481799,65.19560735625939,6.816123981123435,-4.478166994613424,-3.8038087571019017,-0.6743582375115227,
1668695400,48.79,,,,60.59082730461621,1,0,0,60.52588267391993,64.63948507299635,6.671400839614618,-4.686327034863794,-4.09138288419924,-0.5949441506645536,
1668781800,45.26,67.46400000000006,72.4203934225025,,59.70294277357829,1,0,0,59.60067766337933,63.98255337560664,6.529872208213574,-5.077605390788001,-4.3738571421083074,-0.7037482486796938,
1669041000,41.23,,,,55.30009849622046,1,0,0,58.48730325953816,63.211280379823364,6.395595621912603,-5.647779539836449,-4.630414575222913,-1.0173649646135363,
1669127400,43.39,,,,55.044833646598406,1,0,0,57.57231518320251,62.539372570337825,6.1651959346331315,-5.857827325673995,-4.801609485716938,-1.056217839957057,
1669213800,45.57,,,,55.044833646598406,1,0,0,56.8449021417963,61.9641396018518,6.0079890821593365,-5.7817356783880385,-4.928437425567176,-0.8532982528208626,
1669386600,44.28,66.66350000000007,69.86217583863863,,55.044833646598406,1,0,0,56.08339292108137,61.36467724246699,5.712418433433669,-5.759136972641052,-5.0884612950856685,-0.6706756775553835,
1669645800,42.51,,,,53.79115532837025,1,0,0,55.26076304707644,60.72553564102743,5.51003140247412,-5.816996824575568,-5.250776733653312,-0.5662200909222559,
1669732200,43.11,,,,53.401489795533216,1,0,0,54.52435316543544,60.12839883963667,5.2693148737259685,-5.748174807435085,-5.4281945076461575,-0.31998029978892717,
1669818600,45.73,,,,53.322770815979894,1,0,0,53.99136206449996,59.64031752303881,5.205070954174113,-5.419745309020918,-5.532814320358101,0.11306901133718306,-5.532814320358101
1669905000,45.27,,,,53.322770815979894,1,0,0,53.462794666651476,59.15318811547817,5.0297087431616765,-5.13736042782439,-5.582929141798167,0.44556871397377673,
1669991400,47.67,66.35750000000006,67.8447053078533,,53.322770815979894,1,0,0,53.11171620200593,58.763927501394164,4.954015261507272,-4.666120302353335,-5.537208576416537,0.8710882740632027,
1670250600,46,,,,53.322770815979894,1,0,0,52.68070309885405,58.331251992872325,4.901585599971038,-4.37695928892326,-5.396006326315072,1.019047037391812,
1670337000,42.41,,,,53.29450323736441,1,0,0,52.05823624437805,57.791548535486825,4.902900914258821,-4.386910525820802,-5.232571126331384,0.8456606005105813,
1670423400,41.26,,,,50.59905291362797,1,0,0,51.40379768411272,57.23115705970761,4.741979420383191,-4.436451688338018,-5.083095127436938,0.64664343909892,
1670509800,42.81,,,,50.59905291362797,1,0,0,50.88296146083316,56.74230427802261,4.660402318927249,-4.301061411810615,-4.921086731789111,0.6200253199784962,
1670596200,40.24,64.82850000000006,65.33518664350301,,49.481464860038656,1,0,0,50.237933493509935,56.18290413300489,4.517516439003875,-4.3509857089836075,-4.758196607834448,0.40721089885084094,
1670855400,42.6,,,,49.17181837403479,1,0,0,49.77502843329721,55.722466704767434,4.409122407646455,-4.152254195840129,-4.580872095435009,0.4286178995948795,
1670941800,38.69,,,,49.17181837403479,1,0,0,49.10320852824889,55.14509495206345,4.6534708071002795,-4.261142563652619,-4.452138457060753,0.19099589340813417,
1671028200,40.19,,,,48.90907288296818,1,0,0,48.56301407199138,54.63814258080706,4.550365749450259,-4.178235814062376,-4.345569055531641,0.1673332414692652,
1671114600,37.98,,,,46.764165594671354,1,0,0,47.92161927974948,54.07345978145767,4.421768195918098,-4.241961456815744,-4.298440294916353,0.05647883810060872,
1671201000,36.6,63.51050000000006,62.7228969486391,,44.43974903520422,1,1,0,47.235460535522236,53.48113911089978,4.341641896209662,-4.3536329836815995,-4.295848483222835,-0.05778450045876404,-4.295848483222835
1671460200,35.17,,,,43.3007741316838,1,0,0,46.50422050306634,52.86042253086928,4.186524617908972,-4.50558494366274,-4.3090345296497174,-0.1965504140130223,
1671546600,34.97,,,,43.04079671851542,1,0,0,45.80517683621384,52.253967529822866,4.066630002344046,-4.589244343150391,-4.326011491295536,-0.26323285185485457,
1671633000,35.15,,,,42.402007046663876,1,0,0,45.15940854310997,51.674172020337345,3.869277859319471,-4.588131401516492,-4.357908156818412,-0.2302232446980801,
1671719400,34.59,,,,40.88602134199749,1,0,0,44.518838328376034,51.09504754507167,3.764079440796651,-4.579645405632192,-4.383314789779366,-0.19633061585282618,
1671805800,35.49,60.63250000000005,60.24717904421736,,40.88602134199749,1,0,0,43.971636005444154,50.56606288252687,3.6602166235968894,-4.449012270331025,-4.4162879091672425,-0.03272436116378241,
1672151400,32.65,,,,39.983394787017964,1,0,0,43.28547624753845,49.95873871701749,3.6166297219113974,-4.5225160843220635,-4.445329411463848,-0.07718667285821557,
1672237800,32.53,,,,38.82005530831617,1,0,0,42.63362920223309,49.36793401474571,3.4761561703462975,-4.538138547314219,-4.485318604047386,-0.052819943266833036,
1672324200,34.78,,,,38.82005530831617,1,0,0,42.157651674825026,48.87342777695772,3.4278593010358476,-4.319174510657774,-4.493897832252056,0.17472332159428206,-4.493897832252056
1672410600,35.39,57.877500000000055,57.98743549474305,,38.82005530831617,1,0,0,41.74749096725987,48.41636242858627,3.343012208104715,-4.049739159879557,-4.4601318518296065,0.4103926919500491,
1672756200,33.6,,,,38.82005530831617,1,0,0,41.25370363591079,47.91411285473588,3.3584470503829498,-3.935284236507677,-4.396765106590156,0.46148087008247884,
1672842600,37.7,,,,38.82005530831617,1,0,0,41.0383276579768,47.56787174101602,3.4685579753555964,-3.4736995046749257,-4.272815680092881,0.7991161754179554,
1672929000,33.53,,,,38.82005530831617,1,0,0,40.5832774968873,47.09201168199853,3.574375262830197,-3.4051222987697827,-4.141370224232136,0.7362479254623535,
1673015400,33.26,55.83750000000005,55.73948681340278,,38.82005530831617,1,0,0,40.13944249707595,46.623129930066376,3.476205601199468,-3.3341273676615373,-4.002979331124285,0.6688519634627479,
1673274600,38.27,,,,38.82005530831617,1,0,0,40.02614295179862,46.33997298328447,3.6650480582566494,-2.8408506852529527,-3.8242947105600553,0.9834440253071026,
1673361000,43.23,,,33.00220341813345,,1,0,0,40.22031610623507,46.234550170291776,3.7996874826668887,-2.026336467579526,-3.546941419810884,1.5206049522313583,
1673447400,43.79,,,34.83176307632011,,1,0,0,40.43666058464506,46.15168406282426,3.757538376762111,-1.320419784586619,-3.189417112841151,1.8689973282545318,
1673533800,47.55,,,36.800906768688094,,1,0,0,40.86777206436354,46.199084603067504,3.9162856355648175,-0.4523606194544314,-2.7597711249296686,2.307410505475237,
1673620200,49.98,54.99950000000005,55.21589710309343,39.88181609181929,,1,0,0,41.42002830288696,46.32725122669233,4.011550947310188,0.42674397567140687,-2.2623841098684503,2.689128085539857,
1673965800,54.14,,,44.52913448263736,,1,0,0,42.19093567846957,46.59209016816039,4.082154451073746,1.4424898097366992,-1.6648536602857418,3.1073434700224407,
1674052200,50.21,,,44.71898103437362,,1,0,0,42.67693957674415,46.71473117940919,4.314086275997051,1.908359169078608,-1.0668471409797935,2.975206310058401,
1674138600,49.42,,,44.71898103437362,,1,0,0,43.08560990542632,46.80643520722583,4.225937256282975,2.1885889045279256,-0.44532367394671485,2.6339125784746407,
1674225000,55.16,54.49450000000005,55.21081554826676,44.71898103437362,,1,0,0,43.817391123279265,47.08960689511648,4.380513166548477,2.8410926698568417,0.24081188577754947,2.6002807840792923,
1674484200,55.96,,,46.08348377405837,,1,0,0,44.55330681277749,47.39029818680745,4.316190797509299,3.383754107993667,0.9324346405827294,2.4513194674109378,
1674570600,53.555,,,46.299975396652535,,1,0,0,45.09886397563946,47.59927112962754,4.2313771691157775,3.578503051172163,1.555194587110695,2.023308464061468,
1674657000,52.76,,,46.299975396652535,,1,0,0,45.56317524984313,47.77421109133508,4.211635942750364,3.6268846670393913,2.104895081735807,1.5219895853035843,
1674743400,53.02,,,46.299975396652535,,1,0,0,46.015104022579905,47.95203444417118,4.20612623255391,3.644199213179931,2.5600683964729587,1.0841308167069723,
1674829800,61.37,53.51950000000005,55.77074140751523,47.71557966415969,,1,0,0,46.945703778787184,48.40688073419928,4.611402930228631,4.282332271117056,2.9884670959669197,1.2938651751501364,
1675089000,56.16,,,48.85707169774373,,1,0,0,47.504145974012204,48.66969833642981,4.7240527209265855,4.317880025670448,3.307954897737336,1.0099251279331116,
1675175400,58.48,,,48.85707169774373,,1,0,0,48.1693492483145,49.0022509351949,4.710191812288973,4.481595445612044,3.5938700395743846,0.8877254060376591,
1675261800,65.7,,,50.67807057517243,,1,0,0,49.23181293023483,49.56827632722219,5.056963825696903,5.134744615701763,3.9212206741492555,1.2135239415525074,
1675348200,81.46,,,63.27801351765519,,1,0,0,51.18503638900848,50.64935170596043,6.112894981004268,6.845163542516197,4.3661174377780725,2.4790461047381243,
1675434600,74.63,53.55100000000006,57.48521946137748,65.12071216588964,,1,1,0,52.60594327452312,51.46225503796177,6.719831053789677,7.562384484692565,4.830409701855728,2.7319747828368373,
1675693800,74.59,,,65.12071216588964,,1,0,0,53.938310348794445,52.246246392607134,6.629843121376129,8.034937821329969,5.32556912076215,2.7093687005678184,
1675780200,71.42,,,65.12071216588964,,1,0,0,54.99780669129175,52.89620414201028,6.676997184134977,8.060728181130443,5.818218400105601,2.242509781024842,
1675866600,69.44,,,65.12071216588964,,1,0,0,55.873091134243765,53.457010781264174,6.605068813839622,7.831125435320203,6.283432424787853,1.5476930105323499,
1675953000,59.63,,,,79.0261812479598,1,0,0,56.10078258065323,53.666264653085726,6.878992469993934,6.7794295468897445,6.560887677651485,0.21854186923825925,
1676039400,57.09,53.31150000000006,57.44929041943408,,73.5629431231638,1,0,0,56.16073515152273,53.782323478404855,6.799664436422939,5.675571747727524,6.711742313435605,-1.0361705657080806,6.711742313435605
1676298600,56.4,,,,69.29881881084742,1,0,0,56.175236051430446,53.87105827574706,6.558974119535586,4.6910042783243355,6.7350099615147485,-2.044005683190413,
1676385000,59.03,,,,69.29881881084742,1,0,0,56.34825204831345,54.04593765623021,6.52248311099733,4.075961340434951,6.617367375373991,-2.5414060349390404,
1676471400,69.34,,,50.00700826321358,,1,0,0,57.13563071205203,54.56438044754444,6.801591460211806,4.370090533365662,6.342359263246155,-1.9722687298804926,
1676557800,65.59,,,53.71930743689221,,1,0,0,57.64801672950342,54.93813026288191,6.986477784482391,4.251586732575014,5.974492846344204,-1.7229061137691906,
1676644200,65.2,53.34700000000005,58.15390038130371,53.71930743689221,,1,0,0,58.10571268529109,55.28599025397066,6.943872228447936,4.079179632439036,5.5349641586896565,-1.4557845262506204,
1676989800,62.07,,,53.71930743689221,,1,0,0,58.34597252254618,55.51595668603945,6.8064527835587985,3.6479298573189496,5.0446532338217125,-1.396723376502763,
1677076200,61.18,,,53.71930743689221,,1,0,0,58.51773176360398,55.7079581543093,7.043849013304599,3.197487100659977,4.529804529970576,-1.3323174293105993,
1677162600,62.36,,,53.71930743689221,,1,0,0,58.75059650520374,55.93345109823102,6.880466940925699,2.902268563668926,4.099008865168263,-1.1967403014993367,
1677249000,58.44,52.919000000000054,58.17990943754882,53.71930743689221,,1,0,0,58.73177247458533,56.018418857613014,6.786147873716721,2.325191150770884,3.726744354395303,-1.401553203624419,
1677508200,58.96,,,53.71930743689221,,1,0,0,58.74560444582258,56.11813347260918,6.501387311308384,1.888048549203802,3.415304828937466,-1.5272562797336642,
1677594600,64.83,,,53.71930743689221,,1,0,0,59.1143556915303,56.41345098201226,6.647002503357784,1.9923037924295528,3.183787323603533,-1.1914835311739802,
1677681000,64.67,,,53.71930743689221,,1,0,0,59.45106140719513,56.693333999571166,6.436502324546515,2.0385174013109264,2.9247236422641176,-0.8862062409531912,
1677767400,63.7,,,53.71930743689221,,1,0,0,59.708572837062086,56.93084810128062,6.4888950156503356,1.9741147598212763,2.671671200847036,-0.6975564410257595,
1677853800,64.51,52.965000000000046,58.75537221595348,53.71930743689221,,1,0,0,59.999568422694686,57.18776850462704,6.323816800246741,1.965775200137692,2.4368484861468866,-0.4710732860091946,
1678113000,62.77,,,53.71930743689221,,1,0,0,60.1674733667738,57.376996690910865,6.384972743086259,1.7980359416945717,2.231304717744178,-0.43326877604960634,
1678199400,61.89,,,53.71930743689221,,1,0,0,60.27186892030266,57.52997985393083,6.2196175471515245,1.5759264264847772,2.0511313095024892,-0.475204883017712,
1678285800,63.01,,,53.71930743689221,,1,0,0,60.437816258466135,57.71574324871284,6.140566293783558,1.4732944538675952,1.8923564084134523,-0.41906195454585715,
1678372200,58.09,,,53.71930743689221,,1,0,0,60.295524364013644,57.728429918248,6.195525844227589,0.9836164758470929,1.743292555644142,-0.7596760797970492,
1678458600,53.44,52.31800000000004,58.27215655995771,,66.33408756780301,1,0,0,59.88003803892191,57.58305941254468,6.218702569639904,0.2178161628584121,1.5577111793835432,-1.339895016525131,
1678714200,59.17,,,,66.33408756780301,1,0,0,59.8370054305024,57.63685400872961,6.512366671808482,0.07244194427345718,1.3443931962550881,-1.271951251981631,
1678800600,62.65,,,,66.33408756780301,1,0,0,60.00748994986589,57.80679116097606,6.550054766679303,0.2353260528547736,1.1440386019821824,-0.9087125491274088,
1678887000,64.47,,,,66.33408756780301,1,0,0,60.27794510441947,58.03266264704467,6.447193711916496,0.5054452142463504,0.9808530969183017,-0.47540788267195133,
1678973400,67.78,,,53.10465014676444,,1,0,0,60.73261509809102,58.36308086239909,6.3795370182081745,0.9753625604734069,0.8708072480667144,0.10455531240669247,0.8708072480667144
1679059800,74.98,52.463500000000046,59.79105141814337,59.65718513208798,,1,0,0,61.59609297093399,58.926366256894035,6.56814151690759,1.9067751529820853,0.8828893826542159,1.0238857703278694,
1679319000,75.14,,,62.1634666188792,,1,0,0,62.41693582118041,59.47598096005017,6.3982742656999045,2.6275482650275563,0.9997362536034137,1.6278120114241426,
1679405400,83.99,,,66.90661995699128,,1,0,0,63.72439425626038,60.30696465631966,6.649111818149911,3.8682958797067357,1.265847523141096,2.60244835656564,
1679491800,77.14,,,67.26295796129216,,1,0,0,64.53746127103248,60.877576023902044,6.78274668828206,4.249869698846197,1.6287645479187742,2.621105150927423,
1679578200,66.3,,,,81.35083783483707,1,0,0,64.64428180006082,61.06138700614265,7.415050496261912,3.635662637501369,2.008525267323547,1.627137370177822,
1679664600,67.83,52.914000000000044,60.52186492558488,,81.20850405135336,1,1,0,64.83735563036016,61.290831514409,7.256832603671776,3.235065508100135,2.3599278855265116,0.8751376225736234,
1679923800,62.54,,,,79.08965364621801,1,0,0,64.69812195579289,61.333176208835816,7.261344560552364,2.4623462128928963,2.6073745699751916,-0.14502835708229522,2.6073745699751916
1680010200,63.04,,,,76.69918828159622,1,0,0,64.59762971604786,61.391034642434605,6.952677091941481,1.8687644720565402,2.758854487509657,-0.8900900154531168,
1680096600,65.3,,,,76.69918828159622,1,0,0,64.64019761204496,61.52354194269106,6.855343013945661,1.5626959916627357,2.824113757641805,-1.2614177659790693,
1680183000,64.16,,,,76.69918828159622,1,0,0,64.61109472646648,61.61291340226086,6.614782798663829,1.21415007691931,2.747155415857052,-1.533005338937742,
1680269400,67.57,53.41950000000004,61.162604477804436,,76.69918828159622,1,0,0,64.79042231880184,61.81484854116727,6.473634027330699,1.1992591171981672,2.5884566216537865,-1.3891975044556193,
1680528600,63.61,,,,76.69918828159622,1,0,0,64.71888157220779,61.87570113299211,6.413367311092792,0.8580282044001422,2.2539824355086093,-1.3959542311084672,
1680615000,62.54,,,,75.40911818839975,1,0,0,64.58682814358914,61.898219738653395,6.273119646014736,0.4955478230979793,1.8368355604254742,-1.341287737327495,
1680701400,60.78,,,,72.91166136955977,1,0,0,64.35611128640193,61.86031398480074,6.098611099870827,0.06550709332451277,1.4401516110724901,-1.3746445177479774,
1680787800,61.44,54.22850000000004,61.18782225254949,,71.9769952326038,1,0,0,64.17937726904424,61.84606605311258,5.987281735594339,-0.21951635129373415,1.0563091822509492,-1.2758255335446833,
1681133400,66.13,,,,71.9769952326038,1,0,0,64.2975968284961,61.991284153007065,6.026047325909029,-0.06619265290296994,0.7753604193847418,-0.8415530722877117,
1681219800,70.19,,,,71.9769952326038,1,0,0,64.65471217222361,62.269206724091575,6.058293945486956,0.37856172792059795,0.6097823367029704,-0.2312206087823725,
1681306200,67.84,,,,71.9769952326038,1,0,0,64.84775991936158,62.45804717412237,6.039130092237888,0.5352375336607764,0.49562028581386386,0.03961724784691256,0.49562028581386386
1681392600,68.95,,,,71.9769952326038,1,0,0,65.09638053030936,62.67811337160975,5.942763657078038,0.7404366688286075,0.4429854626926747,0.2974512061359328,
1681479000,69.91,55.510000000000005,61.98074750231772,,71.9769952326038,1,0,0,65.38811504362394,62.923262070877215,5.791851967286751,0.9693483938879695,0.41743982676931934,0.5519085671186501,
1681738200,67.72,,,,71.9769952326038,1,0,0,65.52944140461643,63.08586335661019,5.736005398194839,0.9629476269813324,0.42909754038945164,0.5338500865918807,
1681824600,67.26,,,,71.9769952326038,1,0,0,65.63432374373059,63.22735951401324,5.700576441180923,0.9102638622883177,0.47517710029948923,0.43508676198882845,
1681911000,64.44,,,,71.9769952326038,1,0,0,65.5619404865348,63.268465971165334,5.5691066953822865,0.6336567661637247,0.5383048417260683,0.09535192443765639,
1681997400,60.5,,,,71.9769952326038,1,0,0,65.2551562146236,63.17461966705803,5.539884788569266,0.09541865078217882,0.5732976197345031,-0.4778789689523243,0.5732976197345031
1682083800,59.04,56.0785,61.71340682028884,,70.18258158533143,1,0,0,64.87848008040399,63.03446306817471,5.3402501608143185,-0.4438325068618383,0.5313376359612955,-0.9751701428231337,
1682343000,54.75,,,,66.68157342679828,1,0,0,64.26463280280375,62.753633811626415,5.316660863613296,-1.2034870320033164,0.35555444041419393,-1.5590414724175103,
1682429400,55.55,,,,64.43711608411846,1,0,0,63.736473238997455,62.50944283496111,5.113042230498061,-1.7211253405101345,0.10484745439520379,-1.8259727949053384,
1682515800,53.89,,,,64.43711608411846,1,0,0,63.13971728511882,62.21725833208107,5.169967785462484,-2.239490108251829,-0.2262555208359558,-2.013234587415873,
1682602200,54.17,,,,63.90358402813595,1,0,0,62.59609805571768,61.944469914044426,4.953734372215164,-2.597758913653422,-0.6226007772294437,-1.9751581364239783,
1682688600,53.79,56.75600000000001,60.99309710935349,,62.14201062532236,1,0,0,62.062395143249944,61.668047205093764,4.767753345628366,-2.879163146789672,-1.0495019743151108,-1.8296611724745613,
1682947800,50.14,,,,60.51830956279012,1,0,0,61.33982574062873,61.27726594390415,4.8507709637977685,-3.357993663955803,-1.5237528105644575,-1.8342408533913452,
1683034200,51.32,,,,59.16897860651111,1,0,0,60.73256357453002,60.93973150512774,4.781430180669356,-3.6007469903514178,-1.994242116843918,-1.6065048735074998,
1683120600,48.49,,,,58.68508074585999,1,0,0,59.9905900245585,60.517706708343745,4.674899453478687,-3.975659174959361,-2.4465840974818667,-1.5290750774774944,
1683207000,49.22,,,,57.481102671274,1,0,0,59.33782699276708,60.13473359958633,4.542399492515924,-4.165853517031572,-2.860141987500726,-1.3057115295308455,
1683293400,58.24,57.838,60.74281555395772,46.7140525958534,,1,1,0,59.271292023508465,60.07050534197324,4.886513814479072,-3.547847904500898,-3.120626528889346,-0.42722137561155193,
1683552600,58.1,,,47.36114733626806,,1,0,0,59.200304628144316,60.00370855071991,4.836762827730567,-3.034392249048075,-3.2665450742824507,0.23215282523437564,-3.2665450742824507
1683639000,60.21,,,49.27553260264126,,1,0,0,59.26149828704466,60.01070148120398,4.75199405432124,-2.4292131201428973,-3.287625408937014,0.8584122887941166,
1683725400,62.64,,,52.822479342377136,,1,0,0,59.46625596661771,60.099830244553,4.6882801932982945,-1.7335404337340776,-3.19160113339042,1.4580606996563423,
1683811800,60.35,,,52.822479342377136,,1,0,0,59.51981621106512,60.108310575246115,4.591974465205559,-1.3514203468470072,-3.021851933396791,1.6704315865497836,
1683898200,57.34,58.93050000000001,60.43346868541611,52.822479342377136,,1,0,0,59.38770613766724,60.014469538797094,4.575404860548019,-1.2767516708318212,-2.7906028230496815,1.5138511522178604,
1684157400,60.77,,,52.822479342377136,,1,0,0,59.471481523263165,60.04008074087177,4.541447370508875,-0.9300824611808096,-2.493862319808503,1.5637798586276932,
1684243800,57.88,,,52.822479342377136,,1,0,0,59.37502809761085,59.966857664910016,4.476108272615384,-0.8784176107570119,-2.149724368230464,1.271306757473452,
1684330200,61.04,,,52.822479342377136,,1,0,0,59.47593548563444,60.00323537118425,4.442457681714285,-0.5758492224106533,-1.7508350021614731,1.1749857797508199,
1684416600,60.26,,,52.822479342377136,,1,0,0,59.523454547111136,60.01193925690682,4.346567847306122,-0.3944540552172313,-1.4004579077966213,1.00600385257939,
1684503000,56.78,60,60.1013351685601,52.822479342377136,,1,0,0,59.35718457455894,59.90238199396083,4.384670143927113,-0.5254469691800239,-1.1216862100335045,0.5962392408534807,
1684762200,61.07,,,52.822479342377136,,1,0,0,59.46099157004022,59.94196226535199,4.442907990789462,-0.2798665232058042,-0.8828699214849386,0.6030033982791344,
1684848600,59.1,,,52.822479342377136,,1,0,0,59.43911329306809,59.91342117161125,4.452700277161643,-0.24142182595300454,-0.7170789650648194,0.47565713911181484,
1684935000,58.36,,,52.822479342377136,,1,0,0,59.373712487427596,59.86076282681086,4.313221685935811,-0.2675814298039043,-0.5966524187266968,0.3290709889227925,
1685021400,56.87,,,52.822479342377136,,1,0,0,59.22197233667441,59.75938103607151,4.237991565511824,-0.4038878837633959,-0.49966755349687175,0.09577966973347585,
1685107800,56.92,61.18299999999999,59.81212288050918,52.822479342377136,,1,0,0,59.08245886172445,59.663130831458915,4.098135025118122,-0.5020893746574373,-0.452112766105386,-0.04997660855205133,-0.452112766105386
1685453400,61.17,,,53.01856537232737,,1,0,0,59.20897650646842,59.714211142256914,4.266839666181114,-0.23427470940738715,-0.38054133262209433,0.14626662321470718,-0.38054133262209433
1685539800,62.2,,,53.01856537232737,,1,0,0,59.390250657591544,59.79847517133295,4.203351118596749,0.060386634699156616,-0.3098484596098932,0.37023509430904983,
1685626200,63.57,,,55.05691795158517,,1,0,0,59.643568799555695,59.9263234706098,4.309533181554124,0.39984624464359797,-0.22159287073646775,0.6214391153800657,
1685712600,64.55,61.911500000000004,60.24283898228107,55.355621156426665,,1,0,0,59.94092826624929,60.08305826821625,4.231887954300258,0.7394246143192333,-0.08105158368099473,0.8204761980002281,
1685971800,58.705,,,55.355621156426665,,1,0,0,59.86602352284024,60.0363444286157,4.553895957564525,0.530781745953206,0.009020446225561961,0.5217612997276441,
1686058200,51.61,,,,60.12115036329441,1,0,0,59.36565846084992,59.75070563442534,5.105403389167059,-0.20471658961508865,0.013098805818663727,-0.2178153954337524,0.013098805818663727
1686144600,53.26,,,,60.12115036329441,1,0,0,58.995618554131745,59.53068171461431,4.911446004226555,-0.6470048401074564,-0.02905935088173095,-0.6179454892257255,
1686231000,54.9,,,,60.12115036329441,1,0,0,58.74739924782073,59.37370945310196,4.781007003924658,-0.8553274883267505,-0.07921930694432591,-0.7761081813824247,
1686317400,53.28,61.817499999999995,59.60985362025552,,60.12115036329441,1,0,0,58.416041717649776,59.16714303096291,4.792163646501469,-1.1380266857825845,-0.14987900818045338,-0.9881476776021311,
1686576600,50.56,,,,60.12115036329441,1,0,0,57.939917977186155,58.87537547059129,4.677009100322792,-1.5635257528971849,-0.29757356856820866,-1.2659521843289763,
1686663000,52.4,,,,60.12115036329441,1,0,0,57.604165372508206,58.65587121735091,4.495794164585449,-1.7322953837944084,-0.49676045951193815,-1.2355349242824702,
1686749400,53.9,,,,60.12115036329441,1,0,0,57.3796705014471,58.49465524388138,4.405380295686489,-1.725122924995432,-0.732868145027386,-0.9922547799680461,
1686835800,54.25,,,,60.12115036329441,1,0,0,57.189993501359396,58.35076862544472,4.351424560280311,-1.6719237287854654,-1.0007957387056858,-0.6711279900797795,
1686922200,55.59,61.528499999999994,59.24441238205048,,60.12115036329441,1,0,0,57.0930241982467,58.257183248311,4.210608520260289,-1.504295598093485,-1.2269154435997625,-0.27738015449372244,
1687267800,57.09,,,,60.12115036329441,1,0,0,57.09284091350448,58.21761771446995,4.217707911670268,-1.236161927630043,-1.3415204811569796,0.10535855352693657,-1.3415204811569796
1687354200,58.1,,,,60.12115036329441,1,0,0,57.153880858140575,58.21363067330148,4.089293060836678,-0.931428574103073,-1.3731231182676038,0.4416945441645308,
1687440600,57.49,,,,60.12115036329441,1,0,0,57.174251715222965,58.18910081996923,4.095772127919773,-0.7307237692132418,-1.359278260588325,0.6285544913750831,
1687527000,61.47,60.87049999999999,59.446738529136795,50.47974894443678,,1,0,0,57.434600096118544,58.300317741326204,4.241788404496932,-0.24765620106066422,-1.2603482067303338,1.0126920056696695,
1687786200,61.94,,,55.041774049993094,,1,0,0,57.70765463574772,58.42369680094227,4.307374947032865,0.17113071075187491,-1.067608599658216,1.238739310410091,
1687872600,69.89,,,57.23534664499379,,1,0,0,58.44597859721756,58.81238504497812,4.602026736530518,1.1314779412517098,-0.7494115635419808,1.8808895047936907,
1687959000,70.75,,,62.15939698049441,,1,0,0,59.19167686405286,59.217049958707676,4.652646255349766,1.9395963931675126,-0.34222052819054244,2.2818169213580553,
1688045400,72.43,,,63.271772282444964,,1,0,0,59.993999478352684,59.66494657027691,4.565178665681926,2.684651061840384,0.1418433374345519,2.542807724405832,
1688131800,71.55,61.59349999999999,60.547035026488,63.271772282444964,,1,0,0,60.69436314633131,60.06782973738617,4.726237332418931,3.167589607816673,0.6609416936467917,2.506647914169881,
1688391000,79.93,,,66.36299804878044,,1,0,0,61.86015931928093,60.741123644593415,5.052577522960435,4.1783524047175575,1.2625543972409696,2.915798007476588,
1688563800,78.35,,,67.78294824390238,,1,0,0,62.859543602960876,61.33803470748855,4.960964842748977,4.7966041412670535,1.8990024767265392,2.897601664540514,
1688650200,78.1,,,67.78294824390238,,1,0,0,63.783207627023856,61.90623692079403,4.888217353981193,5.206384229546387,2.5586811432553866,2.6477030862910005,
1688736600,78.72,62.269499999999994,62.199122751352725,69.66922807756093,,1,0,0,64.68846777084059,62.47619499127559,4.79404468583968,5.51756368071058,3.1992611301188583,2.318302550591722,
1688995800,81.21,,,69.66922807756093,,1,0,0,65.689772754426,63.11123922885947,4.795898636851132,5.8971195050618945,3.8354821072644163,2.0616373977974782,
1689082200,89.15,,,75.23434374282434,,1,0,0,67.11160470870321,63.9939090855083,5.286191591361766,6.760678974225328,4.460948888705929,2.299730085519399,
1689168600,85.95,,,75.8429093685419,,1,0,0,68.25332563544848,64.73818335379616,5.244320763407354,7.104941476000377,5.034876120131803,2.070065355868574,
1689255000,107,,,81.33161843168772,,1,0,0,70.60160893026978,66.17078730790476,6.7118692803068285,8.972897094473694,5.733570123757726,3.239326970715968,
1689341400,105.31,64.61299999999999,66.11829341032066,91.69795658851895,,1,0,0,72.7051477829807,67.49754028051815,7.176021474570627,10.199325033796384,6.514874059977695,3.6844509738186897,
1689600600,105.55,,,91.69795658851895,,1,0,0,74.69574488704248,68.78745416931415,7.090591369244153,11.06311529926235,7.279847714927115,3.783267584335235,
1689687000,104.59,,,91.69795658851895,,1,0,0,76.50751792419142,70.00109979069333,7.151970557155286,11.537217469650074,8.02880475141412,3.508412718235954,
1689773400,110.15,,,92.6211333530303,,1,0,0,78.54645623181618,71.36207945880543,7.103494088787051,12.220719540812553,8.808175341554804,3.4125441992577485,
1689859800,101.26,,,92.6211333530303,,1,0,0,79.92303464200914,72.37556829071032,7.418244511016547,11.907785613195543,9.5182000007198,2.3895856124757433,
1689946200,100.82,66.42849999999999,69.27299400938242,92.6211333530303,,1,0,0,81.18951739097828,73.33978631475404,7.290062760229651,11.491808483430688,10.139832109427443,1.3519763740032449,
1690205400,98.85,,,92.6211333530303,,1,0,0,82.25984967031293,74.20453932103356,7.13505113449896,10.87778869819121,10.597288745423652,0.280499952767558,
1690291800,97.68,,,92.6211333530303,,1,0,0,83.19440423574851,75.00031764913412,6.979690339177607,10.179422328579761,10.938897729043582,-0.7594754004638204,10.938897729043582
1690378200,99.75,,,92.6211333530303,,1,0,0,84.19777367600618,75.83928993221431,6.769898172093491,9.681392582262177,11.01761944990897,-1.3362268676467934,
1690464600,92.69,,,92.6211333530303,,1,0,0,84.71245405927853,76.41050044298672,7.066691159801098,8.617678193184176,10.841880912063168,-2.224202718878992,
1690551000,94.76,68.49449999999999,71.58999455398401,92.6211333530303,,1,1,0,85.32139623750408,77.03251737712276,6.864070362672448,7.85120477503834,10.485001964927168,-2.6337971898888277,
1690810200,98.61,,,92.6211333530303,,1,0,0,86.12676616250383,77.76395746603386,6.774493908195844,7.46834150127691,10.032904635107927,-2.564563133831017,
1690896600,94.15,,,92.6211333530303,,1,0,0,86.61302275871572,78.31941653498187,6.960601486181855,6.72748461726124,9.422545199157783,-2.695060581896543,
1690983000,90.43,,,,106.10812344433991,1,0,0,86.84435471273295,78.72994478803334,6.989208522883152,5.773622561496708,8.7409715267468,-2.967348965250091,
1691069400,90.75,,,,104.88581609990592,1,0,0,87.08106048771883,79.13740428674407,6.8456936283914995,4.9860255370487465,8.018106754926585,-3.0320812178778382,
1691155800,87.31,69.11099999999999,73.01908595816728,,104.55523448991534,1,0,0,87.09493560967526,79.41444142956631,6.898858369220678,4.037725582999215,7.258099742127475,-3.2203741591282595,
1691415000,85.96,,,,98.39324104092381,1,0,0,87.02615163333131,79.63632477093694,6.778932771419201,3.141049259080077,6.476058289960842,-3.335009030880765,
1691501400,88.04,,,,98.39324104092381,1,0,0,87.08759698888699,79.92119511768483,6.611509002032115,2.5686555664473616,5.685754177092528,-3.117098610645167,
1691587800,84.34,,,,98.39324104092381,1,0,0,86.92107595925748,80.07098511369551,6.483544073315535,1.7957698463909963,4.9277643607821755,-3.131994514391179,
1691674200,83.39,,,,98.26805126883346,1,0,0,86.70707135566612,80.18349409289227,6.4475766395072815,1.0939845119150249,4.17696210932403,-3.0829775974090055,
1691760600,81.01,69.77,73.74553268924298,,94.0682461419501,1,0,0,86.36179430380757,80.21151124228575,6.202035450971048,0.3418280873322459,3.3851272855524,-3.0432991982201543,
1692019800,80.81,,,,91.94992152775508,1,0,0,86.02532192175863,80.23179899678453,5.97903291875883,-0.2673181494472061,2.6079269781403505,-2.8752451275875566,
1692106200,79.18,,,,91.94992152775508,1,0,0,85.61045392650054,80.1961447935037,5.836951995990342,-0.8715516039103477,1.869574293095123,-2.7411258970054706,
1692192600,79,,,,91.36811843748161,1,0,0,85.20982035519748,80.15559751236799,5.780741139133888,-1.3493806453967352,1.1656402728234028,-2.515020918220138,
1692279000,75.56,,,,87.98802659373348,1,0,0,84.62498275791279,79.99981454584704,5.638159629195753,-1.982786525246226,0.4966944830183537,-2.47948100826458,
1692365400,73.19,70.05099999999999,73.69502971749361,,84.03815393436012,1,0,0,83.93195349985747,79.76897337480138,5.471862512824628,-2.645508664441735,-0.1462563973729587,-2.4992522670687762,
1692624600,75.28,,,,84.03815393436012,1,0,0,83.40759268168429,79.61680478582505,5.361622333337154,-2.9678635180628135,-0.7614251845407559,-2.2064383335220574,
1692711000,74.9,,,,84.03815393436012,1,0,0,82.89198100400645,79.45691309816996,5.224363595241643,-3.2169123234005497,-1.31838987007315,-1.8985224533273997,
1692797400,77.78,,,,84.03815393436012,1,0,0,82.58216397346061,79.4000685863676,5.144051909867241,-3.1456324720452074,-1.789458423846509,-1.3561740481986984,
1692883800,73.66,,,,84.03815393436012,1,0,0,82.04142676294785,79.20548999021955,5.109276773448153,-3.382599739820421,-2.203283737974583,-1.1793160018458377,
1692970200,74.26,70.69199999999998,73.74639065226692,,83.23059778670032,1,0,0,81.56982514095101,79.03784626173753,4.971471289630428,-3.4818464625523404,-2.5604535505418204,-0.92139291201052,
1693229400,73.71,,,,82.51953800803028,1,0,0,81.0934721021055,78.85724130371253,4.734937626085397,-3.5637993483103685,-2.8595921888084894,-0.7042071595018791,
1693315800,84.7,,,69.32141579277275,,1,0,0,81.31204955046273,79.05530092053583,5.3317277956507265,-2.7106991950061428,-3.0108498054317567,0.300150610425614,-3.0108498054317567
1693402200,83.83,,,74.39778421349547,,1,0,0,81.46465260801044,79.21715512661936,5.231297238818533,-2.0808264344970553,-3.021743128681849,0.9409166941847937,
1693488600,79.6,,,74.39778421349547,,1,0,0,81.35164335904011,79.23013291893734,5.262633150331494,-1.9010591556424004,-2.939026516593034,1.0379673609506335,
1693575000,77.99,71.09599999999998,74.13217332024266,74.39778421349547,,1,0,0,81.14790739788616,79.18809451490557,5.1153022110221,-1.8669844026292992,-2.816706614878199,0.9497222122488997,
1693920600,77.5,,,74.39778421349547,,1,0,0,80.92682210104458,79.13087097202742,4.964923481663378,-1.858099802375392,-2.6657274458754037,0.8076276435000116,
1694007000,78.04,,,74.39778421349547,,1,0,0,80.75186318582976,79.09389229500954,4.8402860901159945,-1.786887083630873,-2.5147557360515886,0.7278686524207156,
1694093400,81.79,,,74.39778421349547,,1,0,0,80.81478056850675,79.18528577653464,4.966951369393422,-1.4115849583053262,-2.2957540936610226,0.8841691353556964,
1694179800,82.09,72.24849999999999,74.85561210931151,74.39778421349547,,1,0,0,80.89206659465785,79.28375066546567,4.779311985865321,-1.077526769422846,-2.028607461091079,0.9510806916682331,
1694439000,80.62,,,74.39778421349547,,1,0,0,80.87557771013313,79.32904725307701,4.824361129732083,-0.9207857180827688,-1.734939279954679,0.8141535618719102,
1694525400,81.32,,,74.39778421349547,,1,0,0,80.90251239436749,79.39653717670151,4.895478191894077,-0.7316491597042614,-1.5150448315878033,0.783395671883542,
1694611800,79.86,,,74.39778421349547,,1,0,0,80.83932982501189,79.41224778088112,4.797965463901643,-0.6915946007501219,-1.360685738949255,0.6690911381991331,
1694698200,83.45,,,74.39778421349547,,1,0,0,80.99755225985965,79.54912073746142,4.758110787908668,-0.3659496374584137,-1.19011801470659,0.8241683772481763,
1694784600,82.15,73.66649999999998,75.51873828119228,74.39778421349547,,1,0,0,81.06739757744391,79.63728613619155,4.668245731629478,-0.21034803217335707,-1.006047306878152,0.7956992747047948,
1695043800,81.61,,,74.39778421349547,,1,0,0,81.10028257275034,79.70415779259183,4.558292465084515,-0.1291177370677019,-0.8139381885106308,0.6848204514429289,
1695130200,78.13,,,74.39778421349547,,1,0,0,80.92026544712911,79.65079651148702,4.563414431864193,-0.3416111783716218,-0.6533519768151584,0.31174079844353664,
1695216600,76.67,,,74.39778421349547,,1,0,0,80.66267360184855,79.54975256194508,4.525313401016751,-0.620668875366178,-0.565472412044142,-0.05519646332203598,-0.565472412044142
1695303000,74.42,,,74.39778421349547,,1,0,0,80.28432974719107,79.37586264459101,4.474212443801269,-1.0117178530642974,-0.5581603102265255,-0.45355754283777194,
1695389400,70.96,74.30249999999998,75.10430752835663,,82.12614130869986,1,0,0,79.7192188534219,79.09057916511335,4.521768697815465,-1.5825771050720618,-0.6316926865586692,-0.9508844185133927,
1695648600,71.75,,,,79.41252717782989,1,0,0,79.23623589260846,78.84174597307562,4.393785219400074,-1.9487764950488327,-0.7669290571525104,-1.1818474378963222,
1695735000,70.52,,,,79.41252717782989,1,0,0,78.70797917184431,78.55965288924254,4.321371989442927,-2.3115962279930358,-0.9469292379572786,-1.364666990035757,
1695821400,71.52,,,,79.41252717782989,1,0,0,78.27234407052042,78.32102058791229,4.264845418768432,-2.4897416457927193,-1.1829061277722015,-1.3068355180205178,
1695907800,75.16,,,,79.41252717782989,1,0,0,78.08371715715555,78.21386734764407,4.361642174570686,-2.3105707720369963,-1.4162642099792724,-0.894306562057724,
1695994200,75.08,75.18949999999998,75.10209775305148,,79.41252717782989,1,0,0,77.90167369308551,78.1076345561985,4.259374876387065,-2.1502452068775284,-1.640833928847031,-0.5094112780304973,
1696253400,75.31,,,,79.41252717782989,1,0,0,77.74460256017124,78.01279948649686,4.351519528073703,-1.981782211873636,-1.8230751547916992,-0.15870705708193666,
1696339800,72.48,,,,79.41252717782989,1,0,0,77.42553573834269,77.82524696153087,4.319268133211296,-2.0529661079603585,-1.9822192917466082,-0.07074681621375034,
1696426200,73.47,,,,79.41252717782989,1,0,0,77.18580629965525,77.67761147130948,4.275034695124775,-2.0063669825814543,-2.092735861692959,0.0863688791115047,-2.092735861692959
1696512600,74.62,,,,79.41252717782989,1,0,0,77.03030288755494,77.57396362482442,4.211103645473006,-1.8552552235799595,-2.1230334304160587,0.2677782068360992,
1696599000,78.46,76.27349999999998,75.40736159368316,,79.41252717782989,1,0,0,77.1169511974001,77.6039987561863,4.384003385082077,-1.4093955238086409,-2.0631022113893707,0.6537066875807298,
1696858200,79.1,,,,79.41252717782989,1,0,0,77.23713597331525,77.65471066275626,4.3251460004333575,-0.9929596277050905,-1.916587033579599,0.9236274058745084,
1696944600,79.62,,,71.54320638939784,,1,0,0,77.3815519749325,77.72133064028995,4.308857000402403,-0.6138949270233383,-1.7081596203830012,1.094264693359663,
1697031000,77.35,,,71.54320638939784,,1,0,0,77.3796397340275,77.7087431609581,4.350360071802233,-0.49099358116698966,-1.5059843769530004,1.0149907957860107,
1697117400,75.19,,,71.54320638939784,,1,0,0,77.24693429560159,77.62336203685781,4.246762923816358,-0.5614156767933167,-1.329447762499199,0.7680320857058822,
1697203800,73.43,77.09899999999999,75.22760144880287,71.54320638939784,,1,0,0,77.01560494435302,77.48121417120161,4.164137000686618,-0.7505906442863761,-1.192648699433948,0.4420580551475719,
1697463000,75.21,,,71.54320638939784,,1,0,0,76.90617434166495,77.40422386031342,4.291341500637573,-0.7482566086266758,-1.047680977285761,0.29942436865908517,
1697549400,77.46,,,71.54320638939784,,1,0,0,76.93973953307919,77.40611457691297,4.31481710773489,-0.5584136278833114,-0.8867972712081895,0.3283836433248781,
1697635800,73.93,,,71.54320638939784,,1,0,0,76.75733107652894,77.28828018447524,4.335187314325255,-0.6849080033364174,-0.7567586911811293,0.07185068784471182,
1697722200,73.1,,,71.54320638939784,,1,0,0,76.5356746476484,77.1463045850015,4.271602506159166,-0.8424188900494016,-0.6937612874301027,-0.14865760261929895,-0.6937612874301027
1697808600,74.66,77.60449999999999,75.17600131709352,71.54320638939784,,1,0,0,76.42199739627577,77.06202307364552,4.227916612862083,-0.831780195707168,-0.6758524616525557,-0.15592773405461224,
1698067800,77.21,,,71.54320638939784,,1,0,0,76.46975512983481,77.06703924064058,4.519493997657649,-0.6105472563141632,-0.6754804982404252,0.06493324192626204,-0.6754804982404252
1698154200,82.07,,,74.45414704607924,,1,0,0,76.80916390984483,77.23663113078835,5.067387283539246,-0.04256649460950257,-0.6256552664007045,0.5830887717912019,
1698240600,77.79,,,74.45414704607924,,1,0,0,76.86860852136938,77.2553893975413,5.183288191857871,0.061493264499389966,-0.5564431618126259,0.6179364263120158,
1698327000,74.61,,,74.45414704607924,,1,0,0,76.73172315643791,77.16571518067549,5.242339035296594,-0.11135442582271082,-0.4854169153166631,0.37406248949395227,
1698413400,70.78,78.47949999999999,74.77636483372139,,84.63488375340825,1,0,0,76.37101266210834,76.94925025929666,5.302171961346837,-0.5510344746411846,-0.46350334487383077,-0.08753112976735383,-0.46350334487383077
1698672600,73.6,,,,83.6973953780674,1,0,0,76.20307250076844,76.83571635220186,5.159159678393491,-0.6642762852580404,-0.47526586235991175,-0.18901042289812864,
1698759000,77.12,,,,83.6973953780674,1,0,0,76.25864386435823,76.84535308602553,5.06993398707967,-0.4646306806386775,-0.4507906042823851,-0.013840076356292419,
1698845400,77.81,,,,83.6973953780674,1,0,0,76.35266544833652,76.87805298141448,4.9606529880025505,-0.24787551256778784,-0.3847302290066502,0.13685471643886238,-0.3847302290066502
1698931800,84.6,,,72.32339876938886,,1,0,0,76.8525039060131,77.13981389729874,5.105606346002368,0.4664241263774045,-0.24048530433058662,0.7069094307079911,
1699018200,85.8,79.98999999999998,75.77851348520126,74.50355889244996,,1,0,0,77.39477639655776,77.43337952789878,5.1902058927164845,1.116471716703387,-0.04859430732863659,1.1650660240320236,
1699281000,86.37,,,76.02170300320498,,1,0,0,77.93872934222092,77.73631581508864,5.189476900379591,1.6585150228937948,0.14041475017172977,1.518100272722065,
1699367400,89.07,,,76.26453270288448,,1,0,0,78.61335180632875,78.12050849932292,5.189514264638191,2.2796769861723902,0.38687960813539646,1.8927973780369938,
1699453800,88.32,,,76.46057943259603,,1,0,0,79.2016335150361,78.46625397392215,5.137406102878321,2.680534057274727,0.6970894395906674,1.9834446176840594,
1699540200,92.86,,,83.88082148933643,,1,0,0,80.0294133020036,78.95417756802648,5.59187709552987,3.3262137106195837,1.1278947935085304,2.1983189171110533,
1699626600,92.92,81.56249999999997,77.33683044109205,83.88082148933643,,1,0,0,80.81066098067005,79.4275952775849,5.508064445849165,3.798968838332854,1.6238109183519631,2.175157919980891,
1699885800,92.64,,,83.88082148933643,,1,0,0,81.5275906182052,79.87547340376847,5.446609842574224,4.103731757899297,2.1314067448561826,1.9723250130431143,
1699972200,92.09,,,83.88082148933643,,1,0,0,82.16773664134428,80.28952515279326,5.45256628239035,4.251865307327137,2.6313779470667296,1.620487360260407,
1700058600,98.15,,,84.92024204915363,,1,0,0,83.13635866308098,80.8949649781223,5.638811547933897,4.802888853946357,3.1132073612410576,1.689681492705299,
1700145000,96.92,,,84.92024204915363,,1,0,0,83.9717308653185,81.43818650428764,5.500325008795762,5.081749024614453,3.5537937287867316,1.5279552958277214,
1700231400,99.05,82.93749999999997,79.31075494644732,86.12429605981444,,1,0,0,84.8855653583295,82.03519713126094,5.4310160795960645,5.412232075427184,3.970873401290442,1.4413586741367421,
1700490600,106.1,,,91.816366453833,,1,0,0,86.1712886699459,82.85095316070972,5.572372073910631,6.171872846571887,4.403339608001497,1.7685332385703898,
1700577000,105.49,,,92.47092980844971,,1,0,0,87.34211965964614,83.61837847729583,5.5143454972027275,6.648037292949397,4.844173300854238,1.8038639920951587,
1700663400,109.25,,,95.24310682760472,,1,0,0,88.66986998330395,84.4872470034892,5.59403510454539,7.245282516829789,5.27962539043315,1.9656571263966391,
1700836200,115.54,84.77849999999998,82.60432267858847,100.37929614484426,,1,0,0,90.29836271158857,85.53988269828618,5.834461168506434,8.132408746173923,5.761118713526602,2.3712900326473205,
1701095400,119.77,,,104.09332653035983,,1,0,0,92.08452254724986,86.70022565766631,6.080371085041689,9.072209538438713,6.313171800253204,2.7590377381855093,
1701181800,128.27,,,111.11308387732385,,1,0,0,94.27758178681047,88.10937055062678,6.328880293252995,10.383196375245149,6.994430807799649,3.3887655674454997,
1701268200,127.82,,,115.80555048959145,,1,0,0,96.31045561791287,89.45549358280893,6.242531700877781,11.256098354221763,7.711454085608027,3.5446442686137356,
1701354600,124.72,,,115.80555048959145,,1,0,0,98.0322461865242,90.65090058000185,6.469493722243653,11.564427843685237,8.431751732171449,3.1326761115137884,
1701441000,133.76,86.20099999999998,87.25483879871679,115.91329589656911,,1,0,0,100.19756459946213,92.11222598406958,6.69381559922625,12.395347781655929,9.207653477307977,3.1876943043479518,
1701700200,141.09,,,126.66946630691217,,1,0,0,102.67589401767654,93.77248951003332,7.111400199281519,13.489825251215251,10.020759300046128,3.4690659511691226,
1701786600,140.2,,,128.02885967622097,,1,0,0,104.95008225902947,95.34630342494745,7.223714470761412,14.122594490884623,10.851265655372263,3.27132883551236,
1701873000,134.63,,,128.02885967622097,,1,0,0,106.74886515242163,96.67795415630516,7.373806294278453,14.013082134604105,11.603243390680522,2.409838743923583,
1701959400,136.19,,,128.02885967622097,,1,0,0,108.53317635530517,98.01734554083718,7.440677273258564,13.892033056212199,12.243201647351441,1.648831408860758,
1702045800,146.62,88.49099999999997,92.65167163519708,128.02885967622097,,1,0,0,110.84146869740789,99.66489314962236,7.687057468025811,14.47090305968051,12.843056483044974,1.6278465766355357,
1702305000,138.02,,,128.02885967622097,,1,0,0,112.4886524127165,100.96506626319449,7.897624791738252,14.073483226959908,13.253088355457724,0.8203948715021845,
1702391400,139.62,,,128.02885967622097,,1,0,0,114.1329765089155,102.27540300003535,7.744937306614091,13.729368164549612,13.527896112160818,0.2014720523887945,
1702477800,150.46,,,128.02885967622097,,1,0,0,116.33461429625396,103.90877916952569,8.156013213284513,14.168031655088015,13.817185424538904,0.3508462305491111,
1702564200,153.63,,,135.0683237247815,,1,0,0,118.59494070254159,105.59424428242312,7.976297983764192,14.603132319696869,14.062494817654564,0.5406375020423049,
1702650600,147.9,91.14799999999998,97.67424694108826,135.0683237247815,,1,0,0,120.37100490238755,107.02833769657826,7.89156241349532,14.320511674365363,14.154793309115687,0.16571836524967587,
1702909800,153.43,,,135.0683237247815,,1,0,0,122.37458036284892,108.601275401779,8.11430795538851,14.377028129739642,14.183063713432912,0.19396441630673067,
1702996200,161.16,,,140.75134799536573,,1,0,0,124.7252118560096,110.38292708307463,8.153285958575044,14.874104804124187,14.278732898935143,0.5953719051890438,
1703082600,161.86,,,147.50421319582912,,1,0,0,126.9758050768575,112.12791260568227,8.243051247248255,15.149887329022334,14.41849448480294,0.7313928442193944,
1703169000,168.03,,,149.42929187624623,,1,0,0,129.4639381025025,114.02289861904897,8.247833301016234,15.68550170232976,14.553449889541744,1.1320518127880153,
1703255400,175.48,95.55649999999999,104.74749721917114,155.65351268862162,,1,0,0,132.25279033871448,116.1061901912846,8.42980949380079,16.520692431247767,14.825362023351508,1.6953304078962592,
1703601000,172.05,,,155.89118641975946,,1,0,0,134.66474243939845,118.00259052378343,8.475537387100733,16.71315590910379,15.156893994968634,1.5562619141351561,
1703687400,185.24,,,162.3265677777835,,1,0,0,137.7299095642834,120.28182474331619,8.935856145164966,17.72567680019779,15.552187899980835,2.173488900216954,
1703773800,186.36,,,163.62441100000515,,1,0,0,140.67718777250863,122.52176288761056,8.986152134796038,18.406305113160897,15.97476265481017,2.4315424583507266,
1703860200,173.92,100.20199999999997,111.03590656288286,163.62441100000515,,1,0,0,142.69190366508386,124.26407601006444,9.504998410882036,17.73743777872278,16.354421110849884,1.3830166678728943,
1704205800,156.88,,,,187.7749270899958,1,0,0,143.55178829144242,125.36970055209616,10.270355667247603,15.65194413745391,16.496078445040357,-0.8441343075864474,16.496078445040357
1704292200,152.24,,,,172.81743438099625,1,0,0,144.07834657680954,126.28055816049968,10.448901691015632,13.469498189024392,16.3400110433626,-2.870512854338209,
1704378600,155.6,,,,172.81743438099625,1,0,0,144.77662860245744,127.27443754488952,10.593565855943085,11.874140272858511,15.976039148233289,-4.101898875374777,
1704465000,153.98,104.24149999999997,114.93991505716623,,172.81743438099625,1,0,0,145.33440868715698,128.1797108484526,10.30831115194715,10.359667372468067,15.384279778248656,-5.024612405780589,
1704724200,159.42,,,,172.81743438099625,1,0,0,146.18808088793534,129.23870370104743,10.634067498236638,9.489015756806424,14.602982369977395,-5.113966613170971,
1704810600,151.99,,,,172.81743438099625,1,0,0,146.5397123492726,130.00993408406276,10.493776962648308,8.106037815683408,13.64663591515291,-5.540598099469502,
1704897000,151.29,,,,170.31164495163446,1,0,0,146.8276085705288,130.7312922507047,10.481564322459144,6.874291134567841,12.440926396749582,-5.566635262181741,
1704983400,141.16,,,,170.31164495163446,1,0,0,146.4841171420119,131.08480776762997,11.235024013712064,5.022816770336931,10.95387213643581,-5.93105536609888,
1705069800,130.78,107.06749999999997,116.37992277924202,,159.4835984108239,1,0,0,145.53235246673847,131.07447530093066,11.203236584161202,2.6869571770467644,9.281596514027363,-6.594639336980599,
1705415400,133.88,,,,154.9312385697415,1,0,0,144.82614928693613,131.1695778331025,11.083005399578258,1.0735406047875244,7.661773899286653,-6.588233294499129,
1705501800,133.86,,,,153.76711471276735,1,0,0,144.16153417863697,131.26077858452274,10.63779072817981,-0.204361730797757,6.142456130417525,-6.346817861215282,
1705588200,124.34,,,,153.03490324149064,1,0,0,142.96022907690138,131.0261759206406,10.83366281902411,-1.9626685551930905,4.60503292730068,-6.567701482493771,
1705674600,124.75,109.40549999999999,117.14083889022002,,142.95341291734155,1,0,0,141.85657882981644,130.8134241945172,10.545544046236671,-3.285186226098915,3.0889380830154587,-6.374124309114373,
1705933800,128.21,,,,142.95341291734155,1,0,0,141.0295134461912,130.72517252690645,10.454840900076908,-4.007897378790375,1.5892810679491478,-5.597178446739523,
1706020200,124.19,,,,142.95341291734155,1,0,0,140.00893687369478,130.50364125480792,10.270923692928559,-4.849133781853055,0.1498175571117631,-4.998951338964819,
1706106600,121.34,,,,142.95341291734155,1,0,0,138.8774861540769,130.19300934786529,10.050143429147946,-5.680311775342545,-1.2451383217671688,-4.435173453575377,
1706193000,121.01,,,,140.7074292750678,1,0,0,137.79460820534499,129.88172089539526,9.713704612780235,-6.2931114935996675,-2.50246368442679,-3.7906478091728775,
1706279400,125.2,111.56099999999999,117.87348990020003,,140.7074292750678,1,0,0,137.03129861714226,129.72301849216151,9.526297140438789,-6.3672638484324295,-3.508488242813367,-2.8587756056190625,
1706538600,132.82,,,,140.7074292750678,1,0,0,136.7760683979215,129.82800091615604,9.680790201836016,-5.744935763490247,-4.266096728177564,-1.4788390353126832,
1706625000,130.82,,,,140.7074292750678,1,0,0,136.41509455562323,129.86162800374396,9.436448044562013,-5.351431585675243,-4.837993378719506,-0.5134382069557368,
1706711400,128.2,,,,140.7074292750678,1,0,0,135.9172100371006,129.8053016307357,9.332416041379014,-5.191148465328155,-5.196713368734514,0.0055649034063591785,-5.196713368734514
1706797800,128.95,,,,140.7074292750678,1,0,0,135.49495488333693,129.77630835511755,9.224929181280514,-4.946583075137966,-5.381313018627742,0.434729943489776,
1706884200,129.22,113.9145,118.90499081836366,,140.7074292750678,1,0,0,135.11465458737712,129.75745044477458,8.893148525474762,-4.677062235813594,-5.455664669408099,0.7786024335945054,
1707143400,117.3,,,,140.38425403783418,1,0,0,134.0349785517785,129.33516398901952,9.216495059369423,-5.363482521404876,-5.512814529358302,0.14933200795342572,
1707229800,119.79,,,,135.63182863405075,1,0,0,133.17164651833738,129.0115991080358,8.914959697985893,-5.641521405883466,-5.508504488307293,-0.13301691757617373,-5.508504488307293
1707316200,122.07,,,,135.63182863405075,1,0,0,132.49881945661997,128.7762906636956,8.984605433844044,-5.613186954624425,-5.432957317310044,-0.18022963731438058,
1707402600,132.55,,,,135.63182863405075,1,0,0,132.5019213077339,128.90421301407878,9.127126474283756,-4.691008259710642,-5.246706696340956,0.5556984366303137,-5.246706696340956
1707489000,141.99,117.46599999999998,121.00362801669424,122.31761242577701,,1,0,0,133.07695637999245,129.34779901360153,9.33233172612063,-3.161996367573522,-4.959713430127987,1.7977170625544652,
1707748200,147.31,,,127.10635118319931,,1,0,0,133.93956508423534,129.95668718263198,9.33466517425487,-1.503630966411123,-4.532180027987529,3.028549061576406,
1707834600,140.39,,,127.10635118319931,,1,0,0,134.33050053367563,130.31035880355972,9.395046233236664,-0.7392292308404649,-4.037522335266675,3.29829310442621,
1707921000,160.38,,,134.74856945839142,,1,0,0,135.90925807708922,131.32966867462548,10.205042930862618,1.4627291572087984,-3.32537653167259,4.788105688881388,
1708007400,165.67,,,146.04946251255228,,1,0,0,137.7129394057505,132.49374770260428,10.364682721515289,3.593235254316255,-2.406454588324829,5.999689842641084,
1708093800,180.31,122.72749999999999,126.39511637881294,161.36551626129705,,1,0,0,140.29457944176562,134.11463761099057,11.622205384264197,6.389349885903954,-1.10058432084607,7.489934206750024,
1708439400,173.3,,,161.36551626129705,,1,0,0,142.2949079604465,135.44295498010953,12.072047856816754,7.948022604260075,0.4093650136143236,7.538657590645752,
1708525800,162.41,,,161.36551626129705,,1,0,0,143.51400444769217,136.35709209942786,12.074758724186987,8.209911228564636,1.9452648117464415,6.264646416818194,
1708612200,170.91,,,161.36551626129705,,1,0,0,145.1743678144987,137.52837711300657,11.896561672459345,8.99959705981675,3.4664431805828184,5.533153879233932,
1708698600,165.98,127.10349999999998,129.99374216255723,161.36551626129705,,1,0,0,146.4353152196806,138.49283890578602,11.778950124426535,9.122460921227201,4.831382879338454,4.291078041888747,
1708957800,193.94,,,161.36551626129705,,1,0,0,149.31438702454844,140.37240368864073,13.14973940125321,11.345189463115986,6.2590295937303555,5.0861598693856305,
1709044200,199.22,,,171.89905394741996,,1,0,0,152.33896962912127,142.36723746190714,13.485472301163695,13.3785501217113,7.827671744013884,5.5508783776974155,
1709130600,200.8,,,175.82364855267795,,1,0,0,155.2760017728109,144.3480090733679,13.562224279652002,14.945216733183827,9.32572591912222,5.619490814061606,
1709217000,203.56,,,175.82364855267795,,1,0,0,158.20230469567085,146.35519520647406,13.838493973962573,16.222517164016352,10.728979464644453,5.493537699371899,
1709303400,205.77,133.7205,136.88249287505204,175.82364855267795,,1,0,0,161.08519532017564,148.36925638591563,13.591451547250958,17.214675425619987,11.93179341350179,5.282882012118197,
1709562600,229.15,,,192.29758779490226,,1,0,0,165.21033499774074,151.1075866779185,14.812776436733033,19.660899984704088,13.233224233551125,6.427675751152963,
1709649000,216.77,,,193.923724015412,,1,0,0,168.33516317969585,153.33343119731109,15.510435262680673,20.365823499830327,14.583881152580647,5.7819423472496805,
1709735400,238.55,,,196.44935161387082,,1,0,0,172.59060783547187,156.22212844485986,16.054689886774913,22.42346074387703,16.075421561920678,6.348039181956352,
1709821800,242.62,,,206.19691645248372,,1,0,0,176.83481342120086,159.15086985350868,15.43435489486242,24.10470404626261,17.74011524248017,6.364588803782443,
1709908200,256.62,142.8185,147.76772079550184,222.44900480723533,,1,0,0,181.67027927446142,162.45490816355922,16.326729545229387,26.264029094612994,19.39776409042428,6.866265004188715,
1710163800,254.17,,,227.51968432651182,,1,0,0,186.0642017426759,165.56389432750638,16.42410600628443,27.461061208339203,20.962487544494046,6.498573663845157,
1710250200,256.14,,,227.51968432651182,,1,0,0,190.31121981887736,168.63427079098074,16.5866698629784,28.24311131216072,22.44003138660259,5.80307992555813,
1710336600,251.73,,,227.51968432651182,,1,0,0,194.0335701328848,171.4510751709475,16.749043444194232,28.182174939802536,23.768882250578834,4.413292689223702,
1710423000,233.67,,,227.51968432651182,,1,0,0,196.43577800361905,173.56019126684757,17.301968912466073,26.372584620264888,24.78642771665049,1.5861569036143983,
1710509400,242.36,151.39749999999998,156.3670189050017,227.51968432651182,,1,0,0,199.2190641852179,175.89238817305613,17.624685418718496,25.34749152523952,25.418271221154424,-0.0707796959149043,25.418271221154424
1710768600,239.62,,,227.51968432651182,,1,0,0,201.66760574975015,178.05264620108812,17.35435074595289,24.036920108621445,25.826170844353435,-1.78925073573199,
1710855000,230.12,,,227.51968432651182,,1,0,0,203.39199328006833,179.81764124511903,17.790468549813397,21.978359367868023,25.776715135907992,-3.7983557680399684,
1710941400,256.88,,,227.51968432651182,,1,0,0,206.6336906570339,182.4299245927421,18.531149367683867,22.249762099552754,25.57061047516245,-3.320848375609696,
1711027800,262,,,227.51968432651182,,1,0,0,209.9892245566076,185.12721528451357,18.644081555706446,22.61727407338492,25.165415472803772,-2.548141399418853,
1711114200,255.51,159.88299999999998,165.38001718636517,227.51968432651182,,1,0,0,212.74805943196472,187.5130723935131,18.20164715887027,22.129743294211977,24.573046815678524,-2.4433035214665466,
1711373400,279.71,,,231.91539617669628,,1,0,0,216.8063588603305,190.63839197339402,18.899386647522395,23.426068258743584,24.037819809743286,-0.6117515509997027,
1711459800,266.81,,,234.9774265590266,,1,0,0,219.83688256576502,193.2204803810756,18.559423315556508,23.145683906068996,23.478209694884004,-0.3325257888150084,
1711546200,256.7,,,234.9774265590266,,1,0,0,222.0710108951126,195.372328503751,18.851964507302473,21.85574535162516,22.97633866503515,-1.1205933134099908,
1711632600,265.12,168.49300000000002,174.44728835124107,234.9774265590266,,1,0,0,224.68004053783307,197.73665635108148,18.5118241853523,21.267722320632146,22.52303097563433,-1.2553086550021852,
1711978200,252.11,,,234.9774265590266,,1,0,0,226.34246232341894,199.57982054257025,18.588565314969994,19.526818551955188,22.021908580449193,-2.4950900284940047,
1712064600,245.84,,,234.9774265590266,,1,0,0,227.52413127351477,201.1479622190933,18.412239221043567,17.4401638209182,21.5176646307881,-4.0775008098699,
1712151000,251.58,,,234.9774265590266,,1,0,0,228.98206271148356,202.85752282183591,18.025507848111882,16.064463802915782,20.830409264495103,-4.765945461579321,
1712237400,249.61,,,234.9774265590266,,1,0,0,230.2322407289694,204.44235255668895,17.597971573246745,14.646414343763865,19.944758183426096,-5.29834383966223,
1712323800,240.9,175.58550000000002,180.4884439556737,234.9774265590266,,1,0,0,230.87877159388034,205.67820501239441,17.323830746586264,12.673681413160352,18.894084641087026,-6.220403227926674,
1712583000,256.99,,,234.9774265590266,,1,0,0,232.4612702851603,207.4175878933302,17.56712855040153,12.267196280486246,17.654209976836214,-5.3870136963499675,
1712669400,242.95,,,234.9774265590266,,1,0,0,233.09695087393848,208.622076439319,17.44733365394428,10.68892791408362,16.270125977726725,-5.581198063643104,
1712755800,250.99,,,234.9774265590266,,1,0,0,234.18137809369978,210.05827723798615,17.425738392948258,9.971949246228775,14.949704188238238,-4.977754942009463,
1712842200,263.01,,,234.9774265590266,,1,0,0,235.92856730014222,211.85325089093575,17.394592793451952,10.255433774305686,13.726116571979741,-3.470682797674055,
1712928600,245.75,182.09600000000003,186.42131268697608,234.9774265590266,,1,0,0,236.52380564558814,213.0022932336159,17.4878290224911,8.983799900014873,12.554670055097482,-3.570870155082609,
1713187800,223.41,,,,272.9809886708825,1,0,0,235.72902954585552,213.35509685281534,18.210069806598877,6.103017805912231,11.294987164541263,-5.1919693586290325,
1713274200,218.83,,,,251.22024980379422,1,0,0,234.7048459370158,213.54068679000804,18.176493391841813,3.411088611889795,9.8890565877606,-6.477967975870804,
1713360600,213.78,,,,251.22024980379422,1,0,0,233.43667345598453,213.54879910221115,18.233172435281684,0.8603054699988206,8.357266712897816,-7.496961242898996,
1713447000,218.08,,,,251.22024980379422,1,0,0,232.50596597380365,213.70239913264467,17.987945832761564,-0.8049554584912357,6.859640393825417,-7.664595852316653,
1713533400,211.01,185.95850000000002,188.656647897251,,251.22024980379422,1,0,0,231.2031801572095,213.61113136543636,17.958806844707166,-2.664462391541946,5.200567208044507,-7.865029599586453,
1713792600,225.86,,,,251.22024980379422,1,0,0,230.87935105677255,214.02634725135377,17.82817778437094,-2.906361414398873,3.689979504879786,-6.596340919278659,
1713879000,236.43,,,,251.22024980379422,1,0,0,231.21575402302875,214.7857931072401,17.630450799773012,-2.219571629863424,2.3353660742028755,-4.554937704066299,
1713965400,224.37,,,,251.22024980379422,1,0,0,230.80085983981488,215.1106814764862,17.451847171217796,-2.6182454838044578,0.9049572677461926,-3.5232027515506505,
1714051800,223.61,,,,251.22024980379422,1,0,0,230.36505015255338,215.39879396880872,17.083858087559385,-2.9613860191279855,-0.4222856121585694,-2.539100406969416,
1714138200,236.32,190.44350000000003,192.98967990659182,,251.22024980379422,1,0,0,230.72595620391377,216.10798739359487,17.175011081305144,-2.18257719615778,-1.342907279055238,-0.8396699171025419,
1714397400,218.16,,,,251.22024980379422,1,0,0,229.96438310064627,216.17754714296453,17.361081718354775,-2.9961876374642316,-2.0548268623167965,-0.9413607751474351,
1714483800,203.93,,,,243.78724268755178,1,0,0,228.3865417006071,215.76237605337252,17.23314730990086,-4.734643822106449,-2.676487894772938,-2.058155927333511,
1714570200,210.09,,,,243.21051841879665,1,0,0,227.27766038541878,215.57009211935988,17.453636787765088,-5.551330077058537,-3.2038628523915267,-2.3474672246670107,
1714656600,228.85,,,,243.21051841879665,1,0,0,227.3729536953934,216.02025848819514,17.822662731496155,-4.631396743165652,-3.4224111136830495,-1.2089856294826027,
1714743000,223.25,194.21100000000004,195.74061809690164,,243.21051841879665,1,0,0,227.1230777138544,216.26533447164616,17.671043964960713,-4.304595450307488,-3.577770451006229,-0.7268249993012592,
1715002200,226.93,,,,243.21051841879665,1,0,0,227.11137603422685,216.62684855735307,17.30525511032066,-3.7059380789763736,-3.742922278685446,0.036984199709072296,-3.742922278685446
1715088600,214.34,,,,243.21051841879665,1,0,0,226.33735324427371,216.5493282672733,17.262022602440613,-4.199002097688748,-3.918561902450367,-0.28044019523838104,-3.918561902450367
1715175000,211.2,,,,243.21051841879665,1,0,0,225.4199378961359,216.36799510567081,16.627235273694854,-4.78793827078033,-4.121512152633961,-0.6664261181463695,
1715261400,210.45,,,,240.5230051190037,1,0,0,224.51266893273373,216.16738510208876,16.063839897002364,-5.254621161142325,-4.462850370965577,-0.7917707901767477,
1715347800,200.92,195.48300000000003,196.2114709971833,,238.49783960710332,1,0,0,223.08281020953774,215.65052459015354,15.942851332930767,-6.320602101897265,-4.83222975590258,-1.4883723459946845,
1715607000,199.51,,,,231.68905564639297,1,0,0,221.65415504532334,215.10338816336866,15.448719094864284,-7.196221333521237,-5.105738368282001,-2.090482965239236,
1715693400,203.05,,,,229.9387300817537,1,0,0,220.52663049712191,214.69479873410194,15.205017730945405,-7.517846414326101,-5.324240183533953,-2.193606230792148,
1715779800,219.91,,,,229.9387300817537,1,0,0,220.4892589518418,214.8715852176917,15.42965932159216,-6.339201148126762,-5.513996228529631,-0.8252049195971303,
1715866200,199.17,,,,229.9387300817537,1,0,0,219.19718265173017,214.33932809166825,15.846826512907006,-6.9979924506985185,-5.813262561906413,-1.1847298887921056,
1715952600,207.6,197.16700000000003,197.24679181562118,,229.9387300817537,1,0,0,218.49432309707987,214.1108762919507,15.53633890484222,-6.761911648431919,-6.152815180734807,-0.6090964676971122,
1716211800,225.19,,,,229.9387300817537,1,0,0,218.90012169725685,214.48643980747778,16.036600411639203,-5.09669835151729,-6.252559208937978,1.155860857420688,-6.252559208937978
1716298200,225.78,,,,229.9387300817537,1,0,0,219.31708401863523,214.86927235637683,15.857557525093545,-3.6868964995013584,-6.130221234351426,2.4433247348500675,
1716384600,231.51,,,198.34887886307274,,1,0,0,220.05604862356643,215.43336481887252,15.979239130444006,-2.083240957329309,-5.77784565614998,3.6946046988206707,
1716471000,218.86,,,198.34887886307274,,1,0,0,219.98356082819876,215.54952194365652,16.02786490684086,-1.812191846427254,-5.276911183319978,3.464719336892724,
1716557400,237.65,201.35050000000004,200.9198107414738,198.34887886307274,,1,0,0,221.05425411133822,216.29869069132917,16.23516027063794,-0.0802622940518063,-4.486249067823375,4.405986773771569,
1716903000,245,,,206.70227364118006,,1,0,0,222.5055114379238,217.27161643060614,16.224213108449515,1.8639020252628882,-3.4438325745357097,5.307734599798598,
1716989400,236.65,,,206.70227364118006,,1,0,0,223.3627531689587,217.9285107888907,15.909626457845977,2.6997697737258193,-2.439502472107645,5.139272245833464,
1717075800,234.76,,,209.66157214935583,,1,0,0,224.05349540114304,218.49906974519948,15.878938853714123,3.1731160749577327,-1.3093793025902838,4.482495377548016,
1717162200,225.92,206.10750000000002,203.19255521952164,209.66157214935583,,1,0,0,224.16661689198284,218.75062670298934,16.261871792734542,2.8026253870344817,-0.24665296531623918,3.0492783523507208,
1717421400,231.39,,,209.66157214935583,,1,0,0,224.60439768640813,219.1790800350914,16.136738093253502,2.9167694305472196,0.6437323438020397,2.27303708674518,
1717507800,244.2,,,209.66157214935583,,1,0,0,225.79200994783795,220.02724681356287,16.201563943735394,3.994839328677756,1.4972585469330524,2.4975807817447038,
1717594200,251.4,,,214.90173948719234,,1,0,0,227.34400934493868,221.09072997242515,15.843595090611435,5.368314726601369,2.3252091784809057,3.0431055481204634,
1717680600,257.08,,,225.01103553847312,,1,0,0,229.1461905967606,222.31070522759717,15.786902584139188,6.836327477377949,3.286155770014817,3.5501717073631323,
1717767000,244.16,212.07800000000003,206.9168683813833,225.01103553847312,,1,0,0,230.05611843938115,223.05135928767862,16.039259542414957,6.877917780950753,4.059286889459546,2.818630891491207,
1718026200,249.81,,,225.01103553847312,,1,0,0,231.25332338244897,223.95843185419798,15.886455289385319,7.282834197927144,4.661390464200019,2.6214437337271255,
1718112600,244.2,,,225.01103553847312,,1,0,0,232.03797045017933,224.64458670659806,15.874565625857796,7.069559775923722,5.146922686666453,1.922637089257269,
1718199000,254.96,,,225.01103553847312,,1,0,0,233.42718436228967,225.67222783518795,16.102089509725097,7.680247225625607,5.64771503674066,2.0325321888849466,
1718285400,247.64,,,225.01103553847312,,1,0,0,234.2885671282115,226.41689807806293,15.942654544744732,7.4872502449005935,6.168228909836895,1.3190213350636988,
1718371800,244.5,218.04300000000003,210.33351671034845,225.01103553847312,,1,0,0,234.90744184771384,227.02988458389132,15.745700648691537,7.000232664618579,6.621947046955935,0.37828561766264457,
1718631000,245.1,,,225.01103553847312,,1,0,0,235.5251726448221,227.64243086918313,15.650293459499284,6.586754700983192,6.909937643878761,-0.3231829428955688,6.909937643878761
1718717400,235.95,,,225.01103553847312,,1,0,0,235.55091975725713,227.92404338209218,15.282415355249336,5.457827467924318,6.919883504025756,-1.4620560361014379,
1718890200,235.03,,,225.01103553847312,,1,0,0,235.5193488628779,228.16492326744498,15.051528544160098,4.437752542104107,6.653375177884218,-2.215622635780111,
1718976600,225.86,222.87500000000006,211.74501519122586,225.01103553847312,,1,0,0,234.93393378027923,228.08679027532818,14.999276505291519,2.856465890340644,6.20654719003865,-3.3500812996980063,
1719235800,212.31,,,,244.60176533017813,1,0,0,233.56278627844412,227.55198382531705,15.224328183484982,0.5041020932001459,5.453354733957872,-4.949252640757726,
1719322200,221.71,,,,244.60176533017813,1,0,0,232.84443559490205,227.3539504753063,14.89187617037891,-0.5948051791258706,4.601758627841251,-5.196563806967122,
1719408600,214.58,,,,244.60176533017813,1,0,0,231.73750010430192,226.92093520495695,14.633027872494704,-2.0177689374539227,3.52420127638797,-5.541970213841893,
1719495000,224,,,,244.60176533017813,1,0,0,231.2685607040412,226.82192045224653,14.386547310173654,-2.3581790736089374,2.4302646854424665,-4.788443759051404,
1719581400,222.23,226.88700000000003,212.69819562838714,,244.60176533017813,1,0,0,230.7207691462205,226.6662621318314,13.839651073732679,-2.739204917335968,1.3481049541141834,-4.0873098714501515,
1719840600,233.37,,,,244.60176533017813,1,0,0,230.88132859190412,226.89350748329474,13.83743313989463,-2.117852459659588,0.38092638070943013,-2.498778840369018,
1719927000,227.51,,,,244.60176533017813,1,0,0,230.67700564694024,226.91440553470846,13.466895058473584,-2.074367172766017,-0.4559841349228293,-1.6183830378431878,
1720013400,224.94,,,,244.60176533017813,1,0,0,230.32930833500447,226.8474765335319,12.88283112572547,-2.2216722366212878,-1.1959202214478732,-1.0257520151734145,
1720186200,223.68,229.05550000000002,213.69654148035195,,242.1299475921865,1,0,0,229.9263199510648,226.74010444764946,13.082628902459366,-2.4122768053213406,-1.781336076521427,-0.6309407287999136,
1720445400,220.56,,,,242.1299475921865,1,0,0,229.3586641964548,226.53060938162744,12.77386969514084,-2.783009424042774,-2.146570689548418,-0.6364387344943561,
1720531800,219.97,,,,242.1299475921865,1,0,0,228.7896542451545,226.3082158432672,12.358593288345064,-3.088819772909517,-2.4236834221910453,-0.6651363507184715,
1720618200,219.56,,,,241.65377179470394,1,0,0,228.2302812605997,226.0794627638344,12.06140091060613,-3.325921102957153,-2.5690336628025157,-0.7568874401546375,
1720704600,214.63,,,,241.65377179470394,1,0,0,227.40602179026033,225.69134538200953,12.169872274134264,-3.8670583717641875,-2.736686918153099,-1.1303714536110885,
1720791000,218.02,231.65750000000003,214.08958316395632,,240.48045565371024,1,0,0,226.83717198479,225.4312997758397,11.842024254553246,-3.9765299257097126,-2.8741674746390706,-1.102362451070642,
1721050200,242.85,,,211.94558991166082,,1,0,0,227.80764640995423,226.02176419021802,13.1018796649423,-2.036240916114764,-2.865099525356312,0.8288586092415482,-2.865099525356312
1721136600,251.49,,,216.3520309204947,,1,0,0,229.2429405669267,226.88509421766827,13.446031117446424,0.19636432976292895,-2.612796025075318,2.809160354838247,
1721223000,249.1,,,221.55982782844526,,1,0,0,230.44639871438568,227.63814187130663,13.527743180485965,1.7526634331740638,-2.1712031728758348,3.9238666060498986,
1721309400,233.24,,,221.55982782844526,,1,0,0,230.6157078832108,227.82803536719453,14.225761524736969,1.6868275348987538,-1.715747135073602,3.402574669972356,
1721395800,257.79,234.2585,218.06234833086938,221.55982782844526,,1,0,0,232.26263467816773,228.84369518525574,15.106778558684328,3.574428155510418,-1.009365181789914,4.583793337300332,
1721655000,265.15,,,228.5179994869366,,1,0,0,234.25580833403635,230.0744173823657,14.967587233064018,5.599705813761602,-0.043973449937567466,5.64367926369917,
1721741400,257.63,,,234.05555453824297,,1,0,0,235.67242601076143,231.00850492872618,14.988452430702305,6.522761462661975,1.0503246129090025,5.472436849752973,
1721827800,245.06,,,234.05555453824297,,1,0,0,236.2413698888971,231.48482679554903,15.435705828509283,6.168884703678941,2.16542939906935,4.0034553046095915,
1721914200,231.52,,,,266.54732232402324,1,0,0,235.955226259267,231.48601910756432,15.67315541218719,4.741216192183089,3.1340678566129947,1.607148335570094,
1722000600,242.93,233.574,220.32304393715398,,266.54732232402324,1,0,0,236.37793981931142,231.8739506632401,15.813644311316676,4.478840963037527,3.8579658431854713,0.6208751198520557,
1722259800,234.2,,,,266.54732232402324,1,0,0,236.24594346662587,231.95279979329976,16.214098289079768,3.5258251457521226,4.227905933850938,-0.7020807880988151,4.227905933850938
1722346200,224.46,,,,264.6711479742129,1,0,0,235.53164386258794,231.69880657996757,16.19666269700264,1.9619999311182141,4.25116554473362,-2.289165613615406,
1722432600,224.36,,,,261.3794631767916,1,0,0,234.8545745375826,231.4500334755619,15.759036790073882,0.7064445643125055,4.142234103557371,-3.4357895392448654,
1722519000,212.64,,,,250.39006185911245,1,0,0,233.50823668682003,230.81240522215302,16.010534162211464,-1.2202320856271172,3.6094940767643116,-4.829726162391429,
1722605400,204.44,231.67800000000003,218.87913085195817,,242.9609856732012,1,0,0,231.7465253724673,229.91842538411393,16.289774579196358,-3.3699618588205453,2.612864335366295,-5.98282619418684,
1722864600,189.47,,,,218.4259321058811,1,0,0,229.18431171352987,228.54729232024567,18.219790680682333,-6.2100069875752695,1.1981122853399344,-7.408119272915204,
1722951000,194.17,,,,218.4259321058811,1,0,0,227.06223221574018,227.3819603771865,17.968377060633596,-7.9894154846044785,-0.3750321800248899,-7.614383304579588,
1723037400,178.91,,,,218.4259321058811,1,0,0,224.14391511175592,225.7388430762649,18.29650727058834,-10.509813418349808,-2.069591025639656,-8.440222392710151,
1723123800,192.32,,,,218.4259321058811,1,0,0,222.21519298377072,224.60600093808645,18.137463894117744,-11.294970620932617,-3.8222367571918943,-7.472733863740722,
1723210200,196.29,228.717,216.82557350178016,,218.4259321058811,1,0,0,220.6439691665725,223.64613649950726,17.507645044537902,-11.464709504768905,-5.487851718360897,-5.976857786408008,
1723469400,191.74,,,,218.4259321058811,1,0,0,218.8922134595075,222.56457255037142,16.928284684213768,-11.83000681256351,-7.020296912103311,-4.8097099004601995,
1723555800,197.94,,,,218.4259321058811,1,0,0,217.62238234074948,221.72984127747748,16.3876857781985,-11.486806619951722,-8.375102599243782,-3.11170402070794,
1723642200,195.96,,,,218.4259321058811,1,0,0,216.30951068373437,220.85628733586807,15.900708222612892,-11.244962518960136,-9.488961536280783,-1.7560009826793532,
1723728600,197.12,,,,218.4259321058811,1,0,0,215.14651003623533,220.05166742617763,15.415657635283397,-10.834800188907337,-10.318388017401539,-0.5164121715057988,
1723815000,205.31,225.72650000000004,215.7787031834365,,218.4259321058811,1,0,0,214.55035791282714,219.5519498863072,14.94525351847744,-9.736641096257358,-10.710236251699548,0.9735951554421902,-10.710236251699548
1724074200,204.46,,,,218.4259321058811,1,0,0,213.9388210696255,219.04035836473747,14.387735410014766,-8.833107435676794,-10.803979801818693,1.970872366141899,
1724160600,197.25,,,,218.4259321058811,1,0,0,212.92737736843608,218.30170214898365,14.687897166442283,-8.599705195214227,-10.59174555480363,1.992040359589403,
1724247000,206.23,,,,218.4259321058811,1,0,0,212.521475709743,217.89249190664523,14.488047368839261,-7.602484577242535,-10.181469327726953,2.578984750484418,
1724333400,198.43,,,,218.4259321058811,1,0,0,211.66744687884946,217.23274641828436,14.143901128207885,-7.356770593620922,-9.725031670932733,2.3682610773118107,
1724419800,211.4,224.25150000000002,215.38063925766954,,218.4259321058811,1,0,0,211.651237977101,217.0350262007154,14.097193904764463,-6.045777921625415,-9.082339571939611,3.036561650314196,
1724679000,204,,,,218.4259321058811,1,0,0,211.18752658454943,216.5931609057759,13.713108625852716,-5.540062547023524,-8.421590230503146,2.8815276834796215,
1724765400,198.3,,,,218.4259321058811,1,0,0,210.406464367304,215.97305375642756,13.440743724006094,-5.535413036471908,-7.787195843560009,2.2517828070881007,
1724851800,190.2,,,,217.64298183221518,1,0,0,209.181830163225,215.09939091722663,13.235690600862801,-6.114842473658285,-7.262756097421225,1.14791362376294,
1724938200,188.28,,,,216.35971364899365,1,0,0,207.91505257757498,214.19025902172743,12.925991272229743,-6.6522889845745965,-6.920050307234252,0.2677613226596556,
1725024600,183.36,221.132,212.46967205242686,,208.8486972840943,1,0,0,206.42686757287348,213.14516549556717,12.709849038499046,-7.390034382191942,-6.759708856847046,-0.6303255253448965,-6.759708856847046
1725370200,169.13,,,,199.91582755568487,1,0,0,204.1664513563357,211.65312598724284,12.894145535749116,-9.018979814716147,-6.806294925680593,-2.212684889035554,
1725456600,163.22,,,,188.6247448001164,1,0,0,201.68484824383052,210.01132510631936,12.57742085462418,-10.663891708406425,-7.146451273587691,-3.5174404348187336,
1725543000,159.7,,,,185.28777032010476,1,0,0,199.14031198662866,208.30585645864753,12.268319365008166,-12.11191223242696,-7.67480034456614,-4.437111887860819,
1725629400,147.35,217.949,206.5497018658426,,179.47949328809426,1,0,0,196.00150519956026,206.2395562397103,12.679867981793297,-14.093558942329935,-8.568998235755531,-5.524560706574404,
1725888600,155.05,,,,177.65004395928486,1,0,0,193.5195957935263,204.50431704514386,12.492020268808062,-14.871275778381204,-9.605799705906385,-5.265476072474819,
1725975000,158.46,,,,177.65004395928486,1,0,0,191.39477180603984,202.94349273852882,12.287590249607486,-15.039102065562332,-10.661765153583097,-4.377336911979235,
1726061400,157.15,,,,177.28163560702072,1,0,0,189.31933109052227,201.39117095078208,12.044905231778381,-15.103705543375895,-11.660527716885055,-3.4431778264908406,
1726147800,162.89,,,,177.28163560702072,1,0,0,187.71755344867245,200.0860465117725,11.8509834295085,-14.524307065385102,-12.535196392530667,-1.9891106728544354,
1726234200,163.05,214.2855,202.59518351440235,,177.28163560702072,1,0,0,186.22255020935896,198.83058730798362,11.529484613115034,-13.892079687296729,-13.257645870875642,-0.6344338164210868,
1726493400,161.5,,,,177.28163560702072,1,0,0,184.72421383303418,197.56514367042485,11.225949997892531,-13.362077272130108,-13.74021225503275,0.37813498290264214,-13.74021225503275
1726579800,162.45,,,,177.28163560702072,1,0,0,183.37426147951697,196.3747998171901,10.936239283757349,-12.718775354012308,-13.96853266010007,1.249757306087762,
1726666200,162.64,,,,177.28163560702072,1,0,0,182.11763957166747,195.23124728101416,10.747936477774681,-12.054663875669178,-13.962171731571427,1.9075078559022494,
1726752600,168.24,,,,177.28163560702072,1,0,0,181.27657050671792,194.31628974606454,10.890941015076491,-10.950249881233162,-13.612915169227342,2.66266528799418,
1726839000,170.09,211.6275,199.64016683127485,,177.28163560702072,1,0,1,180.5985965366138,193.495059585181,10.683830942571026,-9.812600741646747,-13.050840165145736,3.238239423498989,
1727098200,170.22,,,,177.28163560702072,1,0,0,179.96959068590994,192.7060745144969,10.26832158953024,-8.799085310442024,-12.357504970132368,3.558419659690344,
1727184600,171.68,,,,177.28163560702072,1,0,0,179.46719125040025,191.99332622586988,10.137862904563795,-7.788278800974609,-11.544679776532226,3.756400975557616,
1727271000,167.08,,,,177.28163560702072,1,0,0,178.71645238673963,191.14880669278955,9.917658411380668,-7.274532632007549,-10.739149283934719,3.4646166519271695,
1727357400,179.93,,,156.4945254092496,,1,0,0,178.79000072693722,190.76850816083058,10.238539953424905,-5.764053067922163,-9.836035215115324,4.071982147193161,
1727443800,191.23,211.14300000000003,198.87560621024986,165.94257286832465,,1,0,0,179.5439400768198,190.78415195198886,10.43221567103741,-3.613517192152443,-8.752861872895583,5.1393446807431395,
1727703000,178.17,,,165.94257286832465,,1,0,0,179.46067098125496,190.356553580735,10.703485980249024,-2.9292680907128954,-7.665138843640092,4.735870752927196,
1727789400,165.01,,,,192.017665976657,1,0,0,178.58487273996678,189.4973483746084,11.288951267374093,-3.409594087126777,-6.704575533802047,3.29498144667527,
1727875800,164.47,,,,187.2308993789913,1,0,0,177.72942590724153,188.64896368394372,11.046883319704516,-3.790139023495186,-5.90900766072005,2.118868637224864,
1727962200,163.1,,,,184.6118094410922,1,0,0,176.84279403407538,187.7828971183863,10.614963082582765,-4.154382047447683,-5.280316694697932,1.125934647250249,
1728048600,170.91,209.3085,196.33327837295442,,184.6118094410922,1,0,0,176.48323075928295,187.21093450420372,10.438401433826854,-3.7693943078384393,-4.721462138853089,0.9520678310146495,
1728307800,168.92,,,,184.6118094410922,1,0,0,176.02485313750822,186.59090282609512,10.353965617124938,-3.583556115177771,-4.254270729320107,0.6707146141423364,
1728394200,167.69,,,,184.6118094410922,1,0,0,175.5197105231138,185.950194255719,9.973675215901727,-3.4952378033760567,-3.834349081694386,0.3391112783183292,
1728480600,166.97,,,,184.6118094410922,1,0,0,175.00154624898568,185.3067978402709,9.740555557623031,-3.4436466724388026,-3.5765261488629014,0.1328794764240988,
1728567000,164.27,,,,182.34296137887054,1,0,0,174.3511495066229,184.59368604907527,9.433373017792816,-3.5793670493690115,-3.572731688553631,-0.006635360815380409,-3.572731688553631
1728653400,176.38,206.24500000000003,194.5193439754131,,182.34296137887054,1,0,0,174.47411014258515,184.3152560135134,9.8245535165219,-2.6788702842930263,-3.5449097100625346,0.8660394257695083,-3.5449097100625346
1728912600,196.35,,,166.6543192831149,,1,0,0,175.79992164909513,184.72321343678414,10.64494255105605,-0.34977600642105244,-3.204929923317454,2.8551539168964015,
1728999000,196.34,,,174.0938873548034,,1,0,0,177.0447748824833,185.1170028118084,11.069589511694902,1.4782012882811841,-2.619558777564524,4.0977600658457085,
1729085400,210.48,,,181.53406861932305,,1,0,0,179.0711521623328,185.97676542835725,11.427468832288124,4.021508840674301,-1.7111264566620814,5.732635297336382,
1729171800,204.2,,,182.29161675739073,,1,0,0,180.59411263734293,186.59450219349768,11.2790782014104,5.467330896359243,-0.6848236561956722,6.152154552554915,
1729258200,220.21,205.95950000000002,196.85485815946646,189.78960508165167,,1,0,0,182.995075507807,187.7340105937181,11.620572615595373,7.814942696153906,0.5816762117300698,7.233266484423837,
1729517400,213.72,,,189.78960508165167,,1,0,0,184.8571921436975,188.61489159054122,11.65338885733856,9.047459716549668,1.9753092694995946,7.072150447050073,
1729603800,210.72,,,189.78960508165167,,1,0,0,186.42463504407945,189.36421729933645,11.438861081814377,9.670685761400478,3.432457317703959,6.238228443696519,
1729690200,198.93,,,189.78960508165167,,1,0,0,187.18253595049887,189.6884811196979,11.773228147399065,9.108248209515494,4.842192346468904,4.26605586304659,
1729776600,209.16,,,189.78960508165167,,1,0,0,188.51450346865045,190.34853260716577,11.762283279727702,9.379862683571247,6.18205156512049,3.1978111184507565,
1729863000,205.04,204.0035,197.59896196315134,189.78960508165167,,1,0,0,189.51604871297465,190.84654845099067,11.655691616890008,9.157112055739447,7.238372460916101,1.9187395948233457,
1730122200,216.1,,,190.30794325804806,,1,0,0,191.12719727582467,191.70259765604183,11.748856501397865,9.760516982016668,8.158629760220045,1.6018872217966234,
1730208600,219.66,,,196.89714893224323,,1,0,0,192.8564580469868,192.65030621007432,11.466795322726592,10.406027770615424,8.868020752435724,1.5380070181796999,
1730295000,211.74,,,196.89714893224323,,1,0,0,194.00091513504822,193.2974144741396,11.432738513960407,10.16138775859892,9.38958262601791,0.7718051325810098,
1730381400,179.25,,,,219.68955936488297,1,0,0,193.10692027837862,192.82123093264335,12.967542905820379,7.262124071023578,9.328158334336763,-2.0660342633131847,9.328158334336763
1730467800,182.88,200.92249999999999,196.26087451195576,,212.1296034283947,1,0,0,192.48710692817386,192.4842400535707,12.876289841118922,5.1974345827976265,8.90037776391987,-3.7029431811222437,
1730730600,186.27,,,,207.9796430855552,1,0,0,192.1103125688906,192.2735878483649,12.71155485246757,3.7909976950673467,8.247079089882854,-4.456081394815508,
1730817000,193.96,,,,207.9796430855552,1,0,0,192.2224148374427,192.33075436197967,12.642158077291315,3.259333493055692,7.597199676942877,-4.337866183887185,
1730903400,254.31,,,203.2229091007003,,1,0,0,195.9852987866886,194.43174573953968,16.290568214627648,7.619889078453326,7.401647054151997,0.218242024301329,7.401647054151997
1730989800,255.58,,,214.99023319063025,,1,0,0,199.59709886022262,196.50456791786036,16.366234770725672,11.050752980648582,7.612051601364123,3.438701379284459,
1731076200,270.74,203.16649999999998,203.03170410177796,229.31866487156722,,1,0,0,203.90878983839093,199.02102324267864,16.477218001388124,14.82216198686254,8.174456601902554,6.647705384959986,
1731335400,324.24,,,270.20029838441053,,1,0,1,211.20159045424603,203.265734319198,19.880273858431828,21.875862353704093,9.448882666690183,12.42697968701391,
1731421800,319.13,,,271.66326854596946,,1,0,0,217.74270618429173,207.19333654566586,19.95311143997241,26.74533287070298,11.291543234701745,15.453789636001236,
1731508200,284.72,,,271.66326854596946,,1,0,0,221.80193611251647,209.8213590356433,22.077174908545807,27.510697715979035,13.541384750807907,13.969312965171127,
1731594600,278.84,,,271.66326854596946,,1,0,0,225.25878846933367,212.16097398358758,21.804855272221108,27.327770484033152,16.0003109620563,11.327459521976852,
1731681000,305.85,207.3475,212.37882191070725,271.66326854596946,,1,0,0,230.1431043196771,215.33687317058462,22.421244181348175,29.027667718445542,18.80438540909832,10.223282309347223,
1731940200,325.41,,,271.66326854596946,,1,0,0,235.91685557303,219.06816560548006,23.754726739823305,31.58903828422794,21.952130385895238,9.636907898332701,
1732026600,324.57,,,271.66326854596946,,1,0,0,241.28977341708878,222.64449897478582,22.896531972693072,33.16881250774145,24.79089965581614,8.37791285192531,
1732113000,320.01,,,271.66326854596946,,1,0,0,246.06069624029553,225.94502443326766,23.97165111750071,33.66477450613249,27.30356871420324,6.3612057919292475,
1732199400,295.23,,,271.66326854596946,,1,0,0,249.04065404391397,228.29366767281792,25.255818894822085,31.692952430727985,29.178100985743843,2.514851444984142,
1732285800,304.64,211.39549999999994,220.76620173700658,271.66326854596946,,1,0,0,252.41031137458586,230.88167893814614,24.921117545191937,30.53755960890703,30.140511791877504,0.3970478170295273,
1732545000,312.22,,,271.66326854596946,,1,0,0,256.03514098824735,233.63891016058187,25.016752006249654,29.88900329997142,30.489808506240667,-0.6008052062692464,30.489808506240667
1732631400,293.29,,,271.66326854596946,,1,0,0,258.2930112313839,235.66098100259606,24.879484005803253,27.530174245392573,30.49197256506439,-2.961798319671818,
1732717800,310.98,,,271.66326854596946,,1,0,0,261.48616206584546,238.21416808725382,24.602378005388736,26.779522715504356,30.431056146338975,-3.6515334308346183,
1732890600,296.2,215.30449999999996,227.62381976091507,271.66326854596946,,1,0,0,263.5900310315518,240.17978950802487,24.30863671928954,24.70719433493099,29.951003548170686,-5.243809213239697,
1733149800,302.4,,,271.66326854596946,,1,0,0,265.9421503629729,242.28894918571893,23.663019810768866,23.29659865972468,29.029621367670327,-5.733022707945647,
1733236200,309.35,,,271.66326854596946,,1,0,0,268.57292912885333,244.56220514552507,23.242804109999664,22.480358758526336,27.842015395535313,-5.361656637008977,
1733322600,330.94,,,272.9679757497524,,1,0,0,272.35275160589254,247.49026598804966,23.216889530713974,23.30694734011132,26.69114571042185,-3.3841983703105285,
1733409000,320.57,,,282.63401817477717,,1,0,0,275.2750090843233,249.96754510709883,24.010168849948688,22.86171677195017,25.70989730389098,-2.848180531940809,
1733495400,343.62,219.59599999999995,238.16892705537734,287.06085635729943,,1,0,0,279.4171297458795,253.14220459499379,24.379442503523784,24.091103457613656,24.993624398191717,-0.9025209405780608,
1733754600,310.52,,,287.06085635729943,,1,0,0,281.30215218552314,255.0872146087228,25.0623394675578,22.139299824357238,24.132546234234585,-1.9932464098773472,
1733841000,302.42,,,287.06085635729943,,1,0,0,282.5820217500369,256.6917158084271,24.71645093416081,19.711655384348887,23.26382191634084,-3.552166531991954,
1733927400,313.81,,,287.06085635729943,,1,0,0,284.4746264924589,258.62792883187024,24.27099015314932,18.49362449392237,22.34316655838729,-3.84954206446492,
1734013800,312.96,,,287.06085635729943,,1,0,0,286.2010127656432,260.46969395621363,23.66234799935294,17.26076696445523,21.515785739445537,-4.255018774990308,
1734100200,310.58,222.97849999999994,244.75175186852485,287.06085635729943,,1,0,0,287.678527143483,262.1683483983759,22.8243231422563,15.908291498753556,20.694862721559858,-4.786571222806302,
1734359400,315.31,,,287.06085635729943,,1,0,0,289.3531618620598,263.969760317075,22.311871489237998,15.044690589742231,19.868677369472735,-4.823986779730504,
1734445800,311.64,,,287.06085635729943,,1,0,0,290.70387932496527,265.5857006453097,22.11578066857814,13.903867192770463,18.82389068643486,-4.920023493664399,
1734532200,279.86,,,,340.44865477868757,1,0,0,290.04667451739164,266.069575199706,23.13108204939399,10.31645436388635,17.429972641094437,-7.113518277208087,
1734618600,273.92,,,,329.3283893008188,1,0,0,289.06930030421637,266.3356912946312,23.37907618872299,6.914390701781883,15.521449001557572,-8.607058299775689,
1734705000,278.71,226.69199999999992,247.83886533502258,,318.21120037073695,1,0,1,288.44146392214265,266.7551593863386,23.128427889528492,4.552267995554416,13.567334353912814,-9.015066358358398,
1734964200,268.15,,,,314.0935803336632,1,0,0,287.21167822989156,266.8024421190051,22.593540183133598,1.8073311972786996,11.577964999793904,-9.770633802515205,
1735050600,279.62,,,,314.0935803336632,1,0,0,286.75157651898905,267.23693560649644,22.1118587414812,0.5511290767233277,9.5843543978829,-9.033225321159572,
1735223400,274.41,,,,314.0935803336632,1,0,0,286.00360218450487,267.48009033169996,21.120297402803974,-0.8549680727342661,7.571494949306289,-8.426463022040554,
1735309800,265.71,230.16299999999993,249.4635139409296,,307.7465200632405,1,0,0,284.77368690059546,267.4200872696084,20.41170473117512,-2.6408850066656555,5.510475337593044,-8.151360344258698,
1735569000,255.56,,,,292.78686805691643,1,0,0,283.0031604217715,267.0180504130115,20.247297250376896,-4.819698729755316,3.3033209687599827,-8.1230196985153,
1735655400,248.3,,,,292.78686805691643,1,0,0,280.8999385780278,266.3835402295196,20.036061732492833,-7.050966475996404,0.9750061166747754,-8.02597259267118,
1735828200,257.21,,,,292.78686805691643,1,0,0,279.464184724814,266.0725727641122,19.605628751600484,-8.007988596544351,-1.061043101150858,-6.946945495393493,
1735914600,270.65,233.42999999999992,251.3895581281178,,292.78686805691643,1,0,0,278.9299917111889,266.2277397890575,19.23236955505759,-7.594396370802144,-2.6731305536601946,-4.92126581714195,
1736173800,287.76,,,,292.78686805691643,1,0,0,279.4651437286926,266.9576469148522,19.497914586839194,-5.8189107652115695,-3.8254837493008598,-1.9934270159107097,
1736260200,264.33,,,,292.78686805691643,1,0,0,278.54786229059005,266.8685741380776,20.07092068777925,-6.230608244988616,-4.718588131775006,-1.5120201132136106,
1736346600,260.01,,,,292.78686805691643,1,0,0,277.42435548509974,266.63608009949866,19.637997781509302,-6.826774552563336,-5.5383552016957465,-1.2884193508675894,
1736519400,258.78,235.7989999999999,252.0614164801071,,291.95702346533216,1,0,0,276.2943945466088,266.36977229951566,19.222419368544347,-7.314178074992924,-6.2560452019467085,-1.0581328730462154,
1736778600,251.2,,,,283.18936611879894,1,0,0,274.77352214984467,265.85554273004055,19.135817985076894,-8.217366839574595,-6.875654294492146,-1.3417125450824487,
1736865000,255.37,,,,283.18936611879894,1,0,0,273.59755111046013,265.5001006035985,18.626116700428547,-8.498698585733166,-7.2844320562674625,-1.2142665294657036,
1736951400,274.93,,,,283.18936611879894,1,0,0,273.6783055886141,265.8197582102562,18.93496550754079,-7.061922049695227,-7.285649342233999,0.2237272925387721,-7.285649342233999
1737037800,281.63,,,,283.18936611879894,1,0,0,274.1602264620314,266.35569860990853,18.78818225700216,-5.321291748814247,-6.987127470263987,1.6658357214497403,
1737124200,295.48,241.40499999999992,256.00856043646104,258.380345889456,,1,0,0,275.452333949181,267.3429630638099,18.783304952930575,-2.792065253835574,-6.453535123934368,3.661469870098794,
1737469800,294.19,,,258.380345889456,,1,0,0,276.5879500734731,268.25303211249434,19.547347456292673,-0.8815651195493501,-5.904941163305232,5.023376043755882,
1737556200,295.85,,,258.380345889456,,1,0,0,277.75534703871716,269.18852254935894,19.04538692370034,0.7577334485615665,-5.128458752910768,5.886192201472334,
1737642600,296.01,,,258.98965925341344,,1,0,0,278.86168964243126,270.0977251748044,18.80357357200746,2.0462125723115605,-4.142571294591335,6.188783866902895,
1737729000,298,248.93749999999991,259.8259640331464,268.1294433280721,,1,0,0,280.0215872398597,271.0435649993873,18.50349688829264,3.1911325402374473,-2.9753145595657378,6.166447099803185,
1737988200,277.99,,,268.1294433280721,,1,0,0,279.89846074047426,271.2790373722894,19.524675681986025,2.455544110091296,-1.7894355651584166,4.244979675249713,
1738074600,281.82,,,268.1294433280721,,1,0,0,280.014917665294,271.6363581393304,18.761484561844163,2.15677204533182,-0.6054943839289737,2.762266429260794,
1738161000,291,,,268.1294433280721,,1,0,0,280.68068023103376,272.29275277867515,18.66209280742672,2.630420461314202,0.47143256173874054,2.1589878995754614,
1738247400,301.3,,,268.1294433280721,,1,0,0,281.9303359746075,273.27604929465224,18.400514749753388,3.7931886452170147,1.4841526055199918,2.309036039697023,
1738333800,291.33,255.3514999999999,262.6899673028604,268.1294433280721,,1,0,0,282.50001258220703,273.8880476236471,18.33690655334243,3.8656345027453085,2.2238970229178676,1.641737479827441,
1738593000,284.41,,,268.1294433280721,,1,0,0,282.61576939540663,274.24472397538784,18.600698942389396,3.3263184708629296,2.6914396440747876,0.634878826788142,
1738679400,280.39,,,268.1294433280721,,1,0,0,282.4808742805335,274.45303841690014,18.04064901793301,2.5451868963583593,2.8900455827188756,-0.3448586863605163,2.8900455827188756
1738765800,275.14,,,268.1294433280721,,1,0,0,282.035972808986,274.47632525022556,17.552031230937793,1.485380826346443,2.827730944278307,-1.342350117931864,
1738852200,270.37,,,268.1294433280721,,1,0,0,281.3289441538959,274.3371277841162,17.412600428727952,0.25760819797415024,2.501783795137941,-2.2441755971637907,
1738938600,274.49,260.5714999999999,263.7626975480549,268.1294433280721,,1,0,0,280.9144626900234,274.3423098931292,17.040271826675955,-0.37859666126882985,2.186879264986816,-2.5654759262556457,
1739197800,280.22,,,268.1294433280721,,1,0,0,280.87237404214324,274.5415536255655,16.613680981913387,-0.4156392528549304,1.90105578741051,-2.3166950402654405,
1739284200,266.9,,,,303.76914179881715,1,0,0,280.02556349413453,274.2825179094446,16.454846626062434,-1.5024886992218285,1.4418436584620622,-2.9443323576838907,
1739370600,274.9,,,,301.72272761893544,1,0,0,279.7149232823688,274.30344950573465,16.30235758134369,-1.6987099042190152,0.8316327085247255,-2.5303426127437407,
1739457000,298.11,,,,301.72272761893544,1,0,0,280.82977641677064,275.11045121740466,17.10218918267628,0.01842402239827834,0.4041648773750555,-0.3857408549767772,
1739543400,274.31,264.7254999999999,264.7215432255045,,301.72272761893544,1,0,0,280.4346384521179,275.0833172778316,17.602747098199405,-0.5350285880571164,-0.024873684727171823,-0.5101549033299446,
1739889000,264.63,,,,301.72272761893544,1,0,0,279.476781576232,274.72896753960003,17.679693734042306,-1.7347418459573873,-0.5004213227622548,-1.2343205231951324,
1739975400,258.67,,,,295.8750975907836,1,0,0,278.21576451100583,274.18459575859663,17.082572753039283,-3.1303605882330316,-1.0132814799377519,-2.11707910829528,
1740061800,256.59,,,,288.86761783170516,1,0,0,276.90511211639944,273.5881687837289,16.710953270679333,-4.3540463767596975,-1.5256875437970683,-2.8283588329626292,
1740148200,235.38,267.94899999999996,262.05413020500407,,287.1898110485347,1,0,0,274.3884386547995,272.29297662156864,17.877313751345095,-6.955121608491311,-2.2564125379328996,-4.698709070558412,
1740407400,227.07,,,,267.5668299436812,1,0,0,271.52065449390255,270.7599943632104,17.788934197677587,-9.576646401346693,-3.274302221098651,-6.302344180248042,
1740493800,212.49,,,,250.45714694931308,1,0,0,267.94303907002967,268.7847403169999,18.08615318355776,-12.68448894388186,-4.516746692727543,-8.167742251154316,
1740580200,212.96,,,,248.22093225438178,1,0,0,264.61073367184605,266.89237623845753,17.549999384732203,-14.937362856764054,-5.987708131899215,-8.949654724864839,
1740666600,208.37,,,,248.22093225438178,1,0,0,261.2022043584008,264.90856687444204,17.281428000108473,-16.898362499543367,-7.86735107878162,-9.031011420761747,
1740753000,215.62,269.91099999999994,257.8328456409128,,242.62235512604923,1,0,0,258.43964651849774,263.2377679973423,17.1427545715293,-17.66383672109933,-9.770551982452977,-7.8932847386463525,
1741012200,205.75,,,,242.62235512604923,1,0,0,255.24633460828576,261.28903009912733,18.05827210213435,-18.849620379342895,-11.672205152829143,-7.177415226513752,
1741098600,212.55,,,,242.62235512604923,1,0,0,252.65867796535935,259.6368595872925,18.614824094839037,-19.02139252891442,-13.437875368460409,-5.58351716045401,
1741185000,222.45,,,,242.62235512604923,1,0,0,250.8278489977618,258.3762880758589,18.36732951663625,-18.14946025260818,-14.970699132443574,-3.178761120164605,
1741271400,214.17,,,,242.62235512604923,1,0,0,248.60616117971563,256.8777698359993,18.02680597973366,-17.920003793933972,-16.189019375270536,-1.7309844186634358,
1741357800,217.45,269.7729999999999,254.16167785537527,,242.62235512604923,1,0,0,246.7179089870056,255.54123526528744,17.83060555260983,-17.274361226095948,-17.0443210224649,-0.2300402036310487,
1741613400,179.23,,,,232.04813796054273,1,0,0,242.62773268476283,252.95441373087093,19.456990870280556,-19.62054598091123,-17.81499402657927,-1.8055519543319605,
1741699800,191.69,,,,228.97186416448847,1,0,0,239.54059737053478,250.87765394338376,19.242920093831945,-20.241168840314543,-18.404305802529326,-1.8368630377852178,
1741786200,191.73,,,,228.97186416448847,1,0,0,236.64298540868418,248.87264872496397,18.971997229986805,-20.493552347364812,-18.803771341176155,-1.6897810061886567,
1741872600,177.49,,,,220.65968047323568,1,0,0,233.05795598997605,246.4528979207279,18.661140284987745,-21.59369837314648,-19.24042263584806,-2.3532757372984214,
1741959000,183.12,268.6769999999999,247.70334350488662,,218.71171242591208,1,0,0,230.03141320270478,244.30602002511,17.98891597891719,-21.760437300774328,-19.56384673822933,-2.1965905625449977,
1742218200,188.96,,,,218.71171242591208,1,0,0,227.5422366449651,242.42988375307237,17.59470769470882,-21.17722207540271,-19.803383354505808,-1.3738387208969023,
1742304600,181.14,,,,215.8825870649888,1,0,0,224.7299798786036,240.35226057500213,17.065085716515334,-21.102768869480172,-20.131528756380472,-0.9712401130997002,
1742391000,189.75,,,,215.8825870649888,1,0,0,222.60998109808216,238.63692970805292,16.748822451049953,-20.11711158427613,-20.37565184419627,0.25854025992013874,-20.37565184419627
1742477400,190.38,,,,215.8825870649888,1,0,0,220.6566489103196,237.0011015823562,16.127520847403527,-19.06536172738666,-20.574651899895237,1.509290172508578,
1742563800,189.86,269.02599999999995,242.4448577317151,,215.8825870649888,1,0,0,218.7901853399972,235.4030981388865,15.473762215446131,-18.065553586206732,-20.40187496715029,2.3363213809435592,
1742823000,203.04,,,,215.8825870649888,1,0,0,217.83562865272464,234.30604396468695,15.324922057199979,-16.024956853530625,-19.933406968618744,3.908450115088119,
1742909400,204.23,,,,215.8825870649888,1,0,0,217.01104509801405,233.28651705062975,14.84385619597141,-14.148649363786916,-19.2284177482212,5.079768384434285,
1742995800,193.95,,,,215.8825870649888,1,0,0,215.61340600116472,231.9530757946762,14.762816467687738,-13.33742669388755,-18.311054228303544,4.973627534415993,
1743082200,188.58,,,,215.8825870649888,1,0,0,213.97501775866988,230.48280203892446,14.245865291424328,-12.978235978793919,-17.33525408141683,4.357018102622913,
1743168600,173.93,264.18549999999993,236.21623430155918,,206.7932418150298,1,0,0,211.54804698541716,228.56575790201177,14.341874913465448,-13.717579595415202,-16.506404916973775,2.7888253215585728,
1743427800,172.23,,,,194.84491763352685,1,0,0,209.16513504690704,226.656071193469,14.061026705360772,-14.276124256922856,-15.747888848911849,1.4717645919889932,
1743514200,174.52,,,,194.84491763352685,1,0,0,207.06542989254905,224.88874674623275,13.59273908354929,-14.368361535802961,-15.109138843525942,0.7407773077229809,
1743600600,182.95,,,,194.84491763352685,1,0,0,205.60388868694002,223.46709431415707,13.6046862918672,-13.604406565856578,-14.502366047800377,0.8979594819437988,
1743687000,170.76,,,,194.84491763352685,1,0,0,203.4921378574285,221.6804131509653,13.940065842448112,-13.823252027398809,-14.03099920793283,0.20774718053402097,
1743773400,160.55,256.92049999999995,229.33748572869015,,185.92244445935694,1,0,0,200.88958404788738,219.60819575601732,14.629346853701819,-14.651655143679477,-13.87841012906048,-0.7732450146189969,-13.87841012906048
1744032600,157.28,,,,185.68270001342128,1,0,0,198.24657895407603,217.49537556089808,15.357250649865973,-15.394573196108155,-14.016846110429507,-1.3777270856786483,
1744119000,151.47,,,,185.68270001342128,1,0,0,195.4116347750411,215.25722723679985,15.721018460589834,-16.264670551189226,-14.342095427907472,-1.9225751232817547,
1744205400,177.09,,,,185.68270001342128,1,0,0,194.30123266746287,213.963422923688,17.013802856261986,-14.71725770344716,-14.535320063980054,-0.1819376394671064,
1744291800,169.62,,,,185.68270001342128,1,0,0,192.80540038458633,212.4602560449189,17.082638366528986,-13.93307660959286,-14.55926417666646,0.6261875670736003,-14.55926417666646
1744378200,175.5,250.46349999999993,224.44316884426377,,185.68270001342128,1,0,0,191.75658824006595,211.20736600949792,16.6481641974912,-12.690848383814227,-14.383122412987724,1.6922740291734968,
1744637400,176.58,,,,185.68270001342128,1,0,0,190.8367950133953,210.0335569922268,16.200795326241828,-11.486813752405737,-14.062950437054699,2.5761366846489615,
1744723800,175.57,,,,185.68270001342128,1,0,0,189.91153470955314,208.8653008229988,15.57700994579598,-10.493147716374494,-13.717255009334467,3.224107292959973,
1744810200,172.21,,,,185.68270001342128,1,0,0,188.83871442412567,207.62274825272763,14.969366378239124,-9.863088597360019,-13.277236850441268,3.4141482530812493,
1744896600,175.03,244.40499999999992,219.95106258569433,,185.68270001342128,1,0,0,188.00182264084532,206.51790932890637,14.342983065507758,-9.03209540044142,-12.652841323414817,3.6207459229733967,
1745242200,175,,,,185.68270001342128,1,0,0,187.213833389885,205.44950562284174,13.78796998940006,-8.280495654702463,-11.86238826325863,3.581892608556167,
1745328600,190,,,158.73531807846302,,1,0,0,187.3826919723162,204.92579356783017,14.123829275871485,-6.400689635622598,-10.766390383751226,4.365700748128628,
1745415000,194.8,,,169.51128627061675,,1,0,0,187.83222579217582,204.5825463282427,13.886412899023522,-4.472058827105656,-9.628034953046615,5.15597612594096,
1745501400,203.87,,,172.44915764355505,,1,0,0,188.80421210780153,204.55839221542092,13.688097691950414,-2.1865268964772326,-8.322862762700433,6.136335866223201,
1745587800,209.64,237.70599999999996,219.01369325972212,182.51874187919955,,1,0,0,190.06698713157112,204.7306501064236,13.273233571096812,0.08933460924563974,-6.902842430138226,6.992177039383866,
1745847000,205.27,,,182.51874187919955,,1,0,0,190.98838185086984,204.7489331536635,13.198002601732753,1.5227949386952275,-5.457330353349231,6.980125292044458,
1745933400,206.13,,,182.51874187919955,,1,0,0,191.90605567808984,204.79574897896305,12.559930987323272,2.697126593521034,-3.991744318916394,6.688870912437428,
1746019800,202.89,,,182.51874187919955,,1,0,0,192.5717492733571,204.73114731865923,12.418507345371609,3.327988982988302,-2.5260690322110246,5.8540580151993264,
1746106200,201.3,,,182.5516925469428,,1,0,0,193.10073416588094,204.6148372400606,12.073613963559351,3.6574909806280402,-1.1161149898699736,4.773605970498014,
1746192600,204.93,232.42349999999993,217.73335750883828,183.97702329224853,,1,0,0,193.81765936794875,204.62552072344837,11.761212966162253,4.163539657062273,0.26655560032610814,3.896984056736165,
1746451800,199.4,,,183.97702329224853,,1,0,0,194.15598304261852,204.44838442773826,11.36969775429352,4.071429193789243,1.430124359149646,2.6413048346395964,
1746538200,196.89,,,183.97702329224853,,1,0,0,194.32168104003557,204.19216800645899,10.99043362898684,3.752636902691677,2.3439794402382383,1.4086574624534385,
1746624600,196.56,,,183.97702329224853,,1,0,0,194.45733673457886,203.93345044691802,10.68205265548778,3.433780983425038,2.968458093560713,0.4653228898643249,
1746711000,206.5,,,186.52017498204424,,1,0,0,195.18719511430135,204.0204521266835,10.912620322952938,3.937768157977672,3.3960618211976055,0.5417063367800665,
1746797400,199.32,228.4539999999999,216.0594159171257,186.52017498204424,,1,0,0,195.437668137677,203.86111476645692,11.230290299884869,3.7149915208553352,3.639639219215395,0.07535230163994022,
1747056600,207.22,,,187.68714173545587,,1,0,0,196.15174885660568,203.97497528284822,11.44812670703595,4.128314765037487,3.798660127161668,0.3296546378758194,
1747143000,256.9,,,215.58892756191028,,1,0,0,199.8334610471144,205.76904391732793,14.430403370819096,8.368174118570096,4.3586806977818675,4.009493420788228,
1747229400,263.41,,,229.50253480571922,,1,0,0,203.68658462001656,207.7229746319948,14.181088844332018,12.113953679103389,5.298287664279128,6.815666014824261,
1747315800,244.44,,,229.50253480571922,,1,0,0,206.1564885824398,208.96761955972377,14.84029678402259,13.397354147565608,6.324267052112832,7.073087095452776,
1747402200,266.46,228.49149999999992,220.64128719738702,229.50253480571922,,1,0,0,209.81124685017073,210.9165138119365,15.638132728020976,16.006772131146363,7.650416267374734,8.356355863771629,
1747661400,263.99,,,232.0775478733693,,1,0,0,213.0948076471301,212.71561503865053,15.085408961733766,17.671737535591177,9.196983004363567,8.47475453122761,
1747747800,261.38,,,232.0775478733693,,1,0,0,216.0211829412434,214.36525520683188,14.587265464467068,18.566605159750594,10.878407912844185,7.688197246906409,
1747834200,258.99,,,234.50526177742915,,1,0,0,218.62535367207715,215.87795842015962,14.447460788433705,18.86547175805498,12.537041646186108,6.328430111868872,
1747920600,271.95,,,240.0522355996862,,1,0,0,221.85715041922398,217.7787055923576,14.70264216068844,19.91848152301648,14.337429424204013,5.581052098812469,
1748007000,263.16,228.1169999999999,224.50662472489728,240.0522355996862,,1,0,0,224.3603534241195,219.31705455532853,14.481739149210695,19.81530135000321,16.08042793364465,3.7348734163585604,
1748352600,266.4,,,240.0522355996862,,1,0,0,226.90821079235468,220.91308660430045,13.943043495695646,19.76710832157397,17.346976178422857,2.4201321431511147,
1748439000,254.29,,,240.0522355996862,,1,0,0,228.5677131685756,222.044507397375,13.847111817431669,18.538044173128583,18.060764011092324,0.47728016203625856,
1748525400,248.84,,,240.0522355996862,,1,0,0,229.79633661290435,222.95282918051484,13.728032401900835,16.929084579068757,18.453178503481563,-1.5240939244128064,18.453178503481563
1748611800,246.62,227.50899999999993,226.51693156808844,240.0522355996862,,1,0,0,230.81595257575864,223.75510615744653,13.16388723033649,15.298485642650718,18.374480004759825,-3.075994362109107,
1748871000,246.72,,,240.0522355996862,,1,0,0,231.77983423783388,224.53357713516021,12.862895285312456,13.85458635465767,17.95035209576721,-4.095765741109542,
1748957400,258.91,,,240.0522355996862,,1,0,0,233.4240867082682,225.6988796051548,12.971388479218712,13.537860857174138,17.391602728814274,-3.8537418716401355,
1749043800,256,,,240.0522355996862,,1,0,0,234.79232387746407,226.72603622870886,12.56128930213166,12.903299731143761,16.72913917026858,-3.8258394391248203,
1749130200,244.2,,,240.0522355996862,,1,0,0,235.36248606670867,227.3183739836679,13.490482923407967,11.317779763671012,15.773505641452418,-4.455725877781406,
1749216600,251.27,225.29849999999988,228.76721051644404,240.0522355996862,,1,0,0,236.32657782024148,228.13029350964527,13.3818770003074,10.510574321763073,14.73964708275907,-4.229072760995997,
1749475800,256.63,,,240.0522355996862,,1,0,0,237.55708825537837,229.09638525508103,12.924600071714012,10.185948128567247,13.675073727980545,-3.4891255994132973,
1749562200,254.94,,,240.0522355996862,,1,0,0,238.61059805808273,229.97243999219694,12.770700066591582,9.680717371749239,12.690926305605062,-3.0102089338558233,
1749648600,250.68,,,240.0522355996862,,1,0,0,239.34207696365348,230.67439117890214,12.632792918977897,8.834730683396117,11.791553650530325,-2.956822967134208,
1749735000,241.05,,,240.0522355996862,,1,0,0,239.44558745070478,231.0261067321597,12.540029139050905,7.303034780174755,10.903170221366329,-3.600135441191574,
1749821400,242.71,222.53399999999988,230.03473683313095,240.0522355996862,,1,0,0,239.64343063551055,231.42217091073056,12.209169914832982,6.152184317193047,10.047347772759148,-3.8951634555661006,
1750080600,261.57,,,240.0522355996862,,1,0,0,240.97231362729778,232.4441312188414,12.807800635202055,6.684911910957339,9.285909000957282,-2.600997089999943,
1750167000,253.85,,,240.0522355996862,,1,0,0,241.75277946806762,233.16975388938914,12.813672018401906,6.410269291701923,8.564461174352633,-2.1541918826507107,
1750253400,295.29,,,243.24821465451282,,1,0,0,244.99745950030595,235.2755249439861,15.286981159944627,9.427796934260215,8.354463082195878,1.0733338520643372,8.354463082195878
1750426200,308.38,223.3865,237.1570334846645,272.21639318906153,,1,0,0,248.8388255911965,237.75364274249506,15.299339648520009,12.728734011087795,8.600925269898624,4.12780874118917,
1750685400,307.59,,,272.21639318906153,,1,0,0,252.3995028280937,240.12097688681726,15.612951102197153,15.106861532692449,9.147693425912536,5.959168106779913,
1750771800,344.82,,,292.52584648313984,,1,0,0,258.0007450809365,243.6700963143828,17.45345459489736,19.767823419617002,10.268482986786731,9.499340432830271,
1750858200,355.37,,,317.19976183482584,,1,0,0,263.90191204572824,247.45653372745457,18.039636409547544,24.035895286357118,11.95750127600462,12.078394010352497,
1750944600,375.07,,,327.4457856513433,,1,0,0,270.6393719217447,251.78241394008322,18.713233808865578,28.6774228709956,14.332433286095826,14.344989584899773,
1751031000,353.43,227.33350000000002,247.72730316787684,327.4457856513433,,1,0,0,275.65698574466927,255.22809482347023,19.40585996537518,30.260871287780787,17.011176282827797,13.24969500495299,
1751290200,350.49,,,327.4457856513433,,1,0,0,280.19231994196207,258.4573119480984,18.916155682134097,30.922081628136368,19.704195140292132,11.217886487844236,
1751376600,335.33,,,327.4457856513433,,1,0,0,283.5339975212371,261.0631657803662,18.950401704838807,29.87839079362135,22.31176419606096,7.56662659756039,
1751463000,354.45,,,327.4457856513433,,1,0,0,287.83193706540453,264.2288211776419,19.156080154493175,30.245431982606817,24.62483475698836,5.620597225618457,
1751549400,355.8,231.40800000000004,257.55209378897894,327.4457856513433,,1,0,0,291.9512136068952,267.332928934332,18.45706728631509,30.296014885856266,26.576754854184856,3.7192600316714106,
1751895000,357.1,,,327.4457856513433,,1,0,0,295.899624903447,270.3758804958801,18.067269623006872,30.094095338420914,28.242003054821353,1.8520922835995606,
1751981400,354.82,,,327.4457856513433,,1,0,0,299.47055672748047,273.23839302144347,18.261750364220667,29.411063267485247,29.313474149028934,0.09758911845631246,
1752067800,373.85,,,327.4457856513433,,1,0,0,303.9784017742998,276.6489559698691,18.436618195347762,30.05881804646748,29.982687789041197,0.0761302574262821,
1752154200,388.96,,,340.72710347010764,,1,0,0,309.1288016667665,280.4561100047888,18.559716895680065,31.429123721778694,30.288432328017095,1.1406913937615997,
1752240600,387.06,238.99200000000005,269.32553980816266,348.9913931230968,,1,0,0,313.8519045960534,284.06980119106714,18.457594260274345,31.992991430677478,30.480890121672285,1.5121013090051925,
1752499800,394.01,,,357.10275381078714,,1,0,0,318.7099709841714,287.7965875913699,17.956337527397604,32.6245915851631,30.670057894675253,1.9545336904878496,
1752586200,388.02,,,357.10275381078714,,1,0,0,322.9105788033125,291.19399140183197,18.663727704012064,32.26981003571268,30.935771143796515,1.3340388919161654,
1752672600,398.2,,,360.56906658673756,,1,0,0,327.4735740273542,294.82131372719357,18.606318582296918,32.43617993245988,31.179187582669076,1.2569923497908029,
1752759000,410.75,,,366.4910299280638,,1,0,0,332.52063014690845,298.75109970254294,18.82607439784714,33.19802324264691,31.501632955645814,1.6963902870010976,
1752845400,419.78,249.20000000000005,283.00321800742057,383.1788219352574,,1,0,0,337.8090768046716,302.8537742888974,20.205997655143772,34.13692585612506,31.95083634650183,2.18608950962323,
1753104600,413.63,,,383.1788219352574,,1,0,0,342.40428427105513,306.60890058418903,20.401276394062076,33.99291023014786,32.459930453464345,1.5329797766835114,
1753191000,404.44,,,383.1788219352574,,1,0,0,346.1640246182639,309.9252090389623,20.84474950877193,32.75958846928086,32.76001605599916,-0.0004275867183025639,32.76001605599916
1753277400,397.81,,,383.1788219352574,,1,0,0,349.29408373230854,312.90435449526865,20.592981686716794,30.891093203994387,32.70023488735646,-1.8091416833620713,
1753363800,396.7,,,383.1788219352574,,1,0,0,352.16716956671405,315.74488485136123,20.072604423379882,28.986590153368297,32.36619030098878,-3.3796001476204793,
1753450200,391.66,257.91050000000007,292.88110727947327,383.1788219352574,,1,0,0,354.5606744414587,318.3182785852134,19.431346964567037,26.762075339876446,31.714799607068034,-4.952724267191588,
1753709400,379.49,,,,424.75984945260484,1,0,0,356.07154265712785,320.39189626029093,19.481250752812247,23.743414727142067,30.76742235056019,-7.024007623418122,
1753795800,371.44,,,,414.55929450734436,1,0,0,357.0029643142716,322.12234045485735,19.44972569903994,20.46562177155647,29.437360332682033,-8.971738561125562,
1753882200,377.48,,,,414.55929450734436,1,0,0,358.2439967800733,323.9988712868961,19.141888149108517,18.14614727049593,27.7649296691097,-9.61878239861377,
1753968600,377.76,,,,414.55929450734436,1,0,0,359.42678485400825,325.82128242971316,18.511038995600764,16.14443764977335,25.7657643128484,-9.621326663075049,
1754055000,314.69,264.48900000000003,294.86373389043024,,370.465952145854,1,0,0,356.71546455982593,325.44395082192625,21.989536210200704,9.360939369722587,23.028878661690037,-13.66793929196745,
1754314200,318.17,,,,361.85973193126864,1,0,0,354.3793757986244,325.19737621779313,21.347426480900655,4.217162205925263,19.857497965761638,-15.640335759836375,
1754400600,297.99,,,,349.14275873814177,1,0,0,350.961837871435,324.27509227820696,21.320467446550612,-1.470722035863787,16.261740716888507,-17.732462752752294,
1754487000,303.58,,,,341.0380128643275,1,0,0,348.0902113337723,323.57356372640334,20.616141200368425,-5.464355307512051,12.433857887901802,-17.898213195413852,
1754573400,310.79,,,,341.0380128643275,1,0,0,345.8295924650588,323.1402225831354,20.169273971770682,-7.955841713418636,8.576311548646792,-16.532153262065428,
1754659800,310.54,270.523,296.2888489913002,,341.0380128643275,1,0,0,343.6908292853583,322.7130963938766,19.619325830929917,-9.837139134417612,4.845138897362385,-14.682278031779997,
1754919000,319.62,,,,341.0380128643275,1,0,0,342.2319911468517,322.6082456686604,19.869373985863493,-10.474655471275298,1.4073303148255212,-11.88198578610082,
1755005400,322.62,,,,341.0380128643275,1,0,0,341.0433856228001,322.6086441205702,19.571632986873247,-10.615448550337305,-1.7884025541559494,-8.827045996181356,
1755091800,327.01,,,,341.0380128643275,1,0,0,340.1928774032364,322.7578426249577,19.877930630668015,-10.254583315410514,-4.721627105843045,-5.532956209567469,
1755178200,324.89,,,,341.0380128643275,1,0,0,339.26543028788876,322.83011914614553,19.21886415704887,-10.024109603540126,-6.875521436205569,-3.148588167334556,
1755264600,317.55,277.70400000000006,298.221680901182,,341.0380128643275,1,0,0,337.9493436037743,322.6511320564457,18.583945288688234,-10.314831229812171,-8.490187373509729,-1.8246438563024423,
1755523800,320.73,,,,341.0380128643275,1,0,0,336.9057470217274,322.58600893588823,18.48366348235336,-10.171381435810929,-9.456927306837189,-0.71445412897374,
1755610200,302.07,,,,341.0380128643275,1,0,0,334.7944896264712,321.89055100585813,18.673401805042406,-11.43162582585768,-10.119957364431148,-1.3116684614265317,
1755696600,304.39,,,,334.9734098192595,1,0,0,332.95179328547295,321.2973119887104,18.410301676110805,-12.10365062346284,-10.580825021102726,-1.5228256023601148,
1755783000,300.28,,,,334.9734098192595,1,0,0,330.9716846015049,320.58486073485585,17.609551556388606,-12.82009568570669,-10.912264637912623,-1.9078310477940672,
1755869400,319.85,285.66900000000004,300.1878917283473,,334.9734098192595,1,0,0,330.29764311050457,320.5599502014709,18.142440730932275,-11.674175484493674,-11.045544639381331,-0.6286308451123421,
1756128600,306,,,,334.9734098192595,1,0,0,328.8250586795649,320.0663925675227,17.900123535865685,-11.748179025030538,-11.171403581013912,-0.5767754440166257,
1756215000,308.48,,,,334.9734098192595,1,0,0,327.5920248201973,319.6736334974372,17.252257569018134,-11.474441867046266,-11.306943420084552,-0.167498446961714,
1756301400,308.97,,,,334.9734098192595,1,0,0,326.4634172553369,319.31079846362576,16.42852488551684,-11.090124243360037,-11.425389491175654,0.3352652478156166,-11.425389491175654
1756387800,308.47,,,,334.9734098192595,1,0,0,325.3729071186498,318.94331376994353,15.965773107979922,-10.702523549664477,-11.468466415603688,0.7659428659392109,
1756474200,304.54,292.12100000000004,300.5835379348612,,333.1480134018414,1,0,0,324.11030668721645,318.4550658455387,15.323217885981359,-10.590385985661783,-11.515022476698228,0.9246364910364449,
1756819800,303.56,,,,331.3662120616572,1,0,0,322.8648335546579,317.9501483592492,15.300845179839838,-10.460017398643572,-11.407065984785548,0.9470485861419764,
1756906200,302.31,,,,331.3662120616572,1,0,0,321.6190860664968,317.4199738385967,14.72371338127985,-10.33838939002652,-11.210925847737068,0.872536457710547,
1756992600,306.8,,,,329.79571176994244,1,0,0,320.72095963822426,317.05997472542396,14.22634099690272,-9.767103749200885,-10.871704521458646,1.1046007722577613,
1757079000,299.07,298.32300000000004,300.4459435771466,,329.79571176994244,1,0,0,319.40878026621067,316.4501450737147,14.865888068552525,-9.824847435172785,-10.666223627089657,0.8413761919168721,
1757338200,302.2,,,,328.9208540336533,1,0,0,318.36582388644035,315.967089308504,14.479031777941632,-9.508437531758545,-10.417363461170547,0.9089259294120016,
1757424600,318.78,,,,328.9208540336533,1,0,0,318.39092546908034,316.06244221330047,14.67270807951723,-7.829558689690316,-10.012376441464331,2.1828177517740155,
1757511000,315.34,,,,328.9208540336533,1,0,0,318.2060208951967,316.0379526467479,14.777450359551718,-6.699387987902469,-9.5245168575246,2.825128869622132,
1757597400,323.95,,,,328.9208540336533,1,0,0,318.55414084094235,316.3061576417734,14.483346762440883,-5.050742703163792,-8.896541207913414,3.845798504749622,
1757683800,323.04,303.99300000000005,302.49994870649687,,328.9208540336533,1,0,0,318.82601109300646,316.53442348442513,14.140964850837962,-3.774103318218579,-8.139176467086392,4.365073148867813,
1757943000,327.02,,,,328.9208540336533,1,0,0,319.32261648130907,316.88986675613955,13.664824504349538,-2.4133846739655382,-7.245106164344388,4.8317214903788495,
1758029400,327.91,,,,328.9208540336533,1,0,0,319.84306396729033,317.2634305949145,13.567337039753143,-1.2487944578246584,-6.235151171877514,4.986356714052856,
1758115800,320.56,,,,328.9208540336533,1,0,0,319.8865146359394,317.3751787103411,13.826098679770777,-0.9084597362576119,-5.250857392661595,4.342397656403983,
1758202200,343.13,,,307.72973825491647,,1,0,0,321.2952107186098,318.24822349982105,15.076377345501433,1.1689929343291965,-4.029319573828041,5.198312508157238,
1758288600,342.46,310.8695000000001,306.13268064226986,314.29426442942486,,1,0,1,322.5779252205122,319.0689616862678,14.859493249394186,2.729857642802301,-2.669508998876836,5.399366641679137,
1758547800,331.95,,,314.29426442942486,,1,0,0,323.1459297526024,319.505607052835,14.81738658872317,3.0832432959615517,-1.4569754449155172,4.540218740877069,
1758634200,320.07,,,314.29426442942486,,1,0,0,322.9595097675962,319.5247390171457,15.043058975242946,2.37728341400981,-0.4484564002585974,2.8257398142684074,
1758720600,321.77,,,314.29426442942486,,1,0,0,322.8874182665298,319.60084955893734,14.48624761986845,1.9327019291301895,0.3274818922185116,1.6052200369116778,
1758807000,306.69,,,,340.2343747078544,1,0,0,321.9057565534068,319.1631936416852,14.695087075592129,0.3593950457728283,0.7867594882175568,-0.4273644424447285,0.7867594882175568
1758893400,312.59,316.5330000000001,306.7197096747908,,337.13961723706893,1,0,0,321.3411652471397,318.94037351823823,14.419537998764119,-0.40669319669541437,1.0097252079142374,-1.4164184046096517,
1759152600,333.99,,,,337.13961723706893,1,0,0,322.10776129276763,319.45053034812844,14.945992427423828,0.7048524047519322,1.2267970815338585,-0.5219446767819262,
1759239000,337.49,,,305.33127503797414,,1,0,0,323.04001818411507,320.0620377939546,14.481135825464987,1.8468912388801755,1.5329471898825016,0.3139440489976739,1.5329471898825016
1759325400,346.17,,,317.01274753417675,,1,0,0,324.4418352638657,320.9470534619561,14.330697552217488,3.4130254680247276,1.7822841380708938,1.6307413299538338,
1759411800,372.07,,,333.42019278075907,,1,0,0,327.3283907024193,322.68003470053384,15.447069155630526,6.667255699200382,2.219772811004014,4.447482888196368,
1759498200,380.02,322.21100000000007,313.383372431628,345.86068850268316,,1,0,0,330.52182156893934,324.6237623378039,15.305842787371207,9.77507419144115,2.9633095771684137,6.811764614272736,
1759757400,386.07,,,356.2959146524148,,1,0,0,333.88837783748846,326.70668564838684,15.128996873987552,12.581198945288577,4.097077969532721,8.484120975755856,
1759843800,375.78,,,356.2959146524148,,1,0,0,336.4272640291558,328.37018782979743,15.833354240131298,13.815499547929278,5.417388816065953,8.398110731863325,
1759930200,387.27,,,356.2959146524148,,1,0,0,339.50864196678276,330.3667916321772,15.763471794407636,15.54168378591919,7.104309787193326,8.437373998725864,
1760016600,387,,,356.2959146524148,,1,0,0,342.38690609000804,332.2865614073576,15.377152380521371,16.695455667125884,9.004548549840138,7.690907117285747,
1760103000,357.01,326.90350000000007,317.3494294832982,356.2959146524148,,1,0,0,343.27315420576514,333.124644071515,17.88807006762699,15.016781720297843,10.594762918234128,4.422018802063715,
1760362200,356.99,,,356.2959146524148,,1,0,0,344.10447819329454,333.9336391877348,18.25713649136792,13.52885447739493,11.892758833624656,1.6360956437702736,
1760448600,341.55,,,,383.470151196956,1,0,0,343.94966133309487,334.19182091018445,18.540198170555925,10.977243623526363,12.733227517569283,-1.7559838940429202,12.733227517569283
1760535000,336.3,,,,378.8115860772604,1,0,0,343.4860454947255,334.2632846081443,18.267934015516214,8.434218098432439,12.92955667303951,-4.4953385746070715,
1760621400,330.25,,,,373.0155324695344,1,0,0,342.68386091928755,334.12724106210555,17.96236015726506,5.863081654573307,12.49489083560975,-6.631809181036443,
1760707800,336.02,331.37350000000004,319.04675407572563,,364.3205242225809,1,0,0,342.27999056054284,334.1914023820342,18.002905860317558,4.242127669731246,11.568327360547825,-7.326199690816578,
1760967000,343.78,,,,364.3205242225809,1,0,0,342.3709002235402,334.5164395894229,18.00555544172345,3.5428374802427243,10.426920464138208,-6.884082983895484,
1761053400,338.62,,,,364.3205242225809,1,0,0,342.14357293726505,334.6555433321543,17.38301576731463,2.5429624032332185,8.98261808828421,-6.439655685050992,
1761139800,320.33,,,,360.00385715826155,1,0,0,340.82153821379444,334.1699316937762,18.151364641077873,0.2715735263371357,7.1577422948632385,-6.886168768526103,
1761226200,322.76,,,,359.08642644243537,1,0,0,339.7268995341705,333.78315434822446,17.561267166715165,-1.3172533547220837,5.3428495087499135,-6.660102863471997,
1761312600,354.46,336.5330000000001,322.2661400688415,,359.08642644243537,1,0,0,340.6198147139178,334.48406437031855,18.74403379766408,-0.01827437715058977,3.837612969355967,-3.855887346506557,
1761571800,361.43,,,326.50584458162734,,1,0,0,341.8810380645894,335.3974859170874,18.747317097830937,1.5556638460425347,2.7907707718577637,-1.235106925815229,
1761658200,355.22,,,326.50584458162734,,1,0,0,342.68946000006883,336.06943554701667,18.412151590843013,2.275693350298752,2.1064902442873543,0.16920310601139787,2.1064902442873543
1761744600,348.61,,,326.50584458162734,,1,0,0,343.0482806061253,336.49453942677883,18.153426477211372,2.286591755624272,1.7091024777374615,0.5774892778868106,
1761831000,328.51,,,326.50584458162734,,1,0,0,342.1671726906025,336.2238770733287,18.313896014553418,0.6656535631514089,1.3117164658952574,-0.6460629027438485,1.3117164658952574
1761917400,343.78,341.58650000000006,324.22194551712863,326.50584458162734,,1,0,1,342.264919800263,336.4800168335548,19.355046299228174,0.6062216053661018,0.9854258131311882,-0.37920420776508634,
1762180200,330.42,,,326.50584458162734,,1,0,0,341.5470458729743,336.2745925341123,19.251107277854732,-0.5130053884014956,0.6458738362828866,-1.1588792246843822,
1762266600,307.32,,,,356.59261191469534,1,0,0,339.4726794564304,335.29308092278643,19.559599615150823,-3.226781461713415,0.2571677264994921,-3.483949188212907,
1762353000,319.3,,,,356.59261191469534,1,0,0,338.25009282270736,334.75094258642076,19.363913928354332,-4.360517342949663,-0.08097271663690561,-4.279544626312758,
1762439400,295.22,,,,346.36211565090326,1,0,0,335.64220840920996,333.4109106343387,19.73649150490045,-7.119991126334753,-0.870052355435146,-6.2499387708996075,
1762525800,309.14,341.62450000000007,322.850859561026,,339.3779040858129,1,0,0,334.03601396016694,332.58816790097126,20.275313540264705,-8.090405160310695,-1.9418378005855048,-6.14856735972519,
1762785000,317.93,,,,339.3779040858129,1,0,0,333.059891901975,332.0912808534807,19.945648287388657,-8.057306125274067,-3.0899488534269293,-4.967357271847138,
1762871400,304.01,,,,339.3779040858129,1,0,0,331.2992923927644,331.13937302793903,19.54524483828947,-9.049980030869051,-4.349567940815076,-4.700412090053975,
1762957800,304,,,,339.3779040858129,1,0,0,329.64478982350596,330.21939428122926,18.866298778411654,-9.72538004202329,-5.5041272302789315,-4.221252811744358,
1763044200,283.14,,,,330.7563818707019,1,0,0,326.82631771299043,328.6234826106791,19.245134579953678,-11.80775463717805,-6.883457923894948,-4.924296713283102,
1763130600,284,338.1530000000001,319.3189632372964,,320.3552436836317,1,0,0,324.23078330614254,327.1108221831985,19.62762496709984,-13.236079409596414,-8.297132815138829,-4.938946594457585,
1763389800,263.95,,,,309.0867193152685,1,0,0,320.57740249970965,324.96977736342905,20.06708032659271,-15.803728967364748,-9.694571426877864,-6.109157540486883,
1763476200,261.79,,,,304.95554738374165,1,0,0,317.01452962093936,322.8280899951772,19.34800316040752,-17.807628433224636,-11.188694881352863,-6.618933551871773,
1763562600,257.29,,,,293.1399226453675,1,0,0,313.39486115906425,320.6064598258492,19.094567220378412,-19.53367355965929,-12.567992929500033,-6.965680630159259,
1763649000,238.16,,,,289.73897538083077,1,0,0,308.83517260396945,317.81166457751533,19.704240990351384,-22.189422036955307,-14.134550360238324,-8.054871676716983,
1763735400,240.41,332.3835,312.1454211248149,,277.5735778427477,1,0,0,304.6881924461531,315.18787933759955,19.36536663389771,-23.837778570028206,-15.887936187433228,-7.949842382594978,
1763994600,255.97,,,,277.5735778427477,1,0,0,301.73557472214384,313.1804935973419,19.234983302905018,-23.616316838731677,-17.50641805497352,-6.109898783758158,
1764081000,254.12,,,,277.5735778427477,1,0,0,298.84978231474116,311.17844296692357,18.94891306698323,-23.321253467046574,-19.017070657753884,-4.304182809292691,
1764167400,264.97,,,,277.5735778427477,1,0,0,296.79646217445384,309.6120550697397,18.50822641934157,-21.958782124933805,-20.144962600837857,-1.8138195240959476,
1764340200,272.82,326.67150000000004,308.5703828407408,,277.5735778427477,1,0,0,295.34334325478994,308.3648667622909,18.250495960817172,-20.01486546515963,-20.898161051455993,0.883295586296363,-20.898161051455993
1764599400,259.84,,,,277.5735778427477,1,0,0,293.19162548177235,306.7199560245861,18.419746249330235,-19.2992057976424,-21.286547365931288,1.9873415682888869,
1764685800,263.26,,,,277.5735778427477,1,0,0,291.3775875737862,305.246737176295,18.011907231520933,-18.24574929690789,-21.335227461896093,3.089478164988204,
1764772200,276.92,,,,277.5735778427477,1,0,0,290.50137014507186,304.2865087974376,17.749078143555156,-16.122776263034325,-20.95623887338221,4.833462610347883,
1764858600,274.05,,,,277.5735778427477,1,0,0,289.5043174090069,303.26154239752447,17.40842970472979,-14.504688828939322,-20.1023796280471,5.597690799107777,
1764945000,269.73,319.1690000000001,305.03943894612803,,277.5735778427477,1,0,0,288.3058739296731,302.12487994337107,16.810684725820522,-13.416276294204522,-18.944434930733355,5.528158636528833,
1765204200,274.2,,,,277.5735778427477,1,0,0,287.4509724793899,301.1782738435958,16.117771531119054,-12.054058196686356,-17.659739526061653,5.605681329375297,
1765290600,277.36,,,,277.5735778427477,1,0,0,286.8393983897299,300.37087473025355,16.245787850324838,-10.597345348811018,-16.245971957368813,5.6486266085577945,
1765377000,275.09,,,,277.5735778427477,1,0,0,286.1273136388372,299.5138959258382,15.705588718158777,-9.516361261742759,-14.863480750347586,5.347119488604827,
1765463400,269.02,,,,277.5735778427477,1,0,0,285.09050675163496,298.48020453852166,15.753046666861719,-9.045204370031229,-13.644629517555542,4.599425147524313,
1765549800,267.46,312.9590000000001,301.6231263146618,,277.5735778427477,1,0,1,284.02199119092984,297.4286721812836,15.70211476208588,-8.697429547521836,-12.466654378653256,3.769224831131421,
1765809000,250.42,,,,277.5735778427477,1,0,0,281.98550687632803,295.83515787005365,16.136442279079745,-9.685156629059861,-11.515477415559031,1.8303207864991702,
1765895400,252.61,,,,277.5735778427477,1,0,0,280.20517312624753,294.36989828123825,15.460982116288335,-10.173943868110314,-10.854496038345253,0.6805521702349395,
1765981800,244.19,,,,277.5735778427477,1,0,0,278.0224353610204,292.6688847801793,15.488769107982026,-11.11263536459586,-10.477601208973757,-0.6350341556221029,-10.477601208973757
1766068200,239.2,,,,277.2541617932365,1,0,0,275.66956049065556,290.8563802113597,15.547428457411883,-12.119500379054955,-10.33351499617936,-1.7859853828755945,
1766154600,245.12,309.48050000000006,296.4864784678744,,272.4842456139129,1,0,0,273.81807197607037,289.3059944414831,14.994040710453891,-12.29799005842824,-10.360618536372904,-1.9373715220553365,
1766413800,247.9,,,,272.4842456139129,1,0,0,272.2472797350964,287.9024014095684,14.619466373992898,-12.075917983197371,-10.524904384638054,-1.551013598559317,
1766500200,242.3,,,,268.70793894726944,1,0,0,270.4322930844845,286.35655729398985,14.225218775850548,-12.211036237837561,-10.824312715315253,-1.386723522522308,
1766586600,239.73,,,,264.13919005254246,1,0,0,268.5715480490612,284.7759960297868,13.577703149004082,-12.382755255144389,-11.19515170255005,-1.1876035525943394,
1766759400,236.9,305.7985000000001,291.0695258798858,,260.7469810472883,1,0,0,266.6520602885121,283.15308091013304,13.156745781218076,-12.601933912519883,-11.628985520883166,-0.9729483916367165,