Price,Close,High,Low,Open,Volume
Ticker,IWM,IWM,IWM,IWM,IWM
Date,,,,,
2000-05-26,32.72624206542969,32.72624206542969,32.43544155493715,32.592026445202364,74800
2000-05-30,33.93417739868164,33.93417739868164,33.19599160161078,33.19599160161078,57600
2000-05-31,34.05720520019531,34.493405857931805,34.04602056794566,34.04602056794566,36000
2000-06-01,34.82894515991211,34.82894515991211,34.75624504959116,34.75624504959116,7000
2000-06-02,36.640872955322266,36.640872955322266,36.40599556458302,36.40599556458302,29400
2000-06-05,36.50663757324219,36.90928431118236,36.46189904680439,36.551376099679985,48400
2000-06-06,36.86458969116211,37.51329909713523,36.7527432418564,37.082690267308244,151800
2000-06-07,36.9093132019043,36.9093132019043,36.30534262223677,36.64088183316317,131000
2000-06-08,36.819828033447266,37.311952101938054,36.819828033447266,37.311952101938054,91400
2000-06-09,37.468528747558594,37.468528747558594,37.155358955041685,37.17772822593575,41600
2000-06-12,36.355655670166016,37.58037318928098,36.32769408297161,37.58037318928098,85200
2000-06-13,36.819828033447266,36.819828033447266,35.92505699982765,36.26618845639513,168200
2000-06-14,36.640872955322266,37.12181237445501,36.640872955322266,37.12181237445501,43200
2000-06-15,36.685611724853516,36.685611724853516,36.06486433133846,36.41718041954971,26800
2000-06-16,36.48430633544922,36.86458420651153,36.48430633544922,36.84221491997845,30200
2000-06-19,37.40143585205078,37.40143585205078,36.517849299325896,36.68561889794454,59200
2000-06-20,37.64749526977539,37.70341846536329,37.31195609624798,37.457356404776526,47000
2000-06-21,37.84804153442383,37.9151876755257,37.33325445264278,37.33325445264278,66800
2000-06-22,36.70655059814453,37.95994500881288,36.70655059814453,37.95994500881288,139600
2000-06-23,36.460357666015625,37.06467298644682,36.169391030252456,37.06467298644682,235800
2000-06-26,36.907989501953125,36.907989501953125,36.4379665913764,36.605831916582375,93600
2000-06-27,36.3260612487793,37.28848924243149,36.3260612487793,36.963949570153424,112800
2000-06-28,37.24371337890625,37.3780056146475,36.48272404303918,36.48272404303918,170600
2000-06-29,36.66178894042969,37.1318118755634,36.5498787177788,37.06466574197287,212200
2000-06-30,37.01431655883789,37.01431655883789,36.382023622912165,36.68418130910676,1171800
2000-07-03,37.53469467163086,37.53469467163086,36.88561527659371,36.93037937280317,15800
2000-07-05,37.10942077636719,37.333241167056975,36.98072405172056,37.32205014752249,138800
2000-07-06,37.54588317871094,37.54588317871094,36.77370257086263,37.12062429322926,154600
2000-07-07,37.78089141845703,37.926374708871705,37.551475460495425,37.551475460495425,71800
2000-07-10,38.027069091796875,38.161361272227,37.75848473093662,37.75848473093662,44800
2000-07-11,37.982330322265625,38.17257770455157,37.84803805241672,37.959948277290806,253200
2000-07-12,38.74332046508789,38.74332046508789,38.139005241195704,38.183769331854386,45200
2000-07-13,38.86641311645508,38.86641311645508,38.6761657732418,38.77688495494295,102600
2000-07-14,38.90000534057617,39.067870726108005,38.586656620916756,39.067870726108005,54800
2000-07-17,39.0342903137207,39.10143645531541,38.832851888936595,38.933571101328646,46600
2000-07-18,38.362815856933594,38.77688358934507,38.362815856933594,38.77688358934507,235400
2000-07-19,37.69135284423828,38.23971278763724,37.69135284423828,38.23971278763724,35400
2000-07-20,38.31807327270508,38.31807327270508,38.04948864696182,38.04948864696182,150400
2000-07-21,37.266109466552734,38.094245232476126,37.266109466552734,38.094245232476126,150600
2000-07-24,36.72333526611328,37.467538159667,36.64499811942341,37.467538159667,37000
2000-07-25,36.79606628417969,37.01429112984316,36.57224592965304,37.01429112984316,36800
2000-07-26,36.72893524169922,36.72893524169922,36.14700208125792,36.527496840008,15800
2000-07-27,35.72174835205078,36.65619884935537,35.72174835205078,36.65619884935537,275000
2000-07-28,35.09504318237305,35.92877427838286,35.00551501098944,35.92877427838286,171600
2000-07-31,35.99032211303711,35.99032211303711,34.871220057283466,35.27409679735478,166400
2000-08-01,35.75531768798828,35.85603689274318,35.55387927847849,35.72174461973665,263400
2000-08-02,35.81126022338867,36.01269856214524,35.45314762115479,35.542675771713256,388600
2000-08-03,35.78887939453125,35.85602550971799,35.117418242663874,35.117418242663874,1084200
2000-08-04,35.96794128417969,36.22533476567818,35.75531188642007,36.21414374474346,570400
2000-08-07,36.63380432128906,36.63380432128906,36.10223086619169,36.10223086619169,88200
2000-08-08,36.460357666015625,36.6394140572545,36.460357666015625,36.5275038127302,49600
2000-08-09,36.19735336303711,36.72892680089281,36.19735336303711,36.72892680089281,23000
2000-08-10,35.99032211303711,36.23652456530291,35.87841190746175,36.2029515036303,43000
2000-08-11,36.61701583862305,36.61701583862305,35.632206121691866,35.632206121691866,176000
2000-08-14,36.99751663208008,36.99751663208008,36.48272964929856,36.505111692028194,56800
2000-08-15,36.460357666015625,36.975144790827386,36.460357666015625,36.91918966856524,189200
2000-08-16,36.63941192626953,36.907996497506694,36.48273759304785,36.617029878666436,219400
2000-08-17,36.97513961791992,37.13181393833484,36.684173022863654,36.77370120595789,358800
2000-08-18,36.91919708251953,37.19897275001362,36.840859895621186,37.10944453641551,52200
2000-08-21,37.053497314453125,37.18778966352393,36.81848570357921,37.15421657625623,129200
2000-08-22,36.99751663208008,37.31086523029491,36.99751663208008,37.07585378163378,195600
2000-08-23,36.94156265258789,37.0646638913575,36.79607937040563,36.95275367429422,153000
2000-08-24,37.489933013916016,37.69137145996093,37.143011245727536,37.143011245727536,276200
2000-08-25,37.6465950012207,37.736123170070215,37.40039253688454,37.512302747946435,208600
2000-08-28,37.713741302490234,38.0494719372305,37.64659517554218,37.82565151407032,156000
2000-08-29,38.07184600830078,38.07184600830078,37.69135136859408,37.80326155674311,140200
2000-08-30,38.11661911010742,38.250911367688545,37.90398970227065,38.03828195985177,619000
2000-08-31,38.49712371826172,38.788090351016024,38.250921182854235,38.250921182854235,151200
2000-09-01,38.81045913696289,38.87760526003722,38.491515052359816,38.67616689081423,186800
2000-09-05,38.54188537597656,38.877616084826535,38.54188537597656,38.76011033672904,110400
2000-09-06,38.3740234375,38.72094520086031,38.31806831437736,38.72094520086031,217800
2000-09-07,38.94475555419922,38.967137597621175,38.54187877260405,38.54187877260405,213800
2000-09-08,38.27329635620117,38.8328474725199,38.27329635620117,38.74891480507209,128600
2000-09-11,38.31807327270508,38.61463546362993,38.18378095983345,38.469152124685664,314600
2000-09-12,38.1949462890625,38.54186786391188,38.13899119634486,38.54186786391188,93000
2000-09-13,38.38520431518555,38.45235044518295,38.02709162186603,38.02709162186603,81200
2000-09-14,38.60903549194336,38.754518814086914,38.37961948394775,38.55308036804199,114000
2000-09-15,37.89280700683594,38.45235820303847,37.82566086329163,38.40759410734227,67000
2000-09-18,36.99751663208008,38.06066366173755,36.89120192911433,38.06066366173755,201400
2000-09-19,37.60182571411133,37.758499987920125,36.98072412865503,37.232522068704874,54800
2000-09-20,37.30303192138672,37.59498822179492,37.10090832879642,37.59498822179492,40400
2000-09-21,36.606834411621094,37.37041255272239,36.606834411621094,37.37041255272239,207400
2000-09-22,37.07846450805664,37.07846450805664,35.933097039909526,35.933097039909526,127600
2000-09-25,37.12336730957031,37.49954178170298,37.10090913212955,37.49954178170298,113800
2000-09-26,36.59562301635742,37.10093232465324,36.404728388779,37.10093232465324,65200
2000-09-27,36.42717361450195,36.94371183468293,36.292424513585175,36.7640463667939,43600
2000-09-28,37.415340423583984,37.48271498617147,36.49455473488834,36.5170129224175,121000
2000-09-29,37.235660552978516,37.51077324403641,37.235660552978516,37.381638715580664,130400
2000-10-02,36.62931823730469,37.51641699289852,36.62931823730469,37.51641699289852,169600
2000-10-03,36.09593200683594,37.07286343772557,36.09593200683594,37.07286343772557,151000
2000-10-04,36.348594665527344,36.348594665527344,35.79836879632412,36.25876187055539,99800
2000-10-05,35.97801208496094,36.51700852069069,35.95555390013887,36.382259411758255,408800
2000-10-06,35.10213851928711,36.04538216471901,35.05722215521892,36.04538216471901,185600
2000-10-09,35.02353286743164,35.12459468077146,34.72034742741219,35.12459468077146,361800
2000-10-10,34.18137741088867,35.253756367110704,34.18137741088867,35.06847623331318,420400
2000-10-11,34.06906509399414,34.36102148570273,33.77710870228556,34.29364693376998,168200
2000-10-12,33.035987854003906,34.38347886096532,33.035987854003906,34.38347886096532,161400
2000-10-13,34.31611251831055,34.59683987857159,33.103370321982815,33.1258285108037,378800
2000-10-16,34.58562088012695,34.877577420024124,34.293664340229775,34.495788098620125,1098000
2000-10-17,33.71535873413086,34.681060932677156,33.468318636828315,34.585613622355716,265800
2000-10-18,33.44023132324219,33.64235495111941,32.78894407786004,32.92930770833033,343600
2000-10-19,34.47331237792969,34.56314511376794,33.97923233081929,33.97923233081929,150600
2000-10-20,34.91124725341797,35.23689092352061,34.725967234221635,34.742810872330395,264800
2000-10-23,35.25935363769531,35.30427001175607,34.973011753057975,35.102146328482654,143200
2000-10-24,34.74282455444336,35.59623588803667,34.74282455444336,35.371653958143696,73800
2000-10-25,33.968017578125,34.855116219008266,33.968017578125,34.6754506714876,33000
2000-10-26,34.49576187133789,34.49576187133789,33.664809274176754,34.288023722047605,105800
2000-10-27,34.518218994140625,34.6754262374451,34.226262685146594,34.226262685146594,138800
2000-10-30,34.67544937133789,34.87757310472004,34.15891094158351,34.45086744535772,73600
2000-10-31,35.57377624511719,35.70291084954233,34.810197714603305,34.810197714603305,285000
2000-11-01,35.596221923828125,35.73097102890255,35.416556450395554,35.4614728187537,528200
2000-11-02,36.44964599609375,36.517020572796326,35.84327480577057,35.85450390188766,211800
2000-11-03,36.404727935791016,36.51701889179284,36.20260421498773,36.50578979619266,224200
2000-11-06,36.124019622802734,36.719162003905794,36.09033231821199,36.719162003905794,68200
2000-11-07,36.42717361450195,36.42717361450195,35.978009944779366,36.146446320925335,79400
2000-11-08,35.77589416503906,36.47209800629217,35.77589416503906,36.44963981786466,192600
2000-11-09,35.39409637451172,35.70851093621423,34.87755816600044,35.48392910642672,249000
2000-11-10,34.49576187133789,35.48392171661059,34.49576187133789,35.48392171661059,189000
2000-11-13,34.14766311645508,34.41716127982072,33.28302317565697,34.136434026314845,160800
2000-11-14,34.9674072265625,35.0796981938925,34.76528348536849,34.810199872300494,129600
2000-11-15,35.416568756103516,35.52885971601507,34.90003034051038,35.01232130042193,542200
2000-11-16,34.38910675048828,35.38849630176777,34.38910675048828,34.956176102618784,165400
2000-11-17,34.60807418823242,35.14145625310622,34.518241419411574,34.85511430248976,215400
2000-11-20,33.709747314453125,34.38349309688723,33.68728912170532,34.271202133148215,79800
2000-11-21,33.51323699951172,33.82203713939665,33.37287329956403,33.82203713939665,84400
2000-11-22,32.8114013671875,33.41777223434291,32.676652285597406,33.260564972487806,123400
2000-11-24,33.7321891784668,33.84448008784918,33.12581826780195,33.21003644983873,82200
2000-11-27,33.827632904052734,34.53506555897567,33.8220183591724,34.42838920624919,235600
2000-11-28,32.8114013671875,33.93431038043827,32.699110465862425,33.6872703975231,171000
2000-11-29,32.721588134765625,33.05846103937886,32.384715230152395,33.05846103937886,526800
2000-11-30,32.025386810302734,32.541925307243105,31.598681095438955,32.33980154757079,214600
2000-12-01,32.74403381347656,33.23811388473615,32.42961922267501,32.474535592789515,309200
2000-12-04,32.384700775146484,32.86755172290352,32.33978440791327,32.86755172290352,528200
2000-12-05,33.95677185058594,33.95677185058594,32.87877909342448,32.87877909342448,392400
2000-12-06,33.17073440551758,34.15889440134884,33.17073440551758,33.84447985722071,310800
2000-12-07,33.08091354370117,33.35041182104293,32.85633164591637,32.85633164591637,236200
2000-12-08,33.53009033203125,34.40596007278759,33.53009033203125,33.75467231684057,359600
2000-12-11,35.05722427368164,35.05722427368164,34.33856240516286,34.47331150551013,250800
2000-12-12,34.293643951416016,35.05722214024912,34.293643951416016,35.05722214024912,323200
2000-12-13,33.655059814453125,34.574412043337965,33.63813922128347,34.574412043337965,525400
2000-12-14,33.119232177734375,33.8186165084631,33.119232177734375,33.57044787497871,593800
2000-12-15,32.93873977661133,32.995141728283606,32.48752416323309,32.73569275059112,389000
2000-12-18,33.435081481933594,33.5478854005636,33.07410894231758,33.09666972604358,239600
2000-12-19,32.8484992980957,33.75093059749394,32.8484992980957,33.38995807773465,453800
2000-12-20,31.810701370239258,32.487524803648604,31.697897464671033,32.29575816418262,261400
2000-12-21,32.05886459350586,32.45367819687416,31.5850882694639,31.810696042817213,404600
2000-12-22,33.38996887207031,33.45765124140559,32.53265886049013,32.57778044004698,885600
2000-12-26,33.58173370361328,33.64941606915634,33.22076108738365,33.38996700124129,514000
2000-12-27,34.47287368774414,34.47287368774414,33.34483462728131,33.57044243937387,741200
2000-12-28,35.57836151123047,35.64604387301467,34.45032214816038,34.45032214816038,1201000
2000-12-29,34.56312561035156,35.81524928618349,34.51800403644771,35.71372574489982,1803800
2001-01-02,33.356109619140625,34.56311121848051,33.09666067722644,34.56311121848051,826000
2001-01-03,34.737972259521484,35.19482820253516,33.00643183353137,33.02899262084069,1409800
2001-01-04,34.292381286621094,34.85640071567736,34.15701662364759,34.608232166892606,506600
2001-01-05,33.232032775878906,34.24726799306462,33.074107297650016,34.24726799306462,263200
2001-01-08,33.34482192993164,33.38994347516836,32.735681069236,33.11921420374807,423400
2001-01-09,33.29408264160156,33.615573868193344,33.096675748080294,33.34484441422132,327600
2001-01-10,34.360076904296875,34.360076904296875,32.983868965254125,32.983868965254125,1021800
2001-01-11,34.82820510864258,34.969209987624936,34.1119003234122,34.1119003234122,431200
2001-01-12,34.92407989501953,35.17788861518682,34.517985942751864,34.698472143759716,1014200
2001-01-16,35.62348175048828,35.62348175048828,34.675928721026274,34.83385422593661,445200
2001-01-17,35.600914001464844,36.23261589756181,35.352745399426745,36.16493355155142,1089600
2001-01-18,35.73628234863281,35.73628234863281,35.20610391732418,35.6911607800108,916200
2001-01-19,35.104576110839844,36.029568154891535,34.93537024912307,36.029568154891535,590800
2001-01-22,35.35274887084961,35.44299200772478,34.84513122592676,35.014337107567705,237600
2001-01-23,36.23260498046875,36.23260498046875,35.28505242182635,35.37529552264944,3197400
2001-01-24,36.09724807739258,36.3905382180214,35.961883397102355,36.27773431777954,938800
2001-01-25,35.961891174316406,36.21005980851809,35.81524607228814,36.114176472576524,772000
2001-01-26,35.961891174316406,36.097255883880955,35.49939508330418,35.75884410996957,435200
2001-01-29,36.6928596496582,36.6928596496582,35.87706092906969,35.87706092906969,596800
2001-01-30,36.931095123291016,36.931095123291016,36.404075610484384,36.819194530996924,1381400
2001-01-31,36.4221305847168,37.19822211245396,36.4221305847168,36.98163638080491,922400
2001-02-01,36.68925476074219,36.68925476074219,36.277746217992615,36.440182786024465,702800
2001-02-02,35.869850158691406,36.74701373344262,35.869850158691406,36.74701373344262,856000
2001-02-05,35.94203567504883,36.09364348079308,35.70379523087957,35.73628143753823,541600
2001-02-06,36.51238250732422,36.63511188105513,36.007020268544125,36.007020268544125,424800
2001-02-07,36.602622985839844,36.67481640580699,36.11531051605549,36.11531051605549,406600
2001-02-08,36.05393600463867,36.7470053687301,36.00701056626868,36.69285893737894,2393800
2001-02-09,35.59188461303711,36.07919689155916,35.465544800679744,36.00700349992676,985000
2001-02-12,36.38602828979492,36.42212498818925,35.55940095275754,35.60993688130991,443200
2001-02-13,36.043121337890625,36.999699485136205,36.043121337890625,36.692873259718596,913000
2001-02-14,36.4221305847168,36.4221305847168,35.84457505965727,36.24164431101057,336000
2001-02-15,36.602622985839844,36.87335244172031,36.469062129497935,36.81920599974373,1262000
2001-02-16,35.81208801269531,36.24164624835941,35.70018739829628,35.77238081003718,675400
2001-02-20,35.396976470947266,36.09726427924549,35.20205091335902,35.988971384806675,631000
2001-02-21,34.779685974121094,35.429437316975665,34.67139591964568,35.08651192613555,399600
2001-02-22,34.292381286621094,34.830229443048836,34.021651960674085,34.779693522525484,526600
2001-02-23,34.36456298828125,34.47285578344187,33.37188913064288,34.220176266734,380800
2001-02-26,35.122615814208984,35.19119869786451,34.548668262981074,34.707497001132346,903200
2001-02-27,34.490928649902344,35.12263061965146,34.38263578205883,35.12263061965146,448400
2001-02-28,33.98555374145508,34.5811587825854,33.87726091434011,34.5811587825854,316200
2001-03-01,34.220184326171875,34.220184326171875,33.462140089515515,33.94945502850913,541600
2001-03-02,34.31041717529297,34.76163253659877,33.66066595341261,33.67871566946485,1030800
2001-03-05,34.18409729003906,34.671412405898536,34.148000588049946,34.65336267790306,522200
2001-03-06,34.689453125,34.79774596544278,34.51979562684026,34.65335642951952,522000
2001-03-07,34.86995315551758,35.08653616811038,34.74361329433865,34.94214932905013,394600
2001-03-08,34.58116149902344,34.94213394576063,34.58116149902344,34.86632730842475,830400
2001-03-09,33.96772766113281,34.56092381127287,33.96772766113281,34.217302306517105,246600
2001-03-12,33.00558090209961,33.7289908944744,32.792176278952304,33.7289908944744,1006400
2001-03-13,33.349185943603516,33.349185943603516,32.55705420153519,33.20450621180643,672200
2001-03-14,32.55344009399414,33.38536244467638,32.444927523178436,32.463013871510825,655800
2001-03-15,32.4268684387207,33.05985247443631,32.37261211231252,32.933256219211465,561600
2001-03-16,31.83004379272461,32.6800500920895,31.703447579558006,32.499197570539934,301400
2001-03-19,32.661964416503906,32.69813436659323,31.652807079347056,32.19174678657179,784600
2001-03-20,31.902372360229492,32.9730213357616,31.902372360229492,32.58961224980867,625200
2001-03-21,31.414091110229492,32.04707511033034,31.16089861402565,31.92047886222842,494800
2001-03-22,31.106643676757812,31.37792254603186,30.075784525434692,31.197069966515826,1193000
2001-03-23,31.92047691345215,32.010903193660226,31.46834551241175,31.739624353035992,297200
2001-03-26,32.35450744628906,32.535359925607814,32.04705878336515,32.19174131873812,1011600
2001-03-27,32.61493682861328,32.77047007774695,31.866207643153544,32.40876510390959,633200
2001-03-28,31.739625930786133,32.19175735430161,31.66728600686014,32.15558739233861,1233200
2001-03-29,31.793867111206055,32.33642456102326,31.649184572670155,31.739610814306356,591800
2001-03-30,32.40878677368164,32.499213077603514,31.793889010849608,31.992825223722654,231400
2001-04-02,31.64919090270996,32.55345349993024,31.594934594958655,32.39068733626677,340200
2001-04-03,30.574913024902344,31.576837086562737,30.473636100169,31.576837086562737,507400
2001-04-04,30.672584533691406,31.052373120877775,30.52790198446275,30.6183282327819,356400
2001-04-05,32.15559005737305,32.15559005737305,31.106644515962984,31.106644515962984,950000
2001-04-06,31.251338958740234,31.750491287062566,31.19708261097656,31.6492142430197,405000
2001-04-09,31.938556671142578,32.04706652920699,31.504508960113444,31.685361483144625,569800
2001-04-10,32.69813919067383,32.824735414458836,32.08323891007555,32.10132526758371,769000
2001-04-11,32.48112106323242,33.20453130731697,32.23516146986004,33.20453130731697,526800
2001-04-12,32.878971099853516,32.91514103258692,32.20981768572422,32.28215755119101,492000
2001-04-16,32.285804748535156,32.84283105014108,32.285804748535156,32.73431839361845,262400
2001-04-17,32.806640625,32.951323169106914,32.10131701691505,32.10131701691505,295400
2001-04-18,33.76516342163086,34.72368228667056,33.27686219139262,33.33111849688361,688600
2001-04-19,34.14133071899414,34.17750066282759,33.53004845772647,33.74707363990682,251200
2001-04-20,33.743465423583984,34.00027568537584,33.2768655644104,34.00027568537584,504000
2001-04-23,33.13216018676758,33.43960872467388,33.09599025752955,33.2768426633084,305200
2001-04-24,33.38535690307617,33.649399883529235,33.09599193532522,33.349184212415665,319200
2001-04-25,34.1087760925293,34.14494603370649,33.24430152832322,33.45770611298138,390200
2001-04-26,34.597084045410156,34.68751029604657,34.126866438264734,34.18112274056462,323600
2001-04-27,35.04922103881836,35.04922103881836,34.687515977034046,34.81411219674043,1658400
2001-04-30,35.08538818359375,35.483263167778276,34.90815349019699,35.32049700684519,1112800
2001-05-01,35.51941680908203,35.51941680908203,34.734517910578624,34.95877592140351,563400
2001-05-02,35.42899703979492,35.66410579787273,35.085378457704806,35.591765915197854,590200
2001-05-03,34.9913330078125,35.17580328874703,34.83218472035344,35.13963334885132,385600
2001-05-04,35.48324203491211,35.62792451378941,34.531959358605015,34.7779187448198,754000
2001-05-07,35.266231536865234,35.808788945124704,35.230061594899205,35.66410641767091,269000
2001-05-08,35.44708251953125,35.62793498136559,35.10346394588183,35.48325245998021,437800
2001-05-09,35.230079650878906,35.59178477509821,35.121567009776676,35.121567009776676,237000
2001-05-10,35.266231536865234,35.75453265238082,35.266231536865234,35.75453265238082,562600
2001-05-11,35.056461334228516,35.573699792270425,34.95880216112855,35.320507299351114,1009600
2001-05-14,35.04922103881836,35.20113650246602,34.8321985536659,35.05645392583418,249400
2001-05-15,35.392845153808594,35.51944139286641,35.03114003673423,35.08539635621359,435000
2001-05-16,36.07283401489258,36.08006689929957,35.1215482793802,35.1215482793802,633200
2001-05-17,36.44538879394531,36.47794091239427,35.989639818533085,36.08006604923292,173600
2001-05-18,36.58646774291992,36.65880765181922,36.260932633691844,36.260932633691844,309000
2001-05-21,37.21943283081055,37.21943283081055,36.423680436344036,36.47793672044686,376000
2001-05-22,37.40030288696289,37.54498545951947,37.002427882125204,37.32796022088933,896200
2001-05-23,36.53221130371094,37.23753507158,36.53221130371094,37.12902520861048,659000
2001-05-24,36.91200637817383,37.02051625188819,36.28625534401651,36.749237428215935,540200
2001-05-25,36.64072036743164,36.96625268431252,36.64072036743164,36.930082733502466,339600
2001-05-29,36.17049789428711,36.71305536270141,36.17049789428711,36.71305536270141,753600
2001-05-30,35.70027542114258,36.13432299209365,35.55559565708183,36.13432299209365,849400
2001-05-31,35.8449592590332,36.24283414396739,35.736449432009174,35.86304560999873,972000
2001-06-01,36.26816177368164,36.35135514395223,35.627945091336265,36.08007637422124,538200
2001-06-04,36.742000579833984,36.742000579833984,36.27901854554212,36.441784718363586,417800
2001-06-05,37.2556266784668,37.41839287565282,36.69498264888647,36.749238967812154,1191600
2001-06-06,37.02051544189453,37.34605057509684,36.94817552766772,37.25562430251791,1081200
2001-06-07,37.17604446411133,37.30987632558385,36.89391496765784,36.89391496765784,262800
2001-06-08,36.959869384765625,37.21376335325782,36.65156877524319,37.17749318164989,545400
2001-06-11,36.47023010253906,36.95988453809318,36.452093625680895,36.95988453809318,513400
2001-06-12,36.5609016418457,36.81479567755455,36.0748723584692,36.27073465768921,690200
2001-06-13,36.510101318359375,36.99612754807064,36.415796688999045,36.724097198452476,759400
2001-06-14,35.5997314453125,36.288876050665756,35.5997314453125,36.18006272504868,865200
2001-06-15,35.81732940673828,35.962412813478565,35.4908924333816,35.54529905681369,817800
2001-06-18,35.54530715942383,35.908014375336315,35.36395355146759,35.726660767380075,685600
2001-06-19,35.436485290527344,35.9442758230573,35.24787880159461,35.90800566371283,763600
2001-06-20,35.85362243652344,35.94429927767157,35.182614365474784,35.182614365474784,861400
2001-06-21,35.904388427734375,36.125640062524376,35.74479912601121,35.7810692960739,776800
2001-06-22,35.25514221191406,35.99869315217864,35.18260187165066,35.99869315217864,673400
2001-06-25,35.008487701416016,35.461871571585405,34.910558003043064,35.43648218554534,1857600
2001-06-26,35.54530715942383,35.581577327567786,34.76548609176469,34.819892727598855,1007600
2001-06-27,35.8898811340332,35.98055794616288,35.50904018343056,35.61785069764416,989000
2001-06-28,36.34326171875,36.54275179325041,36.089367775964426,36.089367775964426,922600
2001-06-29,36.959869384765625,37.14122301004197,36.43394221112221,36.597162134212944,2283200
2001-07-02,36.12565994262695,36.85107481202604,36.020474454495506,36.85107481202604,2142000
2001-07-03,35.90803527832031,36.1038976209979,35.76295175405121,35.99871213508375,1084800
2001-07-05,35.436485290527344,35.90437781760765,35.38208143512852,35.54529853579654,849600
2001-07-06,34.78361511230469,35.34580951626171,34.65666816736187,35.21886257131889,588600
2001-07-09,35.110050201416016,35.16445405543921,34.54785306046689,34.91056017921195,895400
2001-07-10,34.45719909667969,35.21888399694826,34.30486267007348,35.21888399694826,775600
2001-07-11,34.45719909667969,34.54424808799216,33.90951020989543,34.38465873179222,1103400
2001-07-12,35.30229187011719,35.36395142898486,34.72921383923385,34.74735030583554,1254200
2001-07-13,35.47277069091797,35.599717676881745,35.07379049612217,35.218873951753665,241200
2001-07-16,34.874298095703125,35.54167802044841,34.874298095703125,35.43649259958905,547200
2001-07-17,35.5634651184082,35.5634651184082,34.783643579496506,34.85618395962117,558400
2001-07-18,34.892433166503906,35.505409248714415,34.87429946599682,35.0737867749935,877800
2001-07-19,35.1826057434082,35.60697259184647,35.00125210555558,35.25514609165449,431000
2001-07-20,35.1826057434082,35.400229555383966,35.00125210555558,35.00125210555558,629600
2001-07-23,34.9287109375,35.41836519476205,34.819897650447615,35.41836519476205,1452000
2001-07-24,34.348388671875,34.94685641787768,34.02195423518061,34.81990938502567,588200
2001-07-25,34.54786682128906,34.566003291344565,34.061840416853784,34.42091983261095,603600
2001-07-26,35.05565643310547,35.218873589489064,34.26132666630207,34.460816761648,622800
2001-07-27,35.00122833251953,35.21159907368041,34.88153434869679,35.055634940369416,592200
2001-07-30,34.94685745239258,35.18261781594701,34.711097088838144,35.14634762937814,378000
2001-07-31,34.90331268310547,35.42560913361342,34.86341467245912,35.03388472030535,652200
2001-08-01,35.436485290527344,35.4727582171076,34.98310138063198,35.20072787117037,439000
2001-08-02,35.32769775390625,35.72667530025858,35.14634407217905,35.70853882519083,553000
2001-08-03,35.237022399902344,35.469154900929205,34.85617854531012,35.363969429020514,303000
2001-08-06,34.74735641479492,35.18260401739374,34.674813302870604,35.18260401739374,236800
2001-08-07,34.78361511230469,34.85615543306177,34.56599138279759,34.74734495192615,427400
2001-08-08,34.00380325317383,34.93596073566471,34.00380325317383,34.45718729654948,1126400
2001-08-09,34.348388671875,34.348388671875,33.89500443509081,34.16703497716133,535200
2001-08-10,34.312103271484375,34.52972705519308,33.91675372059116,34.221426464336034,425400
2001-08-13,34.602291107177734,34.68208718852936,34.31575189106883,34.51161424513966,1614800
2001-08-14,34.71106719970703,34.9649638215386,34.60950965786859,34.656663350318915,4667800
2001-08-15,34.66754150390625,34.90330164665912,34.464423668322794,34.729201040049766,931600
2001-08-16,34.892433166503906,35.001246438492245,34.27583200453386,34.547862417268256,1579400
2001-08-17,34.348388671875,34.81990938502567,34.31211848637982,34.60228550481681,2412000
2001-08-20,34.7292366027832,34.7292366027832,34.29398879141902,34.312122502670306,2469600
2001-08-21,34.13075637817383,34.81990080165398,34.094486201619524,34.711087504753976,910400
2001-08-22,34.58413314819336,34.58413314819336,34.01468291896068,34.420916004791806,1277800
2001-08-23,34.13075637817383,34.81627295382742,34.13075637817383,34.52973385474536,842200
2001-08-24,34.85616683959961,34.85616683959961,34.402782768410134,34.457189410400225,2401000
2001-08-27,34.7292366027832,34.98313069820596,34.584153076582446,34.856183650494586,249400
2001-08-28,34.348388671875,34.71109606130235,34.27584830088464,34.69296235217365,985000
2001-08-29,34.20330047607422,34.47533095886197,34.02194682088239,34.47533095886197,653000
2001-08-30,33.771671295166016,34.16702085799358,33.59031767539484,34.021940175965945,959400
2001-08-31,34.054569244384766,34.14524601897674,33.826064768617776,33.876843541010444,995600
2001-09-04,33.73178482055664,34.27221801758635,33.73178482055664,33.98567886822494,697400
2001-09-05,33.496002197265625,33.858709319633924,33.15143153791003,33.80430269783153,569200
2001-09-06,32.716182708740234,33.296516342761905,32.716182708740234,33.18770309457388,305400
2001-09-07,32.1104736328125,32.67992392649042,31.979898796419373,32.38975977568989,4950200
2001-09-10,31.86383628845215,32.13586676803581,31.591805808868486,31.86383628845215,4777800
2001-09-17,30.28605842590332,30.82649150801823,29.741997496096673,29.741997496096673,1338800
2001-09-18,29.79641342163086,30.41301489387037,29.596923245015685,30.373116858547334,4303400
2001-09-19,29.07461929321289,29.995893425296494,28.14608669804047,29.926980918128812,1636000
2001-09-20,27.968347549438477,28.762677064813246,27.78336613478219,28.690133977087328,732000
2001-09-21,27.44241714477539,27.58387267502803,26.658968576697497,27.02167563216277,1011200
2001-09-24,28.291168212890625,28.501539102200276,27.747107285719654,27.747107285719654,1702800
2001-09-25,28.635726928710938,28.835216957955897,28.20047947774932,28.378205197381135,924600
2001-09-26,28.211362838745117,28.87148976807027,28.055398647173103,28.726406348685785,990600
2001-09-27,28.664749145507812,28.67200483905189,27.794251325050087,28.211365152273196,1879400
2001-09-28,29.089113235473633,29.299484053208452,28.755423311144213,28.871489492095144,2264800
2001-10-01,28.941328048706055,29.228921453172152,28.413468459414233,29.196156241311968,906000
2001-10-02,29.258056640625,29.258056640625,28.759318099036314,28.759318099036314,1107200
2001-10-03,29.92424201965332,30.1244661685996,28.75930909147273,28.75930909147273,1441200
2001-10-04,30.22273063659668,30.55765099978191,29.8696126383464,30.03343023776749,2346200
2001-10-05,30.069854736328125,30.17906839678163,29.491029557213334,30.17906839678163,503800
2001-10-08,29.79681396484375,30.139014067412315,29.66939991944627,29.66939991944627,348000
2001-10-09,29.549285888671875,29.833238179446674,29.487399420666044,29.724027255451645,1017200
2001-10-10,30.579511642456055,30.579511642456055,29.523789851697074,29.523789851697074,638600
2001-10-11,31.07095718383789,31.453202063126998,30.94354314988073,30.94354314988073,1523400
2001-10-12,30.9726619720459,31.22748999734873,30.50668913868234,30.987223970265656,573800
2001-10-15,31.089176177978516,31.15106262914764,30.688730677434876,30.852548407569394,590600
2001-10-16,31.507808685302734,31.59881910579475,31.209294617185627,31.27118103653997,966400
2001-10-17,30.615915298461914,31.83545479185713,30.615915298461914,31.780850742946654,797400
2001-10-18,30.4193172454834,30.779720453372576,30.324668422881658,30.779720453372576,969400
2001-10-19,30.797935485839844,30.925349559368712,30.379286863600566,30.379286863600566,519200
2001-10-22,31.074609756469727,31.21658584306686,30.827061209532918,30.852544025655,369600
2001-10-23,30.87074089050293,31.413162309423843,30.87074089050293,31.311231065859438,851600
2001-10-24,31.07095718383789,31.081877989974554,30.797925920750707,30.94354314988073,527600
2001-10-25,31.762636184692383,31.76263618469238,30.579500739417306,30.725117965088522,1195000
2001-10-26,31.762636184692383,31.908253410363596,31.45320131602703,31.45320131602703,951600
2001-10-29,31.125577926635742,31.67892031215607,31.08917429741,31.67528189342671,516400
2001-10-30,30.47030258178711,30.870750849863633,30.342888486225934,30.870750849863633,887200
2001-10-31,30.979949951171875,31.223857238051732,30.72876305192426,30.816132287427003,1531200
2001-11-01,31.526012420654297,31.526012420654297,30.761525363552547,31.067319075426084,786000
2001-11-02,31.307601928710938,31.562430135767666,31.25299509079331,31.47141966504467,369600
2001-11-05,31.762636184692383,31.78083937943287,31.533290929017074,31.74443298995189,305600
2001-11-06,32.21769332885742,32.21769332885742,31.489609863798496,31.58062029693086,1671200
2001-11-07,31.999269485473633,32.27230079033703,31.893697047636284,31.92645947105922,584200
2001-11-08,31.926462173461914,32.36331396467133,31.65343084548789,32.16308987985639,483200
2001-11-09,31.81722640991211,31.849988810469746,31.609722874132043,31.693450860501194,421400
2001-11-12,31.94466209411621,31.955582901727315,30.965388942856148,31.56241716321941,230200
2001-11-13,32.527137756347656,32.527137756347656,32.12669228896612,32.217702748708234,442200
2001-11-14,32.85111618041992,32.85111618041992,32.18856051953372,32.763746966186915,285600
2001-11-15,32.727352142333984,32.90937300766686,32.54533127700111,32.69094852475101,363400
2001-11-16,32.7601318359375,32.818379876712775,32.50166240419098,32.64000011232253,423200
2001-11-19,33.12779235839844,33.26612719475,32.767391878549915,32.81835749075405,316200
2001-11-20,32.93852233886719,33.3644508246588,32.80018459729991,33.1278229623012,457000
2001-11-21,32.82564926147461,32.927580523640316,32.53077628486401,32.872976474207675,384800
2001-11-23,33.30254364013672,33.32802645393357,32.78196377764248,32.78196377764248,224600
2001-11-26,33.473628997802734,33.546438995104225,33.09138692728517,33.30253175333339,549200
2001-11-27,33.36441421508789,33.615601038120516,33.16783141179035,33.455424617869134,420800
2001-11-28,32.781959533691406,33.39718818068739,32.781959533691406,33.200605309382,641400
2001-11-29,33.74666976928711,33.74666976928711,32.83656537661574,32.891172195659664,507000
2001-11-30,33.34623336791992,33.699354411714175,33.2734261078757,33.63746796293469,740200
2001-12-03,33.12779235839844,33.27705077800879,32.982175133207676,33.09138874645514,210800
2001-12-04,33.89228820800781,33.98329865044469,33.11323904294164,33.12780104702174,680400
2001-12-05,34.63857650756836,34.94073185665251,34.14712065175079,34.25633152114446,600400
2001-12-06,35.1300163269043,35.1300163269043,34.71136790845776,34.802378313449736,738000
2001-12-07,34.864288330078125,35.12276049940287,34.78783987140903,35.00262601688613,526800
2001-12-10,34.25996398925781,35.01353018352528,34.219919180789006,34.85699214426114,674600
2001-12-11,34.45653533935547,34.729566518308495,34.2417493676557,34.529342542776234,429000
2001-12-12,34.51115798950195,34.631289652608494,34.12163343962787,34.54756160794085,249400
2001-12-13,33.895904541015625,34.416484001010524,33.892263348311815,34.2016980701457,796400
2001-12-14,34.28293228149414,34.28293228149414,33.85576543012439,34.06387257198365,1147400
2001-12-17,34.94012451171875,34.94012451171875,34.19532177719933,34.19532177719933,798800
2001-12-18,35.25045394897461,35.28696344141951,34.914559376192635,35.232197810004294,1727800
2001-12-19,34.97662353515625,35.18837967500815,34.73200412149878,34.95836739881774,1551600
2001-12-20,34.428985595703125,34.98758903397601,34.30119816509473,34.97663646232303,5581600
2001-12-21,35.12266159057617,35.224892054688894,34.469134247201396,34.648032684781825,1577800
2001-12-24,35.286956787109375,35.359975758229474,35.12631170805092,35.21393503049408,319000
2001-12-26,35.59730911254883,35.6849324781176,35.268718009795215,35.268718009795215,963000
2001-12-27,35.74334716796875,35.83462231253174,35.58270202217904,35.597306379568685,1705200
2001-12-28,35.77982711791992,35.97332981889901,35.68855204874155,35.88935831513158,2017600
2001-12-31,35.177425384521484,35.92588236981786,35.177425384521484,35.87111674897993,2346600
2002-01-02,35.50236511230469,35.520621248043426,34.786768602170895,35.451251274830504,1807400
2002-01-03,35.9952507019043,35.9952507019043,35.41474234483595,35.41474234483595,1013400
2002-01-04,36.30924606323242,36.45163504501012,35.889382688270246,36.053676810168845,1304400
2002-01-07,35.72508239746094,36.43703002441897,35.72508239746094,36.27273313258449,1661800
2002-01-08,36.144954681396484,36.23257803401852,35.52428485662147,35.87112926714348,743600
2002-01-09,35.77982711791992,36.557489704541744,35.77982711791992,36.41875260216849,868800
2002-01-10,35.9989128112793,35.9989128112793,35.76524868771166,35.83461868191008,365200
2002-01-11,35.56078338623047,36.12668739650571,35.45125214011511,36.053668422759,802800
2002-01-14,35.03141403198242,35.50969788382264,34.94013884921488,35.50969788382264,781000
2002-01-15,35.268699645996094,35.268699645996094,34.85248539438924,35.1190099238193,1170000
2002-01-16,34.553096771240234,34.994867858819816,34.39245172648599,34.867083293899206,4382800
2002-01-17,34.72105026245117,35.0496412058551,34.50929134498028,34.86709099124128,813400
2002-01-18,34.28293228149414,34.925509843487525,34.246422794158285,34.72105170051511,991000
2002-01-22,34.06388854980469,34.717416200494064,33.994518541481504,34.59328332822799,1331400
2002-01-23,34.53850173950195,34.62977685127944,33.881322606001255,34.191657428945646,1752600
2002-01-24,34.81232833862305,34.96932164799945,34.72105322353201,34.72105322353201,956600
2002-01-25,34.78677749633789,34.89265698260396,34.560416954075755,34.81233442160929,770400
2002-01-28,35.01313781738281,35.04964730956446,34.6845468167565,34.903606555342144,617600
2002-01-29,34.39610290527344,35.06058541667448,34.19164760499452,34.99486724365703,1519000
2002-01-30,34.82693099975586,34.89994997408398,33.95434116470678,34.465482341489604,1250600
2002-01-31,35.12266159057617,35.12266159057617,34.688193956452274,34.903601881325294,2674000
2002-02-01,34.9218635559082,35.18473636289586,34.76852201366399,34.86709792353648,768400
2002-02-04,34.10039138793945,34.83424426177546,33.994511895853975,34.775826837660944,2787200
2002-02-05,33.968955993652344,34.20992091165176,33.731640075648066,34.00911727756828,1805200
2002-02-06,33.58924865722656,34.11864330990837,33.42495453342765,33.972605326751996,1273600
2002-02-07,33.15113830566406,33.625767453186555,33.13288215997227,33.55274844141286,1973000
2002-02-08,34.027381896972656,34.027381896972656,33.19130379997424,33.30083233150164,1737800
2002-02-11,34.17705535888672,34.31944431992763,33.86306873056689,33.88132486833953,1031600
2002-02-12,34.250083923339844,34.40707728143191,33.93974899283124,34.063884636332475,394600
2002-02-13,34.575016021728516,34.60787651498285,34.323098572425394,34.41072191194405,359200
2002-02-14,34.136905670166016,34.75027478186265,34.136905670166016,34.662651418904986,1958000
2002-02-15,34.085784912109375,34.27928774283655,33.8813295114159,34.22452210750911,847800
2002-02-19,33.42495346069336,33.88132910715015,33.31542219134538,33.77179783780216,981400
2002-02-20,33.99085235595703,33.99085235595703,33.18032888700187,33.37018268656558,1388200
2002-02-21,33.26430892944336,33.99085819149924,33.26430892944336,33.91783920097453,665600
2002-02-22,33.863067626953125,33.863067626953125,33.14381927588197,33.29716080039077,1361800
2002-02-25,34.07483673095703,34.07483673095703,33.71703694816317,33.863077732681,740600
2002-02-26,34.235477447509766,34.32675258527538,33.84847175474231,34.06023074287762,994200
2002-02-27,34.392452239990234,34.534841155241246,34.18434514958531,34.410708371892014,1247600
2002-02-28,34.027381896972656,34.4947131021797,33.93975851465132,34.428994869064425,1466200
2002-03-01,34.86708450317383,34.86708450317383,34.06386482253419,34.19164939188668,1445200
2002-03-04,35.41475296020508,35.590002447894484,34.775827004737465,34.867102141232834,1448800
2002-03-05,35.49507522583008,35.71778677983508,35.305221383647414,35.40745187547443,1330800
2002-03-06,35.92589569091797,36.01351904545176,35.1956945703119,35.49507691834054,846600
2002-03-07,35.96239471435547,36.25447619171591,35.834610112571056,36.1814544296281,1150200
2002-03-08,36.326087951660156,36.46499005647615,36.0738761090354,36.443056530649415,1206800
2002-03-11,36.33342361450195,36.54543017286614,36.0190698317558,36.3261115049017,1110600
2002-03-12,36.27492141723633,36.36995927760611,35.876498076313496,36.02270952563205,818000
2002-03-13,35.9678840637207,36.20547734788244,35.83995007648031,36.00443623311056,1581200
2002-03-14,36.13237762451172,36.27127980090916,35.642572319063966,36.09582544763167,1402200
2002-03-15,36.27857971191406,36.40651369219064,35.858222814932496,36.04464249405071,1414800
2002-03-18,36.4832649230957,36.68430597646324,36.22374097431727,36.36629634352302,1362400
2002-03-19,36.71719741821289,36.79030451412866,36.51615917913329,36.662370582214265,621200
2002-03-20,36.13966369628906,36.57098576573288,36.13235159292966,36.53443082643653,1805600
2002-03-21,36.746463775634766,36.77936268704099,36.18720738050014,36.388248537003854,960200
2002-03-22,36.47963333129883,36.958473302652465,36.46501190157205,36.75377886398268,1018600
2002-03-25,36.03733825683594,36.60390673589223,35.98616465355046,36.57101061467395,1873600
2002-03-26,36.443077087402344,36.50156280426295,36.114104690695065,36.114104690695065,843600
2002-03-27,36.78300476074219,36.78300476074219,36.35899461706366,36.443064319656564,976400
2002-03-28,36.589271545410156,37.07542338251467,36.589271545410156,36.88169441598084,1783000
2002-04-01,36.62582015991211,36.85610405452815,36.20911942239371,36.58926800181857,1304000
2002-04-02,36.391902923583984,36.69894735490668,36.29686781826601,36.32976394193321,5878800
2002-04-03,36.13237762451172,36.519838507946744,36.01175293093046,36.461352793936804,6075400
2002-04-04,36.27492141723633,36.47961856178288,35.94960240659705,35.96787988354366,2093200
2002-04-05,36.223758697509766,36.51618168389068,36.07754720431931,36.40652236680977,815400
2002-04-08,36.676998138427734,36.676998138427734,35.821665823687226,35.8253218765604,1162200
2002-04-09,36.541770935058594,36.8049510826892,36.5271495058844,36.677014274603096,954600
2002-04-10,37.247215270996094,37.247215270996094,36.67699104930054,36.735476728961906,2098000
2002-04-11,36.651424407958984,37.265510438196785,36.56004257482093,37.15585391168246,1505600
2002-04-12,37.4665412902832,37.4665412902832,36.64410501805747,36.91825044213272,2963400
2002-04-15,37.19240188598633,37.740692822880476,37.13026291577212,37.649311000064785,2844000
2002-04-16,38.124507904052734,38.124507904052734,37.55793933388,37.612769000147146,1361400
2002-04-17,37.802833557128906,38.28898554649468,37.74069458401504,38.28898554649468,6833400
2002-04-18,37.64200210571289,37.91614757725102,37.33861378124356,37.85035255253179,2359200
2002-04-19,37.61275863647461,37.88324804977622,37.61275863647461,37.868626623550206,760800
2002-04-22,37.115631103515625,37.60909225088622,37.104665734046456,37.57619614247871,1507000
2002-04-23,37.247215270996094,37.313010266239786,37.06445170518037,37.13755601600638,1798200
2002-04-24,36.93287658691406,37.52137572891905,36.83418265993087,37.28378243993381,1095400
2002-04-25,37.03156661987305,37.11563911854382,36.629487182919014,36.77204259430498,1388200
2002-04-26,36.32243347167969,37.24356065178117,36.32243347167969,37.144869549493826,2200800
2002-04-29,36.43208312988281,36.618502720179904,36.223732807344994,36.55270773470742,3547600
2002-04-30,37.02789306640625,37.15948303385302,36.41380748123805,36.47960246496144,1444200
2002-05-01,37.283775329589844,37.283775329589844,36.53809948834789,37.10101172503303,1435200
2002-05-02,37.41170883178711,37.503090632934004,37.15218485118009,37.24722270522321,932200
2002-05-03,37.247215270996094,37.46653099222483,37.027899549767355,37.46653099222483,1494800
2002-05-06,36.534446716308594,37.400747283654724,36.534446716308594,37.28012262451446,2717000
2002-05-07,36.27125930786133,36.75009896857871,36.26029115111715,36.72816823259189,1302400
2002-05-08,37.13755416870117,37.14486627267047,36.72816558643829,36.88168630478687,2224000
2002-05-09,36.46134948730469,37.13757445889276,36.44307200614606,37.13757445889276,1718000
2002-05-10,35.86920166015625,36.56736031138817,35.78513192243101,36.549082826446515,1788600
2002-05-13,36.33342361450195,36.351698310997186,35.821684703839416,35.876514370830535,2245000
2002-05-14,37.429996490478516,37.429996490478516,36.633146856141835,36.808598400375374,9461400
2002-05-15,37.39342498779297,37.58349786058233,36.97672429970618,37.19238395900084,1803200
2002-05-16,36.95115280151367,37.41171797267527,36.8268748601894,37.41171797267527,1452200
2002-05-17,37.06446838378906,37.19971169855028,36.7428025784068,36.991361251314935,1620400
2002-05-20,36.59661865234375,37.009663772470304,36.55641039946594,37.009663772470304,1856200
2002-05-21,36.04098129272461,36.78665711393631,35.92035664765701,36.68065389149064,2511000
2002-05-22,35.82166290283203,36.25298507790597,35.584069682971204,35.931322170075795,2344600
2002-05-23,36.534446716308594,36.54906814063634,35.63890608905851,36.07753766388476,2384600
2002-05-24,35.956905364990234,36.424779652775385,35.956905364990234,36.369950024636346,1608400
2002-05-28,35.86552810668945,36.11408670203345,35.45613665884314,36.11408670203345,2984200
2002-05-29,35.408626556396484,35.78511918668036,35.339175484838684,35.78511918668036,1952000
2002-05-30,35.53656005859375,35.69373688926878,35.10523778758447,35.408626077521426,3009400
2002-05-31,35.27337646484375,35.90939304201232,35.27337646484375,35.65718115845917,6645800
2002-06-03,34.450950622558594,35.43787329147053,34.450950622558594,35.43787329147053,2000800
2002-06-04,34.45825958251953,34.651991406656926,33.99769716250066,34.396120606783164,5450800
2002-06-05,34.57888412475586,34.67026595531217,34.25722108514844,34.56060943189589,1600400
2002-06-06,33.90631866455078,34.57888766775651,33.829558253668765,34.56061297302409,1848400
2002-06-07,34.21335220336914,34.35956367035505,33.33974224378685,33.354363669360616,2509000
2002-06-10,34.176788330078125,34.52403800509731,34.067129070203215,34.286447589953035,2447000
2002-06-11,33.62852096557617,34.42902686791849,33.62852096557617,34.359575769175656,2877200
2002-06-12,33.73818588256836,33.88074136975148,33.244721577507924,33.6321825838611,4146000
2002-06-13,33.26298522949219,33.844172314131775,33.17891272109202,33.7016168862484,1413200
2002-06-14,33.5345458984375,33.571195116144466,32.438718350909525,32.838199577380806,3394200
2002-06-17,34.31521224975586,34.377519044852,33.6261969056094,33.6261969056094,1479000
2002-06-18,34.4105110168457,34.65240113755942,34.13930316926645,34.27857145939439,1905600
2002-06-19,33.71781539916992,34.58641665030882,33.71781539916992,33.974362876135274,2348000
2002-06-20,33.64451217651367,34.14294960106628,33.46859193413618,33.80576936952253,1983200
2002-06-21,33.57119369506836,33.95235169462969,33.42459403429,33.64449492353551,1713200
2002-06-24,33.464935302734375,33.86075385896517,32.93351426057578,33.44294631499649,2586600
2002-06-25,32.99213790893555,33.84607863993811,32.783234229298046,33.68115571249264,1502800
2002-06-26,32.97380065917969,33.09840854312264,32.2151504827252,32.25179969587573,6941400
2002-06-27,33.607852935791016,33.607852935791016,32.794230028287444,33.46125602744163,4792200
2002-06-28,33.22303771972656,33.956033575446256,33.22303771972656,33.5199001465227,3006800
2002-07-01,32.545013427734375,33.58220032106993,32.47171217276706,33.31465842987089,1844600
2002-07-02,31.56646156311035,32.471711778836635,31.518817845077315,32.457051528021026,1720600
2002-07-03,31.188966751098633,31.518815378241808,30.78581967177107,31.445516926057422,2908600
2002-07-05,32.222496032714844,32.222496032714844,31.445522242045705,31.573795953131913,1063400
2002-07-08,31.55545997619629,32.33976504339594,31.537136763915957,32.16018190457337,1810000
2002-07-09,31.434518814086914,31.837668678957144,31.26226717637294,31.592112998675283,1619000
2002-07-10,30.569595336914062,31.47850868662758,30.547603558537595,31.47850868662758,2447800
2002-07-11,30.33136558532715,30.507283003350132,29.72297775728504,30.41932429433864,3428800
2002-07-12,30.071151733398438,30.851791199783946,30.016176492969738,30.419323595852063,3394800
2002-07-15,29.88423728942871,30.016176749120774,28.89835710343991,30.016176749120774,3691200
2002-07-16,29.686328887939453,30.23607571919759,29.481090965706645,29.66800287510139,2598200
2002-07-17,29.961214065551758,30.419336604780376,29.363823281014543,30.415670841542287,2669000
2002-07-18,28.91667938232422,30.016172873696572,28.91667938232422,29.79627473465341,1829400
2002-07-19,28.311960220336914,28.832386520299774,28.09206205941032,28.605159632343586,2860400
2002-07-22,27.747562408447266,28.509878896557108,27.340749417011615,28.073745394926984,3325800
2002-07-23,26.296228408813477,27.908819978480928,26.296228408813477,27.908819978480928,3187000
2002-07-24,27.85384178161621,27.85384178161621,25.471605313451665,25.80145399904435,6626600
2002-07-25,27.63394546508789,28.293640084880735,26.9009495789909,27.120847785588516,6251400
2002-07-26,28.073734283447266,28.073734283447266,27.359064606306486,27.83551012568146,2480400
2002-07-29,29.15489387512207,29.4297671569259,28.403572453062683,28.69677173878235,2366800
2002-07-30,29.24286460876465,29.477423015663216,28.410912900039023,29.209878347336254,3403200
2002-07-31,28.788402557373047,29.283174015233197,28.71510132159169,29.24285903459251,1834800
2002-08-01,28.366926193237305,28.86169759273879,28.22032653512237,28.69677472495693,2009800
2002-08-02,27.476350784301758,28.34861486774595,27.43603578753913,28.31196563327739,2652400
2002-08-05,26.743349075317383,27.59362399179512,26.743349075317383,27.476344789389803,1793400
2002-08-06,27.90882110595703,27.90882110595703,27.12084990752052,27.230800417500543,1486400
2002-08-07,28.01511001586914,28.348621765689565,27.417716443656744,28.128723509213962,3205600
2002-08-08,28.46588897705078,28.51353548983382,27.743887723603976,28.015098161448922,2317200
2002-08-09,28.22400665283203,28.656474326377992,28.015102942501365,28.07374115788256,4054000
2002-08-12,28.293622970581055,28.49886359592891,27.930791009357595,28.037075684090873,1342000
2002-08-13,27.487340927124023,28.520864834137612,27.450691698452573,28.256985913852112,2094800
2002-08-14,28.469558715820312,28.553854468257644,27.17582149749965,27.68891914794587,6681200
2002-08-15,28.498868942260742,28.770076524022045,28.363263753301972,28.696778084461553,3498400
2002-08-16,28.93501091003418,29.074281915164864,28.32296002838756,28.45856527123655,2472000
2002-08-19,29.338153839111328,29.422446778269826,28.978984717906258,29.103595440177816,3215600
2002-08-20,29.191553115844727,29.27951181331746,28.971654974084604,29.250191315441022,2326600
2002-08-21,29.788951873779297,29.796283398367862,29.08894226806872,29.27951996501103,2511600
2002-08-22,29.979534149169922,30.14445711217168,29.558060937306227,29.759633136957543,1878800
2002-08-23,29.191553115844727,29.942871999871524,29.191553115844727,29.75962308237866,3484600
2002-08-26,29.72296714782715,29.814591585888365,29.044946865405343,29.319820179588987,2294200
2002-08-27,29.15489387512207,29.97584796051928,29.07059817172709,29.961187716617733,2726800
2002-08-28,28.586837768554688,28.971661703132735,28.465892783840758,28.84338519416857,2720800
2002-08-29,28.79939842224121,29.033956795656678,28.16535598412491,28.16535598412491,2405600
2002-08-30,28.605148315429688,29.019289734599322,28.49519788038713,28.71509595431653,1380800
2002-09-03,27.762205123901367,28.330277766351184,27.54597278918361,28.09205366480268,3562400
2002-09-04,28.348615646362305,28.513541400236686,27.652268987704467,27.74389347447109,1916400
2002-09-05,27.78053855895996,28.260649854784155,27.780538558959964,27.945461475434257,1483200
2002-09-06,28.69678497314453,28.73343420172245,28.147038156005035,28.147038156005035,2753400
2002-09-09,28.60881805419922,28.89835165862968,28.125041058530236,28.62347830208693,1222400
2002-09-10,28.788402557373047,28.913010463966998,28.43656221793501,28.825051777185607,1767800
2002-09-11,28.69678497314453,29.319830247439867,28.67845896077712,29.319830247439867,1719400
2002-09-12,28.22034454345703,28.71145049595371,28.209350051409746,28.58684252454089,1948400
2002-09-13,28.571870803833008,28.579226782092046,28.038677404884425,28.09383601989241,2655200
2002-09-16,28.24092674255371,28.590259986757836,28.174736960911634,28.53510136780879,1133000
2002-09-17,27.854814529418945,28.593933165833935,27.74082212678922,28.461553624819803,2629600
2002-09-18,27.781280517578125,27.836436339495197,27.284855676449844,27.450331558654046,2323200
2002-09-19,26.766366958618164,27.420908790096412,26.69649918824109,27.02744809333792,1405200
2002-09-20,26.8803653717041,27.185574030303894,26.7700509157357,27.119384234529054,1485600
2002-09-23,26.21846580505371,26.803139898053182,26.034605603911633,26.696500644732694,2234800
2002-09-24,26.016216278076172,26.424386114792817,25.92428618522078,25.99415395354569,2243400
2002-09-25,26.80682373046875,26.80682373046875,26.104476262388932,26.20008437335723,2974800
2002-09-26,27.159835815429688,27.25911911404603,26.773728175898402,26.9906847254448,4840000
2002-09-27,26.494243621826172,27.22600609200607,26.490565634000987,26.93550677443614,2526000
2002-09-30,26.310396194458008,26.689147764091143,25.91693547191395,26.21846609287777,3999800
2002-10-01,27.156147003173828,27.156147003173828,26.089757438199186,26.659725096948065,3433400
2002-10-02,26.494243621826172,27.11201371876975,26.402313564575536,26.898735312632425,2099000
2002-10-03,26.20743179321289,26.72224091665958,26.075055029653935,26.453806594505334,2119800
2002-10-04,25.483030319213867,26.383944370652042,25.317554420358032,26.383944370652042,4060200
2002-10-07,24.799072265625,25.593347113928843,24.67404583249832,25.354328219659934,2920000
2002-10-08,24.986614227294922,25.19253967580091,24.435033314502668,25.19253967580091,5766800
2002-10-09,23.9385986328125,24.817450206736954,23.894473978195332,24.692426611342782,4646000
2002-10-10,24.637266159057617,24.666684463608455,23.75473666091996,23.927565693301226,5369400
2002-10-11,25.262392044067383,25.55289151611626,24.9204119370209,24.9204119370209,6104000
2002-10-14,25.431543350219727,25.457283665129506,25.041757831678016,25.041757831678016,3476800
2002-10-15,26.457477569580078,26.494251848284897,25.89854388235983,26.01989226892516,5130200
2002-10-16,25.795583724975586,26.229493860479,25.637463858508657,26.108145468786862,2821800
2002-10-17,26.567792892456055,26.61927351237647,26.236844046193838,26.428060182026844,5284000
2002-10-18,26.622962951660156,26.74063339144326,26.314076293801637,26.35452577049126,2756200
2002-10-21,26.97227668762207,27.071562714822548,26.38024692848085,26.40231204868237,3263600
2002-10-22,26.626644134521484,26.928174847962477,26.512648865871352,26.733280616233188,3712400
2002-10-23,27.049524307250977,27.115714122255888,26.328792324689363,26.475881114198643,3649800
2002-10-24,26.788434982299805,27.262794712931612,26.759016672147958,27.174542587960534,5630200
2002-10-25,27.373109817504883,27.373109817504883,26.714889908488466,26.714889908488466,4374800
2002-10-28,27.064231872558594,27.72612998361923,26.97230173521601,27.72612998361923,2487600
2002-10-29,26.987009048461914,27.130419828471016,26.5420675508074,27.045845678970753,4680000
2002-10-30,27.450340270996094,27.479758589011702,27.0053987315796,27.211321346718414,3422800
2002-10-31,27.395172119140625,27.715089904197534,27.332660319164845,27.597419478455492,5474000
2002-11-01,28.038694381713867,28.11223737593076,27.1929359207926,27.310606394830867,4799800
2002-11-04,28.281389236450195,28.79252058354754,28.24093975095456,28.457893531808242,4515800
2002-11-05,28.329179763793945,28.40640071062105,28.068098618192593,28.332857753304946,2669800
2002-11-06,28.81090545654297,28.866064101911185,28.33287040948399,28.57188653027086,3383400
2002-11-07,28.126924514770508,28.627024339266892,28.057059566608665,28.627024339266892,3318400
2002-11-08,27.744508743286133,28.310798611989867,27.7040592665584,28.185774997002014,2176200
2002-11-11,27.07158851623535,27.744515005860354,27.056879357242835,27.744515005860354,2235800
2002-11-12,27.50547218322754,29.336717214883976,27.229682032214495,29.285236611133474,2507000
2002-11-13,27.652563095092773,27.946740432363484,27.229687030305257,27.47605893711675,2486400
2002-11-14,28.251968383789062,28.351251690334006,27.840120389098495,27.87321669493677,2136600
2002-11-15,28.24092674255371,28.49832989033739,28.075450885706573,28.075450885706573,1922800
2002-11-18,28.023983001708984,28.590272989870755,27.972502348738384,28.590272989870755,2844200
2002-11-19,27.924692153930664,28.20415767881588,27.781281401415132,27.957785648133747,2249400
2002-11-20,28.663799285888672,28.663799285888672,27.770238750428284,27.836428523628445,2492400
2002-11-21,29.222742080688477,29.255835571691204,28.593940502279292,28.689545791054385,3331200
2002-11-22,29.42497444152832,29.46910188340813,28.92855264368315,28.976358073757023,3888400
2002-11-25,29.619897842407227,29.744921509863104,29.2705615609258,29.417650373892414,2283800
2002-11-26,29.28893280029297,29.711811855741043,29.12345692356064,29.619881748273386,2437000
2002-11-27,30.086894989013672,30.13469765006274,29.476480340947738,29.564732486532606,2574600
2002-11-29,29.71548843383789,30.237653600913347,29.71181324931546,30.097918035498573,958000
2002-12-02,29.943477630615234,30.43254652325445,29.755939407594838,30.336938416648138,3044000
2002-12-03,29.41764259338379,29.855230924715578,29.39190226833398,29.74859163365636,2852800
2002-12-04,29.127126693725586,29.47278469801432,28.921204208864268,29.17492932614455,2430000
2002-12-05,28.991073608398438,29.447048902626864,28.847662883668427,29.447048902626864,2432800
2002-12-06,29.108747482299805,29.26318937311934,28.627031862623728,28.682190482340403,1557000
2002-12-09,28.3365421295166,28.991084200604547,28.27770830567522,28.877091738141,2156400
2002-12-10,28.888134002685547,29.016838477409795,28.48731983198836,28.490997824105445,2678800
2002-12-11,28.921218872070312,29.105079128338417,28.718971467981444,28.755742958138093,3124400
2002-12-12,29.038881301879883,29.182292037713044,28.373308255808855,29.049912465331033,1891200
2002-12-13,28.469860076904297,29.522930220498107,28.436603746554077,28.80240646610776,2011200
2002-12-16,28.979774475097656,29.01672377022206,28.562242083995887,28.562242083995887,2859800
2002-12-17,28.67308235168457,29.020411835488805,28.628744336934936,28.987155505376812,2077200
2002-12-18,28.214900970458984,28.6361289645425,28.08927003554758,28.6361289645425,2486200
2002-12-19,28.14469337463379,28.562228384521227,27.978420216799307,28.174253924175215,6629200
2002-12-20,28.462465286254883,28.54375539668494,28.21859777401417,28.35531039696521,2046200
2002-12-23,28.65459442138672,28.71371268374726,28.344214382086818,28.414419961497767,1882400
2002-12-24,28.59917449951172,28.710022319461096,28.480935133469735,28.573309726285313,673400
2002-12-26,28.59917449951172,29.001926371044174,28.469850633379686,28.636123772828178,1086200
2002-12-27,28.133609771728516,28.543753247803416,28.133609771728516,28.543753247803416,2351200
2002-12-30,28.044931411743164,28.318359460715957,27.823232917466598,28.192731347610646,3471000
2002-12-31,28.01167869567871,28.50680812176153,27.934084353638426,28.133613869906156,5448200
2003-01-02,28.78392791748047,28.839353245129224,28.107745122074018,28.266629557840847,4014200
2003-01-03,28.735889434814453,28.857824583841097,28.573312055161345,28.820875307513074,3222200
2003-01-06,29.072134017944336,29.27166349081078,28.73588912319281,28.73588912319281,2917800
2003-01-07,28.920637130737305,29.15342291568504,28.6878541648385,29.07952154782507,2988600
2003-01-08,28.632429122924805,28.8319585895191,28.52527425276959,28.783924814228403,3288400
2003-01-09,29.05367088317871,29.2125553774256,28.813499073383678,28.813499073383678,3828600
2003-01-10,29.116487503051758,29.282760726560383,28.713732608856013,28.758073450681778,2698000
2003-01-13,29.182973861694336,29.42314547583873,28.887374125603994,29.308601917151528,1759000
2003-01-14,29.201459884643555,29.356648545551053,29.013014899799167,29.153426104567206,1566400
2003-01-15,29.13495445251465,29.338179743216045,28.87630664530348,29.253193852818278,2381600
2003-01-16,29.094314575195312,29.375134258065586,28.96129487378572,29.190384986002282,2323000
2003-01-17,28.547447204589844,29.17928913099575,28.41442755492028,28.776534408649262,2416600
2003-01-21,28.133609771728516,28.650908129026064,28.111440768389087,28.599178575201236,2134600
2003-01-22,27.889741897583008,28.211203717818712,27.88235035053781,27.99689395829543,3258600
2003-01-23,28.06340980529785,28.28141538510003,27.923001390866666,28.063409805297855,2213000
2003-01-24,27.483291625976562,28.081880084745983,27.483291625976562,28.081880084745983,3565000
2003-01-27,27.06574821472168,27.568266086279948,27.021407407567217,27.342871916578897,3477400
2003-01-28,27.287458419799805,27.509156913405867,26.858841708034657,27.268985189778054,2633200
2003-01-29,27.494382858276367,27.638487037899576,26.781250689273207,27.172918170397864,3905200
2003-01-30,27.047285079956055,27.642177802668492,26.96230201616823,27.59044824582823,3346000
2003-01-31,27.43156623840332,27.43156623840332,26.844065011077035,26.91796357911379,5831000
2003-02-03,27.195087432861328,27.520247897882882,27.065763529295786,27.490687343053708,2648800
2003-02-04,27.195087432861328,27.342887387957518,26.770163619103403,26.991864961272526,4280400
2003-02-05,26.991859436035156,27.342881790865825,26.858839785582695,27.313321242087703,3436600
2003-02-06,26.844070434570312,27.05468449698151,26.703659180262687,26.9105802868607,6960800
2003-02-07,26.352624893188477,27.04728084707996,26.337844619397302,26.988162570964228,7994200
2003-02-10,26.626054763793945,26.64822658554829,26.193742296748052,26.382187276889535,2130400
2003-02-11,26.552148818969727,26.77015146902902,26.249160317111212,26.707337432813468,3132400
2003-02-12,26.17896270751953,26.55954563218752,26.11245287861304,26.463478071916448,7394600
2003-02-13,26.108762741088867,26.193745808886266,25.84272339675874,26.17526975812185,3505600
2003-02-14,26.345243453979492,26.452395535272426,26.053339308711415,26.145713931174107,2653800
2003-02-18,26.87363624572754,26.881024977847694,26.548475651424987,26.548475651424987,1881000
2003-02-19,26.5484619140625,26.807112509243115,26.35632396880059,26.807112509243115,4073800
2003-02-20,26.493040084838867,26.592806253846504,26.382192231446687,26.574330202089623,2898200
2003-02-21,26.72213363647461,26.903187127244657,26.28982103198182,26.493043532505318,2668800
2003-02-24,26.311979293823242,26.674088946498923,26.308283520690622,26.674088946498923,2446600
2003-02-25,26.552148818969727,26.622354400062633,25.994205580761932,26.197430779163298,2659400
2003-02-26,26.419130325317383,26.56693021961837,26.238076934799142,26.52628517820939,1955600
2003-02-27,26.5632381439209,26.71473383190193,26.34523545424934,26.55584941674936,2940800
2003-02-28,26.60760498046875,26.803438861059163,26.481973943321982,26.637162737104763,1443000
2003-03-03,26.526302337646484,26.881020622001284,26.330468549111572,26.788645980688564,2962200
2003-03-04,26.182661056518555,26.474565177707202,26.16049205105217,26.474565177707202,1724800
2003-03-05,26.234392166137695,26.3341555156834,26.079203480600075,26.149406275076796,1838200
2003-03-06,26.020092010498047,26.18267230456121,25.920328623991576,26.049652576518756,1848200
2003-03-07,26.09044647216797,26.234878816249918,25.746030230402695,25.83120965598739,2813200
2003-03-10,25.642322540283203,25.975628867916843,25.57195991173185,25.92007734239991,2208200
2003-03-11,25.460874557495117,25.84973268092483,25.460874557495117,25.675672431874766,2102800
2003-03-12,25.516416549682617,25.58307783653629,25.268289525187384,25.509008170327284,4736200
2003-03-13,26.205244064331055,26.234869099873027,25.642326007008528,25.849718208612355,3975600
2003-03-14,26.238584518432617,26.390425251993864,26.05341454607181,26.331169504613023,3235600
2003-03-17,26.845937728881836,26.916303211853894,25.990453490512564,26.127480266439964,2270200
2003-03-18,27.197771072387695,27.197771072387695,26.7496600020818,26.997787129153075,3548000
2003-03-19,27.1310977935791,27.20516463227624,26.886672140034733,27.201460442700746,3538600
2003-03-20,27.308870315551758,27.40145531387927,26.68669901377207,27.071852945870916,4423200
2003-03-21,27.690309524536133,27.7754889338061,27.32367386174117,27.52736191077662,7680000
2003-03-24,27.097766876220703,27.382930150663647,26.964444300592376,27.29404654993216,5340800
2003-03-25,27.386642456054688,27.49774558862097,27.034820578711525,27.079262396832043,2976600
2003-03-26,27.049633026123047,27.442192508723654,27.049633026123047,27.37923538896127,2660600
2003-03-27,27.231090545654297,27.308861580316538,26.886674349024926,26.923707771416133,1205600
2003-03-28,27.2199764251709,27.364408727103708,27.105171986575222,27.105171986575222,2776000
2003-03-31,26.66448211669922,27.149626651060924,26.645963985041213,26.905203700902348,1859000
2003-04-01,27.12738609313965,27.164419502234633,26.745936611072086,26.92369810491522,2088800
2003-04-02,27.66809844970703,27.849564241449215,27.453300591866252,27.57921764922694,2797000
2003-04-03,27.682905197143555,27.92362667699512,27.627353651721045,27.92362667699512,3017200
2003-04-04,27.6014347076416,27.89029940281698,27.527367851354896,27.805122800634216,1385600
2003-04-07,27.61996078491211,28.308793483444322,27.61996078491211,28.20139453308497,3368400
2003-04-08,27.642154693603516,27.77547721025013,27.538460030760074,27.664374171222068,2013600
2003-04-09,27.490333557128906,27.99769744019418,27.338492833414612,27.67550351748134,4016000
2003-04-10,27.497732162475586,27.61253660472787,27.394037462961435,27.53476558009226,1569000
2003-04-11,27.34589195251465,27.771783326181662,27.319968277185456,27.690308110727436,1954200
2003-04-14,27.842161178588867,27.868084865444903,27.412565424437496,27.412565424437496,1661200
2003-04-15,28.14212417602539,28.14212417602539,27.6458701373828,27.831040060840866,1252600
2003-04-16,27.849544525146484,28.386538789579152,27.797697192783016,28.19025919913634,2042800
2003-04-17,28.27545738220215,28.349527074726492,27.868083962462777,27.912525777977386,3477400
2003-04-21,28.468021392822266,28.468021392822266,28.212486027124285,28.323589097115175,1799600
2003-04-22,28.860593795776367,28.94206904074523,28.219904408450983,28.219904408450983,1848600
2003-04-23,29.164260864257812,29.19759009187775,28.86798787767156,28.86798787767156,2297600
2003-04-24,29.016141891479492,29.14576034182641,28.90133738195369,29.00132795065837,2505200
2003-04-25,28.608749389648438,28.97908918757269,28.601343836896064,28.97908918757269,1117000
2003-04-28,29.11612319946289,29.22722347129777,28.71985962976664,28.812444602363605,1924800
2003-04-29,29.312406539916992,29.460543079615174,29.164270000218806,29.205007619272543,3249800
2003-04-30,29.404985427856445,29.590155357722708,29.108712409882862,29.201297374815994,2213600
2003-05-01,29.367944717407227,29.571629894421022,29.067967584163906,29.44201154078166,2613600
2003-05-02,30.108627319335938,30.127142614331078,29.442014539204298,29.442014539204298,3410400
2003-05-05,30.245664596557617,30.308621713188288,30.093826678479548,30.193817226924153,3975800
2003-05-06,30.534513473510742,30.578955263904835,30.290090690013905,30.316014361376727,3022400
2003-05-07,30.349346160888672,30.512296580695377,30.264169587239532,30.397492144268927,3449000
2003-05-08,30.097509384155273,30.278977890836348,30.023442566446906,30.13824698153527,4200400
2003-05-09,30.530841827392578,30.545655771943153,30.179017001626224,30.264196476424274,2168600
2003-05-12,30.86410903930664,30.904846632076815,30.478958240244793,30.501177717949375,2536600
2003-05-13,31.045589447021484,31.101140988082506,30.64562174194463,30.8752334597781,3012400
2003-05-14,31.027074813842773,31.141879272934908,30.890050866015144,31.141879272934908,3340200
2003-05-15,31.149282455444336,31.256681342194398,30.997441773169513,31.11965459176116,1187200
2003-05-16,30.764123916625977,31.37888927777678,30.75671836459189,31.14927760816597,3475200
2003-05-19,30.230831146240234,30.80856304642547,30.19379773832952,30.590061136456793,4013600
2003-05-20,30.22344398498535,30.408613962677716,29.945689018446803,30.2715871620163,4261000
2003-05-21,30.338233947753906,30.40489522083924,30.06047911414307,30.134548765053594,2802600
2003-05-22,30.645618438720703,30.704874162923748,30.31231205374969,30.349345468642372,3453000
2003-05-23,30.886367797851562,30.9789528315229,30.51232347068749,30.65305170469836,1370600
2003-05-27,31.612213134765625,31.62332287935483,30.83820129791107,30.83820129791107,2582600
2003-05-28,31.826990127563477,31.97882791340078,31.70107317849782,31.70107317849782,2116200
2003-05-29,32.030696868896484,32.20846126248809,31.53073857353203,31.98625788960047,4168000
2003-05-30,32.60101318359375,32.6454549781824,32.17142047111098,32.27511516634929,6961800
2003-06-02,32.77136993408203,33.12689582280527,32.64175156196449,32.86765907857018,6354800
2003-06-03,32.87508010864258,32.87508010864258,32.58991955573666,32.74546167550352,2407400
2003-06-04,33.323184967041016,33.42317549539977,32.845446163839945,32.86766565337096,2709200
2003-06-05,33.867591857910156,33.867591857910156,33.089878423277455,33.2009815534264,2841000
2003-06-06,33.47871398925781,34.47122463299291,33.47871398925781,34.21939348979242,4320000
2003-06-09,32.85654830932617,33.47871930151739,32.8417343779087,33.40464964443004,3422400
2003-06-10,33.34909439086914,33.40094172792438,32.94542260897568,32.952830985965264,2932800
2003-06-11,33.66389465332031,33.719446198757716,33.063943048440514,33.33058820616487,3112200
2003-06-12,33.852779388427734,33.92684625524712,33.62687177151778,33.8787030743615,2266400
2003-06-13,33.25182342529297,33.900983302473676,33.22585714341024,33.88614502281033,2896400
2003-06-16,33.81196975708008,33.84535377687235,33.32973538369208,33.45956684418467,3104400
2003-06-17,33.882442474365234,34.01598419168533,33.62277959630566,33.99001790387937,3670200
2003-06-18,33.86016845703125,33.95290555417698,33.59679544075077,33.74888563852333,2160400
2003-06-19,33.40021896362305,34.06792487909561,33.25925948627205,33.94180368832585,3822600
2003-06-20,33.11458206176758,33.533755813635295,33.10716433461755,33.496661517658396,2780400
2003-06-23,32.5247688293457,33.274083651689644,32.417193410721204,33.144252225802425,3962800
2003-06-24,32.51364517211914,32.728796038129374,32.26511029075208,32.428325749351906,3491000
2003-06-25,32.73250198364258,33.02926198038477,32.52106140575052,32.52106140575052,4250200
2003-06-26,33.292633056640625,33.36311418824624,32.79185306972209,32.84749591940479,6290800
2003-06-27,33.081214904785156,33.71553702865649,33.07750462426245,33.38539281500618,6459200
2003-06-30,32.97732162475586,33.50035752871961,32.68056169803163,33.27037127411512,8802400
2003-07-01,33.20360565185547,33.27408395219484,32.55073540849564,32.943939967623116,5613600
2003-07-02,34.03452682495117,34.03452682495117,33.33714462383631,33.33714462383631,4177000
2003-07-03,33.74148178100586,33.997437201409255,33.6858389291643,33.76373778969729,1816000
2003-07-07,34.44256591796875,34.49449847893466,34.07161743671952,34.07161743671952,3659800
2003-07-08,35.05464553833008,35.15109297457101,34.3832294236026,34.424033999315554,3650400
2003-07-09,35.31429672241211,35.38848812185452,34.77271224198877,35.06205162453291,7547600
2003-07-10,34.62434387207031,35.132544515571745,34.557575835374195,35.12883423682858,3662000
2003-07-11,35.102867126464844,35.12883341683393,34.72079049812833,34.76530535166678,2477400
2003-07-14,35.39220428466797,35.722348284276435,35.091734019658354,35.41446029314535,5055000
2003-07-15,35.29575729370117,35.7223487187551,35.05092987702025,35.7223487187551,3240400
2003-07-16,35.102867126464844,35.51462032382699,34.90626480936846,35.484946584914745,3465200
2003-07-17,33.99003219604492,34.824666865187055,33.971486457021456,34.78386227717541,6777000
2003-07-18,34.220008850097656,34.42403171512457,33.95663567986226,34.201460287781295,4134000
2003-07-21,33.923255920410156,34.257110301055235,33.689559269015525,34.16808340958783,4103600
2003-07-22,34.32016372680664,34.38693458898405,33.800837943330464,34.023406540550724,3774600
2003-07-23,34.553855895996094,34.553855895996094,34.00856110785803,34.33128734556147,4282600
2003-07-24,34.48710250854492,35.03239757276383,34.37581676192772,34.74305802769602,3961800
2003-07-25,34.73933410644531,34.817232966441885,34.23484382541828,34.47966840967708,2761000
2003-07-28,35.16592788696289,35.20302218038637,34.71337014890217,34.73562615893362,3708800
2003-07-29,35.18449020385742,35.33287027760781,34.72080424220903,35.22158451476639,4928000
2003-07-30,35.05092239379883,35.22155836136775,34.809805306757724,35.22155836136775,2509400
2003-07-31,35.12141799926758,35.51462265931804,35.0435191230376,35.24012145306283,5324600
2003-08-01,34.6280517578125,35.221568960596876,34.516768874229136,35.1473803715413,4639000
2003-08-04,34.27935791015625,34.68369048354227,34.004853937097174,34.550148775057565,7828000
2003-08-05,33.685855865478516,34.3684030530157,33.685855865478516,34.2905041533173,6021600
2003-08-06,33.53374099731445,33.926945455142835,33.44100388328986,33.745181504086034,4478600
2003-08-07,33.64504623413086,33.64504623413086,33.248131235077324,33.574567905029845,5006600
2003-08-08,33.570831298828125,33.737756952247196,33.43728964404815,33.70437295360809,4139800
2003-08-11,34.03452682495117,34.03452682495117,33.54858516774595,33.54858516774595,4535400
2003-08-12,34.60579299926758,34.60579299926758,33.94550498671762,34.01227584361105,5286600
2003-08-13,34.72078323364258,34.72078323364258,34.424026095815684,34.60950036824979,7627000
2003-08-14,34.947059631347656,34.973025914470156,34.509340265773616,34.65772023937903,2902600
2003-08-15,34.958194732666016,35.11770274141163,34.88400614585497,34.887716424229474,1488000
2003-08-18,35.651859283447266,35.72604784874295,34.987861152635176,35.11398510977266,3762000
2003-08-19,36.319557189941406,36.319557189941406,35.64813869866959,35.815067167486895,5247200
2003-08-20,36.30104064941406,36.34555551304114,35.889287358734194,35.98573481486918,4613200
2003-08-21,36.5977897644043,36.649722341328236,36.39005662659536,36.501342337211334,4575200
2003-08-22,35.952327728271484,37.01695093581936,35.941199726155254,37.01695093581936,7130400
2003-08-25,35.918941497802734,36.01538606357982,35.581377027246155,35.885554663408925,4681600
2003-08-26,36.05620193481445,36.074750496420855,35.28092073761304,35.729768193379094,5046000
2003-08-27,36.408607482910156,36.4271532157728,35.978305726864406,36.052497148655064,2388200
2003-08-28,36.649723052978516,36.72020136296484,36.08958987086453,36.464248751759214,4292200
2003-08-29,36.801815032958984,37.03922194129888,36.6015024234009,36.68311157878904,3550000
2003-09-02,37.65127182006836,37.65127182006836,36.76099487603442,37.00211196110167,6342600
2003-09-03,37.810768127441406,37.96656576633472,37.64384249007164,37.75512530494765,5528200
2003-09-04,37.96658706665039,38.04077848163603,37.67353734521159,37.89239848177785,4888200
2003-09-05,37.7254753112793,38.200291944695145,37.55854955640733,37.762572439129514,6292200
2003-09-08,38.24851989746094,38.356095357864106,37.825638614559615,37.89240949239213,4607400
2003-09-09,37.96658706665039,38.296731080525454,37.87756019878073,38.226252773930476,4377400
2003-09-10,37.21726608276367,37.80336542976294,37.180171796395555,37.80336542976294,7439600
2003-09-11,37.53998947143555,37.66982371883809,37.165333500129336,37.235811795165205,5449200
2003-09-12,37.706207275390625,37.851216616602734,37.10757780556344,37.44593198947271,5092000
2003-09-15,37.613250732421875,38.03712460871074,37.57235037271358,37.78428731085801,6256800
2003-09-16,38.174686431884766,38.260206118120394,37.70991231197746,37.72106643697426,4066000
2003-09-17,38.16353225708008,38.334568792572014,37.99249572158815,38.13750501986949,3757800
2003-09-18,38.5613899230957,38.572544051298344,37.925579084733066,38.204443636826696,2872400
2003-09-19,38.52048873901367,38.632035692171144,38.33086005334872,38.632035692171144,2665200
2003-09-22,37.992496490478516,38.26020684249462,37.82889508941175,37.99993162836512,4317400
2003-09-23,38.50934982299805,38.50934982299805,38.03714025318068,38.03714025318068,4706000
2003-09-24,37.55748748779297,38.61345347799115,37.55748748779297,38.59486420554145,5422200
2003-09-25,36.542388916015625,37.81400984330432,36.542388916015625,37.67643856087426,7514800
2003-09-26,35.91774368286133,36.6651012674525,35.873127182546476,36.59445469294581,10653600
2003-09-29,36.56099319458008,36.56099319458008,35.60541768758496,36.1594276615786,13239800
2003-09-30,36.08506774902344,36.54984191973854,35.75042977875727,36.39367564244339,14310400
2003-10-01,37.05923080444336,37.159623609049966,36.178020834875795,36.20404807370783,10303000
2003-10-02,37.41619110107422,37.46081045734291,36.9997551229292,37.07039889107461,7705200
2003-10-03,38.00738525390625,38.18585700423833,37.739674791650806,37.79916726626639,8542200
2003-10-06,38.33456802368164,38.371749385128716,37.84748566418603,37.99993009714586,2976200
2003-10-07,38.550209045410156,38.635728696884286,37.99991546294717,38.163516794416836,8096800
2003-10-08,38.24905776977539,38.743575352107776,38.08917533491042,38.61715813404347,5080400
2003-10-09,38.6506233215332,39.11168139406763,38.26021467554446,38.67665056459912,10419000
2003-10-10,38.602272033691406,38.728692045984374,38.1189059038889,38.61342615662052,9808000
2003-10-13,39.20836639404297,39.297605119362025,38.63204785266892,38.71384859916584,5230400
2003-10-14,39.46491241455078,39.50581277707231,38.996419158149536,39.17117473678571,7334800
2003-10-15,38.97039031982422,39.710312966648466,38.95551720344637,39.65825847770444,8170200
2003-10-16,39.319908142089844,39.38683575878072,38.9480886797533,38.97039693973113,4426400
2003-10-17,38.55767822265625,39.37940175448752,38.55396207039092,39.30131716879625,8651800
2003-10-20,38.75101089477539,38.87371195407989,38.4870195117834,38.646901936610256,5974200
2003-10-21,38.9257698059082,39.096806371535685,38.66177840004252,38.66177840004252,8582600
2003-10-22,38.07431411743164,38.62832433085069,38.03341374898217,38.546523593951754,7309400
2003-10-23,37.73965835571289,38.11147764985785,37.50541322163376,37.79543181718585,9793400
2003-10-24,37.64671325683594,37.86236918396834,37.2860479944696,37.49798493340818,8896400
2003-10-27,38.196990966796875,38.33828125378132,37.75824415939132,37.77683341894537,7502400
2003-10-28,39.11539840698242,39.11539840698242,38.31970514514724,38.412659991966834,6610600
2003-10-29,39.37565994262695,39.50579611542071,38.884858636122075,38.95550236606394,9492400
2003-10-30,39.48722457885742,39.877636137281975,39.275287605164536,39.78468127449111,8193200
2003-10-31,39.22694396972656,39.62107159853229,38.69152316323071,39.5132436396265,4893400
2003-11-03,39.89249038696289,39.97057209436442,39.48348975148802,39.48348975148802,5433600
2003-11-04,39.94826889038086,40.15276781556498,39.75492125422695,39.859030210576144,5421000
2003-11-05,40.145328521728516,40.145328521728516,39.43515232809907,39.91479954456354,8291000
2003-11-06,40.46138381958008,40.46138381958008,39.803264781394816,40.17136516421855,6670600
2003-11-07,40.15278244018555,40.67333024828402,40.15278244018555,40.62499474001872,5796400
2003-11-10,39.505821228027344,40.34985023103161,39.49466709709123,40.2568953575539,4527000
2003-11-11,39.234375,39.59504020900543,39.041030193879315,39.528112615202815,6615600
2003-11-12,40.1416130065918,40.1416130065918,39.2938654201693,39.2938654201693,8923600
2003-11-13,40.24943542480469,40.342390241028255,39.87761615991042,39.99659821120635,7083000
2003-11-14,39.48722457885742,40.50601191751057,39.41286182332764,40.24202044759538,6241800
2003-11-17,39.00758361816406,39.85904774432654,38.628326154051756,39.200928502612896,9251200
2003-11-18,38.579959869384766,39.48348061269766,38.557648789037025,39.24551655852725,11541800
2003-11-19,38.985267639160156,39.152588088881906,38.50933921078728,38.70640305971444,7253200
2003-11-20,38.721282958984375,39.31619359863763,38.58742771046768,38.669228455312066,6618600
2003-11-21,39.14885711669922,39.15257610424546,38.780756778798704,38.98525570574062,7275200
2003-11-24,40.04493713378906,40.115583707948545,39.338482739218705,39.43143756342598,7887600
2003-11-25,40.2866325378418,40.468823254593175,39.974305594839436,40.07841457584023,7972400
2003-11-26,40.50229263305664,40.71051061642595,39.989182815429174,40.565501258471286,5508000
2003-11-28,40.69562911987305,40.69934810788393,40.394456336395294,40.40561046367126,1156400
2003-12-01,41.219905853271484,41.219905853271484,40.80718602281991,40.851805379567274,5149400
2003-12-02,41.156700134277344,41.42812677259125,41.03028003293687,41.216189777387655,4948800
2003-12-03,40.4167594909668,41.40580025706504,40.398170226771434,41.30169129995077,4838000
2003-12-04,40.509708404541016,40.532019489775095,39.82556230815533,40.45765393358801,7712800
2003-12-05,40.00776290893555,40.34240090313314,39.84044533021506,40.27175431637014,6813800
2003-12-08,40.30522155761719,40.36099503224289,39.76608175191105,39.93340217578817,6081800
2003-12-09,39.624778747558594,40.50970757233614,39.56157015366502,40.472526213384384,7100600
2003-12-10,39.267860412597656,39.78468932738663,39.00014989969099,39.78468932738663,9320400
2003-12-11,40.36469650268555,40.38328859971763,39.28270397020455,39.338477424545076,8991000
2003-12-12,40.65388107299805,40.65388107299805,40.124067956540294,40.430016656552986,8462600
2003-12-15,39.70243835449219,41.37769309806089,39.680049930518265,40.67251894454975,7393200
2003-12-16,40.053916931152344,40.072611035361945,39.354692390897064,39.874435843658574,8354600
2003-12-17,40.04643249511719,40.12495457056243,39.646342194845815,40.08382355207852,6907800
2003-12-18,40.66340255737305,40.756881643711836,39.97913496071184,40.07261404705063,9705200
2003-12-19,40.53254318237305,40.73071844165408,40.259582922486665,40.68211033082767,7819200
2003-12-22,40.984981536865234,40.984981536865234,40.405409909234216,40.476454946271275,4387400
2003-12-23,41.20931625366211,41.31401236420141,40.84661697589735,40.94009605355816,5986400
2003-12-24,41.160701751708984,41.26539784594751,41.08217968103009,41.168178821545474,1266600
2003-12-26,41.306549072265625,41.41124521772953,41.205590037171135,41.26167807302851,1510000
2003-12-29,41.93472671508789,41.97211778621709,41.47107115702293,41.489765266209595,4843200
2003-12-30,42.04315185546875,42.15906500157148,41.807582748543695,41.878627762093174,5729000
2003-12-31,41.429927825927734,42.248802595799525,41.38505684223756,42.121672421143224,12725800
2004-01-02,41.874900817871094,42.11420710839918,41.56455234446362,41.56828945483474,11182200
2004-01-05,42.36473083496094,42.458209938433704,41.994551531224566,42.15907566621851,8686000
2004-01-06,42.30864334106445,42.67507983380046,42.252555307715426,42.390905409608905,6196800
2004-01-07,42.75733947753906,42.83212446868193,42.23759591330787,42.372206044609335,5919600
2004-01-08,43.0826416015625,43.273339735727255,42.77977027587843,43.105075669315305,6201200
2004-01-09,42.73862075805664,43.37801708716091,42.67131573116387,42.87323081184218,9598000
2004-01-12,43.53882598876953,43.561260059609396,42.813427268886485,42.95551447213179,5907000
2004-01-13,43.355613708496094,43.4939638298769,42.78352196381691,43.490223866391936,8131000
2004-01-14,43.579952239990234,43.66595140394652,43.288295087286755,43.51638429165752,6592000
2004-01-15,43.69211959838867,43.78559867448824,43.105071114593564,43.654728538499846,6338000
2004-01-16,43.93516159057617,44.16699070425857,43.79307443540261,44.00994370324547,6732200
2004-01-20,44.46239471435547,44.54465391534907,43.864126269910386,44.15952052984742,7429800
2004-01-21,44.40256118774414,44.63439032367406,43.93516580682052,44.43995224766703,8255600
2004-01-22,44.15205001831055,44.76901266034308,43.995005812049406,44.686750594371304,7189000
2004-01-23,44.391357421875,44.42874849297261,43.89030794034827,44.19318217757739,8255400
2004-01-26,44.83258819580078,44.892413351400286,44.088495171601394,44.38388669140046,4996200
2004-01-27,44.27168655395508,44.832560954082666,44.23055553639201,44.8026469680814,6646800
2004-01-28,43.579952239990234,44.62317635818752,43.329426114485116,44.567091187240116,12830000
2004-01-29,43.16865539550781,43.74448710264047,42.686305658794076,43.63605098382105,17243600
2004-01-30,43.224727630615234,43.51638191463209,42.90689931733417,43.2284675927259,8807200
2004-02-02,43.33689498901367,43.6547232386154,42.86575970389842,43.31445807360031,10310800
2004-02-03,43.093841552734375,43.306973670164844,43.04149351355876,43.224711650673406,4679200
2004-02-04,42.02820587158203,42.92934295376717,41.99081480040631,42.92186588063437,11437000
2004-02-05,42.420814514160156,42.577861570533145,42.099246181369175,42.30490134283634,9354400
2004-02-06,43.49397659301758,43.609889820259184,42.42083497842652,42.42083497842652,11458200
2004-02-09,43.579952239990234,43.86038950574885,43.44534212420567,43.66969136626148,8756000
2004-02-10,44.103431701660156,44.14082561832203,43.50890608310656,43.59864520703336,4896000
2004-02-11,44.372650146484375,44.46986919094638,43.935168725538134,44.12586685239491,8204200
2004-02-12,44.06978988647461,44.53344545268034,44.0510929242038,44.395098201797644,5121000
2004-02-13,43.61735534667969,44.39883937368856,43.52387623228593,44.20814403430973,7421800
2004-02-17,44.383872985839844,44.383872985839844,43.8828264079839,43.9052604778116,6605200
2004-02-18,44.05857467651367,44.44744811526743,43.92770449346097,44.42127407865689,5221200
2004-02-19,43.28081512451172,44.47360912808187,43.28081512451172,44.42126107019057,9321400
2004-02-20,43.2060432434082,43.56126269942563,42.83586393558336,43.42665256071766,10968000
2004-02-23,42.55543899536133,43.359360098402995,42.46943979175496,43.34066598372003,12405200
2004-02-24,42.55168151855469,42.996640032540185,42.102980189564555,42.43950547311832,14168400
2004-02-25,43.14994812011719,43.17238218863038,42.506811530355236,42.67881271205232,10497800
2004-02-26,43.411678314208984,43.55750543107953,42.925588875558745,43.06767603096332,8306000
2004-02-27,43.63605880737305,43.785625993000586,43.35562140410521,43.51266851803036,9046400
2004-03-01,44.327796936035156,44.34275108382818,43.673443138977944,43.74822528896773,11023800
2004-03-02,43.9763069152832,44.4586594013628,42.7872526793733,44.27170120611128,14451000
2004-03-03,44.02117156982422,44.24178083912925,43.58742724997974,43.89403853192815,8672000
2004-03-04,44.57831573486328,44.608229732914005,43.88657093328661,44.02865814489373,4835200
2004-03-05,44.67926025390625,45.030742507398124,44.19690785903606,44.256735839526215,9174400
2004-03-08,44.047359466552734,44.99336763968211,44.02118542885668,44.79892948586334,7698400
2004-03-09,43.67343521118164,44.234309792561085,43.516388160301105,44.08474266697544,11062800
2004-03-10,42.75733947753906,44.032395762156845,42.70873137286298,43.77439253503643,17781600
2004-03-11,42.327335357666016,43.37430241923254,42.282467215409795,42.59655562222631,21167800
2004-03-12,43.46778106689453,43.72578429320567,42.5591641098376,42.62646917527722,13307200
2004-03-15,42.34604263305664,43.32944197802847,42.185258427712704,43.30700790143606,21093200
2004-03-16,42.36473083496094,42.82464642650369,41.88611542886546,42.63768821955815,34601400
2004-03-17,43.14994812011719,43.239687246925364,42.55168252013702,42.57037662631288,18236800
2004-03-18,42.88821029663086,43.08638838659869,42.38342372297155,42.977952287363536,17928600
2004-03-19,42.514312744140625,43.04527644009037,42.36474839878163,42.906926282600566,14281000
2004-03-22,41.6954345703125,42.30865747351807,41.54212741813269,42.11421927332694,18560600
2004-03-23,41.76644515991211,42.30862544933098,41.60566105377474,41.99827426843135,15122600
2004-03-24,41.71038055419922,42.01325196157374,41.40002922038608,41.886118886921814,13165400
2004-03-25,42.67133331298828,42.719941409701086,41.87862965327371,42.00949980038914,19901400
2004-03-26,42.779605865478516,43.0755421938739,42.55109810378069,42.5773230233762,11659800
2004-03-29,43.599971771240234,43.64117826261662,43.04930580283707,43.07927467983615,15613000
2004-03-30,43.95585250854492,44.008299483756105,43.453886570002524,43.495093070389146,9919000
2004-03-31,44.053245544433594,44.12816774581933,43.57000806295713,43.95959493619373,13493800
2004-04-01,44.53648376464844,44.55521502980301,43.97458010588881,44.045755483888435,9806600
2004-04-02,45.102134704589844,45.304420366749746,44.80619843168867,45.16206960930954,12827200
2004-04-05,45.23324966430664,45.289440608158465,44.87737844989531,45.12836142671131,7325800
2004-04-06,44.68259048461914,45.13211524711869,44.58144905640132,44.9710360407047,10185200
2004-04-07,45.01970672607422,45.13583253018681,44.33418379769133,44.671326455747575,10875800
2004-04-08,44.61891174316406,45.383101318677994,44.555229993035596,45.3606232213456,9078200
2004-04-12,44.73502731323242,45.064679323549,44.62264828443458,44.72004287112802,7693000
2004-04-13,43.693634033203125,45.00848956817175,43.52880802369419,45.00848956817175,16763600
2004-04-14,43.55878448486328,43.95586227720917,43.135484628079276,43.427674162672716,15333200
2004-04-15,43.22163009643555,43.80975583466179,42.854521292136056,43.54753526016216,13475000
2004-04-16,43.55128479003906,43.76855205469535,42.914458864143484,43.41642766963718,13355800
2004-04-19,43.87343215942383,43.91838261630504,43.14295579722098,43.46511407548676,11097200
2004-04-20,42.9032096862793,44.28924019292798,42.80581226823625,43.99704793879884,16260800
2004-04-21,43.603721618652344,43.603721618652344,42.71965969180829,43.07927766676339,12238800
2004-04-22,44.20307159423828,44.3978635335792,43.49132664951297,43.49882029601959,14381000
2004-04-23,44.109432220458984,44.4128592472915,43.71235459443229,44.386637193836705,9145400
2004-04-26,44.20307159423828,44.60014911942674,43.899644644461354,44.22929364103396,10711800
2004-04-27,44.0907096862793,44.46905898216452,43.77604498252608,44.203091570756904,6833800
2004-04-28,43.169185638427734,43.94086863066032,42.92944029850787,43.884677691431314,15350600
2004-04-29,42.31134796142578,43.405189348951914,42.04912737488974,43.19166605477542,16087800
2004-04-30,41.622074127197266,42.629755527642885,41.622074127197266,42.554833330626906,18905200
2004-05-03,42.169002532958984,42.46868567062805,41.764431154502816,41.805637657382064,14629600
2004-05-04,42.405006408691406,43.04932323513285,42.12405450353314,42.20272355200916,14691400
2004-05-05,42.592308044433594,42.85453153962673,42.4387224877837,42.554848361689025,9045000
2004-05-06,41.97047424316406,42.285139044803714,41.46850528979819,42.285139044803714,22115200
2004-05-07,40.775474548339844,42.39001298940203,40.775474548339844,41.6557897005072,21520200
2004-05-10,40.052486419677734,40.74175629597714,39.76404384001285,40.45705768241938,33149000
2004-05-11,40.925323486328125,41.05643379088764,40.269769105540256,40.404626235370124,24259000
2004-05-12,41.236244201660156,41.243734994201795,39.820247198096425,40.85414804825993,31080600
2004-05-13,40.67058181762695,41.33737362192057,40.61813771108629,40.9815024906819,20447600
2004-05-14,40.51326370239258,41.13135844103469,40.32596243965197,40.73427782059108,20033200
2004-05-17,40.127418518066406,40.400876726844274,39.52430829915838,39.8876731605118,19698400
2004-05-18,40.580684661865234,40.60315989462275,40.09370032685968,40.29598599564707,13970400
2004-05-19,40.292240142822266,41.3636034192869,40.247289676222906,40.90658795559345,18784800
2004-05-20,40.37465286254883,40.6818267668065,40.074972607999136,40.38214651225681,12400600
2004-05-21,40.753013610839844,40.90285520925253,40.39713945736088,40.513268196575865,12021800
2004-05-24,41.28118133544922,41.36359431673207,40.90283498754429,41.116358230872876,10802600
2004-05-25,42.14276885986328,42.300101177689314,41.06391500592698,41.18753162251061,14969200
2004-05-26,42.431209564208984,42.431209564208984,41.97794103549571,42.12029176645626,12890600
2004-05-27,42.44245910644531,42.80207711869146,42.09407871052093,42.5735693935158,19802800
2004-05-28,42.517372131347656,42.592291467678464,42.24765794777357,42.43121232237669,6848400
2004-06-01,42.92194747924805,42.929438270396076,42.28512162805463,42.330074948912085,11926600
2004-06-02,42.779605865478516,43.04932013226876,42.59979825961193,43.00811362717634,12855600
2004-06-03,41.95546340942383,42.764605861297504,41.95546340942383,42.72339937395269,11824400
2004-06-04,42.47991180419922,42.74213233527876,42.19521318617755,42.38251438208849,11023000
2004-06-07,43.24784469604492,43.28156039723218,42.55483084752505,42.6634658833671,9933800
2004-06-08,43.20663833618164,43.30028893378008,43.01559317483321,43.12048138686515,6247600
2004-06-09,42.4237174987793,43.270319637181764,42.4237174987793,43.09800289361121,10326200
2004-06-10,42.592308044433594,42.760880903770015,42.36005629662294,42.68221471260926,9060600
2004-06-14,41.756927490234375,42.36752833687376,41.66702371984333,42.30009979458315,11226200
2004-06-15,42.517372131347656,42.64099160848403,42.034134695442326,42.03788151965571,20003800
2004-06-16,42.59979248046875,42.67096786287998,42.300109367359354,42.44620409905294,8662800
2004-06-17,42.49114990234375,42.734642031397485,42.202707314872974,42.524862746156536,17147600
2004-06-18,42.637245178222656,42.83953081777227,42.33007132364499,42.352546553154,11470800
2004-06-21,42.468666076660156,42.850759185809416,42.44244402856157,42.65222041335027,6144000
2004-06-22,42.79834747314453,42.813331920251606,42.10908005416548,42.49866424698517,9991200
2004-06-23,43.44266128540039,43.491358591503904,42.685962479848286,42.69345613185858,16378600
2004-06-24,43.28531265258789,43.67864349586292,43.2178840997422,43.42391372488919,8302000
2004-06-25,43.794246673583984,43.94448480157194,43.091887938487744,43.091887938487744,12696200
2004-06-28,43.70410919189453,44.09848395800951,43.598943351745,43.831809750489185,15502800
2004-06-29,44.06841278076172,44.21865084502723,43.62145532759883,43.62145532759883,7803600
2004-06-30,44.31631851196289,44.31631851196289,43.95950549301274,44.10974360935365,10870600
2004-07-01,43.50877380371094,44.35010577368845,43.50877380371094,44.252450607153946,16748000
2004-07-02,43.64400863647461,43.73790710846836,43.30597642974026,43.60269307955304,7557600
2004-07-06,42.86278533935547,43.40363871327367,42.72381453739242,43.36983663108393,13059400
2004-07-07,42.81019592285156,43.193300457368736,42.70502721902029,42.80268243980081,8702200
2004-07-08,42.0327033996582,42.81018244856104,41.91251063310967,42.543508329723075,13588000
2004-07-09,42.31064987182617,42.333184586965444,42.01017363071808,42.17919259092406,11431800
2004-07-12,42.066505432128906,42.34820078100477,41.75100801685351,42.14162304560782,13178000
2004-07-13,42.12285614013672,42.35947926375106,42.07027322377798,42.19046315624853,6838400
2004-07-14,41.87871170043945,42.412054246918494,41.72096298087019,41.79232385940667,12582800
2004-07-15,41.97260284423828,42.28434635399085,41.88997175822647,42.03269922153887,7474400
2004-07-16,41.503116607666016,42.2993765280277,41.46555779923129,42.28059569103364,13095600
2004-07-19,41.450538635253906,41.69091847650477,41.183867338414785,41.63082208341518,19252200
2004-07-20,42.273094177246094,42.40830820916628,41.48059082676266,41.56697581820644,9760000
2004-07-21,40.94723129272461,42.40078020528415,40.94723129272461,42.35195404708354,18338800
2004-07-22,41.014854431152344,41.138801111014764,40.26742334157551,40.96227151222055,18692400
2004-07-23,40.428932189941406,40.89091400518518,40.33879044509667,40.81579349651923,18983400
2004-07-26,39.89933776855469,40.65427937833439,39.70402735292477,40.519065356914844,16526600
2004-07-27,40.64298629760742,40.82327250058048,40.068328503055774,40.105887292889165,16286600
2004-07-28,40.60921096801758,40.827053238616195,39.963189041801996,40.57164928791594,20419800
2004-07-29,41.089969635009766,41.19513545931213,40.658036114721824,40.86461388785417,11042800
2004-07-30,41.31533432006836,41.37918460355722,40.9397403717041,41.014858015155184,12301000
2004-08-02,41.165077209472656,41.386679027039506,40.68807437557258,41.014839126206624,12227000
2004-08-03,40.57540512084961,41.14630940519127,40.55662714677296,41.10123710941046,14361000
2004-08-04,40.541595458984375,40.935967227415134,40.07585708642815,40.32750710882103,19376200
2004-08-05,39.7941780090332,40.6092190614832,39.71154974678174,40.556636137525715,15848800
2004-08-06,38.960350036621094,39.4411096902794,38.8251360258355,39.3246736520424,18657600
2004-08-09,38.836395263671875,39.151892645847376,38.72371598972179,39.02419214322005,10382000
2004-08-10,39.44486999511719,39.71154418497968,38.855187688563774,38.88147914686027,18270600
2004-08-11,39.39228820800781,39.59135538716511,38.73124499029804,39.174445918256744,13067600
2004-08-12,38.825138092041016,39.21575604781478,38.686167333128495,39.13312494065348,9952400
2004-08-13,38.81761169433594,39.09179638000002,38.56220784152453,38.900242774003274,9646200
2004-08-16,39.4824333190918,39.57633179770551,38.847678686685796,38.896504863965426,16553200
2004-08-17,39.73031234741211,39.981959509745046,39.56505015576501,39.7828952510174,10360800
2004-08-18,40.57915496826172,40.60920316034431,39.437349459103196,39.493689102869716,13410200
2004-08-19,40.233612060546875,40.59418179311613,40.087130696239164,40.45896778520847,10119000
2004-08-20,40.94723129272461,41.08995875840077,40.15473107920742,40.23360542655597,11919400
2004-08-23,40.796993255615234,41.255215213431164,40.64299844605075,41.11624736295406,12611200
2004-08-24,40.90968322753906,41.12752835771466,40.609209853846934,41.033629891144535,11565000
2004-08-25,41.14255142211914,41.221425788189094,40.56413653871911,40.8871474848458,12466400
2004-08-26,40.902164459228516,41.21390799384354,40.86460565319672,41.07118051914821,9472000
2004-08-27,41.22517776489258,41.40921793112039,40.99606530945344,40.99606530945344,8073200
2004-08-30,40.75569152832031,41.24020796320599,40.714375973485225,41.089969842492366,10043000
2004-08-31,40.691837310791016,41.12752756272033,40.51906447950814,40.86461300762763,24903400
2004-09-01,41.40921401977539,41.7247114177939,40.973523861879606,40.973523861879606,20113400
2004-09-02,42.13786315917969,42.1416170334308,41.29277723311715,41.319068680639205,9649400
2004-09-03,41.67212677001953,42.145375712748084,41.465551920140584,41.93504412289228,10964400
2004-09-07,42.19797897338867,42.31065830264513,41.84492261512355,41.99515790005967,11445200
2004-09-08,41.97260284423828,42.46838649475616,41.73597980611145,42.081525378930856,11916600
2004-09-09,42.32190704345703,42.622383212247215,41.95382387996671,41.96133736024068,12038400
2004-09-10,42.7125358581543,42.78765348681785,42.12285358992845,42.442107810079335,11722400
2004-09-13,42.941654205322266,43.14822914508772,42.727565782333784,42.761367860174694,13555400
2004-09-14,42.85525131225586,42.952906501027904,42.50219509455472,42.919101569488134,9151600
2004-09-15,42.59610366821289,42.735071571039235,42.38576914504899,42.7200474718451,10729200
2004-09-16,43.0543212890625,43.12944177716491,42.69375154283179,42.76135854934715,9656400
2004-09-17,42.97921371459961,43.14822983762538,42.6486920863374,43.043063995248964,12199800
2004-09-20,42.787662506103516,43.07311471319293,42.67498603935692,42.78390862976675,10983200
2004-09-21,43.110679626464844,43.324768095641424,42.89659115728826,42.956687573820915,9596800
2004-09-22,42.382015228271484,42.859021096423355,42.359480510755496,42.82897289603263,14979200
2004-09-23,42.34070587158203,42.599863740102656,42.288120083976885,42.475917052888164,9478000
2004-09-24,42.4178581237793,42.76421786850871,42.41032981293944,42.542096794922934,10635200
2004-09-27,41.966094970703125,42.31622039191413,41.82303117930812,42.304926486763044,15947800
2004-09-28,42.46681594848633,42.46681594848633,41.84185967113352,42.00751128629802,13526000
2004-09-29,42.86211395263672,42.86211395263672,42.34257420452006,42.37645592030124,16073200
2004-09-30,42.86211395263672,43.14447307336859,42.65881504103311,42.6701089462935,17295400
2004-10-01,43.9426155090332,43.95390941590946,43.080478525706106,43.13318533933257,16410000
2004-10-04,44.19108581542969,44.49227004051115,44.12331950840164,44.27391162094237,13371200
2004-10-05,44.14966583251953,44.341670817025324,43.95389812822523,44.13460920875512,10255200
2004-10-06,44.435787200927734,44.52237857879694,44.00283605619163,44.11954642395491,9322000
2004-10-07,43.694129943847656,44.37555854583493,43.67154213429523,44.33038005442469,10364600
2004-10-08,43.14446258544922,43.810831556880935,43.14446258544922,43.53976640730226,15495600
2004-10-11,43.3477897644043,43.37790877232256,43.07296171599351,43.29131734263422,7916600
2004-10-12,43.24612045288086,43.42682866698108,42.76046245999044,42.99764306811146,14074200
2004-10-13,42.6174201965332,43.65273741119755,42.606126286487765,43.56991444676205,17654200
2004-10-14,42.33880615234375,42.816935844164064,42.33880615234375,42.66257815509134,13499000
2004-10-15,42.7755241394043,43.012704759628754,42.2748066244028,42.545871831690995,16297800
2004-10-18,42.956233978271484,43.08800099446293,42.43669422629998,42.66258095010039,14040600
2004-10-19,42.51199722290039,43.32519303563555,42.46682159261917,43.11812848915963,14654200
2004-10-20,42.73411560058594,42.877176531339686,42.19198513068844,42.36893065196364,14972600
2004-10-21,43.27626037597656,43.35155790018695,42.59106870334977,42.820721125654444,10623200
2004-10-22,42.5383415222168,43.408009558879776,42.50822539924705,43.27623967262702,16834000
2004-10-25,42.993900299072266,43.08802004830168,42.376474973911876,42.46306640701793,15370400
2004-10-26,43.55861282348633,43.55861282348633,42.53459250497953,43.012719501708865,15694400
2004-10-27,43.984012603759766,44.115779590456384,43.362822098127246,43.43058838732907,18685600
2004-10-28,43.822139739990234,44.07814547887353,43.615075218722225,44.0292013889525,10726400
2004-10-29,43.74309539794922,44.093220978589784,43.57744372082261,43.85603737319363,11972800
2004-11-01,44.08945846557617,44.142165298834996,43.56615285514427,43.87486553807753,13256800
2004-11-02,43.91627502441406,44.447108909935274,43.72426993410322,44.14969016135394,12997000
2004-11-03,44.6240234375,44.83861619885289,44.31907658513136,44.582610547387624,18907000
2004-11-04,45.1699333190918,45.20381503660925,44.36050322372013,44.63156845308233,12551400
2004-11-05,45.37322235107422,45.64805313064414,45.04192205104251,45.32804673470479,10656600
2004-11-08,45.215110778808594,45.505001111213375,45.09087206492083,45.35817458472994,5433200
2004-11-09,45.37699890136719,45.61041684076345,45.17746555473605,45.23393796114065,6608800
2004-11-10,45.704524993896484,45.98311849006604,45.40334081749872,45.459813209611454,11236200
2004-11-11,46.15630340576172,46.299367197646404,45.742177272406785,45.78359017297283,8648200
2004-11-12,46.62690353393555,46.70220102495458,46.062185276667925,46.201483480823946,12640800
2004-11-15,46.89043426513672,46.89043426513672,46.43865799547132,46.645722478106116,9308000
2004-11-16,46.476322174072266,46.78503477789088,46.32573290181441,46.698446233573236,11696400
2004-11-17,46.724796295166016,47.18786373155755,46.53655684602661,46.70220848040722,14988800
2004-11-18,46.65324783325195,46.830193312233476,46.40477334214334,46.7360736210565,12526000
2004-11-19,46.15630340576172,46.66454924543847,45.97559517811489,46.63819584256058,11445000
2004-11-22,46.64573287963867,46.70220528497779,45.968069760181066,45.986894852729385,13922200
2004-11-23,46.935604095458984,46.96572308418477,46.22782509423208,46.65701063050757,21859400
2004-11-24,47.21797180175781,47.39868289491147,46.928084381007075,46.98455677713668,11408600
2004-11-26,47.248104095458984,47.58693569530598,47.248104095458984,47.30457650748451,6176600
2004-11-29,47.417518615722656,47.84294163172033,47.04103969738486,47.59446416691041,17324000
2004-11-30,47.767642974853516,47.805293163625976,47.4815210718645,47.609522522311245,14468600
2004-12-01,48.211875915527344,48.43399703668372,47.69233618716592,47.7412773988685,19120200
2004-12-02,48.14412307739258,48.494248586589045,48.01988721720509,48.19306430278122,12883400
2004-12-03,48.05377960205078,48.498027811762945,48.05377960205078,48.15543054111763,13313800
2004-12-06,47.827877044677734,48.24576595707603,47.7563451386617,48.18176810942331,6219600
2004-12-07,46.988338470458984,48.08389363190571,46.95069114860622,47.98977389112052,13218200
2004-12-08,47.511627197265625,47.511627197265625,46.90926164372435,47.05985375018605,11617000
2004-12-09,47.15019607543945,47.40996732232358,46.64571594808717,47.19914014937693,18757600
2004-12-10,47.511627197265625,47.662219303727326,46.99585303843912,47.06361934273161,10605200
2004-12-13,48.031158447265625,48.031158447265625,47.41373354205255,47.75632770262945,11161400
2004-12-14,48.290950775146484,48.42648341079357,47.963413093615,47.98600090878748,11281800
2004-12-15,48.69377899169922,48.75025427282211,48.26836174588946,48.30600618869266,10569000
2004-12-16,48.31354522705078,48.72766863286202,48.06130501528803,48.65990517803605,13787000
2004-12-17,48.117759704589844,48.396356114732335,47.944579782566606,48.17046651249667,19285200
2004-12-20,48.0612907409668,48.54318320309375,47.82034163759768,48.223173886935584,11991600
2004-12-21,48.56951141357422,48.58833649609863,48.04244357054265,48.15162273011471,9142200
2004-12-22,48.663665771484375,48.88579271224176,48.520607680458916,48.573314502334135,7285200
2004-12-23,48.78866195678711,48.985057018744236,48.747122721287624,48.77733202657179,8365000
2004-12-27,48.475189208984375,49.09835837549958,48.21081170423593,49.09835837549958,10330200
2004-12-28,49.11725616455078,49.17390582594148,48.516746702065106,48.516746702065106,8985200
2004-12-29,49.11347579956055,49.249440750169434,48.951076261216194,49.10592635331388,9263400
2004-12-30,48.93973159790039,49.24942592594075,48.93973159790039,49.17767163057927,7993400
2004-12-31,48.909515380859375,49.347625164286335,48.85664045961365,49.05303549406956,15081800
2005-01-03,48.2750129699707,49.25697948819768,48.01819069152977,49.17011478191936,16062600
2005-01-04,47.24018859863281,48.40721776104202,47.15709858419563,48.36945323998453,27450000
2005-01-05,46.295982360839844,47.31571648731197,46.295982360839844,47.1873067612016,29884200
2005-01-06,46.541481018066406,46.9833656734893,46.2468883663164,46.583023143327125,23061200
2005-01-07,46.02406311035156,46.79453028917275,45.99762563820189,46.64723538984338,20906200
2005-01-10,46.492366790771484,46.907813851389264,46.039152339455214,46.076919730153705,23449000
2005-01-11,45.925846099853516,46.29219583124897,45.79365879508896,46.2619807668836,23233800
2005-01-12,46.11469650268555,46.26576897768174,45.419767151757966,45.99383909898215,24791200
2005-01-13,45.974952697753906,46.405507339742016,45.755897772821704,46.18645241480981,18940600
2005-01-14,46.41304016113281,46.49235252169787,46.01270075595695,46.110895365342444,13541000
2005-01-18,46.964481353759766,47.1382137115447,46.23555924312506,46.30354172064683,16787600
2005-01-19,46.292198181152344,47.11553999736702,46.292198181152344,46.9418076906478,20194800
2005-01-20,46.0164794921875,46.4432592695917,45.937167124701745,46.12978452086234,29061600
2005-01-21,45.910736083984375,46.44704336232143,45.7558889300563,46.095801182110215,22309800
2005-01-24,45.55950164794922,46.26576373162973,45.38576932991675,46.04670881179717,18547200
2005-01-25,45.67659378051758,46.15246823142403,45.49530621721889,45.75968379363498,22059200
2005-01-26,46.2846565246582,46.416843866603905,45.744574343450395,45.85787654448902,18351600
2005-01-27,46.41684341430664,46.73031830891468,46.133583592268316,46.22044832407137,20795400
2005-01-28,46.37907791137695,46.56791780045997,45.83899571334079,46.56791780045997,20704200
2005-01-31,46.92292022705078,47.0211177456195,46.507473176676086,46.650990410378725,21879000
2005-02-01,47.18730163574219,47.34970401854434,46.85494166267693,46.92670172621918,20250400
2005-02-02,47.54610061645508,47.58386801287342,47.17975082011512,47.255288494419446,17766800
2005-02-03,47.285499572753906,47.474339431880665,46.926704993000094,47.42146450184258,14914600
2005-02-04,47.882240295410156,47.98799016890601,47.232630636543725,47.28928317776449,19564000
2005-02-07,47.87089920043945,48.17304409551434,47.65562189917546,47.98420425645935,12354400
2005-02-08,47.987979888916016,48.139052339319306,47.8142475794658,47.85579257536339,10688000
2005-02-09,46.964481353759766,48.154173269656674,46.964481353759766,48.146620941695645,27444000
2005-02-10,47.047576904296875,47.29684697836189,46.76053942304674,47.11178178465842,20379000
2005-02-11,47.81425094604492,47.86712587518887,46.74164194744759,47.077776660491644,18049200
2005-02-14,47.772701263427734,47.96531870440586,47.481889181648185,47.738711475796606,8975000
2005-02-15,47.81425094604492,48.10128833387461,47.52343883575319,47.83313608422527,14451600
2005-02-16,47.957786560058594,48.26748390849188,47.568773910841195,47.738731564919114,18858800
2005-02-17,47.53477478027344,48.21837422317319,47.493229776194326,48.11640195591312,17347600
2005-02-18,47.417686462402344,47.74249122789736,47.20996147930644,47.481891318462026,15579400
2005-02-22,46.492366790771484,47.474333356268204,46.45459940007299,47.172191349213094,27227400
2005-02-23,46.76809310913086,47.0475753709542,46.575475592855405,46.63590574755687,17492200
2005-02-24,47.20619583129883,47.27040358508753,46.367746242040845,46.71143623175951,16971800
2005-02-25,47.99175262451172,47.99930494960551,47.134421093747946,47.134421093747946,23738200
2005-02-28,47.693382263183594,48.067284282608036,47.342140099037344,47.92754466643671,18075400
2005-03-01,48.05974578857422,48.18438079140528,47.6933959883259,47.836916130301425,19476800
2005-03-02,47.97288131713867,48.44120340755158,47.77648911195515,47.85580151490241,21102400
2005-03-03,48.01442337036133,48.3203459131797,47.69339617392981,48.19193330572649,17486400
2005-03-04,48.603607177734375,48.686697182449734,48.161719687336095,48.39965688872919,16204600
2005-03-07,48.48274612426758,48.82643606896164,48.44120112256901,48.68291592437831,13329800
2005-03-08,48.02198028564453,48.596052231783865,47.984212887333804,48.48652764112309,15237000
2005-03-09,47.47813415527344,48.018216462374525,47.47813415527344,47.91624416952321,22694800
2005-03-10,47.274166107177734,47.848240849616815,47.0060138730457,47.54609594502073,22922000
2005-03-11,47.24018859863281,47.62542071474289,46.987143832096386,47.41769856011805,15532600
2005-03-14,47.59518814086914,47.59518814086914,47.16085884931193,47.38368845931314,14980800
2005-03-15,47.274166107177734,47.89733817199005,47.172193858720284,47.787810716110656,18482400
2005-03-16,47.009788513183594,47.315708120737625,46.81339347313699,47.11176075521254,21527600
2005-03-17,47.009788513183594,47.300600588313486,46.77184847933741,47.02867076761338,19603400
2005-03-18,46.75675964355469,47.09666915293486,46.63590222474952,47.04379421229935,24139800
2005-03-21,46.81340408325195,46.93426148856983,46.511262010691176,46.8625042951256,16590200
2005-03-22,46.492366790771484,47.40257617838124,46.492366790771484,46.87004646069077,30865000
2005-03-23,46.15247344970703,46.46594839592315,46.08071624237529,46.45461846221121,21073800
2005-03-24,46.32242965698242,46.75871848133682,46.28828674884628,46.398307610253774,14170800
2005-03-28,46.34136962890625,46.667637378947525,46.26170000079563,46.477946961223346,12566800
2005-03-29,45.6774787902832,46.698011841898044,45.46881805595706,46.26931229935707,21808800
2005-03-30,46.348995208740234,46.3755517739252,45.734399587474265,45.734399587474265,19132800
2005-03-31,46.34136962890625,46.42483387581626,46.094771506975604,46.4172446382175,20469400
2005-04-01,46.14789962768555,46.830786511760266,45.83680735703974,46.561426378166075,23993200
2005-04-04,46.318641662597656,46.42866253974603,45.677489508799724,46.072046238916805,30577600
2005-04-05,46.40209197998047,46.53108303286612,46.18963953340117,46.33380328008748,17858000
2005-04-06,46.546260833740234,46.895290696697025,46.41726977472286,46.52349600306209,19717800
2005-04-07,46.72836685180664,46.85735792390667,46.24275953331981,46.35278039367198,14978600
2005-04-08,46.01892852783203,46.785277075276575,45.95822616257602,46.68663717895961,19497000
2005-04-11,45.79130554199219,46.08722528257359,45.673698306849296,46.03790387858573,19150600
2005-04-12,46.21998977661133,46.32621599775603,45.260156271264265,45.722998678473694,32519000
2005-04-13,45.3929557800293,46.208625842265846,45.31707781235118,46.13274787458773,25937800
2005-04-14,44.482444763183594,45.62058833921388,44.482444763183594,45.423311392926095,36952400
2005-04-15,43.87161636352539,44.74798550245828,43.62881276750549,44.50518190643837,51555800
2005-04-18,44.15237808227539,44.296544774619555,43.48466932886016,43.78817251829021,35293400
2005-04-19,44.88078689575195,44.89595959318123,44.37241469842517,44.42932244435366,32092800
2005-04-20,44.17890930175781,44.99457890158324,44.076477721522465,44.91870387136794,31657400
2005-04-21,45.26015853881836,45.29050682177485,44.02717017764168,44.645560221399926,32386400
2005-04-22,44.5279541015625,45.19187092744844,44.03855220829001,45.11978760298614,30021000
2005-04-25,44.93768310546875,45.013561050264386,44.5772722746443,44.69867409186968,19041800
2005-04-26,44.304115295410156,45.195660118409045,44.02716877018223,44.751785017242646,30991400
2005-04-27,44.28516387939453,44.60763728504146,43.71609214197694,44.103059649863546,30928600
2005-04-28,43.15459442138672,44.12201725630458,43.15459442138672,44.11063339347275,30459400
2005-04-29,43.71986770629883,43.79195102594601,42.8662604157515,43.62123072561553,57488600
2005-05-02,44.16753005981445,44.19029488532468,43.65536634976251,43.841262207155324,25063400
2005-05-03,44.38758087158203,44.50139633928819,43.87921167657567,44.148571862736176,25104800
2005-05-04,44.88078689575195,44.975632174150036,44.17134317133294,44.300331360619204,23520000
2005-05-05,44.87320327758789,45.20706055184606,44.562110841223685,44.91873005892725,38436800
2005-05-06,45.03254699707031,45.317082895268605,44.82768369748251,45.25638340876636,23372200
2005-05-09,45.46502685546875,45.52572921709321,44.7935236230737,45.01735996350399,19355600
2005-05-10,44.92250061035156,45.46501260143207,44.778333993916064,45.203241708727894,28207600
2005-05-11,44.94528579711914,45.0856549717134,44.39138965937108,45.051512057173774,32094000
2005-05-12,44.2358283996582,45.20325120319451,44.14857238191194,45.070468418940884,30449600
2005-05-13,44.07649612426758,44.467258192475775,43.58709416003803,44.38758850915209,37347200
2005-05-16,44.755584716796875,44.7669656856392,43.97026602775044,44.019584524216455,31343600
2005-05-17,45.021141052246094,45.032522018749496,44.32687315106615,44.58106061224684,22691400
2005-05-18,45.9240837097168,45.95064027116841,45.2260209745702,45.23740194455687,36759800
2005-05-19,46.03789138793945,46.18584977086293,45.787501391625796,45.870965688546285,26642600
2005-05-20,45.980995178222656,46.072048740118674,45.66611101695666,46.01893560957026,23165000
2005-05-23,46.284488677978516,46.474179205347276,45.99615826593262,46.03789041350957,27477400
2005-05-24,46.09480667114258,46.37934251479161,46.00375601162041,46.11756861241105,21963200
2005-05-25,45.74956130981445,46.13273699650283,45.63954334790828,46.10997505879091,22453600
2005-05-26,46.38690185546875,46.43242860594653,45.93923227300037,45.93923227300037,20049800
2005-05-27,46.64488983154297,46.6942112108587,46.208604024793075,46.512107068860516,15095200
2005-05-31,46.546260833740234,46.8194156462969,46.39071321763806,46.679043619164275,19278200
2005-06-01,47.07360076904297,47.232940113312004,46.52729113789466,46.54246672703185,26634800
2005-06-02,47.20260238647461,47.301242296752186,46.92565576552978,47.073614183721894,14395000
2005-06-03,46.85734558105469,47.358128358137336,46.70559261038934,47.15326228190619,21798200
2005-06-06,47.03187561035156,47.088783354459274,46.68284569168152,46.83839043816461,16974800
2005-06-07,47.12672424316406,47.70717690663002,47.02049799030079,47.19501296206878,25201400
2005-06-08,46.827003479003906,47.323991732119744,46.758714773698486,47.225354742360146,18085800
2005-06-09,47.28606414794922,47.36193921670953,46.557653067836256,46.79286751766221,21813800
2005-06-10,47.38469696044922,47.4605720178527,47.10395577471886,47.38469696044922,19949900
2005-06-13,47.597129821777344,47.66541850307761,47.14187387607338,47.24810007044119,21416100
2005-06-14,48.006900787353516,48.006900787353516,47.39989140335388,47.574406420350705,14950400
2005-06-15,48.135868072509766,48.166219252117024,47.52885895260347,48.128281724831844,20371900
2005-06-16,48.606292724609375,48.66699507501443,48.0523996966238,48.166212261962215,21612000
2005-06-17,48.57594299316406,49.0539667806931,48.469719665692836,48.80357391950122,20964800
2005-06-20,48.42842102050781,48.679386277028954,48.33716224589291,48.45884157906749,17148400
2005-06-21,48.565303802490234,48.66416915337219,48.31433858126612,48.557697213388074,13798200
2005-06-22,48.67938232421875,48.83908589209278,48.28392379824693,48.64896176812925,15672300
2005-06-23,47.82002258300781,48.75543296608199,47.82002258300781,48.603333079982704,19600900
2005-06-24,47.31049728393555,47.92650063283502,47.20402821399196,47.865659506544645,25158200
2005-06-27,47.43217086791992,47.599481043809746,47.22683644325448,47.36372605969811,19839000
2005-06-28,48.16984939575195,48.565307931840614,47.69834236855792,47.7363666141106,18261700
2005-06-29,48.55009460449219,48.717401854630005,48.39039104256181,48.56530488197086,17068800
2005-06-30,48.44361877441406,48.89231174343272,48.215470446333796,48.72500161567761,28369700
2005-07-01,48.65655517578125,48.709792588221084,48.245886458536525,48.44361713027508,14988200
2005-07-05,49.42466354370117,49.470297276962924,48.48925324162102,48.527280385651224,27172600
2005-07-06,48.97595977783203,49.538725379585856,48.960746603605045,49.439862955614196,21094100
2005-07-07,49.11286544799805,49.196520527313886,48.268713867358464,48.436021124926214,32447900
2005-07-08,50.169944763183594,50.207966099123645,49.090041346758454,49.15848323272653,24967200
2005-07-11,50.785945892333984,50.94564943136391,50.17755228680951,50.20036624922425,35662900
2005-07-12,50.626251220703125,51.05973398888975,50.44373368728975,50.709906298960874,24254400
2005-07-13,50.51217269897461,50.81637243869239,50.306841210888386,50.68708943500375,16978500
2005-07-14,50.147132873535156,51.00649168936525,50.02545066839449,50.87720869799846,26043100
2005-07-15,50.19276809692383,50.34486507333614,49.7516787423493,50.154740951756885,15694300
2005-07-18,49.90378189086914,50.25360958091322,49.713657767880335,50.1243265697915,14741300
2005-07-19,50.60342788696289,50.687082949735036,50.00263507347506,50.109104098434756,14000400
2005-07-20,51.219425201416016,51.37152794434542,50.337252500930994,50.38288042274663,23859900
2005-07-21,50.42091751098633,51.29548379641336,50.36007640180588,51.29548379641336,41935700
2005-07-22,51.196617126464844,51.27266560560947,50.42851414221188,50.53498317343977,27929800
2005-07-25,50.86198425292969,51.470383539589676,50.65665282990416,51.18139706959526,22514700
2005-07-26,51.014095306396484,51.23463993877312,50.64144792645326,50.884812322559796,21896800
2005-07-27,51.158599853515625,51.1966270014863,50.534992920842456,51.14339247560425,24091600
2005-07-28,51.68331527709961,51.7137358179534,50.968447072347935,51.234625354287324,21416900
2005-07-29,51.630088806152344,51.91147450119278,51.287867822073444,51.71374385597178,24809900
2005-08-01,51.6072998046875,51.903893014888,51.50083074472468,51.66814092527442,19025900
2005-08-02,51.995155334472656,52.10922518431361,51.71376949989806,51.736583469866254,16505300
2005-08-03,51.7365837097168,51.94952183324532,51.6149072686128,51.82784539214132,16877600
2005-08-04,50.8696174621582,51.56167215797318,50.78596237140851,51.379148795176405,19246400
2005-08-05,50.169944763183594,50.81636549543095,49.93419275312468,50.77073757145223,33135200
2005-08-08,49.995052337646484,50.47416898067489,49.8277421322797,50.32206615664624,20272000
2005-08-09,50.071067810058594,50.24598449174339,49.77447475156642,50.10909494150657,21193800
2005-08-10,50.002655029296875,50.64907602514335,49.333420062157906,50.22319975533937,27119700
2005-08-11,50.436119079589844,50.49696018176455,49.850539427007114,49.86574680148737,22973700
2005-08-12,49.82773208618164,50.24600751526731,49.53113889178572,50.22319354679506,25523100
2005-08-15,50.360076904296875,50.565408397170295,49.62239440397402,49.92659415078405,23665800
2005-08-16,49.4778938293457,50.253603405000845,49.4778938293457,50.24599681642032,18698200
2005-08-17,49.417057037353516,49.880954488493344,49.31058220681724,49.43226441192905,21158800
2005-08-18,49.25733947753906,49.546331765418415,49.029194084194536,49.25733947753906,23307000
2005-08-19,49.515933990478516,49.553961141253396,49.211734190665254,49.470306051251534,20511600
2005-08-22,49.797298431396484,49.84292635102505,49.33339524141911,49.61477514863004,22168900
2005-08-23,49.789695739746094,49.911372135651206,49.32579251347183,49.82011628925401,20650300
2005-08-24,49.59196853637695,50.21557533957417,49.36382310230595,49.61478249957136,28753000
2005-08-25,49.86576843261719,49.94942353386421,49.56917518351571,49.69085163851996,13910500
2005-08-26,49.05202865600586,49.8657597520126,49.006400718588324,49.85815316173356,19853300
2005-08-29,49.71364974975586,49.71364974975586,48.823864588061156,48.99878130593544,23967300
2005-08-30,49.49311828613281,49.63760868933007,49.204125875481516,49.52353884526076,21959000
2005-08-31,50.5958251953125,50.5958251953125,49.37142551185658,49.5463422389762,25306700
2005-09-01,50.5958251953125,50.86199777821006,50.352466576359426,50.51217012609796,21105000
2005-09-02,50.322052001953125,50.80116851021462,50.11672049993236,50.77074795396565,21928100
2005-09-06,51.07494354248047,51.09775750727178,50.39809637495006,50.47415066042422,26684300
2005-09-07,51.22705078125,51.31070587034425,50.86200986500884,51.05213401256332,14230200
2005-09-08,50.938053131103516,51.18141175516972,50.75552981145841,51.09775668419753,13027800
2005-09-09,51.24986267089844,51.39435887385732,50.991296625738634,51.12057964831854,23016100
2005-09-12,51.4780158996582,51.77460910481516,51.16620951354891,51.28028516217739,17628700
2005-09-13,51.08253860473633,51.37153093204642,50.884813730618255,51.37153093204642,23028900
2005-09-14,50.496952056884766,51.181399840906536,50.38287645919348,51.105345574361735,21257200
2005-09-15,50.322052001953125,50.67948628521874,50.23839692280041,50.56541064981706,23098600
2005-09-16,50.90763854980469,50.96847386136238,50.45133599929034,50.62625275060457,24336600
2005-09-19,50.664283752441406,50.93806298273181,50.42092508130865,50.84680130525888,24514400
2005-09-20,49.9342155456543,50.89243719934869,49.85816123480582,50.770760745823864,29350200
2005-09-21,49.128074645996094,49.896177765398235,49.128074645996094,49.83533665052661,28527200
2005-09-22,49.37902069091797,49.52351683201496,48.7478074243768,49.18129004554196,34380600
2005-09-23,49.72077560424805,49.812316408279386,49.003720522355174,49.28596696987935,27178400
2005-09-26,50.05641174316406,50.23185764921385,49.72839785373023,50.05641174316406,22874700
2005-09-27,49.888614654541016,50.2318826029017,49.552970744231814,49.9801496701698,27076800
2005-09-28,49.8199348449707,50.07166766286149,49.38512625946557,50.018270321479235,21575500
2005-09-29,50.369178771972656,50.460719585352365,49.438534205508,49.77417803469197,24484600
2005-09-30,50.6438102722168,50.6819537439676,50.18611771059062,50.376823429591255,29016300
2005-10-03,50.94892120361328,51.15488074103309,50.68193446256003,50.72007209992508,26406700
2005-10-04,50.178470611572266,51.18539622913351,50.13270311709779,51.01757432289419,17037600
2005-10-05,48.89692306518555,50.17083529497892,48.858785430566165,50.17083529497892,45606700
2005-10-06,48.462100982666016,49.2249233014736,47.951011425834324,48.88927961883909,59096500
2005-10-07,48.89692306518555,49.01897746366527,48.51551179974748,48.82064197607274,24054600
2005-10-10,48.34769058227539,49.03422908230164,48.28666338586227,49.011345338615165,16625700
2005-10-11,47.67642593383789,48.75200598650775,47.67642593383789,48.58418403604045,34321100
2005-10-12,47.00513458251953,47.90526561325055,46.72289099455945,47.630648972019024,63535700
2005-10-13,47.19584655761719,47.4018090660234,46.570332084652286,47.02039766007221,48558500
2005-10-14,47.98916244506836,48.07307338406092,46.77627457675973,47.676405342419564,52777600
2005-10-17,48.07307815551758,48.30955419706449,47.47044763379092,47.95102666212433,32203400
2005-10-18,47.42469024658203,48.08071829482102,47.371292885440525,47.98155342980847,32724600
2005-10-19,48.446868896484375,48.446868896484375,46.8220586238753,47.226353727866616,42623200
2005-10-20,47.54673767089844,48.55366334668437,47.203466892803796,48.3629576821804,47278000
2005-10-21,48.07307815551758,48.35532168837625,47.69929382016112,47.77557782224261,41173200
2005-10-24,49.12575149536133,49.12575149536133,47.99677206364806,48.172223732717946,30567800
2005-10-25,48.70621109008789,49.12576575538622,48.263775592959625,48.98082763103347,31535500
2005-10-26,48.454498291015625,49.270715437920074,48.29430622227562,48.58417675334677,34786100
2005-10-27,47.43994140625,48.30956170551578,47.249235736311796,48.263791297153084,27349900
2005-10-28,48.10358428955078,48.26377630415067,47.31024825067038,47.63063227987015,38437300
2005-10-31,48.65283203125,49.24020878334156,48.37058844032389,48.401102047434215,35208700
2005-11-01,48.89692306518555,49.10288840765157,48.51551179974748,48.858785430566165,30221400
2005-11-02,49.88096237182617,49.88096237182617,48.70621503374686,48.75961237548348,33256200
2005-11-03,50.05641174316406,50.46833656849074,49.78941922721036,50.170830455860234,43129900
2005-11-04,49.94961929321289,50.170832694210496,49.53769444950836,50.02590037837142,26502300
2005-11-07,50.1327018737793,50.384434726895165,49.78180417846984,50.14033172929405,20776800
2005-11-08,49.94961929321289,50.01827052389344,49.62922942374909,49.91147584069675,21210800
2005-11-09,50.11744689941406,50.422577130222344,49.66738431937503,49.90385748381079,29761700
2005-11-10,50.38444900512695,50.537011239408656,49.385147164990386,50.07168885901042,34586100
2005-11-11,50.6743049621582,50.7200724552667,50.30814755766671,50.384434472680205,19662800
2005-11-14,50.49122619628906,50.76584277851617,50.155582413595006,50.7353291782827,24330700
2005-11-15,49.75891876220703,50.52936536698377,49.697891559885804,50.41494081760005,35159500
2005-11-16,49.77417755126953,49.96488321238551,49.2630877762487,49.83520475959663,28408200
2005-11-17,50.63615417480469,50.65904373792006,49.903845291701714,49.911475146073506,22203100
2005-11-18,51.02521896362305,51.1701571646223,50.62855365019926,50.82688339697297,28896800
2005-11-21,51.543922424316406,51.63546323071666,50.742956372969125,51.116743634197604,30758600
2005-11-22,51.81854248046875,51.95585078929174,51.33033645351479,51.4600149063268,21208700
2005-11-23,51.87956237792969,52.13891924700509,51.69648077871565,51.719370343522975,21290900
2005-11-25,51.8414192199707,51.971097655250944,51.69648107473153,51.87193282001443,5901000
2005-11-28,51.15486526489258,51.986344658191854,50.96415967613903,51.96346091872106,24596300
2005-11-29,51.231178283691406,51.543932582415046,50.99469927552159,51.185404961533166,23177100
2005-11-30,51.45238494873047,51.70411781772141,51.16251443950976,51.20828193573543,38323000
2005-12-01,52.29149627685547,52.52033958558207,51.43713279260088,51.711749418972886,37384100
2005-12-02,52.49742889404297,52.49742889404297,51.96345562785078,52.32960706184768,23767700
2005-12-05,52.123680114746094,52.45169413136564,51.81091999244282,52.413550665761335,25918100
2005-12-06,52.28387451171875,52.69579951502362,52.13893631984963,52.3372718740059,26482100
2005-12-07,51.96348190307617,52.306749773504954,51.68123542258746,52.192325210070344,23412400
2005-12-08,52.10078048706055,52.489815782273205,51.64308231878265,52.062637033079405,33286000
2005-12-09,52.36013412475586,52.451674916746626,51.81090101255847,52.177058360647926,22101700
2005-12-12,52.52033615112305,52.61187696055263,52.085527491113304,52.543219898511765,24178300
2005-12-13,52.5279655456543,52.65764399296819,52.10841078096271,52.383027386965445,24765500
2005-12-14,52.46693801879883,52.75681433440245,52.19232141447678,52.45168412739188,26972600
2005-12-15,51.93295669555664,52.497443710544026,51.665969987108134,52.497443710544026,31912800
2005-12-16,51.7498779296875,52.291487050491114,51.72699418483998,52.20757610613416,21479900
2005-12-19,51.10911178588867,51.849050604118,50.96417363637489,51.81090714796985,22938900
2005-12-20,51.093841552734375,51.5133903367977,50.75819786958577,51.04806825602256,28762600
2005-12-21,51.71174240112305,51.85668055089277,51.17013907813395,51.20827671447514,30167400
2005-12-22,52.04945373535156,52.080085275217975,51.60530517084183,51.88098318727071,20624100
2005-12-23,52.17197036743164,52.279177828207374,52.041790713970876,52.148998174746616,15255300
2005-12-27,51.39090347290039,52.40172117941232,51.36027192514302,52.340458083897566,26201500
2005-12-28,51.69719314575195,51.835032136249815,51.276016829684,51.567007657460344,20488800
2005-12-29,51.42150115966797,51.85799020363498,51.42150115966797,51.68951972309219,20883600
2005-12-30,51.092227935791016,51.29898347801314,50.89312589494816,51.12285946841049,33860500
2006-01-03,52.11072540283203,52.187301343933214,50.579183211329195,51.46747464436854,40428100
2006-01-04,52.39402770996094,52.570157534267665,51.98051084809722,52.15664067240394,29795200
2006-01-05,52.67738342285156,52.67738342285156,52.26386641605786,52.40170541832243,23712300
2006-01-06,53.305320739746094,53.33595228138339,52.5931534631941,52.930094578835224,26874100
2006-01-09,53.657569885253906,53.89495700865832,53.27468441273393,53.305315951619775,22285700
2006-01-10,54.13999557495117,54.13999557495118,53.358911895661805,53.39720277427222,27130700
2006-01-11,54.0481071472168,54.16297394138826,53.63459019362024,54.14765525290255,29588700
2006-01-12,53.85668182373047,54.170644930626985,53.64226685465584,53.9485706148369,24564000
2006-01-13,53.879638671875,53.963873934638144,53.61927353905217,53.81071625581058,20630300
2006-01-17,53.62694549560547,53.64226418827492,53.25171931837612,53.58866044867072,26979900
2006-01-18,53.51206970214844,53.60396431565649,53.06792700944731,53.136843587802005,30545300
2006-01-19,54.369747161865234,54.49992684445026,53.558031679429504,53.64226696636564,26801500
2006-01-20,53.74945068359375,54.46161771308632,53.473772746863254,54.39269530772012,43301200
2006-01-23,53.91791915893555,54.0327800929555,53.59629101657886,53.79539303949168,30482700
2006-01-24,54.52288818359375,54.6990180691197,53.94090648004841,53.948559982885804,36770600
2006-01-25,54.66072463989258,54.82919517236683,54.19360392434791,54.66838398474186,32586600
2006-01-26,55.4494743347168,55.480100029797974,54.683703425582976,54.84451461541688,38990300
2006-01-27,55.725135803222656,56.085048996290766,55.33459692094502,55.549011799615236,29044200
2006-01-30,55.56432342529297,55.88595157860993,55.49540686253249,55.67153086227624,28170300
2006-01-31,55.40354537963867,55.870666280951596,55.23507478016573,55.50309937516575,38124600
2006-02-01,55.97785949707031,56.06209477531087,55.49542586544915,55.587314647261294,35011400
2006-02-02,55.13549041748047,55.970177676409044,54.875131183733984,55.90126111772325,46751000
2006-02-03,54.96702575683594,55.51072231057278,54.76027021648936,54.98999794550029,42793600
2006-02-06,55.45714569091797,55.48011789080861,54.76795048234756,55.05894726061633,24741300
2006-02-07,54.561187744140625,55.587318154921135,54.48461180700871,55.34227165067732,41861300
2006-02-08,54.90576934814453,55.012976803152746,54.27783746493862,54.70667312733962,36002600
2006-02-09,54.6224479675293,55.39587248709966,54.55352553806478,54.967042587744274,33152400
2006-02-10,54.50758361816406,54.69902638082377,53.88731093670487,54.50758361816407,31342400
2006-02-13,54.14765930175781,54.48460036522388,53.871981312079804,54.400365099357366,29784500
2006-02-14,54.77560043334961,54.96704318942443,53.84135884892538,54.21659085733791,46124800
2006-02-15,55.25804138183594,55.25804138183593,54.50758318749676,54.76028903437959,40853100
2006-02-16,55.748146057128906,55.77111825849803,55.22742140406975,55.41886420530664,30261700
2006-02-17,55.63328170776367,55.82472451760294,55.36526294246289,55.77112076454278,17558400
2006-02-21,55.38821792602539,55.84767935833014,55.02064527476013,55.709840344401805,21177400
2006-02-22,55.76343536376953,55.90893370082966,55.12019062756973,55.495416723686276,28699200
2006-02-23,55.725135803222656,56.10802118438154,55.4264856733081,55.70982295861789,38795900
2006-02-24,56.16929244995117,56.16929244995117,55.48009749474841,55.663886711047894,22995700
2006-02-27,56.322452545166016,56.575152504268736,56.14632266591904,56.215245085578594,20584000
2006-02-28,55.579647064208984,56.26118262105788,55.47243961767327,56.19226020978911,36395700
2006-03-01,56.59046936035156,56.590469360351555,55.61028356596127,55.72514452439124,26244900
2006-03-02,56.35306930541992,56.58280287803651,55.97018391263723,56.40667886908224,36546000
2006-03-03,56.069725036621094,56.774232596126204,56.016121327579754,56.06206569465344,38377600
2006-03-06,55.63328170776367,56.253554542084196,55.4724704485832,56.207610137281456,29340300
2006-03-07,54.82920455932617,55.4418237200482,54.70668423260335,55.403532831614584,38899700
2006-03-08,55.0206298828125,55.135496669347134,54.27783128457167,54.714320399509305,51662600
2006-03-09,54.5382194519043,55.43417024946925,54.5382194519043,55.035971842452575,31106800
2006-03-10,55.380577087402344,55.403549290339136,54.354446407085156,54.67606893294239,40266300
2006-03-13,55.49540710449219,55.96252772868473,55.28864573057501,55.5949551985915,35127000
2006-03-14,56.108036041259766,56.108036041259766,55.14316883175608,55.349924421687206,37978800
2006-03-15,56.62111282348633,56.62876632741502,55.93191771589241,56.131019823057194,31951400
2006-03-16,56.490901947021484,57.049917128451725,56.490901947021484,56.82018358159178,32559900
2006-03-17,56.72065353393555,56.896783421528674,56.437316181674824,56.76659792097347,31551600
2006-03-20,56.68999481201172,56.91972832178038,56.44494846136253,56.81252090851923,25640700
2006-03-21,55.901268005371094,57.12650010824819,55.901268005371094,56.66703879996522,44425900
2006-03-22,56.76658630371094,56.83550871253152,55.81703216425163,55.89360807443315,36219500
2006-03-23,57.011661529541016,57.011661529541016,56.47562404504468,56.69003903884322,25409600
2006-03-24,57.486732482910156,57.517433709654426,56.87271965934536,57.01087225186442,27560100
2006-03-27,57.494422912597656,57.51744737421077,57.11833718737801,57.41766689967175,23334000
2006-03-28,57.195068359375,57.793733440903914,57.04924486567591,57.41764784052171,27179200
2006-03-29,58.25422668457031,58.30027558191651,57.30251238691271,57.30251238691271,33875700
2006-03-30,58.10073471069336,58.515192454437226,57.770703869693236,58.330990964659875,29733500
2006-03-31,58.307987213134766,58.331011675574494,57.81677916221446,58.27728597799452,24722400
2006-04-03,57.824440002441406,58.64568472408925,57.79374462831217,58.42310519985677,35542000
2006-04-04,58.08541488647461,58.32334216887555,57.61723123966707,57.778408352486665,30181200
2006-04-05,58.384708404541016,58.48448297749551,57.77069571771303,58.200506940756206,27471100
2006-04-06,58.50751495361328,58.50751495361328,57.985605911615124,58.28493549467857,25663700
2006-04-07,57.5711784362793,58.8606011077601,57.45605026182058,58.61499706822386,51457700
2006-04-10,57.5097770690918,57.916558218432705,57.18742285893436,57.58652723498705,39109200
2006-04-11,56.48896026611328,57.60952863542292,56.37383213553038,57.563479725453746,49801100
2006-04-12,57.07997512817383,57.102999593857604,56.450614358278905,56.504340063428614,40981200
2006-04-13,57.22578048706055,57.509762470011566,56.61177346010434,56.94947527544896,35415700
2006-04-17,57.264163970947266,57.50976797637767,56.719230266887976,57.27951165943481,38356100
2006-04-18,58.868247985839844,58.868247985839844,57.40997789040163,57.41764880474744,58648200
2006-04-19,59.298072814941406,59.35946942202993,58.53823051365178,58.860590515256995,44101500
2006-04-20,58.98337936401367,59.35178822100992,58.507524999316175,59.35178822100992,44622400
2006-04-21,58.85291290283203,59.36714534577758,58.530558761492536,59.30574288390499,40075800
2006-04-24,58.384708404541016,58.82219054081679,58.12375681881745,58.74544041887803,39232800
2006-04-25,58.423095703125,58.49216906717911,57.93188781765168,58.407742162895275,42940300
2006-04-26,58.37702941894531,58.90661519483344,58.16212674341354,58.37702941894532,31348600
2006-04-27,57.89352035522461,58.84523507451582,57.479062528518526,57.962593731845146,91908800
2006-04-28,58.48451232910156,58.59964049761852,57.64024885274703,57.747700248519685,37918800
2006-05-01,57.76303482055664,58.82220074055176,57.76303482055664,58.55357233935661,44216700
2006-05-02,58.55358123779297,58.57660569630018,57.878171747051226,58.108422187784136,36131800
2006-05-03,58.45381164550781,58.72244011056483,58.09307948286209,58.51520825490559,35151900
2006-05-04,59.167606353759766,59.16760635375976,58.52289789585465,58.52289789585465,30351900
2006-05-05,59.49761962890625,59.88137622207831,59.34411933390178,59.49761962890624,37838800
2006-05-08,59.58203887939453,59.72019146938209,59.35178846652205,59.49761197130991,24715000
2006-05-09,59.49761962890625,59.70485146838927,59.36714379258636,59.53599763048781,21579600
2006-05-10,59.13692092895508,59.45159843716434,58.891316829012375,59.39019594826276,26824100
2006-05-11,57.80142593383789,59.22133025246848,57.740029318882506,59.19062901715984,46910800
2006-05-12,56.4122314453125,57.448373300726615,56.4122314453125,57.417672063927256,62645500
2006-05-15,56.158905029296875,56.57336260603226,55.529544825141095,55.982380380626154,61905600
2006-05-16,56.25103759765625,56.6961966152277,55.98240917521156,56.38151342346361,35594500
2006-05-17,55.22258758544922,56.13593041845486,55.14583741547304,55.60634429099275,76491400
2006-05-18,54.70062255859375,55.92097068512328,54.59317125885614,55.58326325414412,54127300
2006-05-19,55.18418502807617,55.399087727887554,54.178739031588044,54.79275176447149,79031200
2006-05-22,54.5701904296875,55.0076727441596,53.79500041433822,54.6776418153009,89895900
2006-05-23,53.864078521728516,55.560282051243234,53.80267605819085,55.16884866576715,73644800
2006-05-24,54.278526306152344,54.777410982516415,53.042829770894,54.10199572011824,124700200
2006-05-25,55.422119140625,55.475844822324795,54.524130236931136,54.87718555319556,63332000
2006-05-26,55.75214385986328,55.82122307481652,55.27628369175489,55.75982062944909,37483000
2006-05-30,54.21714401245117,55.529591173055195,54.15574153746492,55.49888993556207,46837100
2006-05-31,55.16115951538086,55.16115951538086,54.24014043375359,54.347591781594545,58723800
2006-06-01,56.23568344116211,56.28940912506365,54.992315940680506,55.16884067821686,49499200
2006-06-02,56.19729232788086,56.67314655161164,55.78283468241126,56.596396437041356,49690000
2006-06-05,54.562496185302734,56.14357694210967,54.38597147503492,56.074497727387005,66165900
2006-06-06,54.33226013183594,54.61624212387995,53.58009461932908,54.52413843184002,94747900
2006-06-07,53.802677154541016,55.12280086919516,53.73360377339954,54.35528762631822,81935900
2006-06-08,53.84873580932617,54.048285050770204,52.19090427459207,53.55707700840345,140237700
2006-06-09,53.37286376953125,54.57018237866912,53.280760085881994,54.148053670512795,63028400
2006-06-12,52.14484405517578,53.53404095010551,52.060417142213815,53.49566295124626,108263800
2006-06-13,51.154762268066406,52.843289174312666,51.11638426106283,51.92227556284411,139584200
2006-06-14,51.76877212524414,51.94530276885964,51.07801480798344,51.23919190572174,106669400
2006-06-15,53.54172134399414,53.70289840992042,52.121823125029465,52.22159773089024,96971100
2006-06-16,52.84326171875,53.495646509221736,52.62835904477424,53.41889639075306,66852400
2006-06-19,51.8071403503418,53.050513826787935,51.761091432730765,53.0351602838103,71705700
2006-06-20,51.7457275390625,52.4441672133126,51.66130063655623,51.85317889576871,61105000
2006-06-21,52.65140151977539,53.00445687012552,51.61525992658209,51.70736361367109,81035400
2006-06-22,52.45539855957031,52.73981594157027,52.163298500901284,52.57070322063185,50947100
2006-06-23,52.77054977416992,53.078026831154105,52.055668109152464,52.44770150342322,42901800
2006-06-26,53.42393493652344,53.42393493652344,53.00115324944432,53.05496129465102,39933200
2006-06-27,52.501502990722656,53.677597161995024,52.2862649724726,53.454676470141855,61567100
2006-06-28,52.73211669921875,52.73211669921875,51.88655913075615,52.53994425799373,46405900
2006-06-29,54.76914978027344,54.76914978027344,52.89354473918415,52.89354473918415,96533200
2006-06-30,55.13810729980469,55.26878312360793,54.23105334196746,54.93055782469487,61004300
2006-07-03,55.829933166503906,55.829933166503906,55.161176852521294,55.34566074624368,22967800
2006-07-05,55.0151252746582,55.30722526892895,54.5692838113207,55.22266892710159,38621400
2006-07-06,54.99979019165039,55.4994341666008,54.70000146082366,55.12277758306178,33830700
2006-07-07,54.184940338134766,55.068934748078426,54.0773242393212,54.92288181484392,45330300
2006-07-10,54.1926383972168,54.76146728581219,53.946657861772415,54.31563159725827,40166800
2006-07-11,54.66919708251953,54.66919708251953,53.50078580681226,53.89281907764097,63444700
2006-07-12,53.539241790771484,54.63846835821436,53.49311641822269,54.40785908938236,50664800
2006-07-13,52.3247184753418,53.569998158377125,52.28628163653079,53.177964688130004,80467000
2006-07-14,51.909603118896484,52.432312234852,51.463761783156485,52.332384707035395,79083700
2006-07-17,51.84043502807617,52.424634975096545,51.52526943736729,51.96342232995105,67427500
2006-07-18,52.19401931762695,52.46305947534262,51.210097675332186,52.13252274882463,74235300
2006-07-19,53.42393493652344,53.80827979218188,52.101787694716464,52.147907200711614,97816700
2006-07-20,52.05567169189453,54.09270073689696,51.97880388851731,53.83903170757841,73657100
2006-07-21,51.3100471496582,52.00186918303065,51.0025700387551,52.00186918303065,103313800
2006-07-24,52.94736099243164,52.97042661694415,51.69439850063783,51.702087042142004,72230300
2006-07-25,53.078033447265625,53.63917372141791,52.5706953603071,52.808987323470035,87433100
2006-07-26,52.96270751953125,53.500787821610636,52.36313065017551,52.985767266101014,59831300
2006-07-27,52.45539855957031,53.72373810196983,52.2478548613705,53.35477022413934,59015800
2006-07-28,53.554630279541016,53.577690040934804,52.63989317796511,52.847436895148434,62209800
2006-07-31,53.56230926513672,53.677613916172604,53.08571944435289,53.37013680162298,37902900
2006-08-01,52.72444152832031,53.21640849806637,52.4092816944106,53.170283112523286,45003700
2006-08-02,53.42393493652344,53.59304761135509,52.96272228266073,53.04727862007655,50137500
2006-08-03,54.06963348388672,54.06963348388672,52.68599547099377,52.87047936645204,49316900
2006-08-04,53.51618957519531,54.81527143633695,53.01653999876938,54.67690702847497,76609200
2006-08-07,53.30860900878906,53.40854238470213,52.83970800305236,53.32398608106865,45882400
2006-08-08,52.5706672668457,53.777509382685025,52.40924319761512,53.37010494158383,76243800
2006-08-09,52.04029846191406,53.25482978488174,51.963430652850846,53.03190903335189,58126400
2006-08-10,52.501502990722656,52.739794894418374,51.52526389658513,51.74049605019885,54415200
2006-08-11,51.963436126708984,52.324721318465784,51.67902461675123,52.31703277735817,42757200
2006-08-14,52.27090072631836,52.90122605931495,52.02492025160352,52.340079985783255,45029900
2006-08-15,53.3624382019043,53.385497954836964,52.801297998419194,53.03958993157284,48780200
2006-08-16,54.13114929199219,54.20801712034166,53.41626734552732,53.70837330375043,46160700
2006-08-17,54.2156867980957,54.65383971833467,53.9082097270458,53.977394853734765,44642200
2006-08-18,54.53085708618164,54.53085708618164,53.815975327141196,54.42324098177881,36413600
2006-08-21,53.9466438293457,54.18493576164411,53.692974818722654,54.17725308711884,25383500
2006-08-22,54.12343215942383,54.28485625558693,53.785206892433145,53.88513441920964,22657900
2006-08-23,53.50080108642578,54.42323223036918,53.19332403844465,54.19262297822411,37109000
2006-08-24,53.4085693359375,53.70835788568767,52.970416389022816,53.59305324394429,32255600
2006-08-25,53.50080108642578,53.8774573912683,53.21638965536867,53.33168841680431,22449400
2006-08-28,54.06963348388672,54.16956690343114,53.43930813182012,53.454685210813395,26650300
2006-08-29,54.76914978027344,54.76914978027344,53.71604261357958,54.20032095447869,53031100
2006-08-30,55.19190979003906,55.345645347929064,54.60770411371295,54.81524770332802,43890900
2006-08-31,55.16884994506836,55.53013499497472,55.01511437110814,55.31490284557592,33830000
2006-09-01,55.20729446411133,55.49939444119488,54.930565700711306,55.40715542981957,24118200
2006-09-05,55.70692443847656,55.745355391546084,55.11503028778305,55.29183143873481,38075100
2006-09-06,54.52317428588867,55.29186417805423,54.45398914598177,55.28417563703381,39718500
2006-09-07,54.03888702392578,54.66921232897072,53.85439727759297,54.215682366698644,44611800
2006-09-08,54.246437072753906,54.33099341699657,53.938959990474885,54.215688778062244,27806500
2006-09-11,54.17723846435547,54.45396128850222,53.539224772738955,53.908192448024934,49544600
2006-09-12,55.45327377319336,55.56857839963273,54.25411973335252,54.3002392380735,43200800
2006-09-13,55.922183990478516,56.02211155506816,55.34566662975193,55.468659815066445,35612000
2006-09-14,55.722320556640625,55.79918836177731,55.353352746129524,55.70694934146834,33680200
2006-09-15,55.853004455566406,56.129727391927204,55.47634222581735,56.11435617615521,40826200
2006-09-18,55.837615966796875,56.16815275242125,55.45327114000745,55.61469526350261,37907200
2006-09-19,55.59165573120117,55.91450409561307,54.69228991692285,55.891444335960614,64200600
2006-09-20,56.33726119995117,56.49868531137017,55.90679690283384,55.952916401914635,54786800
2006-09-21,55.72999954223633,56.55249723192939,55.41483397117881,56.38338457083868,68561500
2006-09-22,54.99205780029297,55.484018702966935,54.623084190969216,55.46864749053687,59289900
2006-09-25,55.64545822143555,55.845319226147275,54.66153614383656,55.17655693998006,61688400
2006-09-26,55.82358932495117,56.10120400098985,55.49199434431675,55.63080168233609,42739700
2006-09-27,56.2322883605957,56.286268655759585,55.67705910553243,55.684772257244674,49884200
2006-09-28,56.0086555480957,56.50990452159714,55.7156204925986,56.2785629146503,35641100
2006-09-29,55.52284240722656,56.28627984297054,55.4688621013338,56.070358619399485,33558300
2006-10-02,54.99845504760742,55.68477854218716,54.85964771817491,55.49970406408101,42184900
2006-10-03,54.921348571777344,55.391750924710415,54.504926527373684,54.944482149231035,45911000
2006-10-04,56.25542068481445,56.25542068481445,54.82108043551222,54.89820018410265,51122100
2006-10-05,56.972591400146484,56.98801770338882,56.17830740208075,56.19373370532308,48038000
2006-10-06,56.67957305908203,56.95718776514646,56.2939977321495,56.764400101680195,34893700
2006-10-09,57.11138916015625,57.17308259598542,56.34023886252126,56.57158630517571,25997000
2006-10-10,57.14224624633789,57.34274700745794,56.787517751070695,57.14224624633789,32950800
2006-10-11,56.91860580444336,57.28876056344364,56.378802909453675,56.89547223514527,52430000
2006-10-12,58.06765365600586,58.13705439926147,57.12684880245227,57.12684880245227,40618400
2006-10-13,58.53031921386719,58.53803236557497,57.936530083997226,58.067630129385854,45517000
2006-10-16,58.87732696533203,59.02384741183445,58.368370803045465,58.51488536613773,46458400
2006-10-17,58.58430099487305,58.79250902897661,58.10618559484971,58.56116742257388,48733400
2006-10-18,58.592002868652344,59.2243458845605,58.29896198683959,59.00841885670533,44694800
2006-10-19,58.87732696533203,58.91588683548851,58.283543795429345,58.39921752248862,43889000
2006-10-20,58.298973083496094,58.92360895128895,58.206438794497934,58.892762227152545,39507600
2006-10-23,58.41464614868164,58.823354942765604,57.90568403146774,58.10618479431664,38995800
2006-10-24,58.53031921386719,58.56887320558427,58.09847096939515,58.22957101478377,30504800
2006-10-25,58.9159049987793,58.96217215050273,58.206447883097525,58.399235526494444,51574000
2006-10-26,59.40940475463867,59.494231736803414,58.50716054442282,59.100943536167634,49379500
2006-10-27,58.71537780761719,59.46339446908274,58.56115011559534,59.29374047781311,51799300
2006-10-30,58.969879150390625,59.15495362138474,58.24499580416425,58.437783427444764,51246800
2006-10-31,58.784793853759766,59.216636167689664,58.37607922560723,59.07011571828762,46092200
2006-11-01,57.51242446899414,59.054725972265125,57.51242446899414,58.95447260916798,47212200
2006-11-02,57.42758560180664,57.759180592131685,57.14225776436952,57.149970917654876,47585300
2006-11-03,57.70520782470703,58.02137654976641,57.227092276558565,57.697494670414,49053800
2006-11-06,58.376075744628906,58.669116625958914,57.8362728844051,57.99821374247224,47702600
2006-11-07,58.761661529541016,59.24749007505831,58.43006660300183,58.47633963040075,49200600
2006-11-08,59.062408447265625,59.22435521452191,58.15245659044206,58.306684322653645,52411800
2006-11-09,58.52262496948242,59.224374916337034,58.09078246890285,59.1781018745515,49553600
2006-11-10,59.00845718383789,59.04701707756705,58.30671300859449,58.43009407838304,43722400
2006-11-13,59.09327697753906,59.37089170469656,58.7616819358461,58.9390491884129,39373200
2006-11-14,60.234580993652344,60.234580993652344,58.93904759638259,59.30920251706518,68600600
2006-11-15,60.68955993652344,60.92862066290976,60.13433635446443,60.26543056619726,65076400
2006-11-16,60.643272399902344,61.00571406160889,60.44277163064552,60.998000909565235,49327900
2006-11-17,60.6047248840332,60.62015119126686,60.026361914430794,60.41965038111589,35969400
2006-11-20,60.68955993652344,60.80523372239899,60.234583831069564,60.419658358422566,48400400
2006-11-21,60.78976058959961,60.82060729798208,60.38875926403556,60.681800051965,40727000
2006-11-22,60.85921096801758,61.005731481629695,60.58159624928558,60.89777085583535,33281900
2006-11-24,60.58158493041992,60.944026627903305,60.327109721971624,60.43507032759496,17933400
2006-11-27,59.2243537902832,60.5661538551709,59.16266034551784,60.54302028423657,72824600
2006-11-28,59.424861907958984,59.501981672812995,58.83107854910252,59.06242019342846,59174400
2006-11-29,60.19601058959961,60.31168434981828,59.60994040240554,59.7795885828595,53282800
2006-11-30,60.20368957519531,60.6123981970571,59.76413424255416,60.07259546693936,58605000
2006-12-01,59.980106353759766,60.435088370503166,59.26293589748663,60.26543425861286,87109800
2006-12-04,61.167659759521484,61.1753729121711,60.09576099427847,60.11889456881569,54369200
2006-12-05,61.213924407958984,61.50696536255713,60.974869636291146,61.22935071262804,39558600
2006-12-06,61.00571823120117,61.29875331136541,60.75895029963877,61.07511895410392,37810400
2006-12-07,60.74355697631836,61.31421290817635,60.65873578563031,61.14455875997072,39544100
2006-12-08,60.75123977661133,61.18308220468441,60.2731301979338,60.62785874719552,43109600
2006-12-11,60.905460357666016,61.059688082217626,60.56615230355978,60.766653052205335,35233200
2006-12-12,60.573875427246094,60.9363112279522,60.06491326229498,60.87462365802211,47917600
2006-12-13,60.650970458984375,60.92087187923576,60.265395320508205,60.851471178346706,47296600
2006-12-14,60.89775848388672,61.375868048582724,60.58158394157077,60.627856974233865,52286200
2006-12-15,60.84377670288086,61.30646583438258,60.77437009727927,61.15223808501917,38923800
2006-12-18,60.08036804199219,61.08286065856584,59.86444085295936,60.96718684958041,47013800
2006-12-19,60.04179763793945,60.23458532470822,59.45572142280666,59.725623007600284,54066400
2006-12-20,60.38949203491211,60.60632947174495,60.110699356590736,60.110699356590736,43288200
2006-12-21,60.11071014404297,60.67603557604217,59.87063501728534,60.39724284768872,49951400
2006-12-22,59.71574020385742,60.211370303460136,59.66927672838744,60.08745982437104,31230400
2006-12-26,60.56759262084961,60.5753385014229,59.862871106449234,59.886102839793374,21798200
2006-12-27,61.287845611572266,61.311077359970824,60.67605063409879,60.691542405284196,39294000
2006-12-28,61.0090446472168,61.39625615770523,60.908371781506155,61.20265040246101,28257400
2006-12-29,60.4282112121582,61.17165640436016,60.397233590602646,60.91610136618684,30795200
2007-01-03,60.52888107299805,61.27232615605403,59.800921844257765,60.93157827734559,54095400
2007-01-04,60.69151306152344,60.861881103534756,59.847389191431,60.31978754173352,45577600
2007-01-05,59.421504974365234,60.69155876853263,59.39826731132194,60.420505875124505,57486800
2007-01-08,59.18914031982422,59.862890345212996,59.03425810883668,59.59183761341838,46117200
2007-01-09,59.746734619140625,59.87063922468393,59.00328926074531,59.72350287487491,62791800
2007-01-10,60.21137619018555,60.21137619018555,59.29755699688043,59.44469922809027,49239300
2007-01-11,60.583106994628906,60.8231762066251,59.94033455977297,59.98679804380374,49188300
2007-01-12,61.16390609741211,61.21811544888208,60.50564209022157,60.60632082036309,28392800
2007-01-16,60.75348663330078,61.45821445322271,60.63732790111941,61.34204981266229,33914700
2007-01-17,60.49017333984375,61.00903526610404,60.49017333984375,60.57536033172264,27481200
2007-01-18,59.98678970336914,60.50565156416435,59.646041778845905,60.50565156416435,55936200
2007-01-19,60.2191047668457,60.373986927961724,59.52986910564069,59.661519533426876,49715800
2007-01-22,59.77769470214844,60.273324795605255,59.560857274808185,60.26557891366402,46305200
2007-01-23,60.343048095703125,60.621840891588796,59.63058024327508,59.661557877082316,47783000
2007-01-24,61.00128173828125,61.04000524187455,60.35851530062307,60.412724660627426,30401400
2007-01-25,60.234619140625,61.14069261976741,60.04101339337003,60.95483275674862,57289400
2007-01-26,60.45920944213867,60.65281521157147,59.75448751376047,60.39725417790917,56630200
2007-01-29,60.98580551147461,61.13294775831025,60.42822005860064,60.497921194398906,59602200
2007-01-30,61.31878662109375,61.45043705563982,60.7999248554997,61.094203340080796,33830600
2007-01-31,61.45048141479492,61.775737749657225,60.89289575024224,61.2258979716623,54267500
2007-02-01,62.108699798583984,62.14742329794576,61.59758387559216,61.698256702205704,50571100
2007-02-02,62.14743423461914,62.30231644256937,61.96931437793662,62.26359884477056,26512600
2007-02-05,62.139678955078125,62.31779878482574,61.853146322861306,62.12419309997584,30893400
2007-02-06,62.2945556640625,62.31004151633485,61.791179793766084,62.15515936010927,31445600
2007-02-07,62.86764144897461,62.89087318700926,62.17065976605045,62.37975722511616,30708600
2007-02-08,62.766990661621094,62.83668590020552,62.4030108822251,62.62759427607324,25417000
2007-02-09,62.19391632080078,62.84443478722655,61.721517764342565,62.71278428024751,52164700
2007-02-12,62.023521423339844,62.186155416499666,61.644055892180596,62.17066365125717,39561300
2007-02-13,62.48042297363281,62.48042297363281,61.63629916771674,62.13193512588038,41995800
2007-02-14,62.5733642578125,62.95282977337146,62.35652091197319,62.519154898446935,64326000
2007-02-15,62.619834899902344,62.87539586974316,62.38750567125111,62.50367028557673,44086000
2007-02-16,62.85989761352539,62.93733871228799,62.217125267879375,62.51140971490518,42160800
2007-02-20,63.46393966674805,63.62657363764248,62.0312588135767,62.728240444636846,71903200
2007-02-21,63.58010482788086,63.88212921932434,63.13868410897296,63.23161696340808,39549600
2007-02-22,63.8046989440918,63.85116242499741,63.21613591631802,63.69628021639367,58815900
2007-02-23,63.46393966674805,63.742732319172106,63.239362276873116,63.70401472812105,57987800
2007-02-26,63.41751480102539,63.820218170071406,62.8754209292866,63.75051701034495,78736400
2007-02-27,60.443695068359375,62.68177623460631,59.994528477140776,62.232609643387704,136636000
2007-02-28,61.04773712158203,61.349761473526875,60.025499489989684,60.69150342206697,97620200
2007-03-01,60.730247497558594,61.25685535009606,59.436962564013655,59.99454804415666,97674800
2007-03-02,59.52213668823242,60.69925674074083,59.43694970783767,60.5443745445924,96274500
2007-03-05,58.213348388671875,59.85512651129934,58.197862535568454,58.92581579894619,122207900
2007-03-06,59.80091857910156,60.18038402706842,59.003264186928455,59.05747353663801,94041400
2007-03-07,59.60731887817383,60.11069483776706,59.47566843119029,59.862879798819456,55408800
2007-03-08,60.0565071105957,60.54439148249315,59.69252734860515,60.195903489477644,76876500
2007-03-09,60.54439163208008,60.621832752010555,59.955828485526744,60.54439163208008,69129900
2007-03-12,60.71475601196289,60.7999430028899,60.211379949679085,60.41273155626816,35945400
2007-03-13,59.158145904541016,60.45143031517253,59.05747308681179,60.28105638641849,96417200
2007-03-14,59.78544998168945,59.847405236327226,58.49216506011192,59.17366104437086,129087500
2007-03-15,60.250083923339844,60.3430108590384,59.72347629033652,59.72347629033652,84037300
2007-03-16,59.83967208862305,60.451467064533794,59.274346517770276,60.25786128386759,77107100
2007-03-19,60.583106994628906,60.77671272259433,60.25784488127975,60.27333664820863,56720800
2007-03-20,61.0632438659668,61.101967373926435,60.3740079646053,60.55212782949073,46527300
2007-03-21,62.16291046142578,62.821174514175944,60.97030464654389,61.14841856725446,77517600
2007-03-22,62.16291046142578,62.41847138249044,61.88412371198212,62.38749376402412,40940200
2007-03-23,62.259151458740234,62.39881579773467,62.11173226516678,62.25139660416122,37200500
2007-03-26,62.12724304199219,62.44536964697608,61.66945802865734,62.32122094657187,46665700
2007-03-27,61.84015655517578,62.12724599872164,61.56858865978706,62.080693193722475,40734900
2007-03-28,61.41339874267578,61.68496659404846,60.99440580638573,61.46771231295032,67939400
2007-03-29,61.49098587036133,61.88670238963959,60.90129147767499,61.832388821874716,49841400
2007-03-30,61.64616775512695,62.11947425482335,61.08751643458203,61.576338559959495,54280000
2007-04-02,61.80134963989258,61.89445522746717,61.413393905705846,61.77031247078947,36558700
2007-04-03,62.46088790893555,62.67038145003318,62.0729320834142,62.12724566219775,44410200
2007-04-04,62.4531135559082,62.530703520195104,62.07291858708804,62.44535870329389,35754200
2007-04-05,62.41429901123047,62.70138236747051,62.3444639247581,62.42205386104642,24666800
2007-04-09,62.499671936035156,62.71692620277057,62.32120969136833,62.6781282609672,38545000
2007-04-10,62.69363784790039,62.89537053154366,62.36775059021961,62.46086208094749,48521000
2007-04-11,62.305686950683594,62.771232600481156,61.91773125589661,62.7479562059514,59019200
2007-04-12,62.72468948364258,62.78676383097498,61.81687435291468,62.1427557968064,45075400
2007-04-13,63.128177642822266,63.159214821808774,62.484169498259625,62.81005099801304,31467000
2007-04-16,63.997196197509766,64.06702540530112,63.46957603294241,63.47733088731734,43967100
2007-04-17,63.80319595336914,64.11355577236083,63.5781809407863,64.09804014930488,51536000
2007-04-18,63.43077850341797,63.79545793249143,63.36094929516281,63.5549272110754,48993700
2007-04-19,63.128177642822266,63.492857096242965,62.69366897648439,62.957476118264786,69360400
2007-04-20,63.8652458190918,63.919559363616294,63.43849823203712,63.5936780964693,68702200
2007-04-23,63.795433044433594,64.02044804947704,63.5316201034491,63.787672273298604,34858200
2007-04-24,63.76438903808594,63.89629253455877,63.13590279746446,63.834218211606874,56640600
2007-04-25,63.94287109375,64.34634247876664,63.601468131227,64.04373746007039,51964600
2007-04-26,64.2998046875,64.53257464557628,63.601482973798205,63.97391727461484,47381600
2007-04-27,64.0281982421875,64.12130972983087,63.64024258994034,64.0281982421875,56761000
2007-04-30,62.6470832824707,64.02820459433225,62.631567659524265,63.98941257709911,86447400
2007-05-01,62.90311813354492,62.972953216904216,62.17375974153579,62.84104381938831,88311800
2007-05-02,63.74113845825195,63.96615353027024,62.78676459553546,62.90315251826708,49850600
2007-05-03,63.85755157470703,64.06704518248695,63.60149922762425,63.78771642562173,57008800
2007-05-04,64.26097106933594,64.29976900068377,63.741111939780865,64.00491892979991,47940900
2007-05-07,64.07477569580078,64.40065711831363,63.989424953751914,64.16788129095578,40421400
2007-05-08,63.849761962890625,64.10581419433719,63.267828302185904,63.77217199207706,59329800
2007-05-09,64.1058120727539,64.57911857470849,63.58594685406379,63.624744798054216,66106100
2007-05-10,63.31438064575195,63.95062787342765,63.04281278998829,63.87303790317164,92481400
2007-05-11,63.888553619384766,63.973904362707266,63.35317868004897,63.43076865041435,57249600
2007-05-14,63.32988739013672,64.08251643742379,63.205738730955005,63.8497465810589,71975000
2007-05-15,62.82554626464844,63.841988292352944,62.67812120607116,63.3298898526507,115258700
2007-05-16,63.16697311401367,63.236802324186556,62.429853461460475,62.926436466255545,95727600
2007-05-17,62.67813491821289,63.166962990022355,62.62382134576021,63.08161224477738,71780400
2007-05-18,63.41527557373047,63.66356711902949,62.67815579381274,62.996282481087604,80552700
2007-05-21,64.21441650390625,64.57909573740717,63.3531545455586,63.4152288660977,148866800
2007-05-22,64.6101303100586,64.89721961755811,64.10579270893423,64.2532118281511,69634200
2007-05-23,64.43946075439453,65.25416438263528,64.3773864056517,64.82741655443367,59384400
2007-05-24,63.593719482421875,64.83517696500054,63.28335363184315,64.38515269738443,89560000
2007-05-25,64.00492858886719,64.17563004098531,63.65577083297761,63.810950742320955,44083500
2007-05-29,64.59465789794922,64.70328507729171,64.18342558761874,64.22997840169772,59397200
2007-05-30,65.02914428710938,65.0601814590843,63.95838849278314,64.12132920585006,64383000
2007-05-31,65.38607025146484,65.52573458121864,65.0058752114768,65.16881594290025,68767400
2007-06-01,65.71969604492188,66.08437536579866,65.32398547607357,65.59555329383254,71003000
2007-06-04,65.78955078125,65.92921511772997,65.44038698018198,65.55677491387132,52419900
2007-06-05,65.52570343017578,65.73520278507806,65.0446422384047,65.63433053281655,84623400
2007-06-06,64.79635620117188,65.02912604608771,64.40063976916126,65.02137119507071,95052800
2007-06-07,63.45403289794922,64.74980350608718,63.45403289794922,64.60238436654467,113824100
2007-06-08,64.28427124023438,64.50928630187616,63.36094051387682,63.52388123029286,86239400
2007-06-11,64.2998046875,64.6101646316017,63.88081165927892,64.19893237790411,68082100
2007-06-12,63.23681640625,64.26878059778842,63.166987180527,63.88082466891572,115376300
2007-06-13,64.0824966430664,64.3773466576802,63.422973374151,63.5393612262495,118706700
2007-06-14,64.66447448730469,64.92052675419563,64.30755583636707,64.30755583636707,79451800
2007-06-15,65.43258666992188,65.71191514883316,65.22308735087238,65.40154951451706,83706500
2007-06-18,65.3084716796875,65.65763541799872,64.94379231554996,65.62659824661093,60117800
2007-06-19,65.47915649414062,65.57226798460161,64.78083511501737,65.02912650317968,65541300
2007-06-20,64.34634399414062,65.68867355770773,64.34634399414062,65.62659921401712,86929200
2007-06-21,64.85065460205078,64.85840945125557,63.87300490661649,64.2609604772154,97110200
2007-06-22,64.33857727050781,64.7730917164182,63.857515950737486,64.67998020949425,93984100
2007-06-25,64.00492858886719,64.7498028092366,63.624733667162126,64.15235364655722,108393200
2007-06-26,63.53162384033203,64.34633318514327,63.422996716988436,64.27649808028853,91436900
2007-06-27,64.85841369628906,64.90497239322615,63.2367621465187,63.3376284703726,127640800
2007-06-28,64.84993743896484,65.44853166088868,64.75665434122573,64.84216780150055,87866200
2007-06-29,64.4456558227539,65.44849000228237,64.25908381500963,65.12975713849441,110203200
2007-07-02,65.27743530273438,65.37071830124552,64.71771358760893,64.81877214633421,56318400
2007-07-03,65.58840942382812,65.69724357089966,65.3240936873571,65.39406188534092,34591600
2007-07-05,65.69721984863281,65.82159914422473,65.19191524482065,65.65057242314855,47326500
2007-07-06,65.92268371582031,66.02374229497823,65.34741076395439,65.73610581904528,40975100
2007-07-09,65.8604965209961,66.65343188919917,65.62727709628065,66.04706850215864,56954300
2007-07-10,64.77993774414062,65.9848891992956,64.68664876919891,65.51068062262262,101069100
2007-07-11,65.16863250732422,65.19972883211271,64.44565926629002,64.65555204484043,82880600
2007-07-12,65.93828582763672,66.15595429742089,65.32414639873366,65.42521099614844,71638400
2007-07-13,66.00041961669922,66.23363308434598,65.79052097169989,66.00041961669922,43138400
2007-07-16,65.67391967773438,66.20254519440564,65.47179658667939,65.9926465414981,77268800
2007-07-17,65.72057342529297,66.1248137516646,65.65838078092287,65.78276606966307,57654400
2007-07-18,65.51068115234375,65.55732860570056,64.59336031656086,65.35520545720127,97201600
2007-07-19,65.69721984863281,66.03926735977113,65.66612354198132,65.88379175752772,61461700
2007-07-20,64.7177734375,65.89940464917245,64.20469274714186,65.59622276160452,154037700
2007-07-23,64.47675323486328,65.18417532214269,64.47675323486328,65.01314850756471,67737500
2007-07-24,62.968589782714844,63.901455407089806,62.57211922339874,63.82371759356106,158240800
2007-07-25,62.73537826538086,63.56718542940953,62.059052678890474,63.326196397994856,164307600
2007-07-26,61.056217193603516,62.85976193010831,60.28660268014651,61.57706712033625,244724700
2007-07-27,59.57139587402344,61.569288014227894,59.41592024040268,60.90850767481681,202037300
2007-07-30,60.605342864990234,60.96294166641966,59.5092257022852,60.10003801889892,149169600
2007-07-31,59.93679428100586,61.530446857145456,59.65693328294215,61.35942003266012,187777400
2007-08-01,60.263275146484375,60.60532867254012,59.167158240466094,59.757976349739955,185942500
2007-08-02,60.737525939941406,61.02516259946263,60.09229624423539,60.58982575782587,105762800
2007-08-03,58.57633590698242,60.7996718039787,58.27315427839339,60.64419617481025,158340000
2007-08-06,59.10499572753906,59.41595309775698,57.46470138238259,58.78626872305412,208307700
2007-08-07,60.01450729370117,60.379881552807,58.69294662941835,58.98835270245393,179153900
2007-08-08,61.81808853149414,62.26897643458982,60.496527084234344,60.5509441807446,259607000
2007-08-09,60.39545440673828,61.732566673955105,60.32548619549133,60.36435808296378,204699000
2007-08-10,60.68308639526367,62.01242312885741,59.41594231062597,59.78909227334476,267042500
2007-08-13,60.356571197509766,62.16011612099837,60.271057805924926,61.71700396961157,116492000
2007-08-14,59.32262420654297,60.77634552419221,59.0349937256441,60.61309434911094,113169000
2007-08-15,58.45973205566406,60.16999380232871,58.1021333280653,59.05832574285217,145850300
2007-08-16,59.75799560546875,59.804637126409034,56.936064968233474,58.047733355110346,347851600
2007-08-17,60.955135345458984,62.23782373446601,59.54028025559638,61.57704360930805,215542300
2007-08-20,61.00182342529297,61.46825646217845,60.224433053477874,61.15729912724884,126893400
2007-08-21,61.1728515625,61.48380297305262,60.63645029656616,61.00182472808527,92754900
2007-08-22,61.903587341308594,62.0279726359708,61.35941650470468,61.709239766661874,70351700
2007-08-23,61.110633850097656,62.28449451596177,60.8774144567948,62.152333696548524,105471500
2007-08-24,61.903587341308594,61.95800442496899,60.91630427175084,61.08733108640273,64735000
2007-08-27,61.04842758178711,61.77917598192616,61.017331274226486,61.693662618888006,60380700
2007-08-28,59.50924301147461,60.784162911233096,59.39263325445625,60.698649484820876,86275800
2007-08-29,61.071800231933594,61.071800231933594,59.68027042382064,59.843527660012576,70723200
2007-08-30,60.65974426269531,61.374941680655255,60.24772848780568,60.341017428371686,63330500
2007-08-31,61.21166229248047,61.670325291927924,60.8773844898366,61.52261935347681,47035900
2007-09-04,61.99687957763672,62.43999183392897,61.087334303829095,61.16507215157873,61375400
2007-09-05,61.42158508300781,62.035723889953445,60.994018213927,61.63147777172887,67145300
2007-09-06,61.437137603759766,61.70145331736945,60.791902408346374,61.46823391895006,65069100
2007-09-07,60.42655944824219,60.582035158527816,59.85128627194539,60.45764984548478,107970400
2007-09-10,59.58696746826172,60.60534685969687,58.78625641108593,60.56648090344614,99748500
2007-09-11,60.628639221191406,60.6830562792673,59.89012115715944,59.99895527331122,84890600
2007-09-12,60.24775314331055,60.76083362987115,60.15446416456741,60.37990808159999,62793300
2007-09-13,60.39545440673828,61.04845941295079,59.99120812868712,60.651988698597584,72390100
2007-09-14,60.706382751464844,60.8540887506022,59.688003741029554,59.78129267696079,61830800
2007-09-17,60.037837982177734,60.72971467306684,60.00674166751787,60.54313678510766,53416800
2007-09-18,62.595458984375,62.657651626491685,60.04561996775903,60.488732163561,138693800
2007-09-19,63.43502426147461,63.82371927034519,60.0611544313653,63.1784841321764,114738300
2007-09-20,62.80537796020508,63.38842082363325,62.385586386814545,63.35732449252817,128460700
2007-09-21,62.9375114440918,63.40394438947799,62.85977360836355,63.18627607703221,57473900
2007-09-24,62.45554733276367,63.2562644966097,62.261199715824254,63.04636574894472,87072300
2007-09-25,62.20225524902344,62.39707564330695,61.781442483917445,62.06198432732144,54940900
2007-09-26,62.74775314331055,63.059466978993605,62.20225838995037,62.7321701269775,65425300
2007-09-27,63.12181091308594,63.18415486929007,62.75554760219529,63.06726143776905,63248800
2007-09-28,62.37370681762695,63.316636943579184,62.287985356590625,63.09843902292213,90453200
2007-10-01,63.92447280883789,64.0881212419114,62.44383648450272,62.44383648450272,98833600
2007-10-02,64.33748626708984,64.57906760326621,64.04136140279392,64.13487733409897,53654700
2007-10-03,64.15824890136719,64.49334019243437,63.86991259890831,64.15045442145042,56474400
2007-10-04,64.25955200195312,64.46216685738874,63.893288744397,64.33747896313727,35783300
2007-10-05,65.56095123291016,65.78694358404643,64.66478225362859,65.04662852843659,92101800
2007-10-08,65.0700454711914,65.59995745655921,64.87522497576867,65.38955393750052,34535400
2007-10-09,65.59992218017578,65.71681560365987,64.9141565454204,65.40510178951779,57974000
2007-10-10,65.54537200927734,65.63888793615615,65.02325479479178,65.49082253829297,50123200
2007-10-11,64.8050765991211,66.15323076821961,64.41543570358655,65.9194438527196,93750000
2007-10-12,65.31938934326172,65.52200424219218,64.84402704891372,64.89857652799722,60997500
2007-10-15,64.5634994506836,65.35837025934507,63.92448857776389,65.30382076819761,80770400
2007-10-16,63.82316589355469,65.59992703661995,63.807576931697945,64.18942920637807,59345400
2007-10-17,64.07252502441406,64.61801968894063,63.16855564268898,64.52450971527661,90253500
2007-10-18,63.916664123535156,64.20500041036757,63.42571893341645,63.651711275185775,68562200
2007-10-19,61.63338088989258,63.99460920867838,61.56324839743157,63.830960780822394,128571100
2007-10-22,62.934776306152344,63.075047215533544,61.05670501640657,61.204770405599525,138153000
2007-10-23,63.41793441772461,63.542622327440924,62.49059335735831,63.4413178598815,84843000
2007-10-24,63.012725830078125,63.25430128172561,61.64898270158104,63.020520312680745,126810300
2007-10-25,62.856876373291016,63.51147026825276,62.02303909281333,63.18417332077189,116690000
2007-10-26,63.90889358520508,63.90889358520508,62.708799059319496,63.4101537751549,79290000
2007-10-29,63.83875274658203,64.24398254295407,63.42573441426046,64.072539624908,56217000
2007-10-30,63.33220672607422,63.86991287921413,63.09063135660959,63.51923857222056,59967000
2007-10-31,64.1504898071289,64.5245477586657,62.94260040793762,63.6127833597477,107684000
2007-11-01,61.67235565185547,63.43353402681752,61.56325668526424,63.410156526183364,171158000
2007-11-02,61.976253509521484,62.44382119603244,61.056701149690134,62.420443703523745,130182000
2007-11-05,61.15802001953125,61.74248119502375,60.82292870776436,61.12684804338473,98542900
2007-11-06,62.31134796142578,62.34251993484673,60.807334430179765,61.555443955944405,94974000
2007-11-07,60.378780364990234,61.6568025469219,60.137198868519164,61.48535953182974,112492300
2007-11-08,60.557979583740234,60.90865991247748,59.08513766120724,60.88527646753701,120883000
2007-11-09,59.88779067993164,60.58914531966668,59.32670696814362,59.80206922699476,104492000
2007-11-12,59.31113052368164,60.86969392003024,59.248786560920294,59.91896929698599,106800000
2007-11-13,61.1735725402832,61.360598358484715,60.10595518488928,60.14492162200956,105192100
2007-11-14,60.82293701171875,61.74248962452161,60.47225669127811,61.69572868119446,76347400
2007-11-15,59.95792007446289,60.698235115875406,59.41241946118096,60.487831728408956,114145000
2007-11-16,59.451412200927734,60.285243530701834,58.86695082177443,60.25407154369316,123470600
2007-11-19,58.16558837890625,59.25658399988701,57.91621846086332,59.139690550237674,116186400
2007-11-20,58.500667572021484,58.88251387888058,57.16030231233224,58.21233124903596,129813600
2007-11-21,57.277198791503906,58.21233435277827,56.88755798339844,58.10323540214449,94961400
2007-11-23,58.49287414550781,59.22540074143162,57.752559014418594,57.947379411594355,50849400
2007-11-26,56.96550369262695,58.92929734084611,56.87978221101309,58.718887905812494,96764900
2007-11-27,57.627906799316406,57.978587298701214,57.0122791949338,57.316198727130406,80871400
2007-11-28,59.90338897705078,59.91897199571921,58.33703102844682,58.37599749328959,112697000
2007-11-29,59.3890495300293,59.97351072518232,59.15526861923612,59.67738585999894,57418400
2007-11-30,59.731956481933594,60.74501934494084,59.34231554721185,60.33979538882771,84981400
2007-12-03,59.03059005737305,59.80987177430207,58.99162359334753,59.65401780909533,61964100
2007-12-04,58.407169342041016,58.882531722271075,58.10324991146093,58.46171883097979,57670000
2007-12-05,59.56826400756836,59.708534878286514,58.85132069865089,59.37344368409561,70221700
2007-12-06,60.978797912597656,61.12686335000867,59.3578904197706,59.38906240372282,93204000
2007-12-07,61.16581726074219,61.407398623902424,60.690454961376815,61.33726018122772,59125400
2007-12-10,61.64897537231445,61.758074333987906,60.93982617598951,61.17361306268834,49937400
2007-12-11,59.49816131591797,62.01524402217278,59.420234328838596,61.78145711548667,120369300
2007-12-12,59.934547424316406,61.41517762679365,59.29553083971717,61.337250660154815,112505300
2007-12-13,59.60724639892578,59.918960220064534,58.94485824491009,59.43580350002714,89826800
2007-12-14,58.44612121582031,59.90337997849565,58.407154756831005,59.03837690886576,75866900
2007-12-17,57.549949645996094,58.60977318372688,57.47202266875503,58.30585381067365,71635600
2007-12-18,58.57859802246094,58.7656298922189,57.16030571008792,58.18895721196893,114501900
2007-12-19,58.99162673950195,59.01501018643295,58.22793394563278,58.516264391187306,85850100
2007-12-20,59.8799934387207,60.01247582516395,58.30584727138924,59.38904818626137,121965700
2007-12-21,61.25154113769531,61.251541137695305,60.503431410516534,60.69045735594933,83426900
2007-12-24,61.695701599121094,61.820389465997145,61.24371699986251,61.33723290001954,29867000
2007-12-26,61.98406219482422,62.21784311893656,61.337257008430655,61.438561481001294,65572400
2007-12-27,60.51175308227539,61.83317718421816,60.136441243866514,61.661156772666544,71490100
2007-12-28,59.86274337768555,60.99651107224568,59.862743377685554,60.92613640442465,48207400
2007-12-31,59.34670639038086,60.05042345538011,59.0964965412115,59.776751399482976,73932400
2008-01-02,58.768089294433594,59.81584103209177,58.322396908909454,59.54217497863423,94259600
2008-01-03,58.11911392211914,59.127774063680555,57.88453957646359,58.854102005257936,78036800
2008-01-04,56.36762237548828,57.33719048386486,55.99231069167357,57.26681581472982,123498600
2008-01-07,56.49276351928711,56.96190638309965,55.57011330208321,56.516219767656466,139672900
2008-01-08,54.74907302856445,57.29026834238134,54.74907302856445,56.54745979068491,157222700
2008-01-09,55.30424118041992,55.515353279350485,53.654418232485945,54.67871368685804,140191600
2008-01-10,56.06267547607422,56.547459496371935,54.623970846242905,54.8194474078268,153878400
2008-01-11,54.90547180175781,55.906311101974865,54.66308271152572,55.73429072872391,120320000
2008-01-14,55.358970642089844,55.66391363405833,54.93674050733228,55.52317025580581,71078600
2008-01-15,54.34249496459961,54.85855605358948,54.00627497296233,54.63961724992951,95261600
2008-01-16,54.39723205566406,55.28860494073014,53.73261275932151,54.139201492757344,135714800
2008-01-17,53.075801849365234,54.81163493220254,52.91942296272871,54.71780998640947,123268100
2008-01-18,52.55974578857422,53.80297402134248,51.83257264463383,53.26346269649589,131880200
2008-01-22,52.184444427490234,53.271294116209376,50.19058619152961,50.40951908343363,150963700
2008-01-23,53.96718215942383,54.71781762336723,50.89428948090298,51.05849508990326,183099500
2008-01-24,53.928104400634766,54.91330848277219,53.38858688521852,54.326878475745666,113683300
2008-01-25,53.537132263183594,54.90546846575755,53.23218924384776,54.70217113104286,95436000
2008-01-28,54.67090606689453,54.71000378167284,52.94289325912546,53.41985674514698,81259000
2008-01-29,54.81163787841797,55.038391452059805,54.04537294104998,55.038391452059805,75340700
2008-01-30,54.123573303222656,55.82812985100468,54.02974236799179,54.51452658514079,126086600
2008-01-31,55.46845245361328,55.9532306957284,53.16964529231743,53.25565548988112,117643600
2008-02-01,56.77424240112305,56.985354572064914,55.51537221589095,55.773402842411045,100612100
2008-02-04,56.13306427001953,56.76640658002454,56.047054084034556,56.71949410238646,54583900
2008-02-05,54.69434356689453,55.961033926672975,54.577062393697,55.272958526870184,125988100
2008-02-06,53.96718215942383,55.421528676920595,53.82643875561856,55.06185241507891,97259100
2008-02-07,54.81946563720703,55.140044202763114,53.53713944403626,53.670062118401624,125972100
2008-02-08,54.47542190551758,55.2338721299389,53.95154600644386,54.69435476092313,86493200
2008-02-11,54.49886703491211,54.889820187143826,53.7404229305788,54.46759603234866,80655800
2008-02-12,54.928932189941406,55.5544597825642,54.51452269515493,54.811645020640476,76564500
2008-02-13,56.172157287597656,56.258167475534435,55.28078439940998,55.53099422827893,86241400
2008-02-14,54.87418746948242,56.4380001577373,54.74907959099548,56.37544621849383,78328200
2008-02-15,54.6318244934082,54.83511594479441,54.0688507023929,54.57709126180809,64549100
2008-02-19,55.30424118041992,55.523174013524894,54.43632461670215,55.42152236567452,50724600
2008-02-20,55.335506439208984,55.44497880986432,54.08445754748735,54.37376502717084,71204100
2008-02-21,54.279937744140625,56.10178098339843,54.139194361591265,55.71864853969764,85702100
2008-02-22,54.279937744140625,54.35031241815134,53.20090912157691,54.35031241815134,84228000
2008-02-25,55.335506439208984,55.51534751370882,53.97499114230368,54.24865715526284,76367400
2008-02-26,55.85157012939453,56.45363538665179,54.97583288063929,55.02275131758086,92917400
2008-02-27,55.828121185302734,56.48491973354886,55.288603831048604,55.39024952099925,85186500
2008-02-28,54.9836540222168,55.62481698743587,54.71780872795444,55.33550949179273,68720700
2008-02-29,53.84209060668945,54.498889307431774,53.24783990210774,54.42069983812542,98588500
2008-03-03,53.32600402832031,53.73259862023855,52.55191850876424,53.47456812522943,84853500
2008-03-04,53.01325607299805,53.50585495526117,52.21570820784169,52.83341497698126,90523200
2008-03-05,53.521484375,53.7169609519218,52.72394256596661,53.33382853148715,92841800
2008-03-06,51.738739013671875,53.31037236445165,51.55108316992065,53.099260285915484,104781300
2008-03-07,51.574562072753906,52.26263777924587,50.980311346639645,51.10541927444237,119085300
2008-03-10,50.43295669555664,51.65272862296335,50.12019298031932,51.62145165489245,82737100
2008-03-11,52.62230682373047,52.62230682373047,50.21403350988285,51.973323034169155,117570000
2008-03-12,52.01239776611328,53.2008985300211,51.99676226693042,52.54409422039396,92575100
2008-03-13,53.052345275878906,53.15399692047179,50.98029223101176,51.51198879385912,123504200
2008-03-14,51.71528244018555,53.44329465519537,51.097575744516966,53.44329465519537,176997100
2008-03-17,50.8708381652832,51.55891974625616,50.22186026342037,50.22186026342037,126969000
2008-03-18,53.208736419677734,53.31038211081955,51.066308447068415,52.08278922037782,161001200
2008-03-19,51.87947463989258,53.896794046723976,51.801285213796106,53.630942839430986,132792600
2008-03-20,52.76301956176758,53.24779746439054,51.910738918803425,51.95765136990387,103328000
2008-03-24,54.81497573852539,55.09692209264137,53.217281723605495,53.38958293725548,90751700
2008-03-25,54.995121002197266,55.159588744438196,54.25892693912659,54.77583067920936,50600
2008-03-26,54.54087829589844,55.03428156738852,54.30592094268581,54.768002143946994,63054100
2008-03-27,54.03961181640625,54.8854506528005,54.016117289041475,54.8854506528005,63938500
2008-03-28,53.40525817871094,54.36074252886884,53.2329569384906,54.1257852058024,228800
2008-03-31,53.483577728271484,54.211938292663795,53.10764718930217,53.4209216425744,64266300
2008-04-01,55.4415283203125,55.46502285556399,54.14927510456902,54.39989343927223,65928500
2008-04-02,55.574668884277344,56.013249483155356,55.11259374977551,55.52767981302971,58947900
2008-04-03,55.74696350097656,55.9740872770912,55.09692020815313,55.15957627919409,57228200
2008-04-04,55.731285095214844,56.303005133383294,55.324026735633254,55.74694612048646,159400
2008-04-07,55.63732147216797,56.27953129818224,55.43369221751598,56.122897087042034,40283000
2008-04-08,55.582481384277344,55.825266127596215,55.11257292373329,55.19872350527423,49572900
2008-04-09,54.674007415771484,55.880110043194826,54.39206103662252,55.67648077487334,71772700
2008-04-10,55.25355529785156,55.519834612438196,54.37638830968552,54.58001753421199,56065900
2008-04-11,53.83602523803711,54.65053669098875,53.585406789068536,54.603547599061876,79545300
2008-04-14,53.6715202331543,54.251073874264186,53.43656896118538,53.75767082543954,57846400
2008-04-15,54.016136169433594,54.10228678335714,53.467904446719025,53.937819059106516,45940300
2008-04-16,55.76262664794922,55.82528272136868,54.57219112903954,54.57219112903954,72389400
2008-04-17,55.5433235168457,55.7156246912832,54.94027538152511,55.480667457921044,48815600
2008-04-18,56.13072967529297,56.60063832628931,55.97409545003175,56.39701502849226,70736400
2008-04-21,56.13855743408203,56.256036078611906,55.78612747570448,55.880105611158726,40019000
2008-04-22,55.11260223388672,55.80963478235395,54.439064224660086,55.80180127753594,68800
2008-04-23,55.25355529785156,55.6216462370958,54.783640783527204,55.23788829392808,48056900
2008-04-24,55.78612518310547,56.34218437080206,54.540861162603775,55.214398990002316,230600
2008-04-25,56.310848236083984,56.60062206709758,55.45717582056349,56.24035867231651,56252000
2008-04-28,56.68678665161133,56.937404987027534,56.068071328974845,56.33435667141156,35470700
2008-04-29,56.185543060302734,56.68677966939692,55.83311312351241,56.55364000218384,40940300
2008-04-30,55.919281005859375,56.90609349911005,55.68432365858565,56.36569518550861,62315700
2008-05-01,56.88257598876953,57.062710697887,55.78612462966063,55.96625336356633,55323500
2008-05-02,56.8199462890625,57.56396797484225,56.57715542221363,57.49348435154716,58836700
2008-05-05,56.60062789916992,56.937396799132486,56.2951870335308,56.63978943587713,39901300
2008-05-06,57.06272888183594,57.22719663811255,56.13073895438815,56.27954567563475,60503800
2008-05-07,56.044578552246094,57.344665315970865,55.87227732088858,57.094046972690656,57431100
2008-05-08,56.16206741333008,56.36569672150207,55.7548147721998,56.16990091850961,60442700
2008-05-09,55.99759292602539,56.483168610166906,55.63732940884156,55.75480807156113,51712800
2008-05-12,57.227176666259766,57.38381086275038,56.24036449777643,56.35000963036218,48246600
2008-05-13,57.55613327026367,57.67361194852182,56.953084818852105,57.40733252133623,52328700
2008-05-14,57.48564529418945,58.22966690811215,56.85909637441314,57.68144108471788,60659500
2008-05-15,57.603126525878906,58.18268041856332,57.25069050212251,57.540470436071516,46599700
2008-05-16,57.91639709472656,58.36281129393765,57.24285904325525,58.31582221250927,64245200
2008-05-19,57.93205261230469,58.53510094678188,57.540461077518486,57.979041684410994,102762700
2008-05-20,57.72058868408203,57.74408919487825,57.015728715720826,57.516965392214914,82109000
2008-05-21,56.89822769165039,58.13565786437449,56.58495339820997,57.65791591130012,100026600
2008-05-22,57.305519104003906,57.61096010486939,56.92959447611449,57.00791160899026,60034900
2008-05-23,56.55364990234375,57.321171955436554,56.17772536732043,57.05488659918335,64498000
2008-05-27,57.42298126220703,57.50129837253989,56.66329274403201,56.68678727961062,62334000
2008-05-28,57.68927764892578,57.767594774247996,57.10971777607131,57.673610638733145,54387400
2008-05-29,58.27663803100586,58.754374066527504,57.54044424885196,57.571772279497964,69851700
2008-05-30,58.48029708862305,58.58994227544015,58.07304439119018,58.33932385197041,41633900
2008-06-02,57.947696685791016,58.448933225609856,57.34464852780022,58.40194416725524,69923200
2008-06-03,57.83022689819336,58.46460915893622,57.21934514542835,58.151334779894434,87672400
2008-06-04,58.190521240234375,58.69958560208977,57.43866001843683,57.62662831149339,85092200
2008-06-05,59.67855453491211,59.70205504894367,58.15134975959396,58.292322967716665,106082100
2008-06-06,57.892879486083984,59.38092821559943,57.8772184569194,59.326105650706246,123993000
2008-06-09,57.70492935180664,58.260988619445705,57.000063387470966,58.049531817751344,98998100
2008-06-10,57.28203582763672,57.67362754424634,56.585003050088844,57.18022413239577,98697900
2008-06-11,56.28734588623047,57.344641394158515,56.20902283176828,57.21150176190901,97453600
2008-06-12,56.40484619140625,57.25068540282673,56.09940524981771,56.60847547753631,98505200
2008-06-13,57.42298126220703,57.44647579778564,56.63196470485637,56.90608355384014,84102300
2008-06-16,57.78324508666992,58.02602992268049,57.13320171421495,57.211524800216786,67157700
2008-06-17,57.73627471923828,58.159194424762795,57.603134990243845,58.09653832574854,52324000
2008-06-18,57.274192810058594,57.55613927721849,56.7729559740442,57.3995050066694,88091900
2008-06-19,57.75191879272461,57.798913840788536,56.9530746781906,57.25851560214885,105967200
2008-06-20,56.835609436035156,57.524808559782905,56.27171652787148,57.524808559782905,121586400
2008-06-23,56.30302429199219,57.16452438011866,56.27952975848513,57.10970181019821,73028000
2008-06-24,55.37105178833008,56.303041741025304,55.300568165965146,55.95843920889318,112302100
2008-06-25,55.99759292602539,56.4675016016907,55.49635620862067,55.57467332536272,116515200
2008-06-26,54.556514739990234,55.56681525721048,54.51735321132449,55.45717014719882,114823500
2008-06-27,54.611351013183594,55.01860352764017,54.039624817183935,54.59568400769765,118012300
2008-06-30,54.07878112792969,54.98727017629991,53.976963527749284,54.71315735891283,115067900
2008-07-01,54.11793518066406,54.24324730810133,52.958827877924904,53.44439743371653,150735900
2008-07-02,52.58267593383789,54.38286097088546,52.551230946583836,54.17847155249315,148254900
2008-07-03,52.29969024658203,52.661298694997,51.725835577528564,52.59055195395736,166200
2008-07-07,51.63935852050781,52.700601519691126,51.04977841012607,52.4569103266061,125544000
2008-07-08,53.510284423828125,53.56531165456733,51.29346370366252,51.71796205401572,131778100
2008-07-09,52.07959747314453,53.88764627499436,51.88307069022701,53.53389446722994,131076400
2008-07-10,52.59053039550781,53.02288540772702,51.8515883052374,51.938060507184666,131228600
2008-07-11,52.881404876708984,53.28232104736216,51.62363512296491,52.079578532921914,131381400
2008-07-14,52.008819580078125,53.37664349116322,51.77298518272786,53.28230853271954,113936200
2008-07-15,51.7887077331543,52.88925832320386,50.71960213110823,51.52929707778232,143442400
2008-07-16,53.69106674194336,53.84042287190743,51.71793810069505,52.12671076864512,112222900
2008-07-17,53.76973342895508,54.6658951529775,53.518179366028114,54.021287491882035,115518700
2008-07-18,54.14703369140625,54.909558239496455,53.87189751362083,54.838811507002575,99585800
2008-07-21,54.80736541748047,54.8309476611726,54.22564808217256,54.53222924520772,70224400
2008-07-22,56.183048248291016,56.277377216296564,54.25708318542735,54.390725885965736,136363600
2008-07-23,56.54465866088867,56.984876520853504,55.95507859949925,56.112297550195684,118339100
2008-07-24,55.11394500732422,56.54465905982244,54.917418318807876,56.49749457378446,112118900
2008-07-25,55.56202697753906,56.1358875609645,55.19255583447978,55.569889724577415,112551100
2008-07-28,54.61870574951172,55.6878055315986,54.41431629230252,55.53058656298796,82119100
2008-07-29,55.955074310302734,56.128018741323,54.720887049634044,54.775914277911575,122965400
2008-07-30,56.29311752319336,56.6547259899169,55.53059284438769,56.277392026041966,153225200
2008-07-31,56.06513595581055,56.60755155946751,55.60919257875162,55.67208256128088,95287500
2008-08-01,56.13589096069336,56.41102714851148,55.27903140718084,56.1594732057179,107406700
2008-08-04,55.6170539855957,56.19877131617514,54.87811170248216,56.151606829174256,104200100
2008-08-05,56.56825637817383,56.57611912711509,55.61706767196699,55.80573166391607,93469200
2008-08-06,56.85124969482422,57.11852915448858,55.97080782433869,56.36386126691837,79587900
2008-08-07,56.00224304199219,56.866959265192406,55.789996858963924,56.37957691989841,89727900
2008-08-08,57.48012924194336,57.67665593464999,55.79786123217606,56.0022446743775,112771400
2008-08-11,58.8558349609375,59.429689729016694,57.488004422939234,57.59805892633855,174577700
2008-08-12,58.41559982299805,58.87154324881745,58.21907310471584,58.67501653053524,128837600
2008-08-13,58.627845764160156,58.91870143768374,57.80243123668664,58.368429084380615,151007500
2008-08-14,59.19384765625,59.461121103967486,58.21907085305632,58.30554308555768,118194800
2008-08-15,59.036624908447266,59.95636850960588,58.54924248604841,59.53973282690255,98174800
2008-08-18,58.27410888671875,59.28818762138296,57.82602814326437,59.17027037362752,97838400
2008-08-19,57.30718231201172,58.03826181713375,56.94557393278727,57.88103687126327,105131600
2008-08-20,57.385799407958984,58.030406777846245,56.819801522688365,57.5194361315592,101308300
2008-08-21,56.7254638671875,57.34648289897254,56.63899164807449,57.024182262066276,83526000
2008-08-22,57.92036819458008,58.02255995287359,57.08709663343985,57.18928839173337,77915300
2008-08-25,56.64684295654297,57.92033788138226,55.56988069059996,57.55872954414789,88256100
2008-08-26,56.73332977294922,57.05563645939413,56.17519463064833,56.741192520733534,53866300
2008-08-27,57.409366607666016,57.78670043146067,56.68614994270373,56.756896661061546,62031400
2008-08-28,58.57282257080078,58.682877049055996,57.409381803863674,57.676661249282965,75512600
2008-08-29,58.06971740722656,58.580682081409094,57.80243794921275,58.3055458728063,83919800
2008-09-02,58.05398941040039,59.35106690653718,57.385799790426674,58.96587623108492,112584000
2008-09-03,58.28980255126953,58.72215756022349,57.692359887105106,57.89674927175661,96282200
2008-09-04,56.45817184448242,57.92033049856605,56.190898497884135,57.79455057250781,126675300
2008-09-05,56.316688537597656,56.68615967919643,55.13752838229198,56.23807906008102,122285000
2008-09-08,56.977020263671875,58.44703605768697,56.31668747050303,58.18761938903069,148091600
2008-09-09,55.66423797607422,58.05400411424379,55.46771121468712,57.57447833665761,132381100
2008-09-10,56.183048248291016,56.74118329989102,55.36549653963911,56.26165772080174,126869000
2008-09-11,56.536808013916016,56.599698006661505,54.94887468097117,55.43625713094919,144283600
2008-09-12,56.796226501464844,56.90628099343079,55.845037822319185,56.06514680625107,117705200
2008-09-15,54.24922561645508,56.198766894334256,54.07628118103456,55.14538678407213,168634300
2008-09-16,55.81357192993164,55.81357192993164,53.243005833474996,53.298033058857314,252238200
2008-09-17,53.29805374145508,55.08251388348068,53.02291151025529,54.98817889013903,266078500
2008-09-18,56.442466735839844,56.71760289730956,52.79493191587945,54.55580934680414,355117000
2008-09-19,58.9579963684082,67.64447689902735,58.132582020243476,62.03953287252613,138448700
2008-09-22,56.56037902832031,59.241005960877516,55.20041769104086,59.115226000367784,98340700
2008-09-23,55.80570983886719,57.0870675267591,55.664210400864334,56.59967924085642,92894300
2008-09-24,55.09672546386719,55.955393277550684,54.27744260820836,55.79784142501618,91760200
2008-09-25,55.38031005859375,56.13656958414341,55.05732102662943,55.080953197706535,115328200
2008-09-26,55.64028549194336,55.687555857517445,54.19078916565814,54.36409981558749,94646800
2008-09-29,51.244537353515625,55.4039698205197,51.244537353515625,54.53742239159709,150003200
2008-09-30,53.56845474243164,53.87568510498985,51.244531536369536,51.890503838443045,107271100
2008-10-01,52.79643249511719,53.05639847943877,52.221362783371276,52.930358190512706,69571300
2008-10-02,50.08650207519531,52.804310730921856,49.96045577882094,52.48920100020415,116143300
2008-10-03,49.39326477050781,51.709311482261604,48.62912559125879,50.700965105189354,118870500
2008-10-06,47.04570007324219,47.833471324273795,44.41454397459228,47.70742804431309,172301800
2008-10-07,43.95763397216797,47.60501560345269,43.82371430570544,47.423828581416394,152283000
2008-10-08,42.90202713012695,44.863579119834974,42.15364374433123,42.38997755413668,173741000
2008-10-09,39.38069152832031,44.06005231533614,38.955294273561805,43.83947729662102,154548100
2008-10-10,41.318607330322266,43.06745765937514,36.63924365353391,37.545181895400184,205089400
2008-10-13,44.88720703125,45.202316744292965,41.31860410581677,42.96504619599294,128725200
2008-10-14,43.626773834228516,46.36033810142634,42.429361141563206,46.281562176361206,131474600
2008-10-15,39.7115478515625,43.20925105448122,39.427949726035,42.89414436342416,109147700
2008-10-16,42.311195373535156,42.445118055836396,38.04147641320203,40.19209167982221,207587400
2008-10-17,41.12166213989258,43.6819188448989,39.95576098561047,40.60960959684771,131845100
2008-10-20,43.08321762084961,43.09897340976872,41.32648772534652,41.94882786465881,82673400
2008-10-21,41.893672943115234,43.004430222512546,41.610074828357,42.500257131879536,83005200
2008-10-22,39.77458190917969,41.32648962518733,38.84501135598464,40.77504900810575,91861700
2008-10-23,38.59292221069336,40.129074036703166,36.77316919473868,39.92425479493833,133202600
2008-10-24,37.1591682434082,37.97057467052511,35.363050763581036,35.41031812019553,105748800
2008-10-27,35.33941650390625,37.55305165207853,35.213373232142374,36.332006893408156,99416400
2008-10-28,38.16753387451172,38.364476770659756,34.72497289127485,36.024794202785834,114981800
2008-10-29,38.36446762084961,39.963642594538015,37.67122795031326,38.2147891322045,94984800
2008-10-30,40.515079498291016,40.55446746353196,39.01043638725768,39.71155238591747,77436600
2008-10-31,42.34270095825195,42.61054327986664,39.76668883701597,40.41266096471457,113060500
2008-11-03,42.39785385131836,43.0123145431867,42.05123553887377,42.130011471894605,54872700
2008-11-04,42.886268615722656,43.492852879111695,42.05910934932272,43.27227787610078,79680500
2008-11-05,40.64112091064453,42.886267881749895,40.42054591140863,42.48450584669751,73881200
2008-11-06,39.0655632019043,40.72776045832927,39.026175253740846,40.21570811688092,85233800
2008-11-07,39.876983642578125,40.23148133996115,38.84500512977425,39.44371001471404,62313000
2008-11-10,38.955291748046875,40.83806469172669,38.54565030762685,40.759288763038214,50459600
2008-11-11,38.11237716674805,39.30978992947942,37.82089961571176,38.52201861229634,73187400
2008-11-12,35.890865325927734,38.112380387721124,35.70179887157732,37.50579606161309,75376800
2008-11-13,38.84502029418945,38.95530784196092,34.06324672362762,36.00116421903836,142362300
2008-11-14,35.953887939453125,38.845010678762,35.84360041898148,37.99421608350722,98697500
2008-11-17,35.646644592285156,36.69438166584748,35.363046497031945,35.72542050536285,84029400
2008-11-18,35.47333908081055,36.22960177865616,33.95294029983067,35.70967286426105,98246400
2008-11-19,32.58224105834961,35.56789680348447,32.48770928688645,35.27641908338091,96005900
2008-11-20,30.352834701538086,33.031258983124914,30.281935146875206,32.29863125331175,140070900
2008-11-21,32.0150260925293,32.18045734916735,29.24207067438223,30.95153600830281,160636700
2008-11-24,34.2680549621582,34.69345222774226,32.08592788326512,32.45618139276711,97052300
2008-11-25,34.83524703979492,34.992798892054026,33.6063227584548,34.83524703979492,80072400
2008-11-26,36.92283630371094,37.04887957892418,34.03171736377207,34.086861108858564,88144900
2008-11-28,37.293094635009766,38.01784281134955,36.36352423136761,36.4659353450188,24156600
2008-12-01,33.10214614868164,36.48956170398297,32.69250476451326,36.332006863132264,89163400
2008-12-02,34.84313201904297,34.921910969700136,33.054890408106054,33.645719015041216,81228000
2008-12-03,35.89873123168945,36.15081776045065,33.88991539088867,33.9923264822943,102868600
2008-12-04,34.70919418334961,36.59196654666782,34.078974927669634,35.307898870115835,101436300
2008-12-05,36.316253662109375,36.45017633814789,33.35423506485152,34.16563849606002,113947900
2008-12-08,37.923309326171875,38.262051220444434,37.00161836159931,37.206437574245776,99336100
2008-12-09,36.749534606933594,38.92378220638964,36.458057044330864,37.56881452543185,81950900
2008-12-10,37.6160774230957,38.159638507160935,36.83618255846321,37.174924438493505,74636500
2008-12-11,35.70967483520508,37.7421232472517,35.28427760764565,37.22219430415986,73178000
2008-12-12,36.93860626220703,37.02526161062394,34.677702830818845,34.787990363309504,97291600
2008-12-15,35.74906539916992,37.387628276356594,35.150357478673605,37.230073402272865,78607200
2008-12-16,38.07299041748047,38.19115431576513,36.31625767957837,36.44230097414753,109318300
2008-12-17,38.41960906982422,39.00255818550348,37.47428284954764,37.76575740738728,79576900
2008-12-18,38.17539596557617,39.12072211393934,37.27733717641931,38.44323832419392,87888400
2008-12-19,38.36446762084961,39.39644622727106,37.978458314213064,38.60079843884104,88221200
2008-12-22,37.623966217041016,38.553536844727056,36.33202141384614,38.537781053821035,75338900
2008-12-23,37.077064514160156,38.101030433787685,36.783369919072435,37.88671177423788,64575300
2008-12-24,37.21199417114258,37.39456118116948,36.64047794636495,37.09292728164831,19412400
2008-12-26,37.74382400512695,37.839075711510404,37.09293179351193,37.58506914248977,25104700
2008-12-29,37.16435241699219,37.76761998240523,36.44202103619187,37.59298941957583,41442100
2008-12-30,38.196258544921875,38.259761676485894,37.12466893774481,37.370739030561424,38835200
2008-12-31,39.085289001464844,39.94256018650622,38.2121390035935,38.275642142928,75369500
2009-01-02,39.86320877075195,40.260094551335314,39.06943720958524,39.48219878475171,51588500
2009-01-05,40.006065368652344,40.32357199754852,39.20435484759676,40.07750489005337,59247000
2009-01-06,40.680782318115234,41.20467129611643,39.99020208074944,40.33946039008442,77980800
2009-01-07,39.4821891784668,40.76015853748809,38.91860920588263,39.90288703456709,77662100
2009-01-08,39.67267608642578,39.807618737343624,39.0297204560445,39.19641467517786,59214100
2009-01-09,38.20420837402344,39.839375093989126,38.037514122184916,39.775874973095675,82725900
2009-01-12,37.06911849975586,38.18833585681072,36.910363641933074,38.061332576151905,53721400
2009-01-13,37.56126022338867,37.79145464273341,36.83892841247725,37.01355907929015,62644600
2009-01-14,35.91020965576172,37.045299661837674,35.81495493363205,36.76748095895138,74519500
2009-01-15,36.489662170410156,36.92623571449099,34.775116540058754,35.9657733119138,100622800
2009-01-16,36.89447784423828,37.331051313814996,35.69588489743716,37.29136336712552,80512600
2009-01-20,34.39408493041992,36.71189385669135,34.37820915350089,36.418199553676374,85180200
2009-01-21,36.10866165161133,36.267413506282075,34.163921151919354,34.92594095513006,66088100
2009-01-22,35.06085205078125,35.98162901391402,34.425836065857844,35.33867362593185,69790800
2009-01-23,35.235504150390625,35.727641461452585,34.02103514657759,34.16391420914346,76444000
2009-01-26,35.63237762451172,36.41027279572141,35.068800974144885,35.211679988040125,62967900
2009-01-27,36.02132797241211,36.37058611403942,35.49743924597315,35.77525787817714,54932300
2009-01-28,37.50568389892578,37.69619029231811,36.1086481167022,36.71191281111783,71034500
2009-01-29,36.03721237182617,37.48981204008613,35.918145484986645,36.981798975164686,66434400
2009-01-30,35.306949615478516,36.52141882339934,35.01325506106576,36.32297598403986,58185500
2009-02-02,35.592716217041016,35.83084707506262,34.64018975695643,34.656065551224295,62907300
2009-02-03,35.846710205078125,36.18009571092542,35.28313333366632,35.94196190903575,57452200
2009-02-04,35.58476257324219,36.60872506885401,35.34662880273106,35.88639343402871,65080500
2009-02-05,35.99753189086914,36.52142089538022,35.08469659482584,35.27520003574027,71623700
2009-02-06,37.27549743652344,37.44218867348134,35.8863977392135,36.0530889761714,53776100
2009-02-09,37.108795166015625,37.41836537917787,36.68809749458961,37.140546733518455,55265000
2009-02-10,35.39426803588867,37.386632984486255,35.283140520635904,36.82305599827711,83914300
2009-02-11,35.529197692871094,35.87051955219823,34.99737244061527,35.62445241733227,58417600
2009-02-12,35.83082962036133,35.886393359232336,34.50523323872919,35.005306888568256,79209300
2009-02-13,35.45775604248047,36.275342391215894,35.38631954540309,35.78320512292625,58901500
2009-02-17,34.05278396606445,34.62429714207342,33.997220227119094,34.1321598708445,81542900
2009-02-18,33.568580627441406,34.40203967887116,33.44157737225208,34.33060015857738,78276200
2009-02-19,33.10026168823242,34.13216370631223,33.0446979430433,33.9575330625767,64544300
2009-02-20,32.65575408935547,33.05263977936318,31.9016706727413,32.46525065383037,83388200
2009-02-23,31.40158462524414,32.90181146334973,31.330145107810715,32.84624773067888,78804200
2009-02-24,32.56049728393555,32.838316012332086,31.433340525875924,31.78260181642819,81463900
2009-02-25,31.885786056518555,32.743060363099936,31.346024453259542,32.4176143084896,104493600
2009-02-26,31.290454864501953,32.346171865958,31.123763662586704,32.219168612880225,68400200
2009-02-27,31.076148986816406,31.65560169820004,30.67132391015284,30.73482707041275,87450900
2009-03-02,29.32190704345703,30.496688056319208,29.22665534727816,30.369684785415103,83622800
2009-03-03,28.766263961791992,29.742601982379814,28.591633363184076,29.710850413906332,67796200
2009-03-04,29.361595153808594,29.88548397354257,28.75039102611953,29.202840323708124,80120300
2009-03-05,27.797870635986328,29.123467222390264,27.71849169105376,28.77420894867838,97980100
2009-03-06,27.94074249267578,28.48050706682492,27.24222309765989,28.099497313542532,76036000
2009-03-09,27.29779052734375,28.29000450712796,27.194599425607098,27.567672850964925,75737000
2009-03-10,29.07583999633789,29.218719055032178,27.861367997436457,27.980434889013974,76181500
2009-03-11,29.115530014038086,30.00455297602481,28.861523453470447,29.433039728746156,82274800
2009-03-12,30.925310134887695,31.107877058442256,28.631312970751885,28.996446817861003,86839000
2009-03-13,31.250768661499023,31.480963016811245,30.766567785841108,31.21902011745324,72449700
2009-03-16,30.68718147277832,31.90958932972496,30.607805597598116,31.6000191773284,78042300
2009-03-17,32.108036041259766,32.108036041259766,30.50461833352363,30.742749016693253,64727100
2009-03-18,33.21930694580078,33.48125276463423,31.67939267567413,31.95721124595628,111491000
2009-03-19,32.87006378173828,33.735274471660745,32.663684611406666,33.695586519058125,64512500
2009-03-20,31.7349853515625,33.2749010270397,31.711173174662765,33.17964929144268,68436500
2009-03-23,34.433807373046875,34.54493489487264,32.489066657102484,32.81451284016272,94771600
2009-03-24,33.096702575683594,34.331059217800984,33.05688216959072,34.004551937784505,70562700
2009-03-25,34.0284423828125,34.46643951713042,32.49943354202182,33.4072829209751,95016000
2009-03-26,35.34243392944336,35.414106402853065,34.13992943533272,34.49829180238126,111103100
2009-03-27,34.1558723449707,35.039832235144026,34.108092699797,34.73721465160009,78132900
2009-03-30,33.17634201049805,33.29579716995274,32.475544686630364,33.16837975087415,59094200
2009-03-31,33.4869270324707,34.49034202324958,33.13652983450821,33.58248935230204,66094400
2009-04-01,34.06826400756836,34.24346409832967,32.738344883322895,32.921507233722934,66464100
2009-04-02,35.77247619628906,36.29011121543138,34.89648174314025,35.13538904510164,92895500
2009-04-03,36.3378791809082,36.34584143800618,35.326502408748496,35.724682096786026,50763600
2009-04-06,35.716732025146484,35.92378725238507,35.06371730146399,35.82822493712869,63427300
2009-04-07,34.450523376464844,35.40615573752398,34.33903349128439,35.10354120285462,48410400
2009-04-08,35.08760070800781,35.22298036500123,34.394765754864906,34.64960055215756,60265100
2009-04-09,37.14221954345703,37.197964484862695,35.915824756789505,36.059169759795914,66699400
2009-04-13,37.158138275146484,37.42890065673129,36.36974094592668,36.83959322462175,58557300
2009-04-14,36.08306121826172,37.054618043527654,36.019350980344555,36.60069323091759,56579200
2009-04-15,36.63254165649414,36.75199681182668,35.74858201307159,35.84414431461514,48436100
2009-04-16,37.69171142578125,37.97839840678839,36.441423723921915,37.05462114477443,66307000
2009-04-17,38.02616882324219,38.44027615717066,37.365188933162905,37.77133400818938,51981400
2009-04-20,36.075103759765625,37.42891623101504,35.995468982933545,37.24575381400365,53370100
2009-04-21,37.32537841796875,37.47668870573156,35.796369246839056,35.88396930020254,60408100
2009-04-22,37.317413330078125,38.352680257655976,36.656433368687615,36.783850789960724,72784100
2009-04-23,37.22980499267578,37.59612961752554,36.57679047433655,37.50852959030706,70030200
2009-04-24,37.92265701293945,38.44825441746277,37.16611451182525,37.52447706897112,60773000
2009-04-27,37.516502380371094,38.058027167831504,37.11832256828967,37.30148491730262,49385100
2009-04-28,37.57224655151367,38.21729892767943,36.93515947263622,37.06257688841171,51197500
2009-04-29,38.99772644042969,39.475540934511365,37.93060456830149,38.073949524100094,79875900
2009-04-30,38.63936996459961,40.00910951281259,38.583625033020795,39.61889195388997,67809000
2009-05-01,38.878273010253906,39.260525229928525,38.55176571608159,38.742893344854195,64532300
2009-05-04,40.295799255371094,40.37543704740311,39.07736989705715,39.244604703517666,47528900
2009-05-05,40.09670639038086,40.30376159660223,39.52332951917219,40.12059924517312,58364200
2009-05-06,40.20819854736328,40.78954070537396,39.41980118696088,40.558595686502755,87550000
2009-05-07,39.260528564453125,40.93288558517275,38.93402124254948,40.81343042731033,67577300
2009-05-08,40.622310638427734,40.74176581939211,39.531298601247485,39.937443786229196,63463900
2009-05-11,40.0250358581543,40.34358094274019,39.650748877317604,39.857801055788684,40051600
2009-05-12,39.459617614746094,40.470994672375284,38.79067542851382,40.24801495625479,49453100
2009-05-13,37.651885986328125,38.87031840416226,37.596141049850814,38.78271835030614,68822200
2009-05-14,38.177467346191406,38.82251953361386,37.47667328341509,37.73947029748872,72813500
2009-05-15,38.03415298461914,38.55975047307172,37.65190054191475,38.12971837369952,53885500
2009-05-18,39.308319091796875,39.475553915933105,38.31286937021722,38.4641766342636,55512900
2009-05-19,39.32423782348633,39.78612481091122,38.862347798190655,39.3162725262939,55704100
2009-05-20,38.95790481567383,40.36746147835231,38.90215989437047,39.68259486835819,48021100
2009-05-21,38.45621109008789,38.78271844937672,37.78726881278015,38.4402835313578,49312200
2009-05-22,38.05802536010742,38.75085734961632,37.707625197882116,38.65529504985975,38440200
2009-05-26,39.873722076416016,39.94539455680342,37.68373333308716,37.72355070266448,73480700
2009-05-27,39.101253509521484,40.112630523767194,39.029581027004205,39.62685070202462,48207700
2009-05-28,39.14902114868164,39.61887323417966,38.30487923840077,39.467566068224855,58832400
2009-05-29,39.9533576965332,40.03299547531441,39.085328691847856,39.33219821139299,51665800
2009-06-01,41.514225006103516,41.7053496006435,40.69397258776822,40.90102777603564,70173300
2009-06-02,42.0318489074707,42.207048950705264,41.15585476703806,41.378834430885625,56794100
2009-06-03,41.75312805175781,41.81683523088076,41.20364110060719,41.65756576413821,44068400
2009-06-04,42.35039520263672,42.41410237805458,41.48236329274335,42.007960400888955,42972900
2009-06-05,42.36634826660156,42.836200739974075,41.95224074448748,42.7565629254106,50619300
2009-06-08,41.86463165283203,42.43004634405985,41.44256195908047,42.04779403008028,46325400
2009-06-09,42.05575180053711,42.4220764894594,41.85666189944403,42.07964161654962,35033700
2009-06-10,41.888526916503906,42.53357948897117,41.100132365804555,42.509689665577774,65032200
2009-06-11,41.90443801879883,42.57338015191187,41.87258594607577,41.92833087067931,62963200
2009-06-12,42.0318489074707,42.06370401312609,41.32308951492374,41.63366920038858,44094300
2009-06-15,40.901039123535156,41.48238140317588,40.4550765494305,41.43459872234883,45942200
2009-06-16,40.216163635253906,41.28328572253589,40.07281865055401,41.21161323018594,53065700
2009-06-17,40.431182861328125,40.908997472416985,39.81798551977898,40.21616537497677,71985300
2009-06-18,40.614356994628906,40.86919193274191,40.056904428304684,40.43119457272719,34317000
2009-06-19,40.86121368408203,41.34699050627503,40.70194115060472,41.18772101066862,38711500
2009-06-22,39.4118537902832,40.638245758699384,39.34018127594501,40.60639367067175,54877300
2009-06-23,39.093292236328125,39.770196669939075,39.03754730828349,39.61092718288055,40810600
2009-06-24,39.515357971191406,40.01706531227742,39.28441602244935,39.475540603330394,39962500
2009-06-25,40.65415573120117,40.67804858422383,39.09329169194539,39.14107436012,42339200
2009-06-26,40.797508239746094,41.06030840648209,40.271910944145354,40.447111055302685,60379100
2009-06-29,40.797508239746094,41.07623596548469,40.13653124943014,40.87714603475909,49196600
2009-06-30,40.678043365478516,41.100112914324576,40.43117083505462,40.80546075972659,44575900
2009-07-01,41.30718231201172,41.60979988908181,40.86122276461535,40.89307484809254,46382900
2009-07-02,39.8854866027832,40.66066133352494,39.70967302298401,40.66066133352494,51688200
2009-07-06,39.533870697021484,39.74964112196537,38.87856927986262,39.533870697021484,47241700
2009-07-07,38.67876434326172,39.55782592212816,38.63880450453423,39.45393582875052,40473600
2009-07-08,38.4150505065918,38.98244494933792,37.77573260994066,38.85458137000769,65594900
2009-07-09,38.25522232055664,38.6947532075288,38.19129205171934,38.59086613960464,41678300
2009-07-10,38.439029693603516,38.574886481639055,37.82368822238229,38.031465426514195,39883000
2009-07-13,39.36603546142578,39.390011978261995,37.89560278331218,38.59086384990695,44825200
2009-07-14,39.597808837890625,39.73366567248178,39.118320941884704,39.358064889887665,32721400
2009-07-15,41.124168395996094,41.25203199462361,40.165189882035406,40.32502014244697,57645800
2009-07-16,41.635643005371094,41.851413504410914,40.86846104112516,40.98034136318059,38353400
2009-07-17,41.475791931152344,41.77147590538015,41.339935154771965,41.755492575893726,35682600
2009-07-20,41.987239837646484,42.147070059475986,41.57967261955585,41.7554861684191,42596800
2009-07-21,41.915313720703125,42.4107846331614,41.38787615621329,42.38681116839159,40423000
2009-07-22,42.24298095703125,42.52268165144237,41.66759318737532,41.73152651667439,47552200
2009-07-23,43.57754898071289,43.80930268296389,42.17104953491234,42.258956321870194,64531400
2009-07-24,43.801307678222656,43.8492546123234,43.1220299762179,43.289850342586554,31293500
2009-07-27,44.02507781982422,44.12896794733522,43.489646899737075,43.793324092495325,32672800
2009-07-28,44.049068450927734,44.2088987750873,43.42573354006631,43.7613744771425,56192800
2009-07-29,43.825294494628906,44.05704824173567,43.58555060557419,43.80931116222406,47421300
2009-07-30,44.59246063232422,45.10391489715967,44.256819914216415,44.44062360010991,67822300
2009-07-31,44.40867233276367,44.97606691386973,44.384698858452104,44.416665523206824,40477300
2009-08-03,45.183841705322266,45.215808366199326,44.44862374769268,44.94409784576144,32392400
2009-08-04,45.63935852050781,45.807178926790364,44.88016704876598,44.920123852855816,41223700
2009-08-05,45.183841705322266,45.68730289584743,44.75230092900763,45.68730289584743,54105900
2009-08-06,44.552528381347656,45.51949732399111,44.44064808034885,45.3756503517042,52403600
2009-08-07,45.62337112426758,46.222732277740086,44.98405317026526,45.24777049256876,49363300
2009-08-10,45.70328140258789,45.99097522310001,45.31969065807448,45.49550422583372,44780600
2009-08-11,44.968074798583984,45.58341934981872,44.73632106204581,45.52747921320727,36077000
2009-08-12,45.64735412597656,46.22274192897291,44.960086038732946,44.99205270523477,53618600
2009-08-13,46.022945404052734,46.174782466054886,45.33567745765938,46.022945404052734,43539700
2009-08-14,45.0799446105957,45.99097296515121,44.60844710535106,45.95101616948806,60224900
2009-08-17,43.80931091308594,44.248841881938176,43.697430635397254,44.16093507846595,48853300
2009-08-18,44.392677307128906,44.66438778895622,43.88921313963838,44.11297668547202,39358200
2009-08-19,44.936100006103516,44.96806666367253,43.80930123911599,43.897208023176645,37740100
2009-08-20,45.423583984375,45.52747410435632,44.64041911118852,44.84020616195574,40013900
2009-08-21,46.47048568725586,46.66227961675921,45.84714779509611,45.90308794524372,38321700
2009-08-24,46.454490661621094,46.96594507627057,46.22273692732405,46.67026106439674,33986500
2009-08-25,46.654266357421875,47.20567744217292,46.510419457311514,46.670249685046144,30197300
2009-08-26,46.7581672668457,46.96594753901036,46.37457643574435,46.59034684983429,34163900
2009-08-27,46.68624496459961,46.830091910928445,45.7352595292114,46.70222829735937,45253800
2009-08-28,46.39056396484375,47.293602509541515,46.0788965769106,47.16573888760717,39328800
2009-08-31,45.71128463745117,46.04692546947554,45.49551422464597,45.91906185986975,35360500
2009-09-01,44.68836212158203,46.454481811884484,44.512551605356755,45.439563317437255,77077500
2009-09-02,44.464603424072266,44.80024723868139,44.32874969927194,44.47259661288895,43436100
2009-09-03,44.96007537841797,45.00003522632507,44.120970397011405,44.68836487459497,43089000
2009-09-04,45.591407775878906,45.6393577691025,44.64841258204229,44.904139782217435,37229900
2009-09-08,46.094871520996094,46.12683818278874,45.55145046455579,46.078888190099775,41062500
2009-09-09,46.886024475097656,47.17371832126736,45.96700585373168,46.094869446639485,37219700
2009-09-10,47.46940231323242,47.59726589794214,46.51042390365542,46.88602146895427,39171200
2009-09-11,47.485389709472656,47.94090703729951,47.22966250173299,47.62124650337054,31718400
2009-09-14,47.98884201049805,48.03679199317679,47.04584702403896,47.133753801362644,37896000
2009-09-15,48.380428314208984,48.5242752208723,47.76508389092886,47.95687773414116,48814300
2009-09-16,49.37937545776367,49.38736559962514,48.44437033750809,48.59621046945626,39404000
2009-09-17,49.27548599243164,49.818907101667094,49.02774891223317,49.33941932222827,50596200
2009-09-18,49.475276947021484,49.61912390181182,48.95582927155537,49.61912390181182,36822800
2009-09-21,49.33943176269531,49.51524236694707,48.819983996905314,49.00378779365154,37511600
2009-09-22,49.67985916137695,49.856086661847634,49.33541616810368,49.687868113359436,36266400
2009-09-23,49.207237243652344,50.1524521984938,49.11111456937424,49.767958445696635,54838900
2009-09-24,48.22197723388672,49.47158131697732,47.869522292965705,49.287344895898194,60639600
2009-09-25,47.92560958862305,48.334133401102136,47.66927726712953,47.989690377232016,51804400
2009-09-28,49.07107162475586,49.32740390627964,48.093817597129046,48.23800316862381,47925100
2009-09-29,48.85478210449219,49.48759297778424,48.79870723795502,49.1030992509298,37453200
2009-09-30,48.2540168762207,49.055046350518836,47.70931658924318,48.958920613509896,79344900
2009-10-01,46.812164306640625,48.20595702362045,46.732062576473396,48.165906158536835,62840600
2009-10-02,46.45970153808594,46.87623715993711,46.08321677194105,46.28347410615694,66448000
2009-10-05,47.29279327392578,47.49305069491393,46.523805510695865,46.70804197132268,48919600
2009-10-06,48.17390441894531,48.42222461645488,47.54910250637314,47.67726707961062,52211000
2009-10-07,48.18992614746094,48.39018348734495,47.94160594595834,48.045740618289685,35534000
2009-10-08,48.630496978759766,49.11111648021999,48.35814684463775,48.646517934376924,48971800
2009-10-09,49.19921875,49.27131151012229,48.59844676754239,48.74263228778696,34597000
2009-10-12,49.207237243652344,49.68785367072761,48.97493797976926,49.49560832217139,26895500
2009-10-13,48.99897384643555,49.25530610184129,48.54238726845283,49.11912949566683,35459500
2009-10-14,49.93618392944336,50.03230662304726,49.303369830539886,49.71990557707058,38634600
2009-10-15,49.90412139892578,50.02427700806152,49.527639731289675,49.655804288381894,28632600
2009-10-16,49.40750503540039,49.67985521646246,48.974948326239684,49.57572051484554,49031800
2009-10-19,49.81602478027344,50.08036598876955,49.167192824301374,49.567707584554796,38229600
2009-10-20,49.127166748046875,49.92018466230673,48.85481645142437,49.85610385728849,43952800
2009-10-21,48.46229934692383,49.984257077614004,48.390206547981954,49.055062699966534,64591600
2009-10-22,49.13514709472656,49.35142541515141,47.8775310896407,48.44626127167369,58421000
2009-10-23,48.109832763671875,49.40749969521082,48.037739986603874,49.23928423394717,68826500
2009-10-26,47.677276611328125,48.998973464134586,47.436968370425596,48.254018834042256,69899500
2009-10-27,47.0925407409668,47.9736722624985,47.01243593084551,47.71734298148252,71958600
2009-10-28,45.52249526977539,47.10052086729291,45.330246898831774,46.93230545251986,84951000
2009-10-29,46.38760757446289,46.651948715512006,45.75479368136138,45.92301216006734,73615700
2009-10-30,45.12199020385742,46.251441601590116,44.84162806407345,46.19536672908544,116215600
2009-11-02,45.03389358520508,45.770839489496694,44.320977595627234,45.3623156609326,97996600
2009-11-03,45.714752197265625,45.73077315355417,44.60933065883567,44.76152821573437,83105700
2009-11-04,45.05791473388672,46.20338729957636,45.05791473388672,46.027159810797826,92803000
2009-11-05,46.49176788330078,46.59589955173702,45.474459724054384,45.650687248617295,67422600
2009-11-06,46.5238037109375,46.92431853742001,45.874968591989,46.00313321423598,56216700
2009-11-09,47.43698501586914,47.47703589412574,46.900293469035056,46.93233539391479,49200200
2009-11-10,47.14058303833008,47.66926236575432,46.756089259811084,47.340840405622366,55864400
2009-11-11,47.469017028808594,47.93361570540138,47.10054411297096,47.50105894906031,50320800
2009-11-12,46.595882415771484,47.845489478628785,46.4597088737324,47.48502560898871,68550500
2009-11-13,47.04446029663086,47.22869670761872,46.16332910396111,46.74006824314943,69258000
2009-11-16,48.28605270385742,48.60646569575094,47.35685869418792,47.35685869418792,66099700
2009-11-17,48.28605270385742,48.44625919980418,47.85349913719135,48.12584926359542,43026500
2009-11-18,48.18992614746094,48.366153584377905,47.74134860607433,48.34212062572636,54309000
2009-11-19,46.988380432128906,47.78940976309304,46.61189566875675,47.70930805227039,72350600
2009-11-20,46.932315826416016,47.10053127837132,46.53180109946441,46.63593578406359,39780100
2009-11-23,47.74935531616211,48.31808536500475,47.49302619398841,47.58914885088251,57935400
2009-11-24,47.53310012817383,47.7653994628482,46.95635779537833,47.757387455067345,45238000
2009-11-25,47.525089263916016,47.917592070187396,47.46901437876315,47.813457363025684,47641700
2009-11-27,46.12328338623047,46.996402670422086,45.69072669182865,45.77884043206072,51862100
2009-11-30,46.531795501708984,46.65996007668795,45.54652975861728,46.17934368443793,77936900
2009-12-01,47.25273895263672,47.44498435157238,46.828191173256556,46.97237675030106,63141300
2009-12-02,47.813453674316406,48.22998941514287,47.308807248042775,47.316816199197866,71220600
2009-12-03,47.22869873046875,48.358150206681046,47.20466882321478,48.04574918963925,53866100
2009-12-04,48.398193359375,48.75865718917703,47.485020360999556,48.221968974782,100434300
2009-12-07,48.47028732299805,48.734628489946054,48.149877398567156,48.39018560581148,55543100
2009-12-08,48.09381866455078,48.43826164235689,47.565139242564626,48.17392040352107,59576600
2009-12-09,47.94159698486328,48.141854287315816,47.50103153060449,48.01368973597355,55537000
2009-12-10,47.74935531616211,48.41420802189884,47.549097998483646,48.15787889972514,54319700
2009-12-11,48.19794464111328,48.27804942634061,47.64523537362774,48.085800997480135,50543400
2009-12-14,48.92689895629883,49.16720727192768,48.037755438354644,48.58245591681259,48248700
2009-12-15,48.790714263916016,49.27934282334856,48.68657955722903,48.83076513396931,55378800
2009-12-16,49.103111267089844,49.35944048105317,48.78270127747831,49.103111267089844,56550000
2009-12-17,48.558414459228516,48.998980136827,48.20596252828682,48.80673474019898,60917400
2009-12-18,49.00699234008789,49.015001291777125,48.31810637876493,48.894848682325645,63876100
2009-12-21,49.65581512451172,49.75193779938622,49.35943203881452,49.36744404420349,47658100
2009-12-22,50.12041091918945,50.184494739971065,49.59974057023553,49.70387525116327,38750700
2009-12-23,50.76624298095703,50.798414974485,50.09064645732058,50.42844625318389,49503600
2009-12-24,50.95928192138672,50.983409387244684,50.774297524263844,50.90298245565762,16521900
2009-12-28,50.878849029541016,51.160349410275636,50.64560971396051,51.144263411254464,35784500
2009-12-29,50.85472869873047,51.09601258171309,50.814515229581865,51.00754110873155,24085300
2009-12-30,50.822540283203125,51.06382715635398,50.38823066132968,50.701899914717735,45268900
2009-12-31,50.2193489074707,51.12818809955261,50.074577954109294,50.854732195213415,34407900
2010-01-04,51.457942962646484,51.50620096931388,50.88690369015936,50.90298969238182,42863900
2010-01-05,51.281005859375,51.618805808420014,51.06385247481438,51.3775218837259,55523100
2010-01-06,51.23272705078125,51.55443777782144,51.10404214634714,51.2809819723877,59708600
2010-01-07,51.610748291015625,51.6509648250922,50.78233923296347,51.26491002906525,56123500
2010-01-08,51.892234802246094,51.892234802246094,51.31315426298077,51.42575317150207,48811500
2010-01-11,51.68313980102539,52.1817904896703,51.48206939142807,52.10136355306776,51638900
2010-01-12,51.12013244628906,51.60270317960815,50.878845545584326,51.36141627890341,45854900
2010-01-13,51.77964782714844,51.88420836357318,50.85472581678207,51.29708008853041,39501900
2010-01-14,51.972679138183594,52.13353300351644,51.490105269821775,51.58662127073046,41859800
2010-01-15,51.21664047241211,52.117437861308225,50.88688521678999,51.99679442248229,68725100
2010-01-19,52.15766143798828,52.17375050652924,51.40967929155938,51.40967929155938,46839000
2010-01-20,51.40163803100586,51.79573737338218,50.82255428484993,51.78769283907952,62485000
2010-01-21,50.55714416503906,51.86008262529131,50.38020122320681,51.441852738018376,98323100
2010-01-22,49.6483154296875,50.718011702487324,49.20596105077671,50.47672470663453,83757000
2010-01-25,49.70459747314453,49.98609784685268,49.32658724389951,49.92979838572916,62298700
2010-01-26,49.2139892578125,49.88958591435462,49.17377579203669,49.519617120271995,58213200
2010-01-27,49.736785888671875,49.81721284022884,48.82794660923882,48.99684504836337,72565800
2010-01-28,48.88425064086914,49.85743402664026,48.43385476126448,49.833303484453,93814200
2010-01-29,48.34536361694336,49.61612684833974,48.232764692804636,49.08530115733533,79325600
2010-02-01,48.91640090942383,49.01291383099948,48.385575238622046,48.57055961667974,60731800
2010-02-02,49.45526123046875,49.511560679144765,48.75553425162713,49.004862572970794,71047700
2010-02-03,49.12553024291992,49.56788458712139,48.731430839629404,49.22204319283319,50241000
2010-02-04,47.48479080200195,48.80381225737571,47.444577331892475,48.7877262557137,99167300
2010-02-05,47.669769287109375,47.71802728609034,46.648331319359414,47.58933928880777,106752200
2010-02-08,47.19524002075195,47.93517754931732,47.14698202485357,47.51695385722678,61579200
2010-02-09,47.84670639038086,48.20058913555375,47.25153674776836,47.75823493706505,91986700
2010-02-10,47.959320068359375,48.079960486122644,47.20329328410786,47.70195016208818,55715500
2010-02-11,48.723384857177734,48.75555379210695,47.45261835069572,47.8225871811559,51969700
2010-02-12,49.07725143432617,49.14159235096936,48.10407167591118,48.256884037517565,65909800
2010-02-16,49.90567398071289,49.95393198249652,49.125522894468354,49.59200463934653,50057600
2010-02-17,50.243492126464844,50.35609110347879,49.85743717609187,50.15502062507045,50459400
2010-02-18,50.65365219116211,50.669738190504575,50.066527021569996,50.243469946246485,43072800
2010-02-19,50.7180061340332,50.97537603780009,50.3560787480825,50.460636230266324,56840800
2010-02-22,50.87082290649414,51.03167987712902,50.68583846409605,51.0075493372743,45344900
2010-02-23,50.275638580322266,50.87080828012071,50.130870723275194,50.79842281755186,58965400
2010-02-24,50.70191192626953,50.95123725439318,50.30781259910362,50.46062806404729,50476000
2010-02-25,50.7180061340332,50.76626107343245,49.849380407751525,50.010237364628644,51949700
2010-02-26,50.50888442993164,50.83863976688723,50.23542856015694,50.79842630005672,60093900
2010-03-01,51.68313980102539,51.73139473575053,50.87885509454515,50.87885509454515,70967800
2010-03-02,52.077232360839844,52.3989462204211,51.79573503477431,51.87616196562425,55605300
2010-03-03,52.37482452392578,52.67240481446749,52.1013655654964,52.33460798598017,56207500
2010-03-04,52.511539459228516,52.575883451406945,52.17374270456297,52.390896007939155,47174200
2010-03-05,53.581241607666016,53.66166853923883,52.68044401997843,52.84934241713581,52293900
2010-03-08,53.67774963378906,53.8305650938739,53.500806708676365,53.59732270496911,46046400
2010-03-09,53.870784759521484,54.28096396121382,53.50885435450968,53.52494342291822,70685800
2010-03-10,54.32921600341797,54.61071329197948,53.89490327127421,53.91903073369652,73655200
2010-03-11,54.490074157714844,54.578545617721495,53.80643607817532,53.99946192901657,59964100
2010-03-12,54.465946197509766,54.79569843402054,54.0959774300235,54.771570969907685,61862000
2010-03-15,54.28096389770508,54.538333766305335,53.88686762870068,54.43377936649893,49862700
2010-03-16,54.747467041015625,54.77159451550056,54.16033857175266,54.5544411089524,52874400
2010-03-17,55.06916427612305,55.39891655413682,54.85200479941326,54.86809386830088,53589100
2010-03-18,54.900264739990234,55.318488479732835,54.80374873719652,55.04503567608994,71527500
2010-03-19,54.216617584228516,55.10132598616828,54.01554721396126,54.216617584228516,80546500
2010-03-22,54.980709075927734,55.10135258355878,53.70994224975693,53.83058575738797,56679400
2010-03-23,55.680423736572266,55.69650667034747,54.77962604060384,55.02895139930432,61187700
2010-03-24,55.0450553894043,55.60945838696565,55.02893240157192,55.375635078878496,59664500
2010-03-25,54.698360443115234,55.92391684137976,54.65804989210471,55.52883899327185,66977000
2010-03-26,54.674163818359375,55.28694191590557,54.47259264232771,54.924116259634225,58114700
2010-03-29,54.97249984741211,55.14988349389788,54.674172246371036,54.91606015548164,38646400
2010-03-30,55.14181137084961,55.424009791851375,54.72254602414188,55.06118412934399,35773100
2010-03-31,54.6661262512207,55.48046968394274,54.658061678693485,54.932195629954414,59821600
2010-04-01,55.17406463623047,55.383700389642165,54.335527774048046,55.09343739306116,58838700
2010-04-05,56.206119537353516,56.24643624286554,55.18214042288344,55.31920737927937,52020600
2010-04-06,56.536712646484375,56.67377963524114,55.89974668809662,56.012626108421834,50203600
2010-04-07,56.35931396484375,56.6898875646678,55.996482080394436,56.47219335517054,71418200
2010-04-08,56.3028450012207,56.60116631280561,55.7626358924125,56.198024085074906,54603600
2010-04-09,56.64150619506836,56.64957076533543,56.03679260579717,56.391559879971645,53070100
2010-04-12,56.87532424926758,56.98820361668479,56.536686147015935,56.665688502008116,49301000
2010-04-13,57.00434494018555,57.0365970771738,56.39157279180713,56.75439856785925,42151000
2010-04-14,58.22183609008789,58.22183609008789,57.23816745690606,57.33492386641226,62041600
2010-04-15,58.39922332763672,58.52016730903088,58.12508322637885,58.19765207580192,55141800
2010-04-16,57.617095947265625,58.4314451039364,57.197830667953255,58.2459969419658,93241600
2010-04-19,57.33491516113281,57.86705995395512,56.26255485325551,57.294598458760085,85284600
2010-04-20,58.11701583862305,58.15732639189073,57.3913582136845,57.641304558926755,50736600
2010-04-21,58.520179748535156,58.63305918143986,57.988028577869215,58.213787443678626,60382500
2010-04-22,59.141014099121094,59.25389352719617,57.61713566864008,57.923521808919936,79289500
2010-04-23,59.769893646240234,59.83439791051663,58.5685309435521,59.25387183495948,66271100
2010-04-26,59.54410934448242,60.19720397521655,59.52798636105832,59.80212013950622,62710000
2010-04-27,58.181514739990234,59.85858246672775,58.06862920744102,59.30225013180222,101050200
2010-04-28,58.27825927734375,58.68140164218588,57.98799628254027,58.5120825871279,79762700
2010-04-29,59.51189041137695,59.53607797573195,58.358902682549314,58.713670030331976,68869600
2010-04-30,57.77030944824219,59.60863788113163,57.70580518532482,59.50382306748972,88759100
2010-05-03,59.06842803955078,59.10873858994745,58.100882558055204,58.13313468925156,53775400
2010-05-04,57.21397018432617,58.213761640381335,56.867267465090066,58.20570322122271,105727600
2010-05-05,56.37543487548828,57.20590728144829,55.94810489195276,56.746325165942984,110340400
2010-05-06,54.262969970703125,56.593132570773726,51.08620586271189,55.972289824574624,195388200
2010-05-07,52.69878005981445,54.52098560448603,52.11825396406312,53.78726341361548,189573100
2010-05-10,55.65785217285156,55.682039738446186,54.585491654069905,55.270838820404826,107703400
2010-05-11,56.02871322631836,56.85918535184379,54.81122795077287,54.996669957647406,100027800
2010-05-12,57.74610137939453,57.810599467940776,56.27059918436558,56.31897428864099,84618400
2010-05-13,57.18978500366211,58.13313680753596,56.91564495423635,57.61711499252128,78553600
2010-05-14,56.08517074584961,56.84308045370111,55.32726718946317,56.81889289306161,86134200
2010-05-17,56.190006256103516,56.899534874881844,54.62581131420887,56.43995264936709,78565900
2010-05-18,55.10956954956055,57.084971168905625,54.93218589419854,56.92371050427409,87146900
2010-05-19,54.456478118896484,55.472398726407505,53.68244542080502,54.85962053361902,107292800
2010-05-20,51.69898986816406,53.311559663973064,51.666737734072015,53.02935502853401,166841100
2010-05-21,52.4649543762207,52.92453648969336,50.60243528559344,50.85238469365487,139644500
2010-05-24,51.76350021362305,52.73911058385788,51.715125076789505,52.247276187826685,75991800
2010-05-25,51.755435943603516,51.7957465025875,49.75584644371431,50.634697213774274,110830700
2010-05-26,51.884429931640625,53.17448448781366,51.586105392225484,51.95699876839132,104172900
2010-05-27,54.10978317260742,54.1339707367325,51.884435001111086,53.182554255195114,86856200
2010-05-28,53.41637420654297,54.158154832380205,52.9971087684723,53.94852518907766,92369800
2010-06-01,51.79573440551758,53.59375223615465,51.755423855948266,52.892282237827516,88420300
2010-06-02,53.27121353149414,53.29540108083559,51.61832794325703,52.11016195140711,61553800
2010-06-03,53.95660400390625,54.09367101129042,53.11000823641472,53.37607767678755,74864100
2010-06-04,51.2474479675293,52.972893365712345,51.09425193198356,52.497188425910565,105547200
2010-06-07,49.925174713134766,51.69094114954648,49.87679957289361,51.47324379126009,88434200
2010-06-08,49.90095901489258,50.47342040710915,48.94148134023104,50.07834263107935,129072000
2010-06-09,49.933223724365234,51.134586493843734,49.659086737414974,50.287987970410896,108638000
2010-06-10,51.658668518066406,51.66673308873073,50.6346864207057,50.820131561462475,75497300
2010-06-11,52.360145568847656,52.432708260185215,50.9410823629653,51.029774197799554,65295200
2010-06-14,52.690696716308594,53.61792522492705,52.53750682723238,53.053528472618375,70543000
2010-06-15,54.012996673583984,54.158128128946544,52.698755159412634,53.15027250877947,72336400
2010-06-16,53.763065338134766,54.327462181155155,53.41636266271818,53.53730660092661,62369400
2010-06-17,53.82758712768555,54.18234833681435,53.1906212536473,54.085598075900236,67327600
2010-06-18,53.85984802246094,54.448432710276535,53.577643311666556,53.99691501535309,52760900
2010-06-21,53.30348205566406,54.82735964787765,52.98903151450659,54.72254485131319,58648400
2010-06-22,52.20694351196289,54.101711660096306,52.14243924826056,53.50506259951269,70827400
2010-06-23,52.06181716918945,52.61815573385675,51.44904198177182,52.06988174082013,70315300
2010-06-24,51.23133850097656,52.02955875504058,51.110394546975336,51.62641634267986,72504900
2010-06-25,52.110172271728516,52.34399554744109,50.95718810596079,51.42483158165423,87177700
2010-06-28,51.81187438964844,52.602030222976964,51.52967280201229,52.077943757176335,64643900
2010-06-29,49.852596282958984,50.97333178924355,49.48976746689098,50.97333178924355,110269700
2010-06-30,49.280128479003906,50.48955573702605,49.134996961982644,49.69133546914168,93806400
2010-07-01,48.92536544799805,49.505891530212,47.6675599617787,49.344633943404496,114225800
2010-07-02,48.390647888183594,49.256210889468306,48.06707160780429,49.142960117091185,72084200
2010-07-06,47.759681701660156,49.74966766776624,47.45228451707269,49.231948042683584,89452600
2010-07-07,49.42609405517578,49.46654341034678,47.719238037457544,47.90529334500448,79640200
2010-07-08,50.13795852661133,50.24312129217629,49.37755819571281,49.96808234936577,58770100
2010-07-09,50.91453552246094,50.91453552246094,49.96807993565224,50.13795610469191,38202700
2010-07-12,50.340187072753906,51.10867841900842,49.84673463718463,50.76892301834921,43038300
2010-07-13,51.93381881713867,52.127968387070105,50.83366569354365,51.027812177621406,83581200
2010-07-14,51.74776077270508,52.087513224742274,51.343291804554134,51.78820396649618,52526100
2010-07-15,51.27046203613281,51.852894965268696,50.647579761404714,51.852894965268696,71044000
2010-07-16,49.40182113647461,50.995429265345464,49.256212115265484,50.89026650872728,98127500
2010-07-19,49.612159729003906,49.73349855476537,48.65761282091933,49.56362234718752,63879600
2010-07-20,50.44536209106445,50.53434574348766,48.70614457330037,48.900291004573994,71430700
2010-07-21,49.53935241699219,50.938814445978636,49.42609853244782,50.84173968779775,68456600
2010-07-22,51.302833557128906,51.49697998600475,50.291661311813186,50.299752417853284,81000700
2010-07-23,52.56477355957031,52.66993323695209,50.91453685343036,51.05205786471385,73916800
2010-07-26,53.76201248168945,53.81054678109395,52.51624736608719,52.791289463361,66248300
2010-07-27,53.56787109375,54.41725222327796,53.37372771724456,54.247375997372366,84127100
2010-07-28,52.70229721069336,53.73773657394545,52.40298801249797,53.49505277306211,59705100
2010-07-29,52.56477355957031,53.381796178923196,51.73156564448801,53.1552946142826,63214400
2010-07-30,52.59711837768555,53.074394755919734,51.62639575698104,51.85289729036516,67453000
2010-08-02,53.5112419128418,53.826727191813006,53.058232503988435,53.52741795486581,49896600
2010-08-03,53.08250427246094,53.818634511300715,52.65376202503306,53.33327303259121,51145700
2010-08-04,53.640647888183594,53.77817196454386,53.15528658417604,53.37370318258692,40817400
2010-08-05,53.00969314575195,53.55977109764983,52.953067746514186,53.11485900984041,37991000
2010-08-06,52.69420623779297,52.91262289347999,51.65876687192906,52.136037197376616,62483200
2010-08-09,53.276634216308594,53.478868629163784,52.45960546029635,53.08249090804487,35100700
2010-08-10,52.2735481262207,52.91260954872678,51.877164272300504,52.75081833129897,59841700
2010-08-11,50.218875885009766,51.23004845274092,50.081354811154355,51.23004845274092,87392600
2010-08-12,49.96809005737305,50.27548729636875,49.15106112217316,49.22386565020233,63300200
2010-08-13,49.40182113647461,49.89527358769973,49.320928607292736,49.74966456649061,68238000
2010-08-16,49.79819869995117,50.089413637595996,48.84365210553473,49.05397451925354,51371000
2010-08-17,50.655670166015625,51.084409179852145,50.04087896577642,50.33209698699308,54593200
2010-08-18,50.80938720703125,51.310927807402486,50.10560905935134,50.59906163903967,61766600
2010-08-19,49.418006896972656,50.8417359684237,49.29666500104984,50.63141351279043,89236900
2010-08-20,49.46654510498047,49.49890027003214,48.649516241836004,49.24004043450289,64085700
2010-08-23,48.79513931274414,50.08943886247732,48.76278105253743,49.830578952530686,55423700
2010-08-24,48.236961364746094,48.7951273298996,47.565541516681364,48.01854779076791,78875300
2010-08-25,48.96500778198242,49.08634969558051,47.63835018251047,47.840584647938584,64025300
2010-08-26,48.60097885131836,49.571701629709146,48.4230115685489,49.14296563305813,74569900
2010-08-27,49.87101364135742,49.99235245263664,48.180333616371584,49.1591475556127,72003600
2010-08-30,48.77894973754883,49.87910566217116,48.754682590516914,49.628333828047495,42401800
2010-08-31,48.68186569213867,49.272389778051895,48.27739688651163,48.657598551273715,60625100
2010-09-01,50.56669235229492,50.599050599672836,49.361376953064514,49.53125312302011,62585200
2010-09-02,51.12487030029297,51.27047935322072,50.37255788878386,50.55052519477397,45824200
2010-09-03,52.038944244384766,52.200729255147785,51.456508330913806,51.90142636806594,51986300
2010-09-07,51.05206298828125,51.885267901131336,50.890274817649946,51.87717679538079,48881600
2010-09-08,51.35136032104492,51.763920239931636,51.14912591378537,51.17339305518382,58863300
2010-09-09,51.38373565673828,52.16031838414946,50.99544583595928,52.136045062973515,52494300
2010-09-10,51.54551315307617,51.860998374100994,51.24620397110426,51.57786831703452,46973500
2010-09-13,52.79936599731445,52.969248361611236,52.03087757772911,52.13603726694122,60551500
2010-09-14,52.572853088378906,53.08248772813518,52.38680089585212,52.68610385905716,55811200
2010-09-15,52.87217712402344,53.04205332791629,52.03897214562741,52.42725884832369,63008500
2010-09-16,52.53242492675781,52.912626696296535,52.087506649275085,52.742744320017025,52659700
2010-09-17,52.750831604003906,53.00160033948338,51.99851922586002,52.90453175630704,61775400
2010-09-20,54.21498489379883,54.360593880889006,52.55666683318042,52.92068621505441,70669500
2010-09-21,53.89954376220703,54.54669671546499,53.818651185976776,54.215029129700596,64974200
2010-09-22,53.26045227050781,54.11793038201326,52.8478985098703,53.75390473405105,65225800
2010-09-23,52.61574172973633,53.65378873132689,52.43733349187408,52.83470713767616,62724700
2010-09-24,54.326866149902344,54.38363378943836,53.27260910320356,53.3537048472252,71675000
2010-09-27,54.18901824951172,54.4647512826196,53.937619515051054,54.343104538225255,48357100
2010-09-28,54.7242546081543,54.8458951501303,53.32127388100429,54.31065820380689,66176700
2010-09-29,54.87834548950195,55.10541612882028,54.43231564432977,54.64316341671914,53580600
2010-09-30,54.74046325683594,55.591984049047994,54.294427377637476,55.28381155534406,81818000
2010-10-01,55.03242874145508,55.3568180027491,54.537736510104054,55.25949936819773,61763500
2010-10-04,54.286354064941406,55.22707639910932,53.913308468011685,54.88647035676641,56292700
2010-10-05,55.82719421386719,55.96506387142523,54.537754366731406,54.88647185403693,77655500
2010-10-06,55.64066696166992,56.005601083637174,55.32438907270851,55.77853041332762,43163400
2010-10-07,55.478458404541016,56.02180679742437,55.08107866597573,55.97314439210851,39955400
2010-10-08,56.183990478515625,56.49216298275804,55.25948534020633,55.55954641349263,59953200
2010-10-11,56.232669830322266,56.65437779265272,56.070478267709944,56.232669830322266,37345900
2010-10-12,56.378639221191406,56.62193272862855,55.47846809298016,56.08669567436211,51099800
2010-10-13,57.23825454711914,57.69239569153678,56.58136474927614,56.759779109499945,58582200
2010-10-14,57.19770812988281,57.53831401529609,56.67868787005035,57.27880388537985,70382100
2010-10-15,57.00307083129883,57.78160113571498,56.678681657656554,57.692393958283134,74953500
2010-10-18,57.48155212402344,57.60319886305567,56.97875467726515,57.222041968119434,39841500
2010-10-19,56.36241912841797,57.38424313568306,55.916383120862825,56.80034370296015,64627600
2010-10-20,56.938209533691406,57.27881548809974,56.305653850587134,56.6381483716398,54118800
2010-10-21,56.66248321533203,57.651861541837356,55.92449745315621,57.22204837802544,62505300
2010-10-22,57.02742385864258,57.08419152479787,56.5732825294002,56.80035319402139,26267800
2010-10-25,57.3680305480957,58.033025868461664,57.05986409770569,57.44912633112342,36095900
2010-10-26,57.32746505737305,57.71672715028346,56.759782406665366,57.05984350149126,37884100
2010-10-27,57.181514739990234,57.27072196352815,56.394872598180626,56.9382211872119,53515400
2010-10-28,56.83277893066406,57.67618847083993,56.56515734646007,57.62752606366916,48482400
2010-10-29,57.01118469238281,57.31123958634528,56.63002786114593,56.67057264257401,40455100
2010-11-01,56.6219367980957,57.71674528582586,56.20834028061139,57.30315495555289,47357500
2010-11-02,57.79782485961914,57.83026439966083,56.986854920205765,57.31124413341304,55102800
2010-11-03,58.02488708496094,58.081654718991906,57.173366387288304,57.870800855216274,58044500
2010-11-04,59.492774963378906,59.50899164516837,58.89265874178213,59.08728985931401,60908000
2010-11-05,59.82526397705078,60.011789829976294,59.44411321187447,59.56575378203122,45659100
2010-11-08,59.776607513427734,59.93880525168273,59.29813810680042,59.63063264260378,31656700
2010-11-09,58.98185348510742,60.05233368594583,58.65746423302086,59.93879837579709,48438600
2010-11-10,59.63874053955078,59.646851972785264,58.47905307544782,59.06295252411654,53667600
2010-11-11,59.40355682373047,59.63873888331357,58.762889734633845,58.98185511540905,42989400
2010-11-12,58.4141960144043,59.28193408143283,58.3087720914391,58.81968120810385,48799200
2010-11-15,58.422279357910156,59.079163075927845,58.36551170557789,58.6980061871783,38922600
2010-11-16,57.286930084228516,58.13033977066856,56.889556448813394,57.98436489826142,69965600
2010-11-17,57.441001892089844,57.595081972198884,57.092284573091106,57.416673784031026,39512500
2010-11-18,58.560150146484375,58.86021131071605,58.114120304055,58.122225550258754,52638700
2010-11-19,58.754756927490234,58.88451505959147,58.008666229532935,58.389823008569984,32830300
2010-11-22,59.03864288330078,59.19272303969947,58.179010120598925,58.52772761225802,42163100
2010-11-23,58.479034423828125,58.58445827340914,57.98434233688638,58.324948177571564,52202300
2010-11-24,59.792816162109375,59.80903283847301,58.99806290168015,59.00617433346677,42138400
2010-11-26,59.379234313964844,59.79283081550777,59.30624378441674,59.427890542189495,19004000
2010-11-29,59.46846008300781,59.61443500044934,58.41419610290645,59.1602873755129,47897000
2010-11-30,58.99806594848633,59.403550937823006,58.53581330813092,58.77910677661689,68631800
2010-12-01,60.3199462890625,60.47403256875632,59.04672363831429,60.10909854414578,59974000
2010-12-02,60.928192138671875,61.05795034743379,60.30374777383798,60.39295499555882,42529200
2010-12-03,61.3661003112793,61.55262613941537,60.628120805825006,60.68488846009072,36549400
2010-12-06,61.74725341796875,61.91755637029892,61.228233128807304,61.34176843036075,36177500
2010-12-07,62.10409164428711,62.63932869208732,61.96622821243669,62.49335382683075,66769100
2010-12-08,62.0635871887207,62.452855850279676,61.93383509301136,62.24200173413459,40388800
2010-12-09,62.27436828613281,62.509550257763884,62.02296964175845,62.509550257763884,49384000
2010-12-10,63.05292510986328,63.2070114083672,62.25817169157199,62.48524851623438,43303000
2010-12-13,62.72854232788086,63.409760497976414,62.70421421237949,63.30433041452187,43025600
2010-12-14,62.69609451293945,63.02859521352191,62.590670630594374,63.02048378035363,60000700
2010-12-15,62.501461029052734,63.30431964000706,62.37981428503895,62.647435884427196,52002400
2010-12-16,63.07725524902344,63.23134155247694,62.33116421994202,62.59067441210995,57936100
2010-12-17,63.271888732910156,63.393535493529704,62.679883984952305,63.14213672553757,40362300
2010-12-20,63.52326965332031,63.91253171536736,63.19888047680849,63.50704679152982,42692700
2010-12-21,64.22880554199219,64.29368461077767,63.734113470117855,63.78277586531124,30166800
2010-12-22,64.21007537841797,64.50334696451857,64.12861243010659,64.38114943443922,29812300
2010-12-23,64.12860870361328,64.45446669314785,64.03899760111068,64.32412101124434,25239600
2010-12-27,64.32412719726562,64.43817657228716,63.79460869025144,63.92495438469023,15770300
2010-12-28,64.14494323730469,64.48709778168835,63.96572090815813,64.44636317407195,25827900
2010-12-29,64.2834243774414,64.37302930894892,64.1530786311991,64.23454161498691,18138800
2010-12-30,64.16123962402344,64.53597439656231,64.16123962402344,64.22640629494825,37997400
2010-12-31,63.7375602722168,64.25893042540783,63.68053560593724,64.08785642656913,33323500
2011-01-03,64.84549713134766,65.18764525423197,64.1367626218337,64.30783668327585,48878000
2011-01-04,63.88422393798828,65.08989682871734,63.191779483313404,65.04101408252515,77509000
2011-01-05,64.63371276855469,64.65000909399032,63.63170628721153,63.86795328421146,47145300
2011-01-06,64.33232116699219,64.78851899192954,64.07163580770953,64.682617701206,39392300
2011-01-07,63.965694427490234,64.71516987685428,63.085885690349194,64.55223772906821,59486800
2011-01-10,64.33232116699219,64.59300652627485,63.23255500174438,63.737629389288095,55020300
2011-01-11,64.59297180175781,64.91068171836005,64.25082361699015,64.64999649921909,42124300
2011-01-12,65.14693450927734,65.27727402291886,64.77219986162162,65.12249623892122,38442600
2011-01-13,65.12250518798828,65.41577690301584,64.82108530998015,65.16323357243654,29687600
2011-01-14,65.61128234863281,65.7253317573545,64.9188377341864,65.05732541403036,38036700
2011-01-18,65.66016387939453,65.68460215237349,65.06547851948274,65.40762677164244,37824100
2011-01-19,63.973838806152344,65.74161055233441,63.835351150141896,65.63570932395446,70707400
2011-01-20,63.30583190917969,63.98198629111376,63.00441211820021,63.65612823347591,79653000
2011-01-21,62.88224411010742,63.73761483656468,62.82521939501027,63.713176560841305,56676500
2011-01-24,63.346580505371094,63.59911760365363,62.80076549665693,62.89037663770432,48142600
2011-01-25,63.4443244934082,63.46062081593036,62.68670709200349,62.979978745142475,47013400
2011-01-26,64.4544677734375,64.66627018724431,63.338406160523725,63.54206663049325,65896200
2011-01-27,64.64189910888672,64.90258453277426,64.13682459617192,64.4545347623089,48174800
2011-01-28,63.06145095825195,64.72331545227983,62.996278095482865,64.60926605004705,91023700
2011-01-31,63.501346588134766,63.949402210733375,62.93109962775991,63.43617994639601,53265200
2011-02-01,64.96770477294922,65.17951345040323,63.843500959186976,64.01457504724476,57786700
2011-02-02,64.72331237792969,65.27726925470152,64.69887410935867,64.83736177474512,39937400
2011-02-03,64.95140838623047,65.04916144696857,63.94939600708913,64.67442687861391,41156200
2011-02-04,65.06548309326172,65.1469460806604,64.55225446371765,64.84552619053497,39532700
2011-02-07,65.70903015136719,66.18966597328028,65.09804861930614,65.15507331368948,40835200
2011-02-08,66.17339324951172,66.20597347038132,65.44835592300608,65.70904741178026,37563900
2011-02-09,65.88009643554688,66.23039272106904,65.51350383057262,65.99414581081224,43298900
2011-02-10,66.14078521728516,66.22224817331441,65.36687159694435,65.44019260802828,48001000
2011-02-11,66.85768127441406,66.88211954457746,65.81494031259989,65.89640328488667,38579100
2011-02-14,67.19984436035156,67.2976036778684,66.84140595991204,66.89028251105657,36730500
2011-02-15,66.81694030761719,67.19982307759452,66.66216253960302,67.02060082652208,42908600
2011-02-16,67.35462188720703,67.46867130568073,66.94730075973607,66.97173903294798,38284700
2011-02-17,67.82710266113281,68.03076318515656,67.16723833694222,67.28943589440166,34891200
2011-02-18,67.90044403076172,68.24259235332406,67.64790687104596,67.98190702919632,39514200
2011-02-22,66.15706634521484,67.63156615950506,66.0593070821101,67.39532548364446,68370300
2011-02-23,65.01659393310547,66.34446473647185,64.59298271116543,66.28744002937941,91258600
2011-02-24,65.43204498291016,65.75790302491694,64.64998941122899,65.13877336662657,85126500
2011-02-25,66.94727325439453,66.97171151756596,65.69272395138931,65.74160047773218,58566800
2011-02-28,67.02061462402344,67.48496045411221,66.46665764995025,67.33018265423401,49869300
2011-03-01,65.67647552490234,67.3220505133547,65.45651858632915,67.27317395599557,70865100
2011-03-02,65.95343017578125,66.28743645303591,65.3668868114888,65.60313378961918,61072300
2011-03-03,67.45236206054688,67.63157808500368,66.01044219781306,66.61327555519607,78937600
2011-03-04,67.15908813476562,67.48493996096438,66.51552021214026,67.44421159030213,60907100
2011-03-07,66.05935668945312,67.46869093523884,65.50540576154243,67.41981437459472,90777900
2011-03-08,67.13465881347656,67.4605106830876,65.61942400192633,66.116356182877,67755300
2011-03-09,66.86580657958984,67.27312751701635,66.59697326923452,67.00429420666103,51216900
2011-03-10,65.14693450927734,66.01045320973502,64.92697764561927,65.98601493937889,107642100
2011-03-11,65.31802368164062,65.74163496770834,64.5848443257274,64.63372087771232,83202700
2011-03-14,64.96770477294922,65.44019866295211,64.28340842071805,64.6336985425323,60138300
2011-03-15,64.38932800292969,64.90255041337257,63.19180283000214,63.50951282911833,84941700
2011-03-16,63.745750427246094,64.87810255742569,63.346577500297386,64.09604681238827,126014500
2011-03-17,63.88422393798828,64.7151622557783,63.88422393798828,64.62555113885534,63992800
2011-03-18,64.73145294189453,64.83735416501506,64.41374305730773,64.62555171877402,70017700
2011-03-21,66.23040771484375,66.24669782275892,65.46464212308048,65.56240141625013,50638200
2011-03-22,65.88009643554688,66.47478157582707,65.71716431715005,66.32814577688232,52372800
2011-03-23,66.08377075195312,66.27928311972079,65.04917178309589,65.7334743931219,58044700
2011-03-24,66.54009246826172,66.76866741829393,65.91150512747286,66.52376212714498,52850900
2011-03-25,67.11971282958984,67.80543786169955,66.57276459280683,66.92379228158735,78164900
2011-03-28,66.9727554321289,67.56052316892641,66.91561169261806,67.3401071535271,42798300
2011-03-29,67.60133361816406,67.66664252567085,66.59723563509806,67.01356590700337,40967200
2011-03-30,68.4748306274414,68.56462883213116,67.78910567693913,67.89522799693556,42147100
2011-03-31,68.7115707397461,68.80953411612855,68.32788863416629,68.40952789525225,41625800
2011-04-01,69.01361083984375,69.40545183802718,68.77687071551608,69.2013661682482,49160200
2011-04-04,69.16873168945312,69.36465222748481,69.01362455656884,69.19322097818188,42236600
2011-04-05,69.54423522949219,70.00138513941937,68.99728089788599,69.12789871683684,45454400
2011-04-06,69.6993637084961,70.10753521207216,69.315687726825,69.90344946028412,59035700
2011-04-07,69.28299713134766,70.0258656418198,69.07891148598064,69.764636264878,69434400
2011-04-08,68.55648040771484,69.68303138276714,68.24626611547856,69.59323316429898,63650400
2011-04-11,67.94422912597656,68.80138552007557,67.67483444717287,68.58913460087847,41784100
2011-04-12,67.05439758300781,67.79727252596484,66.98092972000838,67.58502165251979,58103300
2011-04-13,67.14422607421875,67.60137625872002,66.67074553844007,67.47076458952144,80424900
2011-04-14,67.45442199707031,67.51973093391985,66.49113697725015,66.60542450263533,58532300
2011-04-15,68.17277526855469,68.17277526855469,67.15234697366996,67.47888527367309,53690700
2011-04-18,67.04623413085938,67.15236268440488,66.4747966433124,67.1441975122395,58593400
2011-04-19,67.06255340576172,67.51153814952393,66.67070617312152,67.27480424961685,31991000
2011-04-20,68.43402099609375,68.49116474511781,67.96054065949347,68.16462636717965,47061100
2011-04-21,68.94017791748047,68.96467344416614,68.35241606931034,68.85037967091196,30293300
2011-04-25,68.85037231445312,69.00547949253583,68.38505700840845,68.87486783852152,23441400
2011-04-26,69.53606414794922,69.93607028513358,68.85849828318804,69.00544020291697,53200000
2011-04-27,69.95243072509766,70.01773342892086,69.29935386124505,69.5769137082533,44680600
2011-04-28,70.27079010009766,70.61365258318992,69.81363389443999,69.8789428135627,43464600
2011-04-29,70.52388763427734,70.76062790658875,70.14837051453644,70.36062148767843,41030900
2011-05-02,69.6993637084961,70.86673445785176,69.61773065342146,70.84224516414966,48962400
2011-05-03,68.81771087646484,69.78915471932254,68.34423048651948,69.6258886260597,56070000
2011-05-04,67.92791748046875,68.94834648881891,67.53607622905676,68.91569201316717,64754600
2011-05-05,67.6176986694336,68.63812751729465,67.2748360713211,67.46259149153362,91858900
2011-05-06,67.97686004638672,68.8503465653849,67.62583240446028,68.37687248992688,76446200
2011-05-09,68.76875305175781,68.84222718229994,67.78914365136369,67.89526603080823,45806800
2011-05-10,69.82180786132812,69.8299730342973,69.0299542447748,69.11975246282944,44373700
2011-05-11,68.53195190429688,69.68299784437163,68.20541987961104,69.58503450004639,81313700
2011-05-12,69.1360855102539,69.34017124504322,67.74013983167926,68.14014612796966,80109400
2011-05-13,68.17277526855469,69.38095888190618,67.9768485516328,69.19320356343941,74669000
2011-05-16,67.17684936523438,68.4829965919305,67.11970561869771,67.72379754325692,68771600
2011-05-17,66.96460723876953,67.201347427678,66.45031345278345,66.63806883240605,76475100
2011-05-18,67.9931869506836,68.01767623615129,66.94010407816737,67.04622639126096,54512200
2011-05-19,68.14015197753906,68.54832348215766,67.53605989460037,68.45852525288534,52914400
2011-05-20,67.64214324951172,68.12378235777042,67.17682825161802,67.96051634132324,56016800
2011-05-23,66.4258041381836,66.89927814506973,66.31151666463865,66.46661753404953,50696600
2011-05-24,66.10742950439453,66.90744180110123,65.98497686316797,66.60539278316908,60223400
2011-05-25,66.94009399414062,67.17683409833316,65.92783090202762,65.9359898438206,60009900
2011-05-26,67.82177734375,67.85443181084977,66.6544066147947,66.69522002751735,51821300
2011-05-27,68.28707122802734,68.51564619798346,67.96869805870264,68.13196411489963,46619400
2011-05-31,69.25850677490234,69.27483711553843,68.38502039687394,69.07075145498787,77456200
2011-06-01,67.0299072265625,69.24219544804585,66.964598308359,69.15239724256635,80933800
2011-06-02,67.00540924072266,67.47888949392953,66.61356201057204,67.20132974169775,64666600
2011-06-03,66.02581787109375,66.71971438550874,65.87071694032798,65.96867411171633,76493800
2011-06-06,64.94007873535156,66.18091717521912,64.89109392726861,65.91968770218375,63782200
2011-06-07,65.09516906738281,65.65844755726918,64.92373783746108,65.34007438338583,58242200
2011-06-08,64.36860656738281,65.0788268031595,64.25431911264162,64.87474117280749,67740400
2011-06-09,64.71150970458984,65.07070263335092,64.2706899460961,64.55640876297282,58469700
2011-06-10,63.67472457885742,64.41759935514672,63.38900590651535,64.311470828134,71823100
2011-06-13,63.49516677856445,64.1972223589314,63.14413898838098,63.862524918916684,60285400
2011-06-14,64.85845184326172,65.04621348231105,63.99313021646776,64.03394985962726,66662700
2011-06-15,63.69922637939453,64.66251111274107,63.446162109615734,64.16454151671101,89262000
2011-06-16,63.84614944458008,64.39309745279927,63.04613724143544,63.74818609741572,81849500
2011-06-17,63.86252212524414,64.59722591740145,63.53598364639453,64.4829383840346,77862900
2011-06-20,64.45028686523438,64.67886817064084,63.61761962282393,63.642108919923686,53343900
2011-06-21,65.84622192382812,65.9360139137281,64.83395223398676,64.96457008875421,75970200
2011-06-22,65.34009552001953,66.21358229496337,65.31560622613746,65.48703751151488,55839700
2011-06-23,65.5931396484375,65.72375747982902,63.91964072409041,64.59720048278066,92521100
2011-06-24,65.25845336914062,65.92785429750084,64.87477120992159,65.82172573453266,73865400
2011-06-27,65.76457977294922,65.89519762200145,64.86660385942163,65.23396188872962,51195400
2011-06-28,66.78501892089844,66.81767338832381,65.85438839798522,65.98500626768671,54021800
2011-06-29,67.10337829589844,67.26665059921152,66.48296222791332,67.02174525834266,68230200
2011-06-30,67.59317779541016,67.7972634696376,67.16867610522478,67.27480464187138,59915500
2011-07-01,68.64627838134766,68.76057212879827,67.44625942924435,67.65850412030326,63908100
2011-07-05,68.81169891357422,68.89357736214723,68.39411070484913,68.72163074606635,48268900
2011-07-06,69.0900650024414,69.19651257409959,68.45959427652579,68.70523579135813,57094100
2011-07-07,70.12994384765625,70.39195856136888,69.54859889682271,69.76967127370506,68556600
2011-07-08,69.70413970947266,69.76964492489337,69.0409165823712,69.28655801673827,61977400
2011-07-11,68.22211456298828,69.21285743942077,68.03378864575271,68.82802213888074,59769800
2011-07-12,67.8373031616211,68.59059460210764,67.77998764434327,67.8618660623226,65322100
2011-07-13,68.4432144165039,69.16375952382083,68.14026362994855,68.27126785596415,79327200
2011-07-14,67.35420989990234,68.91810815366613,67.18226336395485,68.57421508177113,91726600
2011-07-15,67.80453491210938,67.88641955813235,67.2886953755403,67.64077811390626,75496200
2011-07-18,66.71556091308594,67.65717216357261,66.32253573048125,67.50160503137195,56859700
2011-07-19,68.22211456298828,68.29580948605287,67.28868718364129,67.32962950166835,56060800
2011-07-20,68.10752868652344,68.30403820000527,67.67356731441055,68.24672266495119,40277400
2011-07-21,68.72981262207031,69.02458000083665,68.15665105361376,68.32041417899755,63405500
2011-07-22,68.81986236572266,68.99180891617591,68.28764328274475,68.65609928415563,34540200
2011-07-25,68.00923919677734,68.5824005278471,67.75541426621498,67.97648658526576,49764900
2011-07-26,67.4934310913086,68.03383381591928,67.31329476746343,67.86188721050111,52205500
2011-07-27,65.47918701171875,67.0676549462565,65.38092913794833,67.05127551049922,97533300
2011-07-28,65.37268829345703,66.29793203547268,65.24987385595009,65.47094609038209,67439400
2011-07-29,65.29083251953125,65.65110498604322,63.980759341653595,64.45566282079726,93519600
2011-08-01,64.86505889892578,66.31432593672278,64.25096153178916,66.068690738021,93483200
2011-08-02,62.84263229370117,65.24170632365028,62.7280012817791,64.61941922541499,95669600
2011-08-03,63.260250091552734,63.333938813852356,61.31150947619062,62.79353610954807,114910400
2011-08-04,59.44462966918945,62.40048578348939,59.43643995436001,62.28585476356546,130904800
2011-08-05,58.40479278564453,60.46815852209031,57.03740326502359,60.19795400692316,188585600
2011-08-08,53.320037841796875,58.47026930210587,53.28728522755138,56.50515617583301,170159700
2011-08-09,56.87359619140625,57.00460661161786,52.20645616901897,54.793852622451936,207867000
2011-08-10,54.08969497680664,56.96367245081803,53.934127889178846,55.1459432150659,182376400
2011-08-11,56.79172897338867,57.676030743000645,54.09788758537484,54.458160064903105,121880100
2011-08-12,57.14381408691406,57.80703731792046,56.33320722158156,57.30757090419989,86475800
2011-08-15,58.7568359375,58.81415144003655,57.62689282046343,57.79065586122589,57616800
2011-08-16,57.67604064941406,58.47027443556124,57.0373802328611,57.798855154964265,79484300
2011-08-17,57.69242858886719,58.56035130030844,57.11927325997666,58.110016755301466,66789100
2011-08-18,54.409027099609375,57.64327715195498,53.89318753289583,55.72729001702134,110692200
2011-08-19,53.451045989990234,55.195086907255416,53.13990550211763,53.229973636198125,99196100
2011-08-22,53.262718200683594,55.01494232202281,52.86969310711989,54.957626813265804,72211900
2011-08-23,55.83374786376953,55.92381599873561,53.10715340762826,53.59843016849228,93274300
2011-08-24,56.66073226928711,57.012815119601385,55.28515348746891,55.776436532129516,67698000
2011-08-25,55.268768310546875,57.55321148368012,55.064069168655955,57.29938654675045,80732900
2011-08-26,56.5870361328125,56.75898267710369,54.08970388898734,55.072263602408874,84468500
2011-08-29,59.26449203491211,59.32180754353021,57.348511106602615,57.373074003592954,53069800
2011-08-30,59.60840606689453,59.99323529306424,58.23282727313778,58.87148774043136,67801600
2011-08-31,59.48556137084961,60.50086718606986,58.87146405369752,59.93589565527524,70313900
2011-09-01,58.208248138427734,60.2879922821765,57.88073449122265,59.52651118327212,86788800
2011-09-02,56.0548210144043,57.34852129232746,55.76005370432249,56.79173928960882,78920100
2011-09-06,55.899227142333984,55.93197974776701,53.98324657640756,53.98324657640756,71493900
2011-09-07,58.011741638183594,58.09362005413084,56.5542845947855,56.82448898964183,68952400
2011-09-08,56.94730758666992,58.38020167586944,56.64435058748993,57.59415142107393,71124100
2011-09-09,55.268768310546875,56.603404466783694,54.65467088487413,56.25132169285444,99453600
2011-09-12,55.74367904663086,55.88287298190305,54.34353748418755,54.35172095314036,100109900
2011-09-13,56.64435958862305,56.87362167981851,55.538985222117205,56.120330166769556,84144100
2011-09-14,57.65966033935547,58.46208382929441,56.03844642155074,57.184756768716554,77019200
2011-09-15,58.47028350830078,58.494846413222206,57.30758728432037,58.191889343035406,74213100
2011-09-16,58.56033706665039,58.977925131585835,58.03630767991388,58.66678463537449,75773300
2011-09-19,57.51229476928711,58.142771905366665,56.86544444321027,57.3976636985317,69216200
2011-09-20,56.61980056762695,58.372025238386975,56.587047945650035,57.71698529269632,63453200
2011-09-21,54.52366256713867,57.01280497947562,54.48272648531333,56.5297179842494,81413800
2011-09-22,53.000701904296875,53.9750655228388,51.985392837204,52.648619148056184,159808200
2011-09-23,53.54320526123047,53.86377353828543,52.688354432036306,52.81165137039809,84086000
2011-09-26,54.55424499511719,54.644662352332695,52.83632147916686,54.11859487801331,75555800
2011-09-27,55.729652404785156,57.03658366211684,55.294002381198396,55.77074720396989,93999600
2011-09-28,53.592525482177734,55.99268640979038,53.51032960758639,55.721434379610024,85412600
2011-09-29,54.521366119384766,55.08852213819486,52.9103028790976,54.8501559435778,73927200
2011-09-30,52.85276412963867,54.39806812160407,52.803441580699655,53.55143857335702,72124900
2011-10-03,50.132015228271484,53.39523813263077,50.0169366485189,52.44997331572899,119485000
2011-10-04,53.255516052246094,53.32949045183634,49.39225069433028,49.581303698505195,165100000
2011-10-05,53.98707580566406,54.3569603861176,52.540404546447924,53.24730037361357,100371000
2011-10-06,55.1871452331543,55.32687883047693,53.55142431984061,53.84733445013708,85789700
2011-10-07,53.839107513427734,55.57346705104782,53.59251367284842,55.3844109371181,93662300
2011-10-10,56.19819641113281,56.20641161130298,53.872015449359665,55.04743500164667,76366700
2011-10-11,56.584503173828125,56.814660413284145,55.51594421078546,55.66389930057827,63173300
2011-10-12,57.39002990722656,57.97362871659479,56.56805869327537,57.020145369405604,88580000
2011-10-13,57.34073257446289,57.63664281088319,56.3708059708952,57.06125900844605,54163300
2011-10-14,58.47505569458008,58.6394474964854,57.381832025588416,58.01475363232896,69768200
2011-10-17,56.699581146240234,58.04761353168386,56.41188618390056,57.95719619000164,57529900
2011-10-18,58.20376968383789,58.59831855825797,55.77073605981528,56.88861722100697,98948000
2011-10-19,57.0694694519043,58.48326113692086,56.77355927266159,58.03939586805681,71071600
2011-10-20,57.225624084472656,57.31604139743879,55.68853603518946,57.17630155940131,90998600
2011-10-21,58.4667854309082,58.49144982464158,57.55439726811401,58.00648375279222,60408600
2011-10-24,60.349117279052734,60.48063566655661,58.491467089124704,58.72983319197718,81399100
2011-10-25,58.65590286254883,59.95461969456002,58.49151102582569,59.91351859980595,66767900
2011-10-26,59.6668815612793,60.03677233398165,57.98184450055324,59.67510302853279,76643400
2011-10-27,62.815059661865234,63.267146489111646,59.716229908745966,61.88623413723917,130508100
2011-10-28,62.494483947753906,63.226037985145794,62.27255443115558,62.71641973549628,82397500
2011-10-31,60.8341064453125,62.0095258247332,60.768347226751175,61.52455942677371,66969200
2011-11-01,58.68053436279297,59.979250605027936,58.32708643031494,58.50792113127725,110064900
2011-11-02,60.12720489501953,60.250501850493904,59.04220297490364,59.691561087334584,63821300
2011-11-03,61.62317657470703,61.812226422630125,59.42029369706198,61.04779302143988,74622200
2011-11-04,61.31904983520508,61.499884501318114,60.45598384395085,60.973823438703384,65262500
2011-11-07,61.19575881958008,61.54099152060891,59.92170710800863,61.23685989172305,67136100
2011-11-08,62.09172058105469,62.17391646718662,60.38201855647631,61.762930765382826,72278500
2011-11-09,59.132625579833984,60.76012546908683,59.033986752458816,60.266943874499425,78806400
2011-11-10,59.5682487487793,60.19294856301977,58.87778973911519,60.10253123709778,72175100
2011-11-11,61.13823318481445,61.261530154509366,59.61758728162885,60.28338213837925,62452000
2011-11-14,60.258697509765625,61.04778898933707,59.81483237666764,60.90805541164186,61114200
2011-11-15,61.02312469482422,61.351914345877546,59.535359205955636,59.938123236146936,65795300
2011-11-16,60.03676986694336,61.549193680049775,59.92991588160708,60.390217690614804,56938700
2011-11-17,59.18193817138672,60.36557894158048,58.58189631673466,59.9628084582461,78923500
2011-11-18,59.16548156738281,59.56824564386046,58.72983162376544,59.38741100144225,53462900
2011-11-21,57.75168228149414,58.23664214510243,57.217399895162025,57.98183315040254,58233500
2011-11-22,57.2667236328125,58.05581511699677,56.962598346773504,57.644829577037775,55404700
2011-11-23,55.46663284301758,56.79000102784449,55.37621548730695,56.633830726189494,69700300
2011-11-25,54.759735107421875,55.92693295159277,54.759735107421875,55.11318304853209,28167900
2011-11-28,57.36536407470703,57.47221806056755,56.64203176112581,56.789980539482606,59167100
2011-11-29,57.25849914550781,57.68592127840213,56.81463408184411,57.4064478955884,58157100
2011-11-30,60.60395050048828,60.65326677480829,57.25030588156549,59.642239253241954,93802900
2011-12-01,60.16828155517578,60.940936390080694,60.05320610373996,60.39021726233185,57394700
2011-12-02,60.41489791870117,61.34372334337681,60.25872134588671,60.89985803470212,47671500
2011-12-05,61.45058822631836,61.968427989524265,60.93274219196787,61.598543340254984,58429900
2011-12-06,61.50809860229492,61.886204553816725,60.899835476195605,61.49165566853992,43597000
2011-12-07,61.384822845458984,61.69716971192259,60.110764699325316,61.05603303957185,55904400
2011-12-08,59.47785949707031,60.97384740779982,59.36278398633305,60.74369638632528,71486700
2011-12-09,61.26972579956055,61.62317361909712,59.494265235058194,59.59290402346669,72184900
2011-12-12,60.39021301269531,61.31903802567819,59.59290010446673,60.4066496741116,47638600
2011-12-13,59.132625579833984,61.21221225562608,58.81205722979496,61.014940872019956,79040300
2011-12-14,58.39285659790039,59.09153112447881,58.014750457294944,58.56546986179777,77704900
2011-12-15,58.93533706665039,59.27234829473203,58.39283929389902,59.23124722311225,50096100
2011-12-16,59.39563751220703,60.234045332359365,58.95999380273576,59.412074176031005,66225600
2011-12-19,58.36817932128906,60.168292066743746,58.22022424771745,59.94636259195775,52897500
2011-12-20,60.710784912109375,60.801202233258415,59.6011252002659,59.63400479624207,74174400
2011-12-21,60.957401275634766,61.146451183441656,59.78198193741516,60.43955528654628,59194600
2011-12-22,61.345603942871094,61.67599759161515,61.106075006809725,61.254751833657814,41502800
2011-12-23,61.57685089111328,61.68422609114399,61.18863903462571,61.57685089111328,24333600
2011-12-27,61.75856018066406,62.08069837830808,61.18863791190436,61.337314656304976,26922400
2011-12-28,60.635250091552734,61.865959648814034,60.51960698855933,61.84943650478653,37827500
2011-12-29,61.24650192260742,61.486037206018096,60.79220978135685,60.89959136114475,27090500
2011-12-30,60.91609191894531,61.55209444486141,60.86653508105773,61.22170712329858,31979800
2012-01-03,61.92377471923828,62.66715861717139,61.758574796512754,62.51022026601531,60504700
2012-01-04,61.585121154785156,61.8329178942471,61.18039236194798,61.60164429834014,34648500
2012-01-05,61.93205642700195,62.22940378112012,60.6022265499194,61.14737071782658,57274600
2012-01-06,61.77511978149414,62.26244554693974,61.34560613227724,61.96509188263109,45499800
2012-01-09,62.08897399902344,62.19635553401496,61.46123314065222,62.064195583789484,52042400
2012-01-10,62.99753952026367,63.12969944514599,62.74148754296927,62.90668744907216,42977600
2012-01-11,63.245338439941406,63.32793524501484,62.667154502695084,62.73322816571446,33445800
2012-01-12,63.43532180786133,63.53443546113854,62.7249778846216,63.4270602361773,36131400
2012-01-13,63.09672546386719,63.17106707480874,62.444199331107626,62.923270107321784,42600400
2012-01-17,63.0718994140625,63.82353872500831,62.8819210421733,63.68312349024416,34518400
2012-01-18,64.19522857666016,64.20349014911879,62.89843897692351,63.03885420005337,49330800
2012-01-19,64.59169006347656,64.72385000408156,64.14566601826677,64.53387166489509,35830500
2012-01-20,64.63298797607422,64.84774471658204,64.34389599946702,64.50908961417615,42221200
2012-01-23,64.55038452148438,65.12030684475441,64.05479742665885,64.64124289073777,37481400
2012-01-24,64.92210388183594,65.0460022894008,63.82354766408749,64.1622028913158,49856900
2012-01-25,65.47551727294922,65.72331411701562,64.58346249812831,64.92211146316784,68272900
2012-01-26,65.40113830566406,66.00410686245115,65.04596642738812,65.96280531545553,52755700
2012-01-27,65.8471908569336,65.89674768873464,65.06250531026102,65.08729002789498,52203500
2012-01-30,65.33509826660156,65.60767351914306,64.85602775638954,65.31858141875139,46332400
2012-01-31,65.26901245117188,65.92979973748389,64.9055851152614,65.79764606126224,52024000
2012-02-01,66.67317199707031,66.82184879495212,65.6406959844837,65.88023117561181,67292200
2012-02-02,67.05314636230469,67.34223848873486,66.68971265951492,66.93750951173263,46400100
2012-02-03,68.51510620117188,68.73812455057548,67.92866057772318,68.11863893826205,72738000
2012-02-06,68.29209899902344,68.49859421777934,68.03604694432099,68.20124059863213,34516000
2012-02-07,68.25081634521484,68.54817004675152,67.79653051912071,68.2342994959009,41623400
2012-02-08,68.39945983886719,68.72985337964083,67.67259909055132,68.39120456910402,46697400
2012-02-09,68.0608139038086,68.58117949884229,67.59826040649018,68.57291792699743,48712500
2012-02-10,67.1274642944336,67.4578579114542,66.97053221019273,67.31744267228402,42503000
2012-02-13,67.9947738647461,68.0856323032005,67.40832795400917,67.82131856453404,38574100
2012-02-14,67.68914794921875,67.8295695241374,67.20182212991214,67.6561142510756,49375200
2012-02-15,67.1274642944336,68.08560515361994,66.90445222644179,68.07734358021754,59836600
2012-02-16,68.3912582397461,68.47385511432496,67.13576305989191,67.16880307007098,61456800
2012-02-17,68.38297271728516,68.81248009574469,68.25081272284507,68.79596324730737,33292000
2012-02-21,67.92041015625,68.58945264876267,67.5900165457464,68.4903326750914,39889400
2012-02-22,67.3835220336914,68.02778611497752,67.31744205055077,67.70565407433446,42626900
2012-02-23,68.3912582397461,68.43255352616673,67.11924620567117,67.4909352921449,53177500
2012-02-24,68.25906372070312,68.58119578006496,68.11864847467041,68.41600211434816,37607700
2012-02-27,68.14341735839844,68.51510620511448,67.11094133781664,67.59826699469916,51807700
2012-02-28,67.96172332763672,68.60598757193574,67.5982896301406,68.18474175173138,47680600
2012-02-29,66.94576263427734,68.52338306887357,66.8796826417982,68.1847341354541,64213200
2012-03-01,67.29264831542969,68.03603220222075,67.20178993472564,67.21830677588429,69526300
2012-03-02,66.28495788574219,67.43307067083943,65.9463027396248,67.25135389016506,70789500
2012-03-05,66.35929107666016,66.40885420732147,65.5993902916729,66.07019907169034,44334800
2012-03-06,65.03775024414062,65.76461764742663,64.76518126964407,65.59941764589085,80769300
2012-03-07,65.64900207519531,65.71507579548955,65.07081133502204,65.17819294625846,57456300
2012-03-08,66.49972534179688,66.64840215881365,65.54158445396999,66.07847330996027,43803100
2012-03-09,67.40005493164062,67.85434704676614,66.45843700368553,66.5079938519772,61462900
2012-03-12,67.26789855957031,67.6726275085677,66.94576645501837,67.51568909290665,34084200
2012-03-13,68.60594940185547,68.63072781258329,67.23482482714817,67.77996876835668,60998100
2012-03-14,68.0443115234375,68.74640040463179,67.738702590985,68.52338200889824,46707700
2012-03-15,68.6142578125,68.65555939306249,67.7552366110388,67.9369534827355,58740500
2012-03-16,68.55643463134766,68.77944676642073,68.267342492647,68.7381514904555,42045800
2012-03-19,69.13459014892578,69.70451891508664,68.34991091291496,68.46554772029059,66822800
2012-03-20,68.51510620117188,68.80420452830496,68.20949733220671,68.6555277292804,43829100
2012-03-21,68.49858856201172,68.91157896542389,68.25905337182465,68.72160060709157,40504700
2012-03-22,67.83781433105469,68.11038956169692,67.41656857649996,67.8047743362737,60102900
2012-03-23,68.50143432617188,68.59257123422732,67.31666084250182,67.9380454041249,46464800
2012-03-26,69.92650604248047,69.97621480513082,69.28026684381284,69.37968436911356,56454000
2012-03-27,69.43765258789062,70.14189349270917,69.38794384488725,69.94304587859416,41730700
2012-03-28,69.03169250488281,69.61164898906908,68.44344912205058,69.42938146621883,48836000
2012-03-29,68.8328628540039,68.94885417050521,67.95463475914056,68.54288456275063,45615600
2012-03-30,68.60914611816406,69.26367201895941,68.37716353480396,69.25538512068188,45904700
2012-04-02,69.45423889160156,69.47909326757951,68.25289137723482,68.38545647718641,52756800
2012-04-03,68.9902572631836,69.5950743813314,68.70856594860172,69.31338306674951,52012300
2012-04-04,67.88835144042969,68.2943210058374,67.48237555396994,68.24461225282275,65172400
2012-04-05,67.5900650024414,67.93803880610359,67.45749994139865,67.60663247454673,31978700
2012-04-09,66.47986602783203,66.75327677186897,66.15674653798878,66.35558784226515,50062200
2012-04-10,64.91400909423828,66.41362231085498,64.74002207771342,66.21477458820868,101228600
2012-04-11,65.8336410522461,65.92477798631167,65.32824762553784,65.46081273728866,54346800
2012-04-12,66.77816009521484,67.03500347568308,65.81708810701478,65.89993815962713,60728700
2012-04-13,65.89993286132812,66.62074153531614,65.80879591446573,66.59588083258276,53965200
2012-04-16,66.00762176513672,66.44673259435534,65.35309581026395,66.18989561599392,44725900
2012-04-17,66.96043395996094,67.5652513536392,66.50474918930924,66.55446427768732,46737700
2012-04-18,66.45503234863281,66.83614760094416,66.14019965873729,66.62073875467236,49008100
2012-04-19,66.07390594482422,67.10126020466737,65.65964948122031,66.5461580604906,74260400
2012-04-20,66.45503234863281,67.08470404947694,66.33075412436642,66.51302801048338,46632000
2012-04-23,65.53536987304688,65.58508494592895,64.88084391605753,65.43595236938643,62477000
2012-04-24,66.03248596191406,66.22304674007538,65.3365380508264,65.56023378766093,44810200
2012-04-25,67.05982971191406,67.41609047755999,66.72013642141509,66.9024102532876,50263300
2012-04-26,67.72261810302734,67.83032878641778,66.96038802865412,67.06809239099508,43147600
2012-04-27,68.2529067993164,68.37718502833933,67.13441538021668,67.92150661665967,46796400
2012-04-30,67.49895477294922,68.2363308334588,67.46581349459399,68.22804393360686,38093600
2012-05-01,67.56521606445312,68.74170263104499,67.34980098346924,67.57349664064635,60493600
2012-05-02,67.74749755859375,67.78892573232442,66.7532845995762,67.03498227463068,52095800
2012-05-03,66.79471588134766,67.73922013267882,66.42188126357875,67.65637010241423,61487800
2012-05-04,65.52706909179688,66.73670324584765,65.40279723854897,66.3390143523028,75093300
2012-05-07,65.70106506347656,65.94961510136963,65.1376761281145,65.25366741000809,47361400
2012-05-08,65.65965270996094,65.70108088677931,64.59915712235454,65.19568747064622,62939600
2012-05-09,65.28682708740234,65.6679423098041,64.59915977867517,64.83114240787168,64431000
2012-05-10,65.53536987304688,65.90820447492914,65.14596779423849,65.71764372449351,45697800
2012-05-11,65.36968994140625,65.91650534301276,64.97200084119385,64.99685522475954,44862900
2012-05-14,64.49977111816406,65.00516483069823,64.30092965913528,64.69861257719285,51220200
2012-05-15,64.38375091552734,65.02999010883985,64.18490954552038,64.48317476105741,54317800
2012-05-16,63.919769287109375,64.94712347766075,63.87834111512238,64.60743648736339,52659400
2012-05-17,62.46989440917969,64.08549256554183,62.43675312378587,63.9777881288023,71665100
2012-05-18,61.88161849975586,62.892405052722076,61.71591215932255,62.461574888646034,77636200
2012-05-21,63.33982849121094,63.33982849121094,61.64966720900247,62.08049127051461,61384400
2012-05-22,62.95869445800781,63.82034864563021,62.52787052472255,63.31495526326465,59678300
2012-05-23,63.36466598510742,63.49722475507247,61.88162721488038,62.345592391335245,66981800
2012-05-24,63.497230529785156,63.580080558679484,62.594154469048505,63.32324357279145,54576500
2012-05-25,63.45579147338867,63.70434783850114,63.19066763375913,63.54692838585985,33847700
2012-05-29,64.37543487548828,64.54942810667178,63.596637228375556,64.06888921903712,51160000
2012-05-30,63.140995025634766,63.82866255109692,63.05814496353133,63.7126711999412,47891500
2012-05-31,63.058101654052734,63.455784207435244,62.196447693657,63.1906603981635,59563900
2012-06-01,61.16082763671875,62.146760100915515,61.06969070367271,61.641366679861065,76127100
2012-06-04,61.01995849609375,61.59991482799039,60.43171526772718,61.38449976712167,50123200
2012-06-05,61.80706024169922,61.86505589107449,60.65542783192472,60.696856004786355,48270600
2012-06-06,63.331512451171875,63.3895080870006,62.16330651670023,62.295871582051724,48638400
2012-06-07,62.91727828979492,64.39203039609,62.91727828979492,64.3423216395797,57907100
2012-06-08,63.77065658569336,63.845219733238814,62.42846304039334,62.88414779001624,50420100
2012-06-11,62.36217498779297,64.50802709129233,62.21304238476578,64.4500314301736,52803000
2012-06-12,63.14924240112305,63.1823836694312,61.95618202623195,62.50300347174057,56599400
2012-06-13,62.420166015625,63.414385402358924,62.13847463140119,63.04155076193901,62715800
2012-06-14,63.13266372680664,63.356365690333696,62.271016101595364,62.45328358162652,53619000
2012-06-15,63.97775650024414,64.06060651224337,63.04981993112093,63.25694812164435,57935000
2012-06-18,64.05233764648438,64.29260717365734,63.25696592949066,63.464094178324,45656600
2012-06-19,65.16252899169922,65.51878972671315,64.24287933436212,64.33401624246223,66897000
2012-06-20,65.06312561035156,65.51881029389736,64.60744724785839,65.17911692597184,54642300
2012-06-21,63.48066711425781,65.06312362686519,63.37295638085646,64.93056483636286,62486400
2012-06-22,64.20146179199219,64.40859001357525,63.5055140015779,63.85348789678505,41001200
2012-06-25,63.19898986816406,64.29262710825559,62.96700716891048,63.298413734010374,48620100
2012-06-26,63.44623565673828,63.76263828549442,62.79678699079081,63.354646090776875,42495600
2012-06-27,64.47869873046875,64.49534849135783,63.5794591837549,63.63774287553565,38510400
2012-06-28,64.37046813964844,64.42043013891879,63.379645147125494,63.92917631951968,58183700
2012-06-29,66.24386596679688,66.38541752115067,65.41123816388613,65.72764079455766,71660200
2012-07-02,67.0099105834961,67.03488840947085,66.01075307736889,66.54363453965749,53370400
2012-07-03,67.88414001464844,67.94242370354304,66.9682507523994,67.07649007393347,32322500
2012-07-05,67.80923461914062,68.14228077778296,67.46785404834945,67.959107931509,42819900
2012-07-06,67.0515365600586,67.30132751868257,66.7351401845898,67.251365515489,38530600
2012-07-09,66.79340362548828,67.05151621261106,66.49365710707976,66.95992664573923,34636100
2012-07-10,66.05237579345703,67.40955704443388,65.76095728587882,67.28466158334406,49990800
2012-07-11,65.82757568359375,66.31882956683982,65.40293992551548,66.10234448172554,40171300
2012-07-12,65.60276794433594,65.86088061933819,64.60361042530958,65.31134938345465,55502600
2012-07-13,66.4187240600586,66.68516473104087,65.794253141902,65.83588707742445,42114800
2012-07-16,66.15226745605469,66.51029761699608,65.86917709051481,66.29381899126977,31922600
2012-07-17,66.38542938232422,66.73513159744145,65.4861896699252,66.5935863702436,43662500
2012-07-18,66.79340362548828,67.20138947181533,66.23554451995697,66.2771720987967,46045000
2012-07-19,66.56861877441406,67.22639578235095,66.4520513403441,67.06820075179813,49405400
2012-07-20,65.7193374633789,66.16062934855715,65.6194198025571,66.0523899803365,42314300
2012-07-23,64.67021942138672,64.96996602898452,64.2622334536639,64.53700223603654,47367200
2012-07-24,63.82094955444336,64.92834652870695,63.462919192555454,64.9033623479205,55609200
2012-07-25,63.96247100830078,64.42874057024514,63.671052532085554,64.11234427498952,37217500
2012-07-26,64.51202392578125,65.0948610181461,64.11235966783973,64.92833794959839,44745100
2012-07-27,66.04407501220703,66.37712759518463,64.43710217535605,64.80346065187636,67297100
2012-07-30,65.81922912597656,66.53528953123863,65.56111019225455,66.21055884994668,34785200
2012-07-31,65.23644256591797,66.16898878511417,65.23644256591797,65.55284546566473,48933500
2012-08-01,64.16232299804688,65.77762363658972,64.1456732301783,65.7026901525082,63601100
2012-08-02,63.929195404052734,64.37048735591866,63.487903452186806,63.50455322194901,43374800
2012-08-03,65.45286560058594,65.79423966263529,64.65354375139617,64.89500655257517,52414100
2012-08-06,65.96077728271484,66.30215138753665,65.43621768763927,65.52780725654307,34662800
2012-08-07,66.5602798461914,67.08483316379441,66.31048892212497,66.48534002799265,50064000
2012-08-08,66.46038055419922,66.76845526527362,66.2272456820127,66.27720133963871,28011700
2012-08-09,66.77676391601562,66.93496527082914,66.35212820432818,66.41041191097827,24045900
2012-08-10,66.54365539550781,66.65190114525521,66.1939530173626,66.41875987404164,26068400
2012-08-13,66.43538665771484,66.61856582797272,65.68602021231777,66.44371471612128,31544800
2012-08-14,66.27718353271484,66.95993819744393,66.00241478469717,66.86002690903541,26052900
2012-08-15,66.86004638671875,66.86004638671875,66.03573990252856,66.09402362189513,27061400
2012-08-16,67.55945587158203,67.6926794411024,66.46871489404407,66.76013351180809,46037700
2012-08-17,68.0340347290039,68.15893020245139,67.43454153841408,67.62604877802659,33453500
2012-08-20,67.88414001464844,67.99238568862818,67.42619855974675,67.93409564728792,32657000
2012-08-21,67.84253692626953,68.86666587971564,67.6010740272791,68.217217011199,43743800
2012-08-22,67.517822265625,67.85920289994155,67.26803760016239,67.66769560588236,37611400
2012-08-23,67.0431900024414,67.49280979243812,66.77674935123368,67.49280979243812,32208500
2012-08-24,67.22636413574219,67.50113282346715,66.70181092935923,66.89331175841912,25676100
2012-08-27,67.42623901367188,67.78426941810322,67.0931864405463,67.63439607781918,23628400
2012-08-28,67.73429107666016,67.86751461477854,67.23471551361206,67.41789470230088,28505600
2012-08-29,67.94242858886719,68.24217511114827,67.55942055538493,67.8758168389278,30858800
2012-08-30,67.26801300048828,67.6510210960925,67.14311753720607,67.59273739355376,24562900
2012-08-31,67.54278564453125,67.88415982124667,66.89333046849794,67.84253223271662,34088500
2012-09-04,68.36710357666016,68.60856652248657,67.0682055876828,67.59275907882,69560700
2012-09-05,68.38372802734375,68.70013069901474,68.15059322871049,68.44201172700207,35103700
2012-09-06,69.64098358154297,69.89077444422038,68.70843822698555,68.75840021098834,46332500
2012-09-07,70.15723419189453,70.2738015989355,69.69095821128337,69.82418173501435,32012900
2012-09-10,69.8408203125,70.3154179229902,69.76588685673923,70.09061120326169,30671300
2012-09-11,69.99069213867188,70.407006046425,69.79919129847525,69.84914693462288,33164100
2012-09-12,70.3487548828125,70.4819784440704,69.8575072936843,70.3487548828125,29751700
2012-09-13,71.2729721069336,71.73092015442701,70.09896965714437,70.47364980331244,69437600
2012-09-14,71.9390869140625,72.40535673267208,71.46448903370637,71.48946686649619,46040200
2012-09-17,71.60600280761719,71.78918197072588,71.24797253948122,71.58935304390143,30183000
2012-09-18,71.37287139892578,71.52274468929124,71.07312481819486,71.38952116343424,32991100
2012-09-19,71.24797821044922,71.63098633086781,71.11476103277853,71.55605285951196,29342000
2012-09-20,70.93159484863281,71.10644599960729,70.44866899216119,70.8899608997323,34939800
2012-09-21,71.189697265625,71.67262305236525,71.16471944087081,71.63931716854374,38826000
2012-09-24,70.95735931396484,71.4087321407812,70.7149550341627,70.95735931396484,54635300
2012-09-25,69.93756103515625,71.47557218112395,69.86233545236782,71.40870074494902,74752200
2012-09-26,69.49453735351562,70.15487832701174,69.24377269824011,70.08800690197693,42167400
2012-09-27,70.24683380126953,70.50595263444545,69.43603520779675,69.7871006676888,33252800
2012-09-28,69.7453384399414,70.21342590526822,69.5948808436273,70.02953257897171,43944300
2012-10-01,69.97935485839844,70.66477111247384,69.63664354275527,70.17996278277855,43705600
2012-10-02,70.11309051513672,70.41400558673391,69.68679947804976,70.33878000744004,25792500
2012-10-03,69.91246795654297,70.39727617897542,69.51960634102734,70.16323258944514,38568500
2012-10-04,70.38892364501953,70.43071988098276,69.54468942080207,70.17995521962384,43327200
2012-10-05,70.30534362792969,71.25823921993138,70.07965413775462,70.69820532198861,40981400
2012-10-08,69.86236572265625,70.12984520603958,69.70354758723012,69.89580145523091,21062200
2012-10-09,69.04320526123047,69.96266557404849,68.90946870999827,69.8958004870393,45221200
2012-10-10,68.93449401855469,69.23540901253587,68.69208991911378,69.10166618089569,32465600
2012-10-11,69.18527221679688,69.74531251430795,69.04317520010183,69.46111210370682,38978500
2012-10-12,68.62523651123047,69.39423886332762,68.46642482849553,69.16019522375117,31847100
2012-10-15,69.07662200927734,69.07662200927734,68.34105523661871,68.82585727596468,34413700
2012-10-16,69.58646392822266,69.67841051686304,69.27718845941337,69.44436697385417,29234800
2012-10-17,70.21338653564453,70.33876885847158,69.58648129871914,69.72857828855852,35466500
2012-10-18,69.82892608642578,70.33880981956082,69.75369409803503,70.16327701626716,31431700
2012-10-19,68.41624450683594,69.27719318905733,68.0986148735258,69.25211800448136,53565500
2012-10-22,68.39955139160156,68.51657320796204,67.998329180358,68.24073333630776,30682000
2012-10-23,68.05683898925781,68.14878561165742,67.22932576487197,67.83115588341099,40737600
2012-10-24,67.87298583984375,68.41630537210897,67.6305879218255,68.29092296047632,24472200
2012-10-25,68.1487808227539,68.65866428306313,67.59710750433369,68.44133533837146,27794000
2012-10-26,67.82280731201172,68.45807325766135,67.25441280847504,68.07357203132945,41402800
2012-10-31,68.23236846923828,68.2490895146314,67.6054631884129,67.83951318344435,24879800
2012-11-01,68.95124816894531,69.13514147915274,68.14044932514686,68.39121408946842,77113300
2012-11-02,67.86458587646484,69.33571895639636,67.84786483168718,69.28556857648348,39322100
2012-11-05,68.31595611572266,68.40789635004862,67.63889412375809,67.85622305804362,26861600
2012-11-06,68.82583618164062,69.01808993521838,68.51656699951612,68.5667173799233,27342500
2012-11-07,67.15408325195312,68.01503843333501,66.79466371917522,68.01503843333501,65095500
2012-11-08,66.20956420898438,67.2878421970345,66.1594138207252,67.01200230718678,42653100
2012-11-09,66.3516845703125,66.8448536114698,65.78328992030139,65.92539336571419,33030000
2012-11-12,66.15938568115234,66.58568293167168,66.0590785700865,66.50209048384593,20155100
2012-11-13,65.78325653076172,66.5021084108269,65.6829557698662,65.8584884786435,34408200
2012-11-14,64.5628662109375,66.11759140357915,64.41240872851384,65.93369821648261,54653100
2012-11-15,64.22854614257812,64.77186544225738,63.76881933301232,64.43751461343848,55966400
2012-11-16,64.76350402832031,64.93067623536663,63.635069310519455,64.17838854923636,62748300
2012-11-19,66.13434600830078,66.18449640215758,65.38205821438957,65.46564432988819,45621100
2012-11-20,66.2513427734375,66.32656833575452,65.73309884993017,66.01729918772755,36928500
2012-11-21,66.6024169921875,66.6442132282731,66.14268390408697,66.37673389807196,19254500
2012-11-23,67.26275634765625,67.33798191812835,66.75287289042272,66.7863086030359,20093300
2012-11-26,67.48009490966797,67.53024529713116,66.92841513872882,67.16245878317173,31180700
2012-11-27,67.3965072631836,67.89803668264331,67.34635687212221,67.43830350720906,39942000
2012-11-28,67.96491241455078,67.96491241455078,66.56064384947784,67.13739894607231,51316900
2012-11-29,68.74227142333984,68.88437484061349,68.22403365906548,68.49986721412256,53043500
2012-11-30,68.6085205078125,68.8843603821845,68.31596596402892,68.87599985887331,35722500
2012-12-03,68.53329467773438,69.17692110879443,68.33268674081171,69.13512486571368,24959800
2012-12-04,68.61688232421875,68.80913611860225,68.09028408654275,68.60016765293871,37225000
2012-12-05,68.53329467773438,68.96795264781336,68.04013217088047,68.94287745284944,40376100
2012-12-06,68.64196014404297,68.80077183276063,68.21566271177741,68.52493831984633,31829500
2012-12-07,68.69209289550781,69.00136842416956,68.3995384101302,68.9595721931687,24123400
2012-12-10,68.99299621582031,69.0933033269057,68.71715644324179,68.85089925802231,29173000
2012-12-11,69.72025299072266,69.84562898821473,69.31067014154024,69.46948824131353,40262100
2012-12-12,69.32737731933594,70.04622932143013,69.18527392192757,69.93756164239954,40570000
2012-12-13,68.88439178466797,69.55308727855436,68.63362698870203,69.36083979523232,33439300
2012-12-14,68.8425521850586,69.21869276498698,68.64194430091077,68.72553038787156,28508000
2012-12-17,69.81217193603516,69.82053245905138,68.97629819630805,69.11004105572545,35849400
2012-12-18,70.76506805419922,70.85700829098417,69.78709101236284,69.97098424035276,53500700
2012-12-19,70.92273712158203,71.25997750489563,70.61921563064139,70.88901179676107,49010900
2012-12-20,71.27685546875,71.33587318908133,70.69510477373474,70.93960859580712,50304600
2012-12-21,70.98174285888672,70.98174285888672,70.04588615841902,70.20607338373861,54923200
2012-12-24,70.63604736328125,70.79624098521798,70.40840955061184,70.72879036203983,10103000
2012-12-26,70.13021850585938,70.83000462702516,70.04590839748434,70.79627929718536,24671600
2012-12-27,70.07964324951172,70.34100655072218,69.1775114591774,70.19767870376482,35567700
2012-12-28,69.58219909667969,70.29041821891599,69.57376615538713,69.7171004275626,34262200
2012-12-31,71.09136199951172,71.18410504077089,69.43042662916822,69.69179630564788,67461100
2013-01-02,73.18228912353516,73.27503216716977,72.54152075818202,72.79445106881847,116410600
2013-01-03,73.01367950439453,73.58699734757938,72.81976686428132,73.22445802861763,45872900
2013-01-04,73.55325317382812,73.7218798094891,73.06425201153237,73.35934058337854,29852500
2013-01-07,73.2750244140625,73.40991927897257,73.03052063693713,73.18228138024088,23693400
2013-01-08,73.22444915771484,73.35935048445081,72.83661749202287,73.2497415483655,23760000
2013-01-09,73.57854461669922,73.6459952700979,73.31718137533979,73.36776614916462,27425500
2013-01-10,73.74717712402344,73.93266321941924,73.30875427446082,73.86521256064825,39753000
2013-01-11,73.63756561279297,73.80619225380639,73.3509099717431,73.68815682132131,27322400
2013-01-14,73.67971801757812,73.78932050117798,73.3930623993409,73.48580543640544,24351900
2013-01-15,74.00009155273438,74.1012675191613,73.15697779651913,73.20756899595634,34704100
2013-01-16,73.78089141845703,73.9832369320576,73.60383829000055,73.8314761887452,20881400
2013-01-17,74.46381378173828,74.62400746905529,74.05068980294232,74.11814045364927,34219400
2013-01-18,74.67461395263672,74.71677222969818,74.28678224698109,74.48069488358392,23256900
2013-01-22,75.21417999267578,75.2563382549075,74.51439400729443,74.73360539249354,31589000
2013-01-23,75.03712463378906,75.28162839606253,74.96124748297015,75.23947013508702,32818900
2013-01-24,75.2816390991211,75.75378081342488,74.97811758779768,75.16360367054514,39814600
2013-01-25,75.82965087890625,75.82965087890625,75.28162566831917,75.65259776762993,34620300
2013-01-28,75.88024139404297,76.07416039677143,75.35750852653614,75.88867433306102,42633600
2013-01-29,75.92241668701172,76.01515973967032,75.58516980756671,75.84653308372322,37055100
2013-01-30,75.01182556152344,75.89709107104424,74.77575475898456,75.85493924627484,39299300
2013-01-31,75.52616119384766,75.61047131576362,74.83480790221678,74.92755096605933,36924200
2013-02-01,76.19219207763672,76.47041472711372,75.75376932446231,75.84651235177046,33925100
2013-02-04,75.27317810058594,76.03198159604467,75.16357565274868,75.72846019786118,27006300
2013-02-05,75.94770812988281,76.20063846197449,75.5345776523029,75.63575364460904,26551000
2013-02-06,76.2680892944336,76.31867407447547,75.51771837238314,75.58516903407174,24297800
2013-02-07,76.01514434814453,76.34395822010174,75.50084440842728,76.20905692265883,30206500
2013-02-08,76.55474853515625,76.60533331331149,76.08260035339475,76.11632568298121,25189600
2013-02-11,76.47044372558594,76.51260200214834,76.09947790812629,76.47887666738839,15722100
2013-02-12,76.80767059326172,76.92570601788832,76.45356431938194,76.50414909209385,19792700
2013-02-13,77.12805938720703,77.18707710060198,76.70650245368643,76.88355559387128,22591300
2013-02-14,77.32197570800781,77.46530352853792,76.8582669182136,76.87512636609124,22359300
2013-02-15,77.34727478027344,77.59177860654486,77.1196368357858,77.28825705892855,29339100
2013-02-19,78.03019714355469,78.03862365152925,77.45687941129195,77.46530591926651,21162300
2013-02-20,76.58003997802734,78.13979946554774,76.50415637928319,78.09764119597334,41753800
2013-02-21,75.83805847167969,76.57156954899274,75.34905751925,76.52941130005857,45067400
2013-02-22,76.74864196777344,76.74864196777344,76.19219024972176,76.22591557088357,24762300
2013-02-25,75.05398559570312,77.17020297698627,75.01183376632314,77.14491059286877,53492800
2013-02-26,75.34910583496094,75.69477925458189,74.86009813652174,75.38283116924465,47522800
2013-02-27,76.1416244506836,76.59690678956785,75.29851043773854,75.34066871136557,41192300
2013-02-28,76.28492736816406,76.76550190072689,76.03199069525867,76.13316665091018,31208800
2013-03-01,76.63062286376953,76.77395068486602,75.21419123585156,75.77907601248972,49278200
2013-03-04,76.83293914794922,76.8666644634458,76.04884325188064,76.44510766840779,27577000
2013-03-05,77.72667694091797,77.861571827753,77.22923636661946,77.23766930718695,35612300
2013-03-06,77.92904663085938,78.0723745026668,77.66768328433398,77.96277197112894,28483000
2013-03-07,78.29997253417969,78.35899023655979,77.83625742087378,77.97115870199808,27907700
2013-03-08,79.02507781982422,79.04193726949734,78.34215110775023,78.91546888337628,38066100
2013-03-11,78.9997787475586,79.04193702028246,78.68783068621943,78.76370785818324,26716100
2013-03-12,78.8395767211914,79.04192224104301,78.5613476111154,78.81428433526597,21489000
2013-03-13,79.1346664428711,79.26956131394225,78.62036647998792,78.86487026828058,28662200
2013-03-14,79.92720794677734,79.93563445522129,79.14311168739465,79.27800657943888,24747300
2013-03-15,79.88504791259766,80.0621010727528,79.58152637163197,79.80073780287364,35361700
2013-03-18,79.44659423828125,79.76697507801872,78.97444626675978,79.03346395914421,36700800
2013-03-19,79.10936737060547,79.85130517991206,78.41801432961934,79.5983749058621,51516400
2013-03-20,79.84288024902344,79.8766055754355,79.47191452338731,79.55622462319333,27958600
2013-03-21,79.14310455322266,79.64897160957436,78.8648754208722,79.28643237324006,37122600
2013-03-22,79.38760375976562,79.56465689761228,79.20211768227439,79.46348091922208,33429900
2013-03-25,79.43324279785156,80.08426928339225,78.8667698978336,79.57698002292045,36680500
2013-03-26,79.6869125366211,79.8898270064267,79.2641702950475,79.76300304384769,26348000
2013-03-27,79.73764038085938,79.79682403728133,78.8329722323896,79.17962397038588,28461800
2013-03-28,79.83908081054688,80.03354503316227,79.59388959530708,79.70380022950431,24160700
2013-04-01,78.76532745361328,79.87290992044436,78.3848556146282,79.70380917516191,59660300
2013-04-02,78.27495574951172,79.40790187155115,78.20731544208212,79.28953455881673,47917200
2013-04-03,77.0489501953125,78.61310066636338,76.87139933952129,78.57928053423211,65441400
2013-04-04,77.70848846435547,77.73385196889309,76.9052742676314,77.158922214078,37706300
2013-04-05,77.55628204345703,77.57318889217419,76.44869316173994,76.53324030639307,46418300
2013-04-08,78.19886779785156,78.22423130342531,77.218109029299,77.77612550352785,28886500
2013-04-09,77.97057342529297,78.48631943211706,77.81838597327055,78.32567532983391,36828400
2013-04-10,79.3825454711914,79.56009645617839,78.16504563066887,78.21577909104752,50119600
2013-04-11,79.492431640625,79.95745058930646,79.26415371615714,79.3317940087896,32619000
2013-04-12,79.17115783691406,79.42480573436268,78.56240804346459,79.2218848361902,41931800
2013-04-15,76.18659210205078,78.75686519241114,75.91603737940935,78.68076824982236,100204000
2013-04-16,77.50553131103516,77.61544838005092,76.5078597453471,76.77841441821849,58061700
2013-04-17,76.1612548828125,76.9560060263617,75.44259425757237,76.87145885583975,77710600
2013-04-18,75.7385025024414,76.40643602660501,75.358030609912,76.22042840588416,58516600
2013-04-19,76.60933685302734,76.67697714861109,75.4256574824463,76.05977073984326,44931600
2013-04-22,76.82917785644531,76.99827217407284,75.41721385706299,76.6854405908737,49190300
2013-04-23,78.04664611816406,78.07200961262494,76.82069658198253,77.44635309730374,55313200
2013-04-24,78.45249938964844,78.51168304048677,77.72538227904377,78.02975718350777,41020800
2013-04-25,78.96824645996094,79.39098867179099,78.53704759774469,78.65541490101437,36543300
2013-04-26,78.54550170898438,78.9344237572312,78.20730666034635,78.70613935792358,32405600
2013-04-29,79.1119613647461,79.28951228396825,78.68921923787441,78.8921336526236,20791400
2013-04-30,79.56008911132812,79.59390926494657,78.77378827866981,79.12044001535781,30488500
2013-05-01,77.63235473632812,79.39096332418843,77.58162775127536,79.31486639607712,120177800
2013-05-02,78.86679077148438,79.0274348858557,77.92830248848232,78.07203330105948,38830300
2013-05-03,80.11809539794922,80.71838848680393,79.77144373296547,79.92363116750141,51981000
2013-05-06,80.63382720947266,80.74373782882813,80.10116805671146,80.17726498590547,26893800
2013-05-07,81.29334259033203,81.31024944347459,80.43094471774904,80.7522329822756,29920800
2013-05-08,81.53003692626953,81.56385706636813,80.89592381311817,81.10729485083529,37669300
2013-05-09,81.25103759765625,81.59768924691924,80.9551193912934,81.42013832310154,32331100
2013-05-10,81.86824798583984,81.9527951274565,81.2256780985931,81.34404538696309,39288900
2013-05-13,81.8090591430664,82.11343399397148,81.53004778798123,81.79214584549777,22522300
2013-05-14,82.85746002197266,82.8828235184655,81.9527920940398,81.96124874304847,33539600
2013-05-15,83.02655029296875,83.42392892027189,82.59535797232877,82.68836175533728,34000200
2013-05-16,82.815185546875,83.33093149178468,82.60381446947048,82.88282583977245,42053300
2013-05-17,83.7452163696289,83.76212321615759,82.82363519576109,83.19565032472052,35675100
2013-05-20,83.88050079345703,84.2102391707853,83.49157877021172,83.5000354197809,25027400
2013-05-21,83.89741516113281,84.1679698959899,83.60149047724506,83.87204521210215,23596700
2013-05-22,82.6714859008789,84.8697446437612,82.10501274819869,84.04962997298058,68650700
2013-05-23,82.77290344238281,82.79826693598268,81.5976809350172,81.71604820550492,44524500
2013-05-24,82.75602722167969,82.81521088343833,81.76681182491309,82.26565107448045,33332500
2013-05-28,83.82977294921875,84.6329804857593,83.26329999395189,83.87204329556988,46121100
2013-05-29,83.05193328857422,83.85514086745486,82.32481620745678,83.32248803151091,40491500
2013-05-30,83.6099624633789,83.8128769391086,83.11957990070847,83.28022402136754,30620300
2013-05-31,82.6883773803711,83.71986293591215,82.66300742977516,83.17875343281274,38953700
2013-06-03,83.47466278076172,83.56766011370462,82.03733568647462,82.975823719343,87088500
2013-06-04,82.5869140625,83.87204747511284,81.94434413092665,83.43239843805773,68206900
2013-06-05,81.53003692626953,82.61225560729605,81.2933023961115,82.48543169455935,58967500
2013-06-06,82.3924560546875,82.3924560546875,80.93822823709706,81.47088111182606,46335300
2013-06-07,83.02655029296875,83.23792135425485,82.24024968696312,82.77290888974515,44757500
2013-06-10,83.53384399414062,83.53384399414062,82.69680996716811,83.39856342191095,32136500
2013-06-11,82.62920379638672,83.25486052609116,81.8936299523115,82.5869269907772,43461300
2013-06-12,81.8090591430664,83.26329310838337,81.69914206046938,83.13646917875074,58446900
2013-06-13,83.25484466552734,83.44930245300195,81.47932882726778,81.78370370817326,47768600
2013-06-14,82.61226654052734,83.39856716291843,82.36707533026205,83.09419231228104,37838400
2013-06-17,83.15341186523438,83.58461083162054,82.6545790310223,83.3563263697837,33308600
2013-06-18,84.13416290283203,84.37935417752968,83.13649095257786,83.29712861835343,40520200
2013-06-19,83.10266876220703,84.29479850247868,82.99275810405092,84.13416084064046,43193500
2013-06-20,80.90441131591797,83.03502935044271,80.56621623648407,81.76680264046654,76262300
2013-06-21,81.14115905761719,81.31871005166128,80.00820632588514,80.86214758817545,66115300
2013-06-24,80.0758285522461,80.76066886748927,79.33180458569221,80.24492930637257,58774600
2013-06-25,80.8452377319336,81.03123892078506,80.21112429795215,80.81986777612458,32418400
2013-06-26,81.22569274902344,81.69916198790166,80.87059081986477,81.60615818018849,33752300
2013-06-27,82.48542785644531,82.63761525454152,81.682220530707,81.71604066923192,40852300
2013-06-28,82.01200866699219,82.82367313334349,81.8851846830701,82.35020380727251,46135800
2013-07-01,83.34786987304688,83.78751900812192,82.55311231866028,82.56156897045076,37805800
2013-07-02,83.28839111328125,83.9422632622041,82.75339833082444,83.35632773308411,36848900
2013-07-03,83.45826721191406,83.76397567252,82.87232491595337,82.99121729845199,19153600
2013-07-05,84.63861083984375,84.70654747041974,83.48371403522677,84.39234541310107,29427500
2013-07-08,84.9782943725586,85.29249645523662,84.82544018082255,85.02924361020587,30905300
2013-07-09,85.76802062988281,85.93785570297933,85.1735913952522,85.51326154144526,36010700
2013-07-10,86.00579833984375,86.09071588233199,85.54723583585535,85.80199494211331,36061100
2013-07-11,87.016357421875,87.11825590808247,86.56628849767228,86.97389540009196,34434200
2013-07-12,87.1946792602539,87.55983059040757,87.01635044489436,87.02484414432891,28584000
2013-07-15,87.95895385742188,88.04387141887719,87.33054964930434,87.42396091054357,30786600
2013-07-16,87.51734924316406,88.03535465476257,87.3135458533067,87.99289912455514,38630800
2013-07-17,87.8570556640625,88.27315628240218,87.67023312719301,88.00990987797434,28476600
2013-07-18,88.44295501708984,88.81659343088128,88.02685460048956,88.08629751714673,32034100
2013-07-19,88.5788803100586,88.5788803100586,88.09484296055868,88.3665831132815,22806600
2013-07-22,88.76564025878906,88.96095639270568,88.42596368781635,88.7231847366623,25854900
2013-07-23,88.7061996459961,89.1223000548665,88.52787089933734,89.08833822780075,26309700
2013-07-24,87.96742248535156,89.14780031163238,87.84004940948788,89.08835738329823,31809700
2013-07-25,88.774169921875,88.86758117870816,87.74665257550454,87.86553845169323,46093900
2013-07-26,88.41751861572266,88.45997415808625,87.77213347112466,88.28164533105158,23036800
2013-07-29,87.79759216308594,88.54487565681195,87.4664091902806,88.17972436900175,30360800
2013-07-30,87.87400817871094,88.20519109757352,87.55980617518813,88.0523369443452,26311000
2013-07-31,88.02688598632812,88.89305543484865,87.98442396837952,88.22219571978538,38330400
2013-08-01,89.22422790527344,89.4619996285983,88.10329943903218,88.893044936529,34487100
2013-08-02,89.30065155029297,89.40255000763923,88.79113334838932,88.92700659657511,22983000
2013-08-05,89.60638427734375,89.6997955479605,89.07989145618964,89.20727105055752,14985000
2013-08-06,88.7061996459961,89.43650202495586,88.44295337408917,89.35158449970767,24689300
2013-08-07,88.07783508300781,88.60432782347465,87.86553795119524,88.41751178966679,23362200
2013-08-08,88.44295501708984,88.82508712720146,87.9589179875122,88.57033454672438,27640300
2013-08-09,88.34957885742188,88.79964775913061,87.90799717660965,88.2561675972037,27686900
2013-08-12,88.81660461425781,88.85057292502361,87.74663197970249,87.74663197970249,18960800
2013-08-13,88.69776153564453,88.89307779703037,88.1288066332535,88.89307779703037,22812900
2013-08-14,88.34957885742188,88.85909069937904,88.3241042371432,88.72322389829459,23629000
2013-08-15,86.71063995361328,87.43244889700841,86.52381744334282,87.33054394264428,50044500
2013-08-16,86.34547424316406,86.93990351424327,86.23508208676168,86.45586639956645,36059500
2013-08-19,85.47083282470703,86.5153311616153,85.41987710375909,86.31152771420791,25184600
2013-08-20,86.7021484375,86.89746465191733,85.52177688793647,85.57272612700429,32450400
2013-08-21,86.17562866210938,87.04179784856795,85.77650913780673,86.3539574217099,41452900
2013-08-22,87.38999938964844,87.45792955178514,86.43890585299312,86.46438047364371,24006100
2013-08-23,87.61078643798828,87.67872308100056,86.99936960846759,87.62777383813878,20801100
2013-08-26,87.61925506591797,88.16273509691023,87.27108472920476,87.7721092295591,23376100
2013-08-27,85.56423950195312,86.94841449621735,85.39439790588747,86.56628224295991,47269300
2013-08-28,85.73406219482422,86.07373885893584,85.34343629867357,85.44534124154511,28927500
2013-08-29,86.59174346923828,86.92292643184808,85.6066818008036,85.67461842872187,27628600
2013-08-30,85.24153137207031,86.65968095909751,85.12264551142758,86.60872524825527,43334600
2013-09-03,85.81900024414062,86.93144174684905,85.02925456489046,86.49835373466799,37995800
2013-09-04,86.57477569580078,86.62573141768577,85.55575196122966,85.90392239913164,22580800
2013-09-05,86.71063995361328,87.0672975756964,86.48984912522144,86.64270331737052,22770200
2013-09-06,86.94841766357422,87.37301195101381,85.54725521926467,87.21166404857247,36792000
2013-09-09,88.2646484375,88.34107228720173,87.23713120359497,87.24561842325497,27358500
2013-09-10,89.13080596923828,89.14779336389171,88.48542102705619,88.80811673754361,25126300
2013-09-11,89.17327880859375,89.35160760135899,88.76566551170636,88.9864563174701,26412500
2013-09-12,88.51940155029297,89.18176749972011,88.49392693359096,89.0883627314106,32707600
2013-09-13,89.0034408569336,89.02042825434162,88.40051782482483,88.81661835820815,29478700
2013-09-16,89.19872283935547,90.08187928078965,89.03737501983835,90.05640467324301,28755900
2013-09-17,90.08191680908203,90.08191680908203,89.19875999972311,89.21574091889804,28901400
2013-09-18,90.93958282470703,91.38116442169819,89.38557297353921,90.05643258831141,46237100
2013-09-19,90.84617614746094,91.22830832864469,90.54046781099666,91.16886540093181,34775900
2013-09-20,90.51498413085938,91.10092617213834,90.48102229781665,91.0669578603026,49522500
2013-09-23,90.52351379394531,90.75279837023426,89.84416672370143,90.62541876993991,47759700
2013-09-24,90.82403564453125,91.46262220028906,90.07476309101591,90.64523218844367,45267000
2013-09-25,90.65377044677734,91.5137357023313,90.53456811385382,90.90920123331064,37106600
2013-09-26,91.15613555908203,91.50523279666143,90.56012380716707,90.89218842552553,29490600
2013-09-27,90.7474136352539,91.1475956060877,90.43237524424802,90.58563628635376,30296400
2013-09-30,90.77298736572266,90.96881701726143,89.60649978205764,89.76827718675217,45771700
2013-10-01,91.82879638671875,91.89691388285621,90.63676618848116,90.73042612165968,39344400
2013-10-02,91.45408630371094,91.74357567498227,90.97727072744564,91.18161654810991,30622900
2013-10-03,90.51752471923828,91.41154860575355,89.91299681823848,91.28382997967435,57799200
2013-10-04,91.12203979492188,91.37747701112781,90.38128356079352,90.54305440142157,25902800
2013-10-07,90.0577621459961,90.81555776831914,90.01519359159995,90.24508197425298,32924200
2013-10-08,88.60177612304688,90.2791316027122,88.48257378910478,90.11735422263077,61365000
2013-10-09,88.24415588378906,88.85720007840906,87.69922915435772,88.80611522753708,52604900
2013-10-10,90.37276458740234,90.5175093074959,89.33399613301229,89.41062989402762,53157800
2013-10-11,91.68405151367188,91.72662657273773,90.10887176886479,90.11738158384439,43197100
2013-10-14,92.14381408691406,92.25450012106339,91.04544407035966,91.15613010450899,38774800
2013-10-15,91.24125671386719,92.15230667190052,91.0369043242987,91.94795428233203,42263500
2013-10-16,92.37368774414062,92.46734764120357,91.64995749086832,91.87985232767355,34333600
2013-10-17,93.18256378173828,93.19958990040045,91.93093293879545,91.9564753648083,38967200
2013-10-18,94.24687957763672,94.31499055174899,93.51463301360396,93.84669756054446,39496400
2013-10-21,94.0595474243164,94.57893169791295,93.88925377131176,94.38309562096727,29198900
2013-10-22,94.30648040771484,94.92803445655103,93.9744158619444,94.4682512787059,38112600
2013-10-23,93.99148559570312,94.12772059874293,93.4635847029876,93.86376690436393,32275300
2013-10-24,94.4937973022461,94.73220194358188,93.94035424426555,94.05955656493344,24711800
2013-10-25,94.57893371582031,94.89396561253271,94.14469301144194,94.71516214509191,21321900
2013-10-28,94.53638458251953,94.7577631487917,94.05105889618017,94.62152818615019,22512200
2013-10-29,94.8088607788086,95.03875568521384,94.11067274135368,94.79183465420594,30026900
2013-10-30,93.51463317871094,94.91952514688397,93.25067960541668,94.85140767661194,46076600
2013-10-31,92.9697265625,93.81265932771817,92.71428924162618,93.46356208892666,47370000
2013-11-01,92.56953430175781,93.34434949692927,91.888372518188,93.15703617768577,117030400
2013-11-04,93.63385009765625,93.7871111816362,92.66319873113007,93.01228945261519,31960000
2013-11-05,93.3102798461914,93.5997758439682,92.68872580020735,93.27622760743125,26643500
2013-11-06,92.91011810302734,93.97442936315899,92.73131459085008,93.95739674521425,31773400
2013-11-07,91.34342193603516,93.49758625953035,91.22421962931485,93.33581541243193,60459700
2013-11-08,93.0037841796875,93.19961382675247,91.4371145229636,91.47968957460772,48147500
2013-11-11,93.1314697265625,93.31878950659733,92.50139941774998,92.84198024544612,19897700
2013-11-12,93.20812225341797,93.24218099264466,92.52696046096476,92.86754135719136,28075100
2013-11-13,94.10215759277344,94.127706524055,92.48440939784986,92.51846814351708,36465900
2013-11-14,94.00847625732422,94.17024713117256,93.43800055678662,94.05956111264058,33226800
2013-11-15,94.36608123779297,94.50230968109759,93.7956120453784,94.17024513649572,27518500
2013-11-18,93.70194244384766,94.86842313498113,93.44650520705297,94.78327955472916,35509600
2013-11-19,93.12299346923828,94.24690605837236,92.7994386431273,93.75306400507553,36081300
2013-11-20,93.08891296386719,93.82966937460981,92.68021461970176,93.59978102204413,43376700
2013-11-21,94.76628112792969,94.81736599180017,93.38693133906024,93.49761737612653,45585000
2013-11-22,95.23453521728516,95.33671139923818,94.59594869616429,94.75772602691374,28786400
2013-11-25,95.3537368774414,95.60065777681538,95.04721482966944,95.4729391742374,22968600
2013-11-26,96.06048583984375,96.23077305901232,95.27715423800271,95.35378153781626,30760700
2013-11-27,96.59688568115234,96.69906189891194,95.9072140753859,96.0775012756116,29099600
2013-11-29,96.64798736572266,97.20143056965678,96.59689600336316,97.0141107317676,15675500
2013-12-02,95.67729187011719,96.86080503245644,95.41333835825962,96.80971369362447,43155200
2013-12-03,95.217529296875,95.87314207268837,94.74071350933498,95.47296006187631,36930700
2013-12-04,94.96209716796875,95.71988618836023,93.97441979704804,94.7747773658873,40609500
2013-12-05,95.03022003173828,95.37931073138851,94.63855428518528,94.92804381679571,37926700
2013-12-06,95.77096557617188,96.29885968404398,95.5240446402799,95.89016789059713,36471900
2013-12-09,95.74542236328125,96.12006194297557,95.26861307715345,95.8986834189708,31236500
2013-12-10,94.87696075439453,95.85612838734336,94.71518336834795,95.55812254149987,34938800
2013-12-11,93.31880187988281,94.97913119903251,93.08039721769677,94.96209858256789,47181600
2013-12-12,93.52314758300781,93.8722447632651,93.11445573338541,93.40394525219796,37706200
2013-12-13,93.82966613769531,94.11064583361339,93.1655370353723,93.70195399958672,32980300
2013-12-16,94.945068359375,94.99615321448172,93.7870973393326,94.18727936044073,33991200
2013-12-17,94.8088607788086,94.97063819472034,94.18730654216924,94.89400439390477,32399800
2013-12-18,96.11152648925781,96.12855910096324,93.96587863307323,94.96207204858614,52979000
2013-12-19,95.39635467529297,96.086026343932,95.26863601546032,95.97534030329885,32871100
2013-12-20,97.0055923461914,97.2525133548486,95.4389226868591,95.44743899641028,48770500
2013-12-23,98.10560607910156,98.1397959562863,97.39618079988583,97.59277096343502,37049100
2013-12-24,98.48169708251953,98.66973816345624,98.1825437815079,98.21673366177393,17371200
2013-12-26,98.49022674560547,99.12272310307033,98.37910802640717,98.83211243868814,19670000
2013-12-27,98.43040466308594,98.9261415696178,98.10560409691949,98.69536805459884,20069700
2013-12-30,98.37059783935547,98.60992704865492,98.16546503815297,98.38769604340395,28917400
2013-12-31,98.60134887695312,98.90050214906327,98.43894859164236,98.60134887695312,38357200
2014-01-02,97.53296661376953,98.39624331262064,97.13124359981741,98.37059600702564,44247700
2014-01-03,98.02867889404297,98.20817084958922,97.53293548098075,97.89191939207326,26468000
2014-01-06,97.2337875366211,98.52442117148449,97.19104855965642,98.48168871557215,36198000
2014-01-07,98.04576873779297,98.43039993910112,97.53293365710061,97.60131340680675,28545300
2014-01-08,98.17398071289062,98.36202176707266,97.4987453460787,98.1056009620877,30763600
2014-01-09,98.1996078491211,98.62697145070003,97.57566064260446,98.50731016394201,29872800
2014-01-10,98.73809051513672,98.7466396136579,97.78080015441189,98.22525546174106,29174600
2014-01-13,97.38761901855469,98.71244226271115,96.80640426312219,98.55004852941967,45370800
2014-01-14,98.58424377441406,98.72955237159401,97.5927634961288,97.81499442029948,39125300
2014-01-15,99.3193130493164,99.39624189989509,98.7722880802867,98.84066783167842,31644100
2014-01-16,99.43896484375,99.47315471617605,99.00305864268329,99.19109968050095,23091900
2014-01-17,99.08854675292969,99.51591044866025,98.88341400487371,99.41334081410602,28722300
2014-01-21,99.67829895019531,99.89198077278711,98.96032463534002,99.77231947381983,29828700
2014-01-22,100.18258666992188,100.31934616887234,99.57573106569578,99.73813134043651,24011500
2014-01-23,99.50733947753906,99.81504179251753,98.85775149796322,99.76376024703815,36057500
2014-01-24,96.96881103515625,98.926137364124,96.7722274049883,98.88340491111231,53591900
2014-01-27,95.54996490478516,97.30215194349708,95.00293995873295,97.25087039263336,60368200
2014-01-28,96.55856323242188,96.57565491254137,95.54998455799134,95.66964588198708,43722200
2014-01-29,95.16532897949219,96.22519546570273,94.89181652006236,95.62688247747715,61904600
2014-01-30,96.58419036865234,97.13976444931963,95.76365289671926,96.01152461028012,40851600
2014-01-31,95.8662109375,96.58417869325672,95.02002626972067,95.08840601437885,49293400
2014-02-03,92.86611938476562,95.90039728700786,92.43875574886799,95.61834224331463,91686000
2014-02-04,93.5670166015625,93.97728213281776,92.6524584752002,93.32769395482141,53138100
2014-02-05,92.86611938476562,93.29348302066326,91.68659157621515,93.00287235730605,60644600
2014-02-06,93.60120391845703,93.99437775891104,93.03708067711896,93.06272145698836,57611700
2014-02-07,94.66104125976562,94.73796358079761,93.59263221620168,93.99435505994992,44068600
2014-02-10,94.90892791748047,94.95166037333563,93.9858207931182,94.69524607504766,38211600
2014-02-11,95.7551040649414,96.02006745694769,94.76362372897933,94.97730556667527,44394100
2014-02-12,96.1312026977539,96.59275632898101,95.70383894895696,95.90042262161371,42307500
2014-02-13,97.35342407226562,97.49872612328518,95.1824163201973,95.19950799400227,42082400
2014-02-14,97.49020385742188,97.61841426992295,96.7038562249589,97.13121991926084,32428200
2014-02-18,98.50730895996094,98.67825179008278,97.55856125436748,97.78079215036665,33630400
2014-02-19,97.49877166748047,98.84069366426492,97.42184931784969,98.20819710121495,44024300
2014-02-20,98.5500717163086,98.75520446618052,97.36200115334437,97.60986636053615,35919600
2014-02-21,98.85775756835938,99.24238222517495,98.63552665588406,98.82356769558999,34814100
2014-02-24,99.58427429199219,100.26805218326552,98.943228850832,99.01160207522332,43102800
2014-02-25,99.68684387207031,100.20822805313873,99.30221919078137,99.71249116906786,28474200
2014-02-26,100.30225372314453,100.95184833830876,99.5159061222391,99.75522873807535,40794800
2014-02-27,100.8492660522461,100.90909669869677,99.79795519017681,99.96889803116407,29906200
2014-02-28,100.44758605957031,101.46471400424939,99.83218765682048,100.82366829546258,47362700
2014-03-03,99.90908813476562,100.22533962943065,98.78939729533303,99.59283664010061,50892800
2014-03-04,102.42200469970703,103.06305036732775,101.0117029267307,101.0287946086036,112793900
2014-03-05,102.36215209960938,102.53309496592743,102.11428037871153,102.4476235327684,34691300
2014-03-06,102.34503936767578,102.78095209225668,102.07152690777338,102.66983989703274,35087600
2014-03-07,102.3108901977539,102.96903409566576,101.73822427592185,102.91775252686111,36931800
2014-03-10,101.96896362304688,102.20828620988901,101.27663011562339,102.0202451713555,32089000
2014-03-11,100.90911865234375,102.40489166008041,100.43902247682962,102.0630059037257,50359500
2014-03-12,101.21684265136719,101.23394085546566,99.93475122825765,100.33647425086731,37159100
2014-03-13,100.04582977294922,101.67835547114592,99.47315754484208,101.58433494956348,53542800
2014-03-14,100.4646987915039,100.74676050921123,99.67835084006691,99.6868934222604,46888100
2014-03-17,100.90911865234375,101.79803596518215,100.75526745356301,101.04587817172786,41561600
2014-03-18,102.37924194335938,102.4647133749869,100.94329972043928,101.04586935102367,41606600
2014-03-19,101.71255493164062,102.34505134649739,100.94329901030012,102.29376979209208,47423000
2014-03-20,101.84934997558594,102.17414413523427,100.99462232498607,101.48181682498581,33212900
2014-03-21,101.37921142578125,102.7895128563871,101.33647244989386,102.32795930522235,47110800
2014-03-24,100.22533416748047,101.90914814546359,99.31077613388715,101.77238863488212,66747000
2014-03-25,100.20134735107422,101.38391456027949,99.5243683385212,100.83547702517927,47699700
2014-03-26,98.28179931640625,100.84403110425202,98.2475211590373,100.80118177306834,69052500
2014-03-27,98.03328704833984,98.87307901671889,97.42486446858646,98.29893459414893,65234900
2014-03-28,97.93901062011719,99.40436731932957,97.6733631099228,98.10183021043716,50558000
2014-03-31,99.69573974609375,99.98710082656561,98.23038278324398,98.58172900706442,44599200
2014-04-01,101.0068588256836,101.1696719138935,99.9099773154945,99.94425547561515,47906600
2014-04-02,101.46102905273438,101.5295853703045,100.86974225500003,101.36676575054801,33856500
2014-04-03,100.43270111083984,101.49530438996572,99.9870981348023,101.46102623213359,38473500
2014-04-04,98.11040496826172,101.22108062320645,97.70764480615892,101.08396799870772,86345900
2014-04-07,96.6793441772461,97.89618952450611,96.04521451623455,97.6476777499996,68537700
2014-04-08,97.35630798339844,97.86189609071444,96.1480274618901,96.67075791671272,60087900
2014-04-09,98.76168060302734,98.76168060302734,97.26204553964081,97.69051270060838,42744900
2014-04-10,95.94237518310547,98.64171986597928,95.46249400851124,98.63314869132134,74860200
2014-04-11,94.6141357421875,96.18232081655056,94.14281917963322,95.15400209192977,70998200
2014-04-14,94.8797607421875,95.95092854945048,93.96284136068597,95.59101773530358,62657700
2014-04-15,95.24822998046875,95.73668217368598,93.11446582461332,95.14539553109564,76968000
2014-04-16,96.28515625,96.35371257575243,95.31682266583842,95.91667417144451,49353800
2014-04-17,96.7650146484375,97.1849171412882,95.73669615607439,95.96806552859475,50275100
2014-04-21,97.21920013427734,97.28775645189418,96.21658850621951,96.94498140170023,31970700
2014-04-22,98.22180938720703,98.56457786840659,97.23633365903407,97.37343974393595,40541900
2014-04-23,97.60482025146484,98.35034892482,97.49341460573407,98.10184372562829,33859500
2014-04-24,97.35630798339844,98.26465626455055,96.55935880947952,98.19609995030399,44318900
2014-04-25,95.64246368408203,97.01355762834208,95.29968856354411,96.97927946249912,58386300
2014-04-28,95.0854263305664,96.4393840536062,93.68005464317233,95.98520993410429,66050100
2014-04-29,95.32536315917969,95.95949920493942,95.03400865536258,95.47961158410916,34487600
2014-04-30,95.95951080322266,96.02806058200714,94.21992859152617,95.0168777936713,43929700
2014-05-01,95.92521667480469,96.63646709374903,94.72550748429178,95.76239708428183,78690900
2014-05-02,96.00234985351562,96.93641165258053,95.70242415212412,96.05376382007132,43450300
2014-05-05,95.88236999511719,96.13088170512876,94.71693892507842,95.22253351796799,28108400
2014-05-06,94.32273864746094,95.72811008600631,94.25418234853468,95.47103377186568,45354700
2014-05-07,94.38275909423828,94.64840667962682,92.91740198024215,94.4598865938649,64243800
2014-05-08,93.43155670166016,95.32538094345894,93.14020214348679,94.28849110272154,58520300
2014-05-09,94.28848266601562,94.31418964968478,92.78884759834193,93.14019380952699,48409900
2014-05-12,96.43080139160156,96.86783965021374,94.69979723971069,94.84547447995178,76291700
2014-05-13,95.48818969726562,96.70503483910058,95.41106221025052,96.30227467040693,58122800
2014-05-14,93.9371337890625,95.22253514970046,93.76574301824378,95.20539280367389,65720700
2014-05-15,93.30301666259766,93.5858065883718,92.06903555193992,93.46583629341744,75870500
2014-05-16,93.8943099975586,93.937159336389,92.57463012385426,93.34587245756344,44666200
2014-05-19,94.90547180175781,95.15398352826855,93.36298747786003,93.63720618678745,35336900
2014-05-20,93.4572525024414,94.69981115800239,92.90881507443169,94.67410417510973,89567900
2014-05-21,93.9371337890625,94.37416554439903,93.02021441332299,93.96284077021295,55278500
2014-05-22,94.91403198242188,95.16254368015043,93.93712753639316,94.22848202055764,41295000
2014-05-23,95.95094299316406,95.99378578917015,94.69981959049319,94.85406803947401,42643800
2014-05-27,97.33062744140625,97.55342571639925,96.53367805098364,96.58509203169099,46373900
2014-05-28,96.82501220703125,97.22777240521064,96.43082318312324,97.11637329124436,37055400
2014-05-29,97.1506576538086,97.33917773458364,96.57650662299244,97.11637949242473,25556800
2014-05-30,96.713623046875,97.20207542436867,96.26801346936682,97.11638328650665,38856000
2014-06-02,96.19088745117188,96.91928039155361,95.42821634986866,96.89357340533519,40369700
2014-06-03,95.95951080322266,96.2851435005921,95.21397556963845,95.66814972630036,31143700
2014-06-04,96.33655548095703,96.46509693759667,95.25682293612024,95.53104165926945,28835500
2014-06-05,98.35892486572266,98.44461699420644,96.05376934353414,96.59364217497357,67182000
2014-06-06,99.30152893066406,99.61002575385352,98.64169249866313,98.77879856569797,45854000
2014-06-09,100.17562866210938,100.67265216332991,99.11303187920612,99.30155194784011,44025700
2014-06-10,99.9785385131836,100.11565116035523,99.37011585161396,99.9442603513907,39799900
2014-06-11,99.49007415771484,99.68717192979575,98.89022274336436,99.4215178423919,30144700
2014-06-12,98.88164520263672,99.33581932109993,98.47032041296386,99.21584904595454,39481200
2014-06-13,99.05303955078125,99.32726482240183,98.25609687222266,99.1215958686864,33779400
2014-06-16,99.53292083740234,99.53292083740234,98.63313720195956,98.96734105789204,30051100
2014-06-17,100.23560333251953,100.64692812387462,99.21584945172351,99.43865419414317,62573000
2014-06-18,100.91259002685547,100.95543282125631,99.83285092444535,100.17562596910302,37448900
2014-06-19,100.9982681274414,101.31533614384782,100.34699628682603,101.26391564466155,30915900
2014-06-20,101.33251190185547,101.37536124508911,100.74122496226893,101.00687912211214,30104400
2014-06-23,101.1353988647461,101.58957960587922,100.85261547076848,101.54673026909035,21388700
2014-06-24,100.0556640625,101.89807436115869,99.96140075387856,100.89545612744813,41788300
2014-06-25,100.9040298461914,100.93830800818077,99.44724392004395,99.4558085571231,34620800
2014-06-26,100.73262786865234,100.9639972490497,99.90996520128675,100.93829026654886,28018300
2014-06-27,101.40961456298828,101.55529838094186,100.28703258220017,100.31273956834178,38525100
2014-06-30,101.81238555908203,101.87237071239329,100.97259341272454,101.25538336600245,34195600
2014-07-01,102.84923553466797,103.66332691358167,102.14654978137517,102.1979702770036,65733200
2014-07-02,102.45269775390625,103.19249106817458,102.27205146502531,102.84840008616774,30796700
2014-07-03,103.07207489013672,103.14949848953627,102.5817473039081,102.86562289672219,15933900
2014-07-07,101.30860900878906,102.77099420007784,101.24839357263536,102.74518852215344,32279000
2014-07-08,100.0784912109375,101.24839677578416,99.52794818783208,101.08495862276227,52537600
2014-07-09,100.20751953125,100.72365276085588,99.80321308977852,100.36236015643077,27891700
2014-07-10,99.14081573486328,99.82899755821815,98.03973006788608,98.1773624947641,50834300
2014-07-11,99.01180267333984,99.2526643957729,98.50427355292588,99.08062218346063,33923700
2014-07-14,99.51934814453125,100.1817179463666,99.26988231805056,100.147308187922,28823400
2014-07-15,98.53870391845703,99.78602662608668,97.95375108606034,99.40752580424439,49534700
2014-07-16,98.27200317382812,99.00319237470843,97.910710612874,98.96878918479887,63433000
2014-07-17,96.75800323486328,98.29779849625226,96.51713498993648,97.65263046406554,62221500
2014-07-18,98.2634048461914,98.45264864108806,96.74080446719246,96.93865890397934,46164100
2014-07-21,97.86769104003906,98.05694138838666,97.21392546227872,97.64403750380002,32720500
2014-07-22,98.69352722167969,99.14084092643044,98.22900535732894,98.46986708780935,31326500
2014-07-23,98.81394958496094,99.30427708353392,98.50426836870543,98.93438043983926,26417600
2014-07-24,98.6160888671875,99.48491703321021,98.3580190157387,99.11502041306105,31905100
2014-07-25,97.72146606445312,98.07416113039761,97.38597915747602,97.86770260072731,46514500
2014-07-28,97.23110961914062,97.96229864600018,96.54293441391482,97.94509705513933,37373400
2014-07-29,97.49779510498047,98.16017132883833,97.23112773752518,97.54080893462957,30574500
2014-07-30,97.88490295410156,98.33221660673787,97.47199249067721,98.22038983432608,30219000
2014-07-31,95.64832305908203,97.19672255438556,95.52789220599139,96.887041342727,61507700
2014-08-01,95.20958709716797,96.08701263890163,94.50420372032706,95.62249748109362,67805300
2014-08-04,96.0526351928711,96.17306605316212,94.53003471735092,95.62252310240613,34646200
2014-08-05,95.81178283691406,96.54297876264921,95.10639915380912,95.57952515716825,44375000
2014-08-06,96.11284637451172,96.74941040262453,95.16659456692452,95.20100432019944,33658300
2014-08-07,95.64832305908203,96.79241616344304,95.28702393682086,96.42251952523917,40852200
2014-08-08,96.57735443115234,96.68918776169996,95.47626866045786,95.76874825997983,32667200
2014-08-11,97.49779510498047,98.25479650367517,96.87843927376066,97.11069689009447,31000700
2014-08-12,96.82684326171875,97.60965051002903,96.37952952196319,97.15373268980017,31188400
2014-08-13,97.5838394165039,97.76448571847642,96.94726875661212,97.13651913858048,23122900
2014-08-14,97.73006439208984,97.83329365084948,97.40318158383492,97.65264080727277,20882100
2014-08-15,97.54081726074219,98.45265277283467,96.56876631979435,98.45265277283467,53713800
2014-08-18,98.96019744873047,99.04621856021204,98.14298048218019,98.49567557114182,33287300
2014-08-19,99.30426788330078,99.55373364900488,98.97737853921116,99.03759396107155,22692600
2014-08-20,98.88275146484375,99.11501563254288,98.41823625542276,98.79673037283945,26266900
2014-08-21,99.09783172607422,99.26988051517266,97.92792621216584,98.82256022650697,33018200
2014-08-22,99.10643005371094,99.4677226453613,98.59029684235473,98.96019351370816,30100100
2014-08-25,99.57093811035156,100.13868915823493,99.20104149027304,99.75158438113564,27808600
2014-08-26,100.47419738769531,100.57742009980872,99.61397311746843,99.68278607121393,34831700
2014-08-27,100.22470092773438,100.59459751339134,100.03545059605105,100.55158368783118,19070100
2014-08-28,99.70861053466797,99.98388207236417,99.36451947179994,99.81183325943458,22817800
2014-08-29,100.26770782470703,100.48276382574697,99.48490739367556,99.92362347343378,26231100
2014-09-02,100.81829071044922,101.07636063940576,100.21613629353848,100.62904686727079,38816400
2014-09-03,100.18171691894531,101.33442084455203,100.01827220875721,101.3000110864603,33266600
2014-09-04,99.79459381103516,101.06772172890547,99.54512804914427,100.45696344137477,26523500
2014-09-05,100.11286926269531,100.14727901111502,99.07199898420563,99.59673616237649,26935300
2014-09-08,100.26770782470703,100.47416631105696,99.63974797694385,100.00964456125209,20347300
2014-09-09,99.08062744140625,100.121497976008,98.92578681691235,100.0956922990907,36390100
2014-09-10,99.66557312011719,99.72578854965401,98.6763140094497,99.06341882474894,23060600
2014-09-11,100.31072235107422,100.41395159497054,99.04619200604478,99.07199767627176,27075600
2014-09-12,99.24404907226562,100.26771120893426,98.89995814639033,100.25911369395406,32892900
2014-09-15,98.16019439697266,99.26988452021457,97.81610336788368,99.23547476100663,41644400
2014-09-16,98.43545532226562,98.7193308829614,97.54942544766044,97.87630828049844,51365900
2014-09-17,98.69352722167969,99.33009130409074,98.22900535732894,98.4870686844194,45543000
2014-09-18,99.29566192626953,99.38168301830125,98.8483483099115,99.13221725731727,24714600
2014-09-19,98.03974914550781,99.70858612594115,97.73006792103587,99.69137796736518,52459600
2014-09-22,96.66337585449219,97.66123230870008,96.38810442957396,97.58381529684266,45800600
2014-09-23,95.7601547241211,96.87844877478076,95.64832794425097,96.25908631983015,51616800
2014-09-24,96.62706756591797,96.70470387808261,95.40219465816958,95.87662050744898,34323100
2014-09-25,94.99677276611328,96.46317567713393,94.66899183780154,96.37691823084361,49733600
2014-09-26,95.85073852539062,95.93699597102602,95.05715291488966,95.35906384614545,26473300
2014-09-29,95.7730941772461,96.04912192871902,94.64310659793833,94.72936403633223,30619000
2014-09-30,94.32392883300781,95.77307589689492,94.28942454803199,95.67819075846629,55596900
2014-10-01,92.98695373535156,94.35846497584595,92.66779392733322,94.27220752479337,88621100
2014-10-02,93.87543487548828,94.26359676557495,92.2451444074877,92.97834274488632,71825900
2014-10-03,94.58272552490234,95.16065759999297,94.09105088801589,94.6689829631065,44034600
2014-10-06,93.77189636230469,94.94501601422799,93.59938147626582,94.84150313399202,35571200
2014-10-07,92.22781372070312,93.59070295609787,92.16743288526247,93.1766582409209,40271900
2014-10-08,93.99616241455078,94.05654327726492,91.22725728548187,92.02083621858775,51589200
2014-10-09,91.46013641357422,93.93576449743475,91.44288756208196,93.92713678117899,60783400
2014-10-10,90.34741973876953,92.20198432020312,90.21803028778191,91.23588387798587,66579500
2014-10-13,89.98509979248047,91.52913172771399,89.58831045542321,90.4336422575396,72054300
2014-10-14,91.03750610351562,92.2882556286301,90.4509462077811,90.7701060240411,70034800
2014-10-15,91.95183563232422,92.29687198398257,89.31231971702678,89.87300296584397,117497300
2014-10-16,92.98695373535156,93.65114334758019,90.52857360371246,90.70109508683926,100532300
2014-10-17,92.71089935302734,94.21179963013934,92.33135878002577,94.1600464905554,72675000
2014-10-20,93.79776763916016,93.79776763916016,92.29686715612945,92.30549487425039,34914400
2014-10-21,95.34178161621094,95.39353475284466,94.03065170034093,94.30667939741984,44748100
2014-10-22,93.9789047241211,95.79896486071999,93.90127500864564,95.5746968508885,48798300
2014-10-23,95.64370727539062,96.24752252226425,94.68623454738064,94.91913687636733,60795100
2014-10-24,95.80760955810547,96.02325646956074,95.26418171040592,95.67822009502801,41927400
2014-10-27,95.755859375,95.82486138722936,94.4619778661407,95.24692922605074,31133700
2014-10-28,98.4815902709961,98.5160945526516,96.00596893663841,96.18711147956564,84912900
2014-10-29,98.24871063232422,99.10267035437052,97.45513176777575,98.64550006459845,67133500
2014-10-30,99.0854263305664,99.5253412076259,97.59314709250243,97.89505139470607,59046200
2014-10-31,100.54318237304688,100.88821863941881,99.95662269452039,100.84509321925945,53133300
2014-11-03,100.37069702148438,101.24191236932636,99.97390750192797,100.70710567026093,39729600
2014-11-04,99.90486907958984,100.49142875530795,99.43907110937081,99.97387764873771,37347600
2014-11-05,100.08602142333984,100.69845772711201,99.6719831300105,100.63807686845898,31073500
2014-11-06,100.51732635498047,100.51732635498047,99.68061537679871,100.04290715011855,31720900
2014-11-07,100.672607421875,100.672607421875,99.80139202170702,100.39657962729983,28657700
2014-11-10,101.17291259765625,101.1901614560876,100.45696322385012,100.64673357170446,29371800
2014-11-11,101.24187469482422,101.30225554313493,100.81058104088515,101.02622786785469,23536800
2014-11-12,101.69910430908203,101.85437037841893,100.6294972653293,100.65537384671501,34594700
2014-11-13,100.83648681640625,102.00097870315567,100.59496335320142,101.73357866618187,25135200
2014-11-14,100.65533447265625,101.10387706360177,100.37930674414666,100.87098134121125,23321400
2014-11-17,99.81864929199219,100.86237961503508,99.78414499440954,100.56909637609357,29847300
2014-11-18,100.39654541015625,101.0262370980872,99.84449000915737,100.19815399658887,33717200
2014-11-19,99.32697296142578,100.2758180960225,98.65415562200305,100.2758180960225,38258700
2014-11-20,100.43971252441406,100.45696138252924,98.86980319506092,98.86980319506092,26555000
2014-11-21,100.56046295166016,101.88884863170016,100.1981777428368,101.85434433833302,43240400
2014-11-24,101.75944519042969,101.82845376767902,100.56044913005805,100.69845970353657,24573200
2014-11-25,101.83707427978516,102.45813830918165,101.3799039750961,101.97509143343775,26745900
2014-11-26,102.17350006103516,102.2166320740656,101.64732109096543,101.84571913747583,14640700
2014-11-28,100.65533447265625,102.2338645489035,100.55182160658259,102.19936684123243,21110700
2014-12-01,99.0854263305664,100.46556498422603,99.03366660660278,100.33617554584727,36244100
2014-12-02,100.27580261230469,100.61221123007077,99.1803193202753,99.1889404574339,31812100
2014-12-03,101.24187469482422,101.53515122061373,100.07737656437362,100.30165110710722,29148000
2014-12-04,100.75885009765625,101.18152273753863,100.24992659958095,101.08663758009735,28631900
2014-12-05,101.51793670654297,101.76808790015859,100.88824486316277,101.1383960567784,30261400
2014-12-08,100.24992370605469,102.10448821021394,99.93076395105314,101.15563666318788,32295000
2014-12-09,101.93196868896484,102.01822612732482,98.97329314417502,99.16306345717938,52645900
2014-12-10,99.76686096191406,101.9233294428717,99.68059695786013,101.56103773649598,45413600
2014-12-11,100.1636734008789,101.50930793643917,99.94802650320472,100.24130312515152,36021800
2014-12-12,98.9474105834961,100.05152152214404,98.85252543273538,99.00779144479652,44816000
2014-12-15,97.94680786132812,99.83586990716218,97.61039928134315,99.42183161534375,66361200
2014-12-16,97.80879211425781,99.49083503833131,97.49826010042577,97.74841125495826,62849700
2014-12-17,100.82785034179688,100.91410777387607,97.89505158396268,98.02444102259159,70379400
2014-12-18,102.32875061035156,102.42363575984378,101.32815255346124,102.18211231787095,54315600
2014-12-19,102.5616455078125,103.06194779063094,101.9060772262235,102.34599865291004,49041800
2014-12-22,103.26033782958984,103.26033782958984,102.47538671038205,102.82041640879183,27043400
2014-12-23,103.38973999023438,103.8900423279721,103.0360759504824,103.8900423279721,34533000
2014-12-24,103.68843841552734,103.95683489339855,103.25553746126059,103.57587993986961,19175400
2014-12-26,104.36377716064453,104.61486054122031,103.95684915093706,104.01745502862465,18261900
2014-12-29,104.80532836914062,105.09103799155275,104.42437339853159,104.44168653103898,27692500
2014-12-30,104.19062042236328,104.96984362508887,104.13001454023717,104.58023532649895,23996000
2014-12-31,103.56723022460938,105.1170164866397,103.49796448422326,104.58887677589857,35688700
2015-01-02,102.96984100341797,104.38109600711573,102.06940605310713,103.9568548400856,46133100
2015-01-05,101.59320068359375,102.779351768598,101.1170135601656,102.36377051926233,51141900
2015-01-06,99.83563995361328,101.9655123678316,99.01313058504319,101.83564733477543,67446000
2015-01-07,101.0650634765625,101.09103647790464,99.98281105034256,100.48497115589471,32252100
2015-01-08,102.77933502197266,102.90054675040767,101.6884228605137,101.87024705871,28361700
2015-01-09,101.79232788085938,102.89189337404783,101.5672175400446,102.86592037425078,26975200
2015-01-12,101.45469665527344,102.17331402832063,100.63218725131084,101.904910868848,27316800
2015-01-13,101.53260803222656,103.3681108382095,100.27719764586921,102.2425654807165,49991400
2015-01-14,101.12568664550781,101.38542330890115,100.04343403417124,100.41572919669285,34224200
2015-01-15,99.42005157470703,101.62784285193456,99.11702217652429,101.497977828103,46199400
2015-01-16,101.0390853881836,101.2468826131329,98.87458050321356,99.05640472643037,41895700
2015-01-20,100.61486053466797,101.36811073432162,99.70577229944367,101.16897334629395,36444400
2015-01-21,100.29448699951172,101.14297575165875,99.8182999269819,100.25986073705556,27333500
2015-01-22,102.33777618408203,102.37240905080019,99.65379176609159,100.91786167635692,37877000
2015-01-23,102.26853942871094,102.83130547074744,101.77503252971816,102.37243144604919,28173400
2015-01-26,103.25553131103516,103.26418457361314,101.35942313051073,102.06072052087721,23006800
2015-01-27,102.76203155517578,103.24687851450955,101.83562376899484,102.04341437934582,26919100
2015-01-28,101.0304183959961,103.42002670829605,100.71006933855546,103.18626311892419,38086100
2015-01-29,102.42436981201172,102.44168294397788,100.51094175530129,101.31613780538873,39299900
2015-01-30,100.17327117919922,102.12998520538419,100.08669231550124,101.71440401741634,49739800
2015-02-02,101.09102630615234,101.1602854342477,99.03041366641934,100.53691364812597,44819100
2015-02-03,102.9005355834961,103.030407165738,101.53256724756184,101.58451984378443,43920000
2015-02-04,102.51962280273438,103.23823347625033,102.25121967836542,102.52827606714811,28597100
2015-02-05,103.84427642822266,104.11267288904821,102.68409850958659,102.83128323935907,32337100
2015-02-06,103.73172760009766,104.60618940300135,103.33345950311788,103.98281095362623,31694900
2015-02-09,102.90919494628906,104.08668583657223,102.78798323160194,103.37672867674353,32367900
2015-02-10,103.56723022460938,103.75770110235433,102.25120757945147,103.48930461528884,28960800
2015-02-11,103.42003631591797,103.74038540311872,102.7014257452129,103.35077718279014,23794200
2015-02-12,104.59754180908203,104.6927805614435,103.75771277764656,104.03477577036742,27854600
2015-02-13,105.22089385986328,105.3594253213716,104.4589906381985,104.68410096037769,20446900
2015-02-17,105.54991912841797,105.67978413676923,104.98714653856536,105.33346864043963,16868500
2015-02-18,105.6624755859375,105.67113545538464,104.87459260487049,105.24688772455859,20450200
2015-02-19,105.67112731933594,105.95683693364447,105.22956648915809,105.42004396906007,16620500
2015-02-20,105.95684814453125,106.09537963749726,104.67546486232145,105.49797413378538,30331600
2015-02-23,106.06072998046875,106.08670297990344,104.9957907648377,105.7144079084033,25778200
2015-02-24,106.19926452636719,106.53692673988292,105.79233657532404,106.03476005112566,20023600
2015-02-25,106.32048797607422,106.52827860600146,105.82698110153137,106.12135061013288,17059600
2015-02-26,106.71011352539062,106.75340627451592,105.9135771436356,106.22526644180864,24379000
2015-02-27,106.13001251220703,106.80533702656278,106.10403950866184,106.5196207764753,23821700
2015-03-02,106.90054321289062,107.16893964182648,106.08668745348109,106.10400718759878,29683500
2015-03-03,106.26853942871094,106.65815430596363,105.8529581529624,106.65815430596363,23068400
2015-03-04,105.93952178955078,106.15597226613853,105.29017035978754,105.80965018248928,22822500
2015-03-05,106.25121307373047,106.42437081615552,105.54991562970122,106.08670859454556,19725600
2015-03-06,104.90921020507812,106.22523273657875,104.65812687202151,105.61051420621696,37319900
2015-03-09,105.36810302734375,105.55858052833372,104.86594287674177,105.08239338140399,17556300
2015-03-10,104.1559829711914,104.50229848585421,103.74905497536307,104.42437947671858,32440300
2015-03-11,104.79666900634766,104.88324788039212,103.7923355719067,104.30316215819502,20914500
2015-03-12,106.53693389892578,106.62351277388079,105.40272883871742,105.47199458089933,41063300
2015-03-13,106.15597534179688,106.65814204736037,104.94385131667774,106.44169156450141,26371000
2015-03-16,106.77935028076172,106.99580075650856,106.38973546109082,106.5888728052174,19906300
2015-03-17,107.06507110595703,107.16896311124236,106.29450130200486,106.46766565338805,23142600
2015-03-18,107.92222595214844,108.32915396913668,106.36377963294777,106.83997339868836,40292600
2015-03-19,108.1300277709961,108.19063365603328,107.62786094894733,107.67115369777935,34008200
2015-03-20,109.08238220214844,109.22957354896583,108.49363663151222,108.53692936978987,34165600
2015-03-23,108.98712921142578,109.36808412071406,108.90921021936785,109.04773507376314,17132400
2015-03-24,108.96113586425781,109.35940382888529,108.79663804323185,108.8918701472246,30115600
2015-03-25,106.35842895507812,109.07665862102974,106.28026548267869,109.01586775392244,42514000
2015-03-26,106.22817993164062,106.74056586814747,105.55079396957122,106.02843468927486,26899200
2015-03-27,106.90557098388672,107.0184730667465,105.82870111152073,106.28028956583256,23066800
2015-03-30,108.35585021972656,108.54690912779772,107.42661458786868,107.44398719353391,20487000
2015-03-31,108.00848388671875,108.30375194309589,107.60031376408485,107.93032040810189,24507800
2015-04-01,108.05192565917969,108.05192565917969,106.731892170224,107.8869256141287,31955200
2015-04-02,108.25164794921875,108.78139981855087,107.93900728450772,107.9997981567733,23586400
2015-04-06,108.72930145263672,108.97247159609817,107.58295442201128,107.60901333523529,22045600
2015-04-07,108.03455352783203,108.98984165142781,108.00850123934356,108.52956688624042,20214700
2015-04-08,108.9637680053711,109.12877463440131,108.01715974633973,108.01715974633973,19314400
2015-04-09,108.5729751586914,109.18957684943767,107.48741906692607,108.86824986102005,22325300
2015-04-10,109.09403991699219,109.24167394519826,108.74666066625994,108.93771958544808,14966300
2015-04-13,109.16352081298828,109.76274991165309,109.05931166588744,109.1548411345357,22819200
2015-04-14,109.13745880126953,109.49352435735935,108.36454344250323,109.19824967356436,22600800
2015-04-15,109.9017105102539,110.4054035431368,109.35458595410049,109.56301751154423,37282300
2015-04-16,109.84088897705078,110.07536613160573,109.56298693705254,109.83220267482068,24439900
2015-04-17,108.06058502197266,109.03324556786222,107.53083317228462,108.65981404473308,48283500
2015-04-20,109.1201171875,109.38064671592386,108.40799254200603,108.59905150494265,24602300
2015-04-21,109.0072021484375,109.64116984781995,108.92035898261071,109.46748351616635,13844600
2015-04-22,109.17219543457031,109.3198294609706,108.09532573360936,109.00718880170645,21991300
2015-04-23,109.6672134399414,109.89301095375562,108.78140261760612,108.97246154270212,18025800
2015-04-24,109.30247497558594,109.82354058725745,109.15484093365895,109.71064513620307,14992500
2015-04-27,108.0953140258789,110.21432123678146,107.72188253585439,109.6064059648516,32924600
2015-04-28,108.69454956054688,108.87692216542874,107.03581688527112,108.1561114230092,35654900
2015-04-29,107.51347351074219,108.46876150665469,107.36583285285914,108.0953299615779,26437900
2015-04-30,105.23812866210938,107.20081553280008,104.78654033491782,106.87080230744161,72393800
2015-05-01,105.92422485351562,106.08923150371491,105.00367538547475,105.53342067552393,47996200
2015-05-04,106.30635833740234,107.12269215270757,105.77660634385559,106.06318816561408,37675100
2015-05-05,104.95156860351562,106.48871984203615,104.45655525779235,106.25423600023043,56891600
2015-05-06,105.31629943847656,105.50735835723448,104.42180234220821,105.17735171392141,34348300
2015-05-07,105.71581268310547,106.15003518276781,104.70841330354827,105.20342668813495,29826100
2015-05-08,106.50606536865234,107.03581720495662,106.29764048040882,106.757915145396,26357100
2015-05-11,106.5668716430664,107.39189826388518,106.33239443810848,106.47134217512203,28406700
2015-05-12,106.37581634521484,106.74924792566632,104.96893981593495,106.25423458652915,34961600
2015-05-13,106.37581634521484,107.0010977474321,105.9502801898149,106.61030018390078,27214700
2015-05-14,107.50477600097656,107.56556686822398,106.3410565949018,106.88818102583623,23293200
2015-05-15,107.38322448730469,107.44401537166047,106.76662933863619,107.30506099272756,22055600
2015-05-18,108.5990219116211,108.69455136705754,106.96634149194925,107.16608670578215,30846000
2015-05-19,108.45140075683594,108.59904143086098,107.95638741046942,108.38193019779305,23256800
2015-05-20,108.65116119384766,108.95511563748775,107.98245479212949,108.70326577684025,20838500
2015-05-21,108.52954864501953,108.96377104873605,108.10401254457561,108.53823494829213,16229300
2015-05-22,108.06058502197266,108.76402317863374,107.68715349884351,108.34717339161529,22601400
2015-05-26,107.02713775634766,107.72189626259681,106.40185642586503,107.6350531057427,44037800
2015-05-27,108.3384780883789,108.44269383932979,106.6363272437586,107.13134046578743,32086300
2015-05-28,108.24297332763672,108.30376420646297,107.48742386875995,108.07796667409022,18631900
2015-05-29,107.59162139892578,108.32111844684724,107.09660814793568,108.2169026897991,33468900
2015-06-01,107.93031311035156,108.46875124380144,106.8447571664098,108.28637864030414,35649400
2015-06-02,108.13875579833984,108.82482806293811,107.23557893492084,107.51348103729025,29477600
2015-06-03,109.21563720703125,109.36327125625208,108.05191754528647,108.34719226943717,30774800
2015-06-04,108.12137603759766,109.09403658479717,107.75663081703831,108.6250756044889,25820600
2015-06-05,108.90300750732422,109.00721666991514,107.09664026437127,107.88692841780433,36626500
2015-06-08,108.3992691040039,109.09402752656072,108.18215792516831,108.7987528779765,18798700
2015-06-09,108.06930541992188,108.43405075506385,107.25296494304318,108.30378267088172,23928300
2015-06-10,109.41535949707031,109.84090222347037,108.4253329460762,108.49481012088127,42563500
2015-06-11,109.69327545166016,109.8930206980744,109.34590278509282,109.5716936932198,17489400
2015-06-12,109.36327362060547,109.55433257112017,108.92905114242085,109.35458731584319,23578600
2015-06-15,109.0158920288086,109.25037587251252,107.63506775745304,108.65114674494589,30618300
2015-06-16,109.788818359375,109.9885636302354,108.83353015798238,108.8856347392026,32800900
2015-06-17,109.62380981445312,110.25777092253314,109.39801227048186,110.0667119719197,32467000
2015-06-18,111.09144592285156,111.36935459125549,110.06668089808777,110.13615806518875,39642100
2015-06-19,111.03936767578125,111.29990380130114,110.8135701420446,111.004629083998,23310900
2015-06-22,111.80358123779297,111.89041776144074,111.29118876718584,111.52567255872367,25230000
2015-06-23,112.03803253173828,112.10750968957065,111.5082807982528,111.75144422495963,23378500
2015-06-24,111.09144592285156,112.1162175733227,110.9264459331209,111.82093630028986,26436800
2015-06-25,111.03067779541016,111.5256911173878,110.50961218686139,111.46490686586094,24100900
2015-06-26,110.7266845703125,111.45617484126021,110.13614198757591,111.24775662179671,38219900
2015-06-29,107.93031311035156,110.35327477231448,107.78267909214533,109.97115695982052,49224900
2015-06-30,108.43403625488281,108.8335201341003,107.93902290175363,108.71193837197798,39631300
2015-07-01,108.7553482055664,109.56300215677166,107.73926272612817,109.22430257982013,28627700
2015-07-02,107.95211791992188,108.98123032375223,107.59454851850954,108.85040965345378,31486400
2015-07-06,107.91722869873047,108.5887716808279,107.11487170410864,107.21952956794364,27852200
2015-07-07,108.0393295288086,108.13526424348115,105.98982787263415,108.0393295288086,39347100
2015-07-08,106.3910140991211,107.57711006308946,105.77180331193141,107.09744310875071,40724500
2015-07-09,106.7747573852539,107.73409798727678,106.6352135466531,107.57711449575912,29770400
2015-07-10,108.25733184814453,108.44047807450873,107.5857956848091,108.00441372969476,28735800
2015-07-13,109.47835540771484,109.57429013273867,108.79809583304869,108.81553548586375,21349900
2015-07-14,110.0888442993164,110.32431619672124,109.36497564751296,109.41730125719936,21009500
2015-07-15,109.50448608398438,110.30684960819897,109.25156794256846,110.15858266060037,22238300
2015-07-16,110.15861511230469,110.53363085952658,109.86209443738414,109.98419196868277,33568400
2015-07-17,109.678955078125,110.21967084984551,109.33010211499823,110.1586220803346,24739900
2015-07-20,109.08589172363281,109.76615124663691,108.80681072307175,109.69637933304267,23271100
2015-07-21,108.57134246826172,109.71383603674838,108.23993582800304,109.07717890903801,28118700
2015-07-22,108.97251892089844,109.0946164519908,108.03934113108315,108.21377092822682,20654200
2015-07-23,107.76898956298828,109.35626421379796,107.53351764034909,109.00741125293298,39712100
2015-07-24,106.03343963623047,107.89107190958303,105.9549445705254,107.69048597665558,39533000
2015-07-27,105.1526107788086,105.80670763775959,104.89096937370127,105.64100097093713,35627200
2015-07-28,106.05086517333984,106.23401143052236,104.07985214004736,105.4578172984472,53474800
2015-07-29,106.3473892211914,106.68751892478805,105.50142321087651,105.84155291447316,32411300
2015-07-30,106.65263366699219,106.78345432010596,105.53630984754234,106.07702545481753,29383900
2015-07-31,107.23699951171875,107.85621040991182,106.59162580363008,106.79221178204132,31812700
2015-08-03,106.70496368408203,107.41139257861519,105.92876953830623,107.29801156944261,34033200
2015-08-04,106.45207214355469,107.2369896372338,106.0596167236235,106.73987633353981,21728900
2015-08-05,106.69623565673828,107.7340710721465,106.3212266552739,106.91426785971885,25673500
2015-08-06,105.25725555419922,106.97535082087471,104.46361493707846,106.80964417470301,42225300
2015-08-07,104.55082702636719,105.03922381386012,103.84440463246861,104.77758244006688,42261400
2015-08-10,105.75438690185547,105.98113569934762,104.92586018330027,104.94330649314898,28798900
2015-08-11,104.84732818603516,105.60607600375101,104.35021502298119,105.07408354312736,33383800
2015-08-12,104.6467514038086,104.95199520716831,102.88505384312111,104.28045883977691,46500100
2015-08-13,104.29790496826172,105.17003397705923,104.12348182802874,104.74269262581701,35698300
2015-08-14,104.9694595336914,105.08283392188474,103.8008030738573,104.21070481751963,21091500
2015-08-17,106.07706451416016,106.12067363252729,104.30664343105774,104.68165922603637,22328200
2015-08-18,105.23109436035156,105.92879360801864,105.10899017184781,105.92879360801864,26360400
2015-08-19,104.14095306396484,105.09157071728445,103.55662143129081,104.56829451750554,45178900
2015-08-20,101.507080078125,103.44320726143255,101.507080078125,103.20772873707605,51879800
2015-08-21,100.32098388671875,101.74255821792997,99.74538228656294,100.40819544385566,79168300
2015-08-24,96.4051284790039,100.22505062896049,94.4166756707028,95.50683678523765,83809200
2015-08-25,95.6638412475586,99.50992704376735,95.55046020832098,99.46632458190561,59240200
2015-08-26,98.0970687866211,98.28021507058119,95.42834963250667,97.53018362932596,51605300
2015-08-27,99.85002899169922,100.39947441913814,97.99239695855786,98.81220019707627,49533700
2015-08-28,100.83555603027344,100.90532129244248,99.60585096284537,99.73667164186352,41601400
2015-08-31,100.46924591064453,101.14951203705688,100.08551372194253,100.38203435202205,29250900
2015-09-01,97.59123992919922,99.52736744321581,97.32959855829344,98.64651525857062,45129200
2015-09-02,99.34420013427734,99.39652573586528,97.7482027476943,98.90813571087094,26865800
2015-09-03,99.1872329711914,100.40820823427158,99.03024948682165,99.49247678696146,33334500
2015-09-04,98.43720245361328,99.16106446544991,97.9226428845267,98.14067513414625,31154600
2015-09-08,100.68728637695312,100.79194424815725,99.51863675734553,99.91109213018308,29916300
2015-09-09,99.52734375,101.53323605209981,99.43140904709361,101.31520384618798,40963000
2015-09-10,99.9808578491211,100.53901981999199,99.1872239999016,99.20466365044702,29877900
2015-09-11,100.45182037353516,100.46926002618369,99.12618719630706,99.56225170450026,27949400
2015-09-14,99.98957824707031,100.76577242436399,99.79770882727811,100.74832612048358,22365800
2015-09-15,101.11463928222656,101.33267153415214,100.05936398136473,100.17273835699217,26745300
2015-09-16,101.98674774169922,102.05651299135877,100.98379825415198,101.12333540728602,27127800
2015-09-17,102.3355941772461,103.6873965313336,101.75999260684883,101.96930166391921,50405400
2015-09-18,100.92277526855469,101.89955555131854,100.64369423721978,100.95766122919864,42736100
2015-09-21,100.73960876464844,102.30072025788446,100.36459308019715,101.63790044619527,33021700
2015-09-22,99.21338653564453,100.05935264185486,98.59417580880766,99.8151509581674,35786900
2015-09-23,98.91686248779297,99.7889914252353,98.61161869045131,99.44013851949522,25506800
2015-09-24,98.75115203857422,98.91685199451581,97.56505627717056,98.36741321758626,39810300
2015-09-25,97.45146942138672,99.62930731551616,97.02290172597824,99.5505869869411,43750300
2015-09-28,94.72260284423828,97.21530151426361,94.35525250899028,97.1278396907891,56765300
2015-09-29,94.04912567138672,95.43104506557249,93.57682385288363,94.6788614293908,49980700
2015-09-30,95.50977325439453,95.71094146943477,94.38150430108465,94.88004407332969,50834500
2015-10-01,95.34358215332031,95.92958365971035,93.96166277501133,95.65845002870485,44985900
2015-10-02,96.76051330566406,96.76051330566406,93.69056050250593,94.44274438180392,58019200
2015-10-05,99.06954193115234,99.22697592346917,97.55643264052328,97.66139085970488,45220500
2015-10-06,98.38732147216797,99.41938718082932,97.76633374440968,99.01705738564412,34140000
2015-10-07,100.12783813476562,100.14532783236764,98.50976418080533,98.92084214000994,36371000
2015-10-08,101.02869415283203,101.2386038604564,99.66426437100048,100.04035621165332,43072200
2015-10-09,101.22989654541016,101.57975064796844,100.93252489562839,101.21240684309262,26497200
2015-10-12,101.08118438720703,101.44852809638377,100.64386854116513,101.2736044271311,22984000
2015-10-13,99.69926452636719,101.71966826889347,99.64678876027125,100.67885442192267,37445300
2015-10-14,98.71967315673828,100.36397819684433,98.57972889481793,99.74299054861955,39987400
2015-10-15,101.08118438720703,101.08118438720703,98.53600963315654,98.9995633622953,42503400
2015-10-16,100.94999694824219,101.28236129037367,100.08411336730491,101.28236129037367,33685600
2015-10-19,101.14240264892578,101.64094241845156,100.27651919088837,100.4951771016086,24949500
2015-10-20,101.0024642944336,101.71966196927205,100.60887605435882,101.08992612348027,20531400
2015-10-21,99.46310424804688,101.43977348532944,99.40188030442309,101.38729105300234,34060300
2015-10-22,100.33775329589844,100.94999283872657,99.47186975020992,100.06661959449035,36882600
2015-10-23,101.32608032226562,101.50101066465113,100.34649709654778,101.15115665279036,40172500
2015-10-26,100.63511657714844,101.34357275871393,100.52141686369447,101.10741847388877,19783300
2015-10-27,99.5330810546875,100.4689366214487,98.92083491676009,100.22403416253192,38189200
2015-10-28,102.43685150146484,102.45434119672001,99.63802648407945,99.83044649643267,65529900
2015-10-29,101.34355163574219,102.42809279873828,101.07241134031172,102.10447675002192,27252000
2015-10-30,100.8800277709961,101.48352584331441,100.65262830938107,101.07244783306345,28018700
2015-11-02,102.9791259765625,103.26775601520066,100.94998086722319,100.97621874838852,33836900
2015-11-03,103.51264190673828,104.1073916236259,102.67299642517503,102.84792006482645,28626300
2015-11-04,103.46017456054688,104.08116220657645,102.93539692602002,103.77504247584493,25696000
2015-11-05,103.53890228271484,103.73132233188663,102.41062654495255,103.41645437377109,27141300
2015-11-06,104.27359008789062,104.3960379894112,102.58555067645959,103.2152865545141,35141300
2015-11-09,103.04907989501953,104.33478922815804,102.56802991564506,104.14236923640826,32983100
2015-11-10,103.35520935058594,103.35520935058594,102.2969059687843,102.61177386271478,21892200
2015-11-11,102.45435333251953,103.5039086677914,102.40187756762896,103.47767078534612,22037600
2015-11-12,100.49517822265625,101.88583934735345,100.34649244320623,101.74590175284459,39916100
2015-11-13,99.76924133300781,100.88002069579544,99.41064579305043,100.09285747587077,43883000
2015-11-16,100.62638092041016,100.6613603166545,99.14825119494753,99.67302888644758,28979100
2015-11-17,100.24156188964844,101.58849580694925,100.10161758363246,100.71386391308471,34441000
2015-11-18,101.93834686279297,102.02580871499197,100.16283856588645,100.52144083468741,35554300
2015-11-19,101.50973510742188,102.02577118954576,101.22985327957967,101.84209936560954,25512500
2015-11-20,102.16569519042969,102.64674514603394,101.78960340865952,101.87707188997538,31697700
2015-11-23,102.67298126220703,103.11029696966098,102.0519937583714,102.07823163315332,22716400
2015-11-24,103.42518615722656,103.57387192694797,101.9470566256527,102.22693846926751,24994500
2015-11-25,104.2298355102539,104.36103157141757,103.30272824440611,103.46891036674067,20772600
2015-11-27,104.62344360351562,104.86833940540656,103.97621135804944,104.31731717824182,14129300
2015-11-30,104.16864776611328,105.01704169379313,104.12492017913762,104.97330743390629,30165400
2015-12-01,104.85957336425781,104.87706973164788,103.99369001990138,104.61467760406885,27899900
2015-12-02,103.7313232421875,104.99079508570227,103.60012714633628,104.71966138107754,22238300
2015-12-03,101.98206329345703,104.47476250938868,101.57973347903568,104.0199569239722,39485400
2015-12-04,103.01409912109375,103.1452951833739,101.75462759985855,101.98203366295023,32669900
2015-12-07,101.46600341796875,102.91788825572151,101.02868766264785,102.89165037806768,29621400
2015-12-08,100.90625,101.46601368964441,100.11033204174682,100.54764784133836,30946000
2015-12-09,99.77799987792969,101.60597718332764,99.35817366719336,100.60889743985399,41980400
2015-12-10,100.11032104492188,100.65259497909562,99.40187166273572,99.61178135506702,31278800
2015-12-11,97.88002014160156,99.13073685438461,97.54765588133492,99.06951291268956,52609300
2015-12-14,97.18034362792969,98.29112312123853,96.45439760407385,97.84506569031043,53400400
2015-12-15,98.5797348022461,98.79839271991753,97.60889311395205,97.72259950180366,48273900
2015-12-16,100.0841064453125,100.27652648841509,98.68469704944422,99.26195050584161,44560600
2015-12-17,99.01704406738281,100.53015969334794,98.80713434876145,100.50392181263398,41318000
2015-12-18,97.50393676757812,98.7371638924122,97.46895070172974,98.5360023549212,49876600
2015-12-21,98.23860931396484,98.50974294225648,97.52141175452505,98.10741325504965,26479300
2015-12-22,99.13951873779297,99.28820455060655,97.77509518884668,98.51853092582608,28108700
2015-12-23,100.39022064208984,100.54765460745332,99.47186140489453,99.63803688234321,29609700
2015-12-24,100.57999420166016,101.1597598305513,100.27254577809954,100.52729067244205,13370500
2015-12-28,100.11441802978516,100.20225946992969,99.22720407001918,100.1232041843613,22125500
2015-12-29,101.1948471069336,101.27390906830266,100.2022264270714,100.56238492533144,22841500
2015-12-30,100.17587280273438,101.32661068197015,100.14073489854557,101.0630864533591,21273200
2015-12-31,98.92851257324219,100.11438841912961,98.8318850071009,99.75422990862653,39517700
2016-01-04,96.63582611083984,97.35613650426976,95.81888814130228,97.16288135205448,66665900
2016-01-05,96.84664916992188,97.13653190513806,96.23175249086131,96.98720081191924,28253300
2016-01-06,95.37088775634766,96.27566714518079,94.87018427408704,95.48508093585588,35569200
2016-01-07,92.82344818115234,94.43097238934561,92.66533093605348,93.74579989454091,52482000
2016-01-08,91.2247085571289,93.54375697744922,91.05781186374615,92.99913613293022,60299300
2016-01-11,90.82941436767578,92.04164203215588,89.87192480727016,91.54093857271077,47144800
2016-01-12,91.10172271728516,92.2261089375086,89.54690886316659,91.54972265567342,53702900
2016-01-13,88.17658996582031,91.72543947704965,87.53534135349462,91.27744607453376,70591600
2016-01-14,89.39759063720703,90.22331488037017,87.13125209840061,88.59822485654927,69373400
2016-01-15,87.94815826416016,88.09748932146009,85.65546209504633,87.03459291653242,85759200
2016-01-19,86.76229095458984,88.89687028700905,85.85751160043867,88.78267711187807,51391100
2016-01-20,87.1224365234375,88.13262945176936,83.50331294347166,85.58518845480587,94385800
2016-01-21,86.9204330444336,88.64215752744137,86.41972943819466,87.25423991650797,65798200
2016-01-22,89.04621124267578,89.25703199729722,87.95695615641122,88.41374227694048,46056700
2016-01-25,87.06974792480469,88.791465252176,86.8325687148535,88.49279637702836,35019600
2016-01-26,88.80901336669922,89.07254428099918,87.12243428041418,87.4210963948759,33349600
2016-01-27,87.5880355834961,89.23947744330141,87.01705617018996,88.36104963879113,47973900
2016-01-28,87.57047271728516,88.67728696026462,87.1576105639427,88.32592118896018,41951100
2016-01-29,90.44293212890625,90.46050443924581,87.80764853528355,87.87792437289629,42245300
2016-02-01,90.030029296875,90.55708443717272,88.94078111334375,89.7225810235238,33615700
2016-02-02,88.08870697021484,89.13403782014419,87.64070707712087,89.01105850860777,39692700
2016-02-03,88.20291137695312,88.78267006094424,86.20887713368248,88.77388390913326,55262500
2016-02-04,88.54552459716797,89.57328351096278,87.81642791738304,87.84277967898718,51188400
2016-02-05,86.12104797363281,88.22927568290321,86.0507721528872,88.1502137090966,53366600
2016-02-08,84.70675659179688,85.2162461051274,83.39790160922722,85.2162461051274,61107700
2016-02-09,84.13577270507812,85.32164831813364,83.46816602514275,83.56479357231244,55857200
2016-02-10,84.17972564697266,86.01563626958726,84.04796015543718,84.72434651590801,42756100
2016-02-11,83.26615905761719,83.8020004686964,82.25596590385122,82.64247622053031,57923200
2016-02-12,84.84733581542969,85.02302539206039,83.61754228837512,84.0304044161172,40097300
2016-02-16,86.8589096069336,87.05216473105637,85.40072342814643,85.9014268397963,38882100
2016-02-17,88.22050476074219,88.80026362730858,87.42991839554048,87.4650563119797,40940400
2016-02-18,87.79884338378906,88.40496062378088,87.43869152222426,88.29076743877181,35043600
2016-02-19,88.2380599975586,88.3346875809419,87.0609700936114,87.45625987881839,32424800
2016-02-22,89.22189331054688,89.60840360887791,88.93201058679861,89.01985200863632,28867400
2016-02-23,88.40496063232422,89.15162281533233,88.32590535851136,88.93201589669046,29857100
2016-02-24,89.25704956054688,89.44151859487278,86.93800069777521,87.50898010985381,36909600
2016-02-25,90.0739517211914,90.12665522370663,89.06375881114212,89.41513113227269,22612600
2016-02-26,90.64493560791016,90.89089423490088,90.21450130880642,90.53073574404307,27474700
2016-02-29,90.24087524414062,91.38282716562395,90.23208909113512,90.59224094190712,32014400
2016-03-01,92.18218231201172,92.18218231201172,90.53952050432179,91.02265830125113,36422700
2016-03-02,93.13089752197266,93.19238719006981,91.87474570066976,92.05043525371248,24937100
2016-03-03,94.1059341430664,94.12350644582989,93.04303768945036,93.15723755180348,28216300
2016-03-04,94.62422180175781,95.15127701947571,93.70187014434845,94.05324252345062,38180900
2016-03-07,95.6519775390625,95.73981895566813,94.17621895372847,94.17621895372847,38739900
2016-03-08,93.34172058105469,95.12492757359816,93.23630685420328,95.12492757359816,46193900
2016-03-09,93.81607055664062,94.00053954880133,93.17481545847853,93.65795332023565,25627200
2016-03-10,93.05184173583984,94.42218673265252,92.0680003498452,94.07960048344935,47051200
2016-03-11,95.04586029052734,95.16006016370103,93.69308773183543,93.80728090313865,33625000
2016-03-14,94.7999267578125,95.1688648261036,94.34314724971954,94.7560093888477,24422700
2016-03-15,93.32416534423828,94.23773103842521,93.13969631491285,94.1762413619834,34258400
2016-03-16,93.98297119140625,94.28164007354805,92.87615719195115,92.87615719195115,37952200
2016-03-17,95.42359161376953,95.83645367467635,93.40321207362159,93.98297082796978,41724500
2016-03-18,96.28448486328125,96.58314713923154,95.48511223904987,95.54660192538512,36512600
2016-03-21,96.05607604980469,96.57435192307452,95.81890349889957,96.13513803468778,29903700
2016-03-22,95.94186401367188,96.35472605999102,95.28304331044875,95.55535372318234,23602100
2016-03-23,94.16825866699219,95.67487955251801,94.09777855034388,95.63083031986217,39243300
2016-03-24,94.4502182006836,94.46784327486894,93.16386338699996,93.60439613368598,30924300
2016-03-28,94.56474304199219,94.96121974984864,93.87751316331035,94.65284823018307,21096400
2016-03-29,97.19033813476562,97.21676902560074,94.07136529828513,94.30925675979451,46761100
2016-03-30,97.19913482666016,97.90398983667332,96.96125012592816,97.70134183664598,35683500
2016-03-31,97.47229766845703,97.94807396138191,97.21678780436787,97.34014318875397,28555900
2016-04-01,97.90401458740234,97.99211980542863,96.45906750137998,96.57360361261442,29981400
2016-04-04,97.0846176147461,98.08021929205917,97.00531821775827,97.71898590266117,21529400
2016-04-05,95.9832763671875,96.79385500247511,95.89516444083328,96.36213479572352,32515800
2016-04-06,97.06698608398438,97.15509129100315,95.67490095830007,95.97446672855958,28157800
2016-04-07,95.75418090820312,96.81145662175318,95.26959228499558,96.36211814059169,33298400
2016-04-08,96.133056640625,96.97887870868759,95.71014224559558,96.57358938786571,26151700
2016-04-11,95.83351135253906,97.40181391427123,95.8158929965635,96.6881461403039,25842100
2016-04-12,96.86434173583984,97.07579557043871,95.53393096907976,95.85111508197616,25058700
2016-04-13,98.95246124267578,99.05819151948376,97.36654742253282,97.42822173683844,40534700
2016-04-14,98.82913208007812,99.2960957977963,98.57362223562909,98.90843148380245,25538600
2016-04-15,99.07581329345703,99.23440535314886,98.55598787235381,98.59123129917381,21176100
2016-04-18,99.82471466064453,99.90400732179592,98.56479084260548,98.6617085764543,19428300
2016-04-19,99.90402221679688,100.55600884189921,99.46348944162024,100.00975250275808,23228100
2016-04-20,100.0538101196289,100.62650411968117,99.53398462797963,99.90403057681443,21422500
2016-04-21,99.55158233642578,100.3709734657648,99.26083584949582,99.97449670595387,20535700
2016-04-22,100.53837585449219,100.60886270153979,99.54277434742872,99.54277434742872,29094500
2016-04-25,99.82471466064453,100.36216510398958,99.39298776550132,100.26524737014076,16369600
2016-04-26,100.80268859863281,100.90841213716998,99.71016273911823,100.15069540834328,30564100
2016-04-27,101.1551284790039,101.36658904004335,100.35336236488413,100.86438197106827,24360300
2016-04-28,100.00093078613281,101.32252899035483,99.72780264163234,100.67934823995517,26126500
2016-04-29,99.10224151611328,99.96568186441364,98.43262991396506,99.56920511374449,33284500
2016-05-02,99.98331451416016,100.009745403275,98.83792669121092,99.41062060268554,21881000
2016-05-03,98.34452819824219,99.17272515238461,97.73659088516224,99.16391933769935,37929600
2016-05-04,97.53396606445312,98.67054157472151,97.24321950480113,97.78947591299385,30767200
2016-05-05,97.14627838134766,98.08901814379497,97.00530468281546,97.93042609394422,26249200
2016-05-06,97.71897888183594,97.73659723434693,96.51191671394383,96.74099562856493,25497400
2016-05-09,98.0008773803711,98.58237687081039,97.47223292470728,97.72774261907986,23427000
2016-05-10,98.98772430419922,99.03178027544084,97.85996134918739,98.37979357744914,18635300
2016-05-11,97.76303100585938,98.91722470624777,97.68373833422807,98.76744517850203,23604600
2016-05-12,97.24321746826172,98.2300066866522,96.47668793869276,97.96569102686792,34803000
2016-05-13,96.60003662109375,97.74542464650808,96.35333931641925,96.97008257810549,24510300
2016-05-16,97.82469940185547,98.25641960592472,96.80266693805945,96.84671617896666,27337000
2016-05-17,96.27403259277344,98.16832492677172,95.83349980449462,97.69254870879097,46676300
2016-05-18,96.77625274658203,97.49873306985629,95.85113779970243,95.86875615592966,35734400
2016-05-19,96.00090026855469,96.71456120370252,95.14626562068815,96.07138712491405,36995600
2016-05-20,97.61324310302734,97.61324310302734,96.2387831367056,96.29164491325768,37404500
2016-05-23,97.49871826171875,98.14189235729272,97.35774454532093,97.59562928924629,23721700
2016-05-24,99.5075454711914,99.75424274992767,98.03616089244863,98.07140432112477,41124300
2016-05-25,100.08903503417969,100.3533573613018,99.63088395209682,99.82471942905357,26202900
2016-05-26,99.9745101928711,100.4590922177901,99.78067469410479,100.23882582773689,15157200
2016-05-27,100.9701156616211,100.9701156616211,100.00975739135103,100.05380663782385,21265100
2016-05-31,101.3225326538086,101.79830883117039,100.88199990313987,101.163940594688,32764400
2016-06-01,102.00975036621094,102.15952987009469,100.81150089114993,100.97890546725266,26806100
2016-06-02,102.79390716552734,102.79390716552734,101.6485260833359,101.75424963806353,23303300
2016-06-03,102.17718505859375,102.61771788597615,101.3225502979523,102.61771788597615,28733200
2016-06-06,103.27848052978516,103.59566459086446,102.21239227193334,102.27406657703236,26946000
2016-06-07,103.57807159423828,103.94812426142005,103.04943356940358,103.34018683576167,21038500
2016-06-08,104.34459686279297,104.52961982787268,103.65736678621207,103.66617932416736,27999900
2016-06-09,103.67497253417969,103.91286397606879,103.3401700745535,103.91286397606879,23440700
2016-06-10,102.2652587890625,102.97891959862476,101.9304563632669,102.71460401678468,32686800
2016-06-13,101.1551284790039,102.36219064078443,100.96129299238258,101.89522699864926,36169500
2016-06-14,100.86438751220703,101.41945639093734,100.15071984298609,100.78508811696172,34267600
2016-06-15,100.93485260009766,101.81591802215715,100.84674740229084,101.22560580265626,24197700
2016-06-16,100.92606353759766,100.96130024497246,99.46349146766069,100.19477750262917,36306600
2016-06-17,100.49432373046875,101.25204056016334,100.15952127720675,100.80270201757392,30096400
2016-06-20,101.58686828613281,102.60008836765851,101.58686828613281,102.02740109444736,28219800
2016-06-21,101.39302062988281,101.6837738618227,100.73222149656293,101.62209282292963,34706800
2016-06-22,100.99654388427734,102.09787584694196,100.87319524221866,101.58686292498318,27226100
2016-06-23,102.92607116699219,103.00537055721907,101.96571300110817,102.04500566933876,30240300
2016-06-24,99.01415252685547,100.47672469105115,98.23881719670186,98.62648822277728,74945400
2016-06-27,95.76302337646484,97.85995710997777,95.322490571122,97.85995710997777,58358800
2016-06-28,97.24321746826172,97.69255610649421,96.53836226484216,96.6088491295836,42040600
2016-06-29,99.45464324951172,99.60442945110312,98.26520650342752,98.41498598302451,34031600
2016-06-30,101.30488586425781,101.34012255906329,99.18151537552569,99.6661039540314,42973800
2016-07-01,101.6661376953125,102.15953217665556,101.14631232703974,101.36657868078154,24401900
2016-07-05,100.16831970214844,101.55159200390143,99.62205677663002,101.34013148447784,29347200
2016-07-06,100.89569091796875,101.00200192063215,99.49595979802629,99.69972086340195,24678300
2016-07-07,101.10828399658203,101.87016245133732,100.47043839719849,101.18801892082706,20780600
2016-07-08,103.46478271484375,103.7305499975473,102.01189994087082,102.10048903510534,37964800
2016-07-11,104.6607666015625,104.9176797409823,104.06721215475586,104.14694032272293,26987300
2016-07-12,106.06050109863281,106.680631622698,105.27204653564316,105.42264869735673,44153000
2016-07-13,105.64412689208984,106.65405762732611,105.3783528001157,106.60090551249765,28050200
2016-07-14,105.75043487548828,106.62747853981399,105.68842182364537,106.57432642649599,19345400
2016-07-15,106.04277801513672,106.34398909405326,105.67069970493017,106.21110205214643,23857300
2016-07-18,106.21995544433594,106.61860978281862,105.71499012809743,105.89216833210857,17422400
2016-07-19,105.68842315673828,106.28197762599518,105.36063601633937,106.09593846811984,19734100
2016-07-20,106.37944793701172,106.69837419952184,105.36951702536871,105.90991948357102,22390500
2016-07-21,105.87445068359375,106.84008336252008,105.64411361675492,106.31740294194493,19018700
2016-07-22,106.66289520263672,106.88437131113102,105.7326928433949,105.936453837132,17796100
2016-07-25,106.50343322753906,106.71604840138028,106.0959179947957,106.4414201868806,13694600
2016-07-26,107.01728057861328,107.16788274156254,106.23768018891673,106.48573240057804,19551100
2016-07-27,107.3184814453125,107.61083158202537,106.61861600844635,107.19445534347958,21064700
2016-07-28,107.04385375976562,107.40707112882083,106.7780796778886,107.08814493413468,16540100
2016-07-29,107.25643920898438,107.86771537233852,106.35281974738213,106.9375131027921,30267900
2016-08-01,107.34506225585938,107.8145906277244,106.69835566179033,107.37163831329839,34771700
2016-08-02,105.847900390625,107.38051179253232,105.51125226663953,107.33622061126673,28691000
2016-08-03,106.7071762084961,106.75147412954276,105.51120668828813,105.750404647678,17830300
2016-08-04,106.80465698242188,107.36278120910276,106.53888965635475,106.7072069351892,17526700
2016-08-05,108.34612274169922,108.59417491955882,107.16786813795116,107.4956484763021,28643400
2016-08-08,108.29296875,108.8333710584809,108.10692960823177,108.39041878981887,14625700
2016-08-09,108.40814208984375,108.63847240615516,108.20438106965946,108.31954622781517,12487700
2016-08-10,107.62853240966797,108.61188691429095,107.32732813347016,108.41698684902661,19138100
2016-08-11,108.14239501953125,108.43474521581456,107.69944263446577,108.10695801765597,21144600
2016-08-12,108.24868774414062,108.48787901775793,107.75257656058686,107.9297615400403,12251200
2016-08-15,109.32062530517578,109.57753844158181,108.46129679072831,108.48787284640557,22048000
2016-08-16,108.4347152709961,109.07256761077083,108.31068917814157,109.03713061868166,20244300
2016-08-17,108.11579895019531,108.52331425797169,107.48680749087207,108.47016214445348,20632600
2016-08-18,108.91311645507812,108.9396925123271,108.11580094302975,108.15123793900034,16244600
2016-08-19,108.91311645507812,109.0282816227956,108.32841615993736,108.76250753247419,17379500
2016-08-22,109.16114044189453,109.26744464340305,108.37268607244035,108.68275125836377,16929700
2016-08-23,109.92301177978516,110.2596529947057,109.50663565988303,109.50663565988303,21539400
2016-08-24,109.02826690673828,110.07363449056666,108.76249285228964,109.79900625750737,21533400
2016-08-25,109.24089813232422,109.57754621857026,108.6207675927909,108.62962853161736,17023200
2016-08-26,109.0194091796875,110.21538570101133,108.34612660404295,109.36491140529633,26734400
2016-08-29,109.58638000488281,110.00275618633317,109.17886476060991,109.20544081322765,14013900
2016-08-30,109.7901611328125,110.00277635164494,109.30291088245076,109.70157202154199,14031300
2016-08-31,109.17003631591797,109.75472988807624,108.56762086522734,109.65727983289715,29236300
2016-09-01,109.24976348876953,109.52439177325115,108.09808471573447,109.26747860822283,22964700
2016-09-02,110.30396270751953,110.32167782223505,109.52436248174827,109.86101049157293,23083300
2016-09-06,110.41026306152344,110.71147407249364,109.82556967150886,110.66717614887872,13711000
2016-09-07,111.10128784179688,111.12786389567009,110.277396377152,110.33940942249453,17830500
2016-09-08,110.87980651855469,111.10128263567333,110.53429755764809,111.01268678169411,16265500
2016-09-09,107.4159164428711,110.03819284970565,107.38047945318101,110.01161679716675,54239000
2016-09-12,108.91311645507812,108.9396925123271,106.82238100522503,106.91983105441516,33408100
2016-09-13,106.82235717773438,108.22208779123093,106.20222002494906,108.13349194160847,47536200
2016-09-14,106.8400650024414,107.61080423273313,106.56543681231037,106.99066712226076,30545500
2016-09-15,108.11579895019531,108.2486859929066,106.76036598415493,106.91096814506703,29499800
2016-09-16,107.95633697509766,108.11580007622887,107.28304757488637,108.11580007622887,31940500
2016-09-19,108.67390441894531,109.45350471201176,108.07148908290078,108.3638391928007,22807000
2016-09-20,108.21324157714844,109.17002010836215,108.21324157714844,109.14343729451014,16877900
2016-09-21,109.7812728881836,109.82557081225863,108.16892713200056,108.59416422281241,30784700
2016-09-22,111.35819244384766,111.44678830057977,110.43685771585102,110.49887076021454,36287700
2016-09-23,110.56974792480469,111.51766555040027,110.56974792480469,111.23417635654688,26118000
2016-09-26,109.47175598144531,110.30680329038935,109.35626574027066,109.97811697959087,20028000
2016-09-27,109.91590881347656,110.04915632823653,109.09861898324456,109.41842657385821,16939500
2016-09-28,110.75984191894531,110.83091177890003,109.32959318093226,110.11134130764952,19426400
2016-09-29,109.14303588867188,110.72430293804076,109.00089617396272,110.70653886249944,26657700
2016-09-30,110.34232330322266,110.84868423287904,109.14304813062547,109.64052363271725,31764500
2016-10-03,109.99586486816406,110.24460261623949,109.3828991478387,110.00475029562256,18674300
2016-10-04,109.45396423339844,110.43115110571306,108.95648875896809,110.17352794142734,26057300
2016-10-05,110.11133575439453,110.75983633298442,109.84483395939716,109.88036888758238,24317300
2016-10-06,109.99586486816406,110.17353275176214,109.10751189498309,109.9336804311452,18937100
2016-10-07,109.11637115478516,110.44001486966955,108.58336085421908,110.19127718124496,28732700
2016-10-10,110.4222640991211,110.81313475190757,109.11638429997966,109.11638429997966,21481700
2016-10-11,108.40572357177734,110.25349957588855,107.79275778733756,110.20020056075329,31931300
2016-10-12,108.31687927246094,108.92095957080106,107.96153672444991,108.45901222510813,20210400
2016-10-13,107.41963958740234,107.85493742290171,106.70007584998605,107.48182402424578,26302500
2016-10-14,106.98434448242188,108.2369185993409,106.95769497872499,107.81051298500061,24554600
2016-10-17,106.85997772216797,107.35745320791362,106.74449427800421,107.11760089231345,17119500
2016-10-18,107.47293090820312,108.00594126334417,107.18865826695495,107.95263548351399,19158900
2016-10-19,107.92599487304688,108.33463640490427,107.04652737573629,107.64172220838108,18477400
2016-10-20,107.606201171875,108.37907075572326,106.96659267698892,107.61508659999164,20485600
2016-10-21,107.55287170410156,107.81938025137075,106.69116841587099,106.83330811510626,21093700
2016-10-24,108.23693084716797,108.92096648156875,107.8904737047141,108.4146055212442,15421600
2016-10-25,107.42852020263672,108.370172140541,107.13536210882293,108.21026834187849,16459800
2016-10-26,106.36249542236328,107.49070062028576,106.12263634453438,106.70006708355073,24975300
2016-10-27,105.14545440673828,106.72672155381062,104.90559531774481,106.70895747717168,29525700
2016-10-28,104.852294921875,105.74064784915018,104.60355718665313,105.10103265709685,35473700
2016-10-31,105.26983642578125,105.3942053105745,104.647992001815,104.98556372088298,20311800
2016-11-01,103.98171997070312,105.44749697902786,103.29768437439584,105.41196882378696,34147200
2016-11-02,102.6580581665039,103.9372885015066,102.50703980128684,103.82180506532791,29859900
2016-11-03,102.16061401367188,103.26217004096176,102.05400919389668,102.96901864737434,22717500
2016-11-04,102.81800842285156,103.84850149787032,102.20504925832273,102.42713758198045,35237200
2016-11-07,105.3320083618164,105.5540965979489,104.56802428731301,104.82564745453811,32370900
2016-11-08,105.607421875,106.12266833761466,104.56805029798532,105.09218218998211,26196800
2016-11-09,108.85877990722656,109.11640309639274,104.87007674430639,104.89672625049674,77416800
2016-11-10,110.59993743896484,111.39945641452452,108.92983640592506,110.38673463801388,83440700
2016-11-11,113.14063262939453,113.46044023466267,110.64436300044707,111.07076862240781,95612800
2016-11-14,114.73077392578125,115.71684620686706,114.05563058803926,114.55310605323756,83119400
2016-11-15,115.08614349365234,115.38818028568672,113.97570215070932,114.46429905264269,38704500
2016-11-16,115.07723999023438,115.48588832860418,114.6241848466601,114.81962358824684,42325500
2016-11-17,115.75240325927734,116.2232292837689,115.26380637861868,115.44147427471503,42576900
2016-11-18,116.3653793334961,116.45420651181918,115.75241351573783,116.09887068814128,41380600
2016-11-21,116.9072494506836,117.26258519586789,116.02777518184627,116.64961951351367,32293100
2016-11-22,117.97327423095703,118.0621013926621,116.96943106183902,117.36918717748743,39681500
2016-11-23,118.7105941772461,118.72835147428493,117.35141541840318,117.68898027959261,37939200
2016-11-25,119.10149383544922,119.12814334117243,118.63065427222655,118.7994435119343,13373400
2016-11-28,117.5557861328125,119.03933442023232,117.39587550056167,119.01268490738964,32505700
2016-11-29,117.49356842041016,118.23090307167577,117.35144223567774,117.71565668084467,27993700
2016-11-30,116.91615295410156,118.23091175700338,116.81843357012417,118.079893355437,32491200
2016-12-01,116.34760284423828,117.75120232365603,115.74351570699383,117.48469369120089,39815900
2016-12-02,116.28540802001953,116.79177576151532,115.9478430808807,116.32094973268154,24054100
2016-12-05,118.2842025756836,118.44411317255901,117.1648826183226,117.23595248857924,27547100
2016-12-06,119.56343841552734,119.84771790912129,117.91999334196149,118.61290766360631,27820000
2016-12-07,120.7271499633789,120.97588768328995,119.19918193810298,119.5634098691117,31825800
2016-12-08,122.62824249267578,122.7792744316589,120.63834044253016,121.03809658259041,49048900
2016-12-09,122.86808013916016,123.3211487665963,122.37060471351074,122.94802864217053,34313500
2016-12-12,121.57110595703125,123.09907410699358,121.26905565375762,122.54828606351121,34592900
2016-12-13,121.57999420166016,122.63713645857165,121.02921966990108,122.17518909521719,32624600
2016-12-14,120.06085968017578,122.0152464268401,119.75882302121354,121.18907138298906,45923700
2016-12-15,120.95819091796875,121.82877337333225,119.89216964841403,120.25638420650141,41352500
2016-12-16,120.7360610961914,122.17518863775597,120.48732333728374,121.12693859024381,39348200
2016-12-19,121.52668762207031,121.87314473421432,120.73605402998831,120.8515306972427,33393900
2016-12-20,122.55718231201172,122.77927055561082,121.69547884243197,121.95309524072303,31753600
2016-12-21,121.75767517089844,122.72597680821329,121.71325480432958,122.45948171918552,23215900
2016-12-22,120.7077865600586,121.9833647550633,120.252849029756,121.8138792917038,34737900
2016-12-23,121.35002899169922,121.42139200990708,120.66318546226856,120.83267092912422,17081400
2016-12-27,121.89415740966797,122.4739768156655,121.50168123482962,121.51951178066066,13571700
2016-12-28,120.64531707763672,122.18850290456395,120.27067151560763,122.10822462936513,22712400
2016-12-29,120.75233459472656,121.54622916489994,120.14576957980714,120.6809716027774,21312900
2016-12-30,120.28849029541016,120.98426242256794,119.88707178188972,120.95750300314636,28399300
2017-01-03,120.88616943359375,122.05470973637722,119.976308118538,121.75142716839252,29792400
2017-01-04,122.902099609375,123.0626697451062,121.32322572833021,121.3589140300923,34499400
2017-01-05,121.48383331298828,122.8842933391303,120.87725449593897,122.64345847794169,30286900
2017-01-06,121.0378189086914,121.94768028532106,121.02889002537474,121.68007239677085,23436000
2017-01-09,120.24390411376953,121.0645581872641,119.97629626975818,120.90398803641715,24077900
2017-01-10,121.39461517333984,121.65330777863878,120.20823068656351,120.42231971049,21684900
2017-01-11,121.60868835449219,122.0190085830186,120.79694955701132,121.51948120336891,27428800
2017-01-12,120.67208099365234,121.51057930653795,119.16456980700933,121.45706045441364,41844200
2017-01-13,121.5462646484375,122.1796028799427,121.00213358568614,121.00213358568614,27784500
2017-01-17,119.8960189819336,121.03779975537384,119.64625528843732,120.95752148484299,28197800
2017-01-18,120.28849029541016,120.36876855367488,119.48566687946767,120.20819842604703,21289700
2017-01-19,119.30728149414062,120.81479249976785,118.78990996722655,120.54718466017779,34105900
2017-01-20,119.92277526855469,120.31526495123953,119.3072813217171,119.3072813217171,29286100
2017-01-23,119.42323303222656,120.13683569982632,118.74529144246901,119.55703012962691,20537000
2017-01-24,121.25189208984375,121.56410355589958,119.72655029217124,119.83358800117216,34313800
2017-01-25,122.39366149902344,122.69694401964507,122.16172836234843,122.25985077914949,29127300
2017-01-26,121.90303039550781,122.65232130993788,121.68894144377175,122.50959534211383,22255600
2017-01-27,121.48383331298828,122.24203982042081,121.00213636840452,122.00120495923221,19467800
2017-01-30,119.78901672363281,120.63644418543367,118.85240929508414,120.62751529987406,40464400
2017-01-31,120.62744903564453,120.9218162641803,119.06641936410851,119.41430543217831,32945000
2017-02-01,120.55609130859375,122.090361627339,120.15468638346718,121.51055602561165,30010500
2017-02-02,120.25283813476562,121.01997348129255,119.96739970478717,120.68993146850738,19935700
2017-02-03,122.09034729003906,122.18846969231167,120.87720377607661,121.30538168295575,24534100
2017-02-06,121.17156219482422,122.0100601877778,120.80583203005142,121.67108943885701,23691500
2017-02-07,120.63642883300781,121.73360633983414,120.21717959824166,121.15380051870018,30342200
2017-02-08,120.42232513427734,120.63641416784634,119.4321854720625,120.63641416784634,32956900
2017-02-09,122.11714935302734,122.42936081776858,120.42232211583796,120.42232211583796,28267600
2017-02-10,123.04481506347656,123.42837580244804,122.38471764836302,122.91100435996952,27287600
2017-02-13,123.36600494384766,124.17774401688796,123.17867530733648,123.78525419646826,23245100
2017-02-14,123.77632904052734,123.94581452364218,122.75051447897636,123.04488185315918,27145000
2017-02-15,124.51669311523438,124.67726330891031,123.16083660316902,123.26787432488366,20253500
2017-02-16,124.1688232421875,124.73971385160263,123.28573469966902,124.40075648455056,24613600
2017-02-17,124.0885238647461,124.1331274507869,123.32138846259612,123.49978919565585,26703200
2017-02-21,125.06079864501953,125.16784995594686,124.32935167770559,124.32935167770559,21353500
2017-02-22,124.50772094726562,124.90021056233982,124.21335373595998,124.88236641317341,14890800
2017-02-23,123.76738739013672,124.89132417022326,122.82185132911277,124.8467341987844,24596200
2017-02-24,123.67818450927734,123.67818450927734,122.47396940556388,122.61669543019896,24512300
2017-02-27,124.88240051269531,124.88240051269531,123.2856958093105,123.401648782809,28269000
2017-02-28,122.95561218261719,124.41851942500452,122.8842491938302,124.32932589734456,40184100
2017-03-01,125.20354461669922,125.64955325189534,124.45425337623455,124.57020636583525,35719800
2017-03-02,123.76738739013672,125.2035356369096,123.66926495298692,125.17677620960534,25937000
2017-03-03,123.67818450927734,124.36504159311866,122.9913410365389,123.81199526153631,30989800
2017-03-06,122.83076477050781,123.07161322375903,122.19744018560931,122.90212777928974,23892100
2017-03-07,122.0279541015625,122.8664524364776,121.85846865798152,122.56315624796852,29711300
2017-03-08,121.2251205444336,122.75939107188579,121.11808284613261,122.45610851929898,34115100
2017-03-09,120.74344635009766,121.75143012172883,120.32419718549542,121.1626955146999,35223800
2017-03-10,121.27869415283203,121.59089208250126,120.27962538901588,121.57304792302982,39516600
2017-03-13,121.56405639648438,122.01898009435808,121.00208142003675,121.00208142003675,21295000
2017-03-14,120.98429870605469,121.16269942606748,120.02983375677744,121.09133641584187,30037800
2017-03-15,122.85752868652344,123.11622130419809,121.28758326926321,121.5730217037184,31230400
2017-03-16,123.01810455322266,123.55330674673712,122.70589306534507,123.29462772820396,25306600
2017-03-17,123.50869750976562,123.74953233428987,122.48286964608762,123.22324549552789,33324600
2017-03-20,122.97346496582031,123.56219945632071,122.5363717329762,123.34811047492984,19091200
2017-03-21,119.50357055664062,123.63361541854415,119.45896696502056,123.55332350918599,61869000
2017-03-22,119.5302963256836,119.80681946030262,118.4420343299497,119.27161734490811,46332600
2017-03-23,120.22608947753906,121.04674375250988,119.20919030952048,119.53031707895286,37764600
2017-03-24,120.31285858154297,121.18954891214092,119.74926511529573,120.72436043761468,33514400
2017-03-27,120.5364990234375,120.83171398384268,118.4431578178642,118.76520926100653,35596700
2017-03-28,121.47581481933594,121.57421981553418,119.99975352666011,120.12499500815808,26891900
2017-03-29,121.86940002441406,122.10200103102778,121.03744191695559,121.3952707190314,22119500
2017-03-30,122.79086303710938,122.89822263370935,121.8962770838002,121.94996370724938,25792900
2017-03-31,122.98766326904297,123.60492971184,122.50459289876113,122.93399030015578,29434300
2017-04-03,121.69049835205078,123.54229740473822,121.30583303209846,123.42599688926647,38834900
2017-04-04,121.54736328125,122.15568869839646,121.08218851258587,121.60103624299622,25642600
2017-04-05,120.16970825195312,122.94291595177165,119.94606180921153,122.40617267936915,44968800
2017-04-06,121.28795623779297,121.3326882622173,119.72243093502283,120.35757927083733,41012100
2017-04-07,121.23426818847656,121.69050202014094,120.54543331885745,120.9569487819573,24300200
2017-04-10,121.50265502929688,122.42407735010976,120.91222510034008,121.18954452598132,22779900
2017-04-11,122.46876525878906,122.48666079317486,120.84062653730376,121.01059998823594,32589200
2017-04-12,120.80487060546875,122.28988643467436,120.69752466851799,122.23621346619899,25700800
2017-04-13,119.6240234375,121.10008466052533,119.5703504694332,120.66174632111506,30207000
2017-04-17,121.02850341796875,121.05535354947395,119.58821977510719,119.93712133142292,18278800
2017-04-18,121.05533599853516,121.1805774427872,120.01761337456476,120.51857915157291,24553300
2017-04-19,121.47581481933594,122.52249234721613,121.25216834163975,121.38636441843609,34627600
2017-04-20,123.02342987060547,123.15761226612521,121.79783817358204,121.96781164143675,31934400
2017-04-21,122.74612426757812,123.0502801651015,122.29883136523337,122.77296074969513,29386000
2017-04-24,124.27587127685547,124.65159571587314,123.89120589296745,124.41900829656625,33836900
2017-04-25,125.48355102539062,126.02924889651842,125.3225184870387,125.45671454404793,32751700
2017-04-26,126.12767028808594,126.87017821919493,125.35832587214269,125.39410330182255,41669200
2017-04-27,126.09185791015625,126.85226125281552,125.67140151837457,126.44074580436924,23004300
2017-04-28,124.4011001586914,126.28867675779672,124.38320462046542,126.16343529080712,31113900
2017-05-01,125.11676025390625,125.50142556415848,124.15060603125391,124.91995030205328,20925200
2017-05-02,124.48155212402344,125.5461109270071,124.07005048691586,125.22405963913214,17993900
2017-05-03,123.71223449707031,124.13269081388586,123.17549133644748,123.89116253423731,27050300
2017-05-04,123.54230499267578,124.10588476699516,122.65666013260807,123.92697033625416,25799100
2017-05-05,124.33848571777344,124.33848571777344,123.03238443879366,124.07010724671775,23806500
2017-05-08,123.8196029663086,124.32950968813589,123.23811410422532,124.04324937858054,16680000
2017-05-09,123.76596069335938,124.19535808928815,123.25604019482756,123.98065256617521,23988400
2017-05-10,124.53524780273438,124.77677604855045,123.32755197249077,123.48857080303482,19791500
2017-05-11,123.66753387451172,124.19533616909087,122.54034713998608,124.0521991789456,28617300
2017-05-12,123.01449584960938,123.35444284216958,122.70139899093793,123.19342394061802,24111200
2017-05-15,123.9716796875,124.57105042854647,123.43492284313031,123.43492284313031,31132200
2017-05-16,124.01641845703125,124.38318821536518,123.11287817478627,124.32057431527669,18520900
2017-05-17,120.67066955566406,122.59402343069767,120.5454280984567,121.95887520139422,50791200
2017-05-18,121.10902404785156,121.57419881288365,120.08024223799846,120.3844117693445,44805100
2017-05-19,121.69049835205078,122.34354212677893,121.14480049911487,121.34161045593079,44450500
2017-05-22,122.51350402832031,122.73715044445463,121.8067873594652,121.89623773574256,20062700
2017-05-23,122.91606903076172,123.17550652647212,121.97676497126346,122.81766405830165,16681400
2017-05-24,122.99661254882812,123.47968289823434,122.40618261598976,123.01449443748623,21256000
2017-05-25,123.07710266113281,123.99852484323188,122.73715572588652,123.57806847078342,22804200
2017-05-26,123.04130554199219,123.26495195675902,122.3614253552068,122.89818221076474,20047300
2017-05-30,122.0751953125,122.95188565368983,121.86048978697917,122.66561161966207,25544100
2017-05-31,121.94995880126953,122.48670216148312,120.44704736201628,122.41513365006175,34345400
2017-06-01,124.30271911621094,124.34745114524381,121.9052352433957,122.30779620409392,44618600
2017-06-02,125.10785675048828,126.15452072567894,124.3921852250599,124.75001416262461,46680200
2017-06-05,124.32952880859375,125.34041511561966,124.30269232701747,125.20623270773827,20808900
2017-06-06,124.21324920654297,124.93786155209294,123.28287228980732,123.55125077156939,25460900
2017-06-07,124.32952880859375,124.82155372131857,123.89119050931731,124.22218288228864,20542200
2017-06-08,126.02925109863281,126.548112497484,124.11483804439371,124.32952989888666,33956400
2017-06-09,126.68228912353516,127.83629873964239,125.86821281162256,126.54810672060245,56979400
2017-06-12,126.4765396118164,127.02223747356364,126.03818767359473,126.72702253357296,34665500
2017-06-13,127.12068176269531,127.30853718695494,126.55708818931706,126.85230322059616,22046800
2017-06-14,126.36917114257812,127.06694689696695,125.644558909197,127.05800595406768,33021900
2017-06-15,125.72506713867188,126.11868702717118,124.9646774907022,124.9646774907022,27376800
2017-06-16,125.41200256347656,125.43883904910723,124.59792609855224,125.26886553991447,35608400
2017-06-19,126.34236907958984,126.65547962018485,125.69826610773022,125.74299813500069,25163300
2017-06-20,125.06310272216797,126.10976651325089,124.973638678364,126.02925706400526,20111900
2017-06-21,124.74996948242188,125.95766560217987,124.54421859952845,125.28672634682411,23351400
2017-06-22,125.22412109375,125.59090456138776,124.35637174362971,124.6784231895537,17917200
2017-06-23,126.05607604980469,126.20815398292493,124.83943893454814,125.3672412289586,20772500
2017-06-26,126.20819091796875,126.61075187642595,125.42095089232893,126.21713186360604,22988300
2017-06-27,125.098876953125,126.69123861001412,125.01836750593645,126.22606381494951,24610100
2017-06-28,127.01331329345703,127.26379627519248,125.59986581063633,125.8414078467022,25085400
2017-06-29,126.26184844970703,127.34430335257018,124.92891059664855,127.24589836140079,38794900
2017-06-30,126.06501007080078,126.73594931847057,125.9308276813844,126.36022497781077,22798500
2017-07-03,127.12068176269531,127.47851071862772,126.4050102005308,126.44078763600416,12968200
2017-07-05,126.66439056396484,126.89699159055839,125.86820980820652,126.7627955405325,21865500
2017-07-06,125.01032257080078,126.20526262146369,124.73180528629626,125.72009198262657,30563400
2017-07-07,126.22327423095703,126.39396825412028,125.04629294667183,125.27090549791323,20511000
2017-07-10,125.67520904541016,126.58263874479901,125.21699070345471,125.71114101867084,17206000
2017-07-11,126.04354095458984,126.12441187137252,124.86657368087806,125.58533640269508,16192900
2017-07-12,127.01388549804688,127.77757356222966,126.6904429155914,126.7263885965645,19358600
2017-07-13,127.12168884277344,127.18457321069755,126.12440884612225,126.861130679101,16559300
2017-07-14,127.33734130859375,127.8494644962073,126.7713270124432,126.7713270124432,15465300
2017-07-17,127.63379669189453,127.99318489460099,126.91503399573979,127.22051739535482,15374600
2017-07-18,127.3013687133789,127.46308311517527,126.71736805195782,127.16659300262441,16653300
2017-07-19,128.56820678710938,128.60413875679706,127.47209663662888,127.47209663662888,16985500
2017-07-20,128.65806579589844,128.94557644011573,128.29869119988888,128.5861881348441,17047800
2017-07-21,128.0740966796875,128.77488683704328,127.80455884010513,128.4873761523517,21662700
2017-07-24,128.25375366210938,128.3166517504799,127.55296367053889,127.85843341881099,16694000
2017-07-25,129.4217529296875,129.6014402262771,128.66705805845407,129.03541221822104,21066400
2017-07-26,128.70301818847656,129.51161805464582,128.5233308525795,129.51161805464582,13574900
2017-07-27,127.8853759765625,129.0892957453362,127.17560647385555,128.90960847838275,24355800
2017-07-28,127.54400634765625,127.90338097191261,127.10376078006853,127.59791117036839,19933300
2017-07-31,127.13970947265625,127.9213706325294,126.65455229520478,127.77761528022343,16417700
2017-08-01,127.38226318359375,127.75961060744653,126.65452074407325,127.73265819926145,19835900
2017-08-02,125.9896011352539,127.41814661745819,125.54037627262164,127.21149330998387,19934300
2017-08-03,125.36077117919922,126.26820106074018,125.02834895008039,126.17836425492463,19624900
2017-08-04,125.97168731689453,126.07051737058787,125.32480218531265,125.70214956052544,16473500
2017-08-07,126.17833709716797,126.54670493673913,125.52247234789651,126.17833709716797,9176200
2017-08-08,125.78302001953125,127.39123974342033,125.50450266868408,126.15138786838257,27248700
2017-08-09,124.69591522216797,125.23499090367277,124.23771048937374,124.9924054760692,26534300
2017-08-10,122.43183898925781,124.23771934527657,122.4228457113911,124.23771934527657,40983500
2017-08-11,122.6114730834961,122.85405842305167,121.98256082285118,122.37788101790201,32779600
2017-08-14,124.47122955322266,124.51615478517971,123.29426250593029,123.32121490325332,21710900
2017-08-15,123.44705200195312,124.72286335016223,123.39314718343259,124.70489050756802,16646000
2017-08-16,123.48298645019531,124.3365113207113,123.27634676158343,123.6896261388072,21858600
2017-08-17,121.2278823852539,123.70761378235933,121.21890281833052,123.0697080899737,32722900
2017-08-18,121.21888732910156,121.70405806621993,120.50012449846072,120.81458752101007,42401900
2017-08-21,121.13799285888672,121.30870052096242,120.51806027945666,121.01221043039776,21504100
2017-08-22,122.44976043701172,122.5935157459815,121.41654828597066,121.52435791306759,25170600
2017-08-23,122.25206756591797,122.70129245378993,121.47940021040797,121.76689700983312,18381900
2017-08-24,122.62947845458984,123.02478504525264,122.20720574414783,122.7642405071723,15726600
2017-08-25,122.97982788085938,123.36615476112856,122.56653489081413,122.97982788085938,17163000
2017-08-28,123.5009765625,123.63573861538418,122.88104370070722,123.42010562150674,16333300
2017-08-29,123.52791595458984,123.81541287353134,122.39585999261793,122.62946580534803,20277600
2017-08-30,124.3185043334961,124.44428676713683,123.31224486437024,123.41107489860632,15915500
2017-08-31,125.54045867919922,125.72913927742957,124.58810353875985,124.80373654969972,29260600
2017-09-01,126.25023651123047,126.3490665898742,125.54045311662644,125.76506568542916,17412500
2017-09-05,125.03728485107422,126.5826199477678,124.50720264131256,126.34902788310818,21908400
2017-09-06,125.29788970947266,125.78304685813495,124.95647419532176,125.54945470644779,18399700
2017-09-07,124.98339080810547,125.50449349807792,124.51619292929219,125.41464300663914,18159800
2017-09-08,125.08222961425781,125.57637993321559,124.54315404643819,124.8216713964159,21870500
2017-09-11,126.3939437866211,126.60957672940474,125.98964401450385,126.13339930969295,22617700
2017-09-12,127.1666030883789,127.30137880982265,126.51973172063171,126.71737810208369,22679600
2017-09-13,127.54400634765625,127.77759848249657,126.96899872328818,127.04985595735639,25052500
2017-09-14,127.42716979980469,127.72365995574604,127.05880199612669,127.38224455631185,18353800
2017-09-15,127.94828033447266,128.00218514627613,127.17561271034874,127.25646992805395,23184000
2017-09-18,128.81973266601562,129.20605948744208,128.11894294076092,128.1369020655327,24427400
2017-09-19,128.81973266601562,129.09824990178922,128.5591745550138,128.99044031613636,16346300
2017-09-20,129.23306274414062,129.39479089552435,128.71196002631012,128.95454539875522,20244700
2017-09-21,129.09829711914062,129.6104065475499,128.90961656598319,129.394787297382,17395900
2017-09-22,129.64639282226562,129.9788150765327,128.98153460446662,129.08036469482505,25203000
2017-09-25,129.8260498046875,130.2213700736992,129.09830735912578,129.61941010379925,30012800
2017-09-26,130.2394256591797,130.7257572762803,129.85214963268805,129.95121896574855,28238100
2017-09-27,132.7882080078125,133.16646901769667,130.73478324418264,131.15807827148333,66351700
2017-09-28,133.13949584960938,133.3466359080064,132.1938361376427,132.6171313064044,29291400
2017-09-29,133.4546661376953,133.67982248931847,133.05840250249918,133.22050847929034,21738700
2017-10-02,135.0938262939453,135.0938262939453,133.36462696647737,133.57176698557413,29772400
2017-10-03,135.39102172851562,135.39102172851562,134.49039630392025,135.19288303570838,28372800
2017-10-04,134.95872497558594,135.64319534898166,134.5444312348113,135.17486628168282,22024700
2017-10-05,135.3279266357422,135.6611672775974,134.97668338591012,135.35494429015628,22538500
2017-10-06,135.1388702392578,135.4000456092539,134.7065738112669,134.83266084203325,19350800
2017-10-09,134.5804443359375,135.70622606427446,134.3552879902701,135.26492842193613,13981300
2017-10-10,134.9677734375,135.35503590786075,134.56249460451886,135.0308100929842,21951900
2017-10-11,134.86868286132812,135.2649603219507,134.60750748543924,135.03980392318388,15137100
2017-10-12,134.76956176757812,135.1027887122646,134.21117851054652,134.607455819066,17185600
2017-10-13,134.52638244628906,135.08477941814309,134.40029546731233,135.02172905742972,15464400
2017-10-16,134.40933227539062,135.40902696428864,134.2201949050792,134.74255925753923,20653100
2017-10-17,134.02206420898438,134.88667064375232,133.74287253245657,134.43635794162284,18046800
2017-10-18,134.66152954101562,135.01277293875137,134.2652521194769,134.6435131830035,20541700
2017-10-19,134.45431518554688,134.49034788533226,133.4456194707311,133.98600002792438,17164900
2017-10-20,135.0758056640625,135.46308176660048,134.9677350040306,135.37301372160442,25224500
2017-10-23,134.06707763671875,135.22887818309593,133.922974295981,135.22887818309593,14676400
2017-10-24,134.3463134765625,134.89569561925296,134.22922775588003,134.54445219966107,17527700
2017-10-25,133.6978302001953,134.19317689022688,132.59006486972638,134.13914156812382,27235300
2017-10-26,133.9770050048828,134.49936929025176,133.7518486961436,134.13912469324927,15205900
2017-10-27,134.90463256835938,135.01271692913895,133.56270991592402,134.08507414193704,32744100
2017-10-30,133.48170471191406,134.59847148077364,132.74318524254863,134.08512211757775,30524800
2017-10-31,134.42730712890625,134.94067006913448,133.86892392440487,134.00401220212314,22449400
2017-11-01,133.5356903076172,135.57109813027557,132.78816980938612,135.5440804760882,31585500
2017-11-02,133.9320068359375,134.40032214082288,133.04038275892978,133.5087118062679,28176600
2017-11-03,133.8419647216797,134.1571891639562,133.34661791629748,133.72487900155605,22312700
2017-11-06,133.99505615234375,134.5354369306202,133.64381276920028,133.96803848767533,15576800
2017-11-07,132.39190673828125,134.05806888468868,131.9776130922861,134.01303487540332,29549300
2017-11-08,132.57205200195312,132.7972083449396,131.34720094640852,132.08572034778143,30682500
2017-11-09,132.103759765625,132.74321000454077,130.842889390595,131.73451370451676,40144400
2017-11-10,132.00469970703125,132.4820301717246,131.80656097725787,132.13078674030015,17823700
2017-11-13,132.04071044921875,132.22984785855434,131.0410155540566,131.4282779383534,14680000
2017-11-14,131.68043518066406,131.9326091729683,131.12203813274587,131.5453331360677,19682200
2017-11-15,131.15805053710938,131.6804147952875,130.14033967699945,130.90587658384405,23925200
2017-11-16,133.08538818359375,133.65277270846798,131.66239873419917,131.68041508588638,25889000
2017-11-17,133.6978302001953,134.22019455127838,132.5450308538231,132.6170825307779,25816700
2017-11-20,134.67051696777344,134.71555098693457,133.58976922017231,133.97703155156097,22793000
2017-11-21,136.0754852294922,136.25560755682093,135.14784218841908,135.27392919179448,29392300
2017-11-22,135.8953399658203,136.68789456324308,135.86832230840366,136.24658325468715,14136600
2017-11-24,135.9493865966797,136.32764757444852,135.78728063868655,136.1835579703829,6816300
2017-11-27,135.53514099121094,136.55283849549855,135.49010696620857,136.26464547190236,18416900
2017-11-28,137.66958618164062,137.76865551597504,135.6882132374038,136.01243890045723,35898300
2017-11-29,138.12889099121094,138.8854266498348,137.7506300331244,138.10187333295124,38234200
2017-11-30,138.38111877441406,139.19169006475764,138.04789169799795,138.7864112908139,32230700
2017-12-01,137.8136749267578,138.4351085269642,133.9680013918584,137.8136749267578,62734800
2017-12-04,137.30035400390625,139.966211516556,137.16526567659903,139.50688371880253,36366800
2017-12-05,135.93141174316406,137.75969430757277,135.92241043467794,136.35470686375965,29667200
2017-12-06,135.29196166992188,136.16556949114894,135.04878894070035,135.42704999590367,21273800
2017-12-07,136.23756408691406,136.795947256913,135.11178270065912,136.27358304459685,29675200
2017-12-08,136.3636932373047,137.14723292694674,136.24660753932957,137.0301472289716,20832400
2017-12-11,136.30966186523438,137.01214858854865,136.0124538296086,136.38169980497406,26654100
2017-12-12,135.88636779785156,136.83201349510233,135.8323324714319,136.6248734963425,25854800
2017-12-13,136.69692993164062,137.5345187476261,135.8233221442742,135.8233221442742,30082600
2017-12-14,135.18385314941406,137.07515789574998,134.7695594950069,136.75994730925257,32882600
2017-12-15,137.11119079589844,138.02081733644536,135.6161496068229,136.0394445668919,42851600
2017-12-18,138.96649169921875,139.34475269017187,138.20996971731253,138.3990933415631,22714300
2017-12-19,137.86773681640625,139.38979592944457,137.63357916149764,139.37177957369687,24313600
2017-12-20,138.13792419433594,138.64227220473757,137.65157879683966,138.4711511849686,19042800
2017-12-21,138.74269104003906,139.23991462037495,138.39011682753232,138.5347661953615,16772600
2017-12-22,138.48959350585938,138.6703983601126,138.1370192119814,138.66136294548411,13599400
2017-12-26,138.57095336914062,138.70655356095247,138.2274144905158,138.3178238147411,11949600
2017-12-27,138.43528747558594,139.1765911632096,138.14598881098772,138.5076121417355,15949900
2017-12-28,138.9777374267578,138.99582204656366,138.3268290589779,138.53476770043753,10167300
2017-12-29,137.8296661376953,139.35747906501774,137.7663768441144,139.35747906501774,21006500
2018-01-02,139.1314239501953,139.19471322304642,137.82962099286502,138.49860019430074,20489600
2018-01-03,139.2760772705078,139.63770070878928,138.78790287198242,139.10430786163957,21836600
2018-01-04,139.64678955078125,140.26152893927406,139.23997509727525,140.09880867568324,14207100
2018-01-05,139.93603515625,140.1078045823992,139.16761113732602,140.0174090596273,19883900
2018-01-08,140.1530303955078,140.3700045130552,138.76985315814514,139.88181619720535,18457300
2018-01-09,139.96319580078125,140.57793513369032,139.88182188181457,140.3428901760241,16571300
2018-01-10,139.9812469482422,140.279581157095,139.1495336059218,139.64675728734315,18516800
2018-01-11,142.3859405517578,142.53058989728905,140.10776164046385,140.18913551890068,26522400
2018-01-12,142.98268127441406,143.615505238919,142.35889272564208,142.54873301772966,24089800
2018-01-16,141.15655517578125,144.11276460523558,140.84918543057424,143.61554072649994,27704700
2018-01-17,142.4945068359375,142.7838057019509,141.2830988721971,141.75320263220425,18571600
2018-01-18,141.5181121826172,142.38599479189259,141.382511991102,142.13286523804686,17903600
2018-01-19,143.3804473876953,143.46180750556056,141.5271665340027,141.68988676973322,31040900
2018-01-22,144.1488494873047,144.1488494873047,143.11824676808737,143.19960687353293,12702400
2018-01-23,144.60995483398438,144.91732450766807,143.4437378448197,143.95904623410829,16904600
2018-01-24,143.71490478515625,145.21561099646118,143.19959656537955,144.971516903171,20340900
2018-01-25,143.7692108154297,144.57380435663663,143.02790657706802,144.3206747343151,20290900
2018-01-26,144.2845001220703,144.3658602481905,143.53414677172987,144.22121082762482,16120300
2018-01-29,143.4708251953125,144.51951256665942,143.39850050130323,143.79627942109173,18293300
2018-01-30,142.0966796875,143.03688688921974,141.68986536510326,142.53062783961272,24533800
2018-01-31,141.35540771484375,143.2177241234517,140.9576287160095,142.60298479400066,27468900
2018-02-01,141.79835510253906,142.12380930972648,140.60501841134382,140.78582323877592,21413000
2018-02-02,139.06814575195312,141.16550641540087,138.778847015189,141.14743559024538,33314100
2018-02-05,133.7252655029297,139.03196280730808,133.67102544376397,138.01944491749023,52622200
2018-02-06,135.32546997070312,135.94020927811115,130.39846491805466,131.56466803688556,69232400
2018-02-07,135.4610137939453,136.31984690162807,134.3490512186197,135.25308897292183,37101000
2018-02-08,131.48336791992188,135.60578146946835,131.48336791992188,135.5967460500691,44704500
2018-02-09,132.6857147216797,133.74343795361048,128.82546703984178,132.6766655095281,53315300
2018-02-12,133.9422607421875,134.6293245912773,131.51943195782812,132.82124876201837,36213900
2018-02-13,134.23158264160156,134.51183226513623,132.80320068806031,133.23714893856007,25021200
2018-02-14,136.64540100097656,136.97990459503205,133.05636738745974,133.46319571010744,36286900
2018-02-15,138.136962890625,138.2002383562781,136.11191348287605,137.6126193709082,23773600
2018-02-16,138.6251983642578,139.484031796765,137.90196512837352,137.96525441648197,27973900
2018-02-20,137.4861602783203,139.01398736756542,137.11550122700015,137.91105942602272,24046200
2018-02-21,137.63075256347656,139.95412309214575,137.42281388767543,137.79347278503357,26735500
2018-02-22,137.413818359375,139.24901496153325,137.33245822498085,138.14608715798119,16340000
2018-02-23,139.20376586914062,139.23993511368278,137.54937469172435,138.29972787893666,18065200
2018-02-26,140.11683654785156,140.36091684437136,138.74269510228694,139.70097305179738,15267700
2018-02-27,138.10081481933594,140.9214222470736,138.09177940700684,140.28858472644794,18125500
2018-02-28,135.922119140625,138.86024264760303,135.88594989560502,138.4443790970243,29951800
2018-03-01,135.56051635742188,137.02506752475244,134.14118365053181,135.65092568924834,38943200
2018-03-02,137.73016357421875,138.09177317437886,134.15920324865812,134.43946655248251,31842300
2018-03-05,138.95970153808594,139.45691145430692,136.93465124091705,137.2510700917182,19603700
2018-03-06,140.46035766601562,140.47844228565273,138.13698754273793,139.61055987187098,17304000
2018-03-07,141.69894409179688,141.87069975228144,139.42076409945213,139.63773822070837,22684600
2018-03-08,141.40960693359375,142.3588494893172,140.57789371934305,141.84354126395854,23391300
2018-03-09,143.66970825195312,143.74203294273892,141.81642770982427,142.21420661188404,24927200
2018-03-12,143.92286682128906,144.32968121886034,143.28100747711656,143.96807148646968,15310100
2018-03-13,143.25389099121094,144.9173178727229,142.96459216249892,144.64610366943722,17757200
2018-03-14,142.5758514404297,144.09462879104998,142.30463725795425,143.94094397303672,18097500
2018-03-15,141.86166381835938,142.964591456958,141.36444008054406,142.92843600081113,14172100
2018-03-16,142.65716552734375,143.08206439073544,141.70792309222352,141.915847920738,36000300
2018-03-19,141.28306579589844,142.12382835820281,139.6286745038391,142.08765911115427,25663000
2018-03-20,141.24693298339844,141.95208167408572,140.82203392689095,141.6356627870599,11418500
2018-03-21,142.06961059570312,143.07309364119095,141.21077698612135,141.3192709603156,22213500
2018-03-22,138.954345703125,141.91736602113178,138.91809294172373,141.04749331678428,29774800
2018-03-23,135.96412658691406,139.4889540356329,135.91881754912228,139.14462194006776,35744100
2018-03-26,138.93621826171875,138.98152729993575,136.30844613528257,137.81261771527252,28442400
2018-03-27,136.24502563476562,139.27148137318494,135.65604961235627,139.23524243814728,32820600
2018-03-28,136.19969177246094,137.14206982821113,135.36605815475872,136.58933284158115,26510900
2018-03-29,137.5770263671875,138.7278095402867,136.59840923884843,136.89743229137233,22617700
2018-04-02,134.22434997558594,137.7944859991306,133.36351984830335,137.2961143008026,35040700
2018-04-03,136.1453094482422,136.46245879447784,134.3783680975496,135.0307793387858,29857800
2018-04-04,137.87606811523438,138.2566391901298,134.3512402504402,134.55964525723033,29619700
2018-04-05,139.0177001953125,139.18986616292452,138.0209709599139,138.67336826008844,17301600
2018-04-06,136.24502563476562,138.99964096808165,135.14860773718732,138.06633284411626,25762700
2018-04-09,136.40805053710938,138.27467963922808,136.29931996224875,137.187318585141,18997000
2018-04-10,138.9815216064453,139.4980059071046,137.43204105171407,137.8579211060283,23420000
2018-04-11,139.28053283691406,139.82419974798478,138.3019158053362,138.43782907650998,14884600
2018-04-12,140.23193359375,140.8209232805751,139.47984800453779,139.93291061300008,14413200
2018-04-13,139.49803161621094,140.74848935306835,139.09933414495904,140.71223658674768,19813600
2018-04-16,140.78466796875,141.19243537004903,139.64295519368326,140.30442271862384,18846900
2018-04-17,142.3160400390625,142.70568111498696,141.31931048644483,141.54584181563635,18624200
2018-04-18,142.69662475585938,143.51214591531564,142.4066718162843,142.7328775147915,16974200
2018-04-19,141.70895385742188,142.7509925596997,141.24683487079352,142.38854792231,16174500
2018-04-20,140.94778442382812,142.00794929979992,140.58532603052114,141.4008470456814,21480600
2018-04-23,140.7393798828125,141.6183086514022,140.05978594813175,141.15618975331392,13268200
2018-04-24,139.93292236328125,141.9264090690088,138.80933584882538,141.2649276501198,24859700
2018-04-25,139.7245330810547,140.26821384836134,138.60094644063946,139.86951646251995,21981400
2018-04-26,140.36785888671875,140.82092148941834,139.48891633137166,139.92385255857872,14862900
2018-04-27,140.16848754882812,140.7846459521137,139.34391042704496,140.34065352220824,17734300
2018-04-30,138.9271697998047,141.03843007043525,138.8999733142428,140.46758040119582,15624600
2018-05-01,139.6067352294922,139.8060700803987,137.468278912959,138.64623077241887,24977500
2018-05-02,140.1322784423828,141.15620450206004,139.25333575558255,139.3439538202245,16786800
2018-05-03,139.3711395263672,139.99636823751212,137.8760382116625,139.6429798998705,20985900
2018-05-04,141.11087036132812,141.80859062107183,138.4559302215032,138.87274006139052,17927900
2018-05-07,142.30699157714844,143.04095091180903,141.44617524423018,141.5277232088867,16303500
2018-05-08,143.01376342773438,143.01376342773438,142.03514640577356,142.18918605371525,17281200
2018-05-09,143.783935546875,144.16452028603348,142.60598388526975,143.17683334126176,15758500
2018-05-10,144.5541534423828,145.13407302291427,143.85643316027713,143.98329013644423,15828700
2018-05-11,144.83511352539062,145.0978976938681,144.11021027541142,144.57234318329265,14413600
2018-05-14,144.28233337402344,145.60528244813477,144.11923745021025,144.9981801322045,15028500
2018-05-15,144.30953979492188,144.6085628642021,143.32186633438818,143.81118183916584,17544900
2018-05-16,145.81370544433594,146.17616391939038,144.49982630990914,144.51795269025615,21004400
2018-05-17,146.48422241210938,146.79230170229033,145.6596450533529,145.8861763831404,18639700
2018-05-18,146.67453002929688,147.08229756475623,146.38457705947053,146.74702172834793,17579800
2018-05-21,147.64407348632812,147.91591386902223,147.11851910015315,147.12757537657166,15667300
2018-05-22,146.5748748779297,147.99749873376243,146.45708794961806,147.93406330388876,13212000
2018-05-23,146.76512145996094,147.04601810129213,146.00397949770058,146.18520179923277,14235700
2018-05-24,146.81948852539062,147.10945527241364,145.54184847077454,146.7198141843984,12785000
2018-05-25,146.5567169189453,146.93728790115165,146.31205920667858,146.56577319481616,11150200
2018-05-29,146.3573455810547,147.00068672767316,145.07970573591336,145.77742600846457,20986900
2018-05-30,148.67703247070312,148.95792908558943,147.11849593677846,147.11849593677846,25169000
2018-05-31,147.49000549316406,148.94886764609038,147.1003644600059,148.67702731562224,28573700
2018-06-01,148.4595947265625,148.94891022656194,147.9521666720279,148.45053844929492,21108200
2018-06-04,149.24790954589844,149.24790954589844,147.98839588723231,148.8945212194058,14836000
2018-06-05,150.17213439941406,150.20838715232554,148.91262085003487,149.10291323688494,13283600
2018-06-06,151.25950622558594,151.25950622558594,150.0362452327037,150.1540459590197,16661300
2018-06-07,150.4348907470703,151.53129435907624,149.71904418589605,151.42256377312432,17571900
2018-06-08,150.88800048828125,150.96954845325348,150.19933635818018,150.47117673446346,17569800
2018-06-11,151.11451721191406,151.42259648958932,150.6795671213877,150.99671650076635,15923000
2018-06-12,151.80319213867188,152.1747068831968,151.07828902960242,151.2504550734738,16166700
2018-06-13,151.2051239013672,152.11124919845957,150.9785925770941,152.0206449645752,19853700
2018-06-14,152.01158142089844,152.08407310695827,150.96954281483585,151.76693753511876,19248100
2018-06-15,152.05691528320312,152.1112806000318,150.89707576959972,151.54043094695328,24922600
2018-06-18,152.7727508544922,152.78180713116765,151.07828692256933,151.29576200017016,18616500
2018-06-19,152.78176879882812,152.92675214751958,150.90608301936163,151.8212783099001,24605900
2018-06-20,154.01412963867188,154.22253460156617,153.0898778935253,153.54294057674167,19216900
2018-06-21,152.5734100341797,154.11382055751662,152.0206729481519,154.02320248057674,26946200
2018-06-22,152.0659637451172,153.31640733334783,151.60383096508843,153.14424130364108,33638200
2018-06-25,149.58316040039062,151.65818117356696,148.73140043909908,151.54039429105538,37005100
2018-06-26,150.45306396484375,151.0148711470141,149.37478629113224,149.71910456095205,20464000
2018-06-27,148.04275512695312,150.87891789847203,147.97931971964093,150.60709137106187,27511800
2018-06-28,148.49578857421875,148.8038677956193,147.02785648298482,147.90679895244145,26759100
2018-06-29,148.39613342285156,149.55597261609975,148.2511500671021,148.8854349655388,24146500
2018-07-02,149.4200897216797,149.4744688659471,147.22726766640963,147.48098170081258,24283600
2018-07-03,150.0157470703125,150.68869920001904,149.77929242889465,149.8247655427401,13561300
2018-07-05,151.7254180908203,151.75269918307,149.8975155278623,150.83420336562367,18640500
2018-07-06,153.00770568847656,153.18049521379473,151.43443569072548,151.8436660064304,19597500
2018-07-09,153.9716339111328,153.98982592909059,153.13498147884667,153.69880914754205,16565200
2018-07-10,153.2714080810547,154.48092072800284,152.38929629676724,154.21719887520692,18790700
2018-07-11,151.97096252441406,153.33507264920632,151.9164003396537,152.43475497132297,23912600
2018-07-12,152.70758056640625,153.0076864605961,151.54354103064043,152.843999905463,19617600
2018-07-13,152.25289916992188,153.44421997020137,152.25289916992188,152.6439513466059,15409100
2018-07-16,151.6617431640625,152.80759048905077,150.9251260353955,152.5620468206806,15946900
2018-07-17,152.33477783203125,152.7803923051102,151.4981249679155,151.64363343379242,15134700
2018-07-18,152.76211547851562,152.83486967106776,151.47986272955885,152.19828783179074,13780000
2018-07-19,153.8443603515625,153.91711456719636,152.1073898789796,152.57119626908946,18398300
2018-07-20,153.2168426513672,153.97165190572346,153.09862921193596,153.5078594669267,17570700
2018-07-23,153.40780639648438,153.82612567482556,152.6075241228662,153.0531383663934,12335000
2018-07-24,151.77090454101562,154.38089768953776,151.16160363315092,154.09898379388585,25831300
2018-07-25,152.32562255859375,152.32562255859375,151.08882888903034,151.81635702579322,18401200
2018-07-26,153.14410400390625,154.02622973556507,152.33473248352772,152.47115183334583,20944200
2018-07-27,150.28854370117188,153.4350969355172,149.86112144929515,153.23502635479002,28777100
2018-07-30,149.3245849609375,150.97971189982835,149.20637151990653,150.27946481980177,20093700
2018-07-31,150.84329223632812,151.52534729455198,149.49737414017113,149.6246905293151,23567300
2018-08-01,150.7432098388672,151.17973493077673,149.59736269459765,150.68864767148884,17942600
2018-08-02,151.8436279296875,152.06189051900685,149.99753355891585,150.01572557713683,18292200
2018-08-03,151.31617736816406,152.4893058831243,150.6068412658263,152.00732145144465,21734900
2018-08-06,152.16192626953125,152.33470187560408,150.87055662433409,151.20704651845185,16288800
2018-08-07,152.52565002441406,153.22589687227887,152.41652569150463,152.68024745484945,15045700
2018-08-08,152.38931274414062,152.77126195654077,151.4071516794914,152.52571822126663,14789500
2018-08-09,152.78038024902344,153.4260653426186,152.37114986293213,152.46208223959133,10437800
2018-08-10,152.3529052734375,153.38962836953024,151.83455066361373,151.9163939373051,20521900
2018-08-13,151.46170043945312,152.82581059553988,150.85239956824125,152.54389671684663,20517200
2018-08-14,152.96221923828125,153.32599027999584,151.77089856411447,151.78909058531178,17683100
2018-08-15,151.04335021972656,152.61663374705194,150.1885057312248,152.50749551086489,27479900
2018-08-16,152.44384765625,152.93492116247685,151.58900314870246,151.74360062059694,15484700
2018-08-17,153.09861755371094,153.20774191301334,151.80724787855831,152.29833524830806,15106700
2018-08-20,153.5260772705078,153.85345042832373,152.6257594571705,153.51697432071435,12547300
2018-08-21,155.29034423828125,155.8359940236956,153.7989172181259,153.81710924469314,20661200
2018-08-22,155.6722869873047,155.95421481965812,154.9811426477847,155.13574017597537,14329200
2018-08-23,155.1993408203125,155.98143108732017,154.76281564120768,155.59037901559427,12945800
2018-08-24,156.0451202392578,156.21790976340122,155.52676554327513,155.644978999441,11894300
2018-08-27,156.27244567871094,157.27279861004996,156.07237509244314,156.5179893757569,15880400
2018-08-28,156.41795349121094,156.85446482485153,155.59949300607914,156.56346189457284,13170300
2018-08-29,156.87265014648438,157.11819383211812,155.92687331790347,156.43613883148123,13157900
2018-08-30,156.7453155517578,157.53649482008657,156.25424211400548,156.5725260847796,14199600
2018-08-31,157.34555053710938,157.68202657440176,156.37247871101687,156.38158165890798,12240500
2018-09-04,156.64532470703125,157.4365041997765,155.61769056021734,157.1363982840756,17923500
2018-09-05,156.2269744873047,156.62711566475636,154.9265295370321,156.58164255341953,15166100
2018-09-06,155.1720428466797,156.85443662508362,154.98106136704678,156.57252281703143,16647700
2018-09-07,155.09022521972656,155.91778871488,154.28995669413894,154.79013319541005,17248000
2018-09-10,155.28121948242188,156.12696119138255,154.95383246169095,155.73592290696777,11067100
2018-09-11,155.53579711914062,156.0541654999445,154.59910950694922,155.14475897343303,14078400
2018-09-12,155.16299438476562,155.59041672010625,153.98986563818974,155.3175918861626,21572300
2018-09-13,155.1993408203125,155.99960922911646,154.83556983772513,155.76316849776777,14570500
2018-09-14,155.85411071777344,156.35427325678953,154.9628822406109,155.29937212543504,15734900
2018-09-17,154.1990203857422,155.99964202970614,154.00805272161944,155.8905176502074,20023200
2018-09-18,154.8446807861328,155.24482194943275,154.26266106036329,154.41725853228468,13018000
2018-09-19,154.2808074951172,155.5721769390704,153.75336393528974,154.85373803176952,17593500
2018-09-20,155.70858764648438,155.78134183427696,154.42632110496962,154.9355865430753,16918700
2018-09-21,154.96286010742188,156.2542295325073,154.79917360016535,156.19056441761302,32539000
2018-09-24,154.38998413085938,155.0538471570361,153.4714744544586,154.83558454674923,15786700
2018-09-25,154.62644958496094,155.07206394847944,154.46276300843232,154.64464160783558,13758500
2018-09-26,153.2130889892578,155.0367286976708,152.98513402570617,154.94554114694344,17787200
2018-09-27,153.2222442626953,153.82404887094592,152.9669357464564,153.52314656682063,14471900
2018-09-28,153.68724060058594,154.09755675604035,152.68423318657122,152.68423318657122,22740300
2018-10-01,151.66302490234375,154.38937175844785,151.1524079196029,154.36200435776527,27893100
2018-10-02,150.021728515625,151.84536833363615,149.702585982166,151.52622580017712,28440300
2018-10-03,151.33474731445312,152.02772541776378,150.00348416150126,150.61440181440682,26027200
2018-10-04,149.210205078125,151.0429580339397,148.74518194663187,150.85148364996434,29463000
2018-10-05,147.86070251464844,149.6843421196739,146.49297281087934,149.31049266145982,31240100
2018-10-08,147.55076599121094,148.07960951567668,146.39275032731177,147.50517219406086,21330700
2018-10-09,146.9762420654297,148.38956559844547,146.78475377741424,147.36831791780745,20620400
2018-10-10,142.75454711914062,146.79391724111002,142.5721858888344,146.63890949968624,46921800
2018-10-11,140.0281982421875,143.44752309967478,139.9734773573222,142.07066605256807,68877400
2018-10-12,140.05555725097656,142.02507787247183,138.49633893263757,141.84271665553493,53492600
2018-10-15,140.5752716064453,141.59650543706385,139.08900072467426,139.83669971728244,32747600
2018-10-16,144.65115356445312,144.85175511817687,140.45677514893936,141.58743718690292,35569100
2018-10-17,144.03106689453125,144.26813504225635,142.14359316248218,144.23165445751926,24140100
2018-10-18,141.33209228515625,143.73018320649862,140.7576412642675,143.52958170438725,31042700
2018-10-19,139.83670043945312,142.57216013982327,139.27137655362222,141.76064098524418,34214200
2018-10-22,139.5358428955078,140.83062589880396,139.0708196062764,140.34736231001287,28218300
2018-10-23,138.28659057617188,139.40812500500908,135.78819938099676,137.62095212209812,37228100
2018-10-24,133.0801239013672,138.5783972926198,132.96159676445285,138.07689351869362,40412400
2018-10-25,135.96144104003906,136.6088391727622,133.49953054185596,133.79130562172392,32311300
2018-10-26,134.47520446777344,136.24413742501363,131.94034607954325,134.52991143952008,36986100
2018-10-29,133.7366485595703,137.34746217378992,132.27774478939878,135.97973206303965,33031300
2018-10-30,136.52676391601562,136.67265841161327,133.6362970491539,133.9007325615827,29017200
2018-10-31,136.80032348632812,138.46895538998578,136.80032348632812,137.92185794465783,36785400
2018-11-01,139.9552459716797,140.21055443884896,137.51156132600062,137.58450858994442,28496400
2018-11-02,140.4202880859375,141.2318073761371,138.99785103015117,140.4749950629647,26671600
2018-11-05,140.31085205078125,141.02207046674803,138.9157687030566,140.45673266213953,16940900
2018-11-06,141.00381469726562,141.43237112052662,139.98258096350295,140.1011080776436,15572900
2018-11-07,143.5295867919922,143.5295867919922,141.14973608101238,141.66035304511598,22127800
2018-11-08,143.14659118652344,143.97633660595554,142.55389998605415,142.8000952205034,14987700
2018-11-09,140.49322509765625,142.27127128751496,139.46286406133888,142.24391780099936,20654400
2018-11-12,137.71214294433594,140.57525655280713,137.53889495663685,140.43848914844784,21886800
2018-11-13,137.27447509765625,139.59049129186104,137.03739304270493,138.23188868024806,18468500
2018-11-14,136.27145385742188,139.0160401087606,135.38698761929632,138.432476046692,24549100
2018-11-15,138.2136688232422,138.4142703240448,135.06789279813694,135.39614853460773,24482000
2018-11-16,138.5419158935547,138.8610445061287,136.82769005329564,137.32919377393176,29323500
2018-11-19,135.73348999023438,138.62395695899292,135.28669329919015,138.30481447778058,21540900
2018-11-20,133.1166229248047,135.34145230701208,132.75188653268572,134.2655112551203,25907000
2018-11-21,134.97666931152344,136.1985043724544,133.6089397591565,133.836894684551,17902300
2018-11-23,134.84901428222656,136.13468339274445,133.86424734097443,133.87337444242345,11134800
2018-11-26,136.5997314453125,137.13770182528035,135.62409142683413,136.15294861694838,15346400
2018-11-27,135.46908569335938,136.52678617573048,135.2137633278026,136.02528246113758,14461800
2018-11-28,138.8154754638672,138.93400259742666,134.67580506165055,136.04353499913503,26125900
2018-11-29,138.44161987304688,139.2713793379319,137.17419074306767,138.2410183779479,15134500
2018-11-30,139.1619110107422,139.38075273627192,137.75771486673497,138.10421078717445,20304700
2018-12-03,140.49322509765625,140.85794752671026,138.61487815281734,140.7758870671634,23379800
2018-12-04,134.51162719726562,140.53875512651345,134.16513130755828,140.1922592368061,41077900
2018-12-06,134.2199249267578,134.2199249267578,130.78235902381024,132.62423964488642,37581200
2018-12-07,131.32029724121094,135.18640445798752,130.6364323612698,134.16517068952075,28525100
2018-12-10,130.93734741210938,131.95858128067434,128.97692621616375,131.54826509514507,30776600
2018-12-11,130.80056762695312,133.29895927164685,129.83404071655332,132.8339221976962,29229300
2018-12-12,132.0497283935547,133.81864682744248,131.99500752741227,132.1044353464334,27894800
2018-12-13,130.18057250976562,132.8430857967677,129.97084384836845,132.4327694936455,23205400
2018-12-14,128.2110137939453,130.59997779829555,127.74599059170541,129.232247765893,24037200
2018-12-17,125.3556900024414,128.88709435824842,124.56889999695599,127.7800937612933,36468500
2018-12-18,125.20018768310547,127.3318262884126,124.68784784595385,126.49014606712757,42277200
2018-12-19,122.5927734375,126.8743650926583,121.90661985482743,125.1544162714437,47676600
2018-12-20,120.57090759277344,122.96788039061042,119.14371030114151,122.25428174479445,57908100
2018-12-21,117.44203186035156,121.63214435877586,117.0852395687323,121.11067494337834,59404800
2018-12-24,115.16401672363281,117.53353743153546,115.12742102769013,116.85653450638412,28575700
2018-12-26,120.69896697998047,120.85450738958767,115.09995894863495,115.52994958736414,40182700
2018-12-27,121.20217895507812,121.20217895507812,116.98462753389055,119.1803206484214,39527900
2018-12-28,121.54983520507812,123.51680346195798,120.34219805325513,121.20217954746265,35994400
2018-12-31,122.50128173828125,122.63852083186686,120.58006006655707,122.3366115777751,29173400
2019-01-02,123.19656372070312,123.66314302450499,120.34215597794285,120.91852932250711,27295100
2019-01-03,120.99172973632812,123.17827159056127,120.44280137098438,122.51041944859467,29294600
2019-01-04,125.51121520996094,125.88631585108718,122.32746650439876,122.51958168948173,35355300
2019-01-07,127.70693969726562,128.42053852013893,125.0995636782546,125.57528692028042,30477900
2019-01-08,129.66476440429688,129.7196544736852,127.52396793914501,128.81394040910877,27320900
2019-01-09,130.73512268066406,131.18341471004936,129.5640883588313,130.11301680461614,25764600
2019-01-10,131.4121551513672,131.48534655403793,129.31710534426895,129.96665635824365,22896800
2019-01-11,131.44869995117188,131.73232177669024,130.5338286632272,130.8357378634283,22428400
2019-01-14,130.1405029296875,131.22920251641625,129.9941201032727,130.66198651385224,29185000
2019-01-15,131.23825073242188,131.4212221524115,129.99402553273808,130.50635109263885,25678900
2019-01-16,132.2172393798828,132.88509169790765,131.43959298394853,131.44873667384437,20827300
2019-01-17,133.41567993164062,133.87311556990593,131.71401879890053,131.73232013318295,19273400
2019-01-18,134.7879638671875,135.3277344779594,133.57118360166453,134.1201118579303,28306700
2019-01-22,132.65635681152344,134.2665254962486,131.7872317485174,133.99207523622678,27741100
2019-01-23,132.29043579101562,133.73592059991213,131.24748275026596,132.94914444410304,20621300
2019-01-24,133.08633422851562,133.3516407733595,132.04338146493606,132.1348602225452,16976300
2019-01-25,134.7971649169922,135.07162916192578,133.96462849263176,134.13845631308408,22266900
2019-01-28,134.0744171142578,134.4037714028184,132.99486151737503,133.53464629573182,22784700
2019-01-29,133.7541961669922,134.3214259288594,133.46144457749307,134.22078951625633,12084800
2019-01-30,135.21798706054688,135.7120114426135,133.2784503239567,134.46778585982744,25516900
2019-01-31,136.37074279785156,136.5903169821694,134.97099052742433,135.04418192219694,27252900
2019-02-01,136.48048400878906,136.93791962586076,135.93156964419936,136.63602440324135,17057900
2019-02-04,138.10902404785156,138.1181677383892,136.20608942855733,136.69097026387675,21301700
2019-02-05,138.25538635253906,138.69453475455427,137.45030886850896,138.15474992205625,18295900
2019-02-06,138.08154296875,138.48408864533997,137.32221194043694,138.1821793878975,13720600
2019-02-07,136.9470977783203,137.8711128376251,135.7577622038829,137.15751428492848,22850800
2019-02-08,137.09349060058594,137.1392230046325,135.85840857506233,136.3707343468904,13463000
2019-02-11,138.23707580566406,138.28280820835667,136.89221371451669,137.49601823639173,16374800
2019-02-12,139.9661865234375,140.14915801933066,138.9506786674257,138.9872673826722,20779900
2019-02-13,140.35955810546875,140.67061100804574,139.70084962952416,140.35955810546875,15534500
2019-02-14,140.6798095703125,141.2287241533576,139.4264259880357,139.59111013483215,18251000
2019-02-15,142.92117309570312,142.93947442757295,141.13717713361066,141.60375639759607,27240200
2019-02-19,143.31459045410156,143.7262937267659,142.30824035159583,142.30824035159583,15856900
2019-02-20,143.99163818359375,144.16546601829143,143.2048480622161,143.32378583539503,18317400
2019-02-21,143.4426727294922,143.97329978732142,142.77482055318512,143.75373959775686,17497000
2019-02-22,144.68692016601562,144.79671423720214,143.72631627199337,143.8818427496906,20411800
2019-02-25,144.72349548339844,145.921974671896,144.63200276801135,145.53773039496133,17957100
2019-02-26,143.72633361816406,144.72354030954395,143.53420444027313,144.55885616280418,21497300
2019-02-27,143.92758178710938,144.03736189287474,142.82972489013457,143.16823681596162,18194900
2019-02-28,143.43353271484375,144.07393988385596,143.05843210162612,143.71714060684707,18155300
2019-03-01,144.76925659179688,144.86073535667646,143.40609316867395,144.50393606603754,19247100
2019-03-04,143.4610137939453,145.2633119681531,142.34486932180144,145.04373775795284,23301800
2019-03-05,142.7931365966797,143.58907028549055,142.68335649059,143.5799265965932,16798200
2019-03-06,139.99363708496094,142.793141566322,139.86555563678857,142.7382515113668,29604600
2019-03-07,138.7677001953125,140.10341870623128,138.48409226843074,139.99363859513667,26822500
2019-03-08,138.7310791015625,138.84085918703695,137.78876280836616,137.99917929213478,20466800
2019-03-11,141.15548706054688,141.173788395341,138.96894520689216,139.1610743226601,20854500
2019-03-12,141.22872924804688,141.78680150149927,140.70725967735086,141.25617428019754,18966800
2019-03-13,141.7867889404297,142.47294260307575,141.57637239263784,141.7318988809911,24109100
2019-03-14,141.21041870117188,141.8233809183702,141.0731796030991,141.7135868479458,14217500
2019-03-15,141.58554077148438,142.6010489276724,141.1921526370232,141.3751241870013,22025900
2019-03-18,142.49122619628906,143.1316334096996,141.32933556349622,141.85996267170216,24510200
2019-03-19,141.76844787597656,143.20478840675977,141.41164866490575,143.15904205460674,18633100
2019-03-20,140.58697509765625,142.5683687551007,139.80726972114667,141.7611311916134,29463200
2019-03-21,142.43081665039062,143.1554858446722,140.10083995561726,140.10083995561726,31845000
2019-03-22,137.2479248046875,141.76108855797943,137.20207049995267,141.4492065011719,40663000
2019-03-25,137.85337829589844,138.8073887599565,136.13801266910124,137.11952732286372,26454700
2019-03-26,139.302734375,140.1833583689587,138.32120569420275,138.94498393930755,21308600
2019-03-27,138.76150512695312,139.62377887527407,137.1195121814377,139.16512381740475,23477100
2019-03-28,139.99986267089844,140.284226561738,138.44960636582724,139.23849360995052,19473300
2019-03-29,140.43104553222656,141.2382831618759,139.52291719591693,140.97225530799335,28298900
2019-04-01,141.96298217773438,142.1097552317448,141.00898532076422,141.53184507973424,20075200
2019-04-02,141.5960235595703,142.0730288518955,140.81630417771444,142.06384679045692,18253500
2019-04-03,142.32986450195312,143.23799270890842,141.93541380836174,142.86190613688805,19554700
2019-04-04,143.02703857421875,143.109593152478,142.03634164396922,142.43996046707602,15909500
2019-04-05,144.36630249023438,144.44885705965763,143.2747009710446,143.37560566602124,21379000
2019-04-08,144.12779235839844,144.47637475750255,143.16462772431743,143.88012865097198,14202400
2019-04-09,142.3665771484375,143.74254280514995,142.10056328017356,143.5223972581857,18534200
2019-04-10,144.3020782470703,144.34794656058713,142.48580780756578,142.62339875107213,18938800
2019-04-11,144.1186065673828,144.64146610468194,143.84341070704718,144.4947071099401,12218700
2019-04-12,144.6414794921875,145.08179850829606,144.11861990649436,145.0542803194198,14120300
2019-04-15,144.17367553710938,145.02678149732927,143.55907924172644,144.8891765375281,10964000
2019-04-16,144.51307678222656,144.8433090918782,143.99938518877872,144.6690318703518,16782900
2019-04-17,143.19212341308594,145.0359118194209,142.3665358602619,145.0175616968135,17108500
2019-04-18,142.77017211914062,143.35725014133655,141.8712119595065,143.20130907261748,23276300
2019-04-22,142.39405822753906,142.9260998224396,141.74277582479456,142.46744472308148,15596800
2019-04-23,144.5406036376953,144.98090870196592,142.51334153439132,142.52250959927662,23396100
2019-04-24,144.9900665283203,145.567976507335,144.35712016978889,144.58644774913827,18053100
2019-04-25,143.78842163085938,144.44888631409506,142.61426530445092,144.32046340330186,19365100
2019-04-26,145.18270874023438,145.38451813105775,143.46732891823572,143.98103445663276,16999100
2019-04-29,145.87985229492188,146.4118939354583,145.38451090382605,145.5037517218979,13698900
2019-04-30,145.2010498046875,146.02663752167794,143.98103935102588,145.98993726916538,24127500
2019-05-01,143.82508850097656,145.60467287992458,143.75171598788512,145.5496364965832,17734300
2019-05-02,144.4947052001953,145.07260110251508,142.80684381106474,143.68746775309123,22715700
2019-05-03,147.2557830810547,147.35668774772066,145.10928089602308,145.21935362437114,20178800
2019-05-06,147.4209747314453,147.78789332794156,144.94422521543027,145.10016631879353,21262100
2019-05-07,144.50387573242188,146.65037825667193,143.3297197876846,146.13668678047975,25434500
2019-05-08,143.79754638671875,145.0175706703198,143.6966417016978,144.25620150098788,16113700
2019-05-09,143.2747039794922,143.69665889676762,141.02729645005223,142.66010773247277,25259900
2019-05-10,143.6691131591797,143.8617544519865,140.9630509794489,142.7242848116504,26544700
2019-05-13,139.09178161621094,141.2841529310096,138.6606446047737,140.98143881678476,26936500
2019-05-14,140.8437957763672,141.42170565609212,139.15594844163283,139.39445804128678,15519200
2019-05-15,141.30247497558594,141.64188931063475,139.49538652960976,139.798086616614,18410600
2019-05-16,142.18310546875,143.2655249724465,141.66941390787403,141.7336183544609,13772100
2019-05-17,140.2017364501953,142.43080829118992,140.0366272752575,141.10071083723807,21534000
2019-05-20,139.2293701171875,140.18338076279647,138.88996975135038,139.3669610771091,18689800
2019-05-21,141.10069274902344,141.30248816017374,139.96322281164882,140.0090911311563,11659100
2019-05-22,139.9173126220703,140.88965911765374,139.4311393742786,140.55025884954603,13922600
2019-05-23,137.03700256347656,138.5689092794131,136.29398336562582,138.5689092794131,26379400
2019-05-24,138.32119750976562,138.59639336640967,137.40388731898068,137.94511096929625,16093100
2019-05-28,137.2204132080078,139.11006975669324,137.211245146029,138.52299185810125,14042200
2019-05-29,136.0738067626953,136.61501648127964,135.17484658641442,136.5324619134368,22622300
2019-05-30,135.69775390625,137.2113248342638,134.8813480106726,136.4499553366052,17739100
2019-05-31,133.7988739013672,134.69783402905261,133.3035325240428,134.10158796413796,25411300
2019-06-03,134.2667236328125,135.03727503448093,133.31272694095378,134.04657808694702,26554500
2019-06-04,137.74330139160156,137.86254219822763,134.31255624450927,135.68852152852944,21217600
2019-06-05,137.77085876464844,138.41297328042376,136.32150657358602,138.29371844283455,18184100
2019-06-06,137.41305541992188,138.07351980995733,136.04625833556267,137.70658737269247,20772500
2019-06-07,138.3854522705078,138.98169845222688,137.614914867258,137.91762898933038,17107500
2019-06-10,139.20187377929688,140.47693486391725,138.92667781920335,138.92667781920335,18912300
2019-06-11,138.7890625,140.55946480469734,138.128597910412,140.22923250990334,15373000
2019-06-12,138.9449920654297,139.2293560185028,138.1652727127081,138.67896424045884,11957600
2019-06-13,140.41270446777344,140.51359517088824,139.31192083073665,139.71553963137742,14839400
2019-06-14,139.1834716796875,140.2934231720357,139.1743036166919,140.2383867999766,16154800
2019-06-17,140.1436309814453,140.75117937811893,139.61891413160507,139.80302013200276,12509300
2019-06-18,141.77297973632812,142.82239935929215,140.162027698228,141.09178614990492,22100800
2019-06-19,142.27926635742188,142.40814194466503,141.21143203661532,141.93866960107613,15625000
2019-06-20,142.95126342773438,143.80737660303524,142.16880950018617,143.65088581752562,17595700
2019-06-21,141.71774291992188,142.84080769929776,141.4047613378365,142.80399212050565,19854400
2019-06-24,139.9962921142578,142.14116069026858,139.92264693030754,142.09513069450182,24002600
2019-06-25,139.14019775390625,140.3829375739342,139.00212179451847,140.20803199445336,17462200
2019-06-26,138.81800842285156,140.12517893868656,138.78117880472453,139.64649222772127,15726900
2019-06-27,141.42315673828125,141.55203231594342,139.2230574898013,139.2230574898013,22278400
2019-06-28,143.1445770263672,143.62326378928245,141.70853078400663,141.717731166345,35089900
2019-07-01,143.6968994140625,145.47354228759133,142.88681633792518,145.0224707481268,22850500
2019-07-02,142.8224334716797,143.7153625097804,142.0031496584769,143.6233165134508,19024600
2019-07-03,143.84422302246094,143.91786823961812,142.84083327567362,143.23667456209483,9115100
2019-07-05,144.2308349609375,144.28607940288353,142.55545209464904,143.13539934078878,14156700
2019-07-08,142.85922241210938,144.04671796513867,142.583056409009,143.7981812040961,9735700
2019-07-09,143.05252075195312,143.08013594607442,142.2056220240003,142.26085241224288,12381600
2019-07-10,143.30108642578125,144.12037004468698,142.54624763077422,143.7889736344337,17325400
2019-07-11,142.6014862060547,143.54964548076836,141.9663085460957,143.50361546768374,14260800
2019-07-12,143.70611572265625,144.22161808410036,142.57385060402822,142.81318697287418,16678000
2019-07-15,142.95126342773438,144.14797336876882,142.54623588979607,144.12035817405453,12194300
2019-07-16,142.90524291992188,143.7889572154295,142.38052614427605,142.80398252706314,15152700
2019-07-17,141.8834686279297,142.99731913865386,141.515242554906,142.90527315518926,14155100
2019-07-18,142.41734313964844,142.69349505351883,141.51520006639106,141.83739602775213,15705500
2019-07-19,141.5980987548828,143.08016125617988,141.5980987548828,142.62910364148533,17182600
2019-07-22,141.4691925048828,142.40815130013087,141.21144131346358,141.98470893410774,14474600
2019-07-23,142.40811157226562,142.42652637976877,141.3402774792037,142.02148489299478,15493200
2019-07-24,144.7647247314453,144.9396303151237,141.874217525688,142.03070829887795,23823100
2019-07-25,143.01571655273438,144.74634376940392,142.7671657394839,144.69109933038078,17902500
2019-07-26,144.70948791503906,144.91200868225712,143.14456620630486,143.21821139860089,14260300
2019-07-29,143.74293518066406,144.85679956387295,143.23664723468264,144.7003087746659,13192200
2019-07-30,145.29864501953125,145.29864501953125,142.4173521796465,142.739534115074,1200
2019-07-31,144.12037658691406,146.57822755520343,143.19063213784793,145.24344147006485,40445900
2019-08-01,142.03070068359375,145.60241522207093,141.38632281489532,144.4149198673541,38070200
2019-08-02,140.45657348632812,141.53360803753554,139.25986374730314,141.16539613924334,30148300
2019-08-05,136.2405242919922,138.00796724588932,134.59275656373623,137.87909163611727,39221500
2019-08-06,137.49244689941406,137.80542847575575,135.66977378534563,137.0689904959506,24283300
2019-08-07,137.45562744140625,137.81463901504952,135.03459239178954,136.1668575015282,23952100
2019-08-08,140.4197998046875,140.50265945423627,138.0724234368296,138.21969982698369,19415600
2019-08-09,138.65234375,140.06077505767,138.10922611818222,140.00554466072418,19313200
2019-08-12,136.85728454589844,138.19207063172834,136.54430293473044,137.90670421881705,15963000
2019-08-13,138.3301544189453,139.7293712220213,135.93673433799952,136.55349714851076,21912600
2019-08-14,134.4638671875,136.22209553087018,134.14167117286246,136.19448033491685,28235800
2019-08-15,133.92996215820312,135.01619742143407,133.28557007037423,134.97016740853374,24202400
2019-08-16,136.82049560546875,137.0782468703128,134.5007201754817,134.52833537911567,22783400
2019-08-19,138.2012939453125,138.90090242343146,138.0355886987333,138.3761995764394,17023400
2019-08-20,137.29916381835938,138.09083240378686,137.15188741946284,138.00798679570943,13324100
2019-08-21,138.43138122558594,138.67991793834545,137.88824970799402,138.65230274803884,13446100
2019-08-22,138.10922241210938,139.07579647188751,137.28993877115957,138.69837004103522,12979100
2019-08-23,133.8747100830078,138.182863400622,133.41443807301926,137.36357978469786,36974600
2019-08-26,135.3475799560547,135.36599476860212,134.13246920926565,135.1358587741116,19167100
2019-08-27,133.34080505371094,136.2589278707986,133.18430021167563,136.2036974777917,24546200
2019-08-28,134.8965301513672,135.6789982776476,132.78849028155454,133.0738567134203,20115500
2019-08-29,137.26231384277344,137.4280050174187,136.20369388106474,136.37858543883928,18786300
2019-08-30,137.01376342773438,138.05398262617064,136.27732543007295,137.98033742176585,18727100
2019-09-03,135.0070037841797,136.53511039195317,134.39944129486418,135.73422745735053,20688000
2019-09-04,136.09320068359375,136.57188742305098,135.48563836578856,136.2496914539888,13107500
2019-09-05,138.6247100830078,139.8398348394803,137.5016453401054,137.94351654957865,25666700
2019-09-06,137.9895477294922,139.21387300380388,137.92511694999553,138.72598578012017,14645900
2019-09-09,139.83987426757812,140.14365554234791,138.13686186106597,138.6063483977056,25780100
2019-09-10,141.6256866455078,141.7177326089843,138.90087048238922,139.62809399331076,29576200
2019-09-11,144.52540588378906,144.67269629276518,141.35873232273516,142.24246073020535,42970500
2019-09-12,144.562255859375,145.35392443800478,143.20906879989317,144.6911314862966,38648300
2019-09-13,144.8107452392578,146.29282134274152,144.6450540948804,145.30784676515782,31042800
2019-09-16,145.3538818359375,146.13634979987697,144.24923192231793,144.4977827179577,23242600
2019-09-17,144.97650146484375,145.05014668150858,144.01912769458974,144.8568262319648,22986700
2019-09-18,144.08352661132812,144.98565564680953,142.74874084480896,144.96724083691439,19735700
2019-09-19,143.38394165039062,145.28027426482012,143.17222044378866,144.34131536495147,21531600
2019-09-20,143.0801544189453,144.20321927949396,142.1780251862773,143.27347484913932,22707200
2019-09-23,142.96969604492188,143.55884368284165,142.27928799831022,142.5554540262324,14944600
2019-09-24,140.81170654296875,143.45371655417517,140.26668000498822,143.3243879842178,27576700
2019-09-25,142.3544464111328,142.59462404010515,140.229750446118,140.67316072105098,21917500
2019-09-26,140.7655487060547,142.18816317632485,140.3683161235758,142.18816317632485,20641600
2019-09-27,139.63851928710938,141.54150289287912,139.0288214049432,141.17199671349445,20181900
2019-09-30,139.80484008789062,140.65471586430724,139.29675834770626,139.83255235592233,16905400
2019-10-01,137.0611572265625,141.6615891956275,136.76555512213113,140.51609756353488,34093500
2019-10-02,136.02655029296875,136.37759106243203,134.7424971732186,136.37759106243203,24894600
2019-10-03,136.47921752929688,136.6639706495721,133.88338473990763,135.50924602815252,25362800
2019-10-04,137.77247619628906,137.87409250669043,135.90643763062616,136.71013539316667,18640400
2019-10-07,137.53228759765625,138.63158738705525,136.83020620166732,137.43990401531383,15762800
2019-10-08,135.2967529296875,136.6546958382096,134.97342446361858,136.1835733636512,18110600
2019-10-09,135.91567993164062,136.43299418713156,135.4630229102079,136.29441880713887,10929500
2019-10-10,136.4607391357422,137.18128617790475,135.8880002293462,136.10969833723644,16349000
2019-10-11,138.7701873779297,140.3775691271167,136.43302586936906,138.3729547779469,29236300
2019-10-14,138.26205444335938,138.70546458717908,137.7355075405274,138.4837665631464,10692600
2019-10-15,139.8509979248047,140.53459992695852,138.37294487529965,138.72398564610276,16801200
2019-10-16,139.9988250732422,140.6639476263266,139.62007198967123,139.68474333866357,13119100
2019-10-17,141.65240478515625,141.8094456747824,140.46073493057528,140.6824330826299,13175800
2019-10-18,140.97801208496094,141.80017540458388,139.90642431455657,141.27361424135185,14490200
2019-10-21,142.29905700683594,143.16741241339435,142.17897519869896,142.4191529107363,17450300
2019-10-22,142.4561004638672,143.23207217445702,142.0219227957548,142.44685364384637,12471800
2019-10-23,142.631591796875,142.9549203568264,141.84638744461705,142.57616726562864,8728000
2019-10-24,142.42831420898438,143.24124466629883,141.77243866836085,143.13962835913452,9091400
2019-10-25,143.1858673095703,143.67546947012926,142.16970390326253,142.17895072244048,10531500
2019-10-28,144.4237060546875,145.01492446258612,143.19507743757217,143.79554266318965,15392400
2019-10-29,144.89483642578125,145.3474794101439,143.980289543979,144.1188508461802,11978300
2019-10-30,144.41448974609375,144.85790007847365,143.44451819120746,144.8394205366944,14451500
2019-10-31,143.60154724121094,144.20201248566698,142.48378173134273,144.20201248566698,17344200
2019-11-01,146.04954528808594,146.1326820605027,144.1557944848609,144.47910885395612,18421600
2019-11-04,146.83474731445312,147.52758193288787,146.39133710546668,147.2504452663627,16182000
2019-11-05,147.01951599121094,148.22967909356817,146.8532424311093,147.25046088852403,13760200
2019-11-06,146.169677734375,146.87175942252517,145.7816918994422,146.87175942252517,16025500
2019-11-07,146.5576934814453,147.96184304856834,146.11428302184598,147.5646244087899,13448900
2019-11-08,146.95484924316406,147.13036960908875,145.91097386419526,146.21582280041864,11967400
2019-11-11,146.677734375,146.78858342437925,145.8463383131374,145.98489962486147,10508700
2019-11-12,146.72390747070312,147.69387881638087,146.40982580700017,146.81627696815602,14316900
2019-11-13,146.09573364257812,146.41906213101277,145.2089131472701,145.71699473091408,14514400
2019-11-14,146.04954528808594,146.7978044313501,145.76316180127827,145.89249036806768,13054000
2019-11-15,146.80706787109375,147.14886184860924,146.280520773185,147.09343732206722,13119200
2019-11-18,146.43756103515625,146.64079369549071,145.9017671211617,146.62231415479863,10759500
2019-11-19,146.98257446289062,147.52760105037214,146.24354795497493,146.98257446289062,15203700
2019-11-20,146.4282989501953,147.43522942441794,145.27357445312362,146.4652580277261,21314300
2019-11-21,145.707763671875,146.77935147403983,145.2458738360204,146.71469422681494,15388300
2019-11-22,146.16041564941406,146.4560178041788,145.35673187391143,146.24355243396428,13482400
2019-11-25,149.26431274414062,149.4952576492227,146.7793433101361,146.90867189315173,24753000
2019-11-26,149.36595153808594,150.1511558760428,148.99643117690582,149.42137606832284,15496700
2019-11-27,150.41905212402344,150.5114216377231,149.72621734035704,150.00335407297555,13202500
2019-11-29,149.4398956298828,150.38214108776157,149.3475119909076,150.03111427033713,9988200
2019-12-02,147.9802703857422,149.84630930117615,147.72161320092079,149.7908706794921,17190900
2019-12-03,147.50909423828125,147.58299828498446,146.04953512709838,146.71465745167177,14884400
2019-12-04,148.52528381347656,148.9317490951326,148.08187354974186,148.26662665165148,10833200
2019-12-05,148.67312622070312,149.3290019981058,148.2204690352371,149.16272839676813,11470700
2019-12-06,150.4097900390625,150.9548165795001,150.114173823109,150.19731059793705,16486200
2019-12-09,150.12344360351562,150.7239089044935,150.0125945430473,150.34515582021274,13476700
2019-12-10,150.21578979492188,150.53911826841858,149.59685920189864,150.03103670824817,13704400
2019-12-11,150.16964721679688,150.6500166761932,149.6061409555132,150.4652635289674,19612200
2019-12-12,151.46295166015625,152.51606013403097,149.88328190146316,150.34517183028123,24857000
2019-12-13,150.8809356689453,152.24812563804917,150.16038865173115,151.25044189980824,23279600
2019-12-16,151.9444122314453,152.84376700903954,151.81460917836324,152.1112958079201,20115300
2019-12-17,152.7046661376953,152.7046661376953,151.77749753437297,152.18545398343002,12980000
2019-12-18,153.00135803222656,153.24241676205872,152.3523428769328,153.03843854932794,15379300
2019-12-19,153.65963745117188,153.65963745117188,152.871552684355,153.2424144396254,11919800
2019-12-20,153.88218688964844,154.29014337228014,153.65039471974146,154.04907046119524,25449500
2019-12-23,154.18817138671875,154.24379925008301,153.3166304674178,154.1325435233545,13372100
2019-12-24,154.54043579101562,154.558983121947,153.94704852842654,154.32719100144394,4334500
2019-12-26,154.54043579101562,154.81858916511297,154.24374923345522,154.67951955179845,9371200
2019-12-27,153.78018188476562,154.94840920733893,153.3814920370219,154.94840920733893,12261800
2019-12-30,153.3908233642578,154.10474737056705,152.5841909574701,153.89148833977012,14912700
2019-12-31,153.60400390625,154.2344858437913,152.71393006762165,153.05697788589836,17362400
2020-01-02,153.70606994628906,154.60542497449043,152.2689552204793,154.59615837792805,18297500
2020-01-03,153.10337829589844,153.3629844108471,151.77751964332933,151.81461431544898,19295600
2020-01-06,153.307373046875,153.48352324224533,151.62918556594795,151.91661978965197,17150900
2020-01-07,152.7974090576172,153.2980739453702,152.25038290401417,152.84377032346723,11817900
2020-01-08,153.2702178955078,153.93778032737515,152.72319189223177,152.81591439845096,13832400
2020-01-09,153.4556884765625,154.32722932970228,153.2238962984922,154.02126195695288,11895400
2020-01-10,152.880859375,153.62259722755672,152.24111065401326,153.49279416441976,15353000
2020-01-13,153.87289428710938,153.94705531916955,152.12054634470732,152.92717843244938,17271100
2020-01-14,154.4384765625,155.3841783242545,152.9642677739397,153.11261814155716,18323000
2020-01-15,155.18020629882812,155.71796579230093,154.03979286562856,154.04905945867333,15437200
2020-01-16,157.18289184570312,157.49812577475052,156.16300072529086,156.31135109689083,19976200
2020-01-17,156.7563934326172,158.13786551679675,156.38551752438795,157.87825945477096,18306400
2020-01-21,155.45834350585938,156.68221273875506,155.0874817581467,156.09809204601223,17935100
2020-01-22,155.3563690185547,156.3391654751736,155.00404042185352,155.94048976624975,14916300
2020-01-23,155.25439453125,155.73652621202595,153.40005714861942,154.92989397777254,15954300
2020-01-24,153.3444061279297,155.77358320505553,152.26888721306887,155.77358320505553,20491400
2020-01-27,151.6013641357422,152.50999973837594,150.59075354752966,150.98944348490426,18539000
2020-01-28,152.8623046875,153.35370298485117,151.58282145452532,152.51925678302106,16690400
2020-01-29,151.9907989501953,153.50208886357547,151.9629850135359,153.07559906981416,14944400
2020-01-30,151.9907989501953,152.18551065428665,150.1364610530321,150.98018819163545,21889700
2020-01-31,148.83839416503906,151.98149557419953,148.3748098029359,151.42520282815894,30439000
2020-02-03,150.49803161621094,151.06359094705493,149.7284798901438,149.83046901401949,17373200
2020-02-04,152.7695770263672,153.27024185479783,152.20400360394294,152.34307323754302,15994200
2020-02-05,155.12457275390625,155.3285509731693,153.62256418248708,154.35502113531734,17807000
2020-02-06,154.772216796875,155.90336339549648,154.61459986394806,155.662304700573,14768900
2020-02-07,152.87155151367188,154.243756974627,152.42650043379263,154.17884838684373,18029600
2020-02-10,153.73382568359375,153.80800087043906,152.48215654268867,152.57486491564256,11428800
2020-02-11,154.80007934570312,155.7272479676534,154.1603307329622,154.6424482301976,15005600
2020-02-12,155.86630249023438,156.03318603521973,155.09675091092961,155.7828607177417,12123000
2020-02-13,156.27426147460938,156.6451232345362,154.93913650292194,155.0411256090222,12649300
2020-02-14,155.671630859375,156.4875439043516,155.15241861165268,156.41336870503804,16006200
2020-02-18,155.33782958984375,155.81996124973688,154.3086718211614,155.30074906868467,13412100
2020-02-19,156.1351776123047,156.82128742998245,155.32854550382962,155.9219328078455,11084600
2020-02-20,156.51531982421875,156.79347321722392,154.45700452243753,155.6715930528418,20383800
2020-02-21,154.92987060546875,156.34843735738227,154.21594685956458,155.90338626651067,18729900
2020-02-24,150.26622009277344,154.89278230005073,149.36686542915052,150.07150846408945,28239500
2020-02-25,144.9257049560547,150.90593890966343,144.6012044718093,150.6834275256022,45047000
2020-02-26,143.24755859375,146.94696665634808,142.98795249961728,145.61184151653913,39465000
2020-02-27,138.20375061035156,143.72040100506243,137.9812391985461,140.32697464779693,50530300
2020-02-28,135.67254638671875,138.26862059685345,133.4288006768603,134.30034118967026,72036400
2020-03-02,140.0302734375,140.21570432921274,134.8010430653677,137.19313976663153,33569300
2020-03-03,137.174560546875,142.96936298757998,135.65400495233268,140.0858687271865,42941300
2020-03-04,141.07794189453125,141.34681449564988,137.70304960989844,139.3348608401444,36195800
2020-03-05,136.5905303955078,141.37471121144458,134.89380959519994,137.99981695029237,32729400
2020-03-06,133.88316345214844,135.34809179247392,130.72152872868062,132.31626012966927,39688300
2020-03-09,120.86571502685547,126.25256303188651,120.7729924957733,124.3611450660688,56320000
2020-03-10,124.63927459716797,124.98233661731084,118.69613431378656,124.89889483435886,54432700
2020-03-11,116.71199798583984,122.63661271898638,115.12654029552088,121.38492926591807,51354800
2020-03-12,103.81507873535156,111.16752668639228,103.47202377554142,108.26548417671395,70114300
2020-03-13,110.76885223388672,111.22316294295368,101.57133988677951,109.69333308325417,57915100
2020-03-16,96.07323455810547,103.19389129587817,94.04273260231406,100.70907860421434,59095700
2020-03-17,100.47726440429688,102.45213098903407,93.28243403926277,97.31561606164063,59344800
2020-03-18,92.68904876708984,99.00306485296281,89.23998034307166,95.5447298357646,62296700
2020-03-19,96.30500793457031,99.02161229749387,88.72076827476474,92.40162885963316,62654700
2020-03-20,94.014892578125,100.83885368605989,93.13407820957246,98.39112927492397,76203700
2020-03-23,92.6241455078125,94.73808880576652,88.92474473639295,94.47848272689289,63534700
2020-03-24,101.09848022460938,101.36736000796772,92.65197244013764,97.69577264764497,73386700
2020-03-25,102.35497283935547,106.10590864929262,98.67849191936416,101.8989055711846,56043700
2020-03-26,108.7213363647461,109.45663263270828,103.49980759056292,103.81626753804315,51657600
2020-03-27,104.76564025878906,107.98604739491134,103.19267124355545,104.4771088674497,39931500
2020-03-30,107.07390594482422,107.2786728939362,103.1275122655954,105.39854645307808,41552100
2020-03-31,106.53408813476562,108.12567641567355,104.20720343734085,106.66439310973433,52948000
2020-04-01,99.27418518066406,102.73658270527285,98.22242903834513,101.1729163291874,54224200
2020-04-02,100.2142562866211,102.74590766645815,97.3289210320756,98.39928928325362,43774200
2020-04-03,97.37545776367188,100.5214028138624,95.49533125295179,99.20903664638168,42189200
2020-04-06,104.8307876586914,105.49162193976441,101.47076620206275,101.53591867763086,48708100
2020-04-07,105.1007080078125,110.42462040464056,104.60740967403076,108.7864918745964,57546100
2020-04-08,109.89410400390625,110.98308427658166,105.4451018496899,106.9249970252096,52822300
2020-04-09,115.15284729003906,115.98121750336932,112.92834654623032,113.47748781303004,69528600
2020-04-13,112.03482818603516,114.95739430796297,110.87138603236686,114.34309344230417,40198200
2020-04-14,114.30586242675781,116.23252234894467,112.90042941808765,115.32038767719332,35089700
2020-04-15,109.64278411865234,110.86206914235262,108.58172551307912,109.69862706597087,34809900
2020-04-16,108.81439971923828,110.21983245120177,106.62712322038828,109.9126820788842,49501300
2020-04-17,113.60779571533203,114.22209657323839,111.74628829295483,113.45887881410724,46250200
2020-04-20,112.26750946044922,114.38962667729514,110.79691696769217,111.30882722202287,36700500
2020-04-21,109.58694458007812,110.98307520563083,108.41419996739693,109.28910366400372,31608900
2020-04-22,110.91790771484375,112.61187902719846,110.54560484486858,111.98827580311486,24333800
2020-04-23,112.00689697265625,114.38963127601592,111.39260322254603,111.79282759802965,38571200
2020-04-24,113.93356323242188,114.78054540244743,111.77420784261906,113.11449543598987,27147500
2020-04-27,118.44770812988281,119.54599768979507,115.28314438936557,115.36690880696959,39021300
2020-04-28,120.16959381103516,122.35687037813234,118.46631307622226,122.0404033711547,47292700
2020-04-29,126.07990264892578,127.37364972587024,122.74780269343285,124.24631672087277,50390500
2020-04-30,121.2864990234375,123.73438552967002,121.12827261611598,122.76639383500887,43727500
2020-05-01,116.4745101928711,118.63385835828761,114.75261737537251,118.3453270016127,43352000
2020-05-04,116.97712707519531,117.18189402847663,113.78464155170519,115.04115764555566,28498200
2020-05-05,117.87996673583984,120.92352844817201,117.36804932040599,119.20164248993603,31209400
2020-05-06,117.01436614990234,119.32263154359264,116.34422229331878,118.66179721309712,29836800
2020-05-07,118.61524200439453,119.60183855593236,117.78687186186059,118.56870148358797,27493000
2020-05-08,123.1945571899414,123.55755055569038,120.24406973968976,121.14690194207098,32122900
2020-05-11,122.58026885986328,123.74371107417895,120.37438696621693,121.37960274364673,33983200
2020-05-12,118.17781066894531,123.12941348082374,118.05680813071308,123.1014920031049,44275300
2020-05-13,114.22209930419922,117.34943241665196,112.07206045229576,116.94920802722834,58719300
2020-05-14,114.59439849853516,114.73400587315045,109.06571922897857,111.6625229131313,55904300
2020-05-15,116.4186782836914,116.83751462186807,113.04934722380186,113.56126461587328,40236600
2020-05-18,123.49236297607422,124.15320418548394,121.7704775863331,122.34754019020441,46981100
2020-05-19,121.05382537841797,124.20907989057162,121.05382537841797,123.0642568026684,30270000
2020-05-20,124.72100830078125,125.63314304159564,123.21319170034866,123.53894700669447,35901300
2020-05-21,124.94437408447266,125.70758468620764,123.39931962937023,124.76752862004636,32716500
2020-05-22,125.54936981201172,125.69829381702574,123.80886488520655,125.34460285566112,24035200
2020-05-26,129.1699981689453,130.65920977925876,125.64244787253241,130.3892832513294,36971000
2020-05-27,133.1815643310547,133.56317681619478,127.8204272942823,131.76682871160014,42682000
2020-05-28,130.02627563476562,134.71728175201258,128.0530825390356,134.71728175201258,42105000
2020-05-29,129.2816925048828,129.63538348090066,126.9641247153512,128.7232487662064,41536400
2020-06-01,130.51954650878906,131.85983368949374,129.01173053158126,129.6167145662913,25567500
2020-06-02,131.59922790527344,132.02738073530023,129.8959474110968,131.30139419052597,24666200
2020-06-03,134.77313232421875,135.95519344478046,133.20015637212236,133.72137614750193,36111700
2020-06-04,134.57765197753906,135.51772214957612,133.26528606750077,133.87958681715767,28904700
2020-06-05,139.7805938720703,141.77242056698373,139.19422865650296,140.4135138185852,53513400
2020-06-08,142.48907470703125,142.76830364606596,141.13018231372882,141.8003260865426,33834300
2020-06-09,139.85507202148438,141.2605194608893,138.73817021290395,140.41353002686313,39646000
2020-06-10,136.05760192871094,139.8550796466724,135.79699196590573,139.69685318369625,51774500
2020-06-11,125.6797103881836,131.2642343394992,125.43771946307764,130.44516628194236,72041500
2020-06-12,128.69529724121094,131.25486950184344,124.86058296053176,130.61264728046447,63864900
2020-06-15,131.67071533203125,132.66998205424977,124.47033190287479,124.47033190287479,57354800
2020-06-16,134.83665466308594,136.993964072609,131.7080800625684,136.993964072609,48957000
2020-06-17,132.39913940429688,135.40630155181677,131.97888683403298,135.03273262809537,34811400
2020-06-18,132.3524627685547,133.8373620721123,130.56870827801208,131.09169060503618,26974100
2020-06-19,131.67071533203125,134.9580367969101,130.59672056492997,134.87398912171588,50293800
2020-06-22,132.98753356933594,133.1369611908108,129.65351348511658,130.9703176802345,28983200
2020-06-23,133.54788208007812,135.0981616137836,133.22101093434657,134.78063860091453,20344200
2020-06-24,129.2145233154297,132.24036722618234,127.30002370600829,131.77341679706475,42998700
2020-06-25,131.16641235351562,131.2878240618636,127.28138018838531,128.60753234827732,37191200
2020-06-26,127.63627624511719,130.58740747915726,127.46818086796122,130.26053635664087,39100100
2020-06-29,131.81077575683594,132.60459724179378,128.03782229643915,129.54140335310012,33935200
2020-06-30,133.71595764160156,134.1268764209488,131.29715712249896,131.3718709233076,32865900
2020-07-01,132.4458770751953,134.95805937193057,131.90421266078275,134.1549037574846,26457500
2020-07-02,132.98753356933594,135.67717375507428,132.51124905736242,135.0047637086397,24022400
2020-07-06,133.94944763183594,136.06940743065834,133.48249701316504,135.71453465060583,19858200
2020-07-07,131.5773468017578,133.95879784399077,131.1944438684548,132.7820731465427,22661000
2020-07-08,132.5579071044922,133.08088937216868,129.90563174687685,131.45589654028984,27358900
2020-07-09,129.87765502929688,132.94085002116086,128.1686140139858,132.63266089542913,34647800
2020-07-10,131.9696044921875,132.14704803813714,129.30799405355617,129.94304016516074,24008200
2020-07-13,130.29788208007812,135.079451027905,130.17647038016548,133.36107646855464,34235500
2020-07-14,132.45523071289062,132.59531021587216,129.47608311438418,130.21385891375985,28114000
2020-07-15,137.31149291992188,138.0119188231046,135.21954909234367,135.80791141108162,40770100
2020-07-16,136.49900817871094,136.97529267936426,135.3036157357284,136.45231026683467,30530800
2020-07-17,136.9005584716797,137.83445956924245,135.8919435762879,136.98460615041236,20644100
2020-07-20,136.31222534179688,137.14339683929924,135.55575340007326,136.4616387035558,19663300
2020-07-21,138.24539184570312,139.30070474916997,137.47025214893205,137.72240945997837,24503800
2020-07-22,138.3201141357422,138.843096553548,137.31149907988717,137.3675308746232,24424800
2020-07-23,138.46017456054688,140.27194500866065,137.00329109717296,138.19868338764388,21704900
2020-07-24,136.42430114746094,137.90920076756512,135.9386684901844,137.55431371991656,20015500
2020-07-27,137.8437957763672,137.92784344782945,135.77986825920257,136.5269919226639,13370700
2020-07-28,136.470947265625,138.2546872092219,136.4055673605239,137.34881641860002,13268000
2020-07-29,139.47813415527344,139.57151571459795,137.26477887130557,137.2834608832504,19864400
2020-07-30,138.9270782470703,139.26328310597145,136.65770613713414,137.41416350711287,23618900
2020-07-31,137.6196746826172,138.6096076262507,135.10747829724497,138.34811644303431,29881500
2020-08-03,139.86106872558594,140.05719428994465,137.48896543642527,138.4882325256883,20777100
2020-08-04,140.82298278808594,140.95372841124805,139.1886553734576,139.51552655646492,20285000
2020-08-05,143.62464904785156,143.71804486127976,141.74751289962825,142.22379734763106,18190200
2020-08-06,143.56863403320312,144.23171018553046,142.80284242438495,143.63401396028138,18237700
2020-08-07,145.84735107421875,145.92206488146226,143.0269654141334,143.30713862874615,20475200
2020-08-10,147.36029052734375,148.3315559297872,146.29564353826024,146.29564353826024,24000500
2020-08-11,146.51046752929688,149.25614013779446,145.83805732924827,148.74249147800654,30359400
2020-08-12,147.10812377929688,148.38756388728248,146.14620666523152,148.1821044794043,23378300
2020-08-13,146.79991149902344,148.05133551299457,146.2955969410235,146.61313413503063,15799900
2020-08-14,146.70652770996094,147.33223976820415,145.56716717101045,145.9500700611923,13360900
2020-08-17,147.4630126953125,147.58442442695068,146.3796979945065,147.0894578674764,9744200
2020-08-18,146.0527801513672,147.41628191255512,145.4177342969774,147.41628191255512,14670400
2020-08-19,146.0621337890625,147.5937311011657,145.8660225281728,146.5571002572897,14337300
2020-08-20,145.46446228027344,146.1462204937424,144.32510154703286,144.5679250067024,15413000
2020-08-21,144.3904571533203,145.4270879982619,143.44722212331789,144.89475750346998,20685100
2020-08-24,145.90338134765625,145.94074537598974,144.12897475725708,145.55784246167994,13707100
2020-08-25,146.0621337890625,146.45438481124313,144.55855237137212,146.44503667963846,16269700
2020-08-26,145.1468963623047,146.407668452795,144.92275498504898,146.15551118465717,13772700
2020-08-27,145.50177001953125,146.62244830301802,144.40910762436687,145.80061091170222,17508400
2020-08-28,146.73455810546875,146.80927191460987,145.4364359533212,146.24893972135453,12371400
2020-08-31,145.15623474121094,146.96800507546487,145.03483729369236,146.7999097249626,17051500
2020-09-01,146.81858825683594,146.91196981039113,144.24101227529124,144.96012006364091,15638800
2020-09-02,147.9860076904297,148.471626110951,145.85669959577754,147.51905703594167,16763400
2020-09-03,143.61526489257812,147.8271524000874,142.8494736413016,147.6683909729959,32117600
2020-09-04,142.7001190185547,145.5858705655264,139.42211639219798,145.4177751745351,30618800
2020-09-08,139.9544219970703,142.40123836413093,139.15126646625038,141.1871640617008,26447800
2020-09-09,142.07435607910156,142.68138599650345,140.61747287717893,141.420614013964,20160800
2020-09-10,140.22528076171875,143.70874302654408,140.1412330610113,142.7281437676796,23005500
2020-09-11,139.29135131835938,141.0657720597975,137.91851548295543,140.94436034980103,20851000
2020-09-14,142.96157836914062,143.28843519549525,140.43070018406587,140.63615956072283,21991300
2020-09-15,143.23239135742188,144.47448139352156,142.75610697899802,144.17564048456882,16175500
2020-09-16,144.5865936279297,146.48241196329982,143.6713601727704,143.92351749206546,22178400
2020-09-17,143.53126525878906,144.1943270731653,141.71949480790147,142.53198422136543,20002900
2020-09-18,143.15768432617188,145.0254864084507,141.14980278780175,143.8020783245899,38352800
2020-09-21,138.14263916015625,140.32796415841722,136.65773993699423,139.91705967385954,40652500
2020-09-22,139.2073211669922,139.43146260209184,136.8725679896303,138.82441822585625,19385800
2020-09-23,135.0599822998047,140.08475838022866,134.97559995763558,139.1285586777986,33403400
2020-09-24,135.0599822998047,137.36612782274358,133.20379964434687,135.03184531607073,31723700
2020-09-25,137.25367736816406,137.66616252370954,134.38504881035132,134.46941687275273,20689300
2020-09-28,140.63792419433594,141.03165615649888,137.24430514127502,139.09110473099383,17600900
2020-09-29,140.00038146972656,140.88159684140498,138.74418752923478,140.4784955951564,18683800
2020-09-30,140.4222412109375,142.46591310993566,139.20355366425457,140.5253624669124,29073700
2020-10-01,142.6627655029297,142.68151872259392,140.14100818193148,141.37844889397914,25872000
2020-10-02,143.29086303710938,143.97520529184004,139.6722644326287,140.06599618074145,29452000
2020-10-05,147.2469940185547,147.47197548514737,144.8189593569336,144.82834312105396,18553600
2020-10-06,146.82513427734375,150.94058741204924,146.56264634700642,148.58756549919684,36348000
2020-10-07,150.03118896484375,150.5186724848201,148.55001379657386,148.67187394818274,27049700
2020-10-08,151.7374267578125,152.13115863201514,150.53747791133247,151.60618279974497,37278600
2020-10-09,152.5248565673828,153.47170105123743,151.69051709720833,153.1342146192278,25038100
2020-10-12,153.54669189453125,153.9685606809906,152.43112560368613,153.18108276957824,20336200
2020-10-13,152.5248565673828,153.0123401479557,151.38115334248988,152.35612050363568,20106500
2020-10-14,151.01556396484375,153.6592104117567,150.8749505600153,152.8154870692342,19024900
2020-10-15,152.57176208496094,152.97486340740377,148.87816383547153,149.32814106400542,22865100
2020-10-16,152.19677734375,153.46234093036264,152.15927089857354,153.0029942608329,17637900
2020-10-19,150.37806701660156,153.77167000833802,150.02182739045838,152.69359597750338,18360600
2020-10-20,150.70619201660156,152.29050304637252,150.31246019986528,151.45616351232064,18927700
2020-10-21,149.41250610351562,151.2780439309119,149.32812376052235,150.8093135333524,17504100
2020-10-22,151.99057006835938,152.04681544465456,149.2250484279981,150.12501736228384,20673900
2020-10-23,152.87171936035156,153.11545398658012,151.16553406320753,152.87171936035156,20889800
2020-10-26,149.57188415527344,151.27805549445955,147.5375957909081,150.85620096531315,26509900
2020-10-27,148.2875518798828,150.04998287307362,148.06257042850868,149.47813117663515,20523000
2020-10-28,143.7221221923828,145.71891840210782,143.46900375485714,144.98770007549368,32338700
2020-10-29,145.43763732910156,146.04698099904445,142.18464789340717,143.2158602781713,27203200
2020-10-30,143.51585388183594,145.56889508570416,141.92217356659833,144.668940832059,31764500
2020-11-02,146.0751495361328,146.1407643541498,144.05960022219173,145.09081282974455,25252100
2020-11-03,150.2187042236328,151.1467811401567,148.1750325068195,148.52188838030702,30257400
2020-11-04,150.38742065429688,152.1967269654507,147.84691055844726,147.88440268669595,45226300
2020-11-05,154.5966796875,155.22477677085146,151.78429700140913,151.87803450823466,31911000
2020-11-06,153.3873291015625,155.3466330141215,153.08734908863806,155.26225067201852,24930400
2020-11-09,158.94647216796875,166.9617643982344,158.74022965971747,165.88367595882707,55052700
2020-11-10,161.89952087402344,162.4901259144289,159.13401363059612,160.49332929554984,35492200
2020-11-11,161.8338623046875,162.63069540110723,160.17455268523517,162.49945146143122,23972600
2020-11-12,159.349609375,161.84325895228685,157.81217397857483,160.6808022166409,33986800
2020-11-13,162.64942932128906,163.2400341320042,160.5963881264363,160.63389456447388,25440400
2020-11-16,166.5211944580078,166.6618078798251,164.43064622353117,165.4524895386396,31812300
2020-11-17,167.2992706298828,167.61800388778934,163.38067681405957,165.0306027707382,26154500
2020-11-18,164.95562744140625,168.48047530106754,164.8618756289264,167.74925693818312,24377800
2020-11-19,166.22120666503906,166.48369459916745,164.12130319201196,164.6650179809068,20187600
2020-11-20,166.3992919921875,166.8117770328908,164.833734172803,165.62119781168204,24898800
2020-11-23,169.51168823242188,170.60851577812124,167.55238406347962,168.0398677408521,24816000
2020-11-24,172.6990509033203,173.8427543639663,170.95537302926323,171.92095662733865,34945400
2020-11-25,172.10842895507812,172.78340189158217,170.51474841786683,172.02406091414434,21082700
2020-11-27,172.83963012695312,172.9521351415679,171.76155600979388,172.23028637456147,10384400
2020-11-30,169.6991424560547,172.79276567320352,169.04292281714802,172.32403531619659,25481600
2020-12-01,171.27407836914062,172.6990227327503,169.69915115503204,172.11780163771252,30265000
2020-12-02,171.45220947265625,172.00530792554983,169.45541334074912,170.57099400966405,20142800
2020-12-03,172.41781616210938,173.5990118091719,171.4991084366163,171.87408709471012,19603600
2020-12-04,176.43014526367188,176.6645104976312,172.41781360264983,173.44902635387828,24415700
2020-12-07,176.59886169433594,177.13320688660997,175.71764629546433,176.45823399830473,14671500
2020-12-08,178.86752319335938,179.03625927090127,175.38016787899417,175.41766001694242,20165600
2020-12-09,177.56446838378906,180.75182964805657,176.14889330272925,180.01124184822118,29507600
2020-12-10,179.280029296875,179.66437739793835,175.5958004880032,176.01765503593796,21245300
2020-12-11,178.39881896972656,179.73001178221494,176.52389709785243,178.10820836830905,30865000
2020-12-14,178.60757446289062,181.60740924708332,178.56056662421744,180.51657197486907,32237700
2020-12-15,183.07440185546875,183.28128799376222,179.35987876200076,180.32847552348554,26807000
2020-12-16,182.41615295410156,183.57283857715112,181.45696914119534,183.49760594197372,25494600
2020-12-17,184.58840942382812,184.67305509110156,182.49135211857705,183.1214091798263,23834200
2020-12-18,183.69503784179688,186.03660465795397,183.1872356047225,184.88933233991602,37033400
2020-12-21,183.60101318359375,184.10881543547288,180.06515176623108,180.46011226194932,30873000
2020-12-22,185.68869018554688,185.93318546453145,183.74208360376113,184.30632113884133,21919700
2020-12-23,187.26852416992188,187.74811600944508,186.1024400111434,186.732511449179,18392000
2020-12-24,187.14625549316406,188.02082213472931,186.25289145868913,188.0114090891196,8904900
2020-12-28,186.4503936767578,189.1869068744288,186.3187401701659,189.1681094800271,27168400
2020-12-29,182.8392333984375,187.136804078177,181.90826049125386,186.79826456215997,33901300
2020-12-30,184.70127868652344,185.70748457718307,183.40354098632153,183.42235273029505,20595700
2020-12-31,184.37210083007812,185.10560085749134,183.01794251819115,184.89871476266674,24747700
2021-01-04,181.9647674560547,186.09306315667277,179.55738058040828,185.7639221787171,33664200
2021-01-05,184.77650451660156,185.83913125093866,181.5603851749342,181.57918256905995,27442900
2021-01-06,192.33718872070312,194.45305767491243,187.28731940838642,187.58823553142463,52952200
2021-01-07,195.76019287109375,196.08933377964422,193.43743781700445,193.44685086243163,24031400
2021-01-08,195.33702087402344,197.2648154367028,192.45944142348992,196.8416445202987,29017000
2021-01-11,195.1677703857422,195.7131961728122,192.61933149607324,192.8638267733847,20945100
2021-01-12,198.66595458984375,198.78820936981558,196.0610955255939,196.08930595956392,24892200
2021-01-13,197.2459716796875,199.10793201913955,196.71935779371336,198.82581333760993,22782200
2021-01-14,201.1862335205078,202.18304063428175,198.54375049459435,198.64719355446647,33913700
2021-01-15,198.1863555908203,201.20500105721842,195.84478921316284,198.24277645669002,41043500
2021-01-19,200.72544860839844,200.875913857005,199.09858436166297,200.6220055436259,19744300
2021-01-20,201.60940551757812,203.10461619610726,200.36810314173584,201.58119507829684,25474200
2021-01-21,199.86029052734375,202.33351098086234,199.3148647750886,202.15483529574274,21180500
2021-01-22,202.18304443359375,202.49337361904165,197.05794222359654,197.94190759745015,24800200
2021-01-25,201.98558044433594,204.91959565213222,198.98576000189763,202.11723396109136,33985000
2021-01-26,200.5843963623047,203.7723052770374,200.08599278191548,203.40555520186126,23969800
2021-01-27,196.907470703125,200.29286684632837,194.93265389473052,197.01091376164385,45830300
2021-01-28,196.27737426757812,199.70977755382137,195.25235693377587,198.27098806897732,32202500
2021-01-29,193.30580139160156,198.41210635278776,192.62872212217184,197.2272104567078,40591900
2021-02-01,198.05474853515625,198.95752564809493,193.4938694864785,195.76020379104438,26375100
2021-02-02,200.87591552734375,201.28968778987453,198.31806367638617,200.44333152129175,22773100
2021-02-03,201.4777374267578,201.9385318169066,198.9763067645002,200.96052216213246,23923200
2021-02-04,205.5872344970703,205.78472192042622,202.25827353243335,202.26767222910544,25400800
2021-02-05,208.43661499023438,208.6152906808148,205.72831223828936,207.76894876129873,23338800
2021-02-08,213.7592010498047,213.77801279299575,210.08228728494106,210.4490373568101,20831500
2021-02-09,214.7654571533203,215.93152714131182,212.81885035854123,213.58997411758168,19510900
2021-02-10,213.35482788085938,216.5897587385833,211.5398750343023,216.2135956451533,27955400
2021-02-11,213.11032104492188,215.3484448450851,210.10108800425388,214.5397121201723,25847600
2021-02-12,213.712158203125,214.16355390113162,211.24835100207824,212.46144286122941,17440200
2021-02-16,212.367431640625,215.94090231230336,211.3894218909081,215.79043706632297,22999500
2021-02-17,210.70297241210938,211.3424426193708,207.78778321032695,210.27980140611035,25042300
2021-02-18,207.43978881835938,209.6120786487269,206.31132824599172,209.08546467156566,24501500
2021-02-19,211.76559448242188,212.80942385574457,208.925623821364,209.19834388555222,31238200
2021-02-22,210.3926239013672,212.89405491529337,209.68733417294746,210.18573776643157,23272100
2021-02-23,208.54005432128906,209.68732672000672,202.70966231008077,207.78775678370536,38646800
2021-02-24,213.4676971435547,213.89086812268636,208.49305976604086,209.34880042191807,27584900
2021-02-25,205.5778350830078,214.0224994422225,205.01359760323584,213.27018758557827,49961400
2021-02-26,205.29571533203125,208.98202762736204,202.00436353093355,206.43358898261042,47734200
2021-03-01,212.59310913085938,213.19495570793353,209.64969581607335,210.15749803613573,26161000
2021-03-02,208.50244140625,212.48968428931593,208.34257746495223,212.32980599886267,26895400
2021-03-03,206.2455291748047,210.89102542034092,206.14208610835445,209.1607180807695,33407600
2021-03-04,200.48097229003906,207.53387005708396,196.94511035936657,205.4838203112345,59126500
2021-03-05,204.7315216064453,205.14527955328575,194.85746478510237,203.96039790042119,53204300
2021-03-08,205.7001190185547,209.01968174508764,204.6938987185858,206.28315397418095,40619700
2021-03-09,210.0258331298828,211.57747884131174,207.75010043560724,209.15128092365754,32247300
2021-03-10,213.67454528808594,215.32022107474762,211.7749612194333,212.15112429444844,36812000
2021-03-11,218.37652587890625,218.43294676572927,215.1509931403345,215.86569597117935,25256700
2021-03-12,219.664794921875,220.191408864226,217.57713654387382,218.1601857078942,23732200
2021-03-15,220.44534301757812,220.54878607905113,218.08497869561907,219.42972414561277,21497400
2021-03-16,216.75901794433594,220.13500094053956,215.46128040352542,220.0691813684509,24675000
2021-03-17,218.4611053466797,218.94071146913225,213.80619674980397,215.32021903314336,29422600
2021-03-18,211.81259155273438,219.04414933302795,211.2201436586437,217.0411364967557,35637200
2021-03-19,213.4112548828125,214.97229947975302,209.6591086321518,211.1825440932473,40855600
2021-03-22,211.80319213867188,214.50211044721854,210.74056542823465,214.1071355929684,26128400
2021-03-23,204.12020874023438,210.51483722070486,203.15161218537858,209.85656980708734,43660700
2021-03-24,199.39952087402344,208.13571834349463,199.39952087402344,206.75334922269914,47270200
2021-03-25,204.127197265625,204.93745071005662,195.99639933642118,197.23061943030424,59244600
2021-03-26,207.84873962402344,207.91468297447443,203.46772621588363,206.29419018917105,34452600
2021-03-29,201.99794006347656,208.1502084384087,201.69645806770438,206.34127333536082,38078800
2021-03-30,205.39915466308594,206.03039662902648,200.8108655686045,201.9885590221072,36205400
2021-03-31,208.15966796875,209.53520582141599,206.44493946271342,206.492050074356,34800100
2021-04-01,210.79769897460938,210.94843280161635,209.17719173113022,209.5352007434292,29799200
2021-04-05,211.95654296875,213.4357183648971,210.63753214568,213.3038172825901,27826600
2021-04-06,211.33473205566406,213.57706498631717,210.89191816807894,211.98482114067798,24907800
2021-04-07,207.9241485595703,211.39127138050745,207.2175324478546,211.2593702813662,26233700
2021-04-08,209.68594360351562,209.93091302142216,206.6993149884532,209.00759108277984,23989400
2021-04-09,209.71421813964844,210.1852955051858,208.44231787838174,209.62001129222514,23267400
2021-04-12,208.89453125,210.03453033187557,207.65088020489307,209.83668590496984,20533900
2021-04-13,208.3480987548828,209.69538750949275,206.17172360434566,208.66842791640332,24608400
2021-04-14,210.4019775390625,212.92694503091795,208.96989848521713,209.03584183330716,27362000
2021-04-15,211.31585693359375,212.0978470064278,209.40328417305147,212.0695835174455,20587300
2021-04-16,211.65501403808594,212.62543207509574,210.1098811501748,212.36162995102342,23943000
2021-04-19,208.90394592285156,211.6644665150638,207.21749542966683,210.76942247534657,25285900
2021-04-20,204.62657165527344,208.80030987302425,202.78937295472693,207.99948704260095,35570800
2021-04-21,209.62940979003906,209.74246374776357,203.03432723484684,204.46640632929322,31147800
2021-04-22,208.7626190185547,212.29569878590877,208.0088924596248,210.34543185378288,31943700
2021-04-23,212.7008514404297,213.53936859389265,209.17720187192137,209.93092854805607,27999500
2021-04-26,214.91488647460938,215.46133786798387,213.63355564300602,213.86909429310856,19069200
2021-04-27,215.2352294921875,216.12085717396474,214.34960181041026,215.48019890484713,19648100
2021-04-28,215.60267639160156,216.2150855674393,213.96333642730363,214.88664400067807,16222700
2021-04-29,214.8018341064453,217.5906036935808,212.72908246935194,217.49639685852827,25500300
2021-04-30,211.88116455078125,214.62283810873473,211.17454854364723,212.66315465714632,27006000
2021-05-03,212.9175262451172,214.25538407092967,211.90941390829215,214.06695602348847,18693400
2021-05-04,210.3737030029297,213.05884947435808,208.17849534520673,211.60793765589491,26892700
2021-05-05,209.5352020263672,211.5514125333468,208.555367452193,211.30645748383824,25139500
2021-05-06,209.71421813964844,209.92149333057608,205.99270982713134,209.77074512333047,27647300
2021-05-07,212.3522491455078,212.8610063625285,209.309093462777,209.7801708169643,26172700
2021-05-10,206.95372009277344,212.61606508134992,206.88776235836906,212.20151468263919,28109100
2021-05-11,206.29417419433594,207.64144834992976,202.0167843291,202.4878616214567,39519500
2021-05-12,199.595458984375,206.11516713121728,199.3033789806278,204.5417706647058,42113400
2021-05-13,203.2698516845703,204.86209523317385,199.54834394958215,200.97099219731822,37739900
2021-05-14,208.23501586914062,208.60245559189207,203.20389932728585,205.33317794601754,25070400
2021-05-17,208.5177001953125,208.58364355349224,205.2955182371149,207.0667738016683,20048500
2021-05-18,206.93482971191406,210.32659192309154,206.7746651597387,208.58360021365408,24564500
2021-05-19,205.3426055908203,205.54046439522898,201.66820816156695,203.53367036594642,31202800
2021-05-20,206.708740234375,207.15155410375917,203.8163327137353,205.64411517440348,24932800
2021-05-21,207.24575805664062,209.5069234503216,206.66162677810314,208.5270889466969,24213700
2021-05-24,208.593017578125,209.58228275911142,207.2740069209017,208.38574242111306,18324200
2021-05-25,206.57681274414062,210.76941222161793,206.51086939762928,209.37501306061438,20514900
2021-05-26,210.43026733398438,210.75059649592646,207.3870971671131,207.39652791526112,20388200
2021-05-27,212.59718322753906,213.26611933001487,211.21221479272538,212.02246833706442,21225700
2021-05-28,212.45587158203125,214.03868447863672,212.03190486873612,213.94447764020387,20668400
2021-06-01,214.86778259277344,215.33885990771896,212.88926649568546,214.30249844052204,23081500
2021-06-02,215.12217712402344,215.67804492801068,213.70894512166575,215.66862855673847,18927500
2021-06-03,213.3226776123047,214.4532604415414,211.08034469808442,213.69954813947737,24811500
2021-06-04,214.24595642089844,214.86778192496723,213.12480449076918,214.3967046114858,19395800
2021-06-07,217.11953735351562,217.4304501147794,214.1046453329657,214.7076237370757,24049900
2021-06-08,219.4184112548828,219.9742790871016,216.67673758079067,217.8355982324008,27770300
2021-06-09,217.9580535888672,220.12501216215858,217.6188773393421,220.03079094656974,18700600
2021-06-10,216.34173583984375,219.0780831742412,215.8039084082905,218.60629815812192,29069000
2021-06-11,218.62518310546875,218.71954587189404,217.0871736764408,217.30419076193493,16707200
2021-06-14,217.98355102539062,220.18207090953862,217.1532047968064,219.20075002162346,19182800
2021-06-15,217.36074829101562,218.40811138630232,215.58683238966046,218.07785618416216,17039900
2021-06-16,216.89840698242188,217.66269629312146,214.79425014962493,216.7380018281286,24527000
2021-06-17,214.4640350341797,217.20982739537067,211.85035630471376,216.30400819023214,48292500
2021-06-18,209.59524536132812,213.00153423292994,208.6516751963164,211.0766430335727,54023700
2021-06-21,214.0771942138672,214.66220308312543,210.6803360103799,211.40688903679697,26736400
2021-06-22,215.04904174804688,215.52082674715308,212.03905115011162,213.50158752688796,21188500
2021-06-23,215.7567138671875,216.9833577138265,215.124523711876,215.124523711876,22387500
2021-06-24,218.804443359375,218.8233187904507,215.81332823309984,217.13432045369174,21732500
2021-06-25,219.1724395751953,220.23867828795343,218.67234862444263,219.181870092059,27619000
2021-06-28,217.43626403808594,219.46493369441055,215.86050393151223,219.1346928468206,25006000
2021-06-29,216.3983612060547,218.65349314754738,215.86053374102886,218.18170810206576,18844300
2021-06-30,216.4266357421875,217.32303871667742,214.90748754033473,215.74726422348718,26039000
2021-07-01,218.33265686035156,218.76670538568604,216.7474662065775,217.78538454481475,18089100
2021-07-02,216.25682067871094,218.98373752984438,215.66236694374086,218.90825019859926,21029700
2021-07-06,213.1147003173828,216.51155775038646,211.23699101445382,216.41719500035083,27771300
2021-07-07,211.1332244873047,213.8790167269101,209.28383529335937,212.81277798695825,28521500
2021-07-08,209.189453125,211.43515419276594,205.55671748931738,206.9343215410047,42297900
2021-07-09,213.6053924560547,213.67143487271008,210.7369314422653,211.5106657939244,23976400
2021-07-12,213.78465270996094,214.08658761028485,211.87863735973528,212.83163783598062,16831000
2021-07-13,209.75558471679688,213.00146736915283,209.68009739956378,212.52023752150842,25357500
2021-07-14,206.51913452148438,211.69933833315523,206.21719964744693,211.08602367175394,30594100
2021-07-15,205.34915161132812,206.69844985235062,202.81094590999288,205.53786273904464,45477000
2021-07-16,202.82037353515625,207.47218123470046,202.3674639555474,207.42499985401003,36620200
2021-07-19,199.78204345703125,202.34855464128952,197.25328313009842,198.7441252443171,58571000
2021-07-20,205.98133850097656,206.8966025733304,199.33859748920705,200.22555561274467,40794600
2021-07-21,209.52915954589844,209.6801342068668,206.9815233324359,207.06644118007955,28278700
2021-07-22,206.1983642578125,209.40649670579586,205.3019755794998,208.97246254051188,32879000
2021-07-23,207.1607666015625,207.53818878821633,204.66974273554007,207.46270147133885,23660300
2021-07-26,207.7646484375,209.51968894169391,206.7833277266962,207.95335952873663,22194200
2021-07-27,205.33970642089844,206.71732500707932,203.22611875693147,206.6512681937123,35063600
2021-07-28,208.35911560058594,210.02922398424315,205.13209382036018,206.6418114438841,33043700
2021-07-29,209.96319580078125,211.7748484330983,209.60463460141366,210.21794932879322,22634800
2021-07-30,208.57614135742188,211.4068512214057,207.8495884609669,209.14227469157768,28473000
2021-08-02,207.5382080078125,211.87863554495533,207.24570362640765,209.91600831758765,24192600
2021-08-03,208.39683532714844,208.64215830223364,204.8490179138248,208.1703733824853,27798600
2021-08-04,205.802001953125,208.71762907057104,205.59441545307394,206.7361412033547,25588500
2021-08-05,209.50086975097656,209.88773695038768,206.33990413274387,206.72677133215498,23915200
2021-08-06,210.7841033935547,212.50140771806926,209.60464088421304,211.1237891721545,24429200
2021-08-09,209.62353515625,210.59541119947883,208.72714644813195,210.34064324319704,17225600
2021-08-10,210.03868103027344,210.62368980425666,208.70824391743892,210.07641749406085,22681600
2021-08-11,211.06716918945312,211.1049056533027,208.028872729966,210.43497903639323,25691300
2021-08-12,210.5670623779297,211.20868299913457,209.1988889022265,211.13319567939268,23269500
2021-08-13,208.651611328125,210.699156231719,208.24586879454378,210.39720696042752,20813700
2021-08-16,206.70790100097656,207.83073728395902,205.36801883898914,207.36839716677113,24074400
2021-08-17,204.1885223388672,205.16984310595083,201.68806784167808,204.43385972950517,35161500
2021-08-18,202.40518188476562,205.73598260861635,202.27308266957195,203.90546902599988,29102300
2021-08-19,199.980224609375,201.99003328153293,198.79131721559804,200.44256468674573,38119900
2021-08-20,203.35821533203125,203.83000034340066,199.48957247970782,200.1312075819929,31759500
2021-08-23,207.22682189941406,207.52877118571197,205.16984637801357,205.20758283993362,25778800
2021-08-24,209.2649383544922,209.39703756905482,207.29288065218768,207.88733431658682,18677900
2021-08-25,210.0009307861328,211.3313679028787,208.38743419581138,209.2555168428252,21548000
2021-08-26,207.7740936279297,210.5670669277926,207.34005952720298,209.60462157745502,22380300
2021-08-27,213.63368225097656,214.21869103027086,208.12323703293876,208.19870996119877,33998500
2021-08-30,212.7561492919922,214.52063489722343,212.28436431478056,214.42627214268714,20733300
2021-08-31,213.1713409423828,213.822406571279,211.67106803963537,212.52972022840385,20839800
2021-09-01,214.60556030273438,215.36041917242952,212.1805785234707,214.02998203433705,20451500
2021-09-02,216.09640502929688,216.8701249410348,214.7565373595181,215.44533942687056,22810100
2021-09-03,215.0962371826172,216.0492377598992,214.36968420515225,215.36986616497498,18213100
2021-09-07,213.6148223876953,216.0775407865431,213.48272315701035,214.8697722780704,19153400
2021-09-08,211.28421020507812,213.2185317451393,210.06701113907607,212.87884594104204,25241500
2021-09-09,211.18038940429688,213.52043886221074,210.37836358088634,210.92562148498533,27180500
2021-09-10,209.11395263671875,212.57685237585042,209.0196042871612,212.45419808165227,24366100
2021-09-13,210.30288696289062,210.77467196458574,207.8212932466989,210.61426679173766,34693100
2021-09-14,207.6231231689453,211.14264940992675,206.70787357347405,211.12377397976954,30312600
2021-09-15,209.50086975097656,210.17081086209672,207.07590206228227,207.60429901867928,27572000
2021-09-16,209.65182495117188,210.7369247145793,207.83072732658542,209.7178673657189,22369000
2021-09-17,209.9254608154297,210.44442722278055,208.18929537787085,209.11398999604558,39957600
2021-09-20,204.93397521972656,206.6324041375304,202.13157110478423,205.1792982420676,44958500
2021-09-21,205.245361328125,206.91546995042373,203.64129512251003,206.42482389074428,26711200
2021-09-22,208.43460083007812,209.99149992083392,206.51915494081038,206.52859985507067,32100300
2021-09-23,212.1239471435547,212.91654240495114,209.0573449652558,209.64235369661023,31057800
2021-09-24,211.10089111328125,212.340710204031,209.95570621278546,211.0724994120697,28866000
2021-09-27,214.3092803955078,215.482842539834,211.55516988477186,211.64034498724325,29743200
2021-09-28,209.4351806640625,213.51430010217385,209.01876420657655,213.33447635573324,39938200
2021-09-29,208.99034118652344,210.73176610130986,208.3751540176565,210.36265957653063,23628900
2021-09-30,207.03121948242188,210.68443380728579,206.88926099417466,210.2206786767585,33153600
2021-10-01,210.37213134765625,211.5267753032777,206.07535219904685,208.16695115180065,32647000
2021-10-04,208.46031188964844,210.40996650291487,207.20156039854703,210.23960188328817,32580200
2021-10-05,209.17962646484375,211.11033420774112,208.10069857647557,209.12284306672214,20407600
2021-10-06,208.0912322998047,208.40355544170842,205.14783905000598,207.04069607389317,32893300
2021-10-07,211.29962158203125,212.8990880566706,209.5108722957781,209.66230432161026,24289300
2021-10-08,209.70962524414062,212.10408815365452,209.63390923244876,211.42265848978033,17989600
2021-10-11,208.50762939453125,211.57406247560476,208.45084600362537,209.9462045433331,15929800
2021-10-12,209.65281677246094,210.55192083657627,208.55495639625548,209.01871149689853,18800600
2021-10-13,210.64662170410156,210.76964760272247,208.05340212557624,210.00304274271636,19676200
2021-10-14,213.76980590820312,213.89284623744885,212.30285325036513,212.70981058348065,18160000
2021-10-15,213.09786987304688,216.17376286391178,213.00322123524765,215.76679105100067,27555300
2021-10-18,212.9748077392578,213.58998049794062,211.74444778053908,211.88642072271034,19082600
2021-10-19,213.76980590820312,214.72570795907546,212.57731116789034,213.87391362340645,15498400
2021-10-20,215.18946838378906,215.76679041340728,213.06000401179054,213.86447410664292,18130500
2021-10-21,215.7383575439453,216.7415693682628,214.47960600017,215.01907713665304,17851600
2021-10-22,215.22731018066406,216.1548060736775,213.59945199378575,215.59641672063339,16887000
2021-10-25,217.2716064453125,217.65963117054392,215.10427700568766,215.58695036127997,16387100
2021-10-26,215.63429260253906,218.3600116403683,215.59644181206016,217.70697358410882,25290200
2021-10-27,211.6687469482422,215.2746519825407,211.52678843724206,215.0096386930836,27088500
2021-10-28,215.88978576660156,216.0317442519449,212.7287183345772,212.75711003164585,22890600
2021-10-29,215.8330535888672,216.5712667705308,214.80144984030585,215.59644642958128,20777700
2021-11-01,221.42645263671875,221.63465365304066,216.62805246391946,216.96876735454046,35500800
2021-11-02,221.8901824951172,222.26876260012327,220.18660812597577,221.82394000258762,24949700
2021-11-03,225.85568237304688,226.96300191502732,221.38853898036314,221.60621347801265,47648500
2021-11-04,225.77053833007812,228.03250203540836,224.83356884660725,226.65070996859455,26514000
2021-11-05,228.85586547851562,230.36068327633,227.33211506776735,228.25015183680307,42041700
2021-11-08,229.56570434570312,231.36392723646756,228.9694497442858,230.68249753237734,31324500
2021-11-09,228.2312469482422,229.5373230136397,226.70749635239642,229.03571702010237,29895900
2021-11-10,224.63478088378906,228.6192362607215,223.65048728531363,227.21852630742288,32471600
2021-11-11,226.4425048828125,227.50251475012706,224.92822776592033,225.54340058819614,17987500
2021-11-12,226.66964721679688,227.34161786963125,225.95036668756427,227.0671454914797,20526700
2021-11-15,225.77053833007812,227.86213738325276,224.82410975979178,227.68232808563565,27390000
2021-11-16,226.18698120117188,226.54661425682318,224.25625872828724,225.02286360023817,21925200
2021-11-17,223.224609375,225.37300594791782,222.53372066685262,225.30674902617747,26527800
2021-11-18,222.27818298339844,224.3697961804643,220.56514982541898,224.22782325029996,30637300
2021-11-19,220.2528533935547,221.86177904088478,219.94053023897564,220.7733919845198,33994000
2021-11-22,219.31590270996094,223.11109076432854,219.21179498285312,221.6725152010263,31042100
2021-11-23,218.9373321533203,220.5178661995563,216.3725042652153,218.9941155593215,33843800
2021-11-24,219.17391967773438,219.56195883913094,216.2967688729321,217.1012388961832,24099300
2021-11-26,210.91160583496094,214.05374107705666,207.8735638685261,212.9085706312521,62595400
2021-11-29,210.77908325195312,214.60264777767813,209.38783229627813,214.10104186210572,45982400
2021-11-30,206.48233032226562,209.97465424118687,204.3150151363486,208.83894278529374,64908400
2021-12-01,201.83534240722656,212.19874632778053,201.73123469163437,211.2144525728446,69120100
2021-12-02,207.4665985107422,208.15748727439973,202.3653494568841,202.88587358048673,64315700
2021-12-03,203.2077178955078,208.57396703320424,201.31486044553984,208.4887774725249,64425200
2021-12-06,207.28672790527344,208.86726141497897,202.2611960011802,204.93957535072605,43878300
2021-12-07,212.09463500976562,213.93069418966033,210.08819674710014,210.2396287747264,44679200
2021-12-08,213.5426788330078,214.4039178399959,211.11035052224452,212.56785857964647,36546400
2021-12-09,208.7064666748047,213.71306828051712,208.66860143860993,211.95271027272466,34830300
2021-12-10,208.12908935546875,210.91159138194737,206.62427154648827,210.2964042085269,32924600
2021-12-13,205.0875244140625,207.944937256492,203.8629292567513,207.31839346195045,33478400
2021-12-14,203.32180786132812,206.49249242262005,202.4959184874086,203.70153793599667,36543500
2021-12-15,206.54942321777344,207.10002089523195,200.37895148499905,203.35027558543604,51261000
2021-12-16,202.37249755859375,208.7518177450748,201.48965232463559,208.3246341000879,52743800
2021-12-17,204.233154296875,206.33112140420448,199.63852883588652,201.4421996907935,62620900
2021-12-20,201.36622619628906,202.14466191254496,198.17656629388367,201.33774825400846,49993000
2021-12-21,207.11900329589844,207.3183633780406,201.30927127921777,203.34077992124284,38545300
2021-12-22,209.11257934570312,209.17903754536536,206.12227903579145,206.82475437380808,32442000
2021-12-23,210.78334045410156,211.50482037672856,209.1695274188503,209.84353926995365,22125400
2021-12-27,212.7578887939453,212.8718150601528,209.41635101310106,211.06812977828505,24196700
2021-12-28,211.4573516845703,214.2862720193705,211.0776360839392,212.44462093734418,23120300
2021-12-29,211.6851806640625,212.15983238712045,210.04287527292286,211.42886467774932,19444400
2021-12-30,211.6282501220703,214.0015091840514,211.40991434423069,211.63775242886143,23607700
2021-12-31,211.1725616455078,212.75789675954488,211.11560575288235,211.21054189740607,23997400
2022-01-03,213.89707946777344,215.19762067550496,211.4383723032548,212.3687001969526,30618800
2022-01-04,213.5742950439453,215.61530623781007,212.05541815165006,214.5425886592429,22013100
2022-01-05,206.34059143066406,214.4571385482558,206.3026256674568,213.46985488222003,40582100
2022-01-06,207.51776123046875,209.2454861542107,204.8786985278358,206.7773056224047,39105900
2022-01-07,205.11602783203125,209.20752387135875,204.98311142738328,207.5177646878577,31583900
2022-01-10,204.4040069580078,204.4704506610658,200.40743342855032,203.88188721161032,45778100
2022-01-11,206.5779266357422,206.786774555887,202.16367133814396,204.5559056294407,35209900
2022-01-12,205.04005432128906,208.2581923893704,203.75848888881964,207.44179085514105,35284500
2022-01-13,203.16043090820312,207.128526955044,202.56237957055774,205.81848352789623,34489600
2022-01-14,203.44525146484375,203.53068531208208,199.90435310547298,201.24287465310056,42020900
2022-01-18,197.29376220703125,201.67005223339774,197.00896823968574,201.44221416247674,49434400
2022-01-19,194.08511352539062,198.8411337192711,194.01866980728073,198.22407770275416,46209100
2022-01-20,190.5726776123047,198.39494366646346,190.17397188055787,194.9679574522829,50466000
2022-01-21,187.00328063964844,192.72757894178093,187.00328063964844,189.63284060943278,85821000
2022-01-24,191.31312561035156,192.12952716738897,181.53529705101164,184.23132989287882,85782000
2022-01-25,188.75950622558594,191.47451484033897,184.69648836647607,188.41775638298688,61088500
2022-01-26,186.0349884033203,193.2307099114775,183.89905575393453,191.550438838099,71471700
2022-01-27,181.8106231689453,189.49048554788467,180.93726562571823,187.61086854148778,59829000
2022-01-28,185.3515167236328,185.40847261856274,178.55449988102725,181.98148624979498,65870000
2022-01-31,191.037841796875,191.037841796875,184.0224895023899,184.53510701954218,53393800
2022-02-01,193.05038452148438,193.24974465495444,187.93363859495418,191.43657126637763,43429400
2022-02-02,191.1327667236328,193.56298141062734,189.18669161584944,193.2971775845637,42777800
2022-02-03,187.5159454345703,191.0378682858771,187.06028374667343,188.75953087594496,39629400
2022-02-04,188.3227996826172,189.95560257286652,185.0382037796126,187.0507222086653,34291100
2022-02-07,189.25314331054688,190.96189248024393,187.95260217163212,188.37028353736105,33242600
2022-02-08,192.48077392578125,192.82252376781867,189.25314779504478,189.35757176025683,28341900
2022-02-09,196.1356201171875,196.17358588821995,193.94273108816887,194.19904711961445,27329300
2022-02-10,193.1262969970703,198.45188995335505,191.87320948489923,192.61366502019263,44788100
2022-02-11,191.17074584960938,195.61347933211397,189.56642059696426,193.3256543921263,41516600
2022-02-14,190.50625610351562,193.21177739347357,189.1392709679289,191.40810619031805,32262700
2022-02-15,195.61349487304688,195.85082076986174,192.35739052165408,192.49978026565373,25847500
2022-02-16,196.02171325683594,196.76216893502166,193.73388801476838,194.89203961095097,30104800
2022-02-17,190.99989318847656,194.63572793866942,190.60118739014322,194.18006623846338,27140200
2022-02-18,189.35755920410156,192.44279539825192,188.683547385113,190.83847025965838,36255400
2022-02-22,186.69003295898438,190.28788691162717,185.44644767048692,188.41775782602923,31847100
2022-02-23,183.1965789794922,188.81645376509866,182.78838544164705,188.18992448573687,31491500
2022-02-24,188.00003051757812,188.41772631245055,178.39308517639074,178.77281521046555,52221100
2022-02-25,192.23394775390625,192.34785953211932,187.01277880256558,188.6171039434311,33656200
2022-02-28,193.01239013671875,194.22749742997303,190.2973816097115,190.30686942981356,34975900
2022-03-01,189.3765869140625,193.4585809467533,187.77226145706152,192.38587769168626,40638900
2022-03-02,193.88575744628906,194.8920168666358,190.51572703053031,190.65811676540116,29978600
2022-03-03,191.58843994140625,194.71164209299118,190.13599225531325,194.69265196706777,30142700
2022-03-04,188.58863830566406,190.6771031254437,186.99380088050117,189.57590758011958,31610400
2022-03-07,183.89907836914062,189.471485375541,183.8610981167575,189.12024770971865,39279800
2022-03-08,184.91481018066406,189.4524939374225,183.65224935603243,184.48762653091748,45715800
2022-03-09,190.1265106201172,190.81001032337693,187.60135974336438,188.17094765782164,29048000
2022-03-10,189.78477478027344,189.89868657748605,186.59511409130988,187.40202794882825,25661000
2022-03-11,186.75648498535156,191.5314807252137,186.48119332691772,190.6011672938581,24990000
2022-03-14,182.9402618408203,187.43046279954245,182.1523382924238,187.24060501943706,34969500
2022-03-15,185.85464477539062,185.864132596053,183.10167032017318,183.65226810826115,25464300
2022-03-16,191.70236206054688,191.70236206054688,186.20588636978158,187.52541773076413,31869700
2022-03-17,194.71163940429688,194.80657554738116,190.14549193524368,190.59166573434078,25783100
2022-03-18,196.76217651367188,196.9330442220388,193.65794944465208,193.857309589638,37092200
2022-03-21,195.02490234375,197.62598451631382,193.6009471741668,196.6956711947147,26747500
2022-03-22,196.98046875,198.2050638448761,195.36665575849003,195.85079531037664,24699900
2022-03-23,193.56298828125,196.69569289702244,193.4205985426696,195.69892127129177,19775000
2022-03-24,195.78871154785156,195.84577939133231,192.83057404665263,194.40001231084133,19781200
2022-03-25,196.05503845214844,196.53062316759704,194.45708077481413,196.02650453031703,19430400
2022-03-28,196.1216278076172,196.14065526012067,193.11592891459236,195.5604413251614,18999100
2022-03-29,201.37210083007812,201.88572597302976,197.7291199106882,197.84325560607863,29550600
2022-03-30,197.3296356201172,201.4006400173071,196.52113572011982,201.04869742449776,26251500
2022-03-31,195.24655151367188,198.70880763267795,195.13240131360573,197.0157272209147,26771600
2022-04-01,197.43423461914062,197.57690422026312,194.99922882167158,196.11209525150556,25948500
2022-04-04,197.7576141357422,198.25221172560933,195.82674160329472,197.7195592357882,20333900
2022-04-05,193.07789611816406,199.21293630257904,192.6213243222834,197.80520954951615,26509800
2022-04-06,190.33851623535156,191.94599490283576,188.97833639605966,191.44187626333635,34903900
2022-04-07,189.72027587890625,191.40383545312295,187.07601130205046,190.33853025176165,29291200
2022-04-08,188.20791625976562,190.5287723091825,187.85598816682304,189.49200097170066,25249600
2022-04-11,186.94281005859375,189.52048527826483,186.3150493435358,187.49449000079585,33702300
2022-04-12,187.53256225585938,191.83183749098723,186.8286916754231,188.9973567448078,33699800
2022-04-13,191.09947204589844,191.61309720147736,187.96060972224151,188.02718404162437,22303600
2022-04-14,189.24468994140625,192.4881669031768,189.1590736560727,191.28969855914943,27107000
2022-04-18,187.97010803222656,189.45393009914338,186.93333678209808,188.76910142600016,22246400
2022-04-19,191.7177276611328,192.36453048702322,188.03670623369814,188.19840331174694,22786700
2022-04-20,192.4501190185547,193.91491360424104,192.00306821024841,193.13496219239858,20516200
2022-04-21,188.14134216308594,194.7995290934319,187.39943106622877,194.2573554768155,31547700
2022-04-22,183.2713165283203,187.73230342177476,182.9003610357779,187.25671871268483,35686900
2022-04-25,184.38421630859375,184.63151515759085,179.97079033905408,181.6638709148455,35556500
2022-04-26,178.57257080078125,183.29988447339267,178.3252574369673,182.9289289413668,40513600
2022-04-27,177.8306427001953,180.51293294086858,177.16481248943336,178.50596486661684,37808000
2022-04-28,181.1502227783203,182.05383087267785,175.69051930568128,179.93272701701233,37405200
2022-04-29,175.9187774658203,182.36770483080667,175.5002606080135,180.33220289722237,41193400
2022-05-02,177.76406860351562,178.64866379225063,173.47429935137302,175.87123605943364,38002100
2022-05-03,179.28591918945312,180.25610149381905,176.61312107699885,177.79257631686806,30246300
2022-05-04,184.07032775878906,184.46029622773463,176.6226687490003,179.81859888522735,38834700
2022-05-05,176.60365295410156,182.20604116096118,174.4254810170101,182.17750723485443,41468700
2022-05-06,173.66448974609375,176.36580703141684,171.73361725920444,175.92827728811218,45457900
2022-05-09,166.35952758789062,173.73109067421768,165.59860365445053,171.07733434916517,53682200
2022-05-10,166.40708923339844,170.17372657031882,162.8402038632326,168.89916301466604,53650800
2022-05-11,162.26953125,169.48890466075716,161.98417748188365,166.5783281561006,64377800
2022-05-12,164.1718292236328,165.8268545394331,160.65249115470027,161.53708616287966,52967400
2022-05-13,169.374755859375,170.64931947619704,166.46416506613096,166.49269898936618,36517000
2022-05-16,168.56625366210938,170.677851034424,167.5389888987919,168.8325799510775,28225500
2022-05-17,173.72158813476562,173.91181912242905,170.24982544040262,171.60048432061512,31833700
2022-05-18,167.6341094970703,172.5516538237825,166.5497769020039,171.6575522164359,36093800
2022-05-19,167.90994262695312,170.078607821926,166.35002530225873,166.35002530225873,33627700
2022-05-20,167.48191833496094,170.23079746224306,163.40139327075588,169.7837466600818,42243700
2022-05-23,169.50791931152344,170.22129642108027,166.93024363629917,169.19403164167508,24644100
2022-05-24,166.99681091308594,168.29038730498098,163.91501697262032,167.94798026973294,26861800
2022-05-25,170.00254821777344,171.0012792573432,166.27396491525045,166.34055375761375,27950100
2022-05-26,173.79769897460938,174.8249638162889,170.9251629088219,171.06784704759966,25702700
2022-05-27,178.47743225097656,178.48693872039937,174.44446862055935,174.78689019779944,24952100
2022-05-31,176.26121520996094,178.51548224844092,175.10078727540886,177.78309219374236,29794500
2022-06-01,175.2624969482422,177.81163890231116,172.894094045478,177.17435704221782,28352100
2022-06-02,179.54275512695312,179.54275512695312,175.1768904707234,175.5763799313887,24876000
2022-06-03,177.92576599121094,178.78182725733478,176.71777665121888,178.14453091439702,18972100
2022-06-06,178.69619750976562,180.06588382142795,177.70698768117273,180.04685636885102,24678700
2022-06-07,181.57823181152344,181.61628671501498,176.82238483360302,177.30749051411453,21661600
2022-06-08,178.77230834960938,181.38802452914626,177.92576805750707,180.68416837323574,21521700
2022-06-09,175.06634521484375,178.40421188044647,175.02819001814834,177.90829618701264,21697200
2022-06-10,170.31698608398438,173.13987332645002,169.4205283539053,172.14804217966199,37153600
2022-06-13,162.315673828125,166.85518150373815,161.4478250604998,165.58679050919582,39712700
2022-06-14,161.53366088867188,163.3074989993339,159.96963268210533,162.76389664273864,30282400
2022-06-15,163.89877319335938,165.99685767820435,160.8470126197719,163.27888955645366,32150500
2022-06-16,156.30747985839844,160.61809915728492,155.23936746827928,160.06496536899039,43810600
2022-06-17,157.52821350097656,159.7598266668643,156.11677692702102,156.86064313166938,40327300
2022-06-21,160.3511199951172,162.2012542011478,159.08272886879783,160.19852830654997,34665400
2022-06-22,160.0459442138672,161.41922569545235,157.70942592107346,158.27210592921634,29303500
2022-06-23,161.9628143310547,162.34427895150674,158.83475787713192,160.39878610409332,27089800
2022-06-24,166.97915649414062,166.9887025690491,162.98325102833533,163.28843438653746,37138500
2022-06-27,167.59902954101562,168.79112456990998,166.11128272132478,167.53226523446574,24745400
2022-06-28,164.45191955566406,169.89740228669746,164.36609219362768,168.73391620594856,25909200
2022-06-29,162.78297424316406,164.6998579466926,161.1426502030725,164.55681235387044,21292500
2022-06-30,161.51458740234375,163.37425291601946,159.03502368281437,160.40831961658802,31466300
2022-07-01,163.46963500976562,163.87970877597004,159.8933493893825,161.2189586772601,24598600
2022-07-05,164.82383728027344,164.89058703830776,159.0064074199338,160.86607285006136,25151100
2022-07-06,163.60313415527344,165.66307797702518,161.88651430381364,164.4614368050323,25697600
2022-07-07,167.4750518798828,167.8279073620929,164.84291121810952,164.85244273991947,24822500
2022-07-08,167.45596313476562,168.7911182482874,165.6058293909028,166.96006209871595,20547000
2022-07-11,164.08949279785156,166.8646934937182,163.650809980078,166.1875771202749,22031500
2022-07-12,163.52684020996094,165.3292874368094,162.65899147615994,163.59358996920747,23864200
2022-07-13,163.3837890625,164.2993099280896,160.97097525061685,161.3142992131984,25535600
2022-07-14,161.70535278320312,162.12497268788306,159.28302135884024,160.86611297384323,25102200
2022-07-15,165.07179260253906,165.31975770170112,161.46689810987363,163.59359173763409,34935900
2022-07-18,164.6044921875,168.123544591292,164.0894989709849,167.01729143184878,23031500
2022-07-19,170.41238403320312,170.6031163421385,166.56907052798297,166.65489788421252,24234600
2022-07-20,173.0826873779297,173.3878561748212,170.13581705452538,170.37423608882372,26049300
2022-07-21,173.9696044921875,174.0459003317168,170.56498814585984,172.09086128061568,21709900
2022-07-22,171.1944122314453,174.7611665166515,169.8020531056947,174.40831097348558,25116100
2022-07-25,172.081298828125,172.53905923108053,170.164400765356,171.70936577223472,19267200
2022-07-26,171.02272033691406,171.86195988094835,170.2693081411721,171.45187163031667,19391200
2022-07-27,174.91372680664062,175.71481119151997,171.6616880025704,172.11944842936694,21670700
2022-07-28,177.31700134277344,177.51727973911434,173.34017350407396,175.78159669591446,22838500
2022-07-29,178.5758514404297,179.0336118982831,176.46822083632875,177.42189694548992,21760600
2022-08-01,178.50909423828125,179.5962990158957,175.68622099181053,177.18348497582286,23905600
2022-08-02,178.33740234375,180.26383183398508,176.8878108276961,177.83195525527321,17492600
2022-08-03,180.9600372314453,181.3415018448849,178.94778010887566,179.577209817799,19157700
2022-08-04,180.57855224609375,181.23657644725094,179.71070361369118,181.04584416204855,14838900
2022-08-05,181.96141052246094,182.1712204375318,178.49956147573528,178.78566722828123,18540300
2022-08-08,183.88783264160156,185.61398405480395,183.0009063013278,183.24885684870225,22188700
2022-08-09,181.37966918945312,183.26794389079137,180.39738391969,183.14396133474293,18247300
2022-08-10,186.55810546875,186.87282031354846,184.16438380623913,184.66029943003747,20796400
2022-08-11,187.25433349609375,190.28701692118082,186.95868164129493,188.27475949471844,23727600
2022-08-12,191.0785675048828,191.1453172730914,187.47367256718067,188.20800732914051,21726600
2022-08-15,191.7556610107422,191.841488367544,189.03767829647757,189.59081218243796,17414800
2022-08-16,191.67938232421875,192.63305851251428,189.81017059230425,191.21207575325417,18833100
2022-08-17,188.45594787597656,190.09627204678912,187.2829302655276,189.51452900304812,22428000
2022-08-18,189.7052459716797,190.01996082743875,187.77881619640095,188.71342924148266,18368100
2022-08-19,185.63304138183594,187.97909091912877,185.07992206641714,187.71206278342936,27416400
2022-08-22,181.8087921142578,183.43958447761713,181.20797157745054,183.09626053543312,22937000
2022-08-23,182.10443115234375,183.99270557711532,181.57037491519148,182.09489963094498,20069800
2022-08-24,183.49681091308594,184.34558200921808,181.35103981648805,181.9518458282152,16038300
2022-08-25,186.34828186035156,186.39596857004398,184.04038772025729,184.42186684585593,14795000
2022-08-26,180.22573852539062,186.3864936698889,179.92056968414735,186.29112022153123,24177200
2022-08-29,178.56634521484375,180.23527864230718,177.8796971548175,178.28977095491794,19753300
2022-08-30,176.0676727294922,179.30063404936948,175.03770081980446,179.119447818319,22548900
2022-08-31,174.99957275390625,177.13581255919297,174.70393547701983,176.37286873216607,22412500
2022-09-01,173.0922088623047,173.46414195216252,170.61264522862427,173.3592370010774,30706600
2022-09-02,171.74752807617188,175.42871846254158,170.84153867721395,175.09494055342162,27468200
2022-09-06,170.0500030517578,172.69169023382722,169.2775276482655,172.33883469197127,23837100
2022-09-07,173.75025939941406,174.0172875561868,169.6875897034771,169.72574489841216,24781200
2022-09-08,175.1998291015625,175.2761103779177,171.29928309658757,172.31972342911953,25273200
2022-09-09,178.7188720703125,178.9382280221758,176.52542896720377,176.7543018881873,23208800
2022-09-12,180.8837432861328,181.06494407258745,179.26249683418132,179.86331743096414,23134600
2022-09-13,173.80746459960938,177.29792252518695,173.13034818377423,176.29655973644688,34144700
2022-09-14,174.48463439941406,174.82795847339597,172.20534846579577,174.11270119859591,25278300
2022-09-15,173.21620178222656,176.1344484392394,172.4818670806566,173.49276145968008,25378700
2022-09-16,170.69851684570312,171.35654123310277,168.71486850389144,170.79387573932374,41155900
2022-09-19,172.1575927734375,172.37693417529977,168.7625085973825,168.81018075504858,25412200
2022-09-20,169.81158447265625,170.65082419827115,168.52413031389068,170.4887009879945,22247500
2022-09-21,167.21754455566406,172.7107275700424,167.20801303446493,171.06085763032462,29357100
2022-09-22,163.4505615234375,167.4464670854384,162.83067782108893,166.89333314933876,33468600
2022-09-23,159.5595245361328,161.35244001999155,157.35653536927344,161.1712392570134,40336900
2022-09-26,157.37489318847656,161.9762209341063,156.80931718986093,158.62108825272054,30597800
2022-09-27,157.91171264648438,160.69168851170048,156.52173202748517,159.4263171605226,42406600
2022-09-28,162.9060516357422,163.9125942325997,158.23762945951032,158.89905752814997,35186500
2022-09-29,159.25375366210938,160.97923854834926,157.02019243458284,160.8354530169012,31464000
2022-09-30,158.0938262939453,162.50343443094823,158.0458929088705,158.91823078469923,40643800
2022-10-03,162.282958984375,163.2511637210348,158.4101839193863,160.4136738091055,33611600
2022-10-04,168.71524047851562,168.79193097945378,165.38886496481297,165.4655554657511,37537300
2022-10-05,167.4690399169922,168.07296844996682,164.32480261823315,166.23244036975788,25281400
2022-10-06,166.52960205078125,168.8781918156297,165.75313088944762,166.6542259354652,22635900
2022-10-07,161.63111877441406,165.33135135173808,160.9696760002141,164.8136941253131,26536100
2022-10-10,160.73001098632812,162.55137733532464,159.69471124238845,162.28295328862947,23386400
2022-10-11,160.77793884277344,163.06901428342715,157.97880168792736,160.0494011045694,28009100
2022-10-12,160.3369598388672,161.48730251113756,158.6306367361381,160.95046910471117,26796700
2022-10-13,164.3056182861328,165.07250860544778,155.77400188019624,157.21191574370573,45376500
2022-10-14,159.9055938720703,166.72130567992937,159.80974173106085,165.59015387639784,29608600
2022-10-17,165.0054168701172,165.4751260468547,163.06902206617957,163.17446967003795,28199200
2022-10-18,166.96096801757812,169.9518241377605,165.54223045123726,168.5810199584156,34523100
2022-10-19,164.1234893798828,166.22283126419825,162.32129938327782,165.35050799925173,27146900
2022-10-20,162.03370666503906,166.36662420451646,161.4968878707563,164.32478199384838,26710700
2022-10-21,165.5518035888672,166.03110818213386,161.2284814233993,162.38839034786403,45402700
2022-10-24,166.26121520996094,166.7980341288713,163.97013934925656,166.14618676368542,27284500
2022-10-25,170.79539489746094,171.49517549935706,166.37620601709776,166.3858014702623,33105700
2022-10-26,171.6389617919922,174.8215363887839,170.94876207177924,171.73481392539097,37084700
2022-10-27,171.6773223876953,174.46687873961326,171.46642718827235,173.11523622346135,28651800
2022-10-28,175.578857421875,175.81850971210122,171.3418066859411,172.38668716079584,33221600
2022-10-31,175.7418212890625,176.6141591462682,174.03549813277837,174.72569790691747,25699400
2022-11-01,175.98150634765625,177.91790133159094,175.31048272764457,177.5728013802681,27446700
2022-11-02,170.14356994628906,177.34272052448486,170.08604110141874,175.27212092566688,38139600
2022-11-03,169.00282287597656,170.5749415462417,166.90346616414328,168.03461811949217,29093200
2022-11-04,171.28428649902344,172.49214346417617,168.2071591283688,171.51435797505627,25842400
2022-11-07,172.06077575683594,173.11523713227044,170.32568076570806,172.30042806405504,20689900
2022-11-08,172.12786865234375,174.41894409572777,170.01893130053176,172.77013507242376,20265200
2022-11-09,167.40196228027344,171.27473777582247,167.06644314323907,170.63247124046447,27277000
2022-11-10,177.7069854736328,177.77408051423575,173.652057859536,174.32309602886232,38572800
2022-11-11,179.1640625,181.02376678043336,178.00415350181055,178.07124854298053,28765400
2022-11-14,177.16058349609375,180.01723513226568,176.98804084208328,178.10001652032423,26499600
2022-11-15,179.7871856689453,181.71398518754808,178.40678587110904,180.06517594315673,26128800
2022-11-16,176.62376403808594,178.91483968665275,176.1061214505577,178.8765017505169,24802000
2022-11-17,174.98451232910156,175.37754560129466,173.0385368744672,174.10259364356608,20835700
2022-11-18,176.1156768798828,177.63986194097342,175.01328219154522,176.9496621723258,27269100
2022-11-21,175.19541931152344,175.60762889058157,173.92046726796772,175.21459559193028,19038900
2022-11-22,177.06472778320312,177.28520382352448,174.7832330001365,176.1348756049222,16869700
2022-11-23,177.5248565673828,178.09043253735157,175.95273791853703,176.66209943096666,19758800
2022-11-25,177.8987274169922,178.65602237811055,177.01680855792068,177.42900356312254,13393400
2022-11-28,174.31349182128906,177.26600988551888,173.78625384067382,176.50871506042824,17465600
2022-11-29,174.82156372070312,176.01024445295792,174.428545046059,174.428545046059,14020600
2022-11-30,179.6146240234375,179.67213824241585,173.3165683826127,175.10916313445236,28030100
2022-12-01,179.22157287597656,181.4072005648238,178.425925527294,180.36230547606309,21996400
2022-12-02,180.26649475097656,181.0429659994474,176.7004667284142,176.73880466719504,22574800
2022-12-05,175.30087280273438,179.31744799077114,174.6394300650287,179.12572906190985,25449300
2022-12-06,172.6167755126953,175.40631732715232,171.66774708475648,175.31046517801337,18502100
2022-12-07,172.10870361328125,173.98758423716208,171.69650864414157,172.3100179979608,17177800
2022-12-08,173.3549041748047,175.07082303158913,172.07995203676103,173.28780912923253,20971400
2022-12-09,171.22679138183594,173.32614812470428,171.16927716321774,172.32920087181503,22046500
2022-12-12,173.2398681640625,173.59454891267887,170.6324497837072,171.44727351277444,22765400
2022-12-13,174.67477416992188,179.7403179337464,173.48060902681343,178.86395516004677,38445300
2022-12-14,173.5287628173828,176.1482114010736,172.21903852553743,174.60735410665401,32406900
2022-12-15,169.18548583984375,171.99755272865465,168.5691458342137,171.44861733418324,33546700
2022-12-16,167.92391967773438,168.63656879441098,166.28676787993132,167.37499896607275,38502400
2022-12-19,165.6511688232422,168.57879503556057,165.13113788398738,168.15505850261667,25614000
2022-12-20,166.5275115966797,167.5868528012791,164.8518304261417,165.32372145268215,18050800
2022-12-21,169.39732360839844,170.26406122873115,167.7601721407063,168.00093014168166,22997200
2022-12-22,167.18240356445312,168.03950167448198,164.36071144612282,167.88541298859445,21297600
2022-12-23,167.94317626953125,168.0009558474538,165.96895742051808,167.06681348516034,11647700
2022-12-27,166.81642150878906,168.11652072144616,166.20008155268357,167.91427751481146,13553800
2022-12-28,164.2258758544922,167.66390777745937,164.04289738983613,166.77790524389272,19648000
2022-12-29,168.38616943359375,168.77137639770416,165.06369691565055,165.3718742427019,22311300
2022-12-30,167.91429138183594,168.26098355419546,166.22898506794752,166.93199444436647,21275600
2023-01-03,166.9897918701172,170.7648913480111,165.5452434466916,169.42626236871854,22503800
2023-01-04,169.06993103027344,170.13889736227094,167.8372509873022,168.16467840924966,22973500
2023-01-05,167.25941467285156,168.29949114524655,166.0171096805128,168.13577744515254,17032600
2023-01-06,171.01524353027344,171.45823007099256,167.4423879433332,168.8195314992468,21986900
2023-01-09,171.30418395996094,173.4613668284384,171.0826759588749,172.39240042675317,18366500
2023-01-10,173.83694458007812,173.94287871440517,170.74561931466292,171.09231150930543,18751100
2023-01-11,176.00375366210938,176.03264345156126,174.0006449901183,174.55920541069602,18222700
2023-01-12,178.96026611328125,179.07582526892122,175.19480688183188,176.78381874540352,29650800
2023-01-13,180.13519287109375,180.41446576965873,177.51574386544263,177.6794575914575,22120000
2023-01-17,179.91371154785156,180.89599396939792,179.35515101879375,180.08705031822765,22422600
2023-01-18,177.00534057617188,181.97459079609035,176.90903146780101,180.52040261110685,23507800
2023-01-19,175.3103790283203,176.33120552603484,174.09696372007093,175.97487361189934,24624500
2023-01-20,178.19944763183594,178.30538174724364,174.56882731087873,175.95559584177838,36070300
2023-01-23,180.4048309326172,181.16561993507088,177.75649227775443,178.57506086334308,20329900
2023-01-24,180.0196075439453,180.88634536701522,179.00843545908887,179.6921801127593,19263500
2023-01-25,180.52040100097656,180.57818058760103,177.07274361688675,178.55582158221202,18174600
2023-01-26,181.58932495117188,182.8316445517585,179.4032380355504,181.99379665761538,18369100
2023-01-27,182.57162475585938,183.26500903384414,180.84778909167107,181.03076753929253,20019900
2023-01-30,180.0292510986328,182.60054544180372,179.9233169633843,180.89597424542535,18395100
2023-01-31,184.40139770507812,184.49770680095654,180.45297458404676,180.49148940557518,21567900
2023-02-01,187.3001251220703,188.93727681171893,183.10130442801747,184.12211613939704,27007300
2023-02-02,190.98854064941406,191.89377851552464,187.16530188622204,188.76392406722465,31020400
2023-02-03,189.70770263671875,191.76859078603286,188.4653829727023,188.86022966868916,24981500
2023-02-06,186.96304321289062,189.12024031360247,186.22150441347358,188.41721633084856,18160100
2023-02-07,188.34983825683594,188.85061911220933,184.56511409335113,186.26006015932094,27074100
2023-02-08,185.59555053710938,188.14757976616048,185.094769722364,187.174922619272,17933500
2023-02-09,182.90869140625,187.90683067629857,182.42717532543153,187.04973264022988,20516600
2023-02-10,183.274658203125,183.58283556490878,181.5604620386425,182.28273619877967,15248700
2023-02-13,185.48001098632812,185.7303940728084,182.3116267614115,183.46726248358223,15754400
2023-02-14,185.393310546875,186.7800791688979,183.05314951823942,184.20878513835714,21889600
2023-02-15,187.271240234375,187.35790960201587,183.48651620564013,183.91987773854905,18721200
2023-02-16,185.48001098632812,187.6660835400767,184.17991161469516,184.7095822733125,21366300
2023-02-17,185.9904327392578,186.2215510865684,183.91027944522216,184.7866423646594,23892200
2023-02-21,180.5010986328125,184.26655765350347,180.31813487819144,183.69837224380325,26004000
2023-02-22,180.9922637939453,182.15752446107868,179.84625318953667,180.8863296701419,24651700
2023-02-23,182.28273010253906,183.26502704199135,179.79810531139796,182.35014940868902,21311700
2023-02-24,180.57814025878906,180.83816303523443,178.9120988728017,179.74993208115484,24280700
2023-02-27,181.21372985839844,183.16868364478316,180.66480925909298,182.1382470449947,17562900
2023-02-28,181.223388671875,182.99537905195942,181.1174692389374,181.16560909219817,19542600
2023-03-01,181.45457458496094,182.48502637195656,180.2700487721446,181.23308123339248,22532800
2023-03-02,181.8878631591797,182.30197459234807,179.23952495502294,179.95217398005286,18104400
2023-03-03,184.42063903808594,184.83473576941375,181.45449853718995,182.65828860924012,22774300
2023-03-06,181.72418212890625,184.65180838977122,180.95375339211515,184.47845494400792,23266700
2023-03-07,179.61512756347656,182.0805023010298,179.33585469545133,181.67601585192364,25865700
2023-03-08,179.7018280029297,180.67448530847474,178.27652965883402,179.88479179122933,22505900
2023-03-09,174.7036895751953,180.34705932810132,174.57849067639347,179.82701366746784,33546900
2023-03-10,169.66702270507812,173.7213951333069,167.81800246176573,173.7213951333069,69274200
2023-03-13,166.90309143066406,169.87885710239925,164.74590892441373,166.14230253491408,74171500
2023-03-14,169.99444580078125,172.63314458912473,168.15505079648142,171.9975545135421,48946200
2023-03-15,167.19203186035156,167.48094447835373,164.08144176364655,165.5741300163631,54405800
2023-03-16,169.47438049316406,170.8226342153773,164.1969688351495,165.13111112374685,52392300
2023-03-17,164.90000915527344,168.29951184492128,164.5436919226975,167.6061274447098,70239900
2023-03-20,167.03794860839844,168.8869688512077,166.1519606604715,166.65274156832817,46103200
2023-03-21,170.11961364746094,171.5930515767461,169.45513384568227,170.02331925481502,34465900
2023-03-22,165.29486083984375,170.79378165387035,165.18892670068612,169.99446309380937,56098200
2023-03-23,164.5612030029297,168.56286690890292,163.0726676268213,166.52337064589926,47720900
2023-03-24,166.0497589111328,166.35907342951583,161.86445560760689,163.11134473113435,47519700
2023-03-27,167.89593505859375,168.89151716105508,166.6007137455371,168.03125646818282,33880600
2023-03-28,167.654296875,168.6788754192607,166.91969700809736,167.31600070885577,28555100
2023-03-29,169.55845642089844,169.68411727762492,167.77028178118303,169.48112779744574,25564800
2023-03-30,169.3264617919922,171.38529388176067,168.6208584192587,170.96966914474368,26728600
2023-03-31,172.43887329101562,172.67085915559406,170.47670561018484,170.50570199964133,39602900
2023-04-03,172.5161895751953,173.77275377451178,170.592693717148,172.97048597609378,27609000
2023-04-04,169.49078369140625,173.11547953810935,168.49520174542582,172.9414864680265,33487200
2023-04-05,167.82827758789062,168.9881774627431,166.7650274324017,168.42755599429685,28247300
2023-04-06,168.07958984375,168.63055078226802,166.91001463592417,167.91527204162907,26366300
2023-04-10,169.87742614746094,170.00308700025633,167.24831202802423,167.28698371300422,22237800
2023-04-11,171.22097778320312,172.0232456253884,170.23505631162377,170.6700316439471,21876200
2023-04-12,169.9644317626953,172.99951037456745,169.713124781712,172.84486786646193,27018100
2023-04-13,172.216552734375,172.71918137068138,170.05139570399223,170.6410135036231,23259900
2023-04-14,170.61203002929688,173.2314836649832,169.48112657370478,172.37122301505795,29600400
2023-04-17,172.8061981201172,172.88352674950306,170.84403023985095,171.05668028343007,22177300
2023-04-18,172.07156372070312,173.62776704597928,171.02764955695343,173.58909536458577,22873100
2023-04-19,172.2938995361328,172.8158493200944,170.67970320095307,171.16299604677673,19306800
2023-04-20,171.40464782714844,172.46788327183688,170.62171575227097,171.23065472777142,20336300
2023-04-21,171.626953125,172.0135962511863,169.98376039825803,171.86859954801872,25972800
2023-04-24,171.51095581054688,172.48720198304133,170.60236296242024,171.4529630328241,17781000
2023-04-25,167.27731323242188,170.06108467405744,167.22898099926883,169.76144547700605,28857900
2023-04-26,165.66311645507812,167.60594833118432,165.2861486358657,166.47504487354698,30309800
2023-04-27,167.87657165527344,168.05056472414017,165.2281366811053,166.28171139344116,33424100
2023-04-28,169.3458251953125,169.95477895453246,167.39331779590307,167.49964282133942,31911900
2023-05-01,169.4424591064453,171.41428724646494,168.92049462157854,169.1524804758444,27420100
2023-05-02,165.9627685546875,168.6208793388302,164.24224711795665,168.57254710206018,40851100
2023-05-03,166.57168579101562,169.8290743003463,166.4363644070681,166.46536079299082,43261400
2023-05-04,164.70616149902344,165.8274042065021,163.1402977258052,165.59543312835072,42382100
2023-05-05,168.62086486816406,169.24915439439977,167.3159830809237,167.49962196660556,35456800
2023-05-08,168.23423767089844,169.6841161660531,167.34498063040812,169.40379806425756,22109900
2023-05-09,167.73159790039062,168.44687655362992,166.4073803487392,167.1999728708834,21465500
2023-05-10,168.5821990966797,170.13840251243036,166.94866706257125,170.0804097358935,27281900
2023-05-11,167.2869873046875,167.97325486408957,166.35905858128794,167.4319692541593,25884600
2023-05-12,166.94866943359375,168.38888731672486,165.91441574091192,167.84758698053304,20406400
2023-05-15,168.98817443847656,169.8387745476451,167.04534255159138,167.51896009052916,24310000
2023-05-16,166.52334594726562,168.96880604104433,166.47501372329717,167.80890641042157,24212900
2023-05-17,170.2350616455078,170.60236891580462,166.40739069297143,167.63494386141033,38231600
2023-05-18,171.26930236816406,171.63660961055385,169.17181341610902,169.69376314309793,30446600
2023-05-19,170.22540283203125,172.91250981311288,169.39413856637046,172.54520253907558,34316300
2023-05-22,172.30355834960938,173.03817290718257,170.15773695583076,170.71835842121615,28207200
2023-05-23,171.49160766601562,174.49768933671666,171.4529507332823,171.96523989831826,32708900
2023-05-24,169.6744384765625,170.83435305546507,168.833513680892,170.65069942217463,28744200
2023-05-25,168.3502197265625,169.66477679143,166.92933765097314,169.39413399121548,36202600
2023-05-26,170.2640380859375,170.4863633808187,168.20522090152988,168.47586367458746,29841300
2023-05-30,169.6357879638672,171.6172915707804,168.92050924631462,170.8053631339437,25572600
2023-05-31,167.96356201171875,170.12870403500588,166.60067295310927,168.85281887827222,34598800
2023-06-01,169.78077697753906,170.35107376541754,167.15166262127565,168.0505950164551,27800900
2023-06-02,175.9379119873047,176.00556530868877,171.52060879250752,172.06189435928232,50212400
2023-06-05,173.57943725585938,175.20329392298657,172.47753030347297,175.20329392298657,34465800
2023-06-06,178.15139770507812,178.77968722310194,172.95116222013928,172.95116222013928,58584500
2023-06-07,181.4846954345703,181.99840331867364,179.27477836603555,179.27477836603555,60685600
2023-06-08,180.8061981201172,181.62038976072424,179.2263104954679,181.0097497277115,34185000
2023-06-09,179.34259033203125,180.87402643958208,178.7804164604163,180.5929468986586,30242200
2023-06-12,180.08897399902344,180.94191493506864,178.55753748665722,179.53648727940865,26580500
2023-06-13,182.15345764160156,183.17118601847585,180.54449345762796,180.7092662744904,35758200
2023-06-14,180.19558715820312,183.4232329188658,178.87738962342593,182.53151323207112,37114100
2023-06-15,181.6785430908203,181.80455193309749,179.22631044966948,179.3910832796941,36488400
2023-06-16,180.22463989257812,182.7544151638689,179.40076099669142,182.17285185032895,50684500
2023-06-20,179.43955993652344,179.86603777574194,178.11166033899835,179.46863662649096,33269300
2023-06-21,179.0227508544922,180.19556479086498,177.94686906781848,178.77074797095196,30730200
2023-06-22,177.69488525390625,178.58660492570985,176.88070835222965,178.5381388456591,27063700
2023-06-23,175.01971435546875,176.8031535779887,174.51569377874958,175.21356387273914,50610100
2023-06-26,175.19418334960938,177.12302090001666,174.82585889531782,174.8937143641698,31507900
2023-06-27,177.7239532470703,178.33459328833172,174.854930051852,175.6303429254059,28818800
2023-06-28,178.5963134765625,178.7513990352697,176.52209219561524,177.36536067747772,23187600
2023-06-29,180.65113830566406,181.3296190557314,178.76106471578714,179.0421591056679,32084100
2023-06-30,181.5137939453125,182.63812721393836,181.1648588509742,182.47335436241363,30287300
2023-07-03,181.88204956054688,183.03547396803404,181.00003218108705,181.1648049836184,14011900
2023-07-05,180.06956481933594,181.45561772146874,179.74001915776628,181.37807495584585,24092100
2023-07-06,177.1617889404297,178.06321070713085,175.16511066528614,177.98566793657162,39080800
2023-07-07,179.032470703125,180.75775665257402,177.30716996390498,177.35563604356227,31706700
2023-07-10,182.09532165527344,182.26979657728342,178.4993664473683,178.90645487903092,29725100
2023-07-11,183.96597290039062,184.23736513967435,181.92082901808052,182.6865396668236,26738800
2023-07-12,185.9723663330078,187.1161036211113,185.48773514765904,186.8350092513378,40127300
2023-07-13,187.47474670410156,187.73645171427546,185.90454622260154,186.59271429965108,23523000
2023-07-14,185.64285278320312,187.54261386583028,184.44096191135552,187.39721561121718,32198600
2023-07-17,187.62982177734375,188.38584528473964,185.26481909686598,185.45866862367527,23283700
2023-07-18,189.94638061523438,190.35346910612205,187.54261366389997,187.7461505144575,28489800
2023-07-19,190.75082397460938,191.5843901458461,189.90755571490135,190.65389182851038,23679000
2023-07-20,189.08372497558594,190.88655376665145,188.29862473895238,190.88655376665145,27278100
2023-07-21,188.48277282714844,190.5763683710967,188.12413568207472,190.35344216021392,28982400
2023-07-24,188.94801330566406,190.22743197406766,188.02721699003482,188.5796888635042,16929800
2023-07-25,188.92861938476562,190.17897612433114,188.44398819976783,188.59907372851194,18961100
2023-07-26,190.4213104248047,191.09979119250505,188.72510111066805,188.78325449221788,20377900
2023-07-27,187.9593505859375,191.81701054543953,187.24209113235622,191.55532036312584,31159300
2023-07-28,190.3922119140625,190.89623251850256,189.49080495378163,189.99482555822166,21612200
2023-07-31,192.60214233398438,192.64090632335532,190.86715431677533,190.87684161667534,24203900
2023-08-01,191.72010803222656,191.85580417830204,189.76219381904815,191.36147088277863,27444300
2023-08-02,189.11279296875,190.06266600730567,188.12414115079233,189.57803479317732,28079700
2023-08-03,188.57969665527344,189.62650185800325,187.12580300533278,188.32769374693464,24279300
2023-08-04,188.20169067382812,190.27591175314424,187.75583822310145,188.83172014866742,24950400
2023-08-07,188.3277130126953,189.06434721303805,186.75749765308345,188.67664811596768,20185000
2023-08-08,187.1451873779297,187.34872420119297,184.6638779815828,186.23407834869624,25578200
2023-08-09,185.68161010742188,186.95134151952547,184.8868078187571,186.941639429809,22293200
2023-08-10,184.85772705078125,188.15321331162343,184.05323747991972,186.33101004740544,29378800
2023-08-11,185.11941528320312,185.79789594727777,183.90783738672368,184.0822975047275,21789000
2023-08-14,184.79959106445312,184.83835505679923,182.8416766811051,184.10172088404732,20354900
2023-08-15,182.35702514648438,183.8109187289608,182.26009299174447,183.69461197508917,25491300
2023-08-16,180.12774658203125,183.24877313877997,180.09866988906182,182.21166991340067,27018400
2023-08-17,178.0050048828125,181.0000364517487,177.9856302865995,180.61232268096717,26715100
2023-08-18,178.97430419921875,179.55586758097655,176.34761126073786,176.609316261506,33375200
2023-08-21,178.7126007080078,179.58493092605008,177.44286936828783,179.02275697606527,22678100
2023-08-22,178.1794891357422,179.84662146324655,177.58823854529274,179.35228822825687,21299200
2023-08-23,180.0792694091797,180.3894405014524,177.79180936786946,178.34429607981582,21231100
2023-08-24,177.58828735351562,180.61238180674746,177.56889796118716,179.55588916632647,26582300
2023-08-25,178.34429931640625,179.31356181269106,176.0277625418764,178.4024526998198,29340400
2023-08-28,179.93386840820312,181.00975024623745,179.13908094385334,179.1584555429024,23002000
2023-08-29,182.44427490234375,182.57997105976253,178.8967854184609,179.83695643000902,22986000
2023-08-30,183.1324462890625,183.78185034380311,181.57193318177596,181.9596322387112,19869900
2023-08-31,182.81256103515625,184.41183789710718,182.7350182772151,183.38442223648232,17953400
2023-09-01,184.9837646484375,185.96271450525552,184.01450209285704,184.22774103826657,25094600
2023-09-05,181.08729553222656,184.06292340240543,181.02914215472939,183.8206078029869,27160100
2023-09-06,180.4088134765625,182.30855947967183,179.4007723081707,181.31022040063806,26406200
2023-09-07,178.6641387939453,179.6818672652186,177.94687929833634,179.4492389664283,23894800
2023-09-08,178.26673889160156,179.1487712254353,177.81118438027073,178.88706623621385,19399100
2023-09-11,178.6932373046875,180.0114349126041,178.53815175322148,179.5655676495824,17424700
2023-09-12,178.5187530517578,179.64310105659118,178.09228999212547,178.3830568987449,16826300
2023-09-13,177.34593200683594,179.19722663072716,176.7837580733615,178.82890220781675,24415700
2023-09-14,179.8466339111328,180.35065447962302,178.57690258550645,178.85798216249393,27952500
2023-09-15,177.96627807617188,179.38140775303827,177.1714757723687,179.1100006619126,39695500
2023-09-18,176.78375244140625,178.11163707572442,176.76436305403666,178.0534837033848,19287800
2023-09-19,176.09556579589844,177.66578076316736,175.50432999701607,176.8806806744173,24085900
2023-09-20,174.33152770996094,177.86932938874915,174.2927637232712,176.79344758342884,27642900
2023-09-21,171.62730407714844,173.26534514610506,171.62730407714844,173.01334224082808,31625600
2023-09-22,171.2395782470703,172.88732129034537,171.13295879657645,172.10222115024058,23164700
2023-09-25,172.00531005859375,172.3930090982837,170.14431325672498,170.2897114889365,22416200
2023-09-26,169.79379272460938,172.38413517052518,169.72561877957617,170.90393736440387,30476000
2023-09-27,171.381103515625,172.29647390950646,169.89117300259002,170.85523694679776,37293000
2023-09-28,172.929443359375,173.89352206807138,171.36160629165593,171.47845891361285,31372400
2023-09-29,172.11148071289062,174.4681031822487,171.536920531912,174.2830765866104,36689000
2023-10-02,169.51141357421875,172.10174146165326,168.6154937139292,171.7122227165438,42139300
2023-10-03,166.65811157226562,168.95630747289258,165.90827250244806,168.42070813730857,42733600
2023-10-04,166.73602294921875,167.11580887795955,164.66179949114982,166.53151597565721,42491900
2023-10-05,166.8626251220703,167.39820961959532,165.48954718737116,166.32702576535937,33365100
2023-10-06,168.46939086914062,169.33608251681682,165.070783357214,165.90826184838753,42160900
2023-10-09,169.44320678710938,169.9788061022389,167.271611228513,167.33977030906505,26658400
2023-10-10,171.3616180419922,172.40358866398563,169.7158741603912,169.7450873178836,31585000
2023-10-11,171.06947326660156,172.58861690767546,169.81326290469354,171.50768549242133,27427200
2023-10-12,167.20343017578125,171.27396993841631,166.3172581520096,171.27396993841631,38693800
2023-10-13,165.81088256835938,168.17723729964368,165.24607013466405,167.8364122018649,33955600
2023-10-16,168.48887634277344,168.84918185663219,166.54125326819013,167.2423987637749,31140300
2023-10-17,170.36831665039062,171.79982072477654,167.3981886436993,167.4371494243159,39823200
2023-10-18,166.8626251220703,169.11212756107034,166.52178511529445,169.09264716832104,38501400
2023-10-19,164.20407104492188,167.64162404651765,163.95088543403327,166.38541389744006,51397300
2023-10-20,162.08120727539062,164.60337578732594,162.07145964937976,164.2430702453883,54421900
2023-10-23,160.7081298828125,163.07449983769237,160.33807671360168,161.32163595614912,45590900
2023-10-24,162.1104278564453,163.23030531919744,161.07818987668702,162.0909474627178,32666300
2023-10-25,159.4324188232422,161.32161549713814,159.1207920130727,160.68862911117546,36832900
2023-10-26,159.8414306640625,161.42874827967708,158.9260454098844,159.85116343046545,50525600
2023-10-27,157.96197509765625,160.51335655581244,157.43610854938626,160.2114773584501,46017100
2023-10-30,158.83839416503906,160.49387074117686,157.6990364945351,159.50057885182048,35156300
2023-10-31,160.21148681640625,160.66917945206697,158.5657428531819,159.1208077322516,31533200
2023-11-01,161.1268768310547,161.26320986318925,158.82868081851058,160.15306521318323,44367100
2023-11-02,165.42137145996094,165.54797172268832,162.94789653814604,163.35689562635864,50458100
2023-11-03,169.9203643798828,171.04997436305374,168.25514027096534,168.27462066043586,57060700
2023-11-06,167.79747009277344,170.20278587150014,166.90156522697183,169.92038705282204,35294400
2023-11-07,167.20343017578125,167.99221510669602,166.1030332942559,167.06709716129208,31168900
2023-11-08,165.42137145996094,167.6221951821532,164.86630657566735,167.20344846807805,44938600
2023-11-09,162.8602752685547,166.55101510096156,162.60707471479165,166.55101510096156,38577400
2023-11-10,164.6812744140625,165.26556729695852,162.42202444999552,163.81458271525074,36121300
2023-11-13,164.73968505859375,165.32397788590515,163.13290207226316,163.83404752136332,27610300
2023-11-14,173.7864227294922,173.79615549607638,169.65745624238556,169.66718900896979,77611000
2023-11-15,174.08827209472656,176.99995873701766,173.4455529899169,173.679273080534,59641400
2023-11-16,171.2739715576172,173.95195318547349,170.5728260881346,173.4747802006582,46616700
2023-11-17,173.620849609375,173.96168958553295,172.4717591465514,172.80285149761738,43418700
2023-11-20,174.63360595703125,174.9452178886269,173.0852493457047,173.84482107424918,26665100
2023-11-21,172.38414001464844,173.8351098428246,172.27702014029032,173.5721913996435,30457000
2023-11-22,173.4650421142578,174.69203921862447,172.773629431687,173.5137208004692,28940900
2023-11-24,174.63360595703125,175.02312458632161,173.14367565417996,173.38712851228223,13846900
2023-11-27,174.04933166503906,174.41938480365042,172.58861436106986,173.82535917233554,30665800
2023-11-28,173.3773956298828,174.52650094460614,172.559397523311,173.87404901251782,28350200
2023-11-29,174.29278564453125,176.9902477767207,174.02011960147797,174.84786535593716,31590200
2023-11-30,174.95497131347656,175.90930238830714,174.07853207973997,175.33475719034064,32216800
2023-12-01,180.0674591064453,180.3303774705993,173.54292607633684,174.50698979659856,64221300
2023-12-04,181.9956512451172,182.09303834981648,179.2008166786413,179.40530879564952,44862600
2023-12-05,179.56112670898438,181.1776575886202,179.16186037259487,181.1776575886202,36873500
2023-12-06,179.23973083496094,182.9986435786273,178.9767975862262,180.83678099832687,43637900
2023-12-07,180.53492736816406,180.70047355287903,178.58730421737351,179.50268947571473,32662300
2023-12-08,181.90798950195312,182.83310744662384,180.01879283182615,180.3011916261927,36087100
2023-12-11,182.28778076171875,182.70651258280782,181.02182281419124,181.791127376762,29302100
2023-12-12,182.102783203125,182.74550247475264,180.4862522566143,182.07357004161346,32024000
2023-12-13,188.26699829101562,188.56887750935334,180.80759787356902,182.2001561874574,69484800
2023-12-14,193.50611877441406,194.8012751879096,191.33450810454966,191.7142940522394,83649300
2023-12-15,191.87979125976562,194.32406737780582,190.81834040250413,193.739774595528,74160700
2023-12-18,191.94801330566406,193.56454419722397,191.52926657292164,192.77575914485183,44451100
2023-12-19,195.66795349121094,196.0282738797886,192.83417308850318,193.28211809382557,52156200
2023-12-20,191.84051513671875,197.59729384108206,191.72323408292667,195.33954407360076,62360300
2023-12-21,195.10498046875,195.30046879006488,193.0524873179291,194.01031745497886,38613400
2023-12-22,196.92288208007812,198.22280167158561,195.66206611245846,196.33646194472638,39173800
2023-12-26,199.48362731933594,199.93321458661092,197.12813364959723,197.63637635116507,26879000
2023-12-27,200.18736267089844,200.84220673709936,198.79946728524197,199.81595278625824,35806400
2023-12-28,199.4249725341797,200.52941872185602,198.68216774767225,199.1806270883159,28930100
2023-12-29,196.17034912109375,199.41524962813762,196.17034912109375,198.877686541735,41496800
2024-01-02,195.0072479248047,197.05974104092445,193.9516736449439,194.88995195126586,44341500
2024-01-03,189.8075714111328,193.19908796543464,189.39707278241306,192.93519066352016,57532500
2024-01-04,189.4361572265625,191.0683831255699,189.3090928137566,189.67071932569527,43114200
2024-01-05,188.87904357910156,191.03906404181114,187.94075043579107,188.33171212619692,40964900
2024-01-08,192.2803497314453,192.51492677188284,187.9114511563285,188.91815338683355,31545400
2024-01-09,190.5601348876953,191.34204332745045,188.94746084805158,189.95416293087501,28998700
2024-01-10,190.66766357421875,190.9608811280782,188.7128997667082,190.33535730622137,35075200
2024-01-11,189.17227172851562,190.33535858800332,186.97316243025674,190.10078156060317,48939200
2024-01-12,188.85951232910156,192.64199066308691,188.28286055083888,191.45935192713145,42992100
2024-01-16,186.5235595703125,188.8888219958374,185.81007495396076,187.38366042092676,42213000
2024-01-17,185.19432067871094,185.63413955677888,183.2884289313069,183.87486404450712,37787700
2024-01-18,186.2889862060547,186.84608610434495,183.9530441857334,186.39649880588803,41760000
2024-01-19,188.07757568359375,188.48808917031374,184.94995685530475,186.96336100996382,63338300
2024-01-22,192.09463500976562,192.36831566653365,189.70005230077746,189.75869282949046,42379500
2024-01-23,191.5375213623047,194.09825702389338,190.56990796681282,193.73663051360705,42471200
2024-01-24,189.9639434814453,193.97121516942627,189.7293664604766,193.89302282910336,41120100
2024-01-25,191.5375213623047,193.18929906658016,190.01280807025452,192.64196761955327,37659500
2024-01-26,191.5473175048828,193.41412067805047,190.9608972612849,192.43673869172173,33478600
2024-01-29,194.89971923828125,194.89971923828125,190.67742246713115,191.7232282102899,29234400
2024-01-30,193.23817443847656,194.4305665891785,192.64197090629378,193.90278694587317,33121200
2024-01-31,188.51742553710938,194.44035746155305,188.3512724038436,192.7494909513411,68126700
2024-02-01,191.01953125,191.3127488185862,187.1979642351007,189.91508487091355,59479000
2024-02-02,190.0128173828125,191.07816006682125,188.0385017832782,188.86928235773004,52839300
2024-02-05,187.5986785888672,188.742213587584,185.76119590016134,188.11668978708084,39751900
2024-02-06,189.28956604003906,189.41663046965297,186.69950976174707,187.36412234875579,34689100
2024-02-07,188.8497314453125,189.7586894515118,187.69641305105165,189.68051202372914,31713900
2024-02-08,191.71347045898438,191.92849568885242,188.35128895689368,188.98658128189848,35370800
2024-02-09,194.83131408691406,195.03657085816667,192.00668085153882,192.4660515605501,46107100
2024-02-12,198.3694305419922,198.94608226498028,195.31998897176143,195.34930923471583,43291000
2024-02-13,190.2082977294922,193.15999532981598,188.69335275736475,191.7818832311518,86247400
2024-02-14,194.62606811523438,195.27112885339625,191.79165157554107,193.20885238855539,43808000
2024-02-15,199.81593322753906,200.1384710041559,196.18007181761064,196.4439690736903,44931900
2024-02-16,197.09881591796875,199.09266821329592,196.54170113750723,197.54840319101172,48346200
2024-02-20,194.38174438476562,195.202741716962,193.53141187087203,194.64562679704324,30547500
2024-02-21,193.46298217773438,193.86371234948908,191.94803719905872,193.18931642962502,28669100
2024-02-22,194.92904663085938,195.56433889422968,193.33590937694447,194.1569065856992,38184700
2024-02-23,195.36886596679688,196.5905933328691,194.07872962332993,195.08543177988034,37667700
2024-02-26,196.60035705566406,197.07927954056788,194.64559331695037,195.1733878780548,29118200
2024-02-27,199.38589477539062,199.60091997265323,197.95891073116275,198.4867052748667,32268600
2024-02-28,197.74391174316406,199.2490732963174,197.30407796039867,197.8611927979473,30143900
2024-02-29,199.12200927734375,201.37975906843536,197.93938553613583,200.53921004225288,40404100
2024-03-01,201.23313903808594,201.66318941805136,198.54533907696475,199.90389918803947,35156900
2024-03-04,201.0474395751953,203.07062712313095,200.80309411754106,202.34735919955557,24785400
2024-03-05,199.12200927734375,201.25270956338667,198.41829311990426,199.6791241160101,34163500
2024-03-06,200.60763549804688,201.4188642668017,199.46410046170504,201.36999218894144,34255200
2024-03-07,202.2789764404297,203.3931912751809,201.73163001687487,202.02484758679154,28020200
2024-03-08,202.1519012451172,205.65093025542416,201.14519907583957,204.01870426335597,41447800
2024-03-11,200.54896545410156,202.16163939049386,200.11891509408707,201.30155358412694,24435800
2024-03-12,200.2753143310547,201.26246461027068,198.78968977387768,200.509876425471,34958900
2024-03-13,201.05723571777344,201.90755319208563,200.1384943524106,200.23622359348622,25140700
2024-03-14,197.46047973632812,200.63697116344596,195.64254866149253,200.41217748443012,47509100
2024-03-15,197.83189392089844,198.48673807033705,196.5808461557521,196.69812722321404,53217000
2024-03-18,196.6981201171875,198.58446014782658,196.36581382894,198.3205777555704,32405100
2024-03-19,197.52890014648438,198.1641924552274,195.14408577711296,195.2613668399787,29864100
2024-03-20,201.4384002685547,202.30826949699482,196.56125958875572,196.96198971662423,49609600
2024-03-21,203.75286865234375,204.74252564799048,202.6750125568599,202.83179434375467,43067300
2024-03-22,200.9406280517578,204.04679375244808,200.9406280517578,203.66464756091915,28437300
2024-03-25,201.4011688232422,202.84156959044984,201.37177410975085,201.57755205572312,20107800
2024-03-26,201.0386505126953,203.45891525221134,200.86228220853695,202.88079920875703,23434800
2024-03-27,205.41864013671875,205.48723777735268,202.00871840368157,202.63583061839572,35028400
2024-03-28,206.06533813476562,207.61352456769546,205.6145942562029,205.84976692565303,37675100
2024-04-01,204.1251983642578,206.5552559776802,203.77244685976646,206.5258612649336,25684200
2024-04-02,200.372314453125,201.7343242693045,199.30425175793007,201.60693721585645,36632100
2024-04-03,201.68531799316406,202.24383244658242,199.186662929266,199.28465526570568,27362800
2024-04-04,199.66683959960938,204.3505871068041,199.11811829439506,203.86065523407217,32265200
2024-04-05,200.33314514160156,201.5579748562745,198.7947667947703,199.04952599286983,27569400
2024-04-08,201.4305877685547,202.26346294173658,200.46051732404854,201.83232052195606,21331000
2024-04-09,202.22425842285156,202.80237436954843,200.35271532266452,202.06747665548326,23289100
2024-04-10,196.88400268554688,198.8437300519161,195.52199276398161,197.12896860634305,57130500
2024-04-11,198.2166290283203,198.82415471306746,196.0707400008804,197.90308040688373,37184000
2024-04-12,194.68911743164062,197.8442796848213,193.69944554352003,197.17796460604902,35388700
2024-04-15,191.83770751953125,196.1980978471563,191.0538135956639,195.35541449551718,41119300
2024-04-16,191.13223266601562,192.2884797383057,189.46646717688535,190.4953271691978,43267500
2024-04-17,189.1136932373047,192.66079503063287,189.10389998290142,192.51382145691673,38589500
2024-04-18,188.9569091796875,191.72013194450642,188.2808008456772,189.79959254574575,40238200
2024-04-19,189.25086975097656,190.4756993457591,187.4871121441831,188.07503633029197,42666500
2024-04-22,191.36740112304688,192.34726491276905,189.01571905679273,190.29935318061808,31553000
2024-04-23,194.571533203125,195.30643094457534,191.20079983676092,191.32817194490332,31838300
2024-04-24,193.699462890625,194.90470609291552,192.5040428465519,194.17960152051157,28791700
2024-04-25,192.5236053466797,192.86656360404658,189.86818323381567,191.50455373157132,31915600
2024-04-26,194.3657684326172,194.8850950089905,192.46483042029192,193.03315317305655,24613600
2024-04-29,195.93356323242188,196.37449893232397,194.87530858173622,195.2378533869726,20494600
2024-04-30,191.9552764892578,194.649901434598,191.80830292739762,194.12078166036903,30606800
2024-05-01,192.35704040527344,196.28630340820143,191.10281606637076,191.93570619133695,38782100
2024-05-02,195.8943328857422,196.09030261920518,192.58238906954844,194.7772889583177,27201000
2024-05-03,197.83447265625,200.04897416044338,197.07018017561808,199.3140763943332,30880600
2024-05-06,200.39193725585938,200.65650466419694,199.2847013460295,199.37288549829708,23129800
2024-05-07,200.84266662597656,201.998898631595,200.38212948433974,200.64669687351133,20116900
2024-05-08,199.67662048339844,199.85300372145178,198.4811855918738,198.6379673698027,18349400
2024-05-09,201.71473693847656,201.84212400084658,199.31407392259445,199.86279518890657,22914300
2024-05-10,200.19595336914062,202.4594361602382,199.5786344437381,202.19488372209463,21520200
2024-05-13,200.61732482910156,202.39087595936374,200.48014449172038,201.93033876568362,18585300
2024-05-14,202.6946258544922,203.55691078123255,201.7637582366893,202.9591932663848,33169000
2024-05-15,205.22264099121094,205.54599778318732,203.5372743520487,204.99727654281497,33412300
2024-05-16,203.74307250976562,205.13449226142623,203.74307250976562,204.69354159073384,26731100
2024-05-17,203.89002990722656,204.32117230509337,203.17473362978356,203.82143227505105,35219800
2024-05-20,204.3407440185547,205.26181817430503,203.59605308167627,203.83122572299496,15695900
2024-05-21,204.14479064941406,204.48774890987372,203.40989290688583,203.6450655670467,13466800
2024-05-22,202.42022705078125,204.02720277869935,201.6559346284502,203.35109449320677,20853100
2024-05-23,199.09849548339844,203.43928423359722,198.27541361383737,203.33149863509286,34039800
2024-05-24,201.30322265625,201.53838040066006,199.85302841009258,200.6663022115575,19946100
2024-05-28,201.02883911132812,202.91996886459458,199.86279892286362,202.80239000576907,18475900
2024-05-29,198.05984497070312,198.922114818324,197.7168867115308,198.45178445130054,25654800
2024-05-30,199.94119262695312,200.81327072909573,198.99072363397894,199.42186605778582,20428200
2024-05-31,201.62655639648438,202.12628149761377,198.99072066874285,200.82306099108408,25784900
2024-06-03,200.48989868164062,203.380493410637,199.05929119781982,203.35109869774973,23902900
2024-06-04,197.90306091308594,200.38211473049958,197.5894973710018,199.05929283357273,27098900
2024-06-05,200.93084716796875,200.93084716796875,197.72668869468725,199.2062924450591,20707600
2024-06-06,199.49044799804688,200.6858829135832,198.90253874630454,200.0685639952969,17335500
2024-06-07,197.14857482910156,199.0789075277304,196.63904151510707,197.47193164654803,26036000
2024-06-10,197.8246612548828,198.059833901017,195.00264930740047,195.5023893114941,25075300
2024-06-11,197.14866638183594,197.52205880654174,194.96729536230308,196.16606736378586,23768400
2024-06-12,200.175048828125,203.6632779169112,199.56584230882132,202.28763046286923,43668700
2024-06-13,198.42604064941406,199.99819002326842,197.02091630988969,199.73289909351666,28021100
2024-06-14,195.2718963623047,196.5590986618876,194.49564974421418,196.08745533688665,33453700
2024-06-17,196.91282653808594,197.45325896735113,193.97486522918402,194.6725020979233,25538100
2024-06-18,197.25674438476562,198.18038982090772,196.54927192275338,196.97179727883287,25446900
2024-06-20,196.4215087890625,198.34740917790316,195.753348751941,196.83421350995397,27999700
2024-06-21,196.8636932373047,196.92264677167034,195.00658193844,196.4509885102066,37511300
2024-06-24,197.71856689453125,199.16298858684524,197.0405712030446,197.19779063738625,22289600
2024-06-25,197.07005310058594,197.65961849807232,196.3429394360597,197.63014172752509,15925400
2024-06-26,196.5492706298828,197.08970306165264,195.35049868787357,195.86145435002598,19313500
2024-06-27,198.54396057128906,198.63239088692606,196.48051157340143,197.13885113415165,17432600
2024-06-28,199.3594970703125,201.07904520438797,197.81682454081366,200.33227541230949,35026000
2024-07-01,197.6890869140625,200.2733269734767,196.99143505629618,199.97854428719137,21886200
2024-07-02,198.36708068847656,198.75029367898424,197.40412292297924,198.01334446698715,17219100
2024-07-03,198.3179473876953,199.74271286302104,198.1214305968349,198.73063714648325,15167200
2024-07-05,197.37466430664062,198.12144917250617,196.40190085303163,197.70875937502487,17282500
2024-07-08,198.7601318359375,200.15542066809883,198.3277858611016,198.9861254161394,20823800
2024-07-09,197.89541625976562,198.9959372443048,197.04055999820946,198.40637189568488,17864200
2024-07-10,199.8311309814453,200.04730393618757,197.98385526810566,198.7699223836021,19286100
2024-07-11,207.01394653320312,207.55437897248515,203.33903593262662,204.2823225600365,65443600
2024-07-12,209.43115234375,211.19983355999952,208.95950901717381,209.2149793621378,50810700
2024-07-15,213.41067504882812,214.44240697737035,210.5709645939145,211.05242849883578,48925300
2024-07-16,220.6917266845703,220.94719700996149,215.20882283090364,215.32672990519652,67945700
2024-07-17,218.38262939453125,222.69623843728408,217.8028995785506,218.49071588507604,66092100
2024-07-18,214.15744018554688,220.86859287690766,213.20431799554305,217.55723918183944,53180000
2024-07-19,213.06675720214844,214.84525894014163,212.09399381687615,213.84301878521083,37933500
2024-07-22,216.4567413330078,216.8104775959772,211.63219132094662,213.89215717479755,36185900
2024-07-23,218.7559814453125,219.85648733266257,215.22844026484537,215.39549525935294,44884600
2024-07-24,214.05918884277344,219.9646031785046,213.93144618047936,217.22315868470648,42443000
2024-07-25,216.73187255859375,220.12183617143833,214.40310269092237,214.6487524453788,45053100
2024-07-26,220.31832885742188,221.46796778323093,217.84217540545725,220.00389000937008,40822600
2024-07-29,217.87164306640625,221.49743529262412,216.92835654821866,220.79979849173293,33869700
2024-07-30,218.69705200195312,220.55416338803263,217.2624509608493,218.84443584478885,26876800
2024-07-31,219.964599609375,224.6516007577095,218.11730880179874,219.81721576548114,52387700
2024-08-01,212.81126403808594,220.9766582095074,211.31770956476927,219.87615227825765,71508100
2024-08-02,205.28457641601562,207.51508029127345,203.38816758772637,205.2158022841463,66850200
2024-08-05,198.68150329589844,201.17731300760028,193.27720910885571,194.45632484192012,65683100
2024-08-06,200.8432159423828,203.64362889922168,197.6989023548968,199.47740402500906,37072500
2024-08-07,198.46533203125,204.34128455653425,198.0526422708012,204.2331980721355,30594500
2024-08-08,203.28990173339844,203.39798822058947,199.63463233982765,200.86288106096646,26550300
2024-08-09,202.8673858642578,203.51588977653304,201.37383126177244,203.4471156465165,20954500
2024-08-12,201.0397491455078,203.37832442756576,200.27332317167716,203.01476761756837,20357900
2024-08-13,204.35110473632812,204.7539739040264,201.29522140351247,202.50381391333715,25458300
2024-08-14,203.0835418701172,205.11752887416594,202.15991146019226,204.99962179912657,25345600
2024-08-15,208.35028076171875,209.39184827306414,206.25735513336346,207.5838547581063,42561600
2024-08-16,208.90054321289062,210.25651957135923,207.60350539935442,207.6919357066582,30427400
2024-08-19,211.45529174804688,211.46512733327262,209.11671643465482,209.25427968838378,17246200
2024-08-20,208.9889678955078,211.20963606990063,208.36010518282234,211.15068253328477,21703900
2024-08-21,211.71078491210938,211.90730171138995,209.11672417910194,210.55131030779376,19623100
2024-08-22,209.8438262939453,212.60492690413884,209.42131594839452,211.81885975025176,18084300
2024-08-23,216.54515075683594,217.23296698937952,211.05241150138878,211.43562447332513,40003100
2024-08-26,216.6139373779297,218.57913529470522,216.25038056117268,218.06817963822792,24865500
2024-08-27,214.93370056152344,215.55272770702175,213.92162483852522,215.10074058448458,19577900
2024-08-28,213.4794464111328,215.30708109152366,212.50668302841004,214.07883238140266,19685000
2024-08-29,215.00247192382812,217.13470982702762,213.3713540830606,214.9729951550539,24599500
2024-08-30,216.2503662109375,216.6630559468821,213.6169933807067,215.88680941830592,23010500
2024-09-03,209.6374969482422,215.5527319722795,209.20515100107232,214.33431884109584,31338500
2024-09-04,209.28375244140625,211.62232770992148,208.01619141976295,209.0577438913335,23706300
2024-09-05,208.24217224121094,210.30563587462365,207.24975277570863,209.8241570286223,23910500
2024-09-06,204.28231811523438,209.48027501822546,203.53554830201065,208.2421907309413,34561300
2024-09-09,204.85223388671875,206.60125889500367,203.908947249559,204.52797441979797,23584100
2024-09-10,204.6851806640625,205.22561307409683,202.20902716289515,205.08804982365808,23025700
2024-09-11,205.28457641601562,205.60883587752392,200.6565436319215,203.8598108984336,27175600
2024-09-12,207.92776489257812,209.07740386755816,204.7834512439229,206.2573496723491,27611700
2024-09-13,213.05694580078125,213.46963558707353,210.2172352527715,210.30566556556175,37388100
2024-09-16,213.8233642578125,214.49152436625607,212.37894256031595,213.84302043549334,23289000
2024-09-17,215.59202575683594,217.940436500976,214.66838040258293,215.75906576871395,35563500
2024-09-18,215.63134765625,221.02582156645192,214.45223185433053,215.41517467668316,54085200
2024-09-19,220.07269287109375,220.77032974470583,217.64567221175386,220.75068856042836,35369500
2024-09-20,217.71446228027344,219.5715737449368,217.439320773221,219.561738159485,34587500
2024-09-23,216.91854858398438,219.22766221789658,216.19143492389605,218.81497243948326,20157700
2024-09-24,217.2821044921875,218.06817163543397,215.68046345094695,217.7734039533514,20939800
2024-09-25,214.63185119628906,217.51082866636924,214.48394939863348,217.22490926199083,23242300
2024-09-26,215.77557373046875,218.02354280054888,215.31217514594567,217.3925342027094,24974700
2024-09-27,217.2347869873047,219.4729020442203,216.44602244732587,217.7573402980988,23959600
2024-09-30,217.78692626953125,218.47708962765955,215.50937966549142,216.3375756952454,21938200
2024-10-01,214.8290557861328,217.24463489735467,213.2613958984405,217.07702488210754,30016000
2024-10-02,214.53326416015625,215.67697194203245,213.17266080737548,213.94170206377424,14455400
2024-10-03,213.0937957763672,214.17833387439356,212.0585432393714,213.19238194286092,21353000
2024-10-04,216.0713653564453,216.88970728607845,214.23749411466778,216.20939802864652,27901500
2024-10-07,214.37551879882812,215.58825049272806,212.83743621034589,215.56852724188198,14891800
2024-10-08,214.52340698242188,215.30230233037778,213.65576453351386,214.57270758418827,18118600
2024-10-09,214.9966583251953,216.52488670386546,213.87267381629283,214.4741050474689,18230700
2024-10-10,213.80369567871094,213.83327303494332,211.58530369468,212.86702924990664,24571400
2024-10-11,218.15171813964844,218.49680733216823,213.66564890348613,213.7248036120478,19950900
2024-10-14,219.75880432128906,219.975714928958,217.3333561830048,218.33903126906716,19263300
2024-10-15,219.93629455566406,222.332150418671,218.86159556554838,219.4433186123854,25998800
2024-10-16,223.5547637939453,223.97871593621647,221.23777055650092,221.7307465606862,27656700
2024-10-17,222.9434356689453,223.77164668703097,221.75044231165563,223.72234608383997,18003600
2024-10-18,222.48004150390625,223.84065994799343,222.2236994244193,223.47586255710195,20047400
2024-10-21,218.9799346923828,222.51949859158768,218.41793485806753,222.46034388154035,24243800
2024-10-22,218.15171813964844,218.7137179598494,217.20521271379658,218.35877466404682,15813900
2024-10-23,216.16009521484375,217.6981777378852,214.3163549722061,216.93899057915206,23263500
2024-10-24,216.63336181640625,217.93481055624028,215.46007659876864,217.3333792700745,18381900
2024-10-25,215.81500244140625,218.85173598127597,215.45020506673504,218.20100414178285,23807800
2024-10-28,219.33485412597656,219.8376841510866,217.38265864028327,217.68830130521866,19877700
2024-10-29,218.62498474121094,218.782725615064,216.8798456257049,217.63903281857534,20282200
2024-10-30,218.32919311523438,221.32648029875818,217.79677065954314,217.9643957231575,19754800
2024-10-31,214.7008819580078,218.65455873546057,214.57271844024862,218.1122821774572,24078400
2024-11-01,215.90374755859375,217.8657972983832,215.27273893060823,216.41644677021714,21222200
2024-11-04,216.99815368652344,218.62498337536812,214.77976187445262,215.43049374999046,20463700
2024-11-05,221.0800018310547,221.13915654102436,215.982632048085,216.25869739089873,26404600
2024-11-06,233.88751220703125,234.24245549475933,229.48030598625408,233.26635769239903,75554600
2024-11-07,233.05931091308594,235.1396699879515,232.0930672357744,233.5621409574104,34970300
2024-11-08,234.77484130859375,235.1199304615205,232.3395391226634,232.6156044272325,26597800
2024-11-11,238.3045654296875,238.98487463126335,236.4805634856748,237.14114943728896,29207700
2024-11-12,234.12416076660156,238.39331954576343,233.23679496940204,236.58904068476727,35314300
2024-11-13,231.80715942382812,236.51015435372568,231.53109408631613,235.59321123350662,25947700
2024-11-14,228.6816864013672,233.10860080989804,227.96194572583798,232.63534810970108,29272100
2024-11-15,225.27029418945312,229.0267686595814,224.60970819747558,228.95775984714655,37930000
2024-11-18,225.7139434814453,227.36049626395788,224.92519405906742,225.99987793482353,29368500
2024-11-19,227.39010620117188,227.57743948138318,223.2195185627507,223.406851842962,26009400
2024-11-20,227.6858673095703,227.6858673095703,224.83646689201578,226.99570398159437,24222700
2024-11-21,231.14657592773438,232.2607064375607,227.86335415215981,228.89860670121297,28679400
2024-11-22,235.41575622558594,235.87915485530877,232.02407903971374,232.32972174348131,22693100
2024-11-25,238.9947509765625,241.53850885881437,237.99894490508203,238.0975461196351,33534000
2024-11-26,237.23976135253906,238.21585923177622,236.06647608557418,237.79189205594997,22581400
2024-11-27,237.5651092529297,240.2666228971775,237.06227919578345,238.61021586842907,19472800
2024-11-29,238.47218322753906,240.05956640155443,238.1468172924938,238.96515918165028,16782700
2024-12-02,238.35386657714844,239.251086397058,236.63830489292454,238.83698841350707,25274800
2024-12-03,236.6580352783203,238.73839440601836,236.00730340836384,238.1468172434339,21376700
2024-12-04,237.50596618652344,238.27500750899677,235.84957412102182,236.904534891314,19903000
2024-12-05,234.7354278564453,237.47637290802388,234.40020782439484,237.14115287597343,20227000
2024-12-06,235.573486328125,236.52000679611405,235.0312248046696,236.42140558579538,20760900
2024-12-09,234.39035034179688,237.98908394727687,234.3114723813127,237.17074203224058,16684300
2024-12-10,233.37481689453125,235.46504519908092,232.60577559903783,234.2424593999833,19946500
2024-12-11,234.4298095703125,235.92844576756698,233.50301228985327,235.35660685077173,23156900
2024-12-12,231.38319396972656,234.31147243396563,231.05784306875125,233.82836561198658,21454500
2024-12-13,229.7958221435547,231.56066946793024,228.62253694690824,231.0775476091839,23972900
2024-12-16,231.14657592773438,232.3198611470324,229.0859399774952,229.63807065847482,32293500
2024-12-17,228.50033569335938,230.84397468891763,227.9861142580669,230.08253344095948,33064300
2024-12-18,218.3840789794922,230.487965823607,216.48543272555048,229.65731091671358,52267500
2024-12-19,217.4149932861328,221.93416362846335,216.8908884888864,220.76729335205806,51871700
2024-12-20,219.4521026611328,222.16163750134194,215.64492623236342,216.16903107863322,53882200
2024-12-23,218.94775390625,219.92673468679467,216.94033027674783,219.27408586279807,29606800
2024-12-24,220.90576171875,221.14309819947405,218.02811913251517,219.5510018112333,13399600
2024-12-26,223.17027282714844,223.625163943631,219.00709943065013,219.94653174633947,20024800
2024-12-27,219.9168701171875,222.93295504380885,217.7512220044807,221.79573477883315,26956000
2024-12-30,218.22586059570312,219.34329895084844,215.42734566139154,218.21597723550786,25706100
2024-12-31,218.50277709960938,220.79696923276717,217.70177219054628,219.64986562163793,26208300
2025-01-02,218.68077087402344,221.87484683299763,217.1579033698097,220.45085820671414,29363000
2025-01-03,221.9341583251953,222.31983571039453,218.91808874525952,219.60041782815108,24525300
2025-01-06,222.02316284179688,224.6436866936267,221.64738391621407,223.24936339626856,23541900
2025-01-07,220.24319458007812,224.00093886413927,218.91809996547192,223.07138992612883,28835200
2025-01-08,219.2444305419922,219.8377490531059,216.57444443012957,218.44342565497325,26795900
2025-01-10,214.418701171875,216.27779909082224,212.91560040572404,215.88223831599268,37379400
2025-01-13,214.83401489257812,215.10101651232927,211.5904921924672,212.1145969825455,28603800
2025-01-14,217.27655029296875,217.78087327903305,214.8043521648302,216.74254704739488,25447500
2025-01-15,221.5485076904297,223.0713902345396,220.52007987639863,222.93294773862962,30124700
2025-01-16,221.99351501464844,222.7252760248749,220.23331110325458,221.6572845917089,21029800
2025-01-17,222.95272827148438,224.44593054660575,222.17150519331935,224.406366925658,26754900
2025-01-21,227.2345733642578,227.3334673323598,224.4657233266144,224.9898281615327,26086300
2025-01-22,225.751220703125,227.2938848942588,225.29634473154994,226.79944530570404,21307300
2025-01-23,226.77969360351562,226.79947541463164,224.03061033332258,224.40637420992184,20850700
2025-01-24,226.1468048095703,227.66967226057028,225.50402422453044,226.27536394439835,19074500
2025-01-27,223.9811553955078,227.06645389959613,222.70550777219447,224.1888266820985,27461700
2025-01-28,224.22836303710938,225.02935279070377,222.67581541961943,224.2184796769895,16847400
2025-01-29,223.7141571044922,225.6820323197341,222.08251231489444,224.15914976628244,20280500
2025-01-30,225.9885711669922,227.4916718344582,224.3964749894452,225.9786878066831,25575100
2025-01-31,223.9613800048828,227.75868799080206,223.03183104710834,226.20614024449773,35330700
2025-02-03,221.34085083007812,223.04172439709242,218.21598868704254,219.04664366002152,34023300
2025-02-04,224.40635681152344,224.6041447291472,220.72773995149552,221.11340224830246,17985500
2025-02-05,226.84890747070312,226.9478014372529,224.3668258369515,225.5238128179003,15197300
2025-02-06,226.10723876953125,228.13444428833796,224.77226081014646,227.94655481301487,18809400
2025-02-07,223.48672485351562,226.70058262242682,223.07139735253307,226.3050369326627,28914400
2025-02-10,224.49537658691406,224.9898162229857,223.3482730098438,224.84147527870408,14574700
2025-02-11,223.1900634765625,223.9020578067564,222.30996146967018,222.54729794276855,18215700
2025-02-12,221.13316345214844,221.98360017377595,219.3235126925539,219.78828712699564,25572800
2025-02-13,223.62515258789062,223.82292541971375,221.26173178821958,222.53737937921363,21419400
2025-02-14,223.45704650878906,225.4446883797017,223.1010493733465,224.74259255839274,13574500
2025-02-18,224.68325805664062,225.1381340557216,223.00215128262047,223.6350333906764,15166500
2025-02-19,223.91192626953125,224.6239205523509,222.5769483060696,222.90328027645361,16194800
2025-02-20,221.76605224609375,223.67459701973704,220.52995319990757,223.49659091075438,18507700
2025-02-21,215.37789916992188,223.84270295888905,215.04168385332727,223.4867058327596,45036900
2025-02-24,213.8253631591797,216.3568917096527,212.75737172274256,216.3568917096527,30246200
2025-02-25,213.01451110839844,214.85382736084532,211.11586450734066,213.9638268643764,33665100
2025-02-26,213.28146362304688,215.98111476661092,212.4508086969192,213.65724255638534,25464200
2025-02-27,210.02806091308594,214.0824718275726,209.85995325319158,213.24191843900107,29378500
2025-02-28,212.262939453125,212.272837903324,208.61398744661153,209.28641813970316,32015400
2025-03-03,206.45822143554688,213.55838273802647,205.11334496842292,213.00459764877476,36330000
2025-03-04,204.12445068359375,207.4372021695575,200.9303749668861,203.63989442445555,56427100
2025-03-05,206.15167236328125,206.51755288195454,202.54226889290175,204.1541319185631,35778500
2025-03-06,202.99713134765625,205.80554479786028,201.63247315337264,203.49157097293582,39206300
2025-03-07,203.65968322753906,204.80678680543983,199.48661148894507,202.69058576508507,43514000
2025-03-10,198.53729248046875,202.46314433447836,196.53975215811502,201.17759828367446,39442800
2025-03-11,198.5175323486328,200.96006558515634,196.32221895314123,198.88341288484756,51509700
2025-03-12,198.86361694335938,201.48414083763237,197.33085113634525,200.79192840226776,36881700
2025-03-13,195.89697265625,199.7832606119631,194.80919951671004,199.03171786316204,31336900
2025-03-14,200.6337127685547,200.81171888196238,197.12318837229796,198.01318876113632,34089400
2025-03-17,203.1652374267578,203.7289058379531,200.34694063808067,200.45571795835872,26947600
2025-03-18,201.40109252929688,202.10476385459998,200.5487473849726,202.0353948374247,22888000
2025-03-19,204.532958984375,205.83129538627944,201.09384654486178,201.5398528949173,31595600
2025-03-20,203.23463439941406,205.45470024782898,202.38228917504563,202.50123126602446,25665900
2025-03-21,201.97592163085938,202.6003184169142,199.96399323463862,200.91545428372407,39470200
2025-03-24,207.00079345703125,207.36749499207494,204.85011194089932,205.11771271880258,25774700
2025-03-25,205.8511199951172,207.4071516313213,205.24654940925498,206.83231278550477,17836900
2025-03-26,203.75991821289062,206.9611769614889,202.85801503147272,206.10883172509776,19344600
2025-03-27,202.78863525390625,204.51315183784877,201.94619560200633,203.50222728016104,23960000
2025-03-28,198.6656494140625,202.75889019539838,197.60518210659046,202.71923779489936,26656200
2025-03-31,197.71421813964844,198.85397520941586,193.74982468242487,195.72210074869864,32250800
2025-04-01,197.7340087890625,199.43869900938154,194.9093878163994,197.21864858140088,26054100
2025-04-02,200.85598754882812,201.520021603144,194.79045559549147,195.02832463464824,36603000
2025-04-03,187.9617919921875,193.32363758006244,187.51580076885648,191.39099886365437,60551500
2025-04-04,179.57711791992188,182.41165989208304,175.09734900719306,180.98447580498635,92612800
2025-04-07,177.9517059326172,188.5564549053288,170.20130983070712,172.76826596649482,96706200
2025-04-08,173.26380920410156,184.2649910786749,170.80587457215566,184.03704270786756,61090600
2025-04-09,187.99151611328125,190.39989281839857,170.21122551996737,171.18249760831836,123015100
2025-04-10,180.0924835205078,183.82891332201189,175.40457754872233,182.87746739765106,67503000
2025-04-11,182.71888732910156,183.20453095136057,176.990340235262,179.52754952102288,44954400
2025-04-14,184.86956787109375,186.2967518673317,181.42054996215884,186.13817250709187,35214600
2025-04-15,185.09751892089844,187.3671425685752,184.18571027080066,184.68125943648164,30715500
2025-04-16,183.32345581054688,185.06778339378437,180.9349052513305,184.0469533432074,35063300
2025-04-17,184.82000732421875,185.7615476875542,182.81799964052516,183.3432805313216,42359200
2025-04-21,181.11331176757812,183.640600375812,179.16084687460173,183.35318851818326,26019000
2025-04-22,185.8011932373047,186.42558998456926,182.90718811377525,183.5018379999211,34477100
2025-04-23,188.5564727783203,193.76964497827998,188.15011880011514,191.20270372213582,44866100
2025-04-24,192.33253479003906,192.63977284514135,188.19965666990555,189.06190735654232,29820100
2025-04-25,192.3920135498047,192.53076671870903,189.84489856571173,191.0044818607612,25029000
2025-04-28,193.20469665527344,194.4039170774857,190.81614622619517,192.7686110024838,22482300
2025-04-29,194.34446716308594,195.10761710872038,191.29188250350845,192.73889271392284,20118200
2025-04-30,193.12542724609375,193.73990339061947,189.02228063611705,191.42073685518935,29046100
2025-05-01,194.3246612548828,195.91040954527926,192.01540027855074,193.96786524302547,33169700
2025-05-02,198.6953887939453,199.41890146275765,196.41585961230385,196.56453343545283,30201800
2025-05-05,197.16909790039062,198.71520882619768,196.3167527588611,196.80239636933533,20834200
2025-05-06,195.01841735839844,196.82220840631385,193.8984714364163,194.84001179988024,24642100
2025-05-07,195.66262817382812,196.7924796517128,194.29490765529818,196.33658289417627,23623300
2025-05-08,199.38916015625,200.93528629610043,196.49515476923278,197.9917229666525,32646300
2025-05-09,199.0224609375,200.47937674887586,198.18003639814177,199.74595851199845,17203000
2025-05-12,206.0196075439453,207.86305106526785,203.9878680409006,206.98097414567033,38207200
2025-05-13,206.77285766601562,207.7441298336866,206.10882357321273,207.0701750784938,28295800
2025-05-14,204.93931579589844,206.68364344927306,204.69154120816543,206.18809427380702,26316100
2025-05-15,206.27728271484375,206.3367461899117,203.5616680773874,204.74107740943217,21563700
2025-05-16,207.9819793701172,208.25948567769697,205.93039867876718,206.56470097080089,28906400
2025-05-19,207.1098175048828,207.22874446414494,204.42393439885146,204.95913596145147,25859600
2025-05-20,207.21884155273438,207.8927811610456,206.10881625765214,206.80258206707853,22053100
2025-05-21,201.40109252929688,205.76191900730572,201.03437587407927,204.79064690613248,36704400
2025-05-22,201.39117431640625,202.55075752866367,199.7360419473058,200.48927122144156,31831300
2025-05-23,200.7568817138672,201.45064754242213,197.8727818519879,198.00162947834838,29114600
2025-05-27,205.8511199951172,205.90067793618005,202.342638563087,203.80945985619383,31655900
2025-05-28,203.6806182861328,206.17819038490228,203.3733802145583,205.861046774005,26046700
2025-05-29,204.28517150878906,205.21680630652995,202.64986540498225,205.1077848914122,32749500
2025-05-30,203.24453735351562,204.4140260983545,201.72814302860826,203.31390637116132,37768900
2025-06-02,203.87884521484375,204.00767771482356,200.8658978065826,203.49231746898346,30334300
2025-06-03,207.16928100585938,207.74411984728593,203.7202630802604,204.6221661826517,37702200
2025-06-04,206.58453369140625,208.1405501706671,206.28720117448302,207.31793676046217,27225300
2025-06-05,206.6737518310547,207.962182798644,205.15737246182596,206.84223674730657,35728700
2025-06-06,210.0137176513672,210.2416811423101,208.72530199697064,209.61728439200814,32144500
2025-06-09,211.4607391357422,212.37254777959382,210.65795191251198,211.96619383700855,33984400
2025-06-10,212.6005096435547,213.51231834523585,211.90674379694525,212.55096682255214,30182200
2025-06-11,211.7283477783203,214.00786191109725,211.40128350431368,213.66098655839508,31113400
2025-06-12,210.88589477539062,211.3715383859912,209.7461377811353,210.2813242083001,25367000
2025-06-13,207.03053283691406,209.55783664314566,206.36649876002286,207.97207324077587,60580000
2025-06-16,209.47140502929688,210.64412751688886,208.34836234915005,209.18318328927754,28974000
2025-06-17,207.26507568359375,209.15336325487453,207.08617682175532,207.77192799004678,32843200
2025-06-18,208.35829162597656,210.08757654145566,206.4998179827172,207.15575520908266,42850500
2025-06-20,207.9210205078125,209.94844497256065,207.17564141323535,209.80930814816398,36978100
2025-06-23,210.46524047851562,210.47517340689194,205.5357935089343,207.1955024343473,35516400
2025-06-24,213.1486053466797,213.60576269532163,211.05160490457934,211.97586769516613,31772500
2025-06-25,210.66400146484375,213.4069909609171,210.58449254491433,213.33743013396378,27725600
2025-06-26,214.08282470703125,214.22196153579344,211.38951482161966,211.51871872146202,26261200
2025-06-27,214.15237426757812,216.07049098253344,212.81070102472526,214.71886964650741,47717300
2025-06-30,214.46044921875,215.37479417976758,214.06291979943603,215.34496506678252,25558000
2025-07-01,216.66677856445312,219.1712564390473,212.83056041586053,213.29766583752465,43864800
2025-07-02,219.66818237304688,219.7377583661196,216.02079590271703,217.02456760225428,35735200
2025-07-03,221.70555114746094,221.9540108360566,220.40362480558377,220.64213640117904,23515700
2025-07-07,218.3761749267578,221.4471480577952,217.0643157186976,220.2048496735686,41551200
2025-07-08,219.88682556152344,220.9204111990061,218.97249572246446,219.22095541236448,36339300
2025-07-09,222.27203369140625,222.3117957342746,219.75762282953352,221.1987011703779,32425200
2025-07-10,223.4149627685547,224.65726125462896,221.48691309180316,222.01364643671653,33865900
2025-07-11,220.33404541015625,222.1627050504266,220.20485668612972,221.79498956971347,31579600
2025-07-14,221.81488037109375,221.963950122611,219.69799891089065,220.00608650721054,24632200
2025-07-15,217.47181701660156,222.84847348643524,217.44198790052408,222.68947080109075,44215400
2025-07-16,219.6582489013672,220.00608337154202,215.57357095547204,218.86317485346225,48199800
2025-07-17,222.54037475585938,222.81864839727348,219.35016080794205,219.71787629878722,43548000
2025-07-18,220.96017456054688,223.97150480692736,220.61232492670018,223.90192881424758,49009900
2025-07-21,220.06570434570312,223.02735470182472,219.88682065206154,222.16270468823018,28191400
2025-07-22,221.89437866210938,222.43104490663512,219.30045895655437,220.25453565010585,30873300
2025-07-23,225.28335571289062,225.31318482634117,222.68945118951046,223.43483023593708,37478100
2025-07-24,222.17266845703125,224.45850074731325,222.10309246141108,224.13053212105405,29446700
2025-07-25,222.99754333496094,223.21618907290497,221.16886851172208,223.03729021241628,24555500
2025-07-28,222.7391357421875,224.05101017095546,222.05338457849297,223.93175437371323,24934900
2025-07-29,221.31796264648438,224.29947901749503,220.69183935584368,224.2199700944949,28685900
2025-07-30,220.19491577148438,223.54414757847235,218.7637855142622,222.28198325739612,48924400
2025-07-31,218.0382843017578,220.65208508551743,217.53143199498365,219.10169905088964,42913900
2025-08-01,213.5958251953125,215.2257201605842,211.03171936614555,214.88781862059793,63854100
2025-08-04,218.3761749267578,218.38612301928777,214.74866971072612,215.21577511637736,34989600
2025-08-05,219.48928833007812,219.89675068181646,216.8953686530344,219.20106660775357,31337100
2025-08-06,219.20108032226562,219.62843888614083,218.02835783329797,219.58867684240636,23142100
2025-08-07,218.48550415039062,221.46702035931443,217.163696811328,221.38751144063673,37088000
2025-08-08,218.96255493164062,220.20485333653207,218.38612665199793,219.7079339745755,28318100
2025-08-11,218.91287231445312,220.3141734690085,218.4556998031563,219.40979170444794,25212800
2025-08-12,225.41256713867188,225.58151790840563,219.78743610730822,220.4831353723927,43815500
2025-08-13,229.79541015625,230.0339369292377,226.42629720727925,226.8536406151751,41705800
2025-08-14,226.83375549316406,227.39030275142562,224.77650205840212,227.0325202047181,55945500
2025-08-15,225.73060607910156,227.37043399383438,224.64731028787088,227.2312971717648,33571400
2025-08-18,226.5554962158203,227.05241560857192,225.54177640846962,225.8101171266929,20144100
2025-08-19,224.81626892089844,227.56919132274996,224.29946852795442,226.6151146209195,25000700
2025-08-20,224.0211944580078,224.98521925086206,222.311790608706,224.53797968517296,29229700
2025-08-21,224.5777587890625,224.92560844107564,222.40124935251464,223.02737266022757,24539400
2025-08-22,233.38316345214844,233.96952469512607,225.78028765614994,225.96911945146255,58205500
2025-08-25,230.92837524414062,232.85642486794345,230.92837524414062,232.69740702654659,28453700
2025-08-26,232.83653259277344,233.42289379421044,231.15694274054263,231.39546949110908,25121500
2025-08-27,234.486328125,234.66521182931726,232.12098693607268,232.2998858051665,25395400
2025-08-28,234.7646026611328,235.50998176148826,233.89996775744902,235.5000488328031,25011200
2025-08-29,233.7210693359375,235.5596771862512,232.92599526107816,235.28140353476695,29254800
2025-09-02,232.45889282226562,232.95581222989318,230.04387178028853,230.56067221035872,33108600
2025-09-03,232.2303009033203,233.8105008899551,231.02776449768353,231.83277146578894,33252400
2025-09-04,235.13230895996094,235.21181788065954,232.1408597469589,232.7868488760681,30323800
2025-09-05,236.3050537109375,238.20327427755146,233.50242103969802,236.2553587384051,47542500
2025-09-08,236.78208923339844,237.09017682870203,234.93354849680057,237.04048185676808,31487700
2025-09-09,235.39073181152344,236.49389351407243,233.96953440582158,236.43425044614852,35395800
2025-09-10,234.97329711914062,236.80197201235595,234.00928744739488,235.84788010438376,33910200
2025-09-11,239.31637573242188,239.4455644587917,234.78447342660343,235.3907156749996,43629800
2025-09-12,236.87152099609375,238.83933261448286,236.7323841794701,238.7200616539657,46097600
2025-09-15,237.8753204345703,238.56105646120668,237.08024636967465,237.7560494677313,33014000
2025-09-16,237.48361206054688,238.13143352749844,235.96868799297613,237.65304205639896,37059300
2025-09-17,238.09158325195312,243.46356823117895,236.2278380166476,238.0218251134132,79955600
2025-09-18,244.0216827392578,244.33064421215667,239.3274331977346,239.9951920731784,49167700
2025-09-19,242.16790771484375,244.74926297187662,241.69947733274464,244.74926297187662,56092000
2025-09-22,243.5731964111328,243.97185344356035,240.30416008029596,241.43038824820064,53572900
2025-09-23,243.0250244140625,246.3538576807509,242.6263673933993,244.19111216768243,41854500
2025-09-24,240.7925262451172,243.7924606945162,240.7526514174692,243.0848269777777,36002200
2025-09-25,238.490234375,239.1879069898369,236.75605956431286,238.18127289529323,37209500
2025-09-26,240.53338623046875,240.8722462275672,238.53010955702007,238.81913362330027,28942800
2025-09-29,240.8124542236328,242.1180735162701,240.00516383400463,242.02837796359836,26391500
2025-09-30,241.1513214111328,241.3207514075831,238.59986473808289,240.3041562210908,33447700
2025-10-01,241.67955017089844,242.22769978281272,239.74603164746088,239.76596906121128,28520000
2025-10-02,243.20443725585938,243.27419539284472,240.66295685939554,242.18784205571566,28687400
2025-10-03,245.00839233398438,247.2608335196784,244.21106304092206,244.53000084126353,34579600
2025-10-06,245.985107421875,247.64952411101186,245.24759038814682,246.90203076636885,31507400
2025-10-07,243.34396362304688,246.8123283880743,242.37720437409246,246.53326543041638,31766600
2025-10-08,245.89541625976562,246.13461960912608,242.98517727760762,244.4602265791855,25825000
2025-10-09,244.31072998046875,246.42363963786755,243.19446290956756,245.48677887798965,26243100
2025-10-10,236.99525451660156,246.0648466924599,236.76602747793362,244.92865739464784,70569400
2025-10-13,243.5931396484375,243.81240558385173,240.5931898992664,241.02176066677285,36298600
2025-10-14,247.0714569091797,248.76578729681975,239.556663959777,240.42375135953364,45320800
2025-10-15,249.49334716796875,251.92519461634336,246.23427192639846,249.52324568513805,45369000
2025-10-16,244.24095153808594,250.4202266921626,243.18449673143363,250.13120262927856,52740400
2025-10-17,242.5964813232422,244.34063249175787,240.66296273746963,242.50678577015987,55379500
2025-10-20,247.33059692382812,247.50002692052675,245.31734396153084,245.79573543502053,32545000
2025-10-21,246.16452026367188,247.53989771300746,244.68945574149828,246.603036929619,26337900
2025-10-22,242.52670288085938,246.03494255856978,239.96530026953872,245.20771476823455,46578400
2025-10-23,245.59640502929688,246.29406242438336,242.86555727391197,243.47351911987104,28591000
2025-10-24,248.59634399414062,250.27073698086613,248.13788992943796,248.96511771586074,26627000
2025-10-27,249.46343994140625,251.3670599096088,248.66611069321658,250.93848916549328,31798100
2025-10-28,248.1279296875,250.0614330224205,247.28076448425725,248.71595413277672,28075900
2025-10-29,246.01499938964844,250.30063082640154,243.8721912751672,248.00831492229727,56235300
2025-10-30,244.0316619873047,247.31065937153443,243.8123960604551,244.45025642734737,44538700
2025-10-31,245.40704345703125,245.96516938637464,242.8755393609978,244.17119752999693,37214700
2025-11-03,244.61968994140625,245.43694141958656,241.67955250810675,245.34724586852855,28887900
2025-11-04,240.39385986328125,243.24430179791065,240.19453134355854,240.9818843191902,34468700
2025-11-05,243.86221313476562,244.9087068231123,240.8323802393008,241.15131802187102,38229200
2025-11-06,239.5467071533203,243.97185498935085,239.1978708418928,243.4436275745316,40601200
2025-11-07,240.802490234375,240.85232616563687,235.48034126389314,237.61318833489847,54978900
2025-11-10,243.2144012451172,244.4203638722036,241.4403515811852,244.19112162903912,31238000
2025-11-11,243.4237060546875,243.92203495368005,241.70945342552983,242.5566034291425,27357900
2025-11-12,242.82569885253906,245.5565466213953,242.51673737660457,244.02168513684293,34543200
2025-11-13,235.99859619140625,241.8689100853113,235.05177431325214,241.03172117459343,65710000
2025-11-14,236.68629455566406,237.93211682919156,232.49037365478668,232.5601317940527,58344400
2025-11-17,231.9820556640625,237.04507892990407,230.9853979001045,235.6697015569396,55765900
2025-11-18,232.689697265625,234.29431692837144,230.18809166798798,230.53691277253824,63092500
2025-11-19,232.6498260498047,235.58000245403903,231.65316823654356,233.01859978200943,57280500
2025-11-20,228.34426879882812,238.30088567960937,228.13496396973687,236.44710156628108,95483000
2025-11-21,234.8125762939453,236.3175240492695,228.81269227061458,229.1914270890605,99504100
2025-11-24,239.0981903076172,239.5865580843453,234.69296483764984,235.17137151159227,36135300
2025-11-25,244.31072998046875,244.72932442913506,239.23773024961835,239.93540287185326,46160800
2025-11-26,246.47348022460938,247.99836546205023,243.95193717405468,244.23100014510325,34636600
2025-11-28,247.9186248779297,247.97842191199038,246.24424709306663,247.18109263966898,18911800
2025-12-01,244.79908752441406,246.86217650011343,244.5200245529849,244.7492667999235,36920000
2025-12-02,244.3505859375,246.5432300105046,244.30075000697448,246.5432300105046,31918500
2025-12-03,248.79568481445312,249.00497443048255,244.65954593059897,245.1479137143188,32846300
2025-12-04,250.97837829589844,251.81556721070476,247.70932667123262,248.13789743977318,40245800
2025-12-05,249.931884765625,251.81556742947137,249.44351696100136,250.64947960973709,36956600
2025-12-08,250.0315399169922,251.92519888058203,249.34384359487643,251.85542553414533,29100000
2025-12-09,250.5498046875,252.1045884281723,249.2641228120337,249.41361539948633,30170100
2025-12-10,253.9583740234375,255.71250150126818,249.70264091838948,250.06143833814656,51105200
2025-12-11,256.9383544921875,257.14767451785343,253.47000500559392,253.78892757593977,41345200
2025-12-12,253.0015869140625,257.33705439806374,252.59295356893682,257.087889949737,57657700
2025-12-15,251.08798217773438,254.83542508833037,250.89862997787793,254.69589361024163,43120100
2025-12-16,249.89999389648438,252.16000366210938,248.47000122070312,250.33999633789062,43115300
2025-12-17,247.24000549316406,252.16000366210938,246.6999969482422,250.3699951171875,38132400
2025-12-18,248.7100067138672,251.36000061035156,248.2100067138672,250.17999267578125,39068000
2025-12-19,250.7899932861328,251.39999389648438,249.05999755859375,249.27999877929688,43610400
2025-12-22,253.5800018310547,255.1199951171875,252.1999969482422,252.27999877929688,40497300
2025-12-23,252.0800018310547,253.22000122070312,251.4600067138672,252.4199981689453,24973500
2025-12-24,252.7100067138672,252.86000061035156,251.1199951171875,251.97000122070312,12103000
2025-12-26,251.4199981689453,252.75,250.39999389648438,252.5800018310547,17421700
