Price,Close,High,Low,Open,Volume
Ticker,QQQ,QQQ,QQQ,QQQ,QQQ
Date,,,,,
1999-03-10,43.128665924072266,43.207849521240085,42.46880261434044,43.18145498885081,5232000
1999-03-11,43.339805603027344,43.69613165396576,42.49518088969185,43.445383692194284,9688600
1999-03-12,42.284034729003906,43.207843228077024,41.9409058579196,43.181448699532076,8743600
1999-03-15,43.4981803894043,43.55096944327493,42.15205951570307,42.60076647360348,6369000
1999-03-16,43.86770248413086,44.05246416727702,43.20783933003744,43.6829408009847,4905800
1999-03-17,43.550987243652344,43.9205107717803,43.41901455503521,43.86772169633345,3965000
1999-03-18,44.39559555053711,44.421990078212815,43.48498434572526,43.49818160956311,4848400
1999-03-19,43.260616302490234,44.9762600240655,43.23422178369677,44.9762600240655,7160400
1999-03-22,42.73273468017578,43.550964930382975,42.65355110757508,43.44538683358205,5024800
1999-03-23,41.2282600402832,42.65356480480004,41.14907644225449,42.495197608742615,10962400
1999-03-24,42.627140045166016,42.653534559125866,40.964285665695144,41.59775400073166,8447000
1999-03-25,44.18442916870117,44.18442916870117,43.003274326825796,43.28701543409195,8133800
1999-03-26,43.709327697753906,44.316401693556045,43.52456604685761,43.814905783980365,8256200
1999-03-29,45.29301071166992,45.319405240056675,43.97328429233222,44.23722957619976,5113800
1999-03-30,44.97625732421875,45.60972573723592,44.79149570375541,45.24020249630924,4940600
1999-03-31,44.31641387939453,45.76811296418709,44.18444123532248,45.71532390655827,8256600
1999-04-01,45.24021530151367,45.66252769639361,44.501168610473776,45.60973864703362,8715800
1999-04-05,46.87668991088867,46.94267624240738,45.68893594355197,45.9726771690824,5697200
1999-04-06,46.96905517578125,47.48374839068866,46.427967437032436,46.823885294653515,7522400
1999-04-07,46.48076629638672,47.5101529434958,45.4777741786907,47.40457482584358,11923600
1999-04-08,46.85026931762695,47.07462271999306,45.451359867579505,46.40156251289475,7952400
1999-04-09,47.14060592651367,47.24618399129869,46.6391101187848,46.77108269976608,4946800
1999-04-12,46.82386779785156,47.14060196559351,45.9792433505397,46.03203237849669,10934000
1999-04-13,46.1904182434082,47.21980470711844,45.82089489746094,47.11422660827637,9962200
1999-04-14,44.60674285888672,46.823882740630204,44.34939626547006,46.771093695826785,21253800
1999-04-15,45.21382522583008,45.286410175842356,43.18144662548629,44.76511826211782,17650600
1999-04-16,43.89409255981445,45.10824064024227,43.6565418484264,45.10824064024227,17274000
1999-04-19,41.83534240722656,44.553979800251376,41.39323389913757,44.18445627110238,19460600
1999-04-20,42.785545349121094,43.12867433711528,41.254662171916266,41.650580234986485,17413600
1999-04-21,44.897064208984375,44.92345872057108,42.60074170094108,43.18142095584858,10940400
1999-04-22,46.11122131347656,46.2431938988042,45.022447484523546,45.319385801510734,13630600
1999-04-23,46.718318939208984,47.06144783537267,45.39859241550252,45.873693964036846,7064400
1999-04-26,47.793861389160156,48.14358866427067,46.88325074830635,47.03501918844865,5421000
1999-04-27,47.06145095825195,48.381177569532156,46.46097535011946,48.14362677950172,16482800
1999-04-28,45.45136642456055,46.82388155468665,45.24680888112829,46.66551442428748,7676800
1999-04-29,45.081851959228516,45.50416438975993,44.13164899053283,45.24021912067779,19148200
1999-04-30,45.372169494628906,45.95284880171549,43.762104143161565,45.715298176089156,15295200
1999-05-03,45.13465118408203,45.42499104550011,44.37580836446662,45.24022931550679,11109800
1999-05-04,44.42197799682617,45.926465665167875,44.15803279185394,45.21381361174286,15428400
1999-05-05,45.76811218261719,45.76811218261719,43.10226481788573,44.4483857644333,12642600
1999-05-06,44.105255126953125,45.74171581987419,43.68294269007027,45.34579791029651,15173400
1999-05-07,44.73871612548828,44.87068873942778,43.55096260003284,44.50116542039719,16430400
1999-05-10,45.18742370605469,45.49096072277176,44.50116610304218,45.02905656689796,10604200
1999-05-11,45.90007400512695,46.13762470440593,45.29299999585845,45.55694521727954,8800800
1999-05-12,46.85026931762695,47.008636425179496,44.76510240151849,46.111222815715095,12507400
1999-05-13,45.97926330566406,47.298989577353616,45.76810710219374,47.21980600105225,9864000
1999-05-14,45.10824203491211,45.609737996681176,44.765113218964856,45.081847510608476,12205400
1999-05-17,45.91986846923828,46.058439706176635,44.270210886638836,44.71231911877548,9906800
1999-05-18,45.71529769897461,46.13760991790278,45.18740742531439,45.87366478107267,9267800
1999-05-19,46.348785400390625,46.37517992510611,45.18742631290931,45.90007848022739,7985600
1999-05-20,45.07522964477539,46.44774432287718,45.00264473391424,46.44774432287718,5997200
1999-05-21,44.65953826904297,45.34579594930013,44.421987533569336,45.213823318481445,10958600
1999-05-24,43.524559020996094,44.81789036849689,43.234219330740814,44.73870681660909,9569800
1999-05-25,42.09927749633789,44.10526187860854,41.91451577691823,43.47179312631255,17771200
1999-05-26,43.27381896972656,43.44538336332414,41.33382159596938,42.65354770056611,26772000
1999-05-27,43.23423767089844,43.86110772259797,42.54797993009053,43.102265028435376,23334800
1999-05-28,43.946895599365234,44.184446386388835,42.94390338748783,43.49818855720955,12969800
1999-06-01,42.97029113769531,44.07886130218131,42.7327403881626,43.86770508037445,6960200
1999-06-02,43.696128845214844,43.920482270273325,41.86830829400304,42.94388500825403,11996600
1999-06-03,43.075862884521484,44.02606574226829,42.811917646258486,44.02606574226829,11147800
1999-06-04,44.39559555053711,44.54736408467242,43.39260349886029,43.39260349886029,12987200
1999-06-07,45.31939697265625,45.60313810105232,44.606744836219605,44.705724299613586,11491800
1999-06-08,44.18442916870117,45.636127857039625,43.95347710464733,45.424971684190396,8134800
1999-06-09,44.923492431640625,45.04886645575948,44.316418209591426,44.34281274098487,8384400
1999-06-10,44.408775329589844,44.71231227835078,43.87428635459775,44.44836710551518,9392400
1999-06-11,43.73573303222656,44.758520995412304,43.33981511099337,44.71233057126844,16567600
1999-06-14,42.9109001159668,43.894096197356774,42.81192064468593,43.894096197356774,14136800
1999-06-15,43.550987243652344,43.80833398645574,42.8911238005667,43.01649785475297,9147800
1999-06-16,45.78789520263672,45.78789520263672,44.580345869579716,44.633134911461994,15060200
1999-06-17,46.295982360839844,46.507138494754734,45.187412657786666,45.187412657786666,16278200
1999-06-18,46.50714111328125,46.63911370440861,45.794489121193514,45.873672675869926,5392800
1999-06-21,47.89946746826172,47.92586199503855,46.744706921775176,46.823890502105684,10565200
1999-06-22,46.45435333251953,48.22278610142795,46.45435333251953,47.61571216583252,10862800
1999-06-23,47.18681716918945,47.298993912564676,46.16402921488594,46.460967653232125,9607000
1999-06-24,46.249813079833984,47.19341748423065,46.032058217280905,47.167022955436344,14988800
1999-06-25,46.1904182434082,46.92946493530273,45.7681058480399,46.55994158935547,8635600
1999-06-28,47.285797119140625,47.35178343942969,46.20362146640004,46.58634212407659,7666200
1999-06-29,47.932437896728516,48.11719949655071,47.00862989761756,47.246180525960376,9000400
1999-06-30,48.671504974365234,50.62469985945364,47.411166382973725,47.97864868066833,19467600
1999-07-01,49.001441955566406,49.278584503658756,47.985252612561126,48.82987752103305,6822600
1999-07-02,49.62172317504883,49.67451224225633,48.98825436855885,48.98825436855885,3302000
1999-07-06,49.30497741699219,50.3871530455236,49.04103214174062,49.88565702254562,8794800
1999-07-07,49.38416290283203,49.59531913117124,48.935455917611215,49.27858478866243,10520000
1999-07-08,50.04401397705078,50.24857152363419,49.14660022429776,49.38415092355591,11225000
1999-07-09,50.545528411865234,50.59831747548076,49.85927058486341,50.22879403017209,4206800
1999-07-12,50.28158950805664,50.99424195777713,49.99124962113348,50.730296606028794,7816200
1999-07-13,50.04401397705078,50.22877563202934,49.648096144953854,50.04401397705078,6230000
1999-07-14,50.895240783691406,50.99422024845938,49.832861195181835,50.54551334151124,6909400
1999-07-15,51.363746643066406,51.363746643066406,50.78966571321713,51.073406862452984,6539800
1999-07-16,51.83884811401367,52.129187894692976,51.370345286099344,51.39014118023657,4913800
1999-07-19,51.31095504760742,52.05000172524786,51.10639748504623,52.05000172524786,6833000
1999-07-20,49.331363677978516,50.75666792549636,49.199391062467605,50.68408298696536,14837400
1999-07-21,49.56890869140625,49.997819642543284,49.041018290006825,49.436936091056396,10980400
1999-07-22,48.30857849121094,49.568917036740416,48.170007237513985,49.568917036740416,15148400
1999-07-23,48.381168365478516,48.87606575055911,47.87967234859685,48.67150816472579,12115000
1999-07-26,47.19340896606445,48.24918992727395,47.11422539397375,47.72129944666921,10720000
1999-07-27,48.14361572265625,48.88266245524089,47.73450056711833,48.14361572265625,13732800
1999-07-28,49.08722686767578,49.357770798523305,48.09743199872144,48.724302082392526,10161800
1999-07-29,48.03803253173828,48.565922999120026,47.56293111109472,48.17000514858372,13033800
1999-07-30,47.80048751831055,48.7770849993583,47.72790257039483,48.24919446906222,10947400
1999-08-02,47.66849136352539,48.829849957099654,47.483729769093124,47.87964747144798,9642400
1999-08-03,47.358367919921875,48.32836653831793,46.665511763924684,48.32176790826082,13005000
1999-08-04,46.50054931640625,47.71469733318201,46.46095753325052,47.358371284780425,13227600
1999-08-05,47.239601135253906,47.239601135253906,45.398583015860716,46.507153066248016,18695200
1999-08-06,46.73149108886719,47.77407448226467,46.401559635260384,46.90305544474272,12392200
1999-08-09,46.13105392456055,47.03506685370728,46.03867304129008,46.903094163320894,7983400
1999-08-10,45.71529769897461,46.34216739894611,44.712306179020196,46.00563734948773,16767200
1999-08-11,47.21978759765625,47.29897114309671,45.83407555244834,46.533530203839,13101400
1999-08-12,46.665531158447266,47.72131240637594,46.559953033654395,47.40457803199733,12715000
1999-08-13,48.697898864746094,48.75068791500598,47.562934284158516,47.64211785954835,14342600
1999-08-16,49.08722686767578,49.252192679168175,48.354778664649565,48.67151302271496,11470600
1999-08-17,49.331363677978516,49.56891438589816,48.43394989250432,49.516125339693794,11408400
1999-08-18,48.77708053588867,49.70088887937141,48.59231886719213,49.09381482508275,7035200
1999-08-19,48.196388244628906,48.67148955262635,47.886252668575025,48.32836083018375,10157800
1999-08-20,48.96186828613281,48.96186828613281,47.98527037422612,48.249215755822526,6920800
1999-08-23,50.519107818603516,50.519107818603516,49.29836135224489,49.41053805455893,9652000
1999-08-24,50.86224365234375,51.41652861171024,50.050612104699965,50.1495915617297,13891400
1999-08-25,51.944427490234375,52.15558369954427,50.62470118204753,51.17898623148601,11352000
1999-08-26,51.08000946044922,52.129191930958385,51.00082587776929,51.944430238038535,9753000
1999-08-27,50.57190704345703,51.46932084276681,50.43993442591148,51.462722211889535,9635400
1999-08-30,49.859256744384766,50.9414322481009,49.72728412198036,50.78306510121561,10141600
1999-08-31,50.413551330566406,50.730285684475724,49.09382485594425,50.202395094626866,14590400
1999-09-01,50.776466369628906,51.20537739159458,50.41354165873487,50.73027595187876,10752000
1999-09-02,50.598297119140625,50.86224233102972,49.72727791990659,49.83285600466223,14583200
1999-09-03,52.92102813720703,52.940824033018956,51.865247027237814,52.05000872148243,14195400
1999-09-07,52.68346405029297,53.343327076974994,52.604280487091124,52.81543665562937,9009000
1999-09-08,51.97080993652344,52.89461813752818,51.54849761606413,52.36672773695404,14303400
1999-09-09,52.70986557006836,52.841838192927824,51.73326816090836,51.997213406627274,12677600
1999-09-10,53.31695556640625,53.838247582463936,52.815459449692526,53.42253369624072,10251000
1999-09-13,52.67686462402344,53.36972079156978,52.39312352683779,53.26414270889605,7240800
1999-09-14,52.96721267700195,53.336736024443354,52.36673723740968,52.472315336678655,10022600
1999-09-15,51.944427490234375,53.62707853317261,51.891638437906906,53.62707853317261,16096000
1999-09-16,51.91804122924805,52.39314277582988,50.84246411684751,51.91804122924805,15371000
1999-09-17,53.475311279296875,53.580889386462324,52.313952100477,52.39313568085109,14506400
1999-09-20,53.600669860839844,53.84481916341907,53.23774522187072,53.633663009837036,6187200
1999-09-21,52.31394577026367,53.2377540961765,52.162177259577994,53.13217600178646,12265800
1999-09-22,52.868228912353516,53.145371400411285,51.75965896012244,52.39312750425448,12441800
1999-09-23,50.677490234375,53.528099060058594,50.367354551951095,53.42252095540365,19766000
1999-09-24,50.74347686767578,50.941435815143954,49.51613139337309,50.36075623590397,23570800
1999-09-27,51.09981155395508,51.83885841527261,50.941444369387035,51.469334984613845,12608800
1999-09-28,51.33734893798828,51.52211060511729,49.753677505453936,50.8424516153213,20622000
1999-09-29,50.30796432495117,51.70687414091256,50.30796432495117,51.33735079330012,15557000
1999-09-30,50.83586502075195,51.36375562325197,50.149607237501925,50.78307596050195,17604200
1999-10-01,50.855648040771484,50.855648040771484,49.62170406988472,50.14959453871328,19607400
1999-10-04,51.997215270996094,52.181976949624,50.83585614819212,51.12619592889311,12434200
1999-10-05,52.36672592163086,53.00019438036027,51.2581561188544,52.18196428783479,19526400
1999-10-06,53.41592788696289,53.495111473700824,51.88504521002955,52.68347970963703,19098200
1999-10-07,53.29054641723633,53.97020544162654,52.89462853895077,53.71285882074093,22013600
1999-10-08,53.85140609741211,54.00317454983712,52.36671471499357,53.07936657855447,22523200
1999-10-11,54.610260009765625,54.63665452886169,53.871213475075706,54.00318607055605,13016000
1999-10-12,53.369712829589844,54.8610030248776,53.211345729205306,54.42549349882011,20182800
1999-10-13,51.78605651855469,53.39612249594094,51.57490032479912,52.762653914674225,22570600
1999-10-14,52.10939407348633,52.47231881377274,51.12619795889225,51.97082280901334,22130400
1999-10-15,50.57190704345703,51.522109889785035,50.26177139222498,50.78306323152992,33703000
1999-10-18,49.931861877441406,50.80948017130948,48.49335971155239,50.62471842523199,24714800
1999-10-19,50.20237731933594,50.730267722273226,49.35775267463628,50.472921150841294,26657200
1999-10-20,51.7332649230957,52.14897865908487,50.46632782293826,50.967823758417246,22486400
1999-10-21,52.577903747558594,52.577903747558594,50.51913040804576,50.88865382795832,22454800
1999-10-22,52.34033203125,53.42250732791225,52.15557039523449,52.88801830943882,16589400
1999-10-25,52.36672592163086,52.94080671235439,51.891624577583805,52.102780730493606,13855400
1999-10-26,51.944427490234375,53.29054832458496,51.83884938557943,53.00020853678386,13542400
1999-10-27,51.86522674560547,52.049988367599994,51.05359533470096,51.81243771074989,15225200
1999-10-28,53.660064697265625,53.84482635633147,52.20836594746257,52.683467356489025,14103800
1999-10-29,55.534080505371094,55.95639290465148,54.715850231765344,54.900611906450514,19000000
1999-11-01,55.24374008178711,56.19394296900371,55.17115513901362,55.53407985288107,9681800
1999-11-02,55.27674102783203,56.22034541687106,55.06558480091421,55.53408767938813,12834800
1999-11-03,56.378719329833984,56.69545370809148,55.903617762447745,56.06198495157649,18752600
1999-11-04,57.01215744018555,57.27610261351974,56.40508354151691,57.16392591485271,20048600
1999-11-05,57.592857360839844,58.463876743473996,57.592857360839844,58.17353694926261,15134600
1999-11-08,58.75422286987305,58.95878047420437,57.619258097454114,57.80401980459208,10890800
1999-11-09,58.3582878112793,59.334885119744854,57.856791896121315,59.22930703234317,14629800
1999-11-10,59.12370300292969,59.625198698043825,58.12071161270142,58.38465671539307,16561000
1999-11-11,60.179527282714844,60.25871087124474,59.22932422035619,59.757214810555446,18501400
1999-11-12,60.971343994140625,61.024133036559796,58.595837085278006,60.4962426123681,28646600
1999-11-15,60.852577209472656,61.23529782085299,60.54904017286067,61.02414162147074,10909400
1999-11-16,62.396671295166016,62.68701113621797,60.81299943488261,61.07694474492985,19126400
1999-11-17,61.552032470703125,62.667201155045845,61.23529816982472,62.39665727304554,21683600
1999-11-18,63.43924331665039,63.43924331665039,61.604823757462874,61.97434712190352,17738400
1999-11-19,64.0067138671875,64.11229195191689,62.92453849871134,63.16208918935245,17939400
1999-11-22,63.03014373779297,65.45844073271631,63.03014373779297,64.13871410504058,18841800
1999-11-23,63.32048034667969,64.61381237543638,62.713406129100015,64.56102331303815,24047600
1999-11-24,65.40560913085938,65.66295565588999,62.845341138247036,63.50520402294094,18617800
1999-11-26,65.61680603027344,66.54061464292813,65.35286071237209,66.22388026144652,8045200
1999-11-29,64.53462982177734,66.03911812437093,64.455446226904,65.4848329602575,20485200
1999-11-30,62.07992172241211,64.77216322567998,62.07992172241211,64.66658512751262,23702400
1999-12-01,63.42605972290039,63.7427941035391,62.29109485894504,62.76619642990309,23205800
1999-12-02,65.43861389160156,65.5639878619495,63.62399063656572,63.663582416675595,17229200
1999-12-03,66.83091735839844,67.72833094062022,66.64615573852925,66.98928446114346,21444600
1999-12-06,67.4380111694336,67.992296192744,66.46141374741049,67.08828371424964,16018400
1999-12-07,67.4380111694336,67.91311261798538,66.58678774077832,67.64916736878995,23397000
1999-12-08,66.61978149414062,67.98569817097176,66.46141434320369,67.45780766784861,19563000
1999-12-09,66.9365234375,67.93951550793572,65.24727363466089,67.56999211356467,28445400
1999-12-10,67.49079895019531,67.72834967000436,65.98631105807128,67.49079895019531,20428400
1999-12-13,68.40799713134766,68.69833685101383,66.96289716300916,67.25983551266776,16209200
1999-12-14,67.1740493774414,68.59935337209045,66.72534256431115,68.20343559579905,27760200
1999-12-15,68.46739196777344,68.46739196777344,65.82793969453621,66.40861919464841,31797200
1999-12-16,70.15662384033203,70.31499093703707,69.04805416339676,69.36478835680684,27219600
1999-12-17,70.7636947631836,71.68750278881262,70.4667564692314,71.37076860859695,23892400
1999-12-20,71.68753814697266,72.00427248340993,70.68454608158791,71.29162022642605,15392000
1999-12-21,75.5411148071289,75.5411148071289,71.48955606397926,71.89867111621913,26003800
1999-12-22,75.3035888671875,75.43556150803431,73.85188981787263,75.32998339535686,22313600
1999-12-23,76.20098114013672,76.6496879913256,75.17159483446808,75.9040427827323,17543600
1999-12-27,75.75228118896484,76.30656617327435,74.24779337441049,76.28017165021198,19281800
1999-12-28,75.27718353271484,76.43854260544957,74.80208209386882,75.80507402032154,15346400
1999-12-29,78.1278076171875,78.1278076171875,75.91066713075381,76.0162452491554,16512600
1999-12-30,77.28318786621094,79.18359412521613,77.28318786621094,79.07801599971583,21887000
1999-12-31,77.1775894165039,78.70847183311034,77.1775894165039,78.23337039347386,14464400
2000-01-03,80.0281753540039,81.24232313312139,76.64967718602486,81.24232313312139,36345200
2000-01-04,74.53813934326172,78.97241958747841,74.27419409062978,77.70548237484508,33786600
2000-01-05,72.6377182006836,75.69948248530544,71.15962509776271,73.90465514604436,42496600
2000-01-06,67.6491470336914,74.32695983100858,67.35880734685153,73.37675721953262,37134800
2000-01-07,76.0162124633789,76.0162124633789,69.68152809143066,70.05105134646098,28138200
2000-01-10,78.1278076171875,79.34195597880596,75.96345618995461,76.86087019636825,29675600
2000-01-11,74.32696533203125,78.44451028650458,73.48234072598544,77.49430760470304,32546600
2000-01-12,72.69050598144531,75.37614831391157,72.63771694296932,75.17159078981709,29050000
2000-01-13,77.07200622558594,77.2831624070259,73.54833744780659,74.74928822974637,25165200
2000-01-14,78.86685943603516,79.07801568619857,77.70550006013639,78.55012506079004,21898600
2000-01-18,79.28914642333984,79.76424783333323,77.23037364670185,77.75826410225005,16752400
2000-01-19,81.08399963378906,81.08399963378906,78.06842445209622,78.96583851054311,19006000
2000-01-20,80.29214477539062,81.82302722015481,79.40132955968733,80.6616681241268,25958000
2000-01-21,81.29515075683594,81.55909605150099,80.29215863710874,81.50630699256799,18698200
2000-01-24,77.38874816894531,82.4564970258476,76.83446313772163,82.2981298740694,28340400
2000-01-25,78.55007934570312,79.49368328945611,75.51471001614807,77.59987677297285,33276200
2000-01-26,75.38274383544922,78.81403119490594,75.17158769025188,78.7612421586066,23095600
2000-01-27,76.49130249023438,78.12776237787914,74.01021814445038,77.49429403427472,30739200
2000-01-28,72.6377182006836,76.41213451707087,71.58193741288297,76.01621672164562,35313800
2000-01-31,75.75228118896484,76.0162264195884,70.52616562261814,72.53214937535728,36014600
2000-02-01,77.7846450805664,78.12777381692452,74.69648645334338,75.62029458969215,26417600
2000-02-02,78.44452667236328,80.00180361505151,77.7846635610547,77.91663618331641,26169200
2000-02-03,81.50627899169922,81.61185707329469,77.94301873785226,79.65866256377858,30579800
2000-02-04,82.06058502197266,82.97779484169396,81.26874920638592,81.92861238604154,26640000
2000-02-07,83.19556427001953,83.30114239726575,81.29515797958761,82.13978299755735,17761000
2000-02-08,86.67961120605469,86.89076738438857,83.93458088771435,83.93458088771435,21999400
2000-02-09,83.61785888671875,86.31669918696086,83.40670267740886,86.20452245076498,27258200
2000-02-10,86.36288452148438,86.36288452148438,83.2417319864399,84.30411160196245,26341600
2000-02-11,84.35688018798828,86.2044964624436,82.77320909559802,86.2044964624436,24876000
2000-02-14,84.2513198852539,84.46247607544251,82.56207036374506,84.45587744449912,22814600
2000-02-15,84.8583984375,84.99037106337481,80.97840323678072,83.5650667039269,30572800
2000-02-16,84.46247100830078,85.88777520656585,83.88179152011871,84.38328744173049,25310600
2000-02-17,86.25733184814453,87.20753501415837,84.14576925700268,85.46549587646633,30080200
2000-02-18,83.14276885986328,86.99637021019345,83.14276885986328,86.67963585263207,25271200
2000-02-22,83.40667724609375,84.40966893449614,81.29511579682556,83.61783339102057,37226200
2000-02-23,88.05211639404297,88.68558485730946,83.74980974769134,84.19191794601277,32170800
2000-02-24,89.9525146484375,90.20986119122573,86.15170417033451,88.57999975356698,48868200
2000-02-25,87.89379119873047,90.79718970679664,87.73542400738141,89.6886193673532,32617600
2000-02-28,87.84099578857422,89.26630040773978,84.88480843030489,87.20752706894507,38216200
2000-02-29,90.16370391845703,90.45404371444738,88.63282135778066,89.3190790573942,23978600
2000-03-01,90.9027328491211,91.69456850111692,89.9525300667261,90.58599858832275,24468400
2000-03-02,88.79778289794922,91.37784777965378,88.47444995880977,91.27226967707763,32739200
2000-03-03,93.8061294555664,93.85891849859149,90.37484165893623,91.21946634733752,32017200
2000-03-06,94.5451889038086,95.62736443285833,93.1198845484748,94.38682175321595,23268400
2000-03-07,93.11990356445312,96.18166910115283,91.85296610099118,96.12888004017526,39471000
2000-03-08,93.96448516845703,94.59795360779495,89.76775675784336,93.75332902201106,43512600
2000-03-09,97.13186645507812,97.5541789179263,92.14330048768417,93.93812845478887,30101400
2000-03-10,96.70954895019531,98.34600965841368,95.87152270042219,97.02628328081822,29750600
2000-03-13,94.17567443847656,96.39281475597433,92.51281920035323,92.90873711419212,37544200
2000-03-14,90.6915512084961,95.75929795821415,88.68556812006602,95.23140767178519,39106800
2000-03-15,86.89073944091797,90.3748152629718,86.04611499920796,89.95250304211677,51202600
2000-03-16,91.85292053222656,92.27523281053564,85.3070802184357,89.00231265364022,55282200
2000-03-17,93.59500122070312,93.80615745583162,91.16670451672549,91.21949357550761,31422400
2000-03-20,90.95552825927734,94.1756601361293,89.74138017456266,93.75334775883724,21167200
2000-03-21,94.3868179321289,94.54518507631033,87.47145263620672,89.63580360668618,33435100
2000-03-22,96.2872314453125,97.95008659362793,93.8589350382487,95.86491902669272,24370200
2000-03-23,97.97650146484375,99.4545952369427,95.9177279965631,96.69636668007949,19227400
2000-03-24,99.29621887207031,101.77730461741179,97.14506474180085,99.23023254905591,22063000
2000-03-27,99.45455169677734,100.93264482178253,98.92666129498978,99.66570785749238,11752600
2000-03-28,96.92069244384766,99.50735580427714,95.54817719137486,98.80790091599773,18336300
2000-03-29,92.90870666503906,97.50135296041316,92.90870666503906,97.4485639225353,27189500
2000-03-30,90.58602142333984,95.23145841940855,87.41867801692935,90.58602142333984,42328700
2000-03-31,92.48644256591797,93.43664574296507,87.84100481146547,91.33828039365272,31349900
2000-04-03,86.94353485107422,92.16964896780546,85.09591874919954,91.02148753306905,31551300
2000-04-04,86.09893035888672,87.78817975893844,74.5909188210343,87.52423454018036,66213000
2000-04-05,84.56806945800781,87.78820194049126,81.29514791843448,82.35092906023233,37631500
2000-04-06,86.57403564453125,87.73539465927496,84.25131761504383,86.46845755228182,30499900
2000-04-07,90.05816650390625,90.69163543593842,86.67966553306803,87.94660339713236,20645500
2000-04-10,84.56806945800781,90.9555453658848,83.82902265874932,90.90275630879492,26988200
2000-04-11,82.56209564208984,85.72943946467642,80.29216590256948,82.03420500499209,34497100
2000-04-12,77.70545959472656,83.40667538020922,76.22736661330514,82.45647274929544,34824400
2000-04-13,74.32696533203125,81.08396218039773,74.32696533203125,78.39172124862671,46330500
2000-04-14,67.88671112060547,74.74928689485019,65.88072743274932,72.69051416257678,60851300
2000-04-17,75.69950866699219,76.01624301287919,65.8807439444953,65.89394120890725,55398500
2000-04-18,77.70545959472656,78.55008415553881,73.79907100096993,75.58070093393326,36260900
2000-04-19,75.3299789428711,79.07800172138816,75.224400836434,78.12779876345425,28082500
2000-04-20,73.69352722167969,76.83447626873551,72.6905350890064,76.33298020239887,21255600
2000-04-24,71.58195495605469,72.00426737467448,67.46440887451172,70.47338485717773,31190900
2000-04-25,76.41215515136719,76.43854967818977,72.63773781573835,73.06005024489961,28663200
2000-04-26,73.799072265625,78.06178691902215,73.58791612180346,76.5441021353049,25688300
2000-04-27,77.07200622558594,78.11458987144574,69.47038369374732,70.94847696382706,37010400
2000-04-28,80.0281753540039,80.0281753540039,77.81103593126765,79.02518371038512,24828400
2000-05-01,80.76725769042969,81.82303883670981,79.60589842952156,80.8728358050577,23205700
2000-05-02,76.121826171875,80.7672635526829,75.80509180500172,80.13379481893637,20307900
2000-05-03,75.27718353271484,76.2273864104069,72.22861596678618,75.59391782527887,26589700
2000-05-04,75.43556213378906,76.64971043965132,74.01025760082034,75.17161684990597,17750700
2000-05-05,77.23039245605469,77.96943927381598,74.35338877262681,74.4325723602441,20571200
2000-05-08,74.22140502929688,76.64970135315723,74.11582692825947,76.43854515108242,13903000
2000-05-09,72.6377182006836,75.27717017018519,71.21241413715273,74.74927977628487,19825800
2000-05-10,67.35880279541016,71.77988409173899,67.14764667379445,71.26519104530071,34847500
2000-05-11,71.47635650634766,72.00424687936352,68.30901426825248,69.89268538730008,24709700
2000-05-12,71.47635650634766,73.9574412595222,70.94846613333179,72.1098249539667,17832000
2000-05-15,74.59095001220703,74.85489534133728,69.78714502203658,71.6347623259483,17950800
2000-05-16,76.70249938964844,77.28317901338286,74.37978089471069,76.01624165250774,23758800
2000-05-17,75.11880493164062,76.43853094941366,74.11581315813314,75.38275013519524,20339400
2000-05-18,72.42659759521484,75.475166116442,72.10986320339903,75.17162899095185,19063000
2000-05-19,68.99527740478516,71.79309661094706,68.67854315503098,70.73731577843314,28178100
2000-05-22,68.94249725341797,69.47038773774736,63.83515681753114,68.94249725341797,43879800
2000-05-23,63.1884880065918,69.78711875080565,62.7133865930084,68.73133783173144,31898500
2000-05-24,67.14766693115234,67.46440120912948,61.02413755692776,63.34685559542674,49476000
2000-05-25,65.66958618164062,69.47039824360053,64.61380505331843,67.78114843828502,29632700
2000-05-26,65.66958618164062,66.93652353562726,63.98033637632511,65.66958618164062,18203200
2000-05-30,72.26820373535156,72.58493801030562,67.56997865686633,67.56997865686633,31590400
2000-05-31,70.20945739746094,73.20523687663831,69.89272300318667,71.34442231027704,29675400
2000-06-01,73.799072265625,74.64369684091112,70.94846432403433,71.95145600718661,28993500
2000-06-02,79.0779800415039,79.34192523523389,69.68153114471639,78.23335542156795,31677200
2000-06-05,79.27593231201172,80.50327736029156,77.59988047188762,77.91661467789531,23784300
2000-06-06,77.07200622558594,80.23934894718536,76.755271953426,78.70846663174564,23200500
2000-06-07,79.13080596923828,79.39475128601359,75.64672778780417,77.33597781516616,22524400
2000-06-08,78.76124572753906,80.13376073351495,77.38873072156318,79.92260457874943,19313800
2000-06-09,79.18356323242188,80.02818790690104,78.5500947265625,80.02818790690104,17014600
2000-06-12,76.64969635009766,79.65867203326265,76.01622778522082,79.65867203326265,16484700
2000-06-13,79.60591888427734,79.92265330954635,75.4751740880607,76.43857463158726,25187900
2000-06-14,77.81103515625,80.13375262360074,77.28314482276119,80.13375262360074,20274500
2000-06-15,79.18356323242188,79.28914131673177,76.75526729329427,77.59989196777344,18807800
2000-06-16,79.60591888427734,80.5033330892062,78.60292653759215,80.02823145130269,21203400
2000-06-19,82.77324676513672,82.98440300688452,78.28617662799601,79.4079441622812,20042500
2000-06-20,82.4565200805664,84.1985592371981,82.08699662309908,82.98441073409117,20988300
2000-06-21,83.51229095458984,84.22494324781802,81.66467389807238,81.77025201558766,20880600
2000-06-22,80.45050811767578,83.61785095695436,79.81703954982007,83.3011166730265,21526700
2000-06-23,77.28318786621094,80.66168788222016,77.17760974071065,80.239375380219,24888100
2000-06-26,79.39472198486328,79.75104803100545,77.70547258093002,78.60288632676956,22169200
2000-06-27,78.44452667236328,80.29214338402728,78.0222142811258,79.19677061925505,14786000
2000-06-28,79.39472198486328,80.66165903781322,78.12778493191334,78.53690002192842,19259800
2000-06-29,77.40196228027344,78.86685875309702,76.54414002141277,78.49733531851089,21355800
2000-06-30,78.91962432861328,79.35513396119593,77.12479675190903,77.54710912289828,15153100
2000-07-03,80.45050811767578,80.45050811767578,78.76125860339387,78.97241479267912,5212000
2000-07-05,77.33594512939453,79.36832320958682,76.75526567791103,79.07798348384506,16489000
2000-07-06,79.39472198486328,80.02819051133825,76.06901222086967,77.33594927381962,23594700
2000-07-07,81.03118896484375,81.92860278399837,79.76425180839017,80.23935324206026,16603200
2000-07-10,79.80387878417969,80.97843562423128,79.3947634803415,79.97544326643441,12659400
2000-07-11,80.23932647705078,80.87279484397487,78.39171040685554,79.44749101839568,14374600
2000-07-12,82.13976287841797,82.56207528396253,79.922622749309,80.60888040831892,18252600
2000-07-13,83.19556427001953,84.2513455424817,82.03420487031114,82.72046269741155,19566700
2000-07-14,84.99041748046875,85.41273011391208,83.4595341842367,84.67368300538625,17219400
2000-07-17,85.94058227539062,86.2045275526492,84.3569106118392,85.25432455451833,13140500
2000-07-18,84.04015350341797,85.1223288468979,83.07675350251509,84.77920007945305,20684000
2000-07-19,82.13976287841797,83.56506724713088,80.79364208574466,83.03717674020017,21828500
2000-07-20,84.77922058105469,84.88479868887667,82.15296514898279,82.66765842461497,19521200
2000-07-21,81.92860412597656,84.05336335024883,81.92860412597656,83.14275225413213,14411400
2000-07-24,80.23932647705078,83.61782443397924,79.6058581101267,82.72041091417012,18579200
2000-07-25,80.87284088134766,81.92862209389789,79.2363800018948,80.76726276009263,19065700
2000-07-26,80.76725769042969,81.18957014894174,78.76127351249745,80.66167957580168,20318700
2000-07-27,77.59991455078125,80.29215648417569,77.33596926319356,79.34195344886001,26141800
2000-07-28,73.3768081665039,78.44455894634879,72.63776117777654,77.86387916949155,36485600
2000-07-31,75.5411148071289,76.12179423611452,72.40016698670671,74.01023267616682,27609900
2000-08-01,74.53813934326172,76.00303549536902,74.0630378885242,75.85786560642146,15751800
2000-08-02,73.2183837890625,76.34613378149362,73.06001670083815,74.22137534781679,23578200
2000-08-03,76.38573455810547,77.0719920213089,70.36778449616764,71.15962003063315,35874700
2000-08-04,76.121826171875,78.35216400527425,75.27720119354629,77.70549800624133,22283400
2000-08-07,77.91664123535156,78.57650438944499,76.2273915608724,76.75528208414714,15103300
2000-08-08,79.50030517578125,79.60588327030419,77.2831651907993,77.75826661615257,14832300
2000-08-09,77.38874816894531,79.76425544561826,77.17759196657438,79.13078683850547,18649800
2000-08-10,75.85787963867188,77.90345572496173,75.59393433721512,77.54712956799511,15336200
2000-08-11,76.91366577148438,76.95325756923909,74.22142352416405,75.38278292496891,21050600
2000-08-14,78.55007934570312,78.55007934570312,76.18777017183201,77.17756451842605,12539300
2000-08-15,78.55007934570312,79.38150659684212,77.70545483660955,78.33892321842973,14090300
2000-08-16,79.3419418334961,79.9754104309691,77.70548129002411,78.91962943518074,15245300
2000-08-17,80.87284088134766,80.97841900260268,78.44454409248213,78.49733315310964,14492400
2000-08-18,80.45050811767578,81.61186715874459,79.975406691784,81.03118763821018,14706700
2000-08-21,80.66165161132812,81.80981320985325,79.71144890910044,81.08396392342931,13560100
2000-08-22,80.66165161132812,82.23212552195444,80.46369271503069,81.08396392342931,14878200
2000-08-23,81.98138427734375,82.29811853726909,79.24955128548764,79.9754006311499,21396400
2000-08-24,83.24832916259766,83.35390725918941,81.13676723076259,82.29812629327188,13567700
2000-08-25,82.79961395263672,84.42287702502664,81.92859474306164,83.18233451441971,11764700
2000-08-28,83.19556427001953,84.33052913791637,82.72046269741155,82.9844080155271,12314200
2000-08-29,83.61785888671875,83.76302878061931,82.65445868174235,83.3011245727539,11162800
2000-08-30,83.51229095458984,84.04018154216627,82.5752851616417,83.03718942577107,10545300
2000-08-31,85.83499145507812,86.15172574089023,83.51227335912276,84.14574193074695,15588700
2000-09-01,86.67961120605469,87.43185509136912,85.46546318063493,86.9963454735555,14071900
2000-09-05,84.04015350341797,85.94055898465103,83.97416720198626,85.83498090236031,16348300
2000-09-06,81.08399963378906,84.02698985487223,80.66168713569641,83.8290308713913,20964900
2000-09-07,82.8787841796875,83.97415664575662,81.55905831695362,81.77021445499105,16669700
2000-09-08,80.34494018554688,82.77323666947274,80.04140312505614,82.57527771697877,23475200
2000-09-11,78.39173889160156,81.18955852881024,77.70548124473905,79.81704323508522,27262100
2000-09-12,77.1775894165039,79.97540900547429,76.72888250129166,78.97241707735283,24256000
2000-09-13,78.97244262695312,79.28917702251577,76.0162549350351,76.22741119874352,34093100
2000-09-14,78.55007934570312,81.03116384116552,78.24654241274762,80.45048449116369,28615300
2000-09-15,77.12483215332031,79.0780277656905,76.59694144727432,78.6557152008537,24994600
2000-09-18,75.91062927246094,78.55008091614873,74.32695828624826,77.54708929154737,29218500
2000-09-19,78.70845794677734,79.20995382236043,75.91063885141907,76.64968540490993,27568700
2000-09-20,79.92261505126953,80.43730824595241,77.12479563401902,78.86683413909952,33123200
2000-09-21,74.1158218383789,79.80384164114624,73.48235327565773,79.1835703401484,25031400
2000-09-22,78.49735260009766,78.76129796862521,73.90470318771804,74.01028133512906,33710100
2000-09-25,76.41215515136719,79.60589289689929,76.01623724902849,79.0780023604477,20560800
2000-09-26,75.5411148071289,78.12777771806483,75.10560523538969,76.66288188585112,26011200
2000-09-27,75.6467056274414,77.01922087260085,74.32697943017271,76.54411944158412,28482900
2000-09-28,77.33594512939453,78.5500930734055,74.93404376189457,74.93404376189457,29050000
2000-09-29,74.96046447753906,78.08821625239412,74.90767541804784,77.70549557108275,27198800
2000-10-02,73.27120971679688,76.22739685234487,72.63774104489373,76.22739685234487,24968200
2000-10-03,70.94847869873047,75.01323529084523,70.32820740058308,74.37976673103515,35731200
2000-10-04,72.32099914550781,73.36358289231349,69.3648123191221,70.5261714294879,37672100
2000-10-05,72.53213500976562,73.64070475882318,71.42356526070807,72.00424465307155,23443100
2000-10-06,70.1038589477539,73.11283482126443,68.62576553620488,72.26821001466497,36335800
2000-10-09,69.78713989257812,70.79013206955163,67.04210867138745,69.73435083063215,28834600
2000-10-10,66.14466857910156,70.36779187226048,65.77514529095015,69.10085488431281,35283200
2000-10-11,65.0888671875,67.95267176570104,64.24424279577251,64.9305001140511,48462600
2000-10-12,63.45244598388672,67.20046899957387,62.84537183345852,66.936523716779,53223600
2000-10-13,68.62574768066406,68.94248190072867,63.03010979285607,63.0828988295335,42410200
2000-10-16,69.25927734375,69.52322276045636,67.35887034346418,68.52023017697218,27644900
2000-10-17,66.09185791015625,70.24899354148596,65.88070181459665,70.20940177356854,52101400
2000-10-18,65.88070678710938,68.57294720869798,62.97731025402363,64.82492622962366,64354400
2000-10-19,71.84590911865234,71.88550091280297,68.78414370433799,69.5891768520672,44278900
2000-10-20,72.90167236328125,74.22139851033558,71.27840920240442,71.37079003269822,40692200
2000-10-23,72.79608154296875,73.90465131265863,71.05404333345608,72.79608154296875,28989200
2000-10-24,69.68153381347656,73.4823447487571,69.575955731941,73.00724338184703,31466200
2000-10-25,65.77516174316406,69.25923933148574,64.94373413686002,68.62577067906362,48635400
2000-10-26,67.46442413330078,67.5700022618349,62.18551770659493,66.0391193980902,69991300
2000-10-27,67.33243560791016,69.14046063305396,65.44522700502283,68.2958358037897,51046400
2000-10-30,64.838134765625,67.46438935922552,63.94072113565095,66.0390853586785,35496700
2000-10-31,69.0084457397461,69.73429475785396,65.77511829544741,65.88069633444492,43863800
2000-11-01,68.41461181640625,69.945494333903,66.88372929890951,67.83393224080405,45186400
2000-11-02,69.25927734375,70.31505901057545,68.46744109363091,69.41764459377382,26594300
2000-11-03,70.15662384033203,70.89567029162221,68.95567335698549,69.998256743627,29837100
2000-11-06,69.62874603271484,71.05405015923743,69.25922274065343,70.63173782545296,23485800
2000-11-07,69.36479949951172,69.65513922344422,67.78112827806169,68.78412005164671,24334400
2000-11-08,63.940711975097656,69.47036281463654,63.87472568822965,69.36478475564773,40338200
2000-11-09,63.927528381347656,64.98330919689427,61.65759962792243,63.135692769687694,64955900
2000-11-10,60.601837158203125,63.92754773395817,60.601837158203125,62.713399428523786,49235500
2000-11-13,60.69419479370117,62.66058640584762,57.65882519105902,59.92875376346967,75023400
2000-11-14,64.05953216552734,64.19150483171096,61.44647337509174,61.657629640985526,44829500
2000-11-15,65.3528060913086,65.93348530536707,63.1752590385893,63.82192452697261,37760900
2000-11-16,61.552032470703125,65.03610978036556,61.552032470703125,63.663594476559155,33898700
2000-11-17,61.5124626159668,63.50524996954135,59.96838234862758,61.81599976253776,49913800
2000-11-20,59.00495147705078,60.86576520066164,58.49025831945629,59.9155624481795,46862300
2000-11-21,58.912567138671875,60.0739259890758,57.803997326922676,59.28209040925494,42128600
2000-11-22,56.273136138916016,59.22932340324932,56.167558022332685,57.804018829374336,56623700
2000-11-24,59.49326705932617,59.65163422984789,57.57966374885539,57.75122818358725,19987900
2000-11-27,58.75422286987305,61.60483206571595,58.067965100503464,61.28809771062229,35416600
2000-11-28,55.283348083496094,59.07096348095691,55.1645726877569,58.226338444589345,48812700
2000-11-29,53.1585578918457,56.37868900545304,52.789034649300596,55.58685348571353,66189300
2000-11-30,53.19817352294922,54.26715195394869,51.09980845469099,52.155589621110224,74792600
2000-12-01,54.05599594116211,56.39191178139299,52.472324185073376,54.1087849996984,57112500
2000-12-04,54.90061569213867,55.20415275005194,52.15558490753174,54.1615689424368,49106300
2000-12-05,59.70440673828125,59.96835194932582,55.322916234941424,55.798017614821646,76531800
2000-12-06,57.43448257446289,61.06372952022973,57.22332638852736,59.62522800354396,63352100
2000-12-07,56.16755294799805,58.265917825519594,55.32292809163717,56.58986537617849,41481100
2000-12-08,57.43448257446289,62.079918665044445,57.1177482955596,60.04754037541501,65856900
2000-12-11,62.81898498535156,63.16211389493541,59.92878378539526,60.865789653874245,51829800
2000-12-12,60.52267074584961,62.396682792493884,60.23233085129909,62.079948362075136,31054500
2000-12-13,58.05475616455078,62.079921117992015,57.698430086705166,62.027132069422294,51661600
2000-12-14,55.21736145019531,58.85980689958678,55.11178332122744,57.87001194051302,41562700
2000-12-15,53.95039749145508,55.42849057341275,52.84182767998683,54.26713172330315,59026100
2000-12-18,54.05599594116211,55.71885128505528,52.841847594827414,55.032593524083495,42950000
2000-12-19,49.93843460083008,55.626453975290374,49.62170034331953,53.59407582293101,80489200
2000-12-20,47.07464599609375,49.30498386358459,46.24321827034272,48.40756981039301,81432100
2000-12-21,47.35177993774414,49.62170918782552,45.8208974202474,46.46756331125896,85875600
2000-12-22,51.09981155395508,51.3109678000458,48.5659366008664,48.67151472391176,57240000
2000-12-26,51.41653060913086,52.30074712627967,48.98823450233412,51.17897990303118,37082800
2000-12-27,51.997215270996094,52.52510578136154,49.78007512746124,50.413543739899765,33955500
2000-12-28,51.89163589477539,52.77585247792644,50.888643949708516,51.33735087250159,30996900
2000-12-29,49.30497741699219,52.564701566349,48.98824308669031,51.99721922455814,49191000
2001-01-02,45.13465118408203,49.568932703921675,44.290026132684005,49.46335457249692,62514100
2001-01-03,52.73625946044922,55.11176664335234,44.0524609807256,44.078855504980076,118175700
2001-01-04,51.78605651855469,53.739251310793755,50.875445432983774,52.05000176074916,58465400
2001-01-05,47.82686996459961,51.78604794180156,47.29897956763935,51.78604794180156,68782000
2001-01-08,48.354774475097656,48.565930695512925,45.20062843264451,47.56293864854038,55576500
2001-01-09,48.354774475097656,49.938446128212206,47.82688392405947,48.7770869159282,53318900
2001-01-10,50.83586502075195,50.99423220150196,47.0878417430018,47.40457610450182,74258300
2001-01-11,52.31394577026367,53.7920390917242,49.991227693682845,50.057214002676616,65451700
2001-01-12,52.98701477050781,54.58388370879709,51.94443091823631,53.00021203446062,60793900
2001-01-16,52.35353088378906,53.145366490803774,51.15258021315009,52.8418295081148,32203300
2001-01-17,53.95039749145508,55.415293313752414,53.33012628741927,54.47828787786854,61388800
2001-01-18,56.2203483581543,56.37871553662797,52.947426669698366,54.161575037996535,54934700
2001-01-19,56.00917053222656,57.698419784847914,55.37570206249356,57.55324992720077,56292500
2001-01-22,56.06195831298828,56.589848692583274,54.6894433260413,55.63964600931229,35777100
2001-01-23,57.236507415771484,57.77759498875895,55.16453792896583,55.666033728320066,49859500
2001-01-24,56.69540786743164,58.384656518975234,56.37867374526722,57.4872431728427,53905400
2001-01-25,54.47830581665039,57.15735040986261,54.38592496860859,56.48428994555806,57151900
2001-01-26,55.36250686645508,55.69243837340653,53.21135344113155,53.68645481114166,45681400
2001-01-29,56.589874267578125,56.80103051484521,54.26715554764022,54.68946804217438,31514100
2001-01-30,56.378719329833984,57.214896284120094,55.745250573319,56.71657062210413,42439300
2001-01-31,54.30938720703125,57.42604891039337,54.30938720703125,56.80102824774292,59322200
2001-02-01,55.027305603027344,55.41583222782466,53.71813461888205,54.52053202476892,45142600
2001-02-02,51.98665237426758,55.15399838780677,50.67748466482384,54.849932964299796,47471000
2001-02-05,51.944427490234375,52.282278713925436,50.7788443126871,51.68259263077441,36016300
2001-02-06,52.02887725830078,53.31270711558189,51.65724357145126,51.93597125307891,42417700
2001-02-07,51.18424987792969,51.691026575148975,49.47811100772092,51.10823353444616,61972200
2001-02-08,49.65548324584961,51.94441524176252,49.4781128451303,51.43764174771098,48269500
2001-02-09,47.6368408203125,49.49501283437706,47.29898960576187,49.19939543813623,55385200
2001-02-12,48.21117401123047,48.93754846523114,46.97801963893178,47.51013404236265,50540400
2001-02-13,46.665531158447266,49.9849076596941,46.437482022256034,48.69263244326578,58914000
2001-02-14,48.523685455322266,48.77707219897142,45.71108390145107,46.792205614734584,63048200
2001-02-15,49.32609558105469,51.09136175566748,49.24163115763523,49.663943608767596,67801300
2001-02-16,46.56418228149414,48.03382813907121,46.05740529247626,47.265219433283676,66779700
2001-02-20,44.75667190551758,47.163851422352685,44.17387870102944,47.07939022673984,55298400
2001-02-21,43.4981803894043,45.66886602680581,43.00829642293048,43.540410988103176,72349000
2001-02-22,43.075862884521484,44.05562748007423,41.293704120251675,43.45594467201776,103855500
2001-02-23,43.2279167175293,43.58265774450125,40.73627180669293,42.307275147830076,93337900
2001-02-26,44.047176361083984,44.42725487232501,42.44238825278092,43.98805289391372,78342700
2001-02-27,41.38662338256836,43.98806982745573,41.302162174664666,43.531971572003236,66741700
2001-02-28,40.07744216918945,42.408604895001275,39.57911347340527,41.76669154852737,102187900
2001-03-01,41.21769714355469,41.55554841421855,38.641591676205366,39.6720351519405,101773000
2001-03-02,39.443965911865234,41.918716024735126,38.55711080613753,39.86627817382956,95927100
2001-03-05,40.161895751953125,40.84604278108068,39.7733692414798,40.11966516985592,43888400
2001-03-06,41.72445297241211,42.78867846002853,41.47106303642008,41.639988586419136,60828600
2001-03-07,41.74134826660156,42.59442095944718,41.36126975524119,42.569083251219766,55215500
2001-03-08,40.96430206298828,42.070761690996996,40.62645086027158,41.68223184127643,48965200
2001-03-09,38.092567443847656,40.00986563587632,37.96587568945906,39.90851158796802,79990900
2001-03-12,35.72763442993164,37.965891816764206,35.30532195860387,37.16349747684375,80674000
2001-03-13,37.54357147216797,37.788513427448486,35.58404227389938,36.13304643830065,80024400
2001-03-14,36.95232391357422,38.168582100757135,35.73606572639131,36.06546878404583,97190000
2001-03-15,35.600948333740234,38.26996345188381,35.51648389272966,38.17705417776667,74135500
2001-03-16,34.79853820800781,36.149936436246215,34.25797891671245,35.372883260506015,77784500
2001-03-19,36.53846740722656,36.53846740722656,34.418460578241465,35.00125052995739,53248200
2001-03-20,34.08061599731445,37.00302082049762,33.953924185949546,36.6905072640894,104796200
2001-03-21,34.08061599731445,35.305322839106445,33.540056536051694,34.224203916580926,96200700
2001-03-22,36.14994812011719,36.14994812011719,33.354241527737905,34.29177253922572,130208100
2001-03-23,36.14994812011719,37.019914031336945,35.05193630204132,36.78341684846733,95277500
2001-03-26,35.313758850097656,36.741173392081436,35.09415463010788,36.715835682847015,57666200
2001-03-27,36.530029296875,36.92700405668661,34.98436408296141,35.305322467957794,69945300
2001-03-28,33.5316162109375,35.64317890404453,33.514723322753966,35.389792025269486,77863500
2001-03-29,32.89814376831055,34.300221112747955,32.43360067154904,33.26133276915776,79654700
2001-03-30,33.06706237792969,33.7680992900817,32.09574256416632,33.19375416538495,63661300
2001-04-02,31.58896255493164,33.658290327663615,31.504498158460837,33.08394531961123,69713600
2001-04-03,29.274703979492188,31.884595501760913,29.240918204358692,31.42005237063634,89015700
2001-04-04,28.759475708007812,30.246017259170905,28.379393878336106,29.31692798419694,76473900
2001-04-05,31.512948989868164,32.0619531164309,30.16154752497034,30.40648946336894,87035800
2001-04-06,30.364248275756836,31.335564417003457,29.984166645709706,31.16664211208157,86123600
2001-04-09,31.29336166381836,31.580534348292897,30.27981082320297,31.073760538979855,51638700
2001-04-10,33.61604690551758,34.173498821435714,31.90990541207453,32.011262649140406,94265100
2001-04-11,34.629638671875,35.89657667206555,34.16509538286979,35.609403929809424,92829500
2001-04-12,36.14994812011719,36.14994812011719,33.78499884534103,34.03838569228338,79531500
2001-04-16,33.99615478515625,35.83743746357721,33.83567720198691,35.423569813735135,65229800
2001-04-17,34.84076690673828,36.06547329694837,33.700524914949064,33.74275550316582,94694300
2001-04-18,38.47264862060547,40.54197946696242,36.487782164663585,36.92698732886079,128891400
2001-04-19,40.795372009277344,41.175453765355044,38.497995036295194,38.937197041109975,110467600
2001-04-20,40.879825592041016,41.75823259116952,36.36108274929597,40.694007177808714,80598100
2001-04-23,38.13482666015625,40.30551302929405,37.915222317712626,39.68893705887643,79317600
2001-04-24,37.416873931884766,39.20747741125688,36.95233098673476,38.092573054101834,88888300
2001-04-25,38.092567443847656,38.49799007945502,36.40331827610298,37.07902052079052,68418400
2001-04-26,37.12125015258789,39.06388600122435,37.05367864105904,38.76826869325313,71110200
2001-04-27,38.13482666015625,38.40510644932591,37.36621790558204,38.13482666015625,55580000
2001-04-30,38.97942352294922,40.17878881436949,38.26149073604026,39.063884687532905,73859100
2001-05-01,40.584232330322266,40.60957327235149,38.34597791839572,39.02167730271338,54498300
2001-05-02,41.369728088378906,41.72447222929892,40.119683596638055,41.21769534541153,77566500
2001-05-03,39.52842712402344,40.45751603467844,39.02165369783843,40.45751603467844,67124900
2001-05-04,40.710899353027344,40.710899353027344,38.10100965963197,38.261487146078615,72673400
2001-05-07,39.86630630493164,41.04877953963535,39.781841859745505,40.54200575647506,45561600
2001-05-08,40.710899353027344,40.83759108801577,39.6889045363157,40.7953605096863,56970700
2001-05-09,39.31728744506836,40.499763563622025,39.22437819292637,39.73959988426778,60984600
2001-05-10,38.658477783203125,40.584221311139395,38.61624718727237,40.47441918412908,61130300
2001-05-11,38.47264862060547,39.20747109628779,38.0841220906573,38.71759051982859,48760400
2001-05-14,37.8560791015625,38.31217721651809,36.61447975151259,38.26149857419384,43108000
2001-05-15,38.13482666015625,39.10614364561309,37.65339058432346,37.923670373493124,69007600
2001-05-16,39.824066162109375,40.13657647953113,37.21417503729049,37.42533126673542,80110500
2001-05-17,40.45751953125,41.20923490791964,39.91695708208411,40.07743781776897,73810700
2001-05-18,40.575775146484375,40.86294770015345,39.773380962233624,40.23792394617211,41095100
2001-05-21,43.11809158325195,43.202555988976655,40.246369450352304,40.68557147217023,85426900
2001-05-22,42.99139404296875,43.87824924124091,42.38326329124512,43.337690005036436,77233900
2001-05-23,41.091007232666016,42.61133157694181,41.082559178415295,42.60288352269109,65618000
2001-05-24,42.14678192138672,42.22279828788014,40.770042493556204,41.36128054161745,61792500
2001-05-25,41.3781623840332,42.24812472910157,40.55887545511264,42.19744609096648,36191100
2001-05-29,38.95408630371094,40.96429378760986,38.93719342478892,40.96429378760986,66609600
2001-05-30,37.52667999267578,38.72604565799604,37.2310626024878,38.37130478977046,81397400
2001-05-31,37.780067443847656,38.72604633087378,37.416878517027385,37.619589889526964,68018300
2001-06-01,38.89496994018555,39.04700265625564,37.442217529498095,38.4642127259788,61874300
2001-06-04,38.70915985107422,39.41019682702048,38.25306164195937,39.131472291664664,41696000
2001-06-05,40.41529083251953,40.84605123624469,39.02166200290811,39.10612318458605,68146400
2001-06-06,40.1027946472168,41.29371576934265,39.756498525804,40.60957158083784,61169500
2001-06-07,41.13322448730469,41.80047878903955,39.75648529225414,39.80716393534369,65400200
2001-06-08,39.99296951293945,41.192338000166956,39.655121639992295,41.150107418796914,56391400
2001-06-11,38.89496994018555,39.69736411455822,38.42198213195661,39.61290292651385,48809400
2001-06-12,38.68381881713867,39.52844369621152,37.357758014753365,37.89831742184187,78450500
2001-06-13,37.628028869628906,39.48620381101536,37.60269116025141,39.080784351038076,68535400
2001-06-14,35.68540954589844,37.5013547524143,35.47425327639608,37.1803963206138,91050300
2001-06-15,35.98102569580078,36.378000498732995,34.866120892065354,35.30532630292914,84589400
2001-06-18,35.49956512451172,36.4624364961536,34.96745403301697,36.01478656210628,63539100
2001-06-19,35.32219696044922,36.79184503426121,34.8492060721218,36.58913373298179,73386900
2001-06-20,36.12460708618164,36.293532709300564,34.86611457703336,34.883007461544075,83588600
2001-06-21,36.61448669433594,37.35775747942585,35.72763122841551,36.04014152703757,67212600
2001-06-22,36.530029296875,37.332423648371694,35.972576955559454,36.842539628009405,51870400
2001-06-25,36.622928619384766,36.994562338752,36.02324583745549,36.83408480079544,39212100
2001-06-26,36.74960708618164,37.070565267847506,35.87964496486219,35.93032358996305,55155100
2001-06-27,36.98611068725586,37.29017604792182,36.31885650379301,36.89320146905381,53289400
2001-06-28,37.4591178894043,39.15681596312455,37.4591178894043,37.501351717478016,89963700
2001-06-29,38.59933853149414,39.29193033210325,37.7547140700697,38.08411709450738,59719600
2001-07-02,38.38821029663086,39.2581730926967,38.168605972854316,38.557135955999975,50884300
2001-07-03,38.54867172241211,38.59090231403335,37.839186828417326,38.219268596983746,24758400
2001-07-05,36.698944091796875,38.160144445411554,36.698944091796875,37.89830962683795,44409800
2001-07-06,35.17863464355469,36.41178644405763,35.043494764348736,36.32732200581086,53434800
2001-07-09,35.48268508911133,36.05703018916063,35.05192787506825,35.381331019099036,45547500
2001-07-10,34.207305908203125,36.217513922989994,34.12284471327439,36.11615662268984,58620000
2001-07-11,34.629638671875,34.714099916425056,33.6752111429076,34.13975443191281,77840200
2001-07-12,36.82563400268555,37.01990051044364,35.7276225856398,36.0063502708678,70363300
2001-07-13,36.44554138183594,37.526659500721415,36.234385297866986,36.63980459244904,62474200
2001-07-16,35.76986312866211,37.045248528497645,35.3897845022892,36.631380910951385,53390800
2001-07-17,36.57225036621094,36.656714772869144,35.0857122508908,35.322206145558454,59813000
2001-07-18,35.17863464355469,36.19218212660491,34.74787406346836,35.70230127272915,64797200
2001-07-19,36.014801025390625,36.61448386126092,35.2630854674704,35.8627683033407,76590200
2001-07-20,35.17863464355469,35.59249911400279,34.933692605622376,35.043494764348736,49012800
2001-07-23,34.300209045410156,35.812088008012616,34.24953040428822,35.67694818700827,55329400
2001-07-24,33.91168975830078,34.545158409661404,33.202204739897354,34.10595309141279,70422900
2001-07-25,34.207305908203125,34.39312440343201,33.27821987603481,33.90324045127879,68859600
2001-07-26,34.71406555175781,35.381319677930904,33.768087016896615,34.165061561680794,69199300
2001-07-27,35.4320068359375,35.6938384310616,34.882999491731255,35.17017201882586,47452900
2001-07-30,35.22086715698242,35.72764092592183,34.96748027251272,35.58405620611832,39459400
2001-07-31,35.271541595458984,36.133059555694324,35.05194049437419,35.33911314778597,55732500
2001-08-01,36.403316497802734,36.741167603642495,35.820526723315425,36.00634515372599,53864800
2001-08-02,37.08747100830078,37.16348736132846,36.16682994251564,36.98611694492641,53187300
2001-08-03,36.47091293334961,36.76653043650524,35.94724626119285,36.76653043650524,51513700
2001-08-06,35.89655303955078,36.19217042284607,35.76985803414547,35.92189075183671,31105700
2001-08-07,35.71072006225586,36.16681803019623,35.42354762562523,35.55868740627573,38407500
2001-08-08,34.207305908203125,36.02325059706345,34.0383802963576,35.347548149681344,76045200
2001-08-09,34.350887298583984,34.52826094615081,33.7680973765437,34.13128627957957,66861400
2001-08-10,34.021480560302734,34.41845518488213,33.13462530423086,34.13972749818066,68491900
2001-08-13,34.71406555175781,34.91677684879288,33.95390543734653,34.28330847579009,48425700
2001-08-14,34.29174041748047,35.220828948625055,34.241065028753766,35.04345864411051,51267600
2001-08-15,33.024818420410156,34.57048288430008,32.999480715096205,34.308648115437116,58935300
2001-08-16,33.41336441040039,33.438702128037335,32.12953409098279,32.63630777565277,68227300
2001-08-17,31.893016815185547,32.7714269889436,31.850786238405856,32.46736168095147,56649300
2001-08-20,32.33224105834961,32.64475460004836,31.69032753381099,31.969052083285526,49921300
2001-08-21,30.989294052124023,32.644761712490094,30.955511496516255,32.34069615809655,56445600
2001-08-22,31.833911895751953,31.96060692183438,30.86259517641066,31.6312037204061,65221400
2001-08-23,31.521385192871094,32.48425658018598,31.50449231670931,31.8170024707356,54711800
2001-08-24,33.19375991821289,33.26977629265566,31.88459188902162,31.97750114911706,58450600
2001-08-27,33.23599624633789,33.70054262683443,32.796794031668696,33.17687274736361,50927500
2001-08-28,32.19710159301758,33.31200624852268,32.104192334727415,33.21065215856451,65275500
2001-08-29,31.724096298217773,32.475811562068635,31.36090751784249,32.40824005781897,59060500
2001-08-30,30.550085067749023,31.512960285701606,30.195344110073375,31.082199726251215,76105800
2001-08-31,30.93862533569336,31.27647351916382,30.355831822373922,30.43184822750299,54309000
2001-09-04,29.958839416503906,31.673426542290546,29.85748213173753,30.83724666389955,74073600
2001-09-05,29.840595245361328,30.3304759459624,28.84393773980744,29.97573508228451,95461200
2001-09-06,28.632770538330078,30.00106126402773,28.531413283103124,29.34225521498564,88701800
2001-09-07,28.463855743408203,29.646328502756,28.168235137080373,28.396284214423154,95528800
2001-09-10,28.801706314086914,28.987524813528807,28.159792840905666,28.286487858159344,80371300
2001-09-17,26.352294921875,27.70369333961711,26.259385676532485,26.394525518306693,97700900
2001-09-18,25.761064529418945,27.450314662495597,25.651263979606526,26.631028927911427,66285300
2001-09-19,25.313400268554688,26.183364241037197,23.869092885309925,25.879298850462014,116632800
2001-09-20,24.468786239624023,25.414766970481978,24.32519992184186,24.74751243167241,90840200
2001-09-21,23.80997085571289,24.468777093765738,22.973792592111664,23.15116300666627,112341900
2001-09-24,25.009340286254883,25.33874343539699,24.147822622812843,24.561688572271724,85696500
2001-09-25,25.085355758666992,25.701931440493674,24.451887195175342,25.093800588505616,83860600
2001-09-26,24.21540069580078,25.338751968637254,23.995797985419923,25.296521359753978,59759800
2001-09-27,24.054916381835938,24.316751256577096,23.159614453188762,23.98734645535302,70050700
2001-09-28,24.477224349975586,25.271172049239407,23.9113257150206,24.35897740299789,84810800
2001-10-01,24.266075134277344,24.47723137793307,23.522805865446678,24.36743084006958,53460800
2001-10-02,24.342082977294922,24.84041166650342,23.987340547875206,24.19849671750614,74133400
2001-10-03,26.18336296081543,26.698584489433298,23.928215183299002,24.00423152722602,136198600
2001-10-04,26.436748504638672,28.041536482991592,26.132684753671683,26.732367427545448,127371500
2001-10-05,26.825279235839844,26.943526172020636,25.55834225335304,26.183364304727288,96443400
2001-10-08,26.90974235534668,27.323606637082573,26.1495788676865,26.293165125245235,67789600
2001-10-09,26.25938606262207,27.044887411355077,26.073569180198977,26.909747567593914,57564800
2001-10-10,27.450307846069336,27.484093613618573,25.972214346665602,26.073570038319247,73840600
2001-10-11,29.308475494384766,29.773018399482787,27.990859903173085,28.03309049054794,117232200
2001-10-12,29.18177604675293,29.392932173316968,27.990855621811217,28.995960846327595,111901600
2001-10-15,29.055099487304688,29.181791296256264,28.430075608382754,28.81860231101582,78322000
2001-10-16,29.528091430664062,29.646338423971688,28.776375640075088,29.274704556149306,81346800
2001-10-17,27.40807342529297,30.406490604383222,27.2813784256463,30.296688486155286,141530300
2001-10-18,28.151350021362305,28.32872048059964,27.36584859103884,27.61923542166194,94448200
2001-10-19,28.337160110473633,28.50608570721021,27.027992374243755,27.7543701848196,73434200
2001-10-22,29.097328186035156,29.139558786255265,28.058439955076825,28.24425524044295,74104900
2001-10-23,29.249343872070312,29.8997050466623,28.71722959795207,29.40982134814377,104062200
2001-10-24,29.882816314697266,30.136203025409063,28.98751316672962,29.224007000462386,90171400
2001-10-25,31.082199096679688,31.099091983177605,28.911513122521143,29.308487900250622,118551900
2001-10-26,30.41493797302246,31.301796600605382,30.41493797302246,30.828805547360354,93823900
2001-10-29,28.751014709472656,30.533172669331634,28.751014709472656,30.406477723356456,92146800
2001-10-30,28.19357681274414,28.793259649308776,27.737478646066283,28.472301322166437,96092200
2001-10-31,28.632770538330078,29.528070405595145,28.44695212573395,28.75101744744157,106175500
2001-11-01,29.84904670715332,30.0348652324517,28.531430587924838,29.088882941831393,92716000
2001-11-02,30.06865119934082,30.27980746681369,29.468968172995222,29.78992660171089,64917700
2001-11-05,31.048398971557617,31.386250101366976,30.54162549883074,30.6260866702895,64473000
2001-11-06,32.2562370300293,32.26468508681532,30.735912229496556,30.913282758127625,107214900
2001-11-07,32.21399688720703,32.805235029819436,31.673437404357518,31.76634666959515,92562100
2001-11-08,31.884578704833984,33.278210586025565,31.46226640410771,32.5602777415986,105916300
2001-11-09,31.86771583557129,32.163336657654185,31.352493827989562,31.74946879553421,74121900
2001-11-12,32.095733642578125,32.391350953122846,30.659871229960117,31.2511090730366,112994400
2001-11-13,33.244441986083984,33.362688975796445,32.62786609544843,32.965714177199914,97931800
2001-11-14,33.48091506958008,33.98769170890382,32.72075494357468,33.751194655091346,88660100
2001-11-15,33.345787048339844,33.87790157977804,32.89813693093276,33.07550736741617,86349700
2001-11-16,33.25288391113281,33.51471880973601,32.87280203315674,33.3457931726368,64035500
2001-11-19,34.19886779785156,34.19886779785156,33.354242794636534,33.607629651203304,69196300
2001-11-20,32.61940383911133,33.97925007274017,32.501156900880545,33.852558305487506,85176500
2001-11-21,32.45048522949219,32.89813859148275,32.078851454960734,32.49271904963349,60867900
2001-11-23,33.17686462402344,33.30355964622655,32.577181725836965,32.737659294904425,27046000
2001-11-26,33.99615478515625,34.08906404667111,32.9488184126094,33.43025760609448,75267500
2001-11-27,33.953914642333984,34.60427606823646,33.109289916017154,33.82721964459141,100289700
2001-11-28,32.72920608520508,34.09749715357846,32.67852744489961,33.556937878269835,101568200
2001-11-29,33.742774963378906,33.785005575951004,32.763009930555896,32.965718159697644,83774700
2001-11-30,33.48936080932617,33.81876383007584,33.24441894497867,33.55692909005059,66018200
2001-12-03,32.9150276184082,33.44713889236827,32.8305632100106,33.18530728130505,60449800
2001-12-04,34.486026763916016,34.49447159292716,32.46737109958484,33.227534590085064,79378700
2001-12-05,36.192176818847656,36.44556687443821,34.730976082353884,34.79854762304161,115773700
2001-12-06,36.24284744262695,36.521575153212666,35.77830448030511,36.06547702061114,77702100
2001-12-07,35.24618148803711,35.98100393193799,34.747852883095845,35.87964988981057,81632600
2001-12-10,34.629638671875,35.668527445392456,34.52828453401694,34.89991852082312,69088000
2001-12-11,34.82387161254883,35.693833913047335,34.73941044197141,35.0181348824666,66056500
2001-12-12,35.10260772705078,35.42356283011438,34.291765473131846,35.05192907930963,76093400
2001-12-13,33.5822868347168,34.62962319788887,33.5822868347168,34.38468118735826,79582600
2001-12-14,33.877899169921875,34.17351654303258,33.421801032561596,33.675187812654734,70006300
2001-12-17,34.4607048034668,34.83234192429136,33.80189823035298,33.80189823035298,62295500
2001-12-18,34.84922790527344,35.051939333552205,33.920141645468796,34.76476668965078,50850400
2001-12-19,34.21574020385742,34.899887271287966,34.055262694108706,34.257974010306036,79596200
2001-12-20,32.762996673583984,34.03837870033991,32.67008743032594,33.8694530964151,83048800
2001-12-21,33.345787048339844,33.54005036762948,33.06706253700704,33.295108399921176,56205000
2001-12-24,33.210655212402344,33.47249012602505,33.06707050692419,33.39647374606935,13660400
2001-12-26,33.52313232421875,34.03835358615421,33.07548254279278,33.252852846151875,37672900
2001-12-27,33.7934455871582,33.95392640281557,33.44714945830265,33.658305713019175,34255200
2001-12-28,34.06371307373047,34.46068446120145,33.979248677043984,34.02992731505587,38240400
2001-12-31,32.86434555053711,34.16506830649981,32.86434555053711,34.04682136904636,46176900
2002-01-02,33.877899169921875,33.91168493313101,32.88124170916618,33.421801032561596,61708800
2002-01-03,35.05192947387695,35.094160069809334,34.004593296018946,34.04682711393927,85769100
2002-01-04,35.195518493652344,35.71918825828664,34.57049786384647,35.432015659676594,86876900
2002-01-07,34.806983947753906,35.66005671950791,33.87789804428654,35.56714748476365,75166200
2002-01-08,35.043479919433594,35.27997380236464,34.494472580357964,34.71407358279571,66956800
2002-01-09,34.72251510620117,35.981003857473965,34.545144727348536,35.508016180533595,85123000
2002-01-10,34.95056915283203,35.08570896885607,34.35933124948161,34.77319552643575,75548000
2002-01-11,34.502933502197266,35.136402317209374,34.181978289089884,34.92524604553867,60832900
2002-01-14,33.7512092590332,34.359340200561505,33.53160820903032,34.1988626340974,71310700
2002-01-15,34.07217025756836,34.418466354587736,33.413363834455495,33.81033536587528,66916100
2002-01-16,32.75455093383789,33.73431563938988,32.74610610293998,33.3880195767893,90942000
2002-01-17,33.48936080932617,33.759640376197005,32.94879845359792,33.34577297705859,75285900
2002-01-18,32.594051361083984,33.32042876335208,32.28154127708002,32.79676260761837,81985600
2002-01-22,31.58896255493164,32.95725355788594,31.529839088395715,32.94036067859178,81773800
2002-01-23,32.45893096923828,32.67853199717862,31.546734648591006,31.800124663429393,74968800
2002-01-24,32.889678955078125,33.3711146928391,32.746094327529434,32.889678955078125,77251200
2002-01-25,32.79679489135742,33.06707467146429,32.39982005470521,32.49272933323991,58832100
2002-01-28,32.98259353637695,33.26976606017229,32.45047907893523,33.067057938662344,47795900
2002-01-29,32.07884216308594,33.278210779556886,31.681867567058717,33.0501617492,83339800
2002-01-30,32.323795318603516,32.81367608530547,31.12442628483696,32.09574620890167,101385500
2002-01-31,32.5264892578125,32.729200562843694,32.11262504210468,32.57716788956702,69655500
2002-02-01,32.21399688720703,32.8390208029947,31.842363048245158,32.433601190857566,61207100
2002-02-04,31.18353271484375,32.154852107663466,30.921701201047494,32.06194290393453,82763300
2002-02-05,30.66832160949707,31.529839122507706,30.566964333622444,30.904815475896637,86853800
2002-02-06,30.457170486450195,31.1582073728863,30.1531050525308,31.115976778617007,98507600
2002-02-07,29.72234344482422,30.87103360690224,29.561865904117436,30.39804581450848,97725900
2002-02-08,30.550085067749023,30.609211782683683,29.53653763325362,29.950402083875208,80483100
2002-02-11,30.93862533569336,31.0822100887206,30.389617607317906,30.524757525104047,57641200
2002-02-12,30.685222625732422,31.234226850025525,30.440280643730755,30.668329741940433,51477700
2002-02-13,31.208877563476562,31.377803116772892,30.921705089468887,31.014614304881214,60984700
2002-02-14,31.149763107299805,31.73255305154764,30.406492391137615,31.377812186871882,77482300
2002-02-15,30.220674514770508,31.175101447300566,30.10242755749895,31.107533138283074,79719900
2002-02-19,29.291584014892578,29.95039023098936,28.987518616082546,29.874373881286854,72437200
2002-02-20,29.688573837280273,29.705463504091174,28.65813017440447,29.477417560264023,106552700
2002-02-21,28.278038024902344,29.519637516660257,28.278038024902344,29.38449767702584,109307800
2002-02-22,28.421632766723633,28.886175876051315,27.94864160301454,28.3878469931754,99824200
2002-02-25,29.570316314697266,29.773027708258127,28.675015983273216,28.71724658385181,88994700
2002-02-26,29.460519790649414,29.92506287872507,29.029759252587795,29.756137240700678,94683300
2002-02-27,29.055099487304688,29.99263047270487,28.76792687623058,29.891276381145914,95159300
2002-02-28,28.531414031982422,29.53651922978487,28.50607632850394,29.14798951852351,95711200
2002-03-01,30.186914443969727,30.19535928063821,28.793281188374905,28.843959874356834,86081600
2002-03-04,31.37779998779297,31.445368269181458,29.899707182321986,30.153093876005403,105734600
2002-03-05,31.605859756469727,31.98594157634464,31.09064131395934,31.191995391929964,91452600
2002-03-06,31.757892608642578,32.05351323502965,30.913267770944763,31.318690528389205,86943400
2002-03-07,31.825450897216797,32.37445810203186,31.259550816039628,32.19708451122306,85496000
2002-03-08,32.6616325378418,32.96569791682969,32.20553769134719,32.28999886462728,84443700
2002-03-11,32.543399810791016,33.10085217491967,32.146428256722295,32.391367054938776,71035200
2002-03-12,32.095733642578125,32.095733642578125,31.521388677530922,31.732544819916306,82652100
2002-03-13,31.318674087524414,31.80855456079062,31.141300516009924,31.597398462213413,71376200
2002-03-14,31.132875442504883,31.588973678087388,31.02307329942278,31.30180107294156,70700500
2002-03-15,31.44538116455078,31.529845578407496,30.90482180381956,31.158208601413826,63966500
2002-03-18,31.622745513916016,32.045057835949024,31.293342418248244,31.783226258360443,78938300
2002-03-19,31.57208251953125,31.994395007725128,31.43694265218875,31.757897823384315,58947600
2002-03-20,30.457170486450195,31.31868814189254,30.440277604344917,31.141314490781017,61816500
2002-03-21,31.268014907836914,31.36936899602441,30.322035900114074,30.53319212999791,89198800
2002-03-22,30.980833053588867,31.369359627260682,30.803462646737046,31.200434049407203,58930100
2002-03-25,30.034862518310547,31.166660009964236,30.001076749129652,30.98928633275868,87421900
2002-03-26,30.313579559326172,30.761229613262795,29.899715266211647,29.916604924635205,92457500
2002-03-27,30.077096939086914,30.406500175469645,29.89972646134063,30.09398982582304,64531800
2002-03-28,30.457170486450195,30.719002104112487,30.322030651595778,30.42338472223964,59539400
2002-04-01,31.039960861206055,31.16665586780204,29.81525427806702,30.237566670736488,70730500
2002-04-02,29.637882232666016,30.533185616292428,29.56186587724502,30.389597735169357,77759800
2002-04-03,29.587200164794922,29.941944189707314,28.970624563053253,29.815249204669893,85766400
2002-04-04,29.359155654907227,29.697006852477745,28.95373615101529,29.139554631877854,90521500
2002-04-05,29.029748916625977,29.705448006154185,28.869271389734095,29.570308188248546,68426000
2002-04-08,29.392940521240234,29.392940521240238,28.227357469411835,28.26959128430895,74950700
2002-04-09,28.37093734741211,29.54496489779956,28.28647618542227,29.376039351833086,80910200
2002-04-10,28.582107543945312,28.928403633747127,27.982424621457255,28.514536003501842,85748700
2002-04-11,27.87261962890625,28.590549451764673,27.77126555059416,28.430071892604854,90665600
2002-04-12,28.31182098388672,28.54831487430741,27.83038515153739,28.142895395591534,78360100
2002-04-15,28.53986930847168,28.683453960526222,28.041540607950722,28.548314137774142,69306800
2002-04-16,29.730792999267578,29.747685881562298,29.063538647571537,29.080431529866253,72064700
2002-04-17,29.57876205444336,29.98418158786608,29.266251768219433,29.899720393315196,69130100
2002-04-18,29.012845993041992,29.68854807064469,28.717228750580535,29.37603473205824,91086100
2002-04-19,29.105775833129883,29.612552750764245,29.038207510638447,29.604104696709953,62286800
2002-04-22,28.37093734741211,28.725678094153583,28.083764885865143,28.725678094153583,64625600
2002-04-23,27.881059646606445,28.66656086740032,27.619228054333487,28.37094351419295,73070300
2002-04-24,27.450307846069336,28.13445513999479,27.19692103342632,28.0499907211217,68953900
2002-04-25,27.382732391357422,27.6445672194023,27.027991548833068,27.281378325205843,103073700
2002-04-26,26.217151641845703,27.686796825654756,26.191812320713424,27.585442763113196,100193400
2002-04-29,26.28472137451172,26.64790864230009,25.811730382566076,26.38607543636167,85326800
2002-04-30,26.799942016601562,27.188468615070214,26.132689324581193,26.208705678367462,95357900
2002-05-01,26.65635108947754,26.892846550023155,25.828619394058173,26.74926030808359,109975700
2002-05-02,25.769502639770508,27.019546947355096,25.72727043350444,26.5127717491199,85852200
2002-05-03,25.119138717651367,25.76950013191084,24.89953609942114,25.735714370185978,92103200
2002-05-06,24.468786239624023,25.321857702801054,24.367432139421542,25.026238623720797,96491200
2002-05-07,24.240734100341797,24.78973993655287,24.004238559838136,24.722170012265263,101954400
2002-05-08,26.833728790283203,26.92663641764026,25.338742590788172,25.448543099844287,129741500
2002-05-09,26.141128540039062,26.935074398602136,26.014433578082944,26.66479482028336,106477200
2002-05-10,24.96710777282715,26.25938425206017,24.916430737659354,26.191814334838476,112282800
2002-05-13,25.98065948486328,26.166476364077738,25.060018308266503,25.228943915547998,93971200
2002-05-14,27.509429931640625,27.57700146330851,26.91819352849247,27.070224641763264,107284700
2002-05-15,27.712141036987305,28.40473311995362,26.90130038573832,27.09556531541914,150522100
2002-05-16,27.75436782836914,27.91484535955047,27.21380854229783,27.484088185333487,89916300
2002-05-17,27.81350326538086,28.218922904361946,27.42497651410593,28.117568800113894,82695000
2002-05-20,27.205364227294922,27.619231799899147,26.977316754036103,27.53476738610852,78144200
2002-05-21,26.46209716796875,27.526324699712386,26.183371024725947,27.33206136584494,104180000
2002-05-22,26.521224975585938,26.68170417846624,25.685046409516502,26.158035963748898,89543100
2002-05-23,27.0533390045166,27.11246249956701,26.014450591788098,26.715489310661123,94445800
2002-05-24,26.38606834411621,26.76615000137673,26.191805101957872,26.681687231875134,55874600
2002-05-28,26.267839431762695,26.622582017939347,25.75261763467425,26.58034979875496,68829400
2002-05-29,25.575244903564453,26.09891148755811,25.54145913118071,25.896201686238534,73470200
2002-05-30,25.79483985900879,25.94687095618105,25.254278939863436,25.347188175074663,92080500
2002-05-31,25.372522354125977,26.21714690741656,25.338736598717478,25.98065145253754,79907400
2002-06-03,24.477224349975586,25.54989814639671,24.31674681078981,25.338741963368637,77043700
2002-06-04,24.798185348510742,25.068465034435548,24.164716730501734,24.282963690345337,98366200
2002-06-05,25.05156898498535,25.16981592988342,24.46877747899924,24.848859246162746,95347100
2002-06-06,24.392765045166016,24.924879604698802,23.56503307588619,24.924879604698802,91129700
2002-06-07,23.902873992919922,24.316741437883415,23.24406787847491,23.33697548300306,106049200
2002-06-10,23.860652923583984,24.282965364709366,23.767743671018284,23.953562176149685,73142900
2002-06-11,23.193395614624023,24.232285315203665,23.108934425677347,24.156268956356524,84609500
2002-06-12,23.53124237060547,23.61570354360199,22.66127843419622,23.00757439866152,152974400
2002-06-13,23.379209518432617,23.826859531766548,23.10048346090624,23.446779422954357,97556300
2002-06-14,23.328533172607422,23.412994347475685,22.129166124150526,22.686618255448018,122106800
2002-06-17,24.122488021850586,24.282967212769886,23.5734821288042,23.64949850287154,87618100
2002-06-18,24.511009216308594,24.620809718631126,23.88598713071827,23.911324840719132,100513400
2002-06-19,23.092044830322266,23.919776843369622,23.01602846065525,23.733959945846994,93507600
2002-06-20,22.348777770996094,23.18495797774263,21.681524827534957,23.032925212879626,99913200
2002-06-21,21.808218002319336,22.619058868296502,21.66463168287517,22.264316291492943,168755100
2002-06-24,22.23897361755371,22.635946741755973,21.292993017951652,21.495704412218927,219672100
2002-06-25,21.5041561126709,22.56838402304819,21.36901621398756,22.450137014448934,136336400
2002-06-26,21.664628982543945,21.77443112484169,20.600401384781136,20.63418715502481,149080300
2002-06-27,22.13762855529785,22.171414340904416,21.132525598426533,21.960258013848183,121371100
2002-06-28,22.04469871520996,22.59370429168783,21.833542600334376,22.00246652563886,87842000
2002-07-01,20.988920211791992,22.07848503433999,20.929796751552093,21.93489879761732,64753900
2002-07-02,20.228759765625,20.90445879959843,19.502382095858383,20.77776543210261,111629600
2002-07-03,20.904464721679688,20.904464721679688,19.950039364436332,20.14430269036287,101067000
2002-07-05,22.247421264648438,22.289651867661085,21.157854308184344,21.33522638502479,56768300
2002-07-08,21.436573028564453,22.42478393905463,21.183186276538738,22.129166598689192,97288500
2002-07-09,20.828445434570312,21.52103744615554,20.769321962019447,21.32677414749018,91039600
2002-07-10,20.18653678894043,21.140963922711776,20.12741329783844,21.10717815008532,115365200
2002-07-11,20.946697235107422,21.02271360629161,19.874024818052856,20.068288161748374,170271200
2002-07-12,20.946697235107422,21.55482820458094,20.735541006483377,21.32677909102837,130027800
2002-07-15,21.5970516204834,21.65617508706845,20.05983504529748,20.845336212198635,140207200
2002-07-16,21.276098251342773,21.977136740861713,21.031156296562067,21.326775286092825,148281700
2002-07-17,21.664628982543945,22.33188344590875,21.02271384686189,22.019371515131546,157954700
2002-07-18,20.887571334838867,21.59705630989878,20.710200896570885,21.43657714361299,114052300
2002-07-19,20.26254653930664,20.870675748739902,20.10206739380575,20.549719068731903,124116400
2002-07-22,19.76421356201172,20.693300861673286,19.50238041035034,20.144295242643906,150034800
2002-07-23,18.91959571838379,20.059839551956987,18.818241641751595,19.8064527493825,150786800
2002-07-24,19.95003890991211,19.98382306491509,18.277680545923822,18.42126682942297,186493600
2002-07-25,18.792903900146484,19.76422220649455,18.412822053273956,19.63752879453509,153915500
2002-07-26,19.14764404296875,19.291230321627737,18.590191810761848,19.054734800602954,96034200
2002-07-29,20.12740707397461,20.37234901679172,19.493938532060604,19.65441768042375,96735200
2002-07-30,20.53282356262207,20.85378181258621,19.924694430944044,20.042941359355268,117394300
2002-07-31,20.14430809020996,20.431480740729928,19.730442002341647,20.271001527558308,93831300
2002-08-01,19.19831657409668,20.186527410382446,19.139193110463154,20.051387604650508,85149700
2002-08-02,18.792903900146484,19.291232716715292,18.42971493780032,19.240555674130334,86706000
2002-08-05,18.108747482299805,18.852016241162204,17.990498971508625,18.67464589146521,84897800
2002-08-06,19.004053115844727,19.434811846456434,18.40437043524386,18.412815263398805,115364600
2002-08-07,19.257444381713867,19.73888186060155,18.54795943608288,19.595295583247804,125677100
2002-08-08,19.907806396484375,19.933145720592705,18.835132507474626,19.215214314129724,111697900
2002-08-09,19.705095291137695,20.0260519862918,19.325013510434545,19.59529478282004,93576900
2002-08-12,19.76421356201172,19.83178345956928,19.34190129952859,19.468594656074842,62870900
2002-08-13,19.088525772094727,20.161199934015137,19.046293554502757,19.620638825798547,88434400
2002-08-14,20.304786682128906,20.439926559298282,18.978724019538486,19.147649671497412,102613500
2002-08-15,20.71864891052246,20.735540183786636,20.034501597008767,20.473706921759607,120307800
2002-08-16,20.862226486206055,21.115613200211214,20.04293966300206,20.380789152006752,95853000
2002-08-19,21.369001388549805,21.613943291848635,20.845335047211044,20.921351388855953,76015900
2002-08-20,21.276098251342773,21.478808001336866,20.98892570276934,21.267651810385452,89981300
2002-08-21,21.74909019470215,21.833553003093982,21.115621548254513,21.44502472888918,101365500
2002-08-22,22.095382690429688,22.1376132823076,21.470360586872463,21.740640241276257,80345500
2002-08-23,21.2423152923584,21.799767581196875,21.0733912838888,21.79132113912428,75211200
2002-08-26,21.32677459716797,21.44502154476295,20.786215281312234,21.36900518959651,83335400
2002-08-27,20.583505630493164,21.54637731894262,20.397687156586187,21.478807404156587,92340400
2002-08-28,19.831790924072266,20.34701259374426,19.75577455933397,20.28788911250204,115562300
2002-08-29,20.09362030029297,20.456807530354556,19.44325896217059,19.595291650146585,97028200
2002-08-30,19.84023094177246,20.270989665483203,19.74732172362107,19.9500330379502,59474900
2002-09-03,19.12230110168457,19.789555332452238,18.868914357161497,19.477043510613054,81828100
2002-09-04,19.19831657409668,19.44325847885679,18.784450717668427,19.004053304731215,82717600
2002-09-05,18.725326538085938,19.00405257812537,18.522616837238488,18.91958980002389,91576600
2002-09-06,19.29966926574707,19.612179414317858,19.088513150390963,19.1391901669983,86008800
2002-09-09,19.493938446044922,19.738880387781244,18.911146938977296,19.147642440206113,72679500
2002-09-10,19.97537612915039,19.992269011730883,19.45170965710673,19.6206336499298,74615800
2002-09-11,19.806447982788086,20.566609818565976,19.781108664231166,20.37234654261042,73902800
2002-09-12,19.265884399414062,19.64596606891977,19.18142162719131,19.620626753954927,70763500
2002-09-13,19.417926788330078,19.49394316028697,19.020953654439566,19.08852358384634,79716100
2002-09-16,19.139198303222656,19.426370871065757,18.89425794300001,19.30812391171648,58853600
2002-09-17,18.733783721923828,19.603746485661503,18.733783721923828,19.46860660758586,89139700
2002-09-18,18.522619247436523,19.046285640017853,18.39592586929547,18.59018915651133,92358300
2002-09-19,18.227005004882812,18.691548048535555,18.201665678303996,18.328360700203948,86247700
2002-09-20,18.303022384643555,18.497285732829443,18.14254319610146,18.43816224520715,78116900
2002-09-23,17.75400161743164,18.176313730438142,17.57662969225262,18.11719029237609,72757500
2002-09-24,17.7624568939209,18.11719930985206,17.441498626129352,17.466837945479316,91507300
2002-09-25,18.471939086914062,18.61552532073071,17.821577815450798,18.032733946887436,98051900
2002-09-26,18.243898391723633,18.86047418984212,18.04963504891822,18.71688789059591,104453500
2002-09-27,17.998958587646484,18.75912077764153,17.998958587646484,18.201668397578874,92249700
2002-09-30,17.500629425048828,17.93983481181312,17.30636606163189,17.796248497332268,91502500
2002-10-01,18.564855575561523,18.57330201818119,17.28947173788725,17.661107158181643,102096000
2002-10-02,17.94827651977539,18.55640577954644,17.711781002145248,18.167879155218973,94829700
2002-10-03,17.51752281188965,18.074975199087145,17.466845761506526,17.787802561925478,74354800
2002-10-04,17.1881103515625,17.75400887888547,16.98540064772952,17.68643897760781,81837100
2002-10-07,17.027631759643555,17.390820594389872,16.765798585451808,17.11209454160677,79861800
2002-10-08,17.06141471862793,17.4077106179878,16.68977950553686,17.128984610917822,94103100
2002-10-09,16.94317626953125,17.34015103230669,16.757359358036837,16.841822176350394,103301000
2002-10-10,17.804697036743164,17.91449759086353,16.81648560568175,16.976964825698772,109610500
2002-10-11,18.767560958862305,18.90270078705801,18.091861817883775,18.2016623241701,124777400
2002-10-14,18.987163543701172,19.004056424939638,18.395927199299344,18.47194355387861,78890300
2002-10-15,19.899362564086914,19.95848605043063,19.578405804937816,19.798008476353168,118176000
2002-10-16,19.240554809570312,19.561511546178608,18.640870323783826,19.181429716384777,97441900
2002-10-17,19.890920639038086,20.110523360327424,19.071634864646533,19.933152861013657,95754500
2002-10-18,20.110515594482422,20.14430135901622,19.367246495671974,19.662865491367032,84941900
2002-10-21,20.515932083129883,20.651071888773927,19.679752320591227,19.865570761596956,85311500
2002-10-22,20.389236450195312,20.558162007316106,19.975370607342228,20.042940507991844,89947000
2002-10-23,20.77777099609375,20.80310870978185,19.992269651882584,20.144302377987195,88093500
2002-10-24,20.254104614257812,20.99737542470431,20.203427571589142,20.845342685704153,88674800
2002-10-25,20.862226486206055,20.9044570682091,20.26254223360347,20.26254223360347,71557300
2002-10-28,20.684864044189453,21.14940871558914,20.414584328244857,21.115622945598975,90272000
2002-10-29,20.203432083129883,20.66797523514845,19.738888931111312,20.53283535052507,90293800
2002-10-30,20.743982315063477,20.93824722167496,20.144299547462616,20.321669962332578,103531100
2002-10-31,20.735544204711914,21.14941189432443,20.575066606121553,20.82845347515486,81493100
2002-11-01,21.32677459716797,21.45346798544743,20.38924062411107,20.583505537866333,86658400
2002-11-04,21.875782012939453,22.65283689391694,21.79131921068221,22.002475410828335,110562400
2002-11-05,22.04469871520996,22.103822169616198,21.588600733801904,21.715294080528597,79603300
2002-11-06,22.357210159301758,22.475458685963382,21.65617188170956,22.20517910101122,116251700
2002-11-07,21.571720123291016,22.04470960314484,21.37745517730264,21.951800351193622,82711600
2002-11-08,21.174745559692383,21.850446432709322,21.081836307041453,21.529488075002895,76937600
2002-11-11,20.53282356262207,21.132507865979502,20.39768375558251,21.073384401773893,74384300
2002-11-12,21.056488037109375,21.453460953192486,20.608836493531417,20.608836493531417,88748800
2002-11-13,21.309885025024414,21.70685974387203,20.684862816257674,20.8622348761882,119341800
2002-11-14,22.04469871520996,22.314978284491783,21.55481659313833,21.605493609630347,85720100
2002-11-15,22.33188247680664,22.34032891900102,21.749090853347326,21.8757842642748,69291300
2002-11-18,22.00247573852539,22.61060663503964,21.951798700813864,22.55992798633413,76238000
2002-11-19,21.664628982543945,22.002478630009712,21.369009936888578,21.79132239896933,88139200
2002-11-20,22.585254669189453,22.593701105912704,21.571706427295762,21.58859768974918,75104700
2002-11-21,23.421443939208984,23.514353177260134,22.593712070552503,22.745744783365705,105472900
2002-11-22,23.413005828857422,23.598824371074937,23.07515613072708,23.117388349864896,73808600
2002-11-25,23.641050338745117,23.81842240231892,23.260970107076886,23.44678700182619,72666100
2002-11-26,22.84709930419922,23.539692966411884,22.720405911341086,23.463676608498226,80017900
2002-11-27,23.573474884033203,23.818416816527137,23.210286010883575,23.252518211827567,73643900
2002-11-29,23.413005828857422,23.894443461061897,22.990693303445887,23.82687191044139,34652100
2002-12-02,23.649492263793945,24.31674656879945,23.28630337484096,24.00423471219061,85136000
2002-12-03,22.948461532592773,23.294757657005192,22.74575172398509,23.26941832680635,76595500
2002-12-04,22.44167709350586,22.762635368394008,22.137611698557865,22.43323065353578,130115900
2002-12-05,22.129173278808594,22.804872562179202,22.07004818189377,22.76264196109135,84933200
2002-12-06,22.357210159301758,22.56836628641981,21.74063465475546,21.799758112589572,81727900
2002-12-09,21.30143165588379,22.424782300154163,21.28454038837859,22.146056248898912,75855200
2002-12-10,21.622386932373047,21.918005821507695,21.411230813133063,21.470354268761323,69578300
2002-12-11,21.723751068115234,22.019370094700736,21.38590144244355,21.4872571356421,64237600
2002-12-12,21.84199333190918,22.543031706665285,21.58860497765185,21.960240263966423,62296400
2002-12-13,21.14940071105957,21.59705071704544,21.124061393157255,21.554820131535156,72647800
2002-12-16,21.83355140686035,21.926459039404296,21.17474348276187,21.301436880590128,60278500
2002-12-17,21.901124954223633,22.129174074685828,21.673075833761438,21.799769252575693,62562700
2002-12-18,21.436573028564453,21.62239148364408,21.157846956938695,21.580159284310675,67130700
2002-12-19,21.166301727294922,21.77443274909061,20.95514548050349,21.259210991401332,95969700
2002-12-20,21.385908126831055,21.495710296365463,21.174751843412903,21.39435457148713,65578600
2002-12-23,21.681516647338867,21.75753300109024,21.225418524830616,21.26765072746683,45941700
2002-12-24,21.411239624023438,21.732196348507312,21.38590029932971,21.53793302550407,16772700
2002-12-26,21.352115631103516,21.88422854893634,21.259206387119228,21.563271832163107,33795400
2002-12-27,20.963581085205078,21.833544952159222,20.904457624430293,21.267646438896524,42490200
2002-12-30,20.8031063079834,21.090278843916053,20.575058856149436,20.980478338291835,57396400
2002-12-31,20.583505630493164,20.87067656008843,20.507489274984643,20.72709190078772,46015400
2003-01-02,21.453466415405273,21.58015979441285,20.651073941028123,20.879121378844278,65903200
2003-01-03,21.689964294433594,21.715302006431,21.35211470951906,21.50414581448518,39059500
2003-01-06,22.230525970458984,22.45857506840527,21.284547033117022,21.715304292356805,67223400
2003-01-07,22.509246826171875,22.745742310502727,22.171397284980433,22.30653710145701,88726100
2003-01-08,21.875782012939453,22.77953029180582,21.82510497598269,22.289647971906575,74989900
2003-01-09,22.55148696899414,22.787980925631487,22.146065765769357,22.16295865152753,75391100
2003-01-10,22.88932991027832,23.02446973468637,22.14605926504025,22.25586137924291,82594300
2003-01-13,22.75419044494629,23.201840516239503,22.576818415740558,23.08359357076489,72870300
2003-01-14,22.8724365234375,23.075146255564725,22.678173231523125,22.728850261806496,46993800
2003-01-15,22.585254669189453,23.10047603235609,22.45011490360363,23.00756683939343,55131000
2003-01-16,22.33188247680664,22.787979078344357,22.171403297101644,22.627501509633486,68740300
2003-01-17,21.37744903564453,21.90956345722552,21.343664888000937,21.875777698588283,77289400
2003-01-21,21.14095115661621,21.58015465858419,21.132504718560032,21.46190774778435,67729600
2003-01-22,21.056488037109375,21.56326303510468,21.005811020607837,21.08182573986349,80020200
2003-01-23,21.5463809967041,21.825107144146617,21.20853136510622,21.453471743891892,78471100
2003-01-24,20.963581085205078,21.56326535376393,20.811548408359354,21.56326535376393,74519700
2003-01-27,20.71864891052246,21.14096135101501,20.583509058444374,20.651078984483416,76561000
2003-01-28,20.929800033569336,21.157847471541597,20.625734634948028,20.92135359349722,65217200
2003-01-29,21.2423152923584,21.49570372155395,20.558169594419198,20.912912106497693,95717500
2003-01-30,20.69331169128418,21.47036672535585,20.684865248294955,21.385903906457873,70333800
2003-01-31,20.642629623413086,20.912909289350758,20.27944071818664,20.32167131186669,90505600
2003-02-03,20.684864044189453,20.938252486133152,20.59195478771068,20.710203371682077,53158800
2003-02-04,20.431474685668945,20.524382319659964,20.11896279589738,20.42302824421631,68235700
2003-02-05,20.33857536315918,20.99738361892823,20.27945185514044,20.549731669508837,80107700
2003-02-06,20.4483585357666,20.566607062190734,20.152741247189773,20.30477391616837,103552000
2003-02-07,20.110515594482422,20.65107655006576,19.97537575833507,20.575060190858633,72312400
2003-02-10,20.287887573242188,20.482150885725996,19.950037983923842,20.178085449842527,67572600
2003-02-11,20.397686004638672,20.78621420096185,20.20342271197396,20.48214879609969,77823300
2003-02-12,20.11896514892578,20.549724047425993,20.085180990157973,20.33012137695564,51753000
2003-02-13,20.220319747924805,20.254103904855913,19.69665162204293,20.14430338108721,77387400
2003-02-14,20.684864044189453,20.693310486686997,19.950041267839353,20.127411727305176,67510400
2003-02-18,21.32677459716797,21.40279095233441,20.845338755109726,20.862231636478676,73976800
2003-02-19,21.183191299438477,21.318331147362002,20.870679394244036,21.28454699087815,45541400
2003-02-20,21.098724365234375,21.34366629856114,20.980477424176627,21.242310626944676,59759800
2003-02-21,21.259206771850586,21.428132380152917,20.70175451984448,21.056497008484182,70228500
2003-02-24,20.896020889282227,21.29299403239717,20.870681561043057,21.225424101420284,56646600
2003-02-25,20.921358108520508,21.07339084064124,20.338566505722408,20.6510784118588,74440700
2003-02-26,20.456809997558594,21.064940822806506,20.439918727630214,20.845338203799624,60005600
2003-02-27,20.921358108520508,21.048051514956427,20.49904567973807,20.62573908617399,66424000
2003-02-28,21.25075340270996,21.30143042428264,20.87911815219223,20.955134490047982,50185800
2003-03-03,20.819997787475586,21.52103619893968,20.74398143831736,21.34366579156629,60414400
2003-03-04,20.69331169128418,20.921360819010427,20.625741758364658,20.82845155712323,56043500
2003-03-05,20.735544204711914,20.929809189364835,20.54128083105342,20.60885077019526,69096500
2003-03-06,20.684864044189453,20.845343229654375,20.465261372235922,20.634187000198388,59108600
2003-03-07,20.72709083557129,20.853784217909787,20.237206964806575,20.33856263727363,73291000
2003-03-10,20.279449462890625,20.651084969304858,20.194986628115405,20.549729245375676,55948000
2003-03-11,20.10207176208496,20.473707165215938,20.085180488619926,20.321674427071713,54934200
2003-03-12,20.465261459350586,20.47370790188408,19.882471423487097,20.06828832624143,77859800
2003-03-13,21.6392879486084,21.664625661412753,20.608844668059366,20.811554425463942,128537600
2003-03-14,21.723751068115234,21.94335372755035,21.419687210507764,21.732197510131286,89794400
2003-03-17,22.467023849487305,22.635947871817745,21.411242668693674,21.478812599824696,141040800
2003-03-18,22.74575424194336,22.779538408287376,22.31499524684407,22.635952076587614,96548700
2003-03-19,22.55148696899414,22.76264320798849,22.238975026445033,22.6781803901919,91315100
2003-03-20,22.635940551757812,22.92311306894674,22.103827717551095,22.41633955484271,92789700
2003-03-21,22.948461532592773,23.125832011001613,22.12917585476243,22.982245695196877,93304600
2003-03-24,21.99402618408203,22.467015526784568,21.934901106624782,22.357213422500458,85244500
2003-03-25,22.306541442871094,22.602160453071132,21.968691835925622,22.086938795608035,78731500
2003-03-26,22.433238983154297,22.61061106639802,22.264314954011173,22.38256193551079,67880200
2003-03-27,22.27275276184082,22.509246633149996,22.044703719369537,22.188289974518824,64113100
2003-03-28,22.027814865112305,22.323433869264445,21.918014349224123,22.078491902368853,45374700
2003-03-31,21.32677459716797,21.73219408405977,21.292988834430066,21.622393577149264,89345300
2003-04-01,21.495697021484375,21.68151385618126,21.32677145467368,21.487250582044478,73159500
2003-04-02,22.08693504333496,22.43323103299729,21.98558098396701,22.010918693312135,75843800
2003-04-03,22.36566925048828,22.67818120425542,22.22208293837813,22.500809119416147,70138200
2003-04-04,22.00247573852539,22.467020352361995,21.934905817912025,22.441681028009242,65665700
2003-04-07,22.0362606048584,22.97379462472051,22.01936772264609,22.897778265759047,83842700
2003-04-08,22.010923385620117,22.205188327644095,21.858890653163993,22.08693975184818,54250600
2003-04-09,21.5041561126709,22.19675010716634,21.461925498455354,22.04471731839892,76457100
2003-04-10,21.765979766845703,21.765979766845703,21.36900511110273,21.50414493957026,57017500
2003-04-11,21.5463809967041,22.095386849424923,21.419687586229163,21.977139881114194,67974500
2003-04-14,21.98558807373047,22.078495722945696,21.529489826514038,21.62239908672351,52476200
2003-04-15,22.196744918823242,22.348776061059716,21.833555921881807,21.934910016706127,64655700
2003-04-16,22.14605140686035,22.66127281146891,22.061590254820374,22.509240160207813,70711600
2003-04-17,22.65283966064453,22.787979516363976,22.086940910696548,22.095387353053283,70179900
2003-04-21,22.737295150756836,22.88932784222819,22.48390840563367,22.75418803003002,52729600
2003-04-22,23.16805648803711,23.1933941987768,22.50924862191029,22.576818535539157,70757200
2003-04-23,23.336977005004883,23.43833266591086,23.02446680494914,23.227176515767518,70327100
2003-04-24,23.21028709411621,23.438336156875682,23.032916674854725,23.10893302910788,72383900
2003-04-25,22.76263999938965,23.159613092784163,22.686623635187335,23.075150286893365,63277900
2003-04-28,23.21028709411621,23.33698048087353,22.76263702017409,22.847098204016426,59666200
2003-04-29,23.421443939208984,23.70017004236857,23.151164276871672,23.34542758280238,79903800
2003-04-30,23.184951782226562,23.47212434778593,23.16805889931272,23.353875778383024,60202100
2003-05-01,23.38766098022461,23.53969370079499,22.96534858352641,23.17650478187551,66022600
2003-05-02,23.885986328125,23.894432768172734,23.28630197268554,23.32008773287648,85004100
2003-05-05,23.860652923583984,24.24917959614216,23.793082997443687,23.92822284972428,80520300
2003-05-06,24.164724349975586,24.409664788455316,23.826873025046353,23.835319469269034,77338300
2003-05-07,23.894432067871094,24.23228160491017,23.750845813255278,23.995786123485985,70353200
2003-05-08,23.45522689819336,23.809969315346574,23.44678045838094,23.522796805699034,80249100
2003-05-09,23.995790481567383,24.054913959912934,23.649494441834324,23.68328020717119,58528200
2003-05-12,24.35898208618164,24.460336171364602,23.793083342428687,23.95356252346153,67487300
2003-05-13,24.206947326660156,24.48567345413694,24.105593249938057,24.18160800198263,64934300
2003-05-14,24.156265258789062,24.468775476441646,23.953555536556497,24.384314300423327,62181200
2003-05-15,24.426546096801758,24.47722312711845,24.122480692914106,24.282959835076337,62232100
2003-05-16,24.240734100341797,24.44344387320462,24.054915600305325,24.26607181507836,70590400
2003-05-19,23.38766098022461,24.22383933236777,23.320091061192656,24.088699494303864,91334800
2003-05-20,23.45522689819336,23.615704421648296,23.151161508920982,23.44678045838094,71817800
2003-05-21,23.38766098022461,23.43833801675009,23.17650478187551,23.353875215211662,63648500
2003-05-22,23.725515365600586,23.919778720665267,23.32854221251264,23.446789191944312,62401400
2003-05-23,23.733951568603516,23.86064493633223,23.607258200874803,23.683274543710745,37922500
2003-05-27,24.57857894897461,24.67993301022749,23.565028670483255,23.590367991293355,101422100
2003-05-28,24.654600143432617,24.831970590963763,24.460335201048977,24.62926081764499,76290400
2003-05-29,24.755952835083008,25.169818800420128,24.62925943524413,24.68838291443601,97336000
2003-05-30,25.16136932373047,25.228939231900195,24.874196811260703,24.94176671943043,78093700
2003-06-02,24.98399543762207,25.507663394981158,24.755946410498264,25.406307734817165,102937000
2003-06-03,25.220495223999023,25.237386494425003,24.77284353233679,24.865752769151968,81672600
2003-06-04,25.693483352661133,25.828623175330463,25.102245420237494,25.178261771863212,87046100
2003-06-05,25.879302978515625,25.913088743299284,25.313404306340797,25.448544143487567,88747900
2003-06-06,25.448545455932617,26.580342858651893,25.37253070323698,26.36074020921445,157178100
2003-06-09,25.110687255859375,25.524553088265822,24.941763313996002,25.33873626891807,94941800
2003-06-10,25.490772247314453,25.507665126987764,25.068459921443754,25.220492616516193,69660100
2003-06-11,25.77794647216797,25.87930053496111,25.169815651434007,25.397864709209244,87338200
2003-06-12,25.887746810913086,25.972209603366693,25.558343692437173,25.879300370568348,79450500
2003-06-13,25.30495834350586,25.955319828940233,25.220497151937934,25.896196350445102,83353600
2003-06-16,26.082008361816406,26.098901241376293,25.338739382111676,25.48232563638339,71211800
2003-06-17,25.98065948486328,26.276278492108908,25.811733877581787,26.200262129931634,67571200
2003-06-18,26.11579704284668,26.377630261344926,25.718823994736827,25.896194416979363,80215700
2003-06-19,25.693483352661133,26.386075346589887,25.65969759149692,26.166472732003786,79467200
2003-06-20,25.65970230102539,25.997553530700987,25.54990177907666,25.921537165123386,71512400
2003-06-23,25.262723922729492,25.651252111290095,24.967104964019107,25.61746635098321,86509400
2003-06-24,25.06846046447754,25.44854059939827,24.94176708617063,25.110691053581938,83004400
2003-06-25,24.933324813842773,25.490777060368227,24.8910926066854,25.060018213326924,94255300
2003-06-26,25.52456283569336,25.57524148749987,25.009342763613173,25.093803961302523,79187500
2003-06-27,25.195158004760742,25.820180170516505,25.144480967265405,25.549900489216064,82451900
2003-06-30,25.2965145111084,25.625917682001567,25.169819496770383,25.473884953591174,72043000
2003-07-01,25.634368896484375,25.659706615274317,24.713727523915498,25.085362972446482,105852500
2003-07-02,26.158031463623047,26.17492434754518,25.659702664878726,25.685041990761924,81972500
2003-07-03,25.828632354736328,26.26783774000059,25.735723089508873,25.92998806325667,50050400
2003-07-07,26.93507957458496,26.943526014404704,26.149578392279228,26.15802483209897,88554600
2003-07-08,27.264488220214844,27.28982915582398,26.70703757762784,26.842177420253904,81874500
2003-07-09,27.196908950805664,27.44185082373646,26.96885995414458,27.18001607453595,89588400
2003-07-10,26.690141677856445,27.01954480565192,26.462092615077815,26.90129785946766,102928700
2003-07-11,26.892850875854492,27.019544260064222,26.698587579333317,26.732371729992146,67728100
2003-07-14,27.21381378173828,27.661463922578935,27.08711876505336,27.315167861893347,84524600
2003-07-15,27.24759292602539,27.57699928389132,26.977314875683906,27.475641994399783,75059000
2003-07-16,27.16314125061035,27.450313894074064,26.79995222440657,27.416528119080958,80138700
2003-07-17,26.33539581298828,26.892847931268875,26.217148882138947,26.75770812144289,116260400
2003-07-18,26.41986083984375,26.64790828141463,26.11579543642425,26.521214900321088,80519000
2003-07-21,26.082008361816406,26.436750777605717,25.853960931732587,26.38607374991972,111325300
2003-07-22,26.47054100036621,26.60568083764617,26.065121488526337,26.276277685650513,91471500
2003-07-23,26.690141677856445,26.723925829197455,26.174920079207055,26.51276964758624,69050400
2003-07-24,26.33539581298828,27.044880620071513,26.25093302909864,26.9012943707572,82999700
2003-07-25,26.859071731567383,26.892857501543915,25.989109097595986,26.293172972413885,82709600
2003-07-28,26.93507957458496,27.019542361788723,26.690139263787096,26.909741866119404,56180800
2003-07-29,26.732376098632812,27.04488800101546,26.386080040070283,26.96887163586817,80560100
2003-07-30,26.538108825683594,26.808388478923884,26.462092471835536,26.78304915730993,56617300
2003-07-31,26.859071731567383,27.30672512878555,26.62257778570837,26.85062690006743,85544100
2003-08-01,26.571897506713867,26.850625259002356,26.43675765705561,26.76616245021743,73545400
2003-08-04,26.563446044921875,26.859063385385546,26.048224489838876,26.53810672531341,96344600
2003-08-05,25.516103744506836,26.588777177738578,25.423196150907252,26.52965372426795,111041800
2003-08-06,25.499231338500977,25.98911381512463,25.423214953249506,25.642817664976587,96816000
2003-08-07,25.600576400756836,25.76950199963698,25.355636054473926,25.524560042360164,67326600
2003-08-08,25.397872924804688,25.80329252910821,25.279625942964735,25.70193843352948,66677100
2003-08-11,25.676597595214844,25.8455232259113,25.364087272718866,25.406317874895876,63712200
2003-08-12,26.065126419067383,26.098910579281096,25.617474616527435,25.769507364974746,59676100
2003-08-13,26.073564529418945,26.242488498492175,25.88774606914655,26.166472148561418,57969700
2003-08-14,26.098905563354492,26.343847524554246,25.90464224922678,26.082012680997142,50271500
2003-08-15,26.326963424682617,26.428319141644312,26.124253601753693,26.183377098733654,28116300
2003-08-18,27.002643585205078,27.036427726112468,26.37762167398188,26.445191566789976,67224100
2003-08-19,27.340496063232422,27.348944113132223,26.901292517059147,27.120895095642535,68205000
2003-08-20,27.272932052612305,27.467195344953275,27.04488299934573,27.11245129920944,58233500
2003-08-21,27.56855010986328,27.720582815924022,27.25603986828846,27.526319518621428,77161400
2003-08-22,27.399616241455078,28.18511724469102,27.348940836076377,28.092208038847925,92989800
2003-08-25,27.45875358581543,27.48409452331018,27.205366764785605,27.332061786294638,43044700
2003-08-26,27.48409080505371,27.526321399180702,26.867513498239926,27.264486560412887,79838500
2003-08-27,27.703704833984375,27.729045779947825,27.340515754404976,27.441873094280144,47532100
2003-08-28,27.94863510131836,27.973972814590862,27.467199217213082,27.82194009097994,55311000
2003-08-29,28.202024459838867,28.26114794416651,27.855728385067714,27.906407038200655,53148800
2003-09-02,28.607446670532227,28.624339556475658,27.98242600056799,28.286491503572666,80303100
2003-09-03,28.590545654296875,28.886166241258497,28.421623286876095,28.801701835560475,85234800
2003-09-04,28.85237693786621,28.903055575065125,28.463850385302894,28.57365248824026,63736100
2003-09-05,28.66656494140625,29.004416154789787,28.438515855670556,28.69190587670219,91024100
2003-09-08,29.139558792114258,29.16489650785376,28.67501574562313,28.71724634585173,69296000
2003-09-09,28.793254852294922,29.046641606460796,28.649666984342247,28.987518137888337,87817500
2003-09-10,28.10067367553711,28.62434026478748,27.965533806634156,28.506093282245974,111624500
2003-09-11,28.41316032409668,28.53140720803036,27.881046124409195,28.1090950671324,96914900
2003-09-12,28.565210342407227,28.582103224965447,27.914848862861287,28.159790826973634,104963000
2003-09-15,28.286495208740234,28.64123619405317,28.244261377355294,28.582112696501014,54594200
2003-09-16,29.055099487304688,29.080437204697308,28.311828631232558,28.311828631232558,87463800
2003-09-17,28.936845779418945,29.1395571599455,28.74258245165788,28.995972482813094,79794700
2003-09-18,29.376049041748047,29.443620571218347,28.717242739351974,28.860827406494558,91469900
2003-09-19,29.20713233947754,29.44362629461874,29.021313819301746,29.38450280583344,69796000
2003-09-22,28.649682998657227,28.886180227129316,28.522991161751044,28.82705672550859,97477500
2003-09-23,29.156452178955078,29.190237948515374,28.64123047011965,28.691909124460096,77826500
2003-09-24,28.058433532714844,29.156444997052514,28.016199720173468,29.147996945749227,115057400
2003-09-25,27.69524383544922,28.497637920196315,27.669902904276196,28.193572522019526,117604800
2003-09-26,27.517871856689453,28.016197292832153,27.46719321922315,27.77970342863057,106581000
2003-09-29,27.990854263305664,28.016191966227836,27.408064542189223,27.669896064349377,96862800
2003-09-30,27.382732391357422,27.83883052202102,27.332056969275467,27.805044759307936,119122500
2003-10-01,27.999317169189453,28.06688548683037,27.38273814703163,27.54321894265696,106653600
2003-10-02,28.09221839904785,28.235806285210394,27.813493900713663,27.95707856488841,83911100
2003-10-03,28.87771987915039,29.11421700695319,28.565209614753766,28.590547326951707,112862800
2003-10-06,29.088871002197266,29.09731905278252,28.767915963677254,28.95373119071851,49162900
2003-10-07,29.26624870300293,29.26624870300293,28.725686159734035,28.852381160278934,80104600
2003-10-08,29.080419540405273,29.42671542970429,28.903049182419892,29.401377727702528,71387400
2003-10-09,29.300033569335938,29.789917506866406,29.08043253588336,29.48585205901825,118216100
2003-10-10,29.570316314697266,29.587209199326363,29.257806004029717,29.3676081431247,68356200
2003-10-13,29.76458740234375,29.87438633614426,29.494304429172697,29.6801229663563,60919800
2003-10-14,29.840595245361328,29.925056435192868,29.528081754611343,29.64632870917064,62274900
2003-10-15,29.71389389038086,30.27979082972402,29.587198910713525,30.237560243830636,97045200
2003-10-16,29.95039176940918,30.00951524199388,29.612543814923388,29.64632635498064,73955000
2003-10-17,29.23247528076172,29.97574627229786,29.22402722543217,29.908174717617726,97794400
2003-10-20,29.595651626586914,29.62943738942253,29.139553494269137,29.266248493908858,75544300
2003-10-21,29.773029327392578,29.941954960881862,29.511194434384766,29.68012006787405,73455600
2003-10-22,29.19868278503418,29.50274826715357,29.088880644938104,29.468962497587345,88141400
2003-10-23,28.860824584960938,29.147997113158997,28.759470522652077,28.843934926232418,95409600
2003-10-24,28.88617515563965,28.91151287417455,28.28649218906365,28.539879040378572,101778600
2003-10-27,28.894620895385742,29.09733231599791,28.751036189859864,28.953744388483308,63604500
2003-10-28,29.86593246459961,29.90816305881783,29.029752522332476,29.080431168587026,107375700
2003-10-29,29.832149505615234,29.908165871151148,29.62099329268082,29.730795425563386,74075200
2003-10-30,29.891273498535156,30.40649518242208,29.680117281990558,30.24601761776393,95062600
2003-10-31,29.71389389038086,29.975728678099333,29.612539839839297,29.933494870218773,55473200
2003-11-03,30.20377540588379,30.389593855856592,29.865927486463644,29.92505095291185,71141200
2003-11-04,30.00107765197754,30.296695086235918,29.941954165125864,30.14466234233493,60033900
2003-11-05,30.2713623046875,30.313592913325163,29.688572172714345,30.001082543019756,67412700
2003-11-06,30.355806350708008,30.38114727914723,29.849032889742855,30.229114596460263,90567400
2003-11-07,30.09397315979004,30.5585160108094,30.0686322327253,30.47405484589203,63505200
2003-11-10,29.72234344482422,30.186889629479072,29.63788225960753,30.15310386659732,68896400
2003-11-11,29.6125431060791,29.815251229520772,29.43516947058323,29.68855945786661,75607100
2003-11-12,30.24601936340332,30.372711167449154,29.68011899496919,29.705456711380688,80364600
2003-11-13,30.212221145629883,30.322023241486807,30.026402709870016,30.16154251169891,64243000
2003-11-14,29.595651626586914,30.423383484133428,29.519635271200617,30.246013062227963,90932200
2003-11-17,29.291584014892578,29.48584730369067,28.93683997561839,29.42672383414288,108063100
2003-11-18,28.615896224975586,29.53653761424098,28.565217564487952,29.452073180094924,108588500
2003-11-19,28.894620895385742,29.055101709783752,28.615896316781328,28.72569524854039,86320300
2003-11-20,28.615896224975586,29.291595588200483,28.556772732067703,28.649678776645295,117324500
2003-11-21,28.9115047454834,28.93684245689441,28.489192371365345,28.78481296644061,81787500
2003-11-24,29.71389389038086,29.773017355029033,29.114211193528117,29.156441779421503,92057500
2003-11-25,29.71389389038086,29.941942920589753,29.637877546977894,29.806803112538613,72519800
2003-11-26,29.84904670715332,30.001079460217706,29.401396502012954,29.89972536550431,72842900
2003-11-28,29.882816314697266,29.98417035458462,29.739228471368918,29.781459052823077,24802600
2003-12-01,30.322032928466797,30.414938954040394,29.9588439909011,30.16155214741011,82767300
2003-12-02,30.153106689453125,30.44872408737416,30.051752613307055,30.254460765599198,62504500
2003-12-03,29.773029327392578,30.507852127784222,29.77302932739258,30.271358174092306,107568500
2003-12-04,30.09397315979004,30.161541447326552,29.62943030877068,29.882817025509702,102334800
2003-12-05,29.595651626586914,29.984178233233457,29.52808010091568,29.789914929910186,87490200
2003-12-08,29.76458740234375,29.840603783738064,29.37605744077905,29.578768865160146,86961200
2003-12-09,29.080419540405273,29.95038167698869,29.012848039085213,29.933488801658676,109949500
2003-12-10,29.19023323059082,29.308480182951662,28.82704432148948,29.1395545844414,103504200
2003-12-11,29.815261840820312,29.891278219662173,29.131117653232256,29.13956248555305,108374700
2003-12-12,29.76458740234375,29.849048616342415,29.477414763963992,29.82371089654057,72189400
2003-12-15,29.376049041748047,30.398047482065174,29.266250139340613,30.347368834962452,106091400
2003-12-16,29.435171127319336,29.57875900966082,29.07198222855805,29.384495704600457,89854700
2003-12-17,29.485868453979492,29.56188485820876,29.198695729334446,29.401407214609083,68539900
2003-12-18,30.034862518310547,30.10243083468405,29.519640815260903,29.519640815260903,89978100
2003-12-19,29.95039176940918,30.110872528128464,29.730790760092795,30.077086766083603,89762300
2003-12-22,30.043302536010742,30.136211775377948,29.8068086336126,29.857484057276334,63580000
2003-12-23,30.2713623046875,30.42339507337422,30.009527375951723,30.068650872442237,66999800
2003-12-24,30.333892822265625,30.43528654326463,30.249395368726226,30.283194350141986,44840300
2003-12-26,30.291627883911133,30.49441845141641,30.266280271690494,30.38457342638244,25497600
2003-12-29,30.790159225463867,30.86620530485274,30.435279670480817,30.44372780230289,63296200
2003-12-30,30.891544342041016,30.908443822474815,30.67185431964795,30.86619350976716,48249400
2003-12-31,30.80704689025879,30.959138990671725,30.629607180859132,30.942239510265143,60494600
2004-01-02,30.722572326660156,31.08590332925887,30.604279111534687,30.97605824810735,55234100
2004-01-05,31.3393611907959,31.39850774540136,30.891536356427252,30.908435832492454,69717900
2004-01-06,31.55060386657715,31.61819855629035,31.221072099016297,31.330917095951882,60033000
2004-01-07,31.837907791137695,31.837907791137695,31.322484674693534,31.499924468576587,71830000
2004-01-08,32.091373443603516,32.10827292140428,31.770289811880644,31.981528449521463,76800900
2004-01-09,31.88014030456543,32.40401131376172,31.76184716280301,31.86324082384989,94296500
2004-01-12,32.38711929321289,32.404015552892446,31.837897379470256,31.98153814947405,77668400
2004-01-13,32.06604766845703,32.41247914110184,31.770311440481017,32.33643305085064,92973900
2004-01-14,32.17588424682617,32.319525033148196,31.897047581734494,32.17588424682617,68122400
2004-01-15,32.260353088378906,32.496939243754284,31.795628901786717,32.049114528723855,104427700
2004-01-16,32.58992004394531,32.640618513573344,32.251936692921355,32.4293797249954,77324100
2004-01-20,32.56456756591797,32.95324610537631,32.3702282961888,32.72510786093399,81998100
2004-01-21,32.42936706542969,32.665953384840556,32.10828332962432,32.43781519544571,112180300
2004-01-22,32.23503112792969,32.69130432997508,32.158985057047595,32.57301115821342,90061900
2004-01-23,32.11672592163086,32.496956171724385,31.922386732304457,32.28571750203313,88751300
2004-01-26,32.60679244995117,32.65749087746805,31.973076610594706,32.091369718221976,84538000
2004-01-27,31.888599395751953,32.64060874224745,31.84634907208597,32.539211833345675,97191600
2004-01-28,31.34783172607422,32.158991040830365,31.263337508593352,32.05759411195598,127959700
2004-01-29,31.466114044189453,31.525260614574034,30.97603877729283,31.466114044189457,143925900
2004-01-30,31.322494506835938,31.635127083229346,31.23800026129681,31.432339604635892,84264700
2004-02-02,31.237977981567383,31.66890348366796,31.111233480407268,31.432317186298746,94507900
2004-02-03,31.204187393188477,31.466124595040135,31.128141316731377,31.187287906948296,73488700
2004-02-04,30.697202682495117,31.145027596603544,30.697202682495117,30.942237070957695,109933000
2004-02-05,30.815507888793945,31.018295270662346,30.69721471216283,30.849303636940466,96784500
2004-02-06,31.373165130615234,31.499906386385277,30.86619043779708,30.92533700180563,107174100
2004-02-09,31.36472511291504,31.584415192825965,31.305578527534518,31.550616223109337,58817700
2004-02-10,31.415407180786133,31.609746320416072,31.28866272208399,31.314013547771705,65042700
2004-02-11,31.75340461730957,31.82944745903066,31.32247584140845,31.46611984112447,92503000
2004-02-12,31.474565505981445,31.854795801038613,31.466117376423146,31.702703683015745,70556400
2004-02-13,31.212636947631836,32.0829428008165,31.060544787783936,31.592867347251584,90570400
2004-02-17,31.635129928588867,31.787222162838024,31.44924192703368,31.499937189617302,69678600
2004-02-18,31.728065490722656,31.829459207021294,31.533726191463547,31.694266510873735,70972100
2004-02-19,31.246427536010742,32.02378761363976,31.111234899455262,31.9984367783035,100843800
2004-02-20,31.145048141479492,31.38163455809251,30.88311087790924,31.263341349786003,132347600
2004-02-23,30.798608779907227,31.288680978124486,30.511323966039402,31.26333336089265,125199800
2004-02-24,30.722572326660156,30.967610114133404,30.502882164357114,30.671873853071368,124521900
2004-02-25,30.908445358276367,30.98448818913746,30.69720667722717,30.78170086034826,74457100
2004-02-26,30.984477996826172,31.128121928776274,30.680297103702355,30.815489686172523,71327600
2004-02-27,30.900001525878906,31.212633947405312,30.646515691580543,31.060541802176843,99383900
2004-03-01,31.305578231811523,31.3224777165102,30.81550606853843,30.992945823003836,79700700
2004-03-02,30.94223976135254,31.415415546837618,30.93379163270385,31.24642396464678,91536000
2004-03-03,30.77325439453125,30.95069736445582,30.595814647853665,30.84930046071407,83938300
2004-03-04,31.0605411529541,31.119690962193065,30.74790873796229,30.790155838921102,65905600
2004-03-05,30.95071029663086,31.390087393356318,30.722572002759083,30.773267252565034,118107100
2004-03-08,30.22402572631836,31.11122739104869,30.19022676952488,31.001382393092843,112599500
2004-03-09,30.13109588623047,30.401481234788253,30.01280269914239,30.257840428537758,126140400
2004-03-10,29.733957290649414,30.41837181689843,29.68326206716578,30.207133123725523,134226100
2004-03-11,29.463571548461914,30.021241560559893,29.404424973182326,29.632563144937855,152132000
2004-03-12,30.004350662231445,30.071948609458882,29.700169569450562,29.725517188037088,118369600
2004-03-15,29.480472564697266,29.91140131930023,29.412877856536998,29.877602353596703,115813600
2004-03-16,29.531173706054688,29.784659525451673,29.260788402264964,29.666366357949553,123265100
2004-03-17,29.99590492248535,30.097298628164655,29.725519558508687,29.750867179116565,91684700
2004-03-18,29.860700607299805,29.962094273477938,29.548068256356743,29.886048218032705,111249700
2004-03-19,29.3621826171875,29.96209981938382,29.33683500176282,29.810007680341496,99976700
2004-03-22,28.990406036376953,29.19319342314628,28.753816454149536,29.17629393704094,133870400
2004-03-23,28.753807067871094,29.277681296383136,28.73690758728235,29.226982854616903,125945800
2004-03-24,29.083328247070312,29.260771116747907,28.736897079787642,28.85519340065443,118876800
2004-03-25,29.860700607299805,29.962094273477938,29.252332163737925,29.27768299771736,142122000
2004-03-26,29.75931739807129,30.06350172673775,29.742417910562303,29.82691212485958,78430800
2004-03-29,30.24091911315918,30.384559815728426,29.98743343476062,30.00432968650795,103864000
2004-03-30,30.342330932617188,30.36767854868146,30.012799030792788,30.139540334361367,95716500
2004-03-31,30.283178329467773,30.41837096036174,30.088839124010608,30.350773033291475,85993900
2004-04-01,30.55357551574707,30.62962160175721,30.232491683343397,30.257842527511997,93048600
2004-04-02,31.34783172607422,31.398530190511412,30.857759462839173,31.170391935415726,145964000
2004-04-05,31.643556594848633,31.685803688450573,31.23797869442606,31.271774435359635,67351600
2004-04-06,31.246427536010742,31.474565714556864,31.195729088584923,31.39851965504149,98611400
2004-04-07,31.212636947631836,31.356280975598214,30.97605057597847,31.25488727678214,91004900
2004-04-08,31.212636947631836,31.592867347251584,31.0436485240209,31.559068373230367,77176300
2004-04-12,31.406972885131836,31.46612269502454,31.246432610415148,31.28023158085463,55285700
2004-04-13,30.95071029663086,31.567527214173808,30.807066234601223,31.550627723155714,100624400
2004-04-14,31.102779388427734,31.221072514434226,30.722549181088336,30.76479626562695,113663200
2004-04-15,30.545106887817383,31.145023817556503,30.435261898785566,31.05207830554848,123565500
2004-04-16,30.49443244934082,30.688771753149386,30.240946541036088,30.587378034477133,110736600
2004-04-19,30.866180419921875,30.916878839722898,30.40145618643651,30.426803784714544,85838700
2004-04-20,30.14798927307129,31.085889671270756,30.114190305528776,30.93379754057641,119545100
2004-04-21,30.409931182861328,30.511324878066848,30.122646360406144,30.333885105645322,117850500
2004-04-22,31.195724487304688,31.271770535603487,30.40146826759762,30.41836774758027,137623300
2004-04-23,31.440792083740234,31.48303921234665,31.17885795243088,31.330950194013415,91855600
2004-04-26,31.212636947631836,31.508373135446114,30.96760244409695,31.415427568511557,74392200
2004-04-27,31.153484344482422,31.423869637993352,31.00139221397665,31.22108227948363,87548500
2004-04-28,30.587379455566406,31.026756554557224,30.435287258867728,31.018305197380435,111740700
2004-04-29,30.11419105529785,30.70566010903009,29.826906270527736,30.49442139150051,156917100
2004-04-30,29.37906837463379,30.24937047887191,29.33682129425006,30.13107736449923,150829200
2004-05-03,29.657913208007812,30.012795912269087,29.480473467500612,29.573419014408252,117007200
2004-05-04,29.784656524658203,30.207133922171085,29.598765438313578,29.750857559277954,126176000
2004-05-05,30.0212459564209,30.164889962594835,29.742412521167026,29.928300403587247,97528500
2004-05-06,29.793102264404297,29.945194373167986,29.44667095516401,29.767754654025847,102733300
2004-05-07,29.548072814941406,30.11419103029203,29.497374362407474,29.649466496762244,137686000
2004-05-10,29.29458999633789,29.4889324940305,29.08335123412635,29.29458999633789,156951400
2004-05-11,29.733957290649414,29.894500760338687,29.505819115233077,29.548069432464988,120493600
2004-05-12,29.793102264404297,29.818453098029238,28.95659888945051,29.67480911830954,197765400
2004-05-13,29.581865310668945,29.95364747525247,29.50581925184474,29.624115628096476,137841700
2004-05-14,29.3621826171875,29.8353585190133,29.26923706296751,29.74241296479331,133689900
2004-05-17,29.083328247070312,29.286118716739637,28.821394451835346,29.0495325214964,150652400
2004-05-18,29.345287322998047,29.488931351826903,29.235442268393346,29.286140729729574,96686400
2004-05-19,29.311479568481445,30.004342216290706,29.260784345578628,29.708609338535517,141646900
2004-05-20,29.446672439575195,29.590316426536006,29.201638005989466,29.387525863546227,94938500
2004-05-21,29.590312957763672,29.717054224434015,29.353726681382014,29.581861606037887,111329200
2004-05-24,29.793102264404297,29.96209385450245,29.573415453549245,29.826901227073225,99861800
2004-05-25,30.38457489013672,30.48597179039744,29.5311719307137,29.700163541234687,146321400
2004-05-26,30.578920364379883,30.578920364379883,30.257839784333232,30.300086889787,93789700
2004-05-27,30.77325439453125,30.840852330359084,30.46907335304696,30.6634125836815,110183400
2004-05-28,30.883106231689453,30.883106231689453,30.59582138763081,30.73946542128398,56379500
2004-06-01,30.84086036682129,30.883107476098875,30.51132840190915,30.646521085546127,90592700
2004-06-02,30.77325439453125,30.976044978767764,30.562015679939748,30.89155078222996,103519800
2004-06-03,30.4014892578125,30.722573152677512,30.266296547855934,30.67187467772563,97301400
2004-06-04,30.578920364379883,30.942251273127834,30.562020877548868,30.705664903988716,91233200
2004-06-07,31.305578231811523,31.347825331934647,30.705661029620597,30.790155229866848,107532600
2004-06-08,31.34783172607422,31.423877811106113,31.136592959124265,31.178843291112486,72530900
2004-06-09,30.908445358276367,31.305571886841246,30.840847433182315,31.24642531400719,98215200
2004-06-10,31.128129959106445,31.128129959106445,30.883092332901093,31.001385470173677,57101300
2004-06-14,30.68875503540039,30.933792676684533,30.502863966392223,30.933792676684533,85129900
2004-06-15,31.08588409423828,31.25487567838557,30.891544900605133,30.891544900605133,91937700
2004-06-16,31.035188674926758,31.178832663579474,30.96759396863177,31.068987639697596,64743300
2004-06-17,30.747907638549805,30.97604584346676,30.629614470795918,30.967597712875946,77844200
2004-06-18,30.790159225463867,31.128142516802765,30.638067066686116,30.671866040469517,78641500
2004-06-21,30.545106887817383,30.950684666651394,30.469060852833152,30.85773915464337,65373100
2004-06-22,30.992944717407227,31.009844201503054,30.435274635232926,30.553567800656715,101524300
2004-06-23,31.36472511291504,31.423871698295557,30.849302106101504,30.90000056067645,94393900
2004-06-24,31.305578231811523,31.559064055797407,31.19573319289369,31.280230616387072,92343200
2004-06-25,31.542160034179688,31.592855252556287,31.246423959582074,31.263323440123052,81005400
2004-06-28,31.280237197875977,31.702714734492485,31.1788434915974,31.677367113734793,94033200
2004-06-29,31.575963973999023,31.761855084989413,31.33092950062199,31.347825762305504,68265900
2004-06-30,31.888599395751953,32.0237920510405,31.559064276691913,31.643561700776726,97809500
2004-07-01,31.297128677368164,31.820999786207526,31.068990479184816,31.820999786207526,122141800
2004-07-02,31.111242294311523,31.305581554099756,30.95070200750754,31.29713342247743,74056400
2004-07-06,30.443735122680664,30.925359333537102,30.274746659624476,30.925359333537102,130232600
2004-07-07,30.50286865234375,30.663412135967278,30.350776522198796,30.384575489619216,95623100
2004-07-08,30.16489601135254,30.528226941696456,30.038151464210156,30.25784158282392,108755400
2004-07-09,30.207149505615234,30.45218729616348,30.105755780413634,30.28319560532854,86014700
2004-07-12,30.08039665222168,30.15644273100374,29.77621556034096,30.055049033710166,81844500
2004-07-13,30.038143157958984,30.257833215823293,29.91984999906905,30.14798818689114,81222000
2004-07-14,29.733957290649414,30.122638935755024,29.615664138192056,29.742408643394462,119489200
2004-07-15,29.632570266723633,29.98745302693902,29.624122135330417,29.84380900727527,90405700
2004-07-16,29.29458999633789,29.953657126246352,29.252342888545126,29.936757638479705,120387100
2004-07-19,29.235429763793945,29.54806530677527,29.12558797941844,29.3875218595021,106387900
2004-07-20,29.936750411987305,30.071943058238357,29.32838189223409,29.353732729388433,117453700
2004-07-21,29.066450119018555,30.122643753819414,29.01575166417913,30.055045814033516,136086800
2004-07-22,29.463571548461914,29.666362108882364,28.939700500308447,29.134039708119467,132135800
2004-07-23,28.905912399291992,29.286142828442934,28.753820227631614,29.252343851796667,107107100
2004-07-26,28.779163360595703,29.074896268891735,28.474979098778665,28.93125549150422,112962200
2004-07-27,29.176292419433594,29.328384563223207,28.762266312754168,28.88900761708069,103474700
2004-07-28,29.049543380737305,29.260782054953623,28.567919461383802,29.074890990204423,154299800
2004-07-29,29.387523651123047,29.505816794275347,29.150937364818443,29.328377079546893,98959800
2004-07-30,29.480472564697266,29.65791229977059,29.277685216969687,29.370627537784205,83007800
2004-08-02,29.539621353149414,29.590319805497852,29.117143919986816,29.243888439234404,81249000
2004-08-03,28.92280387878418,29.5142729133226,28.889004911496972,29.438226848549846,85746500
2004-08-04,28.93126106262207,29.117148973669046,28.736918573179086,28.85521498252408,86721000
2004-08-05,28.39047622680664,29.06644255578717,28.39047622680664,29.02419224279113,109722900
2004-08-06,27.646915435791016,28.22993294715238,27.59621699961986,28.22148481941352,148808600
2004-08-09,27.714508056640625,27.84970065308294,27.587766810551688,27.722959406994004,79281900
2004-08-10,28.06094741821289,28.289085595179664,27.815909758887834,27.849708723604397,105819800
2004-08-11,27.815919876098633,27.917316807128426,27.5032873968764,27.756773277955176,121217700
2004-08-12,27.43568992614746,27.76522186096485,27.35119249206125,27.62157783464206,113691800
2004-08-13,27.477933883666992,27.663824994113252,27.334289873800206,27.587778923771342,91416100
2004-08-16,27.790563583374023,28.0440493853567,27.537077781391346,27.553977264623104,77851300
2004-08-17,28.103200912475586,28.255293065089642,27.875065906801915,27.98490773227519,89573100
2004-08-18,28.601728439331055,28.652426904979986,27.891966036485353,27.934216369483394,106608500
2004-08-19,28.44962501525879,28.601717128813053,28.229938197484067,28.50032346085907,104690200
2004-08-20,28.736915588378906,28.84676063116626,28.314438125770735,28.365136581652724,91962400
2004-08-23,28.804506301879883,28.956598408115397,28.65241419564437,28.770707339772784,83390800
2004-08-24,28.79606056213379,28.99039977550394,28.567922383852302,28.93970132813693,86610500
2004-08-25,29.19318389892578,29.235430988782408,28.64396528429692,28.787606034458726,88394600
2004-08-26,29.066450119018555,29.193191421246354,28.990404048383006,29.1171453506108,57663400
2004-08-27,29.20163917541504,29.303032849347076,29.100242278236227,29.12559311415432,58597200
2004-08-30,28.711572647094727,29.09180307000349,28.677773671003333,29.074903581957795,62355700
2004-08-31,28.7453556060791,28.829849775979095,28.43272330955396,28.7453556060791,81262000
2004-09-01,28.956600189208984,29.125591786892564,28.559470418139565,28.669315440120887,96630600
2004-09-02,29.387523651123047,29.472021055693553,28.863652635771533,28.880552116685635,83054000
2004-09-03,28.84674835205078,29.294573240351944,28.77070231222173,29.100234077065668,90213700
2004-09-07,29.091796875,29.24388901177598,28.829859700942016,29.066449259953032,95556500
2004-09-08,28.981956481933594,29.303040291384658,28.88056278225079,28.990407837134924,101466100
2004-09-09,29.226987838745117,29.362180483263362,28.846757518772904,29.108694677697518,104397500
2004-09-10,29.674821853637695,29.73396845206859,29.125602979172534,29.243896176034326,108591600
2004-09-13,30.063493728637695,30.181786886482204,29.69171154884431,29.784657093792656,109350500
2004-09-14,30.10574722290039,30.18179330099771,29.87760898860843,29.95365506670575,76466300
2004-09-15,29.784656524658203,29.953648128312707,29.674811498795766,29.928297292654147,90128700
2004-09-16,29.843801498413086,30.055040185815923,29.683261256355696,29.793103053067636,67121000
2004-09-17,29.936750411987305,30.012796476956456,29.70861221707985,29.767758798361754,83903400
2004-09-20,29.936750411987305,30.22403518817666,29.725511700767097,29.8184572494235,110678100
2004-09-21,30.05503273010254,30.29161896986517,29.928288259803544,30.02968512534105,93688400
2004-09-22,29.531173706054688,29.96209927670485,29.46357576848372,29.94519979231211,101393400
2004-09-23,29.50582504272461,29.700167515942642,29.472029294695105,29.556523499639834,92503200
2004-09-24,29.404430389404297,29.73396229044569,29.36218328831515,29.56497388608912,103247400
2004-09-27,29.150943756103516,29.353734348287748,29.049550071634958,29.252337440572077,86017600
2004-09-28,29.21009063720703,29.311484322705002,28.922805842256817,29.193191152416176,87070300
2004-09-29,29.641008377075195,29.674804110794728,29.176280776914744,29.184732127779085,95096200
2004-09-30,29.69171905517578,29.801564110906984,29.480480298979884,29.590325354711087,74514600
2004-10-01,30.50286865234375,30.545118973242747,29.877603871300664,29.953649936373143,118252700
2004-10-04,30.68032455444336,30.94225860426516,30.629626081938348,30.722571669906717,108032600
2004-10-05,30.722572326660156,30.832417407811676,30.553580637945903,30.612727245508633,89754400
2004-10-06,30.967592239379883,31.001387979016855,30.51131591019243,30.68030750136332,87815500
2004-10-07,30.62116241455078,30.984490001824405,30.562012615009806,30.874648201990208,82374300
2004-10-08,30.063493728637695,30.621163775080962,29.995895796585515,30.485971134223405,115073000
2004-10-11,30.207149505615234,30.300095096736875,30.080404931676927,30.181801880126937,51181600
2004-10-12,30.156435012817383,30.28317951943122,29.742408974606022,29.93674818769966,97884100
2004-10-13,30.088842391967773,30.536667426083707,29.936750262787474,30.460621361493555,132442500
2004-10-14,29.953645706176758,30.2324790898997,29.852252041481734,30.156433035566813,99383700
2004-10-15,30.10574722290039,30.300086483982987,29.810011042189704,29.987454039915114,129183400
2004-10-18,30.53667449951172,30.62962006923454,29.911409577599834,30.004351924074985,108933400
2004-10-19,30.31696128845215,30.89997859704445,30.240915272266644,30.739438439872767,129973500
2004-10-20,30.460617065429688,30.612709173159423,30.12263711077752,30.27472921850726,106524200
2004-10-21,30.92536163330078,31.08590519769063,30.502883997746135,30.621180443230227,122627600
2004-10-22,30.249370574951172,30.992931440399847,30.19867536762793,30.93378488302564,114321100
2004-10-25,30.10574722290039,30.25783937909503,29.987454039915114,30.190241432676306,102863000
2004-10-26,30.26627540588379,30.283174885729583,29.919844127160516,30.12263466206384,98164500
2004-10-27,31.035188674926758,31.17038131076342,30.173334412750535,30.283179436632413,152423400
2004-10-28,31.229543685913086,31.364736390141132,30.90001167081025,30.99295725932609,111113900
2004-10-29,31.17885971069336,31.466144713966802,30.984517106295588,31.187307847591335,100779200
2004-11-01,31.297128677368164,31.415421841630568,31.094338093456194,31.246430225578425,72356000
2004-11-02,31.398523330688477,31.728055219415964,31.280230162760365,31.339376746724422,108930700
2004-11-03,31.609752655029297,32.02378184294858,31.39006586893176,31.905485486938698,140980100
2004-11-04,31.787189483642578,31.922382083627795,31.35626407845402,31.48300532786438,112513700
2004-11-05,32.07449722290039,32.24348890019744,31.778764205066672,32.12519569306395,117017900
2004-11-08,32.1082878112793,32.19278201622058,31.981543280620063,32.06604070880866,66486000
2004-11-09,32.04068374633789,32.2350261824127,31.94774142796098,32.049135099165504,85038700
2004-11-10,31.93084144592285,32.15897961999831,31.812548294160756,32.04913459768495,95122300
2004-11-11,32.35331344604492,32.42935949141567,31.989982698523175,32.03222978523001,99338800
2004-11-12,32.665958404541016,32.750452610672674,32.251929058702224,32.395573077022874,102418100
2004-11-15,32.809608459472656,32.834956081326375,32.530771726090016,32.649064925737946,82696000
2004-11-16,32.60679244995117,32.68283847960377,32.378654360993394,32.665939003764805,97197500
2004-11-17,33.046173095703125,33.223612778319385,32.80958685221478,32.80958685221478,125242500
2004-11-18,33.19828414916992,33.25743074384997,32.86030084535734,32.93634692755278,94901100
2004-11-19,32.6828498840332,33.19827279561527,32.60680382784492,33.15602570289879,118448900
2004-11-22,32.995487213134766,33.0123866974188,32.51386319240459,32.623708228627265,79882600
2004-11-23,32.944786071777344,33.079978698542995,32.6237023744915,32.96168232978239,91925300
2004-11-24,33.232078552246094,33.28277378457014,33.01238846801782,33.02928795320824,74051700
2004-11-26,33.130672454833984,33.35881060677712,33.09687349382471,33.26586507562477,31248900
2004-11-29,33.122230529785156,33.49400950078003,32.92789130245282,33.341917370998736,94765400
2004-11-30,33.05464553833008,33.282783822334245,33.00395029071684,33.20673772766619,87663100
2004-12-01,33.7306022644043,33.764401238195695,33.181383444908036,33.181383444908036,102375000
2004-12-02,33.857337951660156,34.127723224797336,33.59540080813808,33.64609925556882,122005600
2004-12-03,33.908042907714844,34.29672140955025,33.86579580503662,34.093930804148506,114227700
2004-12-06,34.02634048461914,34.161533164620266,33.72215614880468,33.8995959369472,70415100
2004-12-07,33.44330978393555,34.22066658892061,33.40105946880882,34.093922090033416,121439800
2004-12-08,33.637657165527344,33.78129795750145,33.37571997497498,33.46021417928359,10121300
2004-12-09,33.84044647216797,33.958739654235,33.15603499785229,33.36727374389984,134346000
2004-12-10,33.739036560058594,33.857329685268574,33.57849635059448,33.66299051910276,86177300
2004-12-13,34.0347900390625,34.08548850489922,33.781304156374674,33.992542929155846,74296400
2004-12-14,34.20376968383789,34.296715226923205,34.00943046795348,34.03477808034157,91985000
2004-12-15,34.0770378112793,34.37277078164903,33.924945648446965,34.21223048676941,95179300
2004-12-16,33.75595474243164,34.178432265557824,33.64610968390947,34.08548669475043,86101300
2004-12-17,33.66978454589844,33.959820814688875,33.635661866248306,33.81480105323474,97947000
2004-12-20,33.439453125,33.92568980115739,33.3456174060719,33.75507969893512,106397600
2004-12-21,33.84892272949219,33.874513111412284,33.50770245134143,33.601538190538776,83184700
2004-12-22,33.8915901184082,34.06220033635464,33.68686046016787,33.72951220112467,75298000
2004-12-23,33.91718673706055,34.04514523753472,33.72951839158357,33.78923149070622,45782000
2004-12-27,33.77216720581055,34.13897807090212,33.61008927286387,34.10485537319138,67157700
2004-12-28,34.096309661865234,34.12190004558167,33.78921204079612,33.840392808229,62563100
2004-12-29,34.138954162597656,34.25838026682881,34.036589395273424,34.05364747806306,46594800
2004-12-30,34.113372802734375,34.22426664077006,34.06218877848227,34.18161491428571,41717600
2004-12-31,34.05365753173828,34.2242676970595,33.934231392248904,34.147493285370864,44112300
2005-01-03,33.69535827636719,34.36926622288243,33.584461249368374,34.19865616306492,100970900
2005-01-04,33.08119583129883,33.9001242713639,32.88499520888182,33.840407925818404,136623200
2005-01-05,32.87646484375,33.23474337794191,32.81675175471801,32.99589102181397,127925500
2005-01-06,32.714385986328125,33.0214837540191,32.7058569390565,32.953241613487506,102934600
2005-01-07,32.88497543334961,33.15795033117677,32.59493919764356,32.89350772934778,123104000
2005-01-10,32.86793518066406,33.15797160243211,32.74850899301596,32.79116073801606,88764200
2005-01-11,32.63760757446289,32.842340479393606,32.475529663060456,32.7314433536345,106398800
2005-01-12,32.910587310791016,32.927645404008366,32.424347046995486,32.78262883282599,127754900
2005-01-13,32.47551727294922,33.14089326541025,32.42433325271457,32.91057330964904,101982400
2005-01-14,32.78262710571289,32.859401537623285,32.57789420257881,32.58642650285724,93460900
2005-01-18,33.03000259399414,33.089715662917975,32.603478813613506,32.65465958462354,91760400
2005-01-19,32.48405075073242,33.055591020595756,32.46698941003408,33.038529679897415,104981000
2005-01-20,31.861331939697266,32.25373637510389,31.835741548692944,32.11724886621604,120963900
2005-01-21,31.60541343688965,32.03193724374138,31.554232662703214,31.97222417111161,138569200
2005-01-24,31.16182518005371,31.733368716386703,31.102112113378062,31.665123352118492,137499000
2005-01-25,31.315380096435547,31.639539131626407,31.272728362517494,31.36656412960843,119171300
2005-01-26,31.690711975097656,31.810138089547408,31.409204773222474,31.528630887672225,107465800
2005-01-27,31.6480655670166,31.79308535532188,31.45186500387759,31.639536522583793,103654700
2005-01-28,31.4945125579834,31.793081139435408,31.238598955394544,31.750429414690267,111648600
2005-01-31,31.903993606567383,32.014887493538176,31.78456416394414,31.86987090867503,89139900
2005-02-01,32.00632858276367,32.11722562038206,31.87837021211811,31.980738210281178,76610300
2005-02-02,32.05752182006836,32.18547697347104,31.827198639002553,32.10870257978244,100160500
2005-02-03,31.690711975097656,31.9125028656304,31.562753564405742,31.886912485139042,90157900
2005-02-04,32.20256423950195,32.26227734332507,31.69073670555526,31.69073670555526,99302000
2005-02-07,32.13430404663086,32.33903691847665,32.00634884908102,32.24520115446894,71551400
2005-02-08,32.19401550292969,32.424335474472734,32.091647455445994,32.125770137940556,72821700
2005-02-09,31.656591415405273,32.24519298489229,31.613939693694814,32.21960260268957,93276600
2005-02-10,31.690711975097656,31.835728470038767,31.46038878832275,31.784544454938487,110373000
2005-02-11,32.15990447998047,32.28785970454798,31.503057247352185,31.58836073039719,108684100
2005-02-14,32.30490493774414,32.364617996913616,32.151356141560456,32.15988843808047,54908900
2005-02-15,32.518165588378906,32.82526316936907,32.26225202225962,32.330497375420784,131406500
2005-02-16,32.39874267578125,32.55229148144848,32.270787507137136,32.44139439866262,80273900
2005-02-17,31.963699340820312,32.535239755375606,31.929576650785087,32.45846532985576,115628300
2005-02-18,31.861331939697266,32.04900348471266,31.784557512565414,31.972229057580805,69158800
2005-02-22,31.46893310546875,32.03194452838733,31.383629626346206,31.588359277887974,121232000
2005-02-23,31.511566162109375,31.622463222514142,31.30683663194988,31.596872844773507,95010100
2005-02-24,31.91251564025879,31.93810603099402,31.358033310790468,31.434807737115023,99334600
2005-02-25,32.09165573120117,32.15990111378934,31.810151663322372,31.88692609167458,79988700
2005-02-28,31.75045394897461,32.07460991081464,31.494536894514923,31.95518368759773,95731300
2005-03-01,32.100181579589844,32.15989465029388,31.84426795455565,31.87838738487346,78460600
2005-03-02,32.0831184387207,32.43286779928731,31.869856554128425,31.91250828022326,107270600
2005-03-03,31.818668365478516,32.18547901929345,31.579816127317233,32.168417680265115,89793800
2005-03-04,32.00632858276367,32.202529031401404,31.90396383871715,32.074570660755846,86622300
2005-03-07,32.46699523925781,32.663195811338156,32.04047140757396,32.07459084097854,93563900
2005-03-08,32.14283752441406,32.594951763084524,32.11724713478931,32.42434157264249,89595200
2005-03-09,32.04900360107422,32.35610131071662,31.96370012800418,32.13430707414426,98063000
2005-03-10,32.00632858276367,32.134283699292695,31.630989018515386,32.0831029543277,97043600
2005-03-11,31.707773208618164,32.262255371198506,31.57981803933508,32.15135828785886,102857500
2005-03-14,31.852807998657227,31.869869346767246,31.588361984131048,31.767504512226548,65576200
2005-03-15,31.596891403198242,31.972231265024543,31.554239663873297,31.921047225363136,93856300
2005-03-16,31.238605499267578,31.716313377190385,31.16183107699639,31.485990110376818,159578000
2005-03-17,31.315380096435547,31.468928941835497,31.170363550290432,31.230076628599445,100429600
2005-03-18,31.144763946533203,31.383619468178658,31.00827647164355,31.349496785926725,108899400
2005-03-21,31.204483032226562,31.34949956346851,30.922975759883904,31.221541120745776,92752500
2005-03-22,30.820602416992188,31.349490875715308,30.803541079082734,31.23006476446662,114016300
2005-03-23,30.931516647338867,31.127720535735364,30.769438711402216,30.786500060572333,97444900
2005-03-24,30.940048217773438,31.26420733610546,30.940048217773438,31.0424130562553,77566800
2005-03-28,30.999757766723633,31.230081067561105,30.974167373559194,31.059470853520107,59739000
2005-03-29,30.752365112304688,31.20448254991674,30.658529356307497,30.94003662429906,119554300
2005-03-30,31.332433700561523,31.375085423943027,30.89738091548153,30.90590995851067,114711000
2005-03-31,31.19594955444336,31.349498378258165,31.08505245855083,31.332437036265603,86578900
2005-04-01,30.880325317382812,31.46039797476368,30.820612242721708,31.409213944717656,143814300
2005-04-04,31.102115631103516,31.221541777962198,30.735304891969886,30.922976410815494,100090300
2005-04-05,31.187421798706055,31.281254302363532,31.067992399825076,31.12770872632476,66266600
2005-04-06,31.136240005493164,31.4859894205956,31.067994629805558,31.27272750274976,82168900
2005-04-07,31.511566162109375,31.520098457434393,31.14475556194664,31.161816898479465,88618000
2005-04-08,31.255651473999023,31.622462060684907,31.22152880218706,31.562749012072516,92332900
2005-04-11,31.11915397644043,31.375067424029513,31.05091190900416,31.349477055505414,70976000
2005-04-12,31.27272605895996,31.340971431496836,30.632940334959866,31.085054538602023,144848500
2005-04-13,30.76088523864746,31.221528283995198,30.69263989615622,31.187408866866615,108995500
2005-04-14,30.325847625732422,30.795023249229466,30.283195887981602,30.76090381150021,158057900
2005-04-15,29.634885787963867,30.172303627622313,29.58370174194517,30.06140974242776,170013300
2005-04-18,29.643400192260742,29.85666206414751,29.549564447971697,29.609277511770557,110084000
2005-04-19,29.848140716552734,29.941973230915824,29.643407834945176,29.873731106459143,96922100
2005-04-20,29.60074806213379,30.10404620303836,29.5069123191336,30.03580084299536,140457400
2005-04-21,30.38555335998535,30.46232777101483,29.8225420971419,29.959029577403395,124505100
2005-04-22,29.933446884155273,30.25760595337405,29.703123591877645,30.249073653223554,114996800
2005-04-25,30.180824279785156,30.249066394017046,29.98462372695585,30.112578911434998,72170100
2005-04-26,29.899307250976562,30.4537892983059,29.890778209777633,30.104040035040114,104958800
2005-04-27,29.941974639892578,30.069933103683475,29.62634788442565,29.745774048433734,112539300
2005-04-28,29.643400192260742,29.984620488926737,29.617809808952064,29.788416703167144,98181900
2005-04-29,29.8396053314209,29.907850702938998,29.30218442013033,29.856666674300424,144435900
2005-05-02,29.959041595458984,30.078467781830774,29.762840967259677,29.941980246817366,67648800
2005-05-03,30.112590789794922,30.223487930049824,29.882267461936067,29.899328810753712,103428700
2005-05-04,30.479387283325195,30.564693987192086,30.061395823790495,30.10404754866493,90480600
2005-05-05,30.50498390197754,30.641471401941608,30.308783324161613,30.49645485690671,79341700
2005-05-06,30.590290069580078,30.726777567073654,30.470863916038027,30.684125834254154,77310200
2005-05-09,30.735307693481445,30.760901337368615,30.41968095456875,30.598820191185247,66298400
2005-05-10,30.513504028320312,30.675581852957343,30.385545624473917,30.59027841980467,77194700
2005-05-11,30.667068481445312,30.73531061201411,30.112586120273242,30.55617135838709,131952400
2005-05-12,30.58176040649414,30.880329070202574,30.41968250616253,30.73530926117416,116602200
2005-05-13,30.914438247680664,31.11063875309302,30.61586971448296,30.701176404304086,133273500
2005-05-16,31.11915397644043,31.170337967604663,30.820588829939176,30.91442452001558,79093200
2005-05-17,31.306838989257812,31.3409616648928,30.888844348022896,31.008270458627884,91665900
2005-05-18,31.733383178710938,31.869870715332766,31.315388267364337,31.39216271009659,128105900
2005-05-19,31.997800827026367,32.006333121808254,31.733358262893994,31.81013264534594,92619700
2005-05-20,32.12577438354492,32.151364771738706,31.861328440441163,31.94663515795135,66530100
2005-05-23,32.28784942626953,32.40727882028126,32.07458753242596,32.12577155843099,93068200
2005-05-24,32.39021682739258,32.415807212821726,32.15989359617571,32.211074367034,100830000
2005-05-25,32.253726959228516,32.3134400235524,32.066055469000325,32.2793173427622,76470600
2005-05-26,32.57788848876953,32.64613386255109,32.39874926377073,32.39874926377073,84066800
2005-05-27,32.59495162963867,32.62907431841112,32.4328737391476,32.53523855134624,50076900
2005-05-31,32.48405075073242,32.62053822220113,32.34756002514571,32.57788324339628,75281500
2005-06-01,32.74848937988281,32.995873908491696,32.432862750968006,32.44139179321214,110875700
2005-06-02,32.978816986083984,32.978816986083984,32.67171935828983,32.6973129966847,75926500
2005-06-03,32.50111389160156,32.96176039973842,32.432871772313796,32.953231355121886,96998400
2005-06-06,32.5096435546875,32.57788566844268,32.38168511698394,32.51817259861256,52681400
2005-06-07,32.23666763305664,32.81674022626269,32.19401590646287,32.5437652711208,108953400
2005-06-08,32.168426513671875,32.37315938411355,32.040471316999586,32.3134463081761,79211900
2005-06-09,32.373165130615234,32.46700091063602,31.989292964220756,32.12578048403666,99383300
2005-06-10,32.03194046020508,32.33050910745288,31.886923913290595,32.33050910745288,85971700
2005-06-13,32.18548583984375,32.373157354807915,31.955162595329103,31.97222393797297,82331300
2005-06-14,32.05752182006836,32.2793127051035,31.989276468292942,32.15135429758333,62593600
2005-06-15,32.15990447998047,32.304921051980834,31.776032298039354,32.27080161123441,103952000
2005-06-16,32.330501556396484,32.41580500476183,32.125768724554504,32.19401408654115,90450100
2005-06-17,32.33477783203125,32.625082286926016,32.23231839416451,32.53969996489153,83915700
2005-06-20,32.33477783203125,32.51408591970655,32.08716779528053,32.20670434897953,67580000
2005-06-21,32.31769943237305,32.4543130964773,32.18962595440906,32.30916250335945,97845600
2005-06-22,32.283546447753906,32.53115645924085,32.12985567807155,32.445774145917966,75221100
2005-06-23,31.9249324798584,32.5994638063879,31.873704396458322,32.33477343269084,122163300
2005-06-24,31.566328048706055,31.942014836184388,31.55778786198672,31.916400790280175,142144100
2005-06-27,31.421175003051758,31.64317426373211,31.33579267640669,31.549251750146343,72780800
2005-06-28,31.719995498657227,31.81391468357544,31.50653658751451,31.549227718318154,73330300
2005-06-29,31.651721954345703,31.813949732975544,31.566339598672748,31.805412800259482,71513600
2005-06-30,31.404085159301758,31.77123487791097,31.37847112311412,31.711466622056044,87803700
2005-07-01,31.361392974853516,31.591929064285804,31.318701830245807,31.472392556533997,55254800
2005-07-05,31.685848236083984,31.754153408916075,31.25039013791921,31.25039013791921,79288700
2005-07-06,31.53215217590332,31.830993363450606,31.472383938393865,31.617534441738357,79101000
2005-07-07,31.64316177368164,31.668775810139508,31.20770361114378,31.23332090472734,119466300
2005-07-08,32.2493896484375,32.28354387389424,31.583398537662177,31.660243916376732,101320700
2005-07-11,32.54822540283203,32.582379622438125,32.274998160234595,32.33476641598243,96283700
2005-07-12,32.70191192626953,32.838525529990555,32.454298751673534,32.54822121494272,86059300
2005-07-13,32.77876281738281,32.81291703836211,32.59091785912249,32.718994559231945,72135400
2005-07-14,33.10321807861328,33.197140548312895,32.88975910461432,33.017832534738424,99135200
2005-07-15,33.20567321777344,33.2995956754339,33.00075445299156,33.154445155140486,67239200
2005-07-18,33.06907653808594,33.20569020353106,33.034922307442976,33.120307884050376,58644000
2005-07-19,33.45329666137695,33.47037377321258,33.162992274423345,33.222760537285026,77860900
2005-07-20,33.69239044189453,33.786312986212835,33.214244044823964,33.2483950323804,91433100
2005-07-21,33.700904846191406,33.88874653397741,33.47890568272765,33.777750209371085,127286000
2005-07-22,33.65821838378906,33.80337221831225,33.487453764998946,33.70944972370189,71666600
2005-07-25,33.530147552490234,33.837529101850215,33.47037927979542,33.69237525592952,51872700
2005-07-26,33.65821838378906,33.752140878399416,33.461836466479376,33.63260434239581,67324900
2005-07-27,33.914371490478516,33.94852245962266,33.495990361481496,33.68383534884256,78351100
2005-07-28,34.076595306396484,34.085132233430635,33.84605919096347,33.93998167396869,66163700
2005-07-29,33.794830322265625,34.085131434384074,33.743598989883985,34.04244028596229,74725700
2005-08-01,33.85460662841797,34.008297404967976,33.743607010437046,33.84606644242818,59748300
2005-08-02,34.22175216674805,34.27298024776112,33.854602386232074,33.8972935394517,79284100
2005-08-03,34.204681396484375,34.26444967349971,34.05099061069443,34.07660465595048,61916400
2005-08-04,33.87167739868164,34.102213542492876,33.78629508932622,34.05098545973015,72035500
2005-08-05,33.709449768066406,33.97414013894155,33.666758613312695,33.82044937612712,66029500
2005-08-08,33.46182632446289,33.82043908090733,33.419135182704714,33.74359372289248,63415400
2005-08-09,33.68381881713867,33.803355293291496,33.56428234098585,33.61551039812295,62143600
2005-08-10,33.39353942871094,33.888762807016874,33.27400286350354,33.769226241809484,102317500
2005-08-11,33.666744232177734,33.760666686791645,33.38497686833599,33.41059415594656,92446700
2005-08-12,33.478919982910156,33.57284249548398,33.27400109831902,33.40207458690674,86367300
2005-08-15,33.68381881713867,33.83750950279936,33.367900522002685,33.41912857913979,63061100
2005-08-16,33.137386322021484,33.58138156672152,33.07761804457406,33.55576426415345,94596000
2005-08-17,33.33374786376953,33.44474416414855,33.12028893009856,33.23128523047758,74470500
2005-08-18,33.163002014160156,33.38499801896989,33.10323373374496,33.188616060873244,72559400
2005-08-19,33.145912170410156,33.29960290593067,33.12029813353199,33.20568042787638,52024300
2005-08-22,33.163002014160156,33.45330648637411,32.95807986907448,33.19715624786227,88056300
2005-08-23,33.06907653808594,33.231304247949936,32.96661710328377,33.16299904379072,57482900
2005-08-24,32.872684478759766,33.45329319246116,32.83853025863011,33.00076117568314,95025700
2005-08-25,32.94953918457031,33.03492150196917,32.86415686717145,32.93246206966521,52328800
2005-08-26,32.83853530883789,32.95807184054941,32.67630762396172,32.89830357469365,63840700
2005-08-29,33.09469985961914,33.17154527154377,32.667781628288445,32.667781628288445,74940400
2005-08-30,32.975128173828125,33.009282377687924,32.71897815912797,32.92390012516259,87373600
2005-08-31,33.28253173828125,33.30814577973284,32.855613676080935,32.992227325699986,93426300
2005-09-01,33.23127746582031,33.427662505181104,33.11174101203484,33.29958587205434,74884400
2005-09-02,33.10321807861328,33.32521397843699,33.077604044013555,33.299599943837265,53244900
2005-09-06,33.58991622924805,33.649684502661835,33.214229473914706,33.25692063247789,78106600
2005-09-07,33.64968490600586,33.709453180136066,33.47891701257956,33.55576240176506,57440100
2005-09-08,33.64113998413086,33.78629054192408,33.53014039120753,33.54721750220541,73529700
2005-09-09,33.8289909362793,33.88875921254356,33.56430378628806,33.6496861074865,75342100
2005-09-12,33.922916412353516,34.033916045326116,33.79484291934857,33.83753408368355,51689900
2005-09-13,33.83753967285156,34.07661283831839,33.76069426150471,33.88023084423813,66145800
2005-09-14,33.45329666137695,33.88021468588955,33.42768262218653,33.854600646699126,98644000
2005-09-15,33.43620681762695,33.589897508498886,33.34228436685802,33.521589087167,80421500
2005-09-16,33.64113998413086,33.69236805999864,33.393526760350305,33.51306328020964,71034100
2005-09-19,33.37644577026367,33.62405896526604,33.22275504627086,33.5728276382266,73387500
2005-09-20,33.23982238769531,33.76066265960704,33.137363020849826,33.43620419795105,115202800
2005-09-21,32.872684478759766,33.188602872144855,32.84707044222537,33.14591172554563,116404300
2005-09-22,32.99223327636719,33.06907867170857,32.65070071928198,32.82146536926112,118686100
2005-09-23,33.08615493774414,33.19715456307918,32.795850480263375,32.87269587362966,70154000
2005-09-26,33.09469985961914,33.32523609539303,32.915394984170874,33.274007992195024,69327600
2005-09-27,33.01784133911133,33.21422651382787,32.8812276896083,33.12030401908335,64089500
2005-09-28,33.02638244628906,33.256918596972156,32.92392302058316,33.094687644384194,72044500
2005-09-29,33.47036361694336,33.4789005417077,32.82998677449084,32.98367747724945,117634600
2005-09-30,33.69239044189453,33.709467564236775,33.41062606606767,33.44477705362411,79248500
2005-10-03,33.77775955200195,33.939987249307336,33.73506513844003,33.760682438002476,81685600
2005-10-04,33.55575180053711,34.05097820930443,33.54721487426985,33.828979040848175,85348600
2005-10-05,33.09469985961914,33.589926571384,33.069085808020134,33.564312519785,106152200
2005-10-06,32.65921401977539,33.18005429391043,32.377446688341855,33.06905474603135,162213700
2005-10-07,32.736080169677734,32.93246210561075,32.59946650741447,32.787311514448945,91119900
2005-10-10,32.5567512512207,32.8385152960932,32.49698302178944,32.67628771008323,64012000
2005-10-11,32.39453887939453,32.65069230258585,32.27500235237249,32.65069230258585,114736900
2005-10-12,32.01029968261719,32.49698573845707,31.959068371482914,32.20668148961184,146109500
2005-10-13,32.2579345703125,32.36893420199142,31.87371083864866,31.993247400244254,138569600
2005-10-14,32.49699401855469,32.50553094402333,32.13838126349073,32.343303303116606,131463200
2005-10-17,32.59944152832031,32.60797845067751,32.2920602094751,32.505519096770485,64080400
2005-10-18,32.368927001953125,32.599463143947936,32.368927001953125,32.56530891762434,88070400
2005-10-19,33.01784133911133,33.01784133911133,32.11277713257614,32.20669962732066,132879900
2005-10-20,32.710445404052734,33.171514186403755,32.53113743950696,33.051977714789615,132576900
2005-10-21,32.91535949707031,33.08612725691793,32.72751789264962,33.017818850129245,110032000
2005-10-24,33.43620681762695,33.453283922959926,32.847061340701096,33.069057195780104,110820900
2005-10-25,33.30813980102539,33.461830536400605,33.10322099194227,33.376448242136924,86665800
2005-10-26,33.137386322021484,33.53015021871222,33.094691903450325,33.28253692235756,89878100
2005-10-27,32.471397399902344,33.12885182179841,32.471397399902344,33.111774702864146,132231100
2005-10-28,32.7190055847168,32.778773863008084,32.377469774086435,32.58239191189003,95243900
2005-10-31,33.1886100769043,33.34230084372607,32.80438315984987,32.83000045907111,115279100
2005-11-01,33.163002014160156,33.308152621703634,33.05200238319179,33.11177066360699,73502300
2005-11-02,33.598453521728516,33.69237602585998,33.0519988691018,33.069075984137214,101409900
2005-11-03,34.10219192504883,34.23026856502026,33.880196107172495,33.93142741458592,137054000
2005-11-04,34.22175216674805,34.34982562640693,34.016830071317145,34.153443715895676,100944500
2005-11-07,34.26445007324219,34.40106374474628,34.11075928565922,34.33275528043081,65324500
2005-11-08,34.272972106933594,34.452276862141666,34.14489867769588,34.22174403808868,78859700
2005-11-09,34.29005813598633,34.43521196876735,34.17905852940393,34.2559039097877,72458800
2005-11-10,34.66574478149414,34.74259016171986,34.08513596581679,34.30713517852498,120763100
2005-11-11,34.759666442871094,34.93897124006432,34.73405240245098,34.81089778083753,80057200
2005-11-14,34.759666442871094,34.88774315922409,34.66574395182906,34.81089778083753,53652400
2005-11-15,34.59744644165039,34.92190513990709,34.47790988364185,34.7767512786632,79543500
2005-11-16,34.81089401245117,34.819430939291664,34.5462036806341,34.69135749392922,65895700
2005-11-17,35.27196502685547,35.28050195340407,34.879198005979404,34.93042933664821,94425500
2005-11-18,35.391483306884766,35.5622510640054,35.2377926511886,35.45125153330838,108820200
2005-11-21,35.47688674926758,35.50250404526899,35.21219966188563,35.34881329776451,69731400
2005-11-22,35.60496520996094,35.75011578023225,35.314660812292146,35.40858330229178,88814000
2005-11-23,35.69035720825195,35.87820223926775,35.61351180984795,35.630588926951845,64101200
2005-11-25,35.76719284057617,35.80988399311575,35.630579198173834,35.7245016880366,22930200
2005-11-28,35.46834182739258,35.86110553487399,35.434187611839775,35.86110553487399,74716200
2005-11-29,35.297569274902344,35.73302406488679,35.297569274902344,35.66471890006318,77443000
2005-11-30,35.21223068237305,35.42568988005271,35.16953623713402,35.24638167858385,88044400
2005-12-01,35.8696403503418,35.90379456388565,35.43418552759554,35.44272245241896,91914100
2005-12-02,35.95503234863281,35.97210945847507,35.750110287651445,35.8098785435365,72929200
2005-12-05,35.69035720825195,35.91235647347554,35.54520659855942,35.91235647347554,61519900
2005-12-06,35.809898376464844,36.125820197827935,35.775747394991846,35.886743784752156,81509400
2005-12-07,35.74156951904297,35.88672005140981,35.54518766265678,35.8611060179628,83885500
2005-12-08,35.48543167114258,35.86111840568423,35.23781840520251,35.826964177873236,112043200
2005-12-09,35.62205123901367,35.66474240230152,35.331746768678514,35.48543756221636,56526900
2005-12-12,35.75010299682617,35.80987124052217,35.587875372097734,35.75010299682617,44863600
2005-12-13,35.895263671875,36.04041421814376,35.6561873940123,35.70741872293837,76611600
2005-12-14,35.775726318359375,35.94649089650385,35.61349540914636,35.818417462895496,73581600
2005-12-15,35.83550262451172,35.920884932769695,35.52812110338097,35.861116665563856,72607200
2005-12-16,35.58815383911133,35.89627362701773,35.562474741381266,35.827803651366466,63743000
2005-12-19,35.02324295043945,35.6994011917314,35.00612791330244,35.665164587492804,75341700
2005-12-20,35.0489387512207,35.220118589068385,34.87775891337302,35.0489387512207,70257700
2005-12-21,35.2029914855957,35.44264123973117,35.04892999651347,35.108842435047336,68935000
2005-12-22,35.43409729003906,35.48544896274485,35.17732586657305,35.18588665534687,59149500
2005-12-23,35.43409729003906,35.596716361914496,35.3485057272223,35.528243111661084,38000400
2005-12-27,35.12595748901367,35.673730170599555,35.06604505602663,35.536787000203084,55656300
2005-12-28,35.08316421508789,35.28857734319518,34.98045438605144,35.143076649534414,50302400
2005-12-29,34.852081298828125,35.19443769203864,34.7921688483917,35.11740693219413,47301700
2005-12-30,34.586753845214844,34.732257848769564,34.54395970239892,34.6980212285233,60026500
2006-01-03,35.35706329345703,35.51112482750134,34.372781633172174,34.79217209028923,109350400
2006-01-04,35.7250862121582,35.7250862121582,35.365608337900014,35.44263907774228,92769400
2006-01-05,35.879150390625,35.947623621858654,35.699413056111716,35.73364967172854,77656900
2006-01-06,36.52963638305664,36.54675469243755,35.9989818521829,36.17015841602473,110053900
2006-01-09,36.67514419555664,36.735056657464284,36.3927001987041,36.52964343520503,80768800
2006-01-10,36.700809478759766,36.73504282625749,36.41836232326784,36.512511375098484,84369400
2006-01-11,36.983245849609375,37.06883736340836,36.69224123265762,36.8035085681051,100761400
2006-01-12,36.80351257324219,37.051723092797126,36.67512692106335,36.94045574524099,82429200
2006-01-13,36.7863883972168,36.846300821342346,36.5724145210592,36.75215179343584,64572100
2006-01-17,36.546756744384766,36.62378750843201,36.375576905948236,36.5039626010216,77962100
2006-01-18,36.127349853515625,36.34132373788611,35.96473087678772,35.97328839557029,121021900
2006-01-19,36.3926887512207,36.64945683076937,36.19583311473396,36.30709721471563,111094000
2006-01-20,35.305721282958984,36.36703409872504,35.22013296160043,36.341354990329336,188569400
2006-01-23,35.31425857543945,35.47688086382387,35.1602003382603,35.39985011274265,111381900
2006-01-24,35.468318939208984,35.690853664071504,35.35705484176092,35.39984897654735,77956900
2006-01-25,35.31425857543945,35.6651757159243,35.1602003382603,35.63949988722499,99826400
2006-01-26,35.56246566772461,35.68229054327922,35.28857930503322,35.51967153573839,112600600
2006-01-27,36.0417594909668,36.281409182605636,35.725079074875154,35.776430714522235,110830400
2006-01-30,36.11022186279297,36.22148916700827,36.0075153400458,36.10166434630633,53942600
2006-01-31,35.94762420654297,36.17871646824018,35.78500517719311,36.09312492780598,100988100
2006-02-01,36.07601547241211,36.093130518166426,35.69086164326139,35.72509826473788,89168700
2006-02-02,35.45976257324219,36.01609613853622,35.4426442657734,35.95618042990381,94047400
2006-02-03,35.02324295043945,35.288571735815125,34.903418100586656,35.19442270665014,121094200
2006-02-06,34.92909240722656,35.100268875034445,34.74079437465969,34.852061690720284,58162800
2006-02-07,34.7750358581543,35.03180386090944,34.61241361992294,34.86918488766039,87327000
2006-02-08,35.177337646484375,35.220135074716566,34.826420283883884,35.02327604680754,89907800
2006-02-09,34.84351348876953,35.408404525445114,34.77504352992132,35.27146134276567,78213400
2006-02-10,35.057472229003906,35.14306372171503,34.45834483995242,34.81782257937595,102575900
2006-02-13,34.65523147583008,34.86920548199973,34.492609141551235,34.83496885741637,70643100
2006-02-14,35.0061149597168,35.108821469445004,34.58672487543992,34.723667976737886,94340300
2006-02-15,35.22866439819336,35.3142526561672,34.8606290119369,34.91198392571086,92254300
2006-02-16,35.55390167236328,35.562459191208866,35.22010293268489,35.35704608909096,103859600
2006-02-17,35.271461486816406,35.485435414688354,35.26290396629406,35.485435414688354,81770200
2006-02-21,34.877742767333984,35.32280883370889,34.75791791580657,35.271453926633285,85101400
2006-02-22,35.31425857543945,35.5539116149051,34.81784071901413,34.90342899133402,91983900
2006-02-23,35.220123291015625,35.55392222364022,35.16021082951809,35.2543566511683,66517100
2006-02-24,35.31425857543945,35.339937669122065,35.100284629656414,35.25434613181886,57085400
2006-02-27,35.70797348022461,35.836355890010125,35.3741746438056,35.39985047276604,64945000
2006-02-28,35.177337646484375,35.70799571869809,35.06607347503972,35.613846600563875,117564600
2006-03-01,35.656612396240234,35.75076143947167,35.22010705441959,35.28857700814432,80962300
2006-03-02,35.68229675292969,35.81068243621379,35.44264696011515,35.562471856522414,69856500
2006-03-03,35.476863861083984,35.95616318033835,35.425508963314556,35.476863861083984,112066100
2006-03-06,35.168766021728516,35.63095063548312,35.05749862990225,35.55391986652402,99581000
2006-03-07,34.963340759277344,35.15163887272215,34.7921642179456,35.10884473738922,96441100
2006-03-08,34.980464935302734,35.168763080339524,34.6637843627276,34.88631586278434,103961900
2006-03-09,34.680904388427734,35.220119752718915,34.63811024379788,35.091734053845414,108556700
2006-03-10,34.71512985229492,34.911985466307804,34.398446100855026,34.646656630908055,124474900
2006-03-13,34.81783676147461,35.04036820320247,34.766481844929906,34.86919167801931,69169100
2006-03-14,35.40841293334961,35.451207075914304,34.78360930995047,34.78360930995047,118201000
2006-03-15,35.70797348022461,35.70797348022461,35.36561385749657,35.54535119018629,84375800
2006-03-16,35.40841293334961,35.87915503152882,35.37417957828813,35.81924257894149,101371200
2006-03-17,35.50176239013672,35.62167131594081,35.31333221114561,35.40754730064116,78219600
2006-03-20,35.58741760253906,35.69876302696127,35.45894512876619,35.604547919163544,60240100
2006-03-21,35.210567474365234,35.98141227285342,35.1848736279313,35.210567474365234,136566000
2006-03-22,35.29620361328125,35.35615807909715,34.99643128420176,35.013561598331066,112282800
2006-03-23,35.193424224853516,35.30476963061827,34.96216989008362,35.193424224853516,75158200
2006-03-24,35.373294830322266,35.54459473551447,35.13347692341754,35.31334035359608,81795500
2006-03-27,35.38185119628906,35.553147783729806,35.32189673723021,35.35615409435457,54400400
2006-03-28,35.236244201660156,35.69018602691418,35.107771764632936,35.45036819731173,100522800
2006-03-29,35.904300689697266,36.05847018787382,35.26192886971895,35.287625964263064,130669100
2006-03-30,36.015663146972656,36.22978718859232,35.79297558128858,35.98140251616785,115915600
2006-03-31,35.912906646728516,36.135594349604006,35.83582181356477,36.0842066390119,71074600
2006-04-03,35.9556999206543,36.28973282147244,35.88718194300398,36.10130593247949,80730700
2006-04-04,36.152687072753906,36.23833861344629,35.91286929335962,36.01564787491829,89952600
2006-04-05,36.49530029296875,36.54668796925036,36.15270053714875,36.229785318844584,91628200
2006-04-06,36.598079681396484,36.77794308670623,36.349695016574366,36.47817074452332,91712800
2006-04-07,36.24691390991211,36.8721556573725,36.22978359620827,36.72655289179978,116604300
2006-04-10,36.195518493652344,36.40107896541001,36.04991574608167,36.31543067475348,58981900
2006-04-11,35.904300689697266,36.34111535695485,35.72443736424862,36.30685474241072,91481900
2006-04-12,35.912906646728516,36.04138245775996,35.80156116165298,35.92147017606867,58751200
2006-04-13,36.0584831237793,36.25548009444429,35.7929714339906,35.887186524150415,63476900
2006-04-17,35.6816291809082,36.152701406027184,35.45037483026285,36.007098630032054,104072100
2006-04-18,36.3668327331543,36.452484324977334,35.775851452309,35.775851452309,124291700
2006-04-19,36.52956771850586,36.52956771850586,36.229792059570315,36.43535260476252,79050300
2006-04-20,36.40110397338867,36.675182612512174,36.29832530053613,36.521012969595816,81408000
2006-04-21,35.97283935546875,36.58951764709006,35.818669782563425,36.53812670036375,130181200
2006-04-24,35.938568115234375,36.032783189450136,35.73301092355694,35.93000459361142,78556400
2006-04-25,35.86149215698242,36.058485875406824,35.673065229557125,36.03279203695643,77660800
2006-04-26,35.85292434692383,36.02422420641839,35.7158851127828,35.85292434692383,82537000
2006-04-27,36.195518493652344,36.3925154432535,35.5445829897533,35.69018573732397,173950100
2006-04-28,35.844364166259766,36.16127010830428,35.78440969447268,35.972839901388475,88876600
2006-05-01,35.493202209472656,36.015665426861744,35.38186005321916,35.90432000333445,92875500
2006-05-02,35.58741760253906,35.74158718488556,35.45894512876619,35.64737207708783,85148100
2006-05-03,35.536014556884766,35.664486975115985,35.356147943725205,35.604532526486935,74971600
2006-05-04,35.827239990234375,35.964279260631415,35.57028849937524,35.57028849937524,88696800
2006-05-05,36.1098747253418,36.15269887603329,35.9214445415713,36.058483784148045,80392200
2006-05-08,36.144134521484375,36.21265250756019,36.03278911842883,36.041355908734054,45079100
2006-05-09,36.0070915222168,36.12700043578354,35.94713706543343,36.05847918958949,48528800
2006-05-10,35.690208435058594,35.95572353258879,35.58742976745252,35.91289936002584,92424200
2006-05-11,34.893653869628906,35.67306521937847,34.79943877230642,35.655934904658615,140989700
2006-05-12,34.422576904296875,34.7908704867691,34.41401338094154,34.73948281209048,153920800
2006-05-15,34.396881103515625,34.5510506532978,34.07997848108476,34.276972179745734,127896500
2006-05-16,34.13994216918945,34.48253872007869,34.06285737346642,34.40545392435566,132397500
2006-05-17,33.67743682861328,34.09712148529074,33.60035202503066,33.98577604294377,207897100
2006-05-18,33.446170806884766,33.96863393120564,33.40334665693308,33.823031167915275,139690900
2006-05-19,33.70311737060547,33.80589924632801,33.189221061084986,33.57464492686187,194306300
2006-05-22,33.377662658691406,33.608917057322024,33.07788698612246,33.4119200283864,169591800
2006-05-23,33.05218505859375,33.7288177705197,33.03505474429866,33.62603588474915,142243900
2006-05-24,33.274871826171875,33.43760817450569,32.7438451646246,33.000793338452425,234981600
2006-05-25,33.7116813659668,33.72881167716717,33.249172765374944,33.49755737687125,123510900
2006-05-26,33.82303237915039,33.90011715873318,33.60034156378974,33.788771751052856,91319600
2006-05-30,33.095001220703125,33.685985485748056,33.06930738910033,33.66028838687268,105606200
2006-05-31,33.24918746948242,33.45474802752119,33.00936954116571,33.15497234985108,137066200
2006-06-01,34.03716278076172,34.03716278076172,33.26631484051432,33.34339963453906,119357400
2006-06-02,33.95150375366211,34.259842862185494,33.66886174903115,34.22558223517773,128864100
2006-06-05,33.214908599853516,33.882977596312465,33.214908599853516,33.882977596312465,103190600
2006-06-06,33.189231872558594,33.36053178729114,32.8466320430935,33.2748801962878,127271000
2006-06-07,32.94083786010742,33.548949281823,32.93227433706169,33.232046652760026,130754700
2006-06-08,32.88945770263672,33.026496973594625,32.11004623644977,32.77811227396031,280562200
2006-06-09,32.675331115722656,33.18066400099289,32.64107048380888,33.0264944246546,144146200
2006-06-12,32.03295135498047,32.769535162378745,32.02438456540174,32.718147493997996,145607500
2006-06-13,31.904455184936523,32.37552702414585,31.82737046453712,32.11001552842521,207099500
2006-06-14,32.22996520996094,32.298483233104186,31.86167144215047,31.998710755711926,201876800
2006-06-15,33.10358810424805,33.22349708087939,32.37556418326914,32.41838835102683,200700400
2006-06-16,32.86016845703125,33.151573314751374,32.74017879846525,33.04015294488024,120006100
2006-06-19,32.5944709777832,33.0315798487154,32.49162317793493,32.99729615894178,129450100
2006-06-20,32.637325286865234,32.98015235582799,32.51733237978223,32.645894574063526,102871700
2006-06-21,33.151573181152344,33.417266902244165,32.6801838374829,32.68875312614323,129548100
2006-06-22,32.73160934448242,33.151576458765035,32.56019739854499,33.07443977530387,143100500
2006-06-23,32.69733810424805,33.02302350861859,32.508780987368304,32.70590739616339,88050200
2006-06-26,32.783042907714844,32.90303260700631,32.62876950306178,32.71447549699166,65157700
2006-06-27,32.16594314575195,32.85160404413347,32.131662716411654,32.80017849591282,128227500
2006-06-28,32.405914306640625,32.4316254369207,32.03737284842214,32.243068429607334,91576300
2006-06-29,33.39156723022461,33.39156723022461,32.483071835629914,32.55163598358309,181997200
2006-06-30,33.22870635986328,33.545822318488455,33.15156969214661,33.528680473498895,82719200
2006-07-03,33.425838470458984,33.425838470458984,33.26299581902351,33.331559941400954,21598500
2006-07-05,32.69733810424805,33.15158577366827,32.64591254433333,33.11730206705847,93724000
2006-07-06,32.66304397583008,32.98015998710297,32.57733473665283,32.800175489040505,70615200
2006-07-07,32.30305862426758,32.71445299724306,32.20021084839167,32.483046318890224,108063300
2006-07-10,32.0202522277832,32.50878364373221,31.85740624281721,32.38879393026747,105109800
2006-07-11,32.260223388671875,32.3459326402386,31.780264657792788,31.95167662197895,136114200
2006-07-12,31.65170669555664,32.26022775134154,31.57456999345193,32.19166361028962,154458900
2006-07-13,31.120311737060547,31.745974432270934,31.120311737060547,31.403144035414815,177745500
2006-07-14,30.803190231323242,31.180304294282916,30.674631293973768,31.111736912118346,172448500
2006-07-17,30.880327224731445,31.068884258184816,30.743195728439748,30.81176311132198,134311000
2006-07-18,30.983173370361328,31.13744668783233,30.46035860220651,31.043168186103134,206964900
2006-07-19,31.38599967956543,31.565987421736445,30.93175221909655,30.957463352489818,192517600
2006-07-20,30.923185348510742,31.540275484498554,30.888901654991148,31.49742250233555,152292100
2006-07-21,30.59749412536621,30.820331574825758,30.528926744318547,30.751767463250776,119343000
2006-07-24,31.206016540527344,31.22315838667969,30.68320167603578,30.71748536834047,130269300
2006-07-25,31.38599967956543,31.488850752083927,31.060314425008315,31.27458258854612,108869600
2006-07-26,31.360294342041016,31.600273683323994,31.051747606406717,31.2917269476897,107170500
2006-07-27,31.154592514038086,31.745974791839487,31.0688865485898,31.48885362602162,99698700
2006-07-28,31.80597496032715,31.831686100382765,31.283159982705882,31.308871122761502,93556100
2006-07-31,31.79741096496582,31.98596809475576,31.61742639715239,31.78027237996168,78015300
2006-08-01,31.265993118286133,31.540255957698832,31.0774361901383,31.51454483821356,98552800
2006-08-02,31.617412567138672,31.823111461430866,31.377433248358617,31.377433248358617,87370600
2006-08-03,31.81452751159668,32.00308449139315,31.266001682521676,31.300285364206825,99205600
2006-08-04,31.668838500976562,32.25164822764985,31.386002926499945,32.09737487238498,123493800
2006-08-07,31.463130950927734,31.660257235223824,31.308857638092157,31.634546106241945,69634800
2006-08-08,31.265993118286133,31.625965138434637,31.0774361901383,31.54882851050788,124139900
2006-08-09,31.308860778808594,31.97737962464859,31.223154827290056,31.703116656422303,145342200
2006-08-10,31.53170394897461,31.608840619160613,31.120309464473483,31.223157268230583,102481300
2006-08-11,31.308860778808594,31.445992262921738,31.17172929469545,31.41171184399781,86903200
2006-08-14,31.514570236206055,31.943106676835225,31.454575396075857,31.574565076336253,109281100
2006-08-15,32.31163787841797,32.35449085479472,31.7888230659931,31.883101575705457,133712100
2006-08-16,33.074432373046875,33.09157421769883,32.431627911225135,32.551617554316245,135452100
2006-08-17,33.19442367553711,33.40869184018902,32.94587181986744,32.96301366537632,129492200
2006-08-18,33.245849609375,33.280133300802476,32.80874071735661,33.10871811313787,97754500
2006-08-21,32.92872619628906,33.04871910108387,32.791594717424495,32.99729357045752,66668400
2006-08-22,32.93729782104492,33.262986300187116,32.740171530095566,32.87730300508087,102058600
2006-08-23,32.68873977661133,33.142987087980174,32.500182808357856,32.96300267435912,96056300
2006-08-24,32.783042907714844,32.86874890164472,32.50020724269287,32.783042907714844,78985300
2006-08-25,32.843013763427734,33.11727666700558,32.620176380322626,32.714451596981746,73572900
2006-08-28,33.091575622558594,33.245848961503086,32.774459656716104,32.817312635428976,80035000
2006-08-29,33.19442367553711,33.22013480906407,32.72303436719746,33.0658647384296,104842000
2006-08-30,33.34871292114258,33.45156077377589,33.08301909324271,33.18587021535031,75687200
2006-08-31,33.31442642211914,33.45155797063042,33.22014786949126,33.39156312249886,61207200
2006-09-01,33.49441146850586,33.605828594702025,33.34013808049329,33.49441146850586,69388500
2006-09-05,33.82007598876953,33.837217829039965,33.2972613036723,33.51152940284515,85582800
2006-09-06,33.143001556396484,33.588679777163215,33.0915792840404,33.51154309915603,97888600
2006-09-07,32.98872756958008,33.34012722351707,32.87730721019342,33.040149835856475,115877400
2006-09-08,33.18585968017578,33.2715656519163,32.96301892249324,33.03158631546425,96627000
2006-09-11,33.39156723022461,33.554413211877936,32.84304096870153,32.92017767857036,142377500
2006-09-12,34.00864028930664,34.1114880836157,33.382977697261865,33.382977697261865,124102400
2006-09-13,34.24003601074219,34.26574713123749,33.96577316055541,34.03433723836657,116054300
2006-09-14,34.27433776855469,34.47146409179427,34.07720817584231,34.15434484749891,98116000
2006-09-15,34.396976470947266,34.69712329458266,34.302643677417564,34.55991285072719,137825600
2006-09-18,34.40555191040039,34.64567264916382,34.25118974667931,34.40555191040039,117806700
2006-09-19,34.17400360107422,34.517031307705075,33.89100852375522,34.49130537468189,159060800
2006-09-20,34.67138671875,34.76571948333099,34.4655694804502,34.47414697069612,116635500
2006-09-21,34.45699691772461,34.87720236205915,34.37124163926774,34.75714366367785,121886900
2006-09-22,34.191158294677734,34.43985324010115,34.04537363302914,34.43127901879739,100996400
2006-09-25,34.791446685791016,34.86862774406138,34.02821359364755,34.336937826728985,136473400
2006-09-26,34.962955474853516,34.988681400119155,34.64565706828048,34.748564040696714,113375600
2006-09-27,34.92009353637695,35.11733335188396,34.731427942694104,34.87721261319075,113003800
2006-09-28,35.014408111572266,35.065859958451725,34.67138053272648,34.962952993339364,85943600
2006-09-29,34.86004638671875,35.100163731568045,34.83431719166099,35.07443780786375,85438200
2006-10-02,34.42269515991211,34.902933247979945,34.37124329889529,34.817174694028004,97068800
2006-10-03,34.5684814453125,34.71426607316461,34.19972785899294,34.31978655754271,116261400
2006-10-04,35.41746139526367,35.42603888389217,34.42268535232944,34.50844388184737,149209500
2006-10-05,35.588993072509766,35.640448216085545,35.31457218281568,35.4174791986122,91799900
2006-10-06,35.511810302734375,35.64044651987422,35.36602564324046,35.468932654139394,85450400
2006-10-09,35.631858825683594,35.79479842359059,35.434619081533924,35.46892249913055,62786100
2006-10-10,35.69190979003906,35.80339432907933,35.42606632102388,35.674758070851645,98181800
2006-10-11,35.623291015625,35.87198593091006,35.30598925280425,35.5289582359407,136561300
2006-10-12,36.18927001953125,36.232147646499065,35.760487207146646,35.81193905096672,95260200
2006-10-13,36.38654327392578,36.463724382180445,36.13784822828784,36.2150293365425,80470200
2006-10-16,36.42082214355469,36.549455056289894,36.36079279667411,36.38651872495034,62017400
2006-10-17,36.01777648925781,36.18929036490625,35.811959184208675,36.16356115717818,146149100
2006-10-18,35.84627151489258,36.28363216996847,35.71763852973064,36.20645107032895,120366100
2006-10-19,35.932010650634766,36.11209869514795,35.66616405776711,35.75191933476746,108198400
2006-10-20,36.01777648925781,36.08638334805922,35.70905216736165,36.052079918658514,105454300
2006-10-23,36.38654327392578,36.51517954480231,35.86342723701709,35.9491825700306,126960500
2006-10-24,36.13782501220703,36.403671607930676,35.949159475154495,36.25788370983895,103541700
2006-10-25,36.38654327392578,36.463724382180445,36.06066712003317,36.15499994916179,125399500
2006-10-26,36.720985412597656,36.80674072636817,36.206446987263554,36.51517135100623,130260700
2006-10-27,36.19784927368164,36.72096490100423,36.08636808232224,36.63520963513489,129375000
2006-10-30,36.429412841796875,36.575200801137186,36.069236597583526,36.15499191153274,103899900
2006-10-31,36.515167236328125,36.66952612945015,36.28362398961236,36.498015521235644,135811800
2006-11-01,36.01777648925781,36.67810278412348,35.86341432830973,36.64379935472278,148960600
2006-11-02,36.05207443237305,36.137829721469764,35.7948052937283,35.854834650366925,100216400
2006-11-03,35.95774841308594,36.18071416947687,35.68332751074855,36.103533086234776,119263300
2006-11-06,36.48085403442383,36.62663866662748,36.069222796528805,36.07779701610079,101283300
2006-11-07,36.72955322265625,36.95251894248564,36.42082894031197,36.48085829839506,139706500
2006-11-08,36.90105438232422,37.04684226569539,36.420819640287014,36.52372661767301,180245700
2006-11-09,36.72955322265625,37.17548466231502,36.59233952263243,37.09830359172896,124278000
2006-11-10,36.90105438232422,36.90963187206278,36.592330178812404,36.738118062183574,82419400
2006-11-13,37.27839660644531,37.338425967216175,36.875339522965405,36.91821717046533,89146200
2006-11-14,37.67287063598633,37.707174057463995,37.081151336590985,37.30411703348719,121962800
2006-11-15,37.82722854614258,38.075923417111795,37.66428894795739,37.72432156453096,116565900
2006-11-16,37.99018478393555,38.09309181948157,37.750067277209595,37.955881348301645,113513200
2006-11-17,37.99018478393555,37.99018478393555,37.690037900528104,37.7843707128435,95162500
2006-11-20,38.06734085083008,38.144521894585374,37.74146496926844,37.87010113264511,107184100
2006-11-21,38.11880874633789,38.170260611850324,37.947294894802326,38.09307954222705,68092200
2006-11-22,38.35892868041992,38.37608039382891,37.95587159369588,38.2302957368848,69852700
2006-11-24,38.29031753540039,38.4704055835932,38.058774357143555,38.0759260671649,51762900
2006-11-27,37.424156188964844,38.2559957328419,37.424156188964844,38.170237223943296,159506300
2006-11-28,37.53566360473633,37.59569296205588,37.16690996899929,37.31269461638831,118268400
2006-11-29,37.792930603027344,37.88726337956683,37.44132869951479,37.73290124911211,139515500
2006-11-30,37.767215728759766,37.97302978205216,37.552824181622874,37.77578995124887,123457100
2006-12-01,37.44132614135742,38.03304542010202,37.09829848126089,37.73289867103321,144559600
2006-12-04,37.95586395263672,38.144529490799634,37.552810218408005,37.552810218408005,89782400
2006-12-05,38.09306716918945,38.20455162717941,37.895827448963246,38.06734124478929,84697500
2006-12-06,37.95586395263672,38.07592592232941,37.79292761508504,37.973015662592815,78207500
2006-12-07,37.475643157958984,38.144543739337536,37.475643157958984,38.0244849961522,124936100
2006-12-08,37.647132873535156,37.955853755744116,37.278379386930595,37.35556042532116,133798700
2006-12-11,37.78436279296875,38.050206185019604,37.518516129562904,37.58712298645022,72931300
2006-12-12,37.56138610839844,37.84438442823027,37.35557212247922,37.77577758535431,110985900
2006-12-13,37.630008697509766,37.82724854628145,37.40703963621608,37.81867105165555,79035500
2006-12-14,38.05019760131836,38.221711433490036,37.68144400712325,37.707173208329266,109104200
2006-12-15,38.1480827331543,38.43142262834474,38.07939228865924,38.36273545919035,99942300
2006-12-18,37.770294189453125,38.42283701947195,37.607156025442976,38.276874741505594,121588700
2006-12-19,37.65008544921875,37.830396221703666,37.24654056637286,37.47836589499014,136535200
2006-12-20,37.51271438598633,37.87333271853761,37.49554177249902,37.69302518993253,67213400
2006-12-21,37.24652862548828,37.59855883934426,37.100563120780464,37.55562896455001,102952300
2006-12-22,36.860164642333984,37.272297463887746,36.860164642333984,37.263712796400185,92858600
2006-12-26,37.014732360839844,37.02331703238634,36.817252161849794,36.860182070266404,50848600
2006-12-27,37.203609466552734,37.26371196364406,37.00612609000645,37.10057380696151,54129200
2006-12-28,37.02329635620117,37.24653699584293,36.9631938629146,37.09198679158025,69016000
2006-12-29,37.05766296386719,37.444038697543036,37.023317726353305,37.083420254331536,75152500
2007-01-03,37.126338958740234,37.830399676463756,36.50813802597194,37.31523114070989,167689500
2007-01-04,37.830406188964844,37.95919588856881,37.04907022013837,37.17785991974233,136853500
2007-01-05,37.65008544921875,37.735948501673604,37.332400343487166,37.735948501673604,138958800
2007-01-08,37.675872802734375,37.8819377245258,37.46980460560007,37.68445747641615,106401600
2007-01-09,37.86475372314453,38.02789195215979,37.461208674512115,37.78747858185885,121577500
2007-01-10,38.31121063232422,38.34555584830222,37.6243226894645,37.74452767004744,121070100
2007-01-11,38.70618438720703,38.8435620124136,38.33698140533795,38.388495967702326,174029800
2007-01-12,38.90364456176758,38.93798649394663,38.61171684854038,38.65464672026865,104217300
2007-01-16,38.877899169921875,38.98093483263181,38.74910950454527,38.9380016688324,95690500
2007-01-17,38.560218811035156,38.886491899094295,38.49153163611483,38.71476904878207,127142600
2007-01-18,37.84756851196289,38.50011132839581,37.73594818238628,38.45718144020189,189029800
2007-01-19,37.92484664916992,38.019294384099446,37.70160922825192,37.75312706785195,127544300
2007-01-22,37.51271438598633,37.976365124120356,37.35816413994165,37.959192510633045,123441700
2007-01-23,37.41825866699219,37.76170100738543,37.349568233709455,37.48694582493478,133103600
2007-01-24,38.0364875793457,38.05366020183805,37.58142454699854,37.65869971054266,117615300
2007-01-25,37.54705047607422,38.18242391912529,37.41826081927138,38.08797620559902,158337600
2007-01-26,37.40967559814453,37.63291626005259,37.16926560101945,37.615743649495,146284300
2007-01-29,37.44401931762695,37.70160191497968,37.263711827014085,37.315226381280375,104191500
2007-01-30,37.46119689941406,37.59857452125789,37.36674917027002,37.504126792113844,69605900
2007-01-31,37.83897399902344,37.94200636786712,37.20360390325744,37.418256582296756,157772500
2007-02-01,37.77888107299805,38.122326756525254,37.65008812284015,38.010706418077795,147365600
2007-02-02,37.91623306274414,37.99350812553844,37.72733773694951,37.8818878625381,98189200
2007-02-05,37.881919860839844,38.08798796080019,37.74454221931339,37.89909247544831,96347800
2007-02-06,37.830406188964844,37.97636850358429,37.46978782432264,37.95061121873177,121110200
2007-02-07,38.173831939697266,38.336970073204505,37.88190416300745,38.019281747606186,117823800
2007-02-08,38.16525650024414,38.29404617456221,37.97636104750205,38.122326608804784,89521900
2007-02-09,37.675872802734375,38.39710657969012,37.54707977010757,38.268313547063315,133472000
2007-02-12,37.529884338378906,37.68443457346504,37.42685194010178,37.66726196119537,126940000
2007-02-13,37.65865707397461,37.77886201998393,37.521279524915506,37.58996666177549,93648000
2007-02-14,38.294044494628906,38.38849221685659,37.81322449105613,37.81322449105613,133370000
2007-02-15,38.517295837402344,38.517295837402344,38.25112520783049,38.31981567043285,110452500
2007-02-16,38.38849639892578,38.491532075493836,38.26829138493737,38.34556650469292,72342200
2007-02-20,38.680423736572266,38.7405262427451,38.148085849609636,38.32839336812813,93629000
2007-02-21,38.800628662109375,38.81780127459761,38.4915314633439,38.56880330652957,95864000
2007-02-22,38.99811553955078,39.10973590236465,38.697602957369014,38.94660096851476,116344400
2007-02-23,38.860740661621094,39.03246355311353,38.68902104547039,38.998118319746695,113467100
2007-02-26,38.67184066772461,39.066800946153315,38.431427357747125,39.04962833291628,101623700
2007-02-27,37.08339309692383,38.19100163054182,36.97177606975778,38.096553934216914,317813200
2007-02-28,37.203609466552734,37.57280911639641,36.860163818596206,37.04905925250634,214978700
2007-03-01,37.03188705444336,37.383917373610885,36.26772391834853,36.533891186901734,231806500
2007-03-02,36.47380065917969,37.04048387784742,36.46521598897116,36.731383344875645,183359400
2007-03-05,36.190460205078125,36.74855547075607,36.1131850728653,36.190460205078125,171885400
2007-03-06,36.79146957397461,36.91167783106602,36.49095711959633,36.516714394160154,155551800
2007-03-07,36.64552307128906,36.90310575368043,36.619765785652376,36.800073335792185,119979300
2007-03-08,36.89451599121094,37.12634135596789,36.78289564328921,37.031893621214195,120900700
2007-03-09,36.860164642333984,37.21219496545327,36.619754648596086,37.20361029796571,128597600
2007-03-12,37.100563049316406,37.16066552898047,36.774293381237044,36.80863531580259,81310100
2007-03-13,36.37935256958008,37.126346609048724,36.37076789945193,36.920278497216316,171231800
2007-03-14,36.91168975830078,36.92027442748264,36.147523187468636,36.43086640058749,192586700
2007-03-15,36.82582473754883,36.971790308631775,36.67986244180687,36.834412681616584,111627400
2007-03-16,36.79747772216797,36.97789883592462,36.60846325400133,36.89198167884686,108328800
2007-03-19,37.17551040649414,37.27860773706627,36.90058200669843,36.99508925864165,95913200
2007-03-20,37.44182586669922,37.45041594008326,37.12393743563787,37.16689435736417,78755700
2007-03-21,38.16350555419922,38.18068897636073,37.244213771675824,37.4933684769137,173333500
2007-03-22,38.02605056762695,38.18929147858224,37.879996360354795,38.18069812674067,114856300
2007-03-23,37.90578842163086,38.12057643919265,37.86283147359951,38.02606918708065,68530300
2007-03-26,38.06044006347656,38.07762349997918,37.48480968896294,37.922975848860965,114237300
2007-03-27,37.79410171508789,38.00888973664409,37.75973484506167,38.00029638043498,76419200
2007-03-28,37.39027786254883,37.8284437345843,37.3816845112404,37.63083926073275,142795000
2007-03-29,37.43324279785156,37.67380424751728,37.029440412423575,37.648030742882796,124407000
2007-03-30,37.39888000488281,37.69099177297052,37.13254502163516,37.424656789722874,120418700
2007-04-02,37.4504280090332,37.59648224545137,37.20127319436258,37.519158450464076,89617700
2007-04-03,37.940120697021484,38.0689947010126,37.62223563855268,37.64800912839008,105814500
2007-04-04,38.09479904174805,38.12916590763113,37.91437791196891,37.96592493338883,85147200
2007-04-05,38.2838134765625,38.30099690948154,38.00029174950541,38.05184204826253,54220200
2007-04-09,38.18930435180664,38.44704927807821,38.129163978256756,38.41268241393412,63050200
2007-04-10,38.38690185546875,38.38690185546875,38.15493048120031,38.180703985873265,76364500
2007-04-11,37.98309326171875,38.36971215564623,37.86281255636429,38.352528729537966,114012300
2007-04-12,38.2838134765625,38.335360497914905,37.75973024344828,37.92296794007209,113801300
2007-04-13,38.36113357543945,38.42127394613654,38.051838367623354,38.2923998504117,94572000
2007-04-16,38.71335983276367,38.7906835830067,38.51575542156532,38.51575542156532,72803200
2007-04-17,38.79930114746094,38.833668011344095,38.62747010544966,38.79071107019241,81852300
2007-04-18,38.6704216003418,38.85943604767426,38.5157772894564,38.60169115965985,82002500
2007-04-19,38.790706634521484,38.87662050700071,38.42127108353335,38.498594879726305,95413000
2007-04-20,39.00548553466797,39.2374535919715,38.83365455221061,39.10858281318102,122377400
2007-04-23,39.06562423706055,39.177311585148054,38.95393361156978,39.057030885728736,85303300
2007-04-24,39.263240814208984,39.37493147412801,38.94535554241326,39.20310044596126,108143700
2007-04-25,39.78730773925781,39.795897812328874,39.26322479204394,39.39209555252745,106818100
2007-04-26,39.99351119995117,40.079428336866904,39.804500053543876,39.88182056066255,99308300
2007-04-27,40.01069641113281,40.12238705540095,39.77013497185112,39.83886540704426,96536500
2007-04-30,39.486602783203125,39.97631888382148,39.45223593607831,39.941955314099594,93290500
2007-05-01,39.45223617553711,39.641250558467895,39.22885822267586,39.49519637340534,135044400
2007-05-02,39.88182830810547,40.01929575387506,39.563943033274015,39.598309894716415,91971600
2007-05-03,40.02790069580078,40.1395913982653,39.89043647638503,39.95916694739015,98003600
2007-05-04,40.0622444152832,40.28562241370124,39.881820068687674,40.182525128077806,93591800
2007-05-07,40.0622444152832,40.19111520296158,40.010694133769675,40.088017917338156,47487900
2007-05-08,40.148170471191406,40.182537335974786,39.77873486828159,39.92479240490866,95138900
2007-05-09,40.23408126831055,40.35436199861993,39.91619273545963,39.94196951867171,116021000
2007-05-10,39.68423080444336,40.19113062964526,39.58113347924777,40.096623382630604,171196300
2007-05-11,40.19110107421875,40.19110107421875,39.67561154991269,39.72716181330428,104767900
2007-05-14,39.91618347167969,40.27702885626665,39.68421214103164,40.18252165369856,118899200
2007-05-15,39.606895446777344,40.122388477311745,39.512391504713094,39.881823752100786,179438500
2007-05-16,39.99351119995117,40.002104552344576,39.443654633305115,39.69280941425525,144420500
2007-05-17,39.80451583862305,40.01071049418308,39.77014897022806,39.94198003479806,109869100
2007-05-18,40.1309814453125,40.1309814453125,39.84746304387815,39.93337691645725,104961700
2007-05-21,40.38873291015625,40.5863407485589,40.096621107506074,40.156764760979506,112831400
2007-05-22,40.423095703125,40.62070024421436,40.26844810098474,40.41450562629692,98029100
2007-05-23,40.23408126831055,40.69802075987473,40.208304485098466,40.543373170218636,119220600
2007-05-24,39.65843200683594,40.414486223498756,39.49519440623718,40.259838695604024,206268600
2007-05-25,39.907615661621094,40.0021229169139,39.675644201558356,39.74437466524074,87143200
2007-05-29,40.21690368652344,40.25986062825108,39.87324159789309,39.950565403964696,99702400
2007-05-30,40.543365478515625,40.551958830424056,39.8216779561705,39.93336858915581,132036500
2007-05-31,40.73239517211914,40.82690241414476,40.56056412092752,40.65507136295315,109457700
2007-06-01,40.7581672668457,41.04168898307358,40.698026892628505,40.87845129268469,125089800
2007-06-04,40.87845993041992,40.93000696069551,40.58634807503893,40.61212159017671,64782700
2007-06-05,40.87845993041992,40.87845993041992,40.380150121720746,40.766769235814024,151160400
2007-06-06,40.44026565551758,40.70660383207895,40.34575845488602,40.698010480710664,183166500
2007-06-07,39.813087463378906,40.56054847878937,39.795904037146045,40.30280364010336,221373300
2007-06-08,40.30280303955078,40.31998646552759,39.658439313735705,39.79590344414679,177587800
2007-06-11,40.225486755371094,40.543372001655655,40.17393646783684,40.27703704290535,97100400
2007-06-12,39.98492431640625,40.41450020306105,39.907600525712226,40.010697820836285,153967700
2007-06-13,40.423095703125,40.457462565246026,39.98492968199718,40.15676071519795,147985300
2007-06-14,40.689430236816406,40.80112088976438,40.45745885488019,40.466048930920465,101531900
2007-06-15,41.0651741027832,41.15975522452212,40.97059626101106,41.0651741027832,100378400
2007-06-18,41.07377624511719,41.159757298320955,40.98779191194649,41.14256043168681,75713200
2007-06-19,41.0651741027832,41.15115843162166,40.85021820063722,40.953399395243366,109621300
2007-06-20,40.678245544433594,41.20273505436102,40.61805816985232,41.12535409844159,161889500
2007-06-21,41.04798126220703,41.09097178742336,40.480497801437664,40.66105997532637,143181300
2007-06-22,40.661048889160156,41.02217313847764,40.532074068709086,40.96198576359139,153328700
2007-06-25,40.48908615112305,40.910401082304816,40.2569334274065,40.669648287358314,136602600
2007-06-26,40.2569465637207,40.686858426451565,40.18816237126671,40.67826163238252,128211900
2007-06-27,40.876007080078125,40.893203942455244,40.15375526006954,40.213942638406415,141196200
2007-06-28,40.85881423950195,41.14255429673819,40.81582371931057,40.85881423950195,116546300
2007-06-29,40.92760467529297,41.168357529125075,40.59227397456165,41.082373195625415,124794700
2007-07-02,41.29731750488281,41.31451436675043,40.996380622114586,41.02217427493299,80863100
2007-07-03,41.538089752197266,41.546686547175774,41.30593692816687,41.348927462994524,34803300
2007-07-05,41.83900451660156,41.93358561088352,41.520870792170655,41.56386130412632,73588500
2007-07-06,42.01097106933594,42.053961582545114,41.70143412628444,41.88199624974251,65804300
2007-07-09,42.03679275512695,42.11417704249653,41.89062425674447,42.045392831483625,66768800
2007-07-10,41.68424606323242,42.045373666337085,41.64125554094931,41.80462083761177,104383100
2007-07-11,41.967987060546875,41.967987060546875,41.54667209388118,41.58966261375325,99637600
2007-07-12,42.612857818603516,42.707435657260405,42.06256797206344,42.1055617750499,107667100
2007-07-13,42.90519332885742,42.96538071057196,42.62145000366062,42.67304059368721,74232200
2007-07-16,42.862213134765625,43.0599754859865,42.78482886514752,42.89660687236642,77799500
2007-07-17,43.18893814086914,43.24912552922659,42.92239164959569,42.956785380076134,124833700
2007-07-18,43.13735580444336,43.13735580444336,42.68165026820912,42.94819681051691,144915900
2007-07-19,43.26631164550781,43.55865172203013,43.257714855006796,43.343695879880364,116563800
2007-07-20,43.03416442871094,43.300710887745716,42.76762124964243,43.240523506667905,163721300
2007-07-23,43.051368713378906,43.25772782690956,42.9223938574264,43.18034356933142,107464100
2007-07-24,42.41510009765625,43.07716138851882,42.17434725737582,42.73323391378027,175496200
2007-07-25,42.47527313232422,42.70742254132876,42.18293307361719,42.630041591637685,170258700
2007-07-26,42.11414337158203,42.53545821707262,41.31450746807382,42.18293080756641,318522000
2007-07-27,41.262935638427734,42.23453393616873,41.262935638427734,42.03677490353206,246387600
2007-07-30,41.74443817138672,41.89920669308229,41.228545285712784,41.46069806825615,166517200
2007-07-31,40.86741638183594,42.12276138354998,40.781435330196715,42.10556451722876,260224500
2007-08-01,41.185550689697266,41.21134434744262,40.39451129251766,40.74703882822633,301153900
2007-08-02,41.56387710571289,41.64126136863905,41.09097473448283,41.21134952570862,177369900
2007-08-03,40.7728271484375,41.538072787694134,40.54067769918648,41.48648219899045,166048400
2007-08-06,41.245758056640625,41.28874860036248,40.43752140280955,40.81584605948563,190869100
2007-08-07,41.538089752197266,41.804633036109244,40.82443441018151,41.16836524873785,167109700
2007-08-08,41.99378967285156,42.18295193659263,41.615468425336545,41.71004627723996,164831200
2007-08-09,41.022178649902344,42.10555810334121,41.0049817862007,41.434893538842644,242418200
2007-08-10,40.65245056152344,41.12535607014333,40.093567302192945,40.58366639297532,247006400
2007-08-13,40.92760467529297,41.168357529125075,40.824426755060315,40.996392142092695,116935100
2007-08-14,40.23115921020508,41.04799253347501,40.17956859779924,41.01359879187112,153529800
2007-08-15,39.46590805053711,40.48909704445214,39.38852378847853,40.13656946840015,214854100
2007-08-16,39.0789909362793,39.47450908261697,38.16757656083531,39.14777513217971,362468700
2007-08-17,39.818416595458984,40.05916606014575,39.19934279487536,39.818416595458984,223246600
2007-08-20,40.0075798034668,40.17094834068662,39.620661916288036,39.97318936191625,144715100
2007-08-21,40.428890228271484,40.523471312015644,39.887200654078406,39.96458487896313,115027200
2007-08-22,40.97917938232422,41.013573102385074,40.64384881164508,40.73842990182959,115814100
2007-08-23,40.86741638183594,41.1425596830417,40.60946994695139,41.090972364044916,118663400
2007-08-24,41.443485260009766,41.469278910381746,40.68683980942985,40.73843039013952,88189200
2007-08-27,41.16835403442383,41.44349731833248,41.13396030394358,41.323122541618275,72490400
2007-08-28,40.18815231323242,41.013582095900254,40.16235537754716,40.92759777689336,106024800
2007-08-29,41.34030532836914,41.37469576717102,40.454685109918415,40.454685109918415,113201000
2007-08-30,41.55526351928711,41.90779095683275,41.056564408631175,41.12535185008679,138930000
2007-08-31,42.01958084106445,42.1829494336809,41.79602813533526,42.01098404775318,94687200
2007-09-04,42.716026306152344,42.991169528739,42.05396190181385,42.071158763221256,98480900
2007-09-05,42.28611755371094,42.690235624994244,42.01957110329507,42.61285138325842,114049300
2007-09-06,42.2517204284668,42.44088262192478,41.96798041824572,42.329104663975436,99222600
2007-09-07,41.469276428222656,41.78741012364266,41.22852695925244,41.7272227564001,152438000
2007-09-10,41.443485260009766,41.91638743663507,41.1081546853112,41.80460948508031,125199400
2007-09-11,42.0711669921875,42.122757586500654,41.64125521281094,41.71003939192857,103064500
2007-09-12,42.07976150512695,42.44948587776013,41.94218987437738,41.99378046589587,93993400
2007-09-13,42.28611755371094,42.4322859658974,42.07975848242669,42.38069865805096,80807500
2007-09-14,42.320518493652344,42.397902748580506,41.899203487939744,41.95939087733201,99801200
2007-09-17,41.967987060546875,42.21733338779145,41.77882483715006,42.13135234804731,84882300
2007-09-18,43.02556228637695,43.05995600842023,41.98517679431189,42.208729427661446,151452100
2007-09-19,43.13735580444336,43.49848348369802,42.97399047333249,43.240537015640285,127025800
2007-09-20,43.0169563293457,43.21471528408395,42.92237524665232,43.04275325733098,109970600
2007-09-21,43.32322692871094,43.46087009022768,43.02213025674368,43.25440370711665,86829500
2007-09-24,43.52109909057617,43.83939836176407,43.29743013068883,43.43507332485164,107226800
2007-09-25,43.93400955200195,43.93400955200195,43.323218348838985,43.37483247314104,101102200
2007-09-26,44.14908981323242,44.31254005650691,43.977035025659625,44.1835014270814,96124600
2007-09-27,44.372764587402344,44.43298327428411,44.183503981961195,44.40717292156884,73423200
2007-09-28,44.22651672363281,44.45879020731528,44.02865485568233,44.338352833925626,75546000
2007-10-01,44.734073638916016,44.87171681115349,44.20070675670482,44.260925439454205,100404100
2007-10-02,44.742679595947266,44.78569575814339,44.493203576240845,44.76848994959943,71046000
2007-10-03,44.4329833984375,44.79429552073765,44.303941479517555,44.596433651620096,106785000
2007-10-04,44.53620910644531,44.5878265235582,44.1662924879827,44.51900330074102,84129300
2007-10-05,45.43949890136719,45.50832213376628,44.785694601937536,44.88032162397777,115674700
2007-10-08,45.723388671875,45.73198993487414,45.34486746646739,45.42229196014874,63022400
2007-10-09,45.92123794555664,45.98145661505493,45.62014131639382,45.826607670153216,93965600
2007-10-10,46.033077239990234,46.08469465613393,45.77499672261543,45.92984568937468,91777500
2007-10-11,45.30184555053711,46.40299076839895,44.97494183335752,46.273952159121045,239786700
2007-10-12,46.0502815246582,46.05888606790058,45.42228441650478,45.50831344057001,131676000
2007-10-15,45.697574615478516,46.20513441476619,45.33626252870017,46.11910866505858,121578700
2007-10-16,45.482505798339844,45.83521661381129,45.31905556539958,45.413685856665175,193676600
2007-10-17,46.0674934387207,46.16212373690601,45.31905887929389,46.12771212271642,183985200
2007-10-18,46.26534652709961,46.35997680734548,45.69756812729591,45.87822742670691,144491200
2007-10-19,45.11259841918945,46.25676012918991,45.0695855366218,46.25676012918991,245111500
2007-10-22,45.6545524597168,45.69756532582671,44.751269144723324,44.87170648249961,207052100
2007-10-23,46.609474182128906,46.63528125708751,45.88684654823261,46.11912006787851,162360600
2007-10-24,46.256752014160156,46.40299644556836,45.25023367395776,46.23094494548153,298293400
2007-10-25,45.63734436035156,46.437396100086346,45.37926389500802,46.35997163231617,233833100
2007-10-26,46.3943977355957,46.62667121149774,45.97286366117968,46.52343964943201,146690300
2007-10-29,46.58363723754883,46.73848615135633,46.316952267842424,46.61804555487328,101896600
2007-10-30,46.678279876708984,46.936363674110446,46.36858522683649,46.40299355570778,114616600
2007-10-31,47.34068298339844,47.37509458985005,46.48901705458531,46.85893361976157,148431900
2007-11-01,46.454620361328125,47.11702923065146,46.42881328904035,47.039604732115684,181974200
2007-11-02,46.81591796875,46.9277540500714,46.11049643734691,46.81591796875,217882900
2007-11-05,46.51482391357422,46.79871474304162,46.101894482989145,46.33416790300664,150588900
2007-11-06,47.03961181640625,47.04821308124006,46.26536671444509,46.738518322128556,131884700
2007-11-07,45.89544677734375,46.95358277019637,45.861038438732734,46.643884750988065,197908200
2007-11-08,44.50179672241211,45.8782316198115,43.70174482024802,45.71477810929447,380626400
2007-11-09,43.013545989990234,43.97704850129754,43.013545989990234,43.641543367643315,309414900
2007-11-12,41.92098617553711,43.21999662644187,41.852166233626726,42.94470701378455,283216000
2007-11-13,43.650115966796875,43.69312882497087,42.45433750686714,42.48874910607463,255625900
2007-11-14,43.09095764160156,44.252321724000616,42.927507397031015,44.20930884718438,263284100
2007-11-15,42.85866928100586,43.47806499335151,42.47154696078983,43.01351820909227,251548800
2007-11-16,43.254390716552734,43.43504997814454,42.445737795713065,43.151159196836595,263623700
2007-11-19,42.755435943603516,43.40063868938726,42.50595676096613,43.15115950674987,198651100
2007-11-20,42.9275016784668,43.68453739826642,42.093038196371445,42.97911581110167,300763600
2007-11-21,42.4199333190918,43.159763084054006,42.02420645302145,42.54037064637237,212225400
2007-11-23,42.87590026855469,42.987736400461785,42.47157190974107,42.69524417355526,46463300
2007-11-26,42.13605880737305,43.33183456424977,42.06723885732787,42.98772825067926,150352100
2007-11-27,42.9791259765625,43.05655047549903,42.23929260487399,42.49737645577741,211369300
2007-11-28,44.2867317199707,44.475992309053495,43.52969264531157,43.55550299579597,216868100
2007-11-29,44.47597885131836,44.639429040459284,44.045843665680216,44.11466358891338,172087300
2007-11-30,44.14048767089844,44.94914089020059,43.830789715774024,44.91472927703742,171417400
2007-12-03,43.77056884765625,44.329742766108154,43.71895143048929,43.951224885232776,108625700
2007-12-04,43.589900970458984,43.82217437960053,43.34042504064435,43.43505531270253,113374100
2007-12-05,44.372764587402344,44.734076708692925,44.011449184439456,44.04586080027826,137614200
2007-12-06,45.00935745239258,45.05237032598454,44.39856611503975,44.41577192081091,99724500
2007-12-07,45.0179557800293,45.19861179317368,44.80288816009414,44.98354417323853,88992300
2007-12-10,45.198631286621094,45.32766994523163,45.0093706493182,45.12980804335718,75657900
2007-12-11,44.14908981323242,45.4567016044447,44.05445951598377,45.26744100994741,167064300
2007-12-12,44.54480743408203,45.10398459678432,43.77916717987269,44.9491356373182,162975200
2007-12-13,44.3039436340332,44.4157797504243,43.856602450141295,44.15769918170617,153476200
2007-12-14,43.84799575805664,44.389963900765615,43.804979600535425,43.951227316429005,128396700
2007-12-17,42.7812614440918,43.86520436197596,42.76405563632052,43.684545021213744,134377000
2007-12-18,42.91890335083008,43.245807125437736,42.30811196060243,43.220000055382876,154251700
2007-12-19,42.91030502319336,43.185591394849304,42.67803153179508,42.918906286575925,137970900
2007-12-20,43.78776168823242,43.839375808445034,43.18557179294156,43.54688376111353,167341700
2007-12-21,44.65152359008789,44.694584583546835,44.33289260606567,44.50512672462372,107573500
2007-12-24,44.98738479614258,45.12517144376093,44.73764547074283,44.7893134104167,34499800
2007-12-26,45.21127700805664,45.32322966142618,44.78069341750372,44.89264607087327,58492100
2007-12-27,44.668739318847656,45.211275545216004,44.53095270573258,45.06487870600898,65778900
2007-12-28,44.625694274902344,44.9184913214512,44.28983951549778,44.815152153578936,67545400
2007-12-31,44.10899353027344,44.50512973014403,44.10038001696294,44.41040079428524,70135600
2008-01-02,43.411434173583984,44.32427249891268,43.1703084324032,44.15203841874419,152344100
2008-01-03,43.59229278564453,43.712855695801416,43.187546342274,43.411448420409215,114103700
2008-01-04,41.68050003051758,42.91196957358464,41.516876135576226,42.89474583279647,212617600
2008-01-07,41.48244857788086,41.852750969950016,40.84518628810665,41.68052004953163,235083600
2008-01-08,40.40596389770508,41.99051169477737,40.40596389770508,41.56854160172377,261669800
2008-01-09,41.26713180541992,41.301579282808895,40.00982844655271,40.56958845630063,254011800
2008-01-10,41.327415466308594,41.689104114277114,40.72459776793555,40.84516065059172,249958500
2008-01-11,40.517921447753906,41.13796296477389,40.216514202031746,41.10351548380776,211685200
2008-01-14,41.22407150268555,41.344634380855055,40.74181999000749,41.06906114929844,168048500
2008-01-15,40.087345123291016,40.92267862150044,39.91511097204978,40.79350218679621,241094900
2008-01-16,39.656761169433594,40.397365716128824,39.148672232870105,39.77732408911083,265625900
2008-01-17,39.105594635009766,40.113161766659765,38.92475034743642,39.82036484554942,254098800
2008-01-18,39.05392074584961,39.73424344005564,38.73528988701678,39.303659955382145,273063300
2008-01-22,38.04638671875,38.554475759366206,36.79769297976843,36.883811715098034,325732000
2008-01-23,37.899967193603516,38.02053336161233,35.8331678755494,36.63405363788667,390129000
2008-01-24,38.675025939941406,38.692249681323034,37.9430349992325,38.05498439057392,250249100
2008-01-25,37.88274002075195,39.50173171144385,37.839679040126605,39.50173171144385,199299100
2008-01-28,38.1755485534668,38.27027419839751,37.52105955608354,37.908585503864074,163711200
2008-01-29,38.24442672729492,38.476942213869066,37.92579585388209,38.373603092644366,138520000
2008-01-30,38.20998764038086,39.028097135176985,38.0463670554585,38.106648496487374,220824400
2008-01-31,38.864479064941406,39.260615213074814,37.736348780378144,37.779406486028755,246824100
2008-02-01,39.260623931884766,39.51036327924854,38.64919583462294,39.18311873046474,161920300
2008-02-04,38.709468841552734,39.27783909951039,38.70085532933492,39.252005133041706,100209900
2008-02-05,37.607154846191406,38.40804028127764,37.581320891863086,38.03773827214784,188990400
2008-02-06,36.866573333740234,38.03775810347309,36.83212585328242,37.82246627825055,178285000
2008-02-07,37.12493133544922,37.710525496440106,36.29821132643619,36.45322173876279,286254800
2008-02-08,37.54688262939453,37.69328273833905,36.97851249926919,37.20241777528042,173781300
2008-02-11,37.95164108276367,38.08081748647243,37.4952234838196,37.69329156043858,119562300
2008-02-12,37.73634719848633,38.47695153096353,37.46938417849573,38.184154545683995,145412400
2008-02-13,38.563072204589844,38.64919090913321,38.02914937679167,38.2272174696024,148685900
2008-02-14,37.865535736083984,38.62336076500994,37.79664075976711,38.62336076500994,170868900
2008-02-15,37.73634719848633,37.87413382184775,37.417716247917845,37.65884201752726,100053300
2008-02-19,37.66746139526367,38.321947136879686,37.26271168888044,38.23583171577773,110507600
2008-02-20,37.83967971801758,37.968856092024595,37.236865399562554,37.25408585001128,137338800
2008-02-21,37.47799301147461,38.29610242277607,37.32298266890836,38.201373515086495,127857000
2008-02-22,37.61578369140625,37.624393917996045,36.68572153528346,37.60717017972427,157364700
2008-02-25,37.80524444580078,37.95164130477418,37.3229895922384,37.5727288888203,121444300
2008-02-26,37.95164108276367,38.304719529796195,37.34882334061019,37.589952408527026,148375900
2008-02-27,38.14109802246094,38.287494877086175,37.60717196595255,37.69329066140181,125682600
2008-02-28,37.994693756103516,38.347772156366446,37.848296917378576,37.994693756103516,129196700
2008-02-29,36.98713302612305,37.6932898888725,36.90101433243881,37.589950741543674,188724500
2008-03-03,36.74599838256836,37.02157487537099,36.37569955384394,36.96129015641071,132963800
2008-03-04,36.952693939208984,37.06464662387259,36.1862554593975,36.51349999951795,183851000
2008-03-05,37.133541107177734,37.49523315984509,36.81491005692055,37.02159169917237,183208300
2008-03-06,36.31542205810547,37.26270802248425,36.25514061224683,37.10769765167849,152752200
2008-03-07,36.229312896728516,36.72017806061315,35.63510856284,36.10013647040393,242552400
2008-03-10,35.53177261352539,36.28960099752732,35.454267400558216,36.177648293220614,146801900
2008-03-11,36.883785247802734,36.901005697417645,35.747041752820316,36.048452182545205,196755300
2008-03-12,36.78044128417969,37.40909279146719,36.685712389846124,37.03018049922429,155566100
2008-03-13,37.064659118652344,37.314398543593676,36.00542322693932,36.36711208919026,208967900
2008-03-14,36.38432312011719,37.35744321451676,35.9451291858833,37.31438550097901,309589800
2008-03-17,35.72121810913086,36.177635712837905,35.35091591873337,35.557597509805724,193130600
2008-03-18,37.31439208984375,37.32300232003448,36.26376661152269,36.37571931456351,216300400
2008-03-19,36.39292907714844,37.546893404015215,36.36709510907665,37.46938821470727,216157200
2008-03-20,37.136688232421875,37.145305186432346,36.283465128393,36.498925142902834,128397000
2008-03-24,38.420833587646484,38.57596178241964,37.30043881726704,37.30043881726704,125018000
2008-03-25,38.63629150390625,38.843131277410144,38.16227684033707,38.52425137545727,118107500
2008-03-26,38.52426528930664,38.6535393725219,38.162290623451675,38.4984078425355,124824600
2008-03-27,37.6710319519043,38.36050341042722,37.6710319519043,38.300174863285164,143868600
2008-03-28,37.481422424316406,38.21398509709118,37.34352815811203,37.93819656468242,111822300
2008-03-31,37.67965316772461,37.93820456039179,37.446955928026355,37.61932461902425,113644800
2008-04-01,39.291297912597656,39.308535112460575,38.27432613430329,38.28294309040489,137494400
2008-04-02,39.20512008666992,39.66189443315139,38.92932814215381,39.386105776295395,132486800
2008-04-03,39.291297912597656,39.56708653508497,38.90346913483121,39.03274648997326,140033800
2008-04-04,39.52397918701172,39.94627890597282,39.127533613554014,39.44641346284318,139261000
2008-04-07,39.437801361083984,39.99799873875633,39.34300171212227,39.765301518230544,102297100
2008-04-08,39.13616943359375,39.403341120678775,38.93794655130227,39.13616943359375,97435200
2008-04-09,38.696632385253906,39.2051183147873,38.46393510011219,39.18788111355532,127182300
2008-04-10,39.248199462890625,39.50675083878339,38.72247646890184,38.72247646890184,112773800
2008-04-11,38.162296295166016,38.869005242286825,38.02440194664636,38.800059711857294,120135400
2008-04-14,37.98991394042969,38.334648014679516,37.8778738046604,38.10195078853983,89274600
2008-04-15,38.04164123535156,38.22262696126289,37.6451953725951,38.12782726268608,124232300
2008-04-16,39.10169982910156,39.19650280349533,38.48117694811935,38.51564806708588,134027900
2008-04-17,39.0155029296875,39.18787161255695,38.76556850390976,39.1447769760952,124953100
2008-04-18,40.256568908691406,40.44617487047306,39.83426890538212,40.049729030075596,133022500
2008-04-21,40.54097366333008,40.57544806875824,40.066962095503705,40.17899898165486,83303200
2008-04-22,39.93768310546875,40.30827472969873,39.58432868325645,40.29103752768105,104689600
2008-04-23,40.37723159790039,40.55822062612199,39.877365749543486,40.23072027106406,131086200
2008-04-24,40.73918151855469,41.187338760640905,39.98076131751193,40.39444416690097,166509000
2008-04-25,40.63576126098633,40.808126647596865,40.135892434370554,40.782272497137086,121945400
2008-04-28,40.71334457397461,41.040841580026196,40.618541597821626,40.73057848994749,71244000
2008-04-29,41.023590087890625,41.16148438126814,40.55819890252859,40.63576464803214,91270600
2008-04-30,40.68748474121094,41.420051058240716,40.532353205259234,41.1097879863373,132152700
2008-05-01,41.971622467041016,41.988859667231445,40.696099241887225,40.70471619815255,143596900
2008-05-02,42.03196716308594,42.393938643093485,41.66137543584333,42.368084476710386,124990000
2008-05-05,41.91128921508789,42.25602331729828,41.71306636659355,42.0319463152445,75624700
2008-05-06,42.16986083984375,42.34222961745292,41.48900597650108,41.79065215923237,139582600
2008-05-07,41.402809143066406,42.42839792498124,41.25629458127294,42.178463446878176,140008300
2008-05-08,41.71305465698242,41.97160598297502,41.420028944148555,41.57516039727581,128058700
2008-05-09,41.54932403564453,41.76478413118842,41.28215562127261,41.40281274875156,97062000
2008-05-12,42.307716369628906,42.393899035494876,41.54067946538469,41.60962494054588,89606500
2008-05-13,42.41978073120117,42.51458369047962,42.02333169352221,42.32497777192272,85448100
2008-05-14,42.324989318847656,43.03169829652129,42.264660744240935,42.583540822542275,143598200
2008-05-15,43.066162109375,43.1092534681101,42.21293874071637,42.33359586023861,157248900
2008-05-16,43.10061264038086,43.1867986043515,42.61798439277871,43.15232421876325,146563200
2008-05-19,42.79038619995117,43.4970952139898,42.523214436044505,43.13512046006267,140048700
2008-05-20,42.462867736816406,42.63523643714229,42.13536753496318,42.63523643714229,137163700
2008-05-21,41.52346420288086,42.747275800283916,41.38556989207967,42.51458182203042,192806700
2008-05-22,41.66997146606445,41.96299725932023,41.463131663565896,41.62688011451554,153198200
2008-05-23,41.54069900512695,41.669973064733306,41.21319880300374,41.52346180631421,121698400
2008-05-27,42.273258209228516,42.324969801185546,41.618261149402294,41.62687810423218,106984300
2008-05-28,42.44563293457031,42.54043588948526,42.01471280325488,42.471487090398135,121363000
2008-05-29,42.824851989746094,43.06616955818931,42.44564336456462,42.47149752674548,143993000
2008-05-30,43.10061264038086,43.29883871368416,42.87653570937391,42.98857581870657,94153600
2008-06-02,42.57490921020508,43.023063242276635,42.1956974001543,43.023063242276635,144359900
2008-06-03,42.34220886230469,43.00582619383084,41.945759881835215,42.73865455511479,167606900
2008-06-04,42.88515853881836,43.17818428115735,42.1784499757053,42.21292436601784,174870800
2008-06-05,43.5660285949707,43.61774019900605,42.83346561993327,42.99721410122187,126653700
2008-06-06,42.256038665771484,43.27301071885227,42.24742170734157,43.18682798391075,189136000
2008-06-09,42.03196716308594,42.393938643093485,41.325258122218884,42.34223031032729,208897300
2008-06-10,41.8337287902832,42.178462936362585,41.506228556996945,41.601031515658214,162798500
2008-06-11,40.82537841796875,41.816496183091736,40.80814121562242,41.747547373706404,170366900
2008-06-12,40.86845016479492,41.46312185351434,40.50647895223407,41.11838454736805,189913200
2008-06-13,41.68721008300781,41.773396076698305,40.90293562255156,41.118395675288546,167855000
2008-06-16,42.05781173706055,42.24741768105468,41.42866862649674,41.47175998986078,136343900
2008-06-17,41.8337287902832,42.28188613908024,41.77340023252782,42.18708318041897,122932000
2008-06-18,41.38557052612305,41.756162108515035,41.2218220569316,41.592410351663844,169338100
2008-06-19,42.03196716308594,42.23880706947281,41.03223218178661,41.3080209154098,221304200
2008-06-20,40.89695739746094,41.69902792316812,40.715845547127536,41.681781995476065,197434200
2008-06-23,40.577877044677734,41.17296386044661,40.51750639524519,41.06084553009175,131488800
2008-06-24,40.37089920043945,40.85386447126254,40.02592118703368,40.388148430105154,178293800
2008-06-25,41.026336669921875,41.397186730915884,40.48299767289181,40.543368307011505,179023400
2008-06-26,39.37045669555664,40.2760196333722,39.361830437984636,40.2673933758002,190028300
2008-06-27,39.37045669555664,39.586067075510506,38.78399619888587,39.32733198760322,181351800
2008-06-30,38.95647430419922,39.52568875507157,38.939228372311575,39.249704495579216,132912400
2008-07-01,39.50844192504883,39.551563337283824,38.53388221676418,38.64600052053746,245494300
2008-07-02,38.55976486206055,39.78443369932593,38.49939421057075,39.62919394122252,199576400
2008-07-03,38.49076461791992,38.87886394639073,38.18890812246343,38.79261782342322,123118300
2008-07-07,38.723628997802734,39.2065941862596,38.154417675726,38.84437029491695,181011300
2008-07-08,39.64644241333008,39.68093757784283,38.6115118090123,38.76675156415765,206151200
2008-07-09,38.59424591064453,39.69816965709165,38.57699669086226,39.63779903282983,168500300
2008-07-10,39.05136489868164,39.172106228145935,38.27516922785927,38.65464244759769,238811500
2008-07-11,38.43038558959961,39.042718124241354,37.81804976500539,38.64599591503283,265514700
2008-07-14,38.14579772949219,38.96511803971165,38.00780718282027,38.93061958055513,177389800
2008-07-15,38.15440368652344,38.74948698552375,37.343706777504366,37.95603929690427,283891100
2008-07-16,39.103092193603516,39.13759063829761,37.8784237265853,38.2579000383148,186047800
2008-07-17,39.361839294433594,39.517079066125724,38.792627894880454,39.33596709580292,197555100
2008-07-18,38.456275939941406,38.956490420437774,38.456275939941406,38.93061822195035,160661000
2008-07-21,38.62013244628906,38.97373335834033,38.37002689138951,38.80987064444704,128107800
2008-07-22,38.62013244628906,38.64600793055374,37.82668778118027,37.97330126888161,152524500
2008-07-23,39.12898254394531,39.577452663268566,38.56839736225697,38.68051242462206,169259100
2008-07-24,38.542510986328125,39.335958908718425,38.50801582531813,39.31008671547259,145561000
2008-07-25,39.04271697998047,39.22382885844777,38.60287008661432,38.79260822021951,111616700
2008-07-28,38.30964660644531,39.25833415007456,38.12853469637214,39.03409753669096,124028500
2008-07-29,39.103092193603516,39.27558112712122,38.439011938029644,38.47351038272374,142290900
2008-07-30,39.30146789550781,39.51707831990272,38.7063843085613,39.21522504173144,165679900
2008-07-31,39.206600189208984,39.801687087462646,38.827127013040965,38.91336986991194,180473100
2008-08-01,38.70637893676758,39.284213214774354,38.292407374176115,39.24971476207001,180350400
2008-08-04,38.31829071044922,38.740885364116885,38.20617235153649,38.69776393067491,116298000
2008-08-05,39.6119270324707,39.64642547219579,38.671865934652075,38.71498733933229,151657400
2008-08-06,40.215667724609375,40.37090753369073,39.31010436493804,39.62920695473645,133463700
2008-08-07,39.90516662597656,40.40538096045893,39.74130393346482,39.974160231788275,152805800
2008-08-08,40.81074523925781,40.914237332869725,39.80168992414445,39.87930981684196,143121500
2008-08-11,41.181583404541016,41.63867636650791,40.65549354041507,40.793484054779796,157290100
2008-08-12,41.224708557128906,41.53518806505796,40.974599699080095,41.17296416577651,140549300
2008-08-13,41.13846969604492,41.50069363040962,40.75037027354418,41.15571892481762,169652100
2008-08-14,41.61280059814453,41.79391251582233,40.95734653371167,41.00046794887975,158069200
2008-08-15,41.535179138183594,41.88877999289384,41.36269019418893,41.6817958920626,123115900
2008-08-18,41.052207946777344,41.66454382059854,40.75897774901667,41.65591756451434,151399100
2008-08-19,40.543365478515625,41.04358302912735,40.319132180279304,40.84522191800798,155410600
2008-08-20,40.61237335205078,41.01772193963336,40.31052012084257,40.8279837429005,155466700
2008-08-21,40.42261505126953,40.603730189870944,40.00002073775386,40.31050007255418,118916200
2008-08-22,40.957332611083984,41.1211952490021,40.6037318629803,40.638227009416966,96515500
2008-08-25,40.09491729736328,40.71587310303907,39.991421921455576,40.67275167472124,128076500
2008-08-26,40.04316711425781,40.33639741448317,39.7758090114202,40.12078699637493,107225500
2008-08-27,40.30189514160156,40.61237464066913,39.92242202604874,40.06041254897282,108489900
2008-08-28,40.62961959838867,40.776233074236366,40.388137031132125,40.46575360779038,112808600
2008-08-29,39.77581024169922,40.63825194080777,39.60332124388671,40.198408121842164,133184300
2008-09-02,39.284210205078125,40.60374795531979,39.10309827718624,40.422632737474636,162277500
2008-09-03,38.91335678100586,39.361826723786486,38.628752817097826,39.19796403486689,161682900
2008-09-04,37.6541862487793,38.73223785151571,37.6541862487793,38.689116445396735,219004700
2008-09-05,37.47309112548828,37.757695165098326,36.92112898446552,37.32647433118006,247977500
2008-09-08,37.40408706665039,38.13716431822579,36.80900361392017,37.96467535962256,311065100
2008-09-09,36.61064529418945,37.76631712926242,36.52439916324162,37.386840732998955,214180600
2008-09-10,36.91248321533203,37.240211797076164,36.610630107115156,36.96423087243441,160658100
2008-09-11,37.60244369506836,37.68006355260672,36.369152230821655,36.395027709969675,203398200
2008-09-12,37.45583724975586,37.6973198340013,36.998744275304574,37.28334827960049,172094300
2008-09-15,36.29153823852539,37.33509161618501,36.24841353353613,36.56751924270061,616772300
2008-09-16,36.57613754272461,36.94698758663195,35.73094541403776,35.77406682357178,349506500
2008-09-17,34.67877960205078,36.5847749493811,34.66153037343803,36.11043267736936,340088000
2008-09-18,35.8516845703125,36.19666240622141,34.066431342881735,35.44633610661241,423934000
2008-09-19,37.0236930847168,37.82630484795299,36.33327195647393,37.774522275683196,263394000
2008-09-22,35.28038024902344,36.97190449513866,35.21133683056744,36.88560351424005,164698200
2008-09-23,35.01285171508789,36.031219376405595,34.90065777486209,35.55655726461196,184011200
2008-09-24,35.25446701049805,35.60830609580564,34.969671303869745,35.2199486133279,159270800
2008-09-25,35.815425872802734,36.26419786916077,35.409804333520334,35.58240945399171,148586800
2008-09-26,35.45298767089844,35.806826981693774,34.710787337968796,34.78845954239566,182678600
2008-09-29,32.63950729370117,34.84884584921819,32.08717347786422,34.745280789621845,307954400
2008-09-30,33.58020782470703,33.91678609783119,32.44964708098372,32.55321215899871,195436700
2008-10-01,33.226375579833984,33.63199732222522,32.82075383744275,33.51980344391414,174033300
2008-10-02,31.716114044189453,33.010649311299225,31.62118093118699,33.010649311299225,192124000
2008-10-03,31.22417640686035,32.950222628169726,31.15513297776546,32.156239654438025,272116100
2008-10-06,30.084970474243164,30.663194076583867,28.402075627696185,30.430177563169348,394046600
2008-10-07,28.177703857421875,30.378411973211456,27.849754177102014,30.32662940510674,329365700
2008-10-08,27.953310012817383,29.446339171120467,27.4786480964828,27.573581138183908,452066500
2008-10-09,27.202470779418945,29.066599328893787,26.727807396101877,28.609198437473434,352433900
2008-10-10,27.029874801635742,28.030981153838145,25.35561004871017,26.339457195318708,472339100
2008-10-13,30.3179988861084,30.421560724212597,27.961946493166128,28.358936282708456,276998700
2008-10-14,29.006189346313477,31.198267482512744,28.643718151962716,31.198267482512744,341595900
2008-10-15,26.408493041992188,28.781803649506216,26.356712144635658,28.678241854793153,312088500
2008-10-16,27.841121673583984,27.849753747554132,25.243423785572855,26.58973925989938,494783500
2008-10-17,27.87563133239746,29.040713901743615,27.10754168973788,27.33192777945435,326571300
2008-10-20,28.65235710144043,28.704136361516884,27.35782292479858,28.272624969302935,232783400
2008-10-21,27.167957305908203,28.70413683398042,27.167957305908203,28.186324471668872,239932400
2008-10-22,26.417137145996094,27.271529802208224,25.64041505299788,27.073034887813527,289993600
2008-10-23,26.313568115234375,26.831382186257283,24.941361567762165,26.313568115234375,377966900
2008-10-24,25.467796325683594,26.106432832146407,24.242304206232003,24.36312683969972,322129500
2008-10-27,24.760129928588867,26.06329483494467,24.734238646418696,25.174380566797335,239302300
2008-10-28,27.495914459228516,27.51317366892677,24.898214922816614,25.614523976997013,327239500
2008-10-29,27.426864624023438,28.54879522907119,26.969461956647972,27.53905686148555,341316000
2008-10-30,28.341684341430664,28.53155051447957,27.59948380188222,28.194968673482187,255292100
2008-10-31,28.384815216064453,28.850848250062427,27.694397735421294,27.93604303060384,224261000
2008-11-03,28.32440948486328,28.730031275154776,28.05687121796472,28.315780704975985,128455500
2008-11-04,29.127029418945312,29.35141397480232,28.46250124158579,28.876751931594615,182487600
2008-11-05,27.608097076416016,28.99756255948673,27.54768574838058,28.937151231451296,183893900
2008-11-06,26.373973846435547,27.504534794137005,26.2358903430054,27.17658523892651,220677200
2008-11-07,26.917680740356445,27.167956488465226,26.399866747539782,26.68466419667615,176946200
2008-11-10,26.55521583557129,27.59084235941206,26.23589662858355,27.59084235941206,142584500
2008-11-11,25.976980209350586,26.546574985334495,25.64903070433867,26.30492806827755,162869800
2008-11-12,24.777387619018555,25.71808274777828,24.72560670393686,25.588629637031243,184946400
2008-11-13,26.28767967224121,26.348092664682884,23.543267927234503,24.691088446254565,317943900
2008-11-14,25.01040267944336,26.25315608814874,24.915471281935563,25.700821971428798,259407000
2008-11-17,24.483959197998047,25.226157736305314,24.389026156900705,24.587521019117446,202835200
2008-11-18,24.45807647705078,24.81191584083317,23.638203816919265,24.64794097958966,252661800
2008-11-19,23.180797576904297,24.837801750577256,23.120386232180056,24.509852099094676,244180600
2008-11-20,22.058866500854492,23.689981022294607,21.981194302400883,22.895999829502127,342472400
2008-11-21,23.01681900024414,23.025449426096248,21.618721287825228,22.44722406268821,282746800
2008-11-24,24.423545837402344,24.716973736176968,23.28435594619989,23.491481231319845,225058200
2008-11-25,24.311355590820312,24.716975768436786,23.75039102506991,24.691086134471515,202968700
2008-11-26,25.329715728759766,25.33834615300192,24.00066002500021,24.061071348610174,164912000
2008-11-28,25.131229400634766,25.191640744656148,24.880951951305416,25.044926775138933,41238200
2008-12-01,23.24120330810547,24.604779209981192,23.20668160740936,24.596148784807166,149161500
2008-12-02,24.017929077148438,24.06970999420275,23.163536538366756,23.560526312592604,181743000
2008-12-03,24.6997127532959,24.77738328930312,23.36202645310178,23.413807359135035,230944900
2008-12-04,24.00065803527832,24.837791010430262,23.577777158981505,24.31134669789842,188868700
2008-12-05,24.975881576538086,25.088073822026644,23.258466313801858,23.73312821976294,212283700
2008-12-08,25.9597225189209,26.287670417722236,25.407388522588054,25.53684159721792,185782500
2008-12-09,25.89931869506836,26.606997244356478,25.519588139565357,25.614521189962513,178148300
2008-12-10,25.813007354736328,26.287669154260595,25.562731641958916,25.97698211929847,162335100
2008-12-11,25.105335235595703,26.12370247808978,24.975882135263593,25.726711104841108,167161400
2008-12-12,25.614511489868164,25.769855824022393,24.570253269211964,24.760119298104915,158600100
2008-12-15,25.165748596191406,25.683562685241412,24.80327889846496,25.65767140465895,107887000
2008-12-16,26.373973846435547,26.460276447600688,25.11396146611418,25.39012847297447,169300100
2008-12-17,26.054658889770508,26.40849810739919,25.735339728305778,26.10643979705912,159813500
2008-12-18,25.597257614135742,26.235894325975302,25.33835141742,26.054660317491372,142656400
2008-12-19,25.80727767944336,26.248058565387833,25.63442184823853,25.867776725822438,118308900
2008-12-22,25.245494842529297,25.859131505967028,24.839285817771383,25.80727542053469,95379600
2008-12-23,25.115854263305664,25.599849897762297,24.96892731150191,25.349209124724904,68764800
2008-12-24,25.18499755859375,25.245496603898346,25.046713555476003,25.23685529611942,27194700
2008-12-26,25.176355361938477,25.262783278613536,25.038071354648544,25.236856057543797,20937000
2008-12-29,24.968929290771484,25.27142617416678,24.59729040389801,25.24549730468419,52688300
2008-12-30,25.487489700317383,25.57391759833431,25.012138733936837,25.038065949409386,77089500
2008-12-31,25.703575134277344,25.997429187235195,25.45293588232865,25.461577194054378,89189700
2009-01-02,26.818477630615234,26.904903888493678,25.660347971511953,25.71220405593406,107891500
2009-01-05,26.809837341308594,27.07776239402173,26.438198460961946,26.645624467753603,91751900
2009-01-06,27.0777587890625,27.33704085091408,26.88761872026969,27.00861679600374,136791700
2009-01-07,26.30855369567871,26.706119740405672,26.09248476307272,26.559192800294593,133879800
2009-01-08,26.585124969482422,26.619695145788466,25.997417136001644,26.256699227960652,131926600
2009-01-09,25.988765716552734,26.611045172169298,25.859124712790884,26.593759265407773,117137900
2009-01-12,25.513423919677734,26.057916989069007,25.236855906750396,26.023346811690782,102726200
2009-01-13,25.522064208984375,25.910987318341167,25.219567358278947,25.504778297864014,186266700
2009-01-14,24.744218826293945,25.305999492212134,24.60593481118422,25.228214527653478,136294000
2009-01-15,25.15042495727539,25.357850941953878,24.260220330614434,24.69235821081341,192567200
2009-01-16,25.42699432373047,25.5825642328435,24.804716335753636,25.496136322394563,175478100
2009-01-20,24.16515350341797,25.435640138313108,24.16515350341797,25.323283347559222,135105800
2009-01-21,25.193634033203125,25.228205849325835,24.28614529015594,24.57135617926862,149179600
2009-01-22,24.856576919555664,25.26278602913704,24.424438937606105,24.649150886036946,200602700
2009-01-23,24.977569580078125,25.366494338409318,24.320719792938345,24.450362478032222,170164100
2009-01-26,25.159061431884766,25.573913294378578,24.847921710777026,25.01213452452553,140398700
2009-01-27,25.340576171875,25.556645206967353,25.167721932886668,25.167721932886668,110591300
2009-01-28,26.23076820373535,26.490050258092005,25.76405852772326,25.76405852772326,139722800
2009-01-29,25.565288543701172,26.27399472551314,25.478860598692798,25.910998675258725,130731800
2009-01-30,25.115854263305664,25.867774933942574,25.01214209054729,25.75541815689986,140334200
2009-02-02,25.418354034423828,25.59120987345564,24.839289116685347,24.87386094388189,126796100
2009-02-03,25.81592559814453,26.29991971068505,25.08993360509591,25.470213869282755,120541100
2009-02-04,25.85048484802246,26.680190338486042,25.746772692011387,25.876413711262728,175780900
2009-02-05,26.420913696289062,26.593769533697195,25.461566930777245,25.478852844213147,217578900
2009-02-06,27.11232566833496,27.233323722015896,26.429547168907177,26.515975056597064,164513200
2009-02-09,27.22469139099121,27.371618362849865,26.95676631824031,27.12962051258988,98856900
2009-02-10,26.222135543823242,27.38026558512802,26.014709489205696,27.051839762293426,232795200
2009-02-11,26.101133346557617,26.386344333160494,25.6949226106403,26.25670162686106,169117200
2009-02-12,26.420913696289062,26.455485523160863,25.61713685474948,25.798635648875564,201151400
2009-02-13,26.29991340637207,26.602410272377206,26.178915319360136,26.343126537883393,145066700
2009-02-17,25.2541446685791,25.643069536316865,25.11586063748916,25.48749958922176,157783300
2009-02-18,25.271421432495117,25.643060249638076,24.951640344587286,25.418348368377796,161271900
2009-02-19,24.882505416870117,25.59121143282898,24.82200471558962,25.426998540590166,155322400
2009-02-20,24.951644897460938,25.1936410841477,24.53679123025791,24.605933233379183,210752400
2009-02-23,24.0787296295166,25.107216871594236,23.966372827574105,25.089932604620923,169473500
2009-02-24,24.873859405517578,25.04671358538349,24.165151828098683,24.208366609421674,181337300
2009-02-25,24.70964241027832,25.21092225065174,24.320717685645892,24.72692831992311,220224700
2009-02-26,24.018226623535156,25.020786476019477,23.940441665284187,24.873859515820463,211218500
2009-02-27,23.793508529663086,24.182431571500594,23.672508821302035,23.767579667483947,204492600
2009-03-02,23.024309158325195,23.77622990717835,22.877382191237814,23.43916283793837,188180400
2009-03-03,23.00701904296875,23.473727047201468,22.83416324971218,23.214445005791628,158758800
2009-03-04,23.62065887451172,23.949082971625714,23.266305908490562,23.344090866736703,164911000
2009-03-05,22.91195297241211,23.54287394703281,22.834168014064314,23.361376809871523,199626900
2009-03-06,22.730453491210938,23.171234358868528,22.220530623635018,23.03295035903187,218421600
2009-03-09,22.2464599609375,23.17123484752594,22.15138909086661,22.54895683513778,181098800
2009-03-10,23.62065887451172,23.672514963850695,22.609456065787217,22.687241024033362,175068200
2009-03-11,23.983654022216797,24.19108002134866,23.560159067929824,23.862655934842035,173094900
2009-03-12,24.778783798217773,24.85656874125396,23.71572510802329,23.966364197881525,184395100
2009-03-13,24.839290618896484,24.92571854363931,24.476294653757055,24.77014860879733,156783500
2009-03-16,24.424434661865234,25.04671265348542,24.36393561873935,25.003499522245587,190269800
2009-03-17,25.349210739135742,25.349210739135742,24.459006015809837,24.545433930929647,169773800
2009-03-18,25.668996810913086,26.101134793261956,25.13314498747123,25.245500137552682,208033900
2009-03-19,25.651708602905273,26.040631763166953,25.461566852644715,26.02334749825953,146753400
2009-03-20,25.261268615722656,25.99711809259757,25.088126979563494,25.702778301847605,149410800
2009-03-23,26.750280380249023,26.784909367919994,25.278583079454044,25.884575502886914,179499000
2009-03-24,26.256837844848633,26.73297502976837,26.23952334509115,26.525205986283307,118757600
2009-03-25,26.378032684326172,26.880141554992264,25.67681204538935,26.481918018450806,190555200
2009-03-26,27.19179916381836,27.23508376168844,26.334751246618538,26.663718483555225,182459500
2009-03-27,26.6810245513916,26.992678841411568,26.585796484729713,26.836851696401585,156108100
2009-03-30,26.023090362548828,26.248173847934154,25.642181373005496,26.230859352627327,162919700
2009-03-31,26.248170852661133,26.79356583418122,26.20488627053457,26.222200763865583,150243800
2009-04-01,26.63774871826172,26.732975165006454,25.789358040272106,25.91921348670699,137950000
2009-04-02,27.49479103088379,27.93630077955367,27.03596678590499,27.113880368093866,212272400
2009-04-03,28.00555419921875,28.048842089239827,27.555388873900007,27.780472362159966,134577300
2009-04-06,27.936298370361328,27.988241854808535,27.399560589481265,27.693900396544347,160413700
2009-04-07,27.20045280456543,27.63330533063986,27.018653884989465,27.63330533063986,147531200
2009-04-08,27.659278869628906,27.832420551763,27.261053661201075,27.468822689041115,126126000
2009-04-09,28.516315460205078,28.57691453315425,28.074807456946584,28.178691110230616,131871500
2009-04-13,28.473039627075195,28.628866806073827,28.16138526907793,28.429755033442866,119310500
2009-04-14,28.126758575439453,28.464383017129784,27.936302407346364,28.299896943812048,124069000
2009-04-15,28.048845291137695,28.07481538619306,27.57270651697252,27.927643808606295,124808200
2009-04-16,28.776044845581055,28.940527659260287,28.1440770875844,28.438417013707554,171168000
2009-04-17,28.83663558959961,29.001118355587263,28.507666755221717,28.715434112005845,129835400
2009-04-20,27.910329818725586,28.412436986466655,27.754502659191573,28.317208910928937,123080500
2009-04-21,28.299894332885742,28.343182223387874,27.771817074225012,27.806442763263377,145490200
2009-04-22,28.38646125793457,29.027080962245133,28.04017801607899,28.135406072709362,165040500
2009-04-23,28.66348648071289,28.689456567966378,28.12675042892981,28.568258424247787,181666600
2009-04-24,29.165605545043945,29.373376235742686,28.62886927247657,28.8626100611115,141170000
2009-04-27,29.200231552124023,29.485915809764037,28.871262701557487,28.93186179213517,120749100
2009-04-28,28.983806610107422,29.35606007061836,28.879922921854085,29.018435606992835,108968000
2009-04-29,29.38203239440918,29.780259283973532,29.174265002152534,29.217549600339073,141413600
2009-04-30,29.676362991333008,30.21310240843894,29.468595664145393,29.771591058961548,144120400
2009-05-01,29.7542667388916,29.90143824091773,29.442612548625473,29.667697598218133,100112000
2009-05-04,30.34295654296875,30.377585532068462,29.884133995805115,30.022646649801807,119317400
2009-05-05,30.31699562072754,30.35162462029966,29.979371130907268,30.291025522250028,113569500
2009-05-06,30.325660705566406,30.59403058259418,29.83220886571845,30.550745970790782,178840500
2009-05-07,29.615766525268555,30.53341499144754,29.330085599580396,30.53341499144754,216484700
2009-05-08,29.63307762145996,30.074588959237808,29.330082234672837,29.840848245544013,183507300
2009-05-11,29.736967086791992,30.057280332378358,29.156946289610648,29.25217437330375,142775900
2009-05-12,29.373369216918945,29.849506278925947,29.01843031952438,29.797562793062486,147842200
2009-05-13,28.5855770111084,29.13097203836541,28.533633526759374,29.113657543582402,175548300
2009-05-14,28.90590476989746,29.174274651259772,28.637538190939402,28.654849394017003,140021700
2009-05-15,28.888582229614258,29.278150238594453,28.767384027354495,28.86261212981669,121326400
2009-05-18,29.64173698425293,29.67636267014136,28.90588584388888,29.08768307881095,114333400
2009-05-19,29.780258178710938,30.0745980588197,29.390690204684184,29.572487491762324,129086400
2009-05-20,29.676362991333008,30.334300566365396,29.589793822071854,29.89278921688801,131873700
2009-05-21,29.130983352661133,29.659060787834974,28.836643431834595,29.451293374547706,139253200
2009-05-22,29.03573989868164,29.407993228336665,28.845283785164625,29.243507202153157,83510600
2009-05-26,30.117876052856445,30.152505043490233,28.72409055266838,28.784689635076354,144857200
2009-05-27,29.910104751586914,30.464155379894976,29.80622108437971,30.03130291372902,121348800
2009-05-28,30.25640296936035,30.360286687807886,29.61577955039218,30.09191683754757,118931300
2009-05-29,30.628650665283203,30.732534363811915,30.09191106767785,30.27371166810714,111535700
2009-06-01,31.503015518188477,31.598243630115878,30.827766437108597,30.957620251406603,119126200
2009-06-02,31.54629135131836,31.849290105237067,31.260610397375128,31.329865085263314,126858600
2009-06-03,31.451066970825195,31.485692664011104,31.10478361974383,31.451066970825195,93329800
2009-06-04,31.80601692199707,31.849301530254632,31.459733451128702,31.520332563170076,89280600
2009-06-05,31.840635299682617,32.10034949426789,31.528980908102824,31.99646249547251,121958800
2009-06-08,31.745403289794922,31.987802954708467,31.26926616240469,31.641519606204977,89194100
2009-06-09,31.987802505493164,32.178255372333005,31.745402843983715,31.892574420871885,109187800
2009-06-10,31.875259399414062,32.178254843316175,31.416436783675817,32.16959924594868,133404700
2009-06-11,31.875259399414062,32.23019833472911,31.814660310633638,31.83197480777128,147909800
2009-06-12,31.72809600830078,31.788695106403583,31.33852801878051,31.74540720569887,109452500
2009-06-15,31.07881736755371,31.45107086015919,30.80179197339194,31.425097459054328,112152900
2009-06-16,30.77581024169922,31.329860880048887,30.749840150027296,31.200007119286976,110550300
2009-06-17,31.07016944885254,31.347194940935363,30.68926022283975,30.905686594929726,153421800
2009-06-18,31.009544372558594,31.21731496891011,30.7931181816265,31.018203269540773,126266700
2009-06-19,31.342397689819336,31.51575232136711,31.125705227000765,31.247052477144834,122044700
2009-06-22,30.406278610229492,31.10835985751165,30.35427124483455,31.05635579858027,137714900
2009-06-23,30.336933135986328,30.56229175586694,30.137576543582586,30.49295191377418,114903100
2009-06-24,30.848339080810547,31.091033580640016,30.57963923709608,30.596975030864556,103314600
2009-06-25,31.455080032348633,31.515753659997777,30.579640593757183,30.648983771907474,112538200
2009-06-26,31.5244140625,31.637095052881858,31.247048014224738,31.307721630630944,87677300
2009-06-29,31.593751907348633,31.85378212050906,31.30771635834768,31.61108769575447,93817600
2009-06-30,31.533096313476562,31.836464517709608,31.299067996011598,31.68044563939963,97843000
2009-07-01,31.5504150390625,31.931792476077614,31.5417454913669,31.689098044019236,85976000
2009-07-02,30.85701560974121,31.290400679015473,30.77033991847263,31.281734432474888,113309800
2009-07-06,30.69232749938965,30.80500853229157,30.371623505016107,30.666325455822037,107632500
2009-07-07,29.929553985595703,30.761655335517023,29.912218196382373,30.700978420038517,149773000
2009-07-08,30.085575103759766,30.22425812170489,29.73019966362139,30.11158044281845,152776400
2009-07-09,30.1375789642334,30.34560181368339,30.0335675395084,30.19825257086161,97851500
2009-07-10,30.267595291137695,30.458285676617734,29.955560987348388,30.05090287362452,108482000
2009-07-13,30.848339080810547,30.8570053244625,29.886224018680046,30.29360690607772,127140300
2009-07-14,30.961027145385742,31.021700784175128,30.683660994787026,30.813674517993427,115631700
2009-07-15,32.001129150390625,32.00979869722609,31.325049981610444,31.48106876001561,160869700
2009-07-16,32.382530212402344,32.451870098358036,31.827797898895174,31.853799942820384,120142500
2009-07-17,32.55589294433594,32.564559192300706,32.217849757317964,32.37386867241358,104906500
2009-07-20,32.867919921875,32.93726311553745,32.59922331259667,32.72923684101556,97168800
2009-07-21,33.0932731628418,33.0932731628418,32.62521664993212,32.9979279502345,130587600
2009-07-22,33.37063217163086,33.53531721799503,33.04992832072637,33.1192681747088,113808600
2009-07-23,34.10740280151367,34.22875339539647,33.27530428225383,33.335977925962425,160239300
2009-07-24,33.847373962402344,34.12474014806646,33.61334562328592,33.74336246939474,109312300
2009-07-27,34.10740280151367,34.15941019889201,33.69135354188375,34.09007030885316,94718600
2009-07-28,33.87336349487305,34.31541461354371,33.74334670948886,33.96003914748637,111564300
2009-07-29,34.09872055053711,34.17672995675716,33.80401871664625,34.08138475954776,126538200
2009-07-30,34.29808807373047,34.82681829410507,34.24608068425482,34.45410693569232,108969900
2009-07-31,34.194061279296875,34.54076713438453,34.15938970184903,34.298072705176814,78208300
2009-08-03,34.70546340942383,34.722799202111574,34.3587541685976,34.55811082481015,111722800
2009-08-04,34.70546340942383,34.83547689488539,34.47143516783578,34.540775032122404,100690800
2009-08-05,34.43675994873047,34.79213539516955,34.20273173183682,34.783469152972316,118093000
2009-08-06,34.133392333984375,34.61011501638115,34.01204510280673,34.51476981860898,116937500
2009-08-07,34.566768646240234,34.73145366120138,34.31540469724962,34.60143691338878,107442100
2009-08-10,34.3240852355957,34.54077770124079,34.09872652616925,34.44543579378724,87163200
2009-08-11,34.02936935424805,34.237395490553475,33.84734855152034,34.21139346343902,91922700
2009-08-12,34.55809020996094,34.86146144133072,33.97735638043469,34.00335840072321,147240000
2009-08-13,34.7487907409668,34.809464343813396,34.35874378947909,34.766126528417736,110107000
2009-08-14,34.35008239746094,34.63611466461614,34.04671103394403,34.55810526330766,124480200
2009-08-17,33.35329818725586,33.812685077460145,33.33596239620573,33.76934725306685,131797200
2009-08-18,33.83003234863281,33.899375536364744,33.4659905324357,33.561335762334515,84496200
2009-08-19,34.064048767089844,34.15072772152394,33.40530524571084,33.43130727880906,88036300
2009-08-20,34.4627571105957,34.53210026422827,33.97736826102196,34.04670810819097,81473500
2009-08-21,34.922149658203125,34.98282326860599,34.44542701655325,34.66211942698172,114660200
2009-08-24,34.88748550415039,35.16485158401405,34.757468707636086,34.982830714065614,109904900
2009-08-25,34.99149703979492,35.329536743769914,34.8874855862175,34.96549500301669,92900400
2009-08-26,34.93081283569336,35.19084304410527,34.74012577963849,34.913477047604104,96407500
2009-08-27,35.01750183105469,35.07817545355716,34.38475695673275,34.92215662241811,121957800
2009-08-28,35.052162170410156,35.6068975034992,34.80946773537749,35.450878707702856,114300900
2009-08-31,34.69680404663086,34.84415667450642,34.488781086232265,34.792149281174105,96415300
2009-09-01,34.046714782714844,35.182184347569105,33.94270333833913,34.57544486019305,162958900
2009-09-02,34.020713806152344,34.21140421549108,33.83869294621863,33.864694981505075,92757200
2009-09-03,34.2460823059082,34.29808969784656,33.821366844373365,34.18540866854608,76783100
2009-09-04,34.982826232910156,35.00016202398905,34.25473953991681,34.3067469131535,74866600
2009-09-08,35.312191009521484,35.34685927673183,35.06949330026958,35.26018364901109,71024400
2009-09-09,35.6155891418457,35.78894385039901,35.18220402369546,35.33822293074683,99280800
2009-09-10,35.953617095947266,35.996954932114164,35.537567917108134,35.63291314055428,99289100
2009-09-11,35.988285064697266,36.07496072830583,35.728254767406945,35.979615514457635,93868400
2009-09-14,36.126956939697266,36.15295896944694,35.71957417247981,35.754245749788446,90435600
2009-09-15,36.23965835571289,36.361005638282194,36.031632080975896,36.10097527471005,91594600
2009-09-16,36.768375396728516,36.82038277798056,36.26565060381706,36.40433364735793,96888500
2009-09-17,36.75969314575195,36.976385513577995,36.58633859019849,36.67301752120679,102169600
2009-09-18,36.82129669189453,36.977466457586694,36.621747171213016,36.90805951153638,87444200
2009-09-21,36.93410873413086,37.046898812113994,36.57838923556725,36.61309438412592,71351400
2009-09-22,37.003501892089844,37.15967167860456,36.82130160138028,37.14231911236252,75638400
2009-09-23,36.82997512817383,37.454650889751115,36.76924280843247,37.159667227957776,143924100
2009-09-24,36.50029754638672,37.03821401076502,36.24001559973042,36.97748166686736,111016400
2009-09-25,36.179290771484375,36.51765770339418,36.07517863312717,36.23134518583037,109216000
2009-09-28,36.79526901245117,37.01217109418212,36.34411228529123,36.37881741268733,84478500
2009-09-29,36.63042068481445,36.97746199248646,36.465573002232205,36.79526505773395,106686400
2009-09-30,36.65645217895508,36.96011377254862,36.09250543695205,36.7779168163925,173102700
2009-10-01,35.571956634521484,36.5523553904229,35.571956634521484,36.52632487889893,140119100
2009-10-02,35.46783447265625,35.78884867344559,35.32901725261246,35.32901725261246,145286400
2009-10-05,35.75414276123047,35.91899048183091,35.42445393935664,35.65003067588418,97054200
2009-10-06,36.38749313354492,36.56101546607854,35.93633639282281,35.953688957042495,124628000
2009-10-07,36.491607666015625,36.50896022982976,36.24000045520537,36.34411252842705,93787600
2009-10-08,36.64778518676758,36.97747404002164,36.56102234933453,36.70851751813879,107850400
2009-10-09,36.85600662231445,36.916738949145966,36.49161266132541,36.56969755434643,62828000
2009-10-12,36.93410873413086,37.19439072899067,36.68250137157815,37.00351903124821,53221900
2009-10-13,36.942771911621094,37.09026376955144,36.76057160933845,36.899388838428585,70939300
2009-10-14,37.44599151611328,37.48937128936167,37.17703162650997,37.40261174286489,91004900
2009-10-15,37.35922622680664,37.41128062283716,37.194378480272555,37.24643618596712,85772800
2009-10-16,37.11628723144531,37.29848751539668,36.856005366796396,37.22040262503566,111859300
2009-10-19,37.48936080932617,37.5414185084704,36.95144449015695,37.14231941068884,83512000
2009-10-20,37.4980354309082,37.7062595897419,37.25510283271778,37.7062595897419,89847900
2009-10-21,37.42861557006836,38.01858938485846,37.35920863814966,37.48934787662065,110397400
2009-10-22,37.57612991333008,37.73229972716655,37.12497304109851,37.35922776185322,85871800
2009-10-23,37.41994094848633,37.94050452174789,37.32450352113379,37.94050452174789,117020400
2009-10-26,37.298500061035156,37.96655585812982,37.124977656349124,37.48069709660643,107068600
2009-10-27,36.73453903198242,37.402597883385965,36.59572182322735,37.2464281098286,121438200
2009-10-28,35.910308837890625,36.71718486279212,35.832223954523926,36.60439485133729,143553600
2009-10-29,36.51764678955078,36.6044063273082,36.040462712556554,36.118547620403916,85207600
2009-10-30,35.537227630615234,36.56968340665242,35.502522511662555,36.49159854384005,162796500
2009-11-02,35.684730529785156,36.06647699270362,35.259601003863864,35.571940523371254,142456600
2009-11-03,35.797542572021484,35.84960029868513,35.43314841437208,35.493880773980315,95107000
2009-11-04,35.85825729370117,36.32676332132173,35.81487422532553,36.03177632854996,107970600
2009-11-05,36.74321365356445,36.78659672039479,36.24867714060116,36.27470764263202,135204800
2009-11-06,36.960140228271484,37.00352332383504,36.5089864833332,36.54368832625233,96312300
2009-11-09,37.749656677246094,37.758334618485,37.20306552712954,37.24644530432953,101620800
2009-11-10,37.84507751464844,37.97522009862849,37.65420591705132,37.706260302912625,72846500
2009-11-11,38.08802795410156,38.29625221438524,37.836420605732584,38.131407732521915,84676200
2009-11-12,37.87110900878906,38.313587848512185,37.78434618064293,38.11403830827129,92426100
2009-11-13,38.18343734741211,38.296227345794044,37.85374859777691,37.983887848528866,87959500
2009-11-16,38.57387161254883,38.73871933930992,38.27888460165722,38.34829486759108,87776100
2009-11-17,38.69533920288086,38.69533920288086,38.39167754054998,38.46976244081562,81884000
2009-11-18,38.47843551635742,38.599903486049534,38.21815362920186,38.57387298056934,100240800
2009-11-19,37.87978744506836,38.24418474059036,37.61082761527031,38.21815423469777,114558000
2009-11-20,37.68891143798828,37.78434890098847,37.55009421262357,37.680236809380865,70912100
2009-11-23,38.29624557495117,38.52182567909202,38.05331621018198,38.07934341078886,91621500
2009-11-24,38.16609573364258,38.30491294802536,37.940515691730894,38.278882444934965,60670000
2009-11-25,38.3309326171875,38.36563774138653,38.18343749417301,38.296227492988464,37630100
2009-11-27,37.749656677246094,38.02729453258868,37.220418099942506,37.281150449955454,61230000
2009-11-30,37.793025970458984,37.845080360234284,37.40260149882605,37.66288337669346,84819400
2009-12-01,38.18343734741211,38.43504453239381,38.07065065869297,38.07932528487798,81817800
2009-12-02,38.23551940917969,38.59991682485168,38.15743448508318,38.31360433327619,81653600
2009-12-03,38.07932662963867,38.60856820650993,38.070652003147316,38.37431357528841,72460400
2009-12-04,38.27889633178711,38.80813818789014,37.87979710935897,38.56520880200599,125062600
2009-12-07,38.09668731689453,38.42637945814661,38.018602423168076,38.252857104347434,67471900
2009-12-08,37.862449645996094,38.174789361225265,37.61952022733568,37.87980222013828,86621400
2009-12-09,38.244171142578125,38.27887295532339,37.58478705547842,37.82771629300851,78820500
2009-12-10,38.43506622314453,38.64329377538837,38.38301181733207,38.4090390202383,76722400
2009-12-11,38.287559509277344,38.686658577817475,38.131389732950616,38.64327881987414,66643700
2009-12-14,38.65196228027344,38.695342048129845,38.3396226562447,38.54785017548524,47965500
2009-12-15,38.43506622314453,38.756080527758485,38.322276161109755,38.530503713353596,61171100
2009-12-16,38.48712158203125,38.78210866567673,38.42638923919228,38.58255906639662,61629700
2009-12-17,38.01860809326172,38.35697491331915,37.96655038645899,38.3135951458156,90440900
2009-12-18,38.63823699951172,38.65561852094862,38.23847195202164,38.37752080833064,96442600
2009-12-21,39.07277297973633,39.220514284189896,38.820745840789414,38.83812736573612,82357400
2009-12-22,39.30741500854492,39.359559578628996,39.133603090117965,39.20312918356339,51569100
2009-12-23,39.59420394897461,39.60289305279375,39.290032272320396,39.385628990263534,73932200
2009-12-24,39.959197998046875,39.959197998046875,39.62895576073807,39.63764817800679,31770400
2009-12-28,40.167781829833984,40.237304607484305,39.92444382009143,40.054803586567324,49381400
2009-12-29,40.00267028808594,40.193863782071475,39.96791054706017,40.176482253964835,32410200
2009-12-30,40.12433624267578,40.202551458780285,39.94183517682774,39.959216704316226,57612700
2009-12-31,39.75932693481445,40.21992572697002,39.75932693481445,40.20254420261872,50079200
2010-01-04,40.341590881347656,40.40242787085153,40.21123442860491,40.26337899881398,62822800
2010-01-05,40.341590881347656,40.41111697495974,40.1156377074816,40.31552025383643,62935600
2010-01-06,40.098262786865234,40.45457578733298,40.03742910253078,40.32421931312507,96033000
2010-01-07,40.12433624267578,40.211243880118225,39.90707212185075,40.15909929765276,77094100
2010-01-08,40.454559326171875,40.454559326171875,39.91574549194679,40.037412811108666,88886600
2010-01-11,40.28945541381836,40.53279014604194,40.08088041820737,40.50671951478572,104673400
2010-01-12,39.78539276123047,40.098253531414606,39.56812870584553,40.04611227984151,90673900
2010-01-13,40.28074645996094,40.40241709131986,39.63764684156384,39.90705209446571,100661000
2010-01-14,40.315521240234375,40.42849948752494,40.16778326047391,40.202542992943805,75209000
2010-01-15,39.846229553222656,40.454569618997354,39.672420947447016,40.385046839724424,126849300
2010-01-19,40.48933410644531,40.53278625943483,39.93313859173126,39.94182769625445,84388200
2010-01-20,39.90705871582031,40.49801719115792,39.48122303855974,40.20253795348912,145680000
2010-01-21,39.53337478637695,40.280760461980876,39.36825195829854,40.02004422024119,204939600
2010-01-22,38.377525329589844,39.5246793580819,38.27323950386874,39.40301200887617,171098700
2010-01-25,38.50789260864258,38.759916460357324,38.342769760926714,38.61217845470341,154218700
2010-01-26,38.542640686035156,39.01193182410465,38.28192449216976,38.46442549635691,140816500
2010-01-27,38.84682846069336,38.977184954123246,38.24717731927791,38.4731338788566,161632700
2010-01-28,37.84739685058594,38.61216723491132,37.647514322389156,38.58609660976844,221439800
2010-01-29,37.18692398071289,38.25586294997699,37.04787508995952,38.16026621598648,212099600
2010-02-01,37.595375061035156,37.61275658531144,37.26513604534613,37.282517569622414,136827100
2010-02-02,37.93431854248047,38.047293503498075,37.39550111146362,37.656220720427434,110727700
2010-02-03,38.142852783203125,38.21237882801381,37.73439555790106,37.75177706910373,93581600
2010-02-04,37.03916931152344,37.94298843305651,37.03916931152344,37.86477325301642,151652500
2010-02-05,37.352027893066406,37.386790930024034,36.6046391744058,37.13476388485975,213618600
2010-02-08,37.08262634277344,37.52584685984425,37.05655571771738,37.29120128878082,94354400
2010-02-09,37.465030670166016,37.812651322108614,37.160858870129914,37.52586436713567,118956000
2010-02-10,37.386802673339844,37.638829797666666,37.15215707295143,37.465017873469314,94102900
2010-02-11,37.951690673828125,38.05597982677637,37.16084949749909,37.39549511885215,93050800
2010-02-12,38.0299186706543,38.13420785867568,37.50848599129988,37.61277186413314,93938500
2010-02-16,38.516563415527344,38.54263403585976,38.108106015995794,38.30799182249663,83861400
2010-02-17,38.73384475708008,38.73384475708008,38.46443607074953,38.69039259868797,82691700
2010-02-18,38.9771728515625,39.046698945287105,38.62955232849934,38.70776752634621,65752600
2010-02-19,38.959800720214844,39.15099087740585,38.777296353314284,38.87289308950336,80416500
2010-02-22,38.881587982177734,39.133611839296364,38.72515755213867,39.116230312048984,72055000
2010-02-23,38.377525329589844,38.88157956508401,38.195024305781246,38.85550562226376,95814400
2010-02-24,38.76860046386719,38.925030856587576,38.516573351685835,38.57740702494526,86591000
2010-02-25,38.75992202758789,38.84682967444418,38.090751380327085,38.360156797612206,97961300
2010-02-26,38.89896774291992,38.98587538261686,38.58611018557336,38.75122972821633,66222400
2010-03-01,39.46384048461914,39.53336656939845,39.06407544269668,39.072764545701,77290100
2010-03-02,39.585514068603516,39.846230297322315,39.49860976409282,39.602895592543,76368500
2010-03-03,39.628963470458984,39.82015690533702,39.481225500007035,39.6811080386584,65735500
2010-03-04,39.75932693481445,39.81147150786834,39.45515854663376,39.65504110389347,54470900
2010-03-05,40.35896682739258,40.445874432397595,39.96789420802154,40.0547984978404,68136300
2010-03-08,40.43717575073242,40.53277244383728,40.35896057593623,40.3763420942449,58712400
2010-03-09,40.663150787353516,40.889103998426336,40.324219313150714,40.35028994495488,98002800
2010-03-10,40.993385314941406,41.08898204125184,40.67183540250459,40.68921692685075,102578900
2010-03-11,41.149818420410156,41.149818420410156,40.82826848686316,40.897794588812246,67510300
2010-03-12,41.15850067138672,41.306238628745206,40.93254421106808,41.28016800454928,64068300
2010-03-15,41.054222106933594,41.175889461574734,40.7674319294051,41.071600316007945,60150500
2010-03-16,41.314937591552734,41.37577126777056,41.045528943168996,41.184577819550704,74950600
2010-03-17,41.427913665771484,41.62779953906463,41.30624630998386,41.375772407683534,75643500
2010-03-18,41.56695556640625,41.610407709113474,41.36706974261823,41.46266644568572,77829400
2010-03-19,41.315528869628906,41.71572058962942,41.167629909535506,41.68961882095143,86337100
2010-03-22,41.689640045166016,41.854939162290414,41.10675224129394,41.15025078626964,71902800
2010-03-23,41.976707458496094,42.02020597346477,41.559115741093684,41.75051318942461,59182600
2010-03-24,41.77662658691406,41.907122178525704,41.680927828497104,41.907122178525704,62995700
2010-03-25,41.715736389160156,42.28122403758097,41.67223784985484,42.12462664110116,76294800
2010-03-26,41.75922775268555,42.04632403647338,41.53303339593094,41.88972666690279,78067900
2010-03-29,41.95933151245117,42.10723053084504,41.8462326535295,41.968033211682155,57993300
2010-03-30,42.09853744506836,42.23773479271133,41.8114443674976,42.08983906278354,49437300
2010-03-31,41.89841079711914,42.15070684215242,41.82011213896137,41.968011079358995,59947400
2010-04-01,41.89841079711914,42.36820274606577,41.576517788570136,42.072408183994646,83728600
2010-04-05,42.28992462158203,42.38562339676585,41.881031061696866,41.994129915889175,56220300
2010-04-06,42.411712646484375,42.54221155134818,42.098517929791264,42.194216684194714,54097100
2010-04-07,42.30731201171875,42.516106259747275,42.08111437117565,42.35081053683096,77211500
2010-04-08,42.40301513671875,42.4726121203399,41.96802320323004,42.1855191699744,68314300
2010-04-09,42.655296325683594,42.67269639653408,42.30730486484651,42.41170197122522,54227300
2010-04-12,42.690128326416016,42.803227211986126,42.5770294408459,42.6727282425801,44280600
2010-04-13,42.90761184692383,42.93371030568126,42.507419991923385,42.64661730317248,59376000
2010-04-14,43.4209098815918,43.42960826307021,43.06421650390447,43.133816830636746,69004800
2010-04-15,43.612308502197266,43.664505429765924,43.38611075364533,43.38611075364533,72254200
2010-04-16,43.09029769897461,43.60358828738624,42.80320476306975,43.455692630437504,127388000
2010-04-19,43.064205169677734,43.2034024677802,42.54221613147482,42.93370625076432,98251700
2010-04-20,43.28168869018555,43.39478749942284,43.00329417415869,43.299088762277776,69543700
2010-04-21,43.52528762817383,43.66448490079015,43.25559477926239,43.57748784992673,74748700
2010-04-22,43.76890563964844,43.81240418525013,42.855419588381324,43.10771579908798,110477200
2010-04-23,43.95159912109375,43.995097664318884,43.577505675650606,43.76020154843183,77205200
2010-04-26,43.85588455200195,44.06468213055753,43.760185800110854,43.99508183146403,67361000
2010-04-27,42.92499923706055,43.87328167673495,42.81190041800084,43.68188418582231,112608000
2010-04-28,42.95109176635742,43.177289373290556,42.61179867468196,43.15118760712181,130082100
2010-04-29,43.69927978515625,43.78628014426545,43.159890833576654,43.19469097722033,84180200
2010-04-30,42.83802795410156,43.75151079601331,42.803227785963074,43.681910459736336,110897000
2010-05-03,43.43829345703125,43.647087720435266,43.00330153642707,43.02070161149823,74169700
2010-05-04,42.133323669433594,42.90760886690134,41.82883060932564,42.90760886690134,141136500
2010-05-05,41.91581344604492,42.194207954680955,41.446021468199994,41.689615833575445,128560200
2010-05-06,40.51514434814453,42.037615962356995,37.09610782901513,41.628722523976585,274356800
2010-05-07,39.50597381591797,40.715251060492164,38.52289095401692,40.210662059732535,288200400
2010-05-10,41.55913543701172,41.58523389461685,41.158943599680605,41.26334074882665,136041600
2010-05-11,41.51563262939453,42.09852024743242,41.063240604679585,41.14153928816343,113016100
2010-05-12,42.29861831665039,42.33341847081284,41.672232135353134,41.741829124952666,85462400
2010-05-13,41.62873840332031,42.44652559202726,41.52434123919479,42.115930700449425,102844300
2010-05-14,40.828330993652344,41.34162145518058,40.349840672941916,41.315523008929276,147386100
2010-05-17,40.95884323120117,41.124138975951624,40.08015764173387,40.90664300293648,120969600
2010-05-18,40.39335250854492,41.39383531524034,40.21065668709712,41.306834934509105,153072100
2010-05-19,40.07145690917969,40.567347433026676,39.627763291806076,40.245451022390924,159000300
2010-05-20,38.583797454833984,39.39288301610575,38.496800363424114,39.28848584266864,189289800
2010-05-21,39.01007843017578,39.706064890381256,37.83560148599936,37.983497156850746,190631100
2010-05-24,38.85348892211914,39.43637998208772,38.8360888422532,38.99268624232082,113038000
2010-05-25,38.88828659057617,38.94048350810426,37.60940901152709,38.00090248661616,155643000
2010-05-26,38.45328140258789,39.64515817950373,38.383681111430256,39.15796609757393,140203200
2010-05-27,39.90616226196289,39.923562338950376,39.227575853077724,39.32327461714622,110671600
2010-05-28,39.6712760925293,40.01057270029893,39.32328442218588,39.97577253764673,128535300
2010-06-01,39.30588150024414,40.23676421219579,39.262382959435605,39.52337752301277,104242700
2010-06-02,40.23675537109375,40.26285382609915,39.262374332431406,39.532067217421094,97249300
2010-06-03,40.61954879760742,40.68914910551073,40.08886138410877,40.34985590129548,98928400
2010-06-04,39.227577209472656,40.271558633742664,39.097078286916854,39.75826796040223,112849900
2010-06-07,38.51419448852539,39.5494743185736,38.4706959495483,39.42767708194744,88436600
2010-06-08,38.44459915161133,38.696895356579084,37.92260997881189,38.58379648560626,133030100
2010-06-09,38.12268829345703,39.07097072947533,38.009589474833376,38.71427751879274,101949200
2010-06-10,39.210182189941406,39.25368073016277,38.4880971298343,38.59249429011074,76892300
2010-06-11,39.58428192138672,39.61908208660316,38.80999649831626,38.80999649831626,74346800
2010-06-14,39.575565338134766,40.228053201586555,39.50596503971196,39.949655326620224,68085000
2010-06-15,40.636966705322266,40.689166959154235,39.54078792466527,39.784382471760864,76332600
2010-06-16,40.80225372314453,41.01104803896419,40.45425877181067,40.523859089567765,78399700
2010-06-17,40.93274688720703,41.04584573741989,40.57605357689781,41.02844565902363,77111900
2010-06-18,40.966739654541016,41.26309492546809,40.844711600338414,41.01032062746836,75921400
2010-06-21,40.61808776855469,41.55945280289778,40.382749834984224,41.48972058182852,95488100
2010-06-22,40.304298400878906,41.08876585319012,40.225851323146294,40.79241059564634,94493400
2010-06-23,40.13869857788086,40.504786163176064,39.82491016906097,40.34789195876612,92397600
2010-06-24,39.52854537963867,40.08639315377983,39.39780245719582,39.96436177114523,114145900
2010-06-25,39.53642272949219,39.877027557799416,39.25695193028858,39.74602416311753,88740300
2010-06-28,39.39667892456055,39.780950358592044,39.134675522650255,39.53641429434964,71350000
2010-06-29,37.877044677734375,38.828992694683855,37.615041339360424,38.79405802781981,136384200
2010-06-30,37.30063247680664,38.1390444130177,37.23949848134664,37.75477310847585,101313200
2010-07-01,37.19584274291992,37.51898014691446,36.4796985872813,37.41417945699399,158695000
2010-07-02,37.091033935546875,37.39670393573248,36.75916126995026,37.25696860256861,78565300
2010-07-06,37.20456314086914,37.877040410246735,36.89889316913061,37.64123643281152,88591900
2010-07-07,38.392311096191406,38.435977754603115,37.291895979074894,37.32683063842526,72448400
2010-07-08,38.60192108154297,38.75912373889847,38.14778044157741,38.69798974232165,78264600
2010-07-09,38.96873474121094,38.97747007520782,38.497129983546245,38.584463334192435,47851200
2010-07-12,39.0822639465332,39.32679995093963,38.8289926096533,38.93379661001593,60927500
2010-07-13,39.588802337646484,39.737269658102825,39.1259263816676,39.42286435413312,93310500
2010-07-14,39.7896728515625,40.00800950461454,39.510202202180125,39.66740152734889,87687100
2010-07-15,39.82461166381836,39.94688301099663,39.29187292881834,39.71107898162602,95992500
2010-07-16,38.72418975830078,39.85080771205257,38.689255093482195,39.6848697199408,98831900
2010-07-19,39.05604553222656,39.134646828322964,38.5145684562062,38.83770896879784,81800800
2010-07-20,39.52767562866211,39.52767562866211,38.30499207893407,38.427260100751504,89061200
2010-07-21,38.98619079589844,39.96433803260712,38.91632480190994,39.9468740327746,83577000
2010-07-22,39.97308349609375,40.15648552479757,39.51021075749258,39.53641009543494,82890300
2010-07-23,40.226348876953125,40.261280211822566,39.63247287398155,39.70233887527359,81056100
2010-07-26,40.558223724365234,40.57569105995,40.09535099180662,40.27875301811623,64850900
2010-07-27,40.540740966796875,40.80274756934557,40.35733901025466,40.73287825358529,67655600
2010-07-28,40.217613220214844,40.6804892176983,40.069145886445924,40.497083886235394,51988200
2010-07-29,39.92067337036133,40.53201667327122,39.518934723025936,40.45341534387491,85669500
2010-07-30,40.00802993774414,40.252566047956364,39.36175164875588,39.5888237495712,98958100
2010-08-02,40.759090423583984,40.86389443024603,40.35735172603969,40.514554404479355,68706800
2010-08-03,40.58442687988281,40.78529624418441,40.39228951770144,40.732894236802125,60856600
2010-08-04,40.994895935058594,41.03856593853577,40.61062455795548,40.76782724212347,43820600
2010-08-05,40.89883041381836,40.977428424011315,40.628091718568676,40.79402640378741,39150200
2010-08-06,40.83769226074219,40.91629360092042,40.217616872421424,40.4534208929561,71339200
2010-08-09,41.117164611816406,41.21322995119171,40.86389326692343,41.04729527603077,26927600
2010-08-10,40.759090423583984,41.003629774242015,40.418485730815846,40.78529309102619,86694500
2010-08-11,39.64995193481445,40.10408940641994,39.48401388600269,40.086625399596315,92219700
2010-08-12,39.335533142089844,39.5102031349658,38.82025849545994,38.89012449367851,66000200
2010-08-13,39.05604553222656,39.35298339175169,39.04731020402054,39.18704547135286,46387300
2010-08-16,39.125938415527344,39.396677139783385,38.68926498827469,38.863935025486526,55472900
2010-08-17,39.62374496459961,39.98181703362858,39.32680690748629,39.40540825588551,56927100
2010-08-18,39.780948638916016,40.016752689907996,39.39667722149605,39.545144587924035,61835400
2010-08-19,39.1783447265625,39.70235156416168,38.91634130776291,39.54514884657108,82969500
2010-08-20,39.230735778808594,39.326804457707006,38.89886640095498,39.11720309606826,65806700
2010-08-23,38.84646224975586,39.59754097252127,38.82899491532488,39.47527296305777,69612200
2010-08-24,38.121585845947266,38.53205654088647,37.96438316905876,38.40105653118163,79095800
2010-08-25,38.48839569091797,38.65433039425688,37.78971887218327,37.850852885600446,87247900
2010-08-26,38.0255241394043,38.706733643014616,37.99058946446173,38.61940028721216,91199000
2010-08-27,38.48839569091797,38.56699704124774,37.527715481601994,38.30499365066646,109568800
2010-08-30,38.086631774902344,38.64557286062928,38.07789644644005,38.30496834473641,49373200
2010-08-31,37.95563888549805,38.29624349458442,37.71110292647246,37.88577289644184,72066900
2010-09-01,39.09098434448242,39.22198764027477,38.48837651325247,38.51457583979006,83523100
2010-09-02,39.52767562866211,39.54514296485799,39.064802879909344,39.16087156320982,41816800
2010-09-03,40.18267059326172,40.19140592384289,39.78093200689199,39.964333970466974,64041100
2010-09-07,39.911949157714844,40.200151867367424,39.85081514865055,40.01674984017454,51195200
2010-09-08,40.39228439331055,40.56695439753821,40.016745050264696,40.02548038283036,66879800
2010-09-09,40.549476623535156,40.785280568796196,40.453407979367434,40.75034591063478,61476400
2010-09-10,40.69794464111328,40.7590786281977,40.392274705691186,40.5931439963332,66995700
2010-09-13,41.2656364440918,41.370437127622715,40.99489773578711,41.01236507163454,64523400
2010-09-14,41.4402961730957,41.65863281960142,41.117158869102035,41.21322419506017,91405800
2010-09-15,41.70229721069336,41.74596387130502,41.213221949805856,41.33549326369222,67108200
2010-09-16,41.86824417114258,41.903178842530636,41.518907451922885,41.62370813453343,66885800
2010-09-17,42.01006317138672,42.14136996659218,41.79996762396037,42.14136996659218,76372600
2010-09-20,42.745384216308594,42.83292206265437,42.115101036683704,42.16762240874925,84475000
2010-09-21,42.736637115478516,43.04302297932501,42.55280559717062,42.77165359687682,82272000
2010-09-22,42.622825622558594,42.91170652000954,42.386469435377286,42.56154846358804,88315900
2010-09-23,42.60531997680664,43.03426345504106,42.29893416332128,42.342703088197055,85040000
2010-09-24,43.471954345703125,43.498215029714956,43.02550602072932,43.08678317632661,79495900
2010-09-27,43.2356071472168,43.5507487782001,43.20059066836193,43.44570268099074,43859800
2010-09-28,43.21809768676758,43.36691604801863,42.53529306516487,43.3406520199419,104922900
2010-09-29,43.148075103759766,43.35816732648901,42.99050426703499,43.15682755497529,81679200
2010-09-30,42.95548629760742,43.629538555979615,42.675361117421005,43.36692161697429,122458600
2010-10-01,42.9029541015625,43.35815827492041,42.70161437208102,43.31438934926879,77675400
2010-10-04,42.438987731933594,42.93796071634495,42.19387913309411,42.78038994870408,71359900
2010-10-05,43.471954345703125,43.55949218531226,42.8941959219611,42.92045660597293,99301300
2010-10-06,43.09555435180664,43.51574217536209,42.815429136103006,43.41944850633472,81831200
2010-10-07,43.253116607666016,43.3669184974793,42.89420603765981,43.340654467919116,75693300
2010-10-08,43.55075454711914,43.65580065824336,42.96424347570695,43.27062935788412,83223900
2010-10-11,43.56826400756836,43.78711202648963,43.4369538604733,43.57701645900868,46880000
2010-10-12,43.86589431762695,43.95343218320849,43.12180910276179,43.498227935602344,88571700
2010-10-13,44.224788665771484,44.42612835414163,44.01469319044586,44.14600327994366,71122900
2010-10-14,44.137245178222656,44.329832408891434,43.91839726677327,44.25104702719549,68464000
2010-10-15,45.07392501831055,45.08267746694923,44.32108753990552,44.67999804247597,104654000
2010-10-18,44.907596588134766,45.27526286353719,44.907596588134766,45.082675607880944,72399400
2010-10-19,44.487422943115234,44.90761071911288,44.13726479343939,44.487422943115234,105739800
2010-10-20,44.81130599975586,45.143955825901024,44.53118088490355,44.60996628216544,80861400
2010-10-21,44.89885330200195,45.26651631307584,44.46115733299672,45.0914372576027,85885400
2010-10-22,45.20523452758789,45.249003452147086,44.82881576553999,44.90760116548851,47406900
2010-10-25,45.42407989501953,45.721713240117474,45.38906342163043,45.38906342163043,51413900
2010-10-26,45.546634674072266,45.65168409530408,45.01264513721879,45.1964799546971,60498300
2010-10-27,45.68669509887695,45.72171157098773,45.22273853115017,45.310276372072536,57483400
2010-10-28,45.782989501953125,45.91429960491245,45.380310083931334,45.879283132209345,61220000
2010-10-29,45.677947998046875,45.94932067964315,45.669192209316854,45.782994087322386,46668700
2010-11-01,45.712955474853516,46.17691200555768,45.502859998308544,45.8442622257591,60555600
2010-11-02,46.20317840576172,46.33448851227195,46.02810271622104,46.08937987543122,48137500
2010-11-03,46.413272857666016,46.430781094094705,45.835514412938004,46.24694962062548,126225800
2010-11-04,46.982269287109375,47.14859584145835,46.83345430622261,46.92099213740845,84201000
2010-11-05,46.982269287109375,47.10482692586543,46.84220675359951,47.00853330794849,77937100
2010-11-08,47.0435676574707,47.12235307122605,46.78970317544175,46.903505070722915,39623500
2010-11-09,46.789676666259766,47.30615778840359,46.579581235492114,47.22737241928492,66828700
2010-11-10,47.026039123535156,47.06980803687706,46.48329391216257,46.85096013081348,83553700
2010-11-11,46.72842788696289,46.81596575495227,46.09814455150137,46.31699256083044,85163600
2010-11-12,45.96681213378906,46.71964945533899,45.61665749216737,46.4832933190835,99164300
2010-11-15,45.791751861572266,46.29072498146,45.774243622708035,46.20318378713883,56723400
2010-11-16,45.038909912109375,45.73922270187478,44.51367281526923,45.46785003487297,101097000
2010-11-17,45.17020034790039,45.406556455106994,44.95135247152616,45.065154302259764,77836200
2010-11-18,45.89678955078125,46.211931113918475,45.63417269461839,45.66043337842833,71488300
2010-11-19,45.931819915771484,46.036866022140565,45.642938949062106,45.83552626020169,54506100
2010-11-22,46.316978454589844,46.316978454589844,45.66918707494985,45.74797246788776,69918900
2010-11-23,45.5816535949707,45.9143034346877,45.31903670650146,45.84427048343995,76818300
2010-11-24,46.500823974609375,46.614625874204464,46.01060657208702,46.02811481351362,53444200
2010-11-26,46.19443130493164,46.509572925556206,46.106890110671976,46.20318375468005,23640300
2010-11-29,46.15939712524414,46.30821542873666,45.607899500648756,46.13313644671469,89269100
2010-11-30,45.59916305541992,46.168169111822316,45.41533156249792,45.67794845800864,118862100
2010-12-01,46.562095642089844,46.79845186435692,46.25570980175578,46.27321804111133,81758800
2010-12-02,47.0348014831543,47.104834430744184,46.57959734188425,46.63212205257667,56844600
2010-12-03,47.15735626220703,47.21863342226871,46.83346222483034,46.83346222483034,38014200
2010-12-06,47.13984298706055,47.22738416304609,46.99102799691675,47.16610700953342,39312000
2010-12-07,47.16612243652344,47.72637278865867,47.11359771375244,47.70886454773501,59067300
2010-12-08,47.3411979675293,47.402475136503746,46.999792304072045,47.28867324868466,48066900
2010-12-09,47.384971618652344,47.65634101133593,47.227400785772254,47.63008031897444,51679800
2010-12-10,47.70009994506836,47.75262131510372,47.34994189451091,47.52502091978964,44696200
2010-12-13,47.533775329589844,47.91894986896628,47.50751464348865,47.88393339459483,53110200
2010-12-14,47.621334075927734,47.81391807727668,47.47251567464952,47.656347223855526,69884800
2010-12-15,47.411231994628906,47.88394449011467,47.29743009622924,47.59506351864374,76951900
2010-12-16,47.778892517089844,47.84892213410878,47.3236883187237,47.45499510289239,65519400
2010-12-17,47.820987701416016,47.96132795583788,47.724503149130555,47.838530651465696,36844200
2010-12-20,47.85608673095703,48.03150958763039,47.5052343256573,47.90871224956843,48159600
2010-12-21,48.14551544189453,48.14551544189453,47.90869067685307,48.04026110609,35775400
2010-12-22,48.13676452636719,48.206932995773634,48.05782290704974,48.12799137645618,35766500
2010-12-23,48.01395797729492,48.1279821364361,47.89993047217806,48.04904053227454,21664800
2010-12-27,48.04026794433594,48.11920954391996,47.549075397371425,47.873614943425444,29263700
2010-12-28,47.952552795410156,48.17183464286524,47.84729844550484,48.136752090213776,24160500
2010-12-29,48.05781555175781,48.154300110153905,48.00518669827564,48.084128305511,24132700
2010-12-30,47.943790435791016,48.066587754070945,47.84730587257794,48.057817951040654,27553300
2010-12-31,47.76835632324219,47.90869657023689,47.5490744781895,47.8823838195427,38540100
2011-01-03,48.51392364501953,48.8472296887713,48.1981572069592,48.21570015862655,90994300
2011-01-04,48.47883605957031,48.72443068243965,48.17183943500784,48.68934478032238,43851500
2011-01-05,48.891082763671875,48.90862236721898,48.303405665579,48.32971841687515,43787400
2011-01-06,49.04896545410156,49.08405135517591,48.838456739606876,48.943711096854216,46139600
2011-01-07,49.00510787963867,49.16299108246925,48.522688469201036,49.13667833065601,72261700
2011-01-10,49.1893196105957,49.27703103612192,48.750755791011834,48.89986588360168,55551800
2011-01-11,49.25947952270508,49.43490568925261,49.0752835535193,49.391049984109685,56663800
2011-01-12,49.610328674316406,49.610328674316406,49.29456226397595,49.49630117147666,51979300
2011-01-13,49.62788009643555,49.759447225886866,49.47876666788597,49.645419703581446,47364500
2011-01-14,49.99625778198242,50.01380073008961,49.5226082210138,49.645405511788944,43867400
2011-01-18,50.1366081237793,50.19800678153918,49.54893430065591,49.61910276124896,65805600
2011-01-19,49.56647491455078,50.22432055762431,49.3998218895235,50.22432055762431,67767200
2011-01-20,49.215614318847656,49.42612300129542,48.838449304655626,49.355954555804566,92357800
2011-01-21,48.83844757080078,49.54892187728301,48.81213482292276,49.461207141064484,59673300
2011-01-24,49.51385498046875,49.52262478446791,48.838466309338116,48.93495088321054,64103300
2011-01-25,49.584014892578125,49.601557843525,49.16299410778035,49.268248467485854,55305100
2011-01-26,49.8471565246582,49.97872363968029,49.51384714384579,49.654187407454835,60547700
2011-01-27,50.154151916503906,50.30326198899964,49.92609688730626,50.00503849803222,53656100
2011-01-28,48.88231658935547,50.189238074439736,48.65426490497935,50.145379021388656,123359900
2011-01-31,49.119140625,49.25948089294668,48.58409230783582,48.95248760243079,70571300
2011-02-01,50.04011917114258,50.154146673821955,49.43490244949164,49.487527953823964,76952900
2011-02-02,49.961181640625,50.14537761275175,49.855927277406266,49.934868886314284,48661000
2011-02-03,50.048885345458984,50.1190537901168,49.46998145663765,49.86468606803504,45341900
2011-02-04,50.32958221435547,50.36466477512736,49.90856137130671,50.04012850264782,47647800
2011-02-07,50.566410064697266,50.847090643375054,50.34712815348171,50.426069775358364,45627100
2011-02-08,50.899696350097656,50.934782245270796,50.487448792726234,50.583929985489675,38099900
2011-02-09,50.81201171875,50.97866478962907,50.65412845329534,50.820781524174414,62540800
2011-02-10,50.89094543457031,50.96111390498049,50.426068861926694,50.47869437824024,70194700
2011-02-11,51.25933074951172,51.29441665313052,50.67165692078855,50.74182538205021,47853500
2011-02-14,51.38212585449219,51.45229430816416,51.20669970134889,51.25932520510898,48506100
2011-02-15,51.31195831298828,51.373356969787295,51.075133488488156,51.2593294588852,39723800
2011-02-16,51.645267486572266,51.785607750966115,51.4259856143334,51.443528565629606,53061700
2011-02-17,51.62772750854492,51.72421207324276,51.35581676675793,51.39090267137097,38361900
2011-02-18,51.513702392578125,51.724214484092215,51.32073325418822,51.627729914897266,44334300
2011-02-22,50.022579193115234,50.98742143023272,49.94363758595086,50.81199526475902,92598100
2011-02-23,49.610328674316406,50.19800244669123,49.233163611518144,50.02257629139368,97842900
2011-02-24,49.87345886230469,50.02256889738298,49.24192613497283,49.71557568047172,98716100
2011-02-25,50.566410064697266,50.6278087321595,50.10153013765632,50.15415900089957,54094600
2011-02-28,50.67164993286133,50.91724453237207,50.373426485180225,50.76813448151925,51402800
2011-03-01,49.85592269897461,50.89093332250874,49.733125395500316,50.89093332250874,91993900
2011-03-02,50.11906433105469,50.44360056605006,49.81207104740716,49.82961399875499,61552900
2011-03-03,51.11021423339844,51.197925635409604,50.583935783404876,50.583935783404876,64146600
2011-03-04,50.84708786010742,51.10145232025198,50.513778436431075,51.09268251651303,62328400
2011-03-07,50.16291809082031,51.10144420268497,49.70681141139462,51.05758849900428,98470000
2011-03-08,50.36465835571289,50.59271337453185,49.794527500617114,50.101520780593624,62399100
2011-03-09,50.022579193115234,50.233091260878844,49.750671815308,50.18046240744399,84764200
2011-03-10,49.24192810058594,49.57523742509097,49.04018921485205,49.46120993455433,102894400
2011-03-11,49.548927307128906,49.6980373560781,48.96125022097664,48.96125022097664,81679400
2011-03-14,49.37349319458008,49.63663069766195,48.996328213305276,49.27700866272259,73565800
2011-03-15,48.671810150146484,48.96126050726021,47.777139630563475,47.926249710839244,101276500
2011-03-16,47.49645233154297,48.54023278316628,47.16314296664766,48.26832207154437,176507700
2011-03-17,47.93501663208008,48.452521963051346,47.47890995512441,48.250779704456434,94434500
2011-03-18,47.82699203491211,48.50333372902293,47.79185661817181,48.50333372902293,94887200
2011-03-21,48.7492561340332,48.99519725491897,47.870891158645215,48.55601476722497,57423000
2011-03-22,48.66141128540039,48.84586708932863,48.556005096845,48.81951721753768,36162100
2011-03-23,48.9337158203125,49.074254093391374,48.15197146689271,48.48575112196632,60365100
2011-03-24,49.803306579589844,49.90870946342519,49.030344279837,49.302638693000354,69502400
2011-03-25,49.92626953125,50.260049188145736,49.82964883972518,49.96140493738571,74131100
2011-03-28,49.65397644042969,50.15464426333824,49.62762656049666,50.14586208692618,37824000
2011-03-29,50.137081146240234,50.137081146240234,49.390468806333296,49.53979261459345,47994800
2011-03-30,50.37424087524414,50.44451169678266,50.13708522929461,50.38302640328505,44935900
2011-03-31,50.44450759887695,50.48842518342225,50.19856644486577,50.28640161395636,50004300
2011-04-01,50.470863342285156,50.85734617285115,50.32154286734634,50.699240169564575,68031800
2011-04-04,50.30397415161133,50.664103740602584,50.08438285708746,50.61140062366585,48659100
2011-04-05,50.172210693359375,50.49720817420269,50.06680782560582,50.20734609950948,55349400
2011-04-06,50.295169830322266,50.708002381992685,50.0053111722209,50.55868196584568,49532100
2011-04-07,50.26005935668945,50.593835730417595,49.89992974767941,50.277627063311584,60697000
2011-04-08,50.022865295410156,50.5674504163493,49.75935658209735,50.48839746728595,42782200
2011-04-11,49.85599899291992,50.32153475003414,49.68032866266963,50.21612853104784,42451700
2011-04-12,49.513427734375,49.75058665591204,49.32018973773811,49.627616107862345,50422800
2011-04-13,49.935054779052734,50.066810884817876,49.53979316315121,49.88235501730424,49979800
2011-04-14,49.84721374511719,49.91748455344465,49.39046354307834,49.59248709097496,53544100
2011-04-15,49.759376525878906,49.95261453938825,49.43437907686076,49.653970317750435,68530000
2011-04-18,49.40803909301758,49.425606797889856,48.591159245290584,49.25871862764884,69065000
2011-04-19,49.71546173095703,49.71546173095703,49.27627919499205,49.53979139712851,38608400
2011-04-20,50.83977508544922,50.89247484924143,50.53234527697397,50.593830568529604,67397500
2011-04-21,51.24382019042969,51.35800859189759,51.085714203996275,51.33165536036071,43666800
2011-04-25,51.37556838989258,51.40191826667754,51.19110920030852,51.28772988278197,25376800
2011-04-26,51.66543960571289,51.849895489296166,51.393145193734775,51.507333605299436,49400000
2011-04-27,52.016788482666016,52.07827377892517,51.52490276189542,51.762061769193885,56465500
2011-04-28,51.93772888183594,52.025564050847954,51.71813760860898,51.85867588944635,48100000
2011-04-29,51.89382553100586,52.07828144694266,51.805986987204165,51.84112240472484,44831200
2011-05-02,51.79718780517578,52.12218193381455,51.66543170807255,51.97285813371777,48149400
2011-05-03,51.55124282836914,51.823537196159094,51.23503422955408,51.7708340876749,38100000
2011-05-04,51.472190856933594,51.70934982374839,51.041793856589415,51.57759707598246,53097200
2011-05-05,51.19111633300781,51.797190389080626,51.0154459957025,51.217469564161135,72200000
2011-05-06,51.35800552368164,51.99921160782284,51.217467249769825,51.700567356923145,72507000
2011-05-09,51.55124282836914,51.75326638484683,51.24381640561976,51.44583996209745,40022000
2011-05-10,51.99042892456055,52.069481917378305,51.630299368545636,51.70057018469339,38053600
2011-05-11,51.61271286010742,52.095816168368685,51.2613689594669,51.91135701853452,61900000
2011-05-12,51.920162200927734,51.99042966738251,51.155985493235725,51.45462976473675,66100000
2011-05-13,51.30530548095703,51.88502631433011,51.287737776830944,51.79719114439663,63506600
2011-05-16,50.41815185546875,51.22624603936394,50.30396346837173,51.068140072828534,73115300
2011-05-17,50.55870056152344,50.56748273894621,50.04924715287505,50.154650035434386,63136000
2011-05-18,50.98031234741211,51.068147519096165,50.42694138385092,50.48842667416916,42351100
2011-05-19,51.12963104248047,51.243819442281236,50.81341907423027,51.13841656976347,35015800
2011-05-20,50.74314498901367,51.129624371619606,50.67287418270543,51.076924617584886,44703300
2011-05-23,49.99653244018555,50.198559331721114,49.759376847106566,50.04923554459001,43700000
2011-05-24,49.68910598754883,50.12828847168887,49.68032381217246,50.1195062963125,39314800
2011-05-25,49.88233947753906,50.11949838361642,49.60126300012055,49.62761287278606,41369000
2011-05-26,50.18977737426758,50.33031564530902,49.72424497969841,49.7330271557087,40564100
2011-05-27,50.44450759887695,50.49721071074946,50.233698502083854,50.27761943732607,30127200
2011-05-31,51.26137924194336,51.26137924194336,50.65530527935127,50.91881744605899,47590100
2011-06-01,50.1458625793457,51.26138663365483,50.10194499546045,51.13841605849737,51795000
2011-06-02,50.25125503540039,50.426928685226976,49.97017853595632,50.24247286072234,50198100
2011-06-03,49.495880126953125,50.05803669733367,49.42561264984149,49.671553845778455,57773700
2011-06-06,49.09181594848633,49.65396897383747,49.0654660725156,49.3816779869497,50175600
2011-06-07,49.00397872924805,49.416807955072684,48.968843328970486,49.2235699549385,46311100
2011-06-08,48.65263748168945,48.986417124465916,48.512099213788304,48.898578612842314,46426400
2011-06-09,48.74048614501953,48.97764179905669,48.51210931792827,48.670215321084584,45307500
2011-06-10,47.99386215209961,48.60871831055787,47.949944573073275,48.51209762628202,53740600
2011-06-13,47.99386215209961,48.24858880142748,47.826974011520925,48.02021202937612,37736800
2011-06-14,48.60871887207031,48.72290725941507,48.33642451784715,48.36277774612458,40565300
2011-06-15,47.686439514160156,48.44183399557637,47.58981882225388,48.14318974363733,59022400
2011-06-16,47.501983642578125,47.87089535625519,47.097933171940745,47.71278937876594,66316200
2011-06-17,47.35320281982422,48.06627175499466,47.212349406611885,47.89020750713694,70337000
2011-06-20,47.599693298339844,47.740546705175106,47.221149137805675,47.221149137805675,37402900
2011-06-21,48.62089157104492,48.673712869054626,47.5644891183266,47.7669657233809,55892800
2011-06-22,48.268768310546875,48.70013056787145,48.25996308019495,48.418423644415405,36833300
2011-06-23,48.71772766113281,48.74413663033993,47.59090019881934,47.74936073048352,80743300
2011-06-24,47.87261962890625,48.53287089805769,47.77578223878351,48.48885481842325,56298300
2011-06-27,48.638484954833984,48.88497755961594,47.81977353671121,47.925412744730636,49968900
2011-06-28,49.360382080078125,49.36918731048012,48.67372187002568,48.74414692218446,47028800
2011-06-29,49.56285095214844,49.65968832211968,49.21071903013864,49.474818811198716,65407300
2011-06-30,50.22309112548828,50.25830531746898,49.71249877460884,49.73890773948927,50347200
2011-07-01,50.98020935058594,51.050637775837956,50.10867605825898,50.24953290876302,53203900
2011-07-05,51.235477447509766,51.288295377405625,50.90975456638128,51.033000880418534,43128800
2011-07-06,51.402748107910156,51.490783602276956,51.00659677878641,51.17386253897796,49282700
2011-07-07,52.10700988769531,52.25666853354962,51.71086195771534,51.790092215353404,54799800
2011-07-08,51.96616744995117,51.974972679443944,51.385146557238755,51.65805158192607,69519500
2011-07-11,51.02419662475586,51.68444762670625,50.84812901926037,51.42034789756815,52080800
2011-07-12,50.63684844970703,51.121031825799655,50.5840271628167,51.015392610229114,84000700
2011-07-13,50.84813690185547,51.3587327011251,50.663267398620924,51.0065974355453,82378100
2011-07-14,50.258304595947266,51.21786948527943,50.064629901044036,50.98017873013732,98774200
2011-07-15,50.92737579345703,50.92737579345703,50.45199747009108,50.82173653917697,68281500
2011-07-18,50.654457092285156,50.87454075706754,50.161468474216925,50.64565186509614,59512200
2011-07-19,51.80769348144531,51.85171290108463,51.13864061637651,51.13864061637651,73904600
2011-07-20,51.587623596191406,52.10702131950092,51.49959144981805,52.098219448148036,57085500
2011-07-21,51.93095016479492,52.22145889600918,51.35873121434557,51.640438075369985,70148800
2011-07-22,52.46794509887695,52.55598058098795,51.86931725336326,51.904531446207656,43620400
2011-07-25,52.362308502197266,52.652820570404415,51.957355338827085,52.05419269489614,48916100
2011-07-26,52.49435806274414,52.67042567090287,52.22145310218759,52.32709232379871,40918900
2011-07-27,51.13863754272461,52.19503974457966,51.00658600816397,52.15102368579612,83969500
2011-07-28,51.22669982910156,51.8781493006685,50.96259996265465,51.16507663887102,61031900
2011-07-29,51.059410095214844,51.596414773185046,50.566421478443296,50.81291746593418,82860500
2011-08-01,50.82171630859375,51.78128116170997,50.205481413876996,51.67564194948167,85421100
2011-08-02,49.53643035888672,50.812916252424195,49.483609071783675,50.584027366521134,90853300
2011-08-03,50.011802673339844,50.073425817858705,48.72651178915199,49.59804439596222,103612300
2011-08-04,47.68773651123047,49.37798114464228,47.68773651123047,49.29875087497905,132830000
2011-08-05,47.38840866088867,48.444807394695026,46.05910165965385,48.17190584368591,214111800
2011-08-08,44.53612518310547,46.76337052819381,44.53612518310547,45.93585725709695,204804500
2011-08-09,46.68415451049805,46.728173938142646,43.95511790707506,45.20519174169012,193707100
2011-08-10,44.773826599121094,46.692956651787775,44.72100530436684,45.62775239415654,205917900
2011-08-11,46.74577713012695,47.26517480304884,45.19638934007108,45.41647304286492,143825300
2011-08-12,47.15955352783203,47.45006573810949,46.5521234857229,47.03630714463993,90483300
2011-08-15,47.855010986328125,47.855010986328125,47.12433132669194,47.353220306568225,73554300
2011-08-16,47.450050354003906,47.84619835490866,46.81620817941873,47.388427182387126,89219200
2011-08-17,47.16835021972656,47.907828384991355,46.675361418005224,47.51168032737421,84416600
2011-08-18,44.85305404663086,45.90065114025091,44.43929565922149,45.89184927078301,130019400
2011-08-19,44.04313659667969,45.48688472578513,44.00792576681137,44.386466534916984,96674600
2011-08-22,44.20161056518555,45.10835771457833,44.06956235693592,45.09955248576853,77107700
2011-08-23,46.023895263671875,46.023895263671875,44.31604722059427,44.50091669448309,75688400
2011-08-24,46.384822845458984,46.472858308960184,45.522095452404535,45.89183768269047,80197700
2011-08-25,45.62775802612305,46.56971607047358,45.46929748051164,46.358434223588034,93623700
2011-08-26,46.77219772338867,46.93065828605943,45.029134892221634,45.47810424764788,91573300
2011-08-29,48.07508087158203,48.12789880692821,47.2211550959065,47.23876219375873,45985800
2011-08-30,48.391998291015625,48.68250698828654,47.63490993114251,47.899009662718875,61617900
2011-08-31,48.47123336791992,49.06986127675287,48.066276823796024,48.68251183091354,60900400
2011-09-01,48.031070709228516,48.98183060262697,47.94303520914748,48.5944844769033,57158400
2011-09-02,46.904239654541016,48.075086615014435,46.64894510071041,47.16834279566589,58185700
2011-09-06,46.91303634643555,46.98346137523161,45.69817353625784,45.81261798603807,52992200
2011-09-07,48.10148620605469,48.110291433421,47.4500404257796,47.5820886123817,48952200
2011-09-08,47.88140869140625,48.56806875298771,47.72294816054734,47.85499972233333,61422800
2011-09-09,46.816192626953125,47.74934847862764,46.52568060737347,47.54686857262431,63663500
2011-09-12,47.41484069824219,47.45005490203015,46.27920781266513,46.296814914559114,65973000
2011-09-13,48.048675537109375,48.14550954530298,47.36201210179223,47.59090103296821,59020000
2011-09-14,48.73532485961914,49.28113138102245,47.819776053374206,48.29515755179485,90757300
2011-09-15,49.45719909667969,49.5452312151757,48.761733942647005,49.26352440613639,83536100
2011-09-16,49.91054153442383,49.963460796231374,49.46955777934478,49.56657474377242,91902100
2011-09-19,49.928184509277344,50.1927741065059,48.88746251099764,49.293166784377384,73042900
2011-09-20,49.70769500732422,50.580841056600875,49.59303827605173,50.183958323896626,66570100
2011-09-21,48.843360900878906,50.210409847640726,48.834539341827586,49.963460025227725,79938000
2011-09-22,47.255821228027344,48.03195022144914,46.5237865731774,47.599788021727306,151885500
2011-09-23,47.7585334777832,47.96138556510067,46.823646873050215,46.85892637461111,85940600
2011-09-26,48.31418228149414,48.40238105692681,46.929493469374364,47.99667341881509,96261400
2011-09-27,48.816898345947266,49.56657271760003,48.490571322571235,49.13440717493536,81148600
2011-09-28,48.09370040893555,49.3637361242384,47.97904702364624,49.028587436651264,76757100
2011-09-29,47.520416259765625,48.88746539650041,46.71782586095182,48.82572793231777,116900200
2011-09-30,46.29448699951172,47.282289901657116,46.26802568015186,46.88540375565768,104870100
2011-10-03,45.10381317138672,46.61197664713578,45.07735522549457,45.87994544046384,99149500
2011-10-04,46.029884338378906,46.11808311034681,44.18657205973896,44.64519558065464,137013700
2011-10-05,47.21173095703125,47.3440274607569,45.562452263301395,45.91524069694322,108825700
2011-10-06,48.005496978759766,48.014315174450815,46.929495424723804,47.14998732583351,71939200
2011-10-07,47.68799591064453,48.20835701703796,47.379308544326385,47.97904688269304,72525200
2011-10-10,49.337257385253906,49.337257385253906,48.411192246088135,48.4993910087565,48230200
2011-10-11,49.672386169433594,49.79586102354907,49.125567516449,49.2049446890143,66449100
2011-10-12,49.91934585571289,50.47498617473326,49.8840697220841,50.14865922870967,85627600
2011-10-13,50.37797927856445,50.43971673026794,49.769422955584915,49.82234221323309,63443700
2011-10-14,51.31287384033203,51.32169203573865,50.721953814909384,50.99536497466485,65643600
2011-10-17,50.51909637451172,51.23349124729174,50.24568860788793,51.0747368311184,65161300
2011-10-18,51.145286560058594,51.40987608416889,49.972268405103904,50.4397100098467,91434600
2011-10-19,50.15750503540039,51.02183302726975,49.989932373982036,50.86307856300395,67639400
2011-10-20,49.91054153442383,50.20158906326769,49.20496819918517,50.1486731658992,80378300
2011-10-21,50.53672790527344,50.854236685959464,50.078104484775665,50.43971095957066,60455800
2011-10-24,51.586299896240234,51.72741461456982,50.545577586894446,50.72196846147622,61449500
2011-10-25,50.572017669677734,51.436345434490526,50.4661825094498,51.41870568037936,65299200
2011-10-26,50.51027297973633,50.960074869625394,49.57538633234909,50.85423972455242,98193800
2011-10-27,51.903785705566406,52.2124763473049,51.180572629231285,51.718573339186705,104455500
2011-10-28,51.98316192626953,52.04489938055559,51.595097447265886,51.61273720055318,42950000
2011-10-31,51.11002731323242,51.71858379628501,51.07474779885381,51.533371392456786,60520200
2011-11-01,49.77824783325195,51.074741221979906,49.496018483444935,49.848806852923325,99933000
2011-11-02,50.20158386230469,50.41325752316609,49.72532401313427,50.298600816681216,65003800
2011-11-03,51.242305755615234,51.312864764144976,50.01637158014,50.598469942755536,78994200
2011-11-04,50.97772979736328,51.19822171116195,50.46619030685898,50.995369554199925,61527800
2011-11-07,51.33932113647461,51.37460063965809,50.42207424033562,50.94243513675691,65559000
2011-11-08,51.93024444580078,52.018439845106364,51.12765420014023,51.70975258309801,62906900
2011-11-09,50.10456848144531,51.00417562018327,49.945814082583404,50.92479842075231,69539000
2011-11-10,50.078121185302734,50.642579932790774,49.59303965945767,50.59848222397568,66052400
2011-11-11,51.021812438964844,51.171748645575875,50.448535651057895,50.510273099533435,54471000
2011-11-14,50.704315185546875,51.162935344108135,50.51909944579193,50.88070600140621,44617600
2011-11-15,51.26877212524414,51.47162424812657,50.50145797173871,50.554377233358096,52203900
2011-11-16,50.42206954956055,51.295218667710245,50.32505597148906,50.89833270491493,68342800
2011-11-17,49.240238189697266,50.30741786325422,48.93154760214352,50.28977811272786,101706900
2011-11-18,48.86099624633789,49.30197995482672,48.77279748597691,49.24906069861013,60417000
2011-11-21,47.92610168457031,48.270068382264945,47.43219880116066,48.19951275002822,52283700
2011-11-22,48.08486557006836,48.225980226881376,47.51158538426866,47.802636256442334,51940100
2011-11-23,47.00003433227539,47.776163069606696,46.973573027648705,47.723247189229276,48437300
2011-11-25,46.63843536376953,47.33518702754446,46.62961380600361,46.79718975917104,25448100
2011-11-28,48.26126480102539,48.32300225958788,47.74972201357715,47.77617996312131,46710700
2011-11-29,47.961395263671875,48.596409597985904,47.82028059333108,48.23480304496017,52056700
2011-11-30,49.734153747558594,49.77825145584278,49.09913598206005,49.26671198375521,66918600
2011-12-01,50.078121185302734,50.21041767618754,49.6988748335018,49.72533615034247,45362200
2011-12-02,49.93700408935547,50.57202183186457,49.89290638266775,50.57202183186457,36938900
2011-12-05,50.48381423950195,50.81895942102787,50.20158158302129,50.68666633287981,40492200
2011-12-06,50.34270095825195,50.669027955190025,50.17512499850753,50.5279133053434,38670000
2011-12-07,50.34270095825195,50.572011002588226,49.698861793610696,50.20158294396669,44576200
2011-12-08,49.496009826660156,50.40443854163033,49.39899287379977,50.01637073018878,51692600
2011-12-09,50.2897834777832,50.43971632659495,49.60184995605637,49.61948634402584,55757900
2011-12-12,49.7253303527832,50.28096747506185,49.30198634152556,49.76060649705866,55411700
2011-12-13,49.178489685058594,50.25449074772251,48.975637632405835,50.05163869506974,68557700
2011-12-14,48.411170959472656,49.028548568932315,48.13776332651627,48.99326907937752,63682800
2011-12-15,48.278900146484375,48.87863492282959,48.2083411348915,48.825719028573786,58732900
2011-12-16,48.52745819091797,49.1908849725123,48.447846842152124,48.53630239661946,60978900
2011-12-19,48.0497932434082,48.82821499625192,47.917106528659126,48.71322006842694,46733900
2011-12-20,49.47395706176758,49.535876637615495,48.80168256061335,48.82822193195089,81758800
2011-12-21,48.76630401611328,49.217432851842254,48.200180232310686,49.18204927176361,78552300
2011-12-22,49.182044982910156,49.20858435283677,48.801679966143766,48.8724471201299,40334100
2011-12-23,49.60663986206055,49.60663986206055,49.16435528429338,49.279346844971094,26594600
2011-12-27,49.791683197021484,49.951041802338054,49.51722569864168,49.5703474852905,21443500
2011-12-28,49.21620559692383,49.80938364228924,49.08340282813008,49.729702656475936,38180100
2011-12-29,49.57033920288086,49.605750344081834,49.13651979435383,49.295881750358504,28077900
2011-12-30,49.428672790527344,49.685419545623425,49.41981747434021,49.46408392333515,21832400
2012-01-03,50.375999450683594,50.63274625912562,50.24319669879191,50.384851391396374,39514100
2012-01-04,50.58847427368164,50.659303300902295,50.074977335587526,50.29631297968121,29403400
2012-01-05,51.00459671020508,51.04886317253927,50.28746786205858,50.482244349106544,41260600
2012-01-06,51.181663513183594,51.296755634339476,50.818673135529004,51.01344623603904,46325200
2012-01-09,51.01344299316406,51.3321668903197,50.84522910402713,51.31445963188725,39195500
2012-01-10,51.38528823852539,51.70401213303193,51.0311498274483,51.5535021262642,35949900
2012-01-11,51.49153518676758,51.60663069211034,51.181666569284715,51.37643968142482,37144100
2012-01-12,51.695159912109375,51.76598894949359,51.22592936003932,51.6066269926935,26188300
2012-01-13,51.50923156738281,51.526938824258,51.06656027744471,51.42069866032076,35980400
2012-01-17,51.97848129272461,52.19981701961645,51.7837081496341,51.960774029295436,41790800
2012-01-18,52.66904067993164,52.66904067993164,51.95191185026299,52.075859292530886,48692700
2012-01-19,52.996620178222656,53.09400842591282,52.81069900207674,52.90808387245217,47774500
2012-01-20,52.91693115234375,52.94349035138255,52.73101000444368,52.76642114405735,41041700
2012-01-23,52.934635162353516,53.3064774353347,52.62476322422185,52.92577984500786,40958300
2012-01-24,52.83726119995117,52.978915919898164,52.59821822679408,52.69560648000419,38440200
2012-01-25,53.501258850097656,53.63406160408456,52.97005458877868,53.35074883709154,61591800
2012-01-26,53.315338134765625,53.82883514128774,53.05858794284739,53.73144690453846,37852700
2012-01-27,53.47471618652344,53.5721010752725,53.17369944474038,53.200258652825084,45532300
2012-01-30,53.51897048950195,53.59865147295291,52.81954889891186,53.023177328327726,42797800
2012-01-31,53.58980178833008,53.881966550805764,53.24451861617879,53.784578296647204,51449600
2012-02-01,54.023616790771484,54.21839328293153,53.704892849896744,53.8996693420568,46146700
2012-02-02,54.19181823730469,54.36888742787238,53.97933791047457,54.20067355435572,46373600
2012-02-03,54.935516357421875,54.99749007905463,54.60794048917522,54.69647341227501,36453800
2012-02-06,54.89125442504883,54.908961686592754,54.59023773343178,54.731892448468344,28541300
2012-02-07,55.00634002685547,55.11258019966468,54.599079839344135,54.846978078984556,37935700
2012-02-08,55.298500061035156,55.298500061035156,54.81156228822108,55.01519068858646,41171100
2012-02-09,55.6969108581543,55.75888457890106,55.174558513778365,55.510989695914,46856400
2012-02-10,55.307373046875,55.45787972149354,55.11259652460141,55.29851772641791,58090500
2012-02-13,55.820865631103516,55.891694679725,55.4667305199409,55.72347737790645,36810200
2012-02-14,55.9625129699707,55.971368288537896,55.50213434659656,55.69691082730105,51648200
2012-02-15,55.57295227050781,56.53797578513041,55.484415989116776,56.22810386623248,105709100
2012-02-16,56.33434295654297,56.39631665996723,55.44900047640946,55.59065513813828,83642300
2012-02-17,56.15729904174805,56.3874867040915,55.90940411656048,56.343220235638725,76112300
2012-02-21,56.31663513183594,56.564529943024716,55.96249679244038,56.21924691963648,38141300
2012-02-22,56.05990219116211,56.378626118867956,55.98022120923565,56.21041221360745,43174700
2012-02-23,56.431739807128906,56.49371352003882,55.856265756035064,56.13072318271758,54250000
2012-02-24,56.62651062011719,56.72389884431127,56.48485594237504,56.59109610635317,41364900
2012-02-27,56.70621109008789,56.89213227424784,56.06876317032246,56.31665808253574,42678500
2012-02-28,57.28166580200195,57.28166580200195,56.68848785746232,56.759316889397034,43717500
2012-02-29,57.02492141723633,57.511855805637175,56.83899352289569,57.32593466592469,59784400
2012-03-01,57.47643280029297,57.52955794281226,57.06917606565652,57.237393300151176,67558900
2012-03-02,57.432186126708984,57.618107292043106,57.24626496137487,57.39677160646024,33358200
2012-03-05,56.83900833129883,57.467607699571545,56.653090520462804,57.39677865038167,45788800
2012-03-06,56.2812385559082,56.41404131982623,55.98022188469997,56.2812385559082,54638600
2012-03-07,56.71506118774414,56.847863967055765,56.45831432629129,56.54684726095572,42741800
2012-03-08,57.32595443725586,57.49417175461527,56.9275528225557,57.05150029177933,43711100
2012-03-09,57.564964294433594,57.671207822253976,57.38789850269328,57.42331301196674,43117200
2012-03-12,57.591529846191406,57.6446482324227,57.29936521266538,57.54726002124736,32687300
2012-03-13,58.66280746459961,58.66280746459961,57.786313354095746,57.90141222466637,61559100
2012-03-14,58.86642837524414,59.087764028224065,58.50344141676367,58.724777069743595,59926900
2012-03-15,59.034645080566406,59.15859250470506,58.742480400256134,59.043500397898605,65531200
2012-03-16,58.992977142333984,59.12600535992353,58.85108533870903,59.12600535992353,53023100
2012-03-19,59.409786224365234,59.55168477137466,58.93088877735111,59.09052125968915,60966200
2012-03-20,59.51621627807617,59.578295207277,58.939765212013725,59.09939771082954,47290600
2012-03-21,59.52508544921875,59.8532140258747,59.44526581834589,59.52508544921875,39648100
2012-03-22,59.40091323852539,59.542804996982866,59.13485688803831,59.17033151917619,56953900
2012-03-23,59.36544418334961,59.489602020946826,59.028438538933145,59.471861320664544,45541700
2012-03-26,60.40303421020508,60.40303421020508,59.71129595550556,59.764504508607764,40855300
2012-03-27,60.49171829223633,60.74003389855118,60.42076904297699,60.44738008601885,37278200
2012-03-28,60.2523078918457,60.75780974460802,59.89756820641149,60.527227934161274,44421900
2012-03-29,60.021728515625,60.24343998225096,59.596039522620465,59.950779222441405,53975300
2012-03-30,59.90642166137695,60.32323340063778,59.666969565660175,60.28776553158586,39480900
2012-04-02,60.52719497680664,60.60700781037008,59.737903158689576,59.84432703620053,40031600
2012-04-03,60.50949478149414,60.79328518031255,60.172489031205714,60.58043730662613,45539900
2012-04-04,59.68470764160156,60.092655778707,59.338838421749244,60.05718114512028,54088100
2012-04-05,60.05719757080078,60.11040615268617,59.53395503990773,59.578300035543144,42979900
2012-04-09,59.60487365722656,59.84432568469525,59.20579596623594,59.31221307525056,36908200
2012-04-10,58.6470947265625,59.80886701664476,58.46085797000611,59.57828527543913,69254200
2012-04-11,58.93088912963867,59.321103370152166,58.78012699711125,59.161470886859846,62950000
2012-04-12,59.60487365722656,59.666952559516055,58.95748035707796,59.046163536621115,57407400
2012-04-13,58.70032501220703,59.59603438862376,58.673720721079306,59.40093399832163,55227500
2012-04-16,58.04405975341797,59.02845921495694,57.85782293178858,58.99298456806128,57588000
2012-04-17,59.22355651855469,59.40979330914245,58.203682580110886,58.292372565615864,47362400
2012-04-18,59.07279968261719,59.41866900569095,58.895433227844784,59.05505897748202,42536100
2012-04-19,58.407657623291016,59.56942331081919,58.194816552421536,58.85995081922236,81110900
2012-04-20,58.24802017211914,58.98410365527283,58.15933696397781,58.72691761539642,59906900
2012-04-23,57.715911865234375,57.80459506985403,57.19266945561724,57.69817116465356,70514400
2012-04-24,57.405513763427734,57.848936525565435,57.157191333111335,57.609484444998216,49661500
2012-04-25,58.93088912963867,58.966363766603095,58.50520701825593,58.593890227619404,57526900
2012-04-26,59.2767448425293,59.40977300923603,58.84219247964137,58.92201208610285,41799500
2012-04-27,59.631500244140625,59.81773702068502,59.21468170164323,59.525083095312645,46003800
2012-04-30,59.20580291748047,59.56940602612522,59.161457939455985,59.454118555792725,37787700
2012-05-01,59.303375244140625,59.97737311420474,59.05505276106373,59.14374274521053,37643800
2012-05-02,59.47187805175781,59.51622304884431,58.868822628303064,59.01072120610258,38299300
2012-05-03,58.84219741821289,59.55167652279895,58.691435307468964,59.507331541477,51297600
2012-05-04,57.378910064697266,58.84220672042595,57.370046479907,58.30123034002871,107554000
2012-05-07,57.432132720947266,57.70705273856668,57.01531413546227,57.0330480733974,50267800
2012-05-08,57.21926498413086,57.414372064093754,56.29694829486738,57.06850288273909,72659700
2012-05-09,57.041908264160156,57.361173218888815,56.32356211602067,56.554143864679126,85715300
2012-05-10,56.92662048339844,57.31682794134205,56.71377605364586,57.299094006656155,49448900
2012-05-11,56.917755126953125,57.520810450608636,56.67830639111511,56.73151834898391,47099900
2012-05-14,56.38564682006836,56.82906963538926,56.29696022717562,56.42998842499093,46360000
2012-05-15,56.19940185546875,56.99756082489,56.10184830316178,56.53640411351629,66908600
2012-05-16,55.81806945800781,56.563020012264595,55.70278194801484,56.394520540164706,52825900
2012-05-17,54.63856506347656,55.9244920273313,54.629694711816306,55.835805425968395,62253900
2012-05-18,53.92908477783203,54.94895523762563,53.88473978923643,54.807060070043576,79496500
2012-05-21,55.43672561645508,55.48993757865407,53.96456182609641,54.0355111090284,61473000
2012-05-22,55.374656677246094,55.826949979929545,54.97557872941186,55.59636815184228,62954800
2012-05-23,55.481056213378906,55.614081009786595,54.42570789342338,54.90460527980418,56951100
2012-05-24,55.117462158203125,55.614093590008075,54.70951056101604,55.56088501262777,83131200
2012-05-25,55.0464973449707,55.26820870962196,54.88686489177804,55.170655167887894,32078900
2012-05-29,55.74712371826172,56.00430979461136,55.23275156556245,55.56088692492496,44216700
2012-05-30,55.277076721191406,55.47218041336217,54.70062584425595,55.241602092416066,56431800
2012-05-31,55.03765869140625,55.348053408372536,54.620840028866944,55.20615819732385,55260100
2012-06-01,53.574337005615234,54.38136628261338,53.5565996894887,54.044364042303464,71430800
2012-06-04,53.9822883605957,54.06210459642205,53.246208304016974,53.725105718975094,74119500
2012-06-05,54.20399856567383,54.31042246648015,53.76944614471344,53.79605042839139,47916900
2012-06-06,55.445579528808594,55.489921125969865,54.55873405339524,54.61194599981697,58781800
2012-06-07,55.223880767822266,56.030910199375086,55.17953916053761,56.030910199375086,38414800
2012-06-08,55.75597381591797,55.826923077462304,54.94894457260956,55.135181309592966,39730800
2012-06-11,54.815940856933594,56.208288511112364,54.78046621252245,56.18168083627985,51008900
2012-06-12,55.481056213378906,55.50766049605102,54.70063121887468,55.073104708472776,48802600
2012-06-13,55.0997314453125,55.73825813177998,54.91349125300486,55.321442899111226,50840100
2012-06-14,55.30370330810547,55.52541475280887,54.8070684540725,55.090858832649005,65170600
2012-06-15,55.990806579589844,56.07080627797698,55.430808690879935,55.45747412673449,41536100
2012-06-18,56.5152473449707,56.65746865184768,55.67080685190343,55.75969389714275,32191200
2012-06-19,57.101905822753906,57.34190829863352,56.75524160794707,56.79968852026453,36476500
2012-06-20,57.146339416503906,57.39522579152403,56.71967560611689,57.22633570205533,51389700
2012-06-21,55.72414779663086,57.16413921293742,55.661926175550114,57.10191759185667,42492700
2012-06-22,56.310787200927734,56.38189953230443,55.75968019604868,55.91079220481287,29504200
2012-06-25,55.22636795043945,55.8663621719726,55.066368547350265,55.848587474583674,33136400
2012-06-26,55.572994232177734,55.73299352597303,55.16410865506588,55.41299493838243,30611100
2012-06-27,55.91080856323242,56.15969501422504,55.724140334164375,55.78636194691253,35705800
2012-06-28,55.28858184814453,55.528580919285986,54.701918582295356,55.49302474782285,49793400
2012-06-29,57.030792236328125,57.030792236328125,56.1863484925888,56.35523859766581,44761300
2012-07-02,57.199676513671875,57.22634194509805,56.773012656738445,57.11078948170267,33425600
2012-07-03,57.67967224121094,57.67967224121094,57.14634328978468,57.23523031808147,15895100
2012-07-05,57.715248107910156,57.9996907645316,57.315252953227706,57.626361049274934,37016200
2012-07-06,56.99525833129883,57.50192206279718,56.57748166500839,57.44858439835373,40684100
2012-07-09,56.88856506347656,57.119676757907655,56.604122509425,56.93301196759057,35628300
2012-07-10,56.32856750488281,57.341897922022206,56.106346546802044,57.1996732536607,47365700
2012-07-11,56.017459869384766,56.40856753735081,55.55523986679431,56.25745891250805,43432000
2012-07-12,55.493019104003906,55.72412741336354,54.986355580064526,55.57301878624816,57680400
2012-07-13,56.33746337890625,56.461906584246556,55.608578841207596,55.64413162071694,32357200
2012-07-16,56.177467346191406,56.461909944130745,55.95524635462485,56.21302351863964,27621400
2012-07-17,56.470802307128906,56.6574705336489,55.67080870093402,56.53302391902773,42467800
2012-07-18,57.235225677490234,57.40411576471252,56.34634190330135,56.36411998568383,44489700
2012-07-19,57.866355895996094,58.05302075075425,57.52858236571673,57.63524412177981,53017800
2012-07-20,57.101905822753906,57.86634659941685,57.0752403880221,57.848571903477875,40573100
2012-07-23,56.40855407714844,56.604109559879404,55.56411395450881,55.99078107879855,48657800
2012-07-24,55.96412658691406,56.58634596235464,55.59968434271388,56.506346279929105,57269700
2012-07-25,55.590789794921875,55.95523199191228,55.244125679592265,55.52856820452027,46264400
2012-07-26,56.32856750488281,56.64856622705076,55.97301600644722,56.39078910187961,41928200
2012-07-27,57.661903381347656,57.768565113435585,56.5685731559227,56.737463273923574,42621000
2012-07-30,57.61744689941406,58.05299805691926,57.42189138088047,57.804111681202,37821300
2012-07-31,57.59967803955078,57.93745147198884,57.54634039532156,57.70633976471764,34588300
2012-08-01,57.4307861328125,58.026336685150824,57.1996744327836,58.00856199206195,30920200
2012-08-02,57.226348876953125,57.79523408844037,56.808575707105305,56.99524392216851,40534900
2012-08-03,58.310791015625,58.55967745897836,57.94635208975671,58.150791618948276,42117400
2012-08-06,58.755218505859375,59.01299562464977,58.48855743175038,58.613000622663634,23523600
2012-08-07,59.24409866333008,59.48409427314838,58.915209260143826,59.00409627186748,28223300
2012-08-08,59.21744918823242,59.34189239449325,58.995228208245784,59.093005981971594,20723500
2012-08-09,59.395240783691406,59.4752438865469,59.10190737596811,59.208575919226064,20726200
2012-08-10,59.4307861328125,59.44856082929178,59.030791036383214,59.181899692221215,20312000
2012-08-13,59.572998046875,59.58188878504223,59.110781386871906,59.41299866809582,19890300
2012-08-14,59.599674224853516,59.91967300369233,59.43078409667562,59.79522300601355,24218700
2012-08-15,59.750789642333984,59.83967669504536,59.546343317615126,59.55523405738049,29100400
2012-08-16,60.461875915527344,60.59520984808282,59.901881536768975,59.97299387168463,35699900
2012-08-17,60.728553771972656,60.737444510711235,60.45300190589636,60.595219817480476,22584800
2012-08-20,60.81745529174805,60.82634603260303,60.44412555561775,60.6841213055163,26924000
2012-08-21,60.577457427978516,61.22633907313609,60.33745490480669,60.97745259106754,41391000
2012-08-22,60.82633590698242,60.941888392268446,60.27522535373583,60.4441154936245,44555700
2012-08-23,60.32857894897461,60.746348866925594,60.1685795061842,60.55080002053635,28800400
2012-08-24,60.70187759399414,60.844095480407624,60.088545580869564,60.186323344748715,38384800
2012-08-27,60.799652099609375,61.039647737040596,60.66631817586089,60.95965145177855,20671400
2012-08-28,60.799652099609375,60.96853540682206,60.541874988800984,60.746314461122935,27337900
2012-08-29,60.799652099609375,60.95076071508996,60.541874988800984,60.799652099609375,26672400
2012-08-30,60.18632125854492,60.55965082679092,60.08854349805499,60.532985397865524,24425400
2012-08-31,60.58633804321289,60.84410844109906,59.973005899439535,60.62188743615473,42128000
2012-09-04,60.52409744262695,60.75520914001072,59.928546897104866,60.47076658232513,32017200
2012-09-05,60.461875915527344,60.75520921082028,60.30187655278988,60.49743208298517,26129300
2012-09-06,61.80410385131836,61.821885329160324,60.81744206213936,60.83522353998132,43100000
2012-09-07,61.7151985168457,61.821867007344395,61.53742448099265,61.66186766241874,32958600
2012-09-10,60.9240837097168,61.68852416019243,60.87963681636486,61.555190261780396,25490000
2012-09-11,60.82633590698242,61.17300014448762,60.7285581187992,60.93300443454061,29810100
2012-09-12,61.00410461425781,61.164104000633934,60.63077497326237,61.04855152555816,42203400
2012-09-13,61.830772399902344,62.097440327785584,60.99522600371928,61.05744761600576,45417800
2012-09-14,62.38187789916992,62.604098893854676,62.035213689993434,62.05298838564372,38880300
2012-09-17,62.408531188964844,62.435196618074556,62.186310237523585,62.41742192588316,31798400
2012-09-18,62.461875915527344,62.4885481322043,62.239654914746595,62.24854565363892,27169800
2012-09-19,62.57743453979492,62.73743392999579,62.27521045535032,62.45299132315499,36484600
2012-09-20,62.515193939208984,62.577415528625885,62.10630823994872,62.275191535997656,42520200
2012-09-21,62.53303146362305,62.8806842586794,62.4706324183818,62.82720130589715,23678500
2012-09-24,62.167579650878906,62.27455241450066,61.882325748877044,62.01604000315687,32341600
2012-09-25,61.29397201538086,62.4706448170275,61.26723053368231,62.328014513318955,41299600
2012-09-26,60.79476547241211,61.24939100980166,60.48277022164924,61.21373343814499,32770400
2012-09-27,61.632686614990234,61.7753168673925,60.839324538710734,60.94629722801243,25339500
2012-09-28,61.12459182739258,61.614874927759196,61.07110887134759,61.42767778061547,30112600
2012-10-01,61.03543472290039,61.80205528926451,60.83932153601872,61.41874500608245,37715300
2012-10-02,61.213714599609375,61.49005899465692,60.73234773186469,61.30285510082485,33254300
2012-10-03,61.60597229003906,61.72185432044161,61.14243056645337,61.38311752319649,38236000
2012-10-04,61.819908142089844,61.98927993348059,61.50791284293909,61.70402611697312,26128600
2012-10-05,61.49005889892578,62.22102188932949,61.32960327659403,62.13187458726852,25207900
2012-10-08,60.92847442626953,61.25830183499008,60.7858509528943,61.13350374541707,30911500
2012-10-09,59.95684814453125,60.919575564830154,59.81421782982757,60.7680359561983,67974000
2012-10-10,59.65373611450195,60.10836154314763,59.54677022610399,59.93898981853782,45134300
2012-10-11,59.466575622558594,60.14405613713973,59.430918037476545,60.09948245553992,30469400
2012-10-12,59.43980407714844,59.778540762656,59.323922084971365,59.45762946018125,24891200
2012-10-15,59.87660217285156,59.95683340539615,59.30609465625967,59.66266355437612,22220100
2012-10-16,60.72345733642578,60.79476567899504,59.947920452477284,59.965745837872994,33960600
2012-10-17,60.68781661987305,60.88392991862577,60.33124760404885,60.41147206209043,33439400
2012-10-18,59.98359298706055,60.68781490312033,59.760738208598134,60.49170160991531,61707600
2012-10-19,58.54839324951172,59.96574602697156,58.47707810573116,59.912263069629354,75362600
2012-10-22,58.851470947265625,59.00301732428161,58.38793612617878,58.52165031719934,38621500
2012-10-23,58.28988265991211,58.78907507901213,58.11160159622972,58.370113899259835,52591200
2012-10-24,58.08485412597656,58.717760678054496,57.99570680234327,58.61970406284662,39872400
2012-10-25,58.08485412597656,58.58404649359049,57.915482372256434,58.485989878382625,52688700
2012-10-26,58.25421905517578,58.494905947310926,57.63022859591046,58.08485410251001,54213100
2012-10-31,57.89764404296875,58.2898704621767,57.70153763434999,58.18289776576039,38524500
2012-11-01,58.71776580810547,58.83364781757281,58.093768493084745,58.26314026160254,26945000
2012-11-02,58.09376525878906,59.02084168587359,58.04028230370273,58.98518411548732,44083000
2012-11-05,58.47709274291992,58.59298158081766,57.97790021347781,58.10269834583834,28094700
2012-11-06,58.584049224853516,58.985184995961035,58.352278414376194,58.575133131877315,29608400
2012-11-07,57.202354431152344,58.03137435628443,56.961674298495275,57.96005920550192,70737800
2012-11-08,56.30201721191406,57.496518665955186,56.30201721191406,57.36280447165103,58585800
2012-11-09,56.5427131652832,57.14887841867864,56.30202960286202,56.33768718258975,51542100
2012-11-12,56.53378677368164,56.934925971324674,56.38224718817947,56.872526918412795,32663700
2012-11-13,56.14155960083008,56.67641295908932,55.963275148077,56.09698933776509,43288300
2012-11-14,55.48191452026367,56.48030274850685,55.39277058886223,56.417903696772484,82655300
2012-11-15,55.29472351074219,55.704778864994914,55.08969753386276,55.5175782769799,55124200
2012-11-16,55.535400390625,55.69585607506785,54.65289752668277,55.339290532245315,70873100
2012-11-19,56.854705810546875,56.89927948335546,56.12374246300441,56.14157125202908,55306400
2012-11-20,56.87253189086914,56.952759737412194,56.32876575324328,56.836874314518084,52012700
2012-11-21,56.98841094970703,57.06863538679755,56.69424107840206,56.93492459115342,19611700
2012-11-23,57.85309982299805,57.870925212216015,57.27367605908984,57.30933363851365,16462900
2012-11-26,58.102684020996094,58.13834159302055,57.53217647057774,57.71045752971355,26430900
2012-11-27,57.90656280517578,58.29878924247282,57.80850619585152,58.09375993179877,25828600
2012-11-28,58.405757904052734,58.45033156530215,57.27365899876768,57.630227885805425,37295800
2012-11-29,58.75343322753906,58.958455801803524,58.459263306911616,58.7177756491914,41136100
2012-11-30,58.65536117553711,58.80690074295664,58.485989423135344,58.76232708148695,33497400
2012-12-03,58.53947830200195,59.16347562081481,58.51273682280748,59.10998586143929,28240000
2012-12-04,58.503814697265625,58.628612787963334,58.120504332698125,58.56621374261448,49584500
2012-12-05,57.85309982299805,58.42360749180334,57.54110450427451,58.41469139670041,54076200
2012-12-06,58.22748565673828,58.370115953493126,57.5232638687317,57.67480345829357,47512300
2012-12-07,57.87983703613281,58.5751427811181,57.683723764267754,58.512743721978076,30089400
2012-12-10,58.0492057800293,58.35228496538306,57.719378312744006,57.719378312744006,33219600
2012-12-11,58.80690383911133,59.13672446780275,58.405761267721815,58.450334931538286,40750800
2012-12-12,58.68209457397461,59.11888783210885,58.52163893615194,59.11888783210885,45917700
2012-12-13,58.21857452392578,58.976286138275775,57.96897828432282,58.56622740065668,45467700
2012-12-14,57.6658935546875,58.013546398111494,57.46978029922027,57.82634923634372,39630300
2012-12-17,58.43252182006836,58.45034720874734,57.63915940459422,57.71938385513113,42302900
2012-12-18,59.32392883300781,59.41306936028255,58.566217348706815,58.72667301819586,55596000
2012-12-19,59.065433502197266,59.5111430675302,59.029775920852046,59.493310876363466,34832500
2012-12-20,59.065433502197266,59.19914773199479,58.77126355684035,59.1723994452447,40754300
2012-12-21,58.444217681884766,58.51593002311112,57.90638880041766,58.157375155844626,51152900
2012-12-24,58.32768249511719,58.390429075624496,58.19322358292598,58.29182632927524,11418300
2012-12-26,57.81675338745117,58.42629462695101,57.628513615690764,58.372513788981024,21751300
2012-12-27,57.72710418701172,57.94223433232571,57.00999458414637,57.87052200426638,52933200
2012-12-28,57.17133712768555,57.75398775610788,57.144446717565984,57.28786793725634,33082100
2012-12-31,58.381473541259766,58.489042057610185,56.99208277577763,57.10861020600809,57544000
2013-01-02,60.236995697021484,60.26389295882671,59.5916050298918,59.81570100620343,70695900
2013-01-03,59.923248291015625,60.362474384103656,59.743974288614545,60.23698121464993,47366500
2013-01-04,59.726070404052734,59.950166430114734,59.5826525035844,59.950166430114734,33972500
2013-01-07,59.743980407714844,59.842583170793986,59.38542552732394,59.57366530078442,26766200
2013-01-08,59.627445220947266,59.896363086815356,59.313712270011436,59.73501373506758,28734900
2013-01-09,59.85154342651367,60.0128927843638,59.65434473479967,59.71709132735996,25600300
2013-01-10,60.21009826660156,60.29973527892063,59.65434468690396,60.26388594508553,37528000
2013-01-11,60.290771484375,60.31766190200738,60.05770980011917,60.183202974980354,21158600
2013-01-14,60.0218505859375,60.19216567412414,59.76189849723439,59.98599441795796,36768500
2013-01-15,59.726070404052734,59.81571428557192,59.45715927609912,59.726070404052734,31675300
2013-01-16,59.96807861328125,60.17424306104208,59.699160733136246,59.80672925296741,33822300
2013-01-17,60.25489807128906,60.487959688849095,60.111473433140375,60.21007616215181,32024200
2013-01-18,60.120445251464844,60.183191827272914,59.85152744722233,60.07562333780314,31992000
2013-01-22,60.21908187866211,60.263903817547316,59.81571178416605,60.18322569532749,32123100
2013-01-23,60.586570739746094,60.7658515822939,60.47004332123867,60.55968032308014,31975700
2013-01-24,59.7529411315918,60.30869465250312,59.66329728988937,59.7529411315918,42596300
2013-01-25,60.0577278137207,60.22804296162994,59.82466605956077,59.94120035607432,39240100
2013-01-28,60.192161560058594,60.39832596326891,59.994956069082264,60.06666840013989,32926100
2013-01-29,60.20113754272461,60.33558963772828,59.726048397871594,60.12045944685694,35554700
2013-01-30,60.075653076171875,60.48799573715669,59.941200946358606,60.30871483262693,34445000
2013-01-31,59.94121170043945,60.37147227076964,59.887423999996834,60.04877342358777,34870500
2013-02-01,60.649322509765625,60.75688417349603,60.120452587253965,60.36247316951206,53120800
2013-02-04,59.59158706665039,60.47003919922687,59.5736555641855,60.299724120132396,48483700
2013-02-05,60.47003936767578,60.658279110895116,59.70811464354104,59.851532469337684,35120300
2013-02-06,60.27285385131836,60.55073752149075,60.09357979993404,60.27285385131836,43593200
2013-02-07,60.326622009277344,60.3893685908366,59.66329318837722,60.34454667306664,46017900
2013-02-08,60.94512176513672,61.070614927620184,60.622423107646526,60.63138885892804,39837200
2013-02-11,60.963069915771484,61.00788500668849,60.75689861318105,60.98099458436502,17650400
2013-02-12,60.71208572387695,60.99892830383961,60.6493391232247,60.882394017723605,22057900
2013-02-13,60.927188873291016,61.16025050308466,60.747908066194555,60.891332711871726,23494700
2013-02-14,60.90925979614258,60.99890362268863,60.61345842067748,60.64931458352314,24478800
2013-02-15,60.730010986328125,61.05270974679654,60.55969585195129,60.90032612070496,25333600
2013-02-19,61.169227600097656,61.18715910557016,60.82860422364124,60.846528890248194,23436500
2013-02-20,60.2280158996582,61.17818032134069,60.21905014883174,61.151289907725385,38200300
2013-02-21,59.58262634277344,60.06667436720164,59.36749616709368,60.003927781009004,45855600
2013-02-22,60.18320083618164,60.19216658802884,59.69018706755839,59.92324874353164,21968000
2013-02-25,59.439212799072266,60.7837886169167,59.38543195479569,60.568658400944145,40927600
2013-02-26,59.66331481933594,59.770883357664175,59.12548580542868,59.51989694043192,42088800
2013-02-27,60.27285385131836,60.640374547182915,59.58264123073537,59.66331250219831,36339500
2013-02-28,60.147335052490234,60.72101997943431,60.1383693020763,60.281793953244204,28557300
2013-03-01,60.39833068847656,60.50589919347853,59.64537167005728,59.941179929664074,31617200
2013-03-04,60.667236328125,60.676202078121214,60.12044183903472,60.201119911273736,19380500
2013-03-05,61.563621520996094,61.64429275657494,61.02579276721284,61.02579276721284,35581900
2013-03-06,61.4112434387207,61.76979825284497,61.33056535708222,61.75186675076342,29071100
2013-03-07,61.5726203918457,61.67122318094628,61.357483303516815,61.48297651894167,21775900
2013-03-08,61.644317626953125,61.86841360134623,61.402296983709796,61.778776579362265,26159900
2013-03-11,61.82359313964844,61.84151780694169,61.37540122979321,61.56364101126851,23187900
2013-03-12,61.599510192871094,61.78775001409755,61.30370182857212,61.644325290000864,27575400
2013-03-13,61.51884078979492,61.75190258003086,61.303710512044645,61.68019020782469,34297300
2013-03-14,61.72500228881836,61.859461255506346,61.59054332213038,61.73396804362879,31530800
2013-03-15,61.553367614746094,61.80493479116319,61.400624525043035,61.76899564386197,30752600
2013-03-18,61.41861343383789,61.670180675412446,60.852587140295135,60.98735040921491,36163000
2013-03-19,61.301815032958984,61.72408469122579,60.7537549018442,61.60728757570856,33125100
2013-03-20,61.73308181762695,61.86785196161236,61.44557537598208,61.73308181762695,28035400
2013-03-21,61.03226852416992,61.31977488681418,60.8885119155016,61.167038631123376,30050800
2013-03-22,61.6252326965332,61.67015833969744,61.21194282724712,61.28382111443359,28837200
2013-03-25,61.4006233215332,61.95766981174632,61.104137357819575,61.822899725681225,24909800
2013-03-26,61.73308181762695,61.75105482599528,61.49948069169854,61.63425083568394,19725200
2013-03-27,61.813926696777344,61.85884549381306,61.22094099649268,61.310785445256165,22539500
2013-03-28,61.96668243408203,62.04754040699192,61.670189490690674,61.813946137678315,23662800
2013-04-01,61.54437255859375,62.07445948454041,61.37366334631712,62.0115676991791,28112800
2013-04-02,62.029579162597656,62.236220790628614,61.78699151528075,61.840903689514924,29431900
2013-04-03,61.46352767944336,62.15533746530372,61.31078457854342,62.06549301781032,35131200
2013-04-04,61.48151397705078,61.634250273316646,61.149081872212555,61.43658831123414,32287400
2013-04-05,60.969398498535156,61.05924298369722,60.36743290778501,60.51118271310534,55610800
2013-04-08,61.29282760620117,61.310793756512524,60.816645793980946,60.99633471586643,17891600
2013-04-09,61.70610427856445,61.957671456729734,61.17601042055203,61.45453710039917,30931400
2013-04-10,62.910037994384766,63.0448080907097,61.88579622982221,61.92173537915498,55271300
2013-04-11,62.883087158203125,63.02684375967695,62.68542525852264,62.757303559259555,37233600
2013-04-12,62.83816909790039,62.883087895368504,62.36198734564725,62.7303516455311,32783700
2013-04-15,61.598304748535156,62.70341157934221,61.52643328722469,62.60458060851013,48795800
2013-04-16,62.41592025756836,62.48779859094718,61.82293428923582,61.948717945301176,27682600
2013-04-17,61.19398498535156,61.89478124377401,60.834600355350084,61.876815096885196,60204800
2013-04-18,60.34944534301758,61.39166031268443,60.08889160060086,61.355721156348345,56798200
2013-04-19,61.176002502441406,61.30179292993429,60.37637542333103,60.4662267079246,43062800
2013-04-22,61.804931640625,62.0295461587892,61.167027231601594,61.391641749765796,34412100
2013-04-23,62.39793395996094,62.62254856291932,61.831907628195545,62.15535320483111,53078300
2013-04-24,62.37097930908203,62.595593904854894,62.10144590697068,62.245195683824704,44500700
2013-04-25,62.70339584350586,62.93699688454824,62.5237000985918,62.53268659951045,26437100
2013-04-26,62.505767822265625,62.68545680985833,62.23622748618107,62.55069349651155,24079800
2013-04-29,63.08075714111328,63.323344723512754,62.67645364337139,62.70340629592846,31664000
2013-04-30,63.53898620605469,63.547972710367596,62.92803415196976,63.161635281244855,30135800
2013-05-01,63.242462158203125,63.65575204234607,63.11667857845053,63.55692110758461,28537200
2013-05-02,64.04208374023438,64.17685380821997,63.29636197144569,63.350274111454176,31744200
2013-05-03,64.79681396484375,64.99446902954986,64.60813854760652,64.66204385119066,34061700
2013-05-06,65.0483627319336,65.14719366359213,64.8596873682284,64.91359265651823,19244300
2013-05-07,65.01246643066406,65.20114191870428,64.7698787641157,65.15621624573005,25838100
2013-05-08,65.32688903808594,65.38079433174791,64.86867347788481,64.97649091990021,24252100
2013-05-09,65.237060546875,65.67730321369595,65.1112769277833,65.20112139074978,29337200
2013-05-10,65.63238525390625,65.65933790767362,65.25502753708338,65.3718315096663,20663700
2013-05-13,65.71324920654297,65.87497199858532,65.46168194218683,65.52457375827586,29730100
2013-05-14,66.05464172363281,66.25230361802679,65.7042435852769,65.73120308835124,36009800
2013-05-15,66.18943786621094,66.252329688749,65.76716126287194,65.92888407149762,27214400
2013-05-16,66.1175537109375,66.57576943743494,66.08162140524989,66.24334419961993,27253400
2013-05-17,66.75544738769531,66.78240003710035,66.24332648492314,66.45895453485561,31114500
2013-05-20,66.65662384033203,66.8722519142144,66.38708360695941,66.62967118793334,25132400
2013-05-21,66.7284927368164,66.97108030848962,66.38708106170118,66.62068213135508,25900000
2013-05-22,66.14447784423828,67.33942172800172,65.80305943057134,66.80933481895715,59843200
2013-05-23,65.99175262451172,66.21636717647355,65.43471292264933,65.56049652337258,48222100
2013-05-24,65.95582580566406,65.97379195524847,65.37182655112632,65.55151546574129,26430300
2013-05-28,66.38710021972656,66.97109963504586,66.18045859649786,66.72851199336658,27057100
2013-05-29,66.0726547241211,66.3062559093376,65.69530370894552,66.12656005351874,32090300
2013-05-30,66.42300415039062,66.73746309808723,66.0815925578473,66.09955870284811,32390500
2013-05-31,65.81206512451172,66.6745841998262,65.7401868212291,66.17144978623249,38347600
2013-06-03,65.92887115478516,65.94684416038595,65.07533846546387,65.8210605399532,47613100
2013-06-04,65.58746337890625,66.32419899472814,65.31792311629357,66.06364523545417,35251900
2013-06-05,64.73392486572266,65.62339668551489,64.68001270519164,65.37182945201349,48654200
2013-06-06,65.0483627319336,65.05734923154549,64.21279648998731,64.82374822447159,62524100
2013-06-07,65.93785095214844,66.00972925785567,65.15618980064042,65.31791256113543,31969800
2013-06-10,65.96480560302734,66.27028498419831,65.8210558419472,66.06363656269801,25390000
2013-06-11,65.3089370727539,65.89292949340887,65.08432249413494,65.3089370727539,40278900
2013-06-12,64.5542221069336,65.71323403995532,64.45539115379042,65.68628138995125,42081900
2013-06-13,65.37183380126953,65.51558357796571,64.28469998148577,64.46438891602938,28221500
2013-06-14,64.94055938720703,65.44369379955798,64.84172843411064,65.37182235114517,27690700
2013-06-17,65.5694808959961,65.94683168591486,65.22806240109557,65.4526769457651,32441900
2013-06-18,66.10857391357422,66.23435754728055,65.64137168435587,65.65934469185332,24853100
2013-06-19,65.37183380126953,66.19841386767965,65.2999554855747,66.12653555198482,43145100
2013-06-20,63.8174934387207,64.83275572837215,63.601865361012166,64.61712079597062,60908400
2013-06-21,63.47861099243164,63.96531421412392,62.94683998347236,63.79406487416398,51558900
2013-06-24,62.84771728515625,63.334413739321604,62.324961092009254,62.95586899657947,41492300
2013-06-25,63.30733108520508,63.559694068740185,62.919771681525994,63.451542433725464,28897400
2013-06-26,63.875186920166016,63.9923535427055,63.62281693285329,63.848142121383944,23742300
2013-06-27,64.14558410644531,64.55117364172335,64.10953124488414,64.20867489508231,23545000
2013-06-28,64.23568725585938,64.6142387133952,63.803066842072,63.94727135454196,28301100
2013-07-01,64.63227844238281,65.16404948104598,64.56918766251219,64.66833129893449,24942800
2013-07-02,64.6593246459961,65.05589924247076,64.30781784507724,64.60524879243324,23067900
2013-07-03,64.92066955566406,65.22711528080377,64.37087573746994,64.42495843977498,18847500
2013-07-05,65.41641235351562,65.44345027673248,64.76747469079436,65.29023079425085,28795900
2013-07-08,65.47950744628906,65.78594643143747,65.23615236854914,65.75890850643962,20558500
2013-07-09,65.87604522705078,66.02025659672829,65.4794777131908,65.78591655919062,26108600
2013-07-10,66.25464630126953,66.35378997315054,65.77695781477836,65.8130038078426,25598900
2013-07-11,67.57050323486328,67.62457906734338,66.9215657395923,66.96663351757735,47768900
2013-07-12,67.86795043945312,67.91301135193169,67.4353230461083,67.6155804487808,31412600
2013-07-15,68.02118682861328,68.06624775229345,67.75079378100891,67.94006616377963,19783600
2013-07-16,67.93104553222656,68.12932593720718,67.75979617534648,68.07525008824697,31747100
2013-07-17,68.10226440429688,68.26449877131667,67.91299212216998,68.13831724989873,24631500
2013-07-18,67.93104553222656,68.26452243598726,67.82288695792658,68.09327995548675,36278800
2013-07-19,67.22801971435547,67.3632162022771,67.02973932529996,67.34519321286443,37732400
2013-07-22,67.42628479003906,67.57951109332616,67.21898953630783,67.4803674932367,21135900
2013-07-23,66.93058013916016,67.56148776767789,66.8764974307319,67.55247283687694,24739500
2013-07-24,67.14689636230469,67.61556966030102,66.99367690684224,67.58853174185212,24426900
2013-07-25,67.57050323486328,67.65161698358341,67.11083802965008,67.46234469352562,23162200
2013-07-26,67.93104553222656,67.94005358946688,67.19197913212561,67.30013083004602,20885600
2013-07-29,67.80484008789062,68.08424104429307,67.62457586087523,67.79582515744556,20958400
2013-07-30,68.16539001464844,68.45380605053921,67.9130268427916,68.04822336382368,24104600
2013-07-31,68.29154968261719,68.68812418333042,68.16536813718633,68.30056461482754,25007600
2013-08-01,68.98556518554688,69.0847088252789,68.6881342663508,68.76023998186128,16880000
2013-08-02,69.37312316894531,69.39114615920658,68.84135212511649,68.99457848604439,18105300
2013-08-05,69.41816711425781,69.47224982458039,69.20185690210049,69.33705336334043,15462800
2013-08-06,69.00357818603516,69.39113775531946,68.72417717435758,69.32804698247683,23675400
2013-08-07,68.87739562988281,69.0125921058132,68.38168438664263,68.80528992586949,20281200
2013-08-08,69.21990966796875,69.38214409986165,68.76925923230849,69.25595565160722,19994000
2013-08-09,68.94049072265625,69.34608017586778,68.74220346238113,69.1027251286651,18558500
2013-08-12,69.10272979736328,69.22891135763088,68.67010926969701,68.67911732658806,20515900
2013-08-13,69.4902572631836,69.64347667599908,68.69711541180683,69.19282649027626,23917000
2013-08-14,69.22887420654297,69.56235779479152,69.12973062291165,69.46321421116022,29921000
2013-08-15,68.05723571777344,68.48985631701159,67.85894841129743,68.453803454345,39406600
2013-08-16,68.03018951416016,68.38169628692387,67.91301600565252,68.0662354960614,23825000
2013-08-19,67.91301727294922,68.61603083159528,67.89499428166228,68.03919884109699,29586900
2013-08-20,68.21043395996094,68.52588781446484,67.98510879583267,68.0391846347824,18842800
2013-08-21,67.97611999511719,68.57999001678856,67.72375681450114,67.9941498659503,30705100
2013-08-22,68.64305114746094,68.6881120477945,68.23746178619524,68.27351463228845,17269500
2013-08-23,69.10272979736328,69.1928585009288,68.85938161009842,69.129767720795,20697300
2013-08-26,69.13878631591797,69.6525275174684,68.99458175785136,69.15681618341358,27525500
2013-08-27,67.72371673583984,68.66107004939192,67.56148237625628,68.31857834643856,40068900
2013-08-28,67.985107421875,68.27352335107524,67.64261565481789,67.64261565481789,20490400
2013-08-29,68.46282196044922,68.80531385907712,67.86796688637122,67.96711054478102,27287900
2013-08-30,68.02118682861328,68.53492811795694,67.77783171049317,68.53492811795694,26228500
2013-09-03,68.40873718261719,68.8954404759773,68.08426832037712,68.57997967141397,27241500
2013-09-04,69.13878631591797,69.25595294912081,68.43577276394154,68.64307498186315,27142900
2013-09-05,69.25594329833984,69.45423055488241,69.15680654644727,69.18384446754331,17809700
2013-09-06,69.33705139160156,69.70658104034626,68.54390938532752,69.49027083434017,27715100
2013-09-09,70.14822387695312,70.26539047365894,69.60744491898986,69.63448283543138,25161900
2013-09-10,70.49073028564453,70.58987391748595,70.22935224500617,70.55382106260006,27619400
2013-09-11,70.35553741455078,70.40060520456895,69.93192494334565,70.02206052338195,28132900
2013-09-12,70.31047821044922,70.52678847976128,70.16626677998819,70.37356899218105,18332700
2013-09-13,70.35553741455078,70.42764312802811,69.9769927333638,70.38257533800996,16932500
2013-09-16,70.16622924804688,70.95036300989143,70.00399491374716,70.95036300989143,25704300
2013-09-17,70.63494873046875,70.72507743845807,70.28344195584467,70.31948793793669,27174300
2013-09-18,71.48219299316406,71.62640447981889,70.59892170474082,70.74312631501348,31714700
2013-09-19,71.65338134765625,71.8246306230156,71.52719984256294,71.70745717087445,26435700
2013-09-20,71.40753173828125,71.90473849149933,71.37137062013556,71.82337425141452,26328900
2013-09-23,71.26287078857422,71.78719648416622,70.92838572820847,71.7058322707688,30319400
2013-09-24,71.26287078857422,71.64255205902671,71.02782704623543,71.41655031751559,21871300
2013-09-25,71.01876831054688,71.41653348892532,70.87413081651555,71.31709219433071,22746400
2013-09-26,71.57023620605469,71.741999751914,71.28095422709643,71.30807333496338,22421700
2013-09-27,71.47982788085938,71.60638829965434,71.04590151854406,71.15438483337927,25151600
2013-09-30,71.3080825805664,71.49792325727574,70.51255875954243,70.7385605504384,28031900
2013-10-01,72.03128814697266,72.06744925969176,71.2809605763623,71.31712168908139,33129700
2013-10-02,72.00416564941406,72.10360698045682,71.47079788318233,71.54312010521828,25503800
2013-10-03,71.16342163085938,72.06742849731434,70.7837404022343,71.91374898530302,42998200
2013-10-04,71.77815246582031,71.87759378105221,71.1001472603441,71.16342747030752,22852700
2013-10-07,71.18151092529297,71.73295576004263,71.11823070968364,71.14534981679817,20227100
2013-10-08,69.80742645263672,71.24479437108612,69.78030734429262,71.1815141526077,43660700
2013-10-09,69.5904769897461,70.00631947230445,69.02094804211139,69.97015835681754,64526700
2013-10-10,71.06399536132812,71.22671690760382,70.32270984985587,70.34078695631916,48062700
2013-10-11,71.6244888305664,71.67872705198866,70.87416124809857,70.883203250678,25214100
2013-10-14,72.13070678710938,72.13070678710938,71.12725864022259,71.18149684372192,31471900
2013-10-15,71.8504638671875,72.41998567117955,71.76005766910421,72.07646556834659,38684000
2013-10-16,72.66410064697266,72.70026176480258,72.13073967729426,72.18497790552514,46735900
2013-10-17,73.07991027832031,73.10703627725997,72.27534473540004,72.33862493887608,32193500
2013-10-18,74.26417541503906,74.29129452114448,73.54096706610686,73.74889170795831,39628200
2013-10-21,74.42688751220703,74.61672812790124,74.19184379405107,74.4359226150793,31176900
2013-10-22,74.5353775024414,74.94218480763797,74.0652968775108,74.71618304820423,43944800
2013-10-23,74.08335876464844,74.30936047765472,73.72176154145833,74.1737649674709,38021300
2013-10-24,74.4088134765625,74.5624999072977,74.02009019322243,74.12857351544268,23155100
2013-10-25,74.94216918945312,75.28568930927227,74.5805650703133,75.1048906982148,35824500
2013-10-28,74.9602279663086,75.0777532420871,74.62574992791926,74.95119286588195,28618400
2013-10-29,75.0868148803711,75.26762040815407,74.76137182738738,75.21337530130636,36878100
2013-10-30,75.0145034790039,75.47554208059033,74.65289930160249,75.34898165305374,33535500
2013-10-31,74.84272003173828,75.30376540769414,74.56248014489461,74.82463603431496,31309900
2013-11-01,74.8608627319336,75.18630600049391,74.49022322425837,75.09590662523388,30867800
2013-11-04,74.96928405761719,75.09584445761506,74.70712125847173,75.08680245846534,16834000
2013-11-05,75.0506591796875,75.23146472049145,74.46306013889665,74.68001989083521,27975600
2013-11-06,75.03257751464844,75.39418167725671,74.78849867067765,75.3670625720406,25576800
2013-11-07,73.62232971191406,75.15009679849868,73.5590495000085,75.0416203763896,52173200
2013-11-08,74.61675262451172,74.63482973321607,73.68562634312242,73.8935441298455,31470500
2013-11-11,74.49919891357422,74.70711660188617,74.25511323091783,74.50823401513624,24822900
2013-11-12,74.61675262451172,74.72523596781986,74.23707126847425,74.27323238291031,20108500
2013-11-13,75.520751953125,75.52979395505203,74.12858022850739,74.12858022850739,31345900
2013-11-14,75.75579833984375,75.81003655922548,75.15915033853717,75.32187189370924,31101200
2013-11-15,75.9004135131836,75.9004135131836,75.58401249836167,75.77385310725482,20511300
2013-11-18,75.15916442871094,76.03605259058352,75.01452685090199,75.8823730088402,31679600
2013-11-19,74.94216918945312,75.47552991999008,74.81560878230792,75.11392580085024,25545300
2013-11-20,74.7613754272461,75.4213035656355,74.54441568048527,75.14106360536002,32177400
2013-11-21,75.520751953125,75.58403217256095,75.01451019763738,75.07779041707333,28125000
2013-11-22,75.92754364013672,75.9546627457701,75.593065474624,75.64730368589075,25361300
2013-11-25,76.10833740234375,76.28009401046769,75.91849679524374,76.19873670614975,21695100
2013-11-26,76.5061264038086,76.69596708705049,75.96372346639923,76.12644503732479,26621000
2013-11-27,77.03950500488281,77.05758211661161,76.59654334872779,76.65982358532138,21638100
2013-11-29,77.50053405761719,77.59996849635466,77.26549027335314,77.34684760423664,16708900
2013-12-02,77.27449798583984,77.70841735205755,77.15697269734522,77.59089896058693,26354600
2013-12-03,77.21123504638672,77.41915277753372,76.91291110480135,77.22027014981015,37147000
2013-12-04,77.28357696533203,77.5366978888402,76.64173265299976,76.885818469974,37193200
2013-12-05,77.1841049194336,77.43723263929525,76.99426430230622,77.34682643368923,39829300
2013-12-06,77.74459838867188,77.90731991699431,77.37395222531632,77.83499770506751,36842900
2013-12-09,78.06101989746094,78.22374146841831,77.9254174388252,78.06101989746094,22590000
2013-12-10,78.00677490234375,78.15141245451474,77.85309534784115,77.93445267774477,26965900
2013-12-11,77.0033187866211,78.10620846238177,76.89483546052084,77.99772513628152,36830600
2013-12-12,76.804443359375,77.22028580298917,76.75020513973786,77.03044513723228,33662600
2013-12-13,76.70500183105469,77.202208499892,76.57844138753735,77.1660473878832,34072000
2013-12-16,77.12987518310547,77.57283667170971,77.03043386363959,77.08467207533883,24902500
2013-12-17,76.9762191772461,77.31973945137038,76.83157470580765,77.12989875537843,24454900
2013-12-18,77.87115478515625,77.94347699334405,75.98178365117121,77.06658918588674,68387200
2013-12-19,77.6541976928711,77.7536390082476,77.31067064083388,77.74459700766093,44964100
2013-12-20,78.44502258300781,78.60826105704784,77.74672889452013,77.8011394128879,40475400
2013-12-23,79.27025604248047,79.27025604248047,78.85308582783925,79.08887618417252,28181800
2013-12-24,79.3065185546875,79.36093596715907,79.1432801551399,79.28838402981935,13852500
2013-12-26,79.56953430175781,79.63301553328321,79.29747484619264,79.45164256290644,15241100
2013-12-27,79.3700180053711,79.71463632744397,79.27026771727833,79.66928962645486,15827400
2013-12-30,79.25211334228516,79.36094125554672,79.02539371219075,79.25211334228516,18983700
2013-12-31,79.76903533935547,79.76903533935547,79.37000656874088,79.39721873677436,24890500
2014-01-02,79.14330291748047,79.4244400257961,78.91658323728736,79.39723477120262,29177500
2014-01-03,78.57193756103516,79.21582034181277,78.55380303885703,79.14326841523521,35723700
2014-01-06,78.2817611694336,78.6807899710312,77.99156029161752,78.59010349401393,32073100
2014-01-07,79.00726318359375,79.12515490639147,78.49940648161144,78.64451037330193,25860600
2014-01-08,79.1795654296875,79.39722126728749,78.85308859222191,79.02539773392162,27197400
2014-01-09,78.91658020019531,79.47884747625227,78.64452074579508,79.46977675209168,23674700
2014-01-10,79.17051696777344,79.26120345821333,78.51756316630909,79.10703573257194,38008900
2014-01-13,78.00064849853516,79.33376145819852,77.7013768302564,79.06169504722942,48842300
2014-01-14,79.4879150390625,79.55139626779135,78.26363024561479,78.26363024561479,37178900
2014-01-15,80.14087677001953,80.29504449532384,79.7509186349385,79.83253440047523,39835600
2014-01-16,80.1499252319336,80.26782387371937,79.95041775916994,80.07738020498971,31630100
2014-01-17,79.69647979736328,80.14085524236852,79.5060361433327,79.90506489593042,36895800
2014-01-21,80.30410766601562,80.34037672355196,79.6330124796975,80.20435046045306,26412700
2014-01-22,80.5126724243164,80.71218680209257,80.2768820761324,80.5126724243164,29376900
2014-01-23,80.24066162109375,80.27693069453346,79.67839411764503,80.26786688564258,35011900
2014-01-24,78.66265106201172,79.96855851378142,78.63544580992233,79.85066678174913,63974600
2014-01-27,77.90087127685547,78.79867913226788,77.31139881704419,78.66264596170612,63519300
2014-01-28,77.85554504394531,77.9371677353099,77.36582965256666,77.53813884183035,44378800
2014-01-29,77.02120971679688,77.75577926355739,76.86704199544094,77.18444816262539,51939300
2014-01-30,78.44502258300781,78.7170890127201,77.88275519043955,77.96437788692793,65833600
2014-01-31,78.23641967773438,78.60824325286343,77.4927794464114,77.57440212441284,45187000
2014-02-03,76.44078826904297,78.44498888899851,76.24127389547508,78.09130683364951,65596900
2014-02-04,77.00305938720703,77.31139476665429,76.59495989690235,76.83075025226056,37675500
2014-02-05,76.80353546142578,77.07559483556129,75.94199681266356,76.74911805145209,41721800
2014-02-06,77.782958984375,77.88271616401951,77.01211371170368,77.03025515469355,32308600
2014-02-07,79.17051696777344,79.22492747825024,77.99157183524774,78.21829152081531,38359400
2014-02-10,79.62393951416016,79.6602085675238,79.0888775714341,79.1432880704138,30205400
2014-02-11,80.53080749511719,80.68497516794798,79.70554480125817,79.79623126063315,38635500
2014-02-12,80.68499755859375,80.86637052767595,80.44013643950396,80.69406828272844,32507200
2014-02-13,81.2835464477539,81.3470276886323,80.07740287106463,80.09553740320004,40454500
2014-02-14,81.44677734375,81.62815724292973,81.01147942359006,81.25633363881308,33212400
2014-02-18,81.84577941894531,81.99994709359487,81.3832694760632,81.5827838404019,29546600
2014-02-19,81.2835464477539,81.88208979226694,81.12030798279002,81.6916460696318,41749900
2014-02-20,81.6644287109375,81.81859642752097,80.993333499453,81.33795182938702,41814800
2014-02-21,81.55558013916016,82.0452953375596,81.455822955101,81.92739670970774,31192200
2014-02-24,81.99089813232422,82.36271476313217,81.65535055711268,81.74603703397305,31500400
2014-02-25,81.90022277832031,82.27204640997192,81.63722709423566,82.10880794808959,26771700
2014-02-26,81.8276596069336,82.38084919078985,81.50118275548535,82.11786048389484,42953700
2014-02-27,82.35856628417969,82.44052083039169,81.7120105004364,81.83949998186996,28742400
2014-02-28,82.26750183105469,82.83210310576497,81.53899145312695,82.3403549531443,48609800
2014-03-03,81.6573486328125,81.87590793502375,80.92883846840395,81.49343262998111,38885700
2014-03-04,82.69552612304688,82.8503407834989,82.46786526976449,82.54982678972824,33189000
2014-03-05,82.92315673828125,83.06886296612578,82.65906941105455,82.83209381970609,27203300
2014-03-06,82.85031127929688,83.17813639943498,82.5497973925436,83.11439166112265,24063900
2014-03-07,82.4405288696289,83.19636440301629,82.02163382583329,83.1144029011561,31167800
2014-03-10,82.51337432861328,82.55890926404506,81.98519964728976,82.39499322320864,18131700
2014-03-11,82.1582260131836,82.92316292345741,81.91234847226997,82.71371888987781,27484300
2014-03-12,82.4678726196289,82.5134075734068,81.48438292601644,81.7848899989116,27977200
2014-03-13,81.30223083496094,82.80479363479547,80.92887070336414,82.77747544805143,48542000
2014-03-14,80.74671173095703,81.39326741593544,80.71028517787526,81.03811720795652,38732300
2014-03-17,81.4570083618164,81.87591022896407,81.2202461992686,81.26577417776427,28467200
2014-03-18,82.4405288696289,82.54070017876008,81.52988565764113,81.55720384237574,31250200
2014-03-19,81.9942855834961,82.5588866691124,81.45700267260008,82.46781682317308,40869400
2014-03-20,82.22197723388672,82.46784784651636,81.5754213808836,81.73933743852216,31634500
2014-03-21,81.2325668334961,82.73856525176944,81.07740517483967,82.69292619285041,62754000
2014-03-24,80.52064514160156,81.58853231088739,79.7813397111026,81.5246418040979,77735300
2014-03-25,80.78534698486328,81.46076199728941,80.10992500889326,80.94050866979806,41723300
2014-03-26,79.74484252929688,81.3694930717615,79.73571332300659,81.18694376367642,40930400
2014-03-27,79.297607421875,79.99128091340148,78.85950297931215,79.63531844248996,64784500
2014-03-28,79.45275115966797,80.3289667334545,79.23369204356456,79.55315151366311,39895100
2014-03-31,80.01863861083984,80.55715024792433,79.97300651641942,80.07340687310395,33924300
2014-04-01,81.42427825927734,81.47903958598904,80.05518938311599,80.41115193383425,38683800
2014-04-02,81.63414764404297,81.85319975171764,81.2690561555579,81.77105085912655,34631600
2014-04-03,80.98613739013672,81.85322383733384,80.520645431257,81.71631361842299,30319100
2014-04-04,78.83212280273438,81.60680982221302,78.622192823549,81.52466088651627,131213200
2014-04-07,78.08366394042969,79.06940212034564,77.53602310725782,78.33922594868726,83995800
2014-04-08,78.80472564697266,78.91425522680112,77.90112924490506,78.17494971270435,51495700
2014-04-09,80.15556335449219,80.20120242073017,78.88687530476726,79.0968052605006,45685200
2014-04-10,77.67295837402344,80.21033479395165,77.45390614821059,80.21033479395165,73659600
2014-04-11,76.76936340332031,77.9832903222883,76.5868210387056,76.97928642627276,93657400
2014-04-14,77.3717269897461,77.78245758670067,76.6598023112752,77.44474669101028,46500700
2014-04-15,77.62730407714844,78.07453760804958,76.01177609424454,77.65468472710567,84631500
2014-04-16,78.65870666503906,78.65870666503906,77.66383196066681,78.30274417395913,46970900
2014-04-17,78.67693328857422,79.06940552200939,78.15668004551297,78.35748076450902,53719500
2014-04-21,79.26107788085938,79.26107788085938,78.49439181493499,78.85948340213162,25947900
2014-04-22,79.89087677001953,80.09167753155917,79.39800407266155,79.5349143158517,38593400
2014-04-23,79.18804168701172,79.91821768166015,79.1424026407971,79.89083703934769,34376700
2014-04-24,79.94564056396484,80.51153300373282,79.08768314285496,80.49328155372812,48926300
2014-04-25,78.66781616210938,79.56228328764526,78.47614463520883,79.47101212677022,44334000
2014-04-28,78.92337799072266,79.5075217750408,77.68207070816082,79.04202980319431,58623800
2014-04-29,79.55316162109375,79.69919408684078,78.7773393391898,79.16068935930518,36742700
2014-04-30,79.76309204101562,79.84524096854466,78.98727665024364,79.18807740248805,38689400
2014-05-01,80.0003890991211,80.45675183560947,79.69005881726677,79.8908595354885,37127200
2014-05-02,79.85433959960938,80.42023182828841,79.66266811010725,80.27419242854859,40074200
2014-05-05,80.27420806884766,80.29246647914346,79.18806941671679,79.3797409435634,27924400
2014-05-06,79.23368072509766,80.192045071407,79.19717087762916,80.14640602118602,33698500
2014-05-07,79.00553131103516,79.48015255628155,78.06542499052628,79.39800362541251,67489100
2014-05-08,78.93251037597656,79.89086804657408,78.54003810224324,78.72258043086845,46556900
2014-05-09,79.22457122802734,79.27933252626697,78.35747787915899,78.88686030728377,35081500
2014-05-12,80.5298080444336,80.55718870686621,79.62620440288197,79.69922414506621,38951100
2014-05-13,80.58455657958984,80.87662853842565,80.42939487473375,80.60280803046624,30311900
2014-05-14,80.16468048095703,80.6392946660139,79.97300896601813,80.33809358673444,26483600
2014-05-15,79.534912109375,80.28334685936774,79.02378797675871,80.14643661997579,59680300
2014-05-16,80.05516052246094,80.10079958729811,79.07854442142052,79.62617838174852,66804100
2014-05-19,80.6119155883789,80.7396966008309,79.68093864572253,79.81784189939044,32017000
2014-05-20,80.31985473632812,80.86748871682158,79.99127295532327,80.57541679632214,33716000
2014-05-21,81.08651733398438,81.13215638722895,80.42023172328152,80.46587077652609,36837700
2014-05-22,81.44248962402344,81.67067097155248,81.0500174277318,81.1777984252647,30617100
2014-05-23,82.0357894897461,82.05404790468434,81.34212292008245,81.524665288195,22687300
2014-05-27,83.05802154541016,83.076272991681,82.32783835080252,82.40085806297189,29725200
2014-05-28,82.80244445800781,83.14927758242312,82.73855396236442,83.03062579438304,30468100
2014-05-29,83.33184051513672,83.3409627563398,82.93023906882844,83.09452993654156,33036100
2014-05-30,83.3409652709961,83.46874628712375,82.90286091957073,83.35009447601753,29906400
2014-06-02,83.2588119506836,83.459612652485,82.72942954839665,83.4413542449346,30409900
2014-06-03,83.22232055664062,83.35923078946469,82.87548733522422,82.9850099506485,21774500
2014-06-04,83.53263854980469,83.6695487738296,82.88460425053289,83.0123852693446,20118300
2014-06-05,84.23540496826172,84.39056657258415,83.32267981783765,83.60562238613623,35583100
2014-06-06,84.71919250488281,84.71919250488281,84.38148151567704,84.54577240724419,22680600
2014-06-09,84.6552963256836,84.86522627001908,84.42711493397016,84.73743828419958,23399500
2014-06-10,84.80132293701172,84.84695503032881,84.48186346608009,84.58226382033703,20626000
2014-06-11,84.78307342529297,84.90172523661865,84.42711102777284,84.50925298248835,22878200
2014-06-12,84.0163803100586,84.69179519207803,83.7243084451143,84.60052403994716,35275900
2014-06-13,84.26283264160156,84.47276260733345,83.89774098494064,84.38148447051009,39447100
2014-06-16,84.33582305908203,84.58225583765528,83.93422167995642,84.11677092662339,25212300
2014-06-17,84.38148498535156,84.60966640171384,84.13505211963975,84.27196236216595,19977900
2014-06-18,84.85611724853516,84.97476909357316,83.95252067221156,84.46364488289237,34514000
2014-06-19,84.80132293701172,85.03862653476236,84.41797296460223,84.98386523736488,38422200
2014-06-20,84.90108489990234,84.99260831256082,84.68144407048537,84.83702270039505,25897500
2014-06-23,84.91940307617188,84.94685731052654,84.6631542458524,84.89194884181721,20837900
2014-06-24,84.83700561523438,85.6332130621263,84.58991060468429,84.91022153771391,31945800
2014-06-25,85.3769760131836,85.52340089594964,84.63568389771437,84.6448306525865,32818600
2014-06-26,85.42271423339844,85.44102170411755,84.76379191485036,85.431867968758,22563900
2014-06-27,85.7979736328125,85.81627412832776,85.2854759713014,85.31293020570278,22877800
2014-06-30,85.94438171386719,86.15486877413073,85.72473393499867,85.77964937084332,19751900
2014-07-01,86.88701629638672,87.11581083520613,86.20977943425746,86.2463873983392,31862500
2014-07-02,87.03346252441406,87.16158693900829,86.85958338018301,86.94194608288346,18777300
2014-07-03,87.58255767822266,87.58255767822266,87.07921381889169,87.31716212421067,15291700
2014-07-07,87.3171615600586,87.5917108500318,87.15242919317225,87.4818869446889,23266400
2014-07-08,86.26470184326172,87.21648803954275,85.9077828924383,87.15242584278614,40612400
2014-07-09,86.90530395507812,87.00597409587438,86.2463746634132,86.49347663891464,29919000
2014-07-10,86.6307601928711,86.98767908461971,85.68812090767759,85.7887910548123,44245300
2014-07-11,87.18903350830078,87.18903350830078,86.58501946149323,86.85042200617981,19566300
2014-07-14,87.71068572998047,87.91202607499962,87.4361364268005,87.58256132537855,19579000
2014-07-15,87.40868377685547,87.97608986971828,86.78636223655757,87.84796546279722,39467500
2014-07-16,87.75643920898438,88.1316656317436,87.66492278317297,88.04014222367647,22052600
2014-07-17,86.59416198730469,87.82965113502487,86.31960574014224,87.51848692275708,43111500
2014-07-18,87.96693420410156,88.01268892636402,86.94193207029234,87.04260223442787,36682200
2014-07-21,87.85713958740234,88.00357150486525,87.44531203848965,87.78392362867089,29750700
2014-07-22,88.41535186767578,88.55262997146922,88.17740361991746,88.2689200283616,25770400
2014-07-23,88.98277282714844,89.08343599797186,88.56178474213581,88.72651708515009,28947500
2014-07-24,88.88211822509766,89.23903720036682,88.75399382280905,89.13836702967487,24707200
2014-07-25,88.53433990478516,88.65331754318052,88.06760403529124,88.42452298596578,29898900
2014-07-28,88.56179809570312,88.79059266315144,87.87541439335816,88.62586029529841,25603400
2014-07-29,88.40621948242188,88.95532504795123,88.333003545083,88.75399169365348,27022200
2014-07-30,88.75396728515625,89.06512445989006,88.40619516956652,88.90039213730917,35348500
2014-07-31,86.9602279663086,88.16826288982644,86.83210357913666,88.02183801116797,50047900
2014-08-01,86.63993072509766,87.25309852974652,86.06337089147722,86.7772088708901,60708000
2014-08-04,87.23477935791016,87.57339778073057,86.50263405861115,86.82295199096387,33230500
2014-08-05,86.56668090820312,87.13409376372172,86.16400734897574,86.8869987837925,50331100
2014-08-06,86.50263977050781,87.04259853540248,85.95353425090283,86.02675018211829,34431900
2014-08-07,86.22811126708984,87.07007373206065,85.92610071478819,86.90534133828314,33274700
2014-08-08,86.85040283203125,86.95107298131673,85.99928692223432,86.3653595576129,40236900
2014-08-11,87.3628921508789,87.63744834726499,87.1249439128279,87.18900609435077,28277500
2014-08-12,87.32628631591797,87.5550808243849,86.87785103435398,87.27137786820728,28152300
2014-08-13,88.25065612792969,88.28726410293575,87.63748825665715,87.68324298872174,27996500
2014-08-14,88.70824432373047,88.72654481989476,88.25065511479391,88.36962579550482,25006600
2014-08-15,89.13835144042969,89.34883850069659,88.296389234852,89.22071412081543,55205500
2014-08-18,89.82473754882812,89.90710023151489,89.47696538035896,89.60509674607486,38938300
2014-08-19,90.32807922363281,90.38299465972221,89.9803140455903,90.03522249942463,21363400
2014-08-20,90.32807922363281,90.51111904017235,90.17250061626551,90.25487027927207,23435600
2014-08-21,90.51116180419922,90.55691654326066,90.23660544079715,90.37388362249818,19339500
2014-08-22,90.64836883544922,90.83140161254816,90.34635846920837,90.54769871336893,24692000
2014-08-25,90.96871185302734,91.22496062447657,90.74907104639307,91.0785287652168,24124700
2014-08-26,91.06023406982422,91.16090423390902,90.84974000430444,91.10599577431942,20100400
2014-08-27,91.07854461669922,91.188368530258,90.88635800466379,91.08769835505993,15589100
2014-08-28,90.97789001464844,91.08770695632047,90.67587946053587,90.76739590601498,23563900
2014-08-29,91.31646728515625,91.43544490365188,90.8497245114721,91.17918917733684,17906300
2014-09-02,91.58189392089844,91.60934815325281,91.20667444162805,91.53613221213686,18326800
2014-09-03,91.04191589355469,91.82896259640223,90.87718356452743,91.82896259640223,25950700
2014-09-04,90.95954895019531,91.71914843348532,90.73075442984926,91.25240565694807,24663500
2014-09-05,91.41718292236328,91.47209139991232,90.63012882695601,91.09687183289708,30798200
2014-09-08,91.59101867675781,91.81981318365484,91.1700376219378,91.44458684086169,25571300
2014-09-09,90.83147430419922,91.93883955104438,90.65758813921859,91.60022096193961,36449200
2014-09-10,91.58189392089844,91.6185018914564,90.69416983607294,90.95041864772227,31080100
2014-09-11,91.50867462158203,91.55443632866424,90.82229090888616,91.1883636187752,28691900
2014-09-12,91.04191589355469,91.45374322499562,90.75820594885224,91.42628900053349,30444400
2014-09-15,90.16336822509766,91.15176252163782,89.88881890867431,91.14260878308002,32972200
2014-09-16,90.95042419433594,91.12431031952663,89.73324226477176,89.82475870561959,38166900
2014-09-17,91.08769226074219,91.5178271655814,90.53858669419992,90.93211363030217,37196500
2014-09-18,91.77405548095703,91.78320921666223,91.2707117332439,91.37137489698289,30196700
2014-09-19,91.71719360351562,92.24925440264033,91.35025005321624,92.15752026478201,46918000
2014-09-22,90.86404418945312,91.50619009230913,90.46958113516574,91.49701457973534,48658000
2014-09-23,90.61637115478516,91.02000979653656,90.43290286246182,90.49711746466166,33989600
2014-09-24,91.58876037597656,91.63463094582329,90.39620254749124,90.70810002607675,35959000
2014-09-25,89.6623306274414,91.41448310948229,89.6256355651148,91.29522240720395,68642500
2014-09-26,90.61637115478516,90.78149541742285,89.7999253558729,89.9558741042344,56106200
2014-09-29,90.49711608886719,90.74479897962492,89.67149478823036,89.7173653600472,33342700
2014-09-30,90.62554931640625,91.09340257402438,90.19439111809807,90.74480301001337,41834300
2014-10-01,89.17613983154297,90.4604391115755,88.89176182626626,90.36870494847346,58164900
2014-10-02,89.17613983154297,89.45134931971708,88.03862081156811,89.13944476652854,54501300
2014-10-03,90.0567855834961,90.42372917442043,89.38712000401104,89.69901750703326,41627800
2014-10-06,89.8641128540039,90.56130475251143,89.58891049852316,90.34114146835391,36038700
2014-10-07,88.58899688720703,89.69899590829657,88.57982137495492,89.44213755615884,45154000
2014-10-08,90.31363677978516,90.59802171442911,88.12115792278635,88.63488170857133,64931600
2014-10-09,88.85507202148438,90.42374939965954,88.7174672692511,90.19441047889354,62497100
2014-10-10,86.63504791259766,88.82752680163344,86.6166968848731,88.3321540360664,77579400
2014-10-13,85.27733612060547,87.13956600368896,85.20394602697051,86.47906915870348,80835900
2014-10-14,85.28655242919922,86.38737636484898,85.04803801022355,85.80944484846303,71814500
2014-10-15,84.73609924316406,85.09386719816443,82.78212825938489,84.00221231047051,108847800
2014-10-16,84.20404815673828,84.9287597208677,82.91974927092498,82.94726881152158,93165800
2014-10-17,85.31404113769531,86.13048677792102,84.81866844606421,85.31404113769531,69546700
2014-10-20,86.58918762207031,86.66257774394866,85.13059569379115,85.30488848466818,41479300
2014-10-21,88.86424255371094,88.86424255371094,87.4423385251673,87.66250191707078,53609800
2014-10-22,88.40554809570312,89.2586889524533,88.35050200893856,89.13942826351902,39178000
2014-10-23,89.7357177734375,90.23109060010215,89.13943527844114,89.29538403900206,48123800
2014-10-24,90.46958923339844,90.5338038294321,89.57057789006113,89.92834592494381,43157600
2014-10-27,90.53380584716797,90.69893009762981,89.91917241558619,90.2952914856417,29545700
2014-10-28,91.90066528320312,91.91900931190781,90.89157573165305,90.95579033041896,34495100
2014-10-29,91.56124114990234,91.84562608597503,90.9099196492536,91.59793620613321,40552800
2014-10-30,91.75386047363281,91.97403075229487,90.9465904484654,91.14840970447338,35935800
2014-10-31,93.01985168457031,93.34092471871875,92.71712268143011,93.27671011188906,54254100
2014-11-03,93.2950439453125,93.54273382948708,93.04736106000439,93.18496577356066,33481000
2014-11-04,92.98313903808594,93.221653389287,92.35016160557255,93.00148306562484,22773300
2014-11-05,92.99231719970703,93.59776810985645,92.67123721827184,93.59776810985645,25818600
2014-11-06,93.2858657836914,93.31338532378362,92.57949825995132,92.98313684494566,24671900
2014-11-07,93.20328521728516,93.48767008331711,92.71708808998696,93.45097503612381,20931700
2014-11-10,93.5335693359375,93.65282303567496,93.00150144689232,93.24919136025042,20360000
2014-11-11,93.8271255493164,93.8271255493164,93.29505764483167,93.55192308065938,15454000
2014-11-12,93.99224090576172,94.09315056768179,93.45100453625118,93.45100453625118,22050300
2014-11-13,94.3958740234375,94.7444665630972,93.95554034277632,94.16653516866668,28027800
2014-11-14,94.6894302368164,94.6894302368164,94.05645273956691,94.36835723055457,19251300
2014-11-17,94.40503692626953,94.6802393159119,93.95552779178234,94.46925151707264,23361600
2014-11-18,95.11140441894531,95.23983360999532,94.47842697815172,94.48760249147415,26336800
2014-11-19,94.68025207519531,95.01050058636343,94.23992539288211,95.01050058636343,23760200
2014-11-20,95.10223388671875,95.1847995132131,94.20322950228226,94.27661261610723,22874000
2014-11-21,95.28569793701172,96.03792900626557,94.98296900699278,95.94618787678186,34049100
2014-11-24,96.02873992919922,96.07461048746171,95.45997720152113,95.54254280662072,17928300
2014-11-25,96.1755599975586,96.45994499945071,95.92787705925818,96.1755599975586,17526000
2014-11-26,96.79934692382812,96.85439301171756,96.16637640346796,96.26728606592059,18973800
2014-11-28,97.24885559082031,97.46901894451815,96.99199717836169,97.05621178147634,17360400
2014-12-01,96.14801788330078,97.16628294408272,95.79024983479538,96.98281466239094,35969500
2014-12-02,96.53333282470703,96.70762562939967,96.04712847787363,96.24894782960301,26031300
2014-12-03,96.70761108398438,96.84521580300034,96.10216011872755,96.68009153995453,32974300
2014-12-04,96.66173553466797,97.03784758792338,96.25809694192627,96.61586496772337,31008800
2014-12-05,96.6708984375,96.96445185185426,96.45991063908016,96.81767864410986,25622200
2014-12-08,95.98290252685547,96.84521892824058,95.47836120600412,96.42323624214299,32685800
2014-12-09,96.28560638427734,96.35899648414534,94.52428598063655,94.86370994337712,46035100
2014-12-10,94.77197265625,96.34982487297027,94.59767991058818,96.11131053817489,39330100
2014-12-11,95.22149658203125,96.35901535732243,95.02884578242832,95.04719681042218,47576000
2014-12-12,94.18486785888672,95.39577658634391,94.17569934498349,94.31329704218781,46889400
2014-12-15,93.21250915527344,95.01970092495819,92.94647517405843,94.67110129494696,52968400
2014-12-16,91.71719360351562,94.00140653085849,91.6988425766243,92.62537346638537,65348600
2014-12-17,93.38676452636719,93.65279138210848,91.66213222738418,91.78139288568019,79715300
2014-12-18,95.6343002319336,95.64347574559523,94.46926195609129,94.726120347687,49840900
2014-12-19,96.05509948730469,96.44182270452617,95.49342704207803,95.7328301396201,51419900
2014-12-22,96.29449462890625,96.32211671000492,95.85252025649451,95.89856174162185,33869200
2014-12-23,95.95381164550781,96.65360151664032,95.84331628955697,96.6443918140749,30156900
2014-12-24,96.0367202758789,96.40502421475479,96.00909115801062,96.07354504980863,14291300
2014-12-26,96.71805572509766,96.92062703258142,96.28529102728139,96.31291311013013,13924300
2014-12-29,96.69963073730469,96.91141173515989,96.57072300815608,96.6259741956086,17073800
2014-12-30,96.05509948730469,96.64439401591217,95.92619174823085,96.42341032392059,18604000
2014-12-31,95.06988525390625,96.59837297959925,94.93176779285812,96.22085238773079,24367100
2015-01-02,94.78443908691406,95.9446087950022,94.32405227498998,95.53947317747176,31314600
2015-01-05,93.39407348632812,94.48058669626502,93.12704827944285,94.37009132705352,36521300
2015-01-06,92.14183044433594,93.68873065157103,91.72748505978664,93.53220079740319,66205500
2015-01-07,93.32960510253906,93.5505887816648,92.52852960640955,92.7495203104798,37577400
2015-01-08,95.11592864990234,95.30008058501575,94.0202056686233,94.12149134041948,40212600
2015-01-09,94.48981475830078,95.43821069722293,93.93734482984982,95.41058860578977,41410100
2015-01-12,93.50456237792969,94.7752274235804,93.26515927369574,94.67394176505624,34129800
2015-01-13,93.47694396972656,95.41057438112809,92.72190980835072,94.41613708811231,56162300
2015-01-14,92.96131134033203,93.44011759537268,92.14182331434077,92.53775628391655,51354200
2015-01-15,91.7551040649414,93.54140033323955,91.6446086878003,93.39408018866418,51005400
2015-01-16,92.83238983154297,92.95208786509639,91.48806127992903,91.63538139622979,35362200
2015-01-20,93.56901550292969,93.80841158030901,92.34438493232024,93.39406627142975,30964100
2015-01-21,94.04779052734375,94.48976483158373,92.961277680403,93.29275665234718,40128800
2015-01-22,95.78809356689453,95.88937924295347,93.58744483242559,94.41614262520488,40887200
2015-01-23,95.99983978271484,96.29448699932915,95.50262128750123,95.77884910154629,34783000
2015-01-26,95.88935852050781,96.06430774588286,95.40134965492987,95.88935852050781,19960900
2015-01-27,93.40327453613281,94.43453645344415,93.09020786484548,94.3792922864296,45253200
2015-01-28,92.92447662353516,95.00542707426466,92.90606424120374,94.90414140907791,43591700
2015-01-29,93.817626953125,93.99257619519797,92.04053352162975,92.85081180738396,46539700
2015-01-30,93.09022521972656,94.45297346801824,92.96131745603027,93.73477106315427,42927600
2015-02-02,93.9004898071289,93.98335605473237,91.84716169774745,93.30198559408447,43624700
2015-02-03,94.8028564453125,94.86731032136773,93.62426726890529,94.24118394328319,30750400
2015-02-04,94.71998596191406,95.34611231207096,94.20434795152613,94.41612897765881,34073200
2015-02-05,95.53947448730469,95.60392836085991,94.71998651284036,94.9593826003624,23605500
2015-02-06,94.95938873291016,95.9169942196772,94.61870696137912,95.68680079569319,34169300
2015-02-09,94.65552520751953,95.10670228698241,94.42533181647492,94.59107133902484,22604700
2015-02-10,96.1287612915039,96.25766902820672,95.03303850458525,95.18036564649977,23686500
2015-02-11,96.47868347167969,96.69966723005204,96.05512834107141,96.23928030222388,20303600
2015-02-12,97.60201263427734,97.63884442543473,96.95747385138782,97.10479399107147,22520300
2015-02-13,98.43991088867188,98.45832327005904,97.6940794810055,97.87823841960315,29030200
2015-02-17,98.53197479248047,98.59642865686897,98.19128606645879,98.43989884691753,17675300
2015-02-18,98.67012786865234,98.72537205095863,98.28339751766765,98.41230529301359,15149600
2015-02-19,99.1580810546875,99.22253490607412,98.57798936726498,98.6056114428674,19828100
2015-02-20,99.82107543945312,99.87631961084192,98.78059671199412,99.09366340807014,28336700
2015-02-23,99.92230987548828,99.94993897390574,99.54479649642506,99.76578010916798,17868000
2015-02-24,99.99602508544922,100.11573016561134,99.48960375189252,99.79345374204813,19745000
2015-02-25,99.7474136352539,100.23542255772352,99.52642289587679,99.848699301232,19472300
2015-02-26,100.2538070678711,100.30905824982737,99.57243670658869,99.84867154153912,22255500
2015-02-27,99.81185913085938,100.2814556314251,99.65532930565247,100.21699473580988,27757600
2015-03-02,100.71419525146484,100.75102703166067,99.9867833987207,100.00520280129051,22988600
2015-03-03,100.24464416503906,100.51166940478524,99.60930800754136,100.41038372677991,20788900
2015-03-04,99.85784912109375,100.0604203458206,99.31459631381891,99.9131002891641,21007400
2015-03-05,100.0328140258789,100.33667091081588,99.61846883728705,100.11568727856309,15381000
2015-03-06,98.90027618408203,100.097277412331,98.65166342729195,99.90391583757409,30990400
2015-03-09,99.18572998046875,99.43433575313254,98.69772111287125,99.10285670628427,26237100
2015-03-10,97.34420776367188,98.50438472465993,97.34420776367188,98.47675560956183,34234500
2015-03-11,96.78250122070312,97.61119875919816,96.74566943844287,97.49149371061633,25459700
2015-03-12,97.41785430908203,97.52834265035604,96.64440079543701,96.70885466949531,21473200
2015-03-13,96.99429321289062,97.71250256302076,96.38658625502109,97.32577228989055,42021100
2015-03-16,98.24652862548828,98.28336040810126,97.25209859471485,97.35338424066447,25674100
2015-03-17,98.4030532836914,98.55958307172297,97.74930502931541,97.97949837345949,19603800
2015-03-18,99.36986541748047,99.82104944950123,97.62960422238226,98.13603241140815,40622200
2015-03-19,99.51718139648438,99.79340917553372,99.32381984366697,99.47113992083804,31314000
2015-03-20,100.16138458251953,100.65974669422503,100.1429298559088,100.33673617027739,31761400
2015-03-23,99.96759796142578,100.38289628244205,99.93068145983058,100.10603308213211,17268500
2015-03-24,99.60763549804688,100.41977712141288,99.58918077435456,99.95833157700261,22445300
2015-03-25,97.32813262939453,99.85685326095467,97.2912161260232,99.76456552307788,41581400
2015-03-26,96.99586486816406,97.54959818654545,96.20217786341364,96.52518837904437,47846300
2015-03-27,97.38347625732422,97.61419905716171,96.82974294593446,96.97740891755896,33878400
2015-03-30,98.50018310546875,98.58323993562178,97.97413539119592,97.97413539119592,30570200
2015-03-31,97.4572982788086,98.42633674554587,97.429612672519,98.22329957795517,30488100
2015-04-01,96.94972229003906,97.47576998650023,96.32215599942741,97.4573082196905,32970500
2015-04-02,97.01432037353516,97.32809998529437,96.70053372067524,97.04200598150207,19164200
2015-04-06,97.8080062866211,98.07563852152137,96.29445833655714,96.44212429894411,24451100
2015-04-07,97.64188385009766,98.47248022979089,97.64188385009766,97.75262627880315,19379400
2015-04-08,98.41712188720703,98.55555698229504,97.66958223127376,97.67880607413859,25866900
2015-04-09,99.03547668457031,99.07239318654774,98.03875929559094,98.3709937311822,23114700
2015-04-10,99.44152069091797,99.45075157385918,98.77703794116357,98.99852984404816,17164300
2015-04-13,99.1923828125,100.0229795404562,99.08163329625756,99.51539343349447,17783500
2015-04-14,98.90626525878906,99.37694182340971,98.34330096648456,99.09084775525906,23755700
2015-04-15,99.52456665039062,99.73683468826432,99.04466640634121,99.16463970707859,21128600
2015-04-16,99.3861312866211,99.56147578381012,99.11849205911227,99.25692711349261,16195300
2015-04-17,97.83566284179688,98.70317546935851,97.41113388765,98.43554331393214,46514000
2015-04-20,99.30309295654297,99.47844453989335,98.28791403203793,98.3248305254328,28945900
2015-04-21,99.72764587402344,100.05066350805795,99.6076725226782,99.87531188285097,22759800
2015-04-22,100.27210998535156,100.43823064935987,99.33998809057718,99.98600898333191,21429200
2015-04-23,100.6505126953125,101.10273445594463,99.91220395501102,99.93065868105059,29473200
2015-04-24,102.01640319824219,102.1548382988182,101.54572667272441,101.71184738519528,32508100
2015-04-27,101.75798797607422,102.58859148300759,101.53648901349116,102.39477813047212,31121300
2015-04-28,101.55493927001953,102.02561571078243,100.6966502503227,101.83180238021502,36849200
2015-04-29,100.91816711425781,101.5826500088834,100.36443371577055,100.99200011168335,34043900
2015-04-30,99.3307876586914,100.75204109953528,98.80473990158896,100.34597371722404,44080500
2015-05-01,100.64130401611328,100.7059061286368,99.69995090093956,99.71841267086181,32874300
2015-05-04,100.80743408203125,101.43500053660482,100.75205580823462,100.96432393539894,23507300
2015-05-05,99.1646957397461,100.59518048045092,99.11855538620635,100.4106049840843,47843300
2015-05-06,98.48169708251953,99.62607994308027,97.82644532199285,99.33998598821496,42687200
2015-05-07,99.0723876953125,99.34925792424588,98.38021916408148,98.45405216394404,29335800
2015-05-08,100.30905151367188,100.52131255666963,99.94912449197884,100.09678342957272,33023300
2015-05-11,99.92141723632812,100.57667611964371,99.84759129887176,100.37363894916287,19679300
2015-05-12,99.46920013427734,99.97679304807751,98.56477081290642,99.33076506314092,33665000
2015-05-13,99.67221069335938,100.4197500204081,99.52454477927165,99.90293340329771,20738400
2015-05-14,101.13040924072266,101.2134660606621,100.11523043078299,100.48438124086988,23904200
2015-05-15,101.13040924072266,101.5272526985564,100.8812246987036,101.38881762422362,23937400
2015-05-18,101.57343292236328,101.77647017231443,100.89049520615744,100.96432821361297,17631100
2015-05-19,101.46265411376953,101.8410358195325,101.29653342704172,101.6841460157064,14212900
2015-05-20,101.52726745605469,102.13637201411474,100.99198884608275,101.53649129887732,21131900
2015-05-21,102.05331420898438,102.19174930211935,101.20425596470517,101.35191490057484,16771800
2015-05-22,101.9518051147461,102.3209630504877,101.8687412346808,101.93334334535292,13543800
2015-05-26,100.77973175048828,101.8687438159142,100.37366434787504,101.73031574746773,25488400
2015-05-27,102.40401458740234,102.51476407472127,100.86278785466399,101.08427978820025,30572700
2015-05-28,102.17328643798828,102.45015662128702,101.8595068019442,102.21020293183486,17302400
2015-05-29,101.56417846679688,102.24711597717194,101.32422478543768,102.10868089019161,30383000
2015-06-01,101.90564727783203,102.18251746150953,101.0750437679008,102.10868447371537,24570200
2015-06-02,101.5826187133789,102.08098073081307,101.0288854854854,101.52724750291956,19449600
2015-06-03,101.88721466064453,102.26559648327012,101.63803003304224,102.0441045129258,20507200
2015-06-04,101.11196899414062,101.96103434489895,100.78895844602152,101.31500620755888,31374600
2015-06-05,100.87202453613281,101.23195158922782,100.25368199777549,100.99199787346382,22641700
2015-06-08,99.84759521484375,100.8996905566886,99.64455803639989,100.82585757523617,24549200
2015-06-09,99.68148803710938,100.04141506909562,98.93394132051353,99.60765504565025,27554600
2015-06-10,101.04735565185547,101.34268055460704,99.9122034173514,100.02294585519508,30297900
2015-06-11,101.19503021240234,101.65647585218429,101.01967861613267,101.38883653617856,17593500
2015-06-12,100.36442565917969,100.87201867435641,100.22599056039498,100.65975058407298,27201800
2015-06-15,99.86608123779297,100.02297109172333,99.03547753889268,99.61690364867431,31238800
2015-06-16,100.41057586669922,100.5766965816985,99.71840739438586,99.76454773454566,16456900
2015-06-17,100.68742370605469,101.01043420241746,100.06908832143156,100.57668127364502,23296700
2015-06-18,102.15486145019531,102.33020604563505,101.00124708578748,101.056618322126,43032400
2015-06-19,101.64979553222656,102.28805749851327,101.57579271291561,102.20480256246412,27877600
2015-06-22,102.39905548095703,102.70431182005869,102.16780196175225,102.39905548095703,19120900
2015-06-23,102.48228454589844,102.57478451876916,102.05677902485667,102.51003383203009,18127900
2015-06-24,101.95503234863281,102.79679132091582,101.9272830610284,102.36204071962007,15815900
2015-06-25,101.75151062011719,102.45452303317143,101.58500786590156,102.35277095796772,18326700
2015-06-26,101.07625579833984,101.96427526534804,100.69700380646546,101.73302181311149,32311700
2015-06-29,98.68974304199219,100.5120216980488,98.64348952042157,99.95700766838746,50874900
2015-06-30,99.0412368774414,99.64249731714217,98.73598060012158,99.42974101732341,34809900
2015-07-01,99.82748413085938,100.22524033331966,99.36497724694254,100.02173617522905,21293000
2015-07-02,99.85523986816406,100.19749752500812,99.54999066859551,100.11424966802454,20499400
2015-07-06,99.6240005493164,100.19751174445366,99.01349500624448,99.22624426470271,24311000
2015-07-07,99.87372589111328,99.96622584555419,97.89419722544244,99.73497243080485,44230800
2015-07-08,98.13473510742188,99.28175758648611,97.94973512424221,99.16150124585204,39691500
2015-07-09,98.07920837402344,99.5314797027852,98.06995626033083,99.43897973774398,28381000
2015-07-10,99.5777359008789,99.94774282832277,99.02272903836068,99.38348385186228,26415800
2015-07-13,101.32601165771484,101.40925951152205,100.42874714999627,100.43799926396213,25780700
2015-07-14,101.99203491210938,102.26953484860806,101.40927163659971,101.46477726973626,21977200
2015-07-15,102.10304260253906,102.50079890414204,101.81629052137065,102.18629753218919,28631500
2015-07-16,103.5460433959961,103.56454056613696,102.74127887761605,102.94478303564054,29838900
2015-07-17,105.07233428955078,105.07233428955078,104.20282594988731,104.37857380660519,35926800
2015-07-20,105.43307495117188,105.81232693550056,104.97056805590094,105.29432147113157,26539000
2015-07-21,105.36835479736328,105.63660266392235,105.06309846428921,105.47009985109078,35468900
2015-07-22,104.17510986328125,104.68386347855086,103.75884920646195,103.75884920646195,35575000
2015-07-23,103.7865219116211,104.61903555357077,103.51827418110351,104.27678504214796,25698300
2015-07-24,102.76901245117188,104.52653975227061,102.61176182848095,104.34153984996291,30844700
2015-07-27,101.91802978515625,102.63028736897499,101.6960284295537,102.18628465776992,35994800
2015-07-28,102.79679107666016,103.00029526167025,101.55727585130191,102.37128553404632,33553500
2015-07-29,103.18528747558594,103.40728880135099,102.62102851890796,103.01878471693843,26714100
2015-07-30,103.67552947998047,103.85127727095085,102.32501042528637,102.9447678644478,25438100
2015-07-31,103.55531311035156,104.05482151063462,103.34256384524562,103.99932292970206,22081700
2015-08-03,103.23155975341797,103.860569548184,102.54705137765092,103.57381746994983,25001800
2015-08-04,103.03727722167969,103.37028272389729,102.611771759356,103.18528280368511,22132300
2015-08-05,103.83280181884766,104.52656218734775,103.4905441630946,103.61080047697034,28989900
2015-08-06,102.16779327392578,104.06407479307383,101.70528627484545,103.92532128189038,42125400
2015-08-07,102.03828430175781,102.27878989946355,101.19652529573202,101.91803503155305,30006800
2015-08-10,103.20378875732422,103.42579009193415,102.67653117681616,102.68578329080268,21500800
2015-08-11,101.88103485107422,103.05580650769879,101.31677578273575,102.65805023095685,36123300
2015-08-12,102.2325439453125,102.43604815402318,100.10501598446612,101.17802855226327,41889000
2015-08-13,102.0660171508789,102.8245352258774,101.84401581960586,102.3342719940941,22510500
2015-08-14,102.22327423095703,102.37127276513417,101.62201386586763,101.82551802549435,17924900
2015-08-17,103.07425689697266,103.1020061734276,101.71448589233613,101.97348854897298,21224900
2015-08-18,102.54705810546875,103.0188172468182,102.4083045865663,102.93556231255788,13984400
2015-08-19,101.87176513671875,102.77828174709337,101.2797568816029,102.2325199466395,42511400
2015-08-20,99.05049896240234,101.25202970062679,99.04124684653218,100.9282762181374,57747300
2015-08-21,94.721435546875,98.48624226586381,94.721435546875,97.65372824969864,97763400
2015-08-24,91.07685089111328,94.84165648505157,78.38566140276266,87.16404677035966,150829900
2015-08-25,90.73458862304688,95.0359036531116,90.6605928920769,94.41614618031042,75088300
2015-08-26,95.30418395996094,95.4891909801081,91.5116282631466,93.38940540953905,104103800
2015-08-27,97.71846771240234,97.78321840303164,95.53543434647744,96.68244960503759,69377700
2015-08-28,97.69996643066406,98.05146915682623,96.98770180640153,97.20045809940474,49919600
2015-08-31,96.48816680908203,97.69068731762546,96.24766835320834,97.15417773336493,39549400
2015-09-01,93.47264099121094,95.54466978703358,93.0841298579422,94.08314638812794,73155500
2015-09-02,96.10892486572266,96.12742203451775,94.07389049083221,95.16540693939955,43963600
2015-09-03,95.6371841430664,97.14495422139213,95.36892927196014,96.48819521584059,45131800
2015-09-04,94.49942779541016,95.13768261705806,93.97216307294575,94.32367288792202,49379600
2015-09-08,97.1634292602539,97.28367848746652,95.91466231339143,96.31241844314846,37343500
2015-09-09,96.0719223022461,98.33820301733405,95.82216465413612,98.31045373583169,47146700
2015-09-10,97.11723327636719,97.75549529586226,95.84996841218438,95.96096559310675,47686700
2015-09-11,97.65370178222656,97.65370178222656,96.39568251149781,96.67318946077131,29106100
2015-09-14,97.35769653320312,98.03295967137473,96.98768962423081,98.01445544441397,19718800
2015-09-15,98.50473022460938,98.80998651152613,97.22821355745215,97.58896842115519,30020200
2015-09-16,99.05973815917969,99.152245197814,98.18097775052335,98.52323544450017,31329100
2015-09-17,99.0967025756836,100.57672995386322,98.64344789619521,98.95795618411114,56139800
2015-09-18,97.68731689453125,98.84639755790838,97.52040899602626,97.57604967850588,48384000
2015-09-21,97.99327850341797,98.80000088417458,97.11238036509789,98.22509454765633,35772600
2015-09-22,96.52823638916016,96.82496075649173,95.6287886609925,96.49114495893534,47359700
2015-09-23,96.6024169921875,97.04750707001739,96.10169330755392,96.78786706451099,21775100
2015-09-24,96.25003051757812,96.61166300362711,94.83131029408057,95.6658495212954,38284300
2015-09-25,95.43405151367188,97.37203781202233,94.84060285639374,97.279312785785,44700000
2015-09-28,92.7171401977539,95.09094122778365,92.43896519797207,95.02603302038814,44077500
2015-09-29,92.2349853515625,93.89478937485414,91.56735389253284,92.94897578307362,49315500
2015-09-30,94.3584213256836,94.46042096915588,93.19006627511538,93.55169880216606,41411400
2015-10-01,94.78495788574219,94.7942325095932,93.27351254895964,94.52532501363517,39339100
2015-10-02,96.44474029541016,96.44474029541016,93.171499178979,93.46822340576547,59370900
2015-10-05,97.82640075683594,98.08603367432335,96.9455023475799,97.15876921217324,32853500
2015-10-06,97.36276245117188,97.9191196788568,96.60240592262707,97.59457855224609,33051500
2015-10-07,97.94691467285156,98.16018855112307,96.7043840434658,97.97473854133737,37389300
2015-10-08,98.33638000488281,98.50328785873852,96.63021004608387,97.57602357608792,50188900
2015-10-09,98.78145599365234,98.96691308189733,98.1138246248995,98.38273209700631,23916200
2015-10-12,99.02256774902344,99.20801780227866,98.61456914250267,98.96693414794008,16162000
2015-10-13,98.38275146484375,99.45838156502185,98.29002643969949,98.45693431474554,26999600
2015-10-14,98.22511291503906,98.87419513049444,97.81711433705823,98.382746156726,30902600
2015-10-15,99.83854675292969,99.8478213768979,98.45692490920771,98.58674134690158,38393800
2015-10-16,100.25581359863281,100.31144718999377,99.5696329576786,100.05181433102291,27091100
2015-10-19,100.83071899414062,100.89562721280124,99.90345468500884,100.12600321281545,23776300
2015-10-20,100.31144714355469,100.86780428030107,99.9683568232364,100.65453746387296,23404700
2015-10-21,99.699462890625,100.9234515875987,99.66237854100481,100.82145901444453,30195200
2015-10-22,101.73017883300781,101.81363630966452,100.30219077497341,100.58964755627304,42778700
2015-10-23,104.57686614990234,105.00340687704062,103.91850934881076,104.46559896206244,53170900
2015-10-26,104.64177703857422,104.84577632077456,104.10396203540337,104.50268597575895,25918000
2015-10-27,104.85505676269531,105.00341538332202,104.33578390433752,104.36360777801664,31390500
2015-10-28,105.72667694091797,105.72667694091797,104.16887256663794,105.0126865118363,42221900
2015-10-29,105.55973815917969,105.73592059601778,105.1331975366179,105.24447177164144,24913300
2015-10-30,105.08687591552734,105.78232421397648,105.05905911550391,105.60614171454027,27199200
2015-11-02,106.27377319335938,106.40358964308867,105.14250949617626,105.36505097078847,22176900
2015-11-03,106.64466094970703,107.02483560484536,105.90284673677984,106.06047995782586,20418400
2015-11-04,106.6539306640625,107.0712038202313,106.20884778684018,106.99702098253933,28633000
2015-11-05,106.36648559570312,107.00630021806042,105.81012843796269,106.74666734941256,25004100
2015-11-06,106.44064331054688,106.56118509268863,105.4855624515606,106.1624612601109,29924900
2015-11-09,105.30941772460938,106.18104852526275,104.66033547378194,106.04195745023803,33479800
2015-11-10,105.04051971435547,105.14251937364868,104.43779638429552,104.75306998787454,35452100
2015-11-11,104.91069030761719,105.83795467807481,104.73450781340121,105.32795644453684,22748800
2015-11-12,103.89070892333984,104.99415587307178,103.81652607011314,104.48415760022098,31196900
2015-11-13,101.85072326660156,103.56616814982115,101.79508966371792,103.45489386958756,52836000
2015-11-16,103.3158187866211,103.3343680400989,101.51693029497999,101.74874644218089,33980600
2015-11-17,103.38069152832031,104.12250577444262,103.121058664517,103.49196578757814,30579500
2015-11-18,105.36504364013672,105.4670432827512,103.69597208496998,103.79797172758448,32966500
2015-11-19,105.43922424316406,105.92140564790299,105.23522496227186,105.42068206965808,26188100
2015-11-20,106.15322875976562,106.23667915776971,105.83795519355235,105.93995484075673,22727600
2015-11-23,105.84722137451172,106.57976102124078,105.39286384786996,106.19030463822551,20696200
2015-11-24,105.75450897216797,106.0048672505335,104.63251280860821,105.16106031470461,26374400
2015-11-25,105.84722137451172,106.04194602878675,105.62467992312098,105.91212959260339,14159900
2015-11-27,105.99556732177734,106.20884119829539,105.63393485354338,106.07902477761982,8828000
2015-11-30,105.72667694091797,106.31085800281392,105.38359366275355,106.31085800281392,25041600
2015-12-01,106.78376770019531,106.78376770019531,106.02340412918716,106.15322764883334,28639400
2015-12-02,106.12540435791016,107.33085086916438,105.96777111282074,106.8672186839844,22395500
2015-12-03,104.32650756835938,106.59830225603308,103.7052351155626,106.412852227251,42754300
2015-12-04,106.76522827148438,106.94141078091994,104.42852496883917,104.64179183076675,40037300
2015-12-07,106.28301239013672,106.9042776316742,105.77301431158291,106.83936942844586,25892100
2015-12-08,106.29232788085938,106.63541829522596,105.13324724721562,105.17033867642823,30792600
2015-12-09,104.67884826660156,106.4128347563343,104.03903374575772,105.82865382009813,48509200
2015-12-10,105.1517562866211,105.8564790232251,104.60466675803805,104.9199402485441,30154600
2015-12-11,102.73159790039062,104.21521915254651,102.66668969168582,103.93703707268922,56022200
2015-12-14,103.51048278808594,103.55684882011744,101.42413868700639,102.87067540772321,53098500
2015-12-15,104.14105224609375,105.04049975744569,104.01123580883319,104.4656004137104,48428000
2015-12-16,105.68959045410156,105.8657658645114,103.7516043438706,104.84577652597869,44944100
2015-12-17,104.15033721923828,106.1532317207938,104.13179504398653,106.1532317207938,45668800
2015-12-18,102.15245819091797,104.05915097233725,102.15245819091797,103.82662694318343,53746100
2015-12-21,103.28721618652344,103.3058149937152,102.35711971333033,103.11979853750576,26432800
2015-12-22,103.96615600585938,104.11497480956339,103.28718972815537,103.83594310065392,26540300
2015-12-23,104.73816680908203,104.81257623169655,104.31962622500325,104.50564268546646,25656900
2015-12-24,104.71952056884766,105.00785519639807,104.6730200196798,104.7381264653711,11468600
2015-12-28,104.6637191772461,104.68232507414389,103.71502422150353,104.46839983624236,19183600
2015-12-29,106.31000518798828,106.54252925261986,105.22178717249827,105.28689362675226,27725700
2015-12-30,105.35200500488281,106.25419955319097,105.33340620111441,106.21699484958252,19520100
2015-12-31,104.04056549072266,105.17528403362225,104.02195959220926,104.97996467565822,29886800
2016-01-04,101.84554290771484,101.93855111672677,100.5620125927787,101.79903525517314,50807600
2016-01-05,101.6688232421875,102.47800956949533,101.1944792432116,102.34779665651314,38795200
2016-01-06,100.6922378540039,101.27819602910819,99.9016573363346,99.9016573363346,41891100
2016-01-07,97.5392074584961,99.790038938117,97.48339685177838,98.54370613047821,61386300
2016-01-08,96.73932647705078,98.85994508821844,96.63701530755829,98.24607807126347,69344000
2016-01-11,97.03694915771484,97.7159154862429,95.54879648963451,97.4275879025725,50024100
2016-01-12,98.162353515625,98.6646063137009,96.80441391908091,97.9670341657184,46734200
2016-01-13,94.77680969238281,98.80412817485914,94.62799088564341,98.56230116194325,69870700
2016-01-14,96.79512023925781,97.64151126597388,93.63279144636674,95.14885293464461,78445700
2016-01-15,93.79090881347656,94.81402043481579,92.55388610998119,93.58629358528043,91443900
2016-01-19,93.99553680419922,95.21396787322682,92.89802280465841,95.06514904803451,56563800
2016-01-20,93.70721435546875,94.71172019255997,90.45187688406288,92.51669207272622,86675000
2016-01-21,93.80022430419922,95.19536896047211,92.84222610893013,94.1071578316367,61660100
2016-01-22,96.5160903930664,96.553295096774,95.36277296241786,95.68830524976967,42229800
2016-01-25,95.0837631225586,96.7207277639536,95.00005075217402,96.17197426504877,38881500
2016-01-26,95.93943786621094,96.34867542611406,94.64660453509566,95.48369265137545,36143900
2016-01-27,93.54908752441406,95.79061591667465,93.14914583171075,95.38137837014617,54524700
2016-01-28,94.86981964111328,95.13954841122933,93.2514541164884,95.1023437088611,47641500
2016-01-29,96.85094451904297,96.88814923000653,94.81403804031763,94.84193979952204,54245100
2016-02-01,97.11138153076172,97.47411860763684,96.01386734799068,96.38590028093816,32750300
2016-02-02,95.00933837890625,96.70211335954346,94.72100370083643,96.66490865604827,44928100
2016-02-03,94.55360412597656,95.64181521892782,92.89802656109163,95.64181521892782,61572900
2016-02-04,94.54428100585938,95.29765666394287,93.41886544519073,94.30245400476839,49321600
2016-02-05,91.26106262207031,94.24667125705429,90.88902263755828,94.20946654899585,70749900
2016-02-08,89.86592102050781,90.2658627754783,88.21034338862745,89.55898749077106,91673100
2016-02-09,89.58687591552734,90.94481567084136,88.52656669430857,88.6660825594314,73778400
2016-02-10,89.9310302734375,91.79122322002337,89.8659238041499,90.61929967677385,59421700
2016-02-11,89.80078125,90.51695212438281,88.53584998692612,88.78697281153383,76839200
2016-02-12,91.16804504394531,91.26106035982195,89.96822694514657,90.81461097025995,49186500
2016-02-16,93.22354888916016,93.22354888916016,91.94001154154566,92.51667376265297,40565900
2016-02-17,95.33489227294922,95.46510521666056,93.66071571655594,93.90254279605125,41766500
2016-02-18,94.2466812133789,95.65112183657156,94.125764125397,95.63252302861379,38991500
2016-02-19,94.52566528320312,94.8139999031753,93.58627331949984,93.79088850338727,28257900
2016-02-22,96.06036376953125,96.15337199875283,95.31629083968551,95.40929906890709,23979100
2016-02-23,94.47917938232422,95.76270966094773,94.41407292825066,95.50228384465352,29869700
2016-02-24,95.38136291503906,95.50227285981947,92.79568966021039,93.37235182715557,40739100
2016-02-25,96.32077026367188,96.32077026367188,94.7210034971765,95.57669748358278,29389300
2016-02-26,96.19985961914062,97.07415240303425,95.96733554649416,97.05554650342246,30925000
2016-02-29,95.33489227294922,96.82304526970256,95.33489227294922,96.1068740792902,27553900
2016-03-01,98.3948745727539,98.3948745727539,95.94872420280183,96.24635469304722,37699800
2016-03-02,98.43209838867188,98.4506971933936,97.66941966578506,98.27398371228519,29209800
2016-03-03,98.2460708618164,98.35768497381932,97.53920277401308,98.32978321983653,25474600
2016-03-04,98.28327178955078,98.91573754112311,97.63220723472843,98.35768119469375,31655400
2016-03-07,97.67870330810547,98.348373731516,96.9811311330647,97.78101446146381,25861200
2016-03-08,96.86954498291016,97.85544493182623,96.7021273410119,97.00906086717082,28898500
2016-03-09,97.49270629882812,97.51130510492536,96.69282281126924,97.23228043703175,31047400
2016-03-10,97.34388732910156,98.46000010989295,96.08825158062125,97.90194371949725,44236100
2016-03-11,99.04593658447266,99.04593658447266,98.0879386896203,98.39487212080711,31454000
2016-03-14,99.21339416503906,99.44591829522584,98.64603471969744,98.67393647994813,25374900
2016-03-15,99.17615509033203,99.28776918873626,98.54368939151645,98.85992578895967,26524600
2016-03-16,100.05977630615234,100.32020217290813,98.90645161613007,98.93436046991619,31693100
2016-03-17,100.00395965576172,100.23648375076273,99.39940268561689,99.77143556076071,29623700
2016-03-18,100.16069793701172,100.41256579133234,99.62897058489246,100.2446515160777,37682300
2016-03-21,100.5524673461914,100.64575144692733,99.92745604242792,99.98342507944534,17288600
2016-03-22,100.86032104492188,101.09353487789163,99.96478078037259,99.98343475547676,18840300
2016-03-23,100.03006744384766,100.73903228014164,99.8061770687986,100.66440927224575,20912900
2016-03-24,100.05805969238281,100.08604421214604,99.37707220395325,99.54498643965361,19017300
2016-03-28,99.91813659667969,100.35657974767601,99.7408918036076,100.33791865518344,13892300
2016-03-29,101.52265167236328,101.58795126360874,99.56365681787773,99.73157106924059,29963900
2016-03-30,102.0170669555664,102.65140891127007,101.80250708236467,102.12901216555713,23807200
2016-03-31,101.86781311035156,102.32491740884656,101.70922939068872,101.9424432550596,21447200
2016-04-01,102.94991302490234,102.98722809151779,101.11218691753845,101.25211663806608,26389000
2016-04-04,102.5581283569336,103.02455607241228,102.31558395209048,102.94992592982639,17163000
2016-04-05,101.56928253173828,102.14765538007217,101.43868335906953,101.76518129074142,20107900
2016-04-06,103.23908996582031,103.27640503029279,101.67189284358058,101.67189284358058,25056000
2016-04-07,101.755859375,102.82864440969053,101.31741623861265,102.64206907658887,28567200
2016-04-08,101.68123626708984,102.63274562172538,101.32675378538674,102.39020834761776,22898000
2016-04-11,101.30806732177734,102.63271991954504,101.29873677753393,102.11965386007611,25772100
2016-04-12,102.15697479248047,102.35287353013393,100.7670154222262,101.38270326952599,28564100
2016-04-13,103.46298217773438,103.62156586669917,102.80997921362841,102.94057838302541,25356700
2016-04-14,103.47232055664062,103.85479469165243,102.61409528599431,103.48165110355168,17199700
2016-04-15,103.21110534667969,103.60290284757956,102.94990701274645,103.38835012347188,21353300
2016-04-18,103.76148223876953,103.79879018198179,102.84728105342846,102.91258062972996,17126100
2016-04-19,103.12718963623047,103.95743055254624,102.50217097394768,103.95743055254624,42481400
2016-04-20,103.21110534667969,103.68686352184143,102.77266223595426,103.12715178953864,18078300
2016-04-21,103.22042083740234,103.59356431022161,102.7539932756582,103.15512126344295,20216000
2016-04-22,101.66259765625,102.35290874795083,100.86034134003437,101.8771504401665,39074000
2016-04-25,101.66259765625,101.67192108711745,101.16817825248512,101.35475362667644,14351900
2016-04-26,101.16816711425781,102.04505348360813,100.86033023569871,101.87713922388407,19118300
2016-04-27,100.35657501220703,100.58978883750936,99.52633436350042,100.13268461558958,33059800
2016-04-28,99.14385223388672,101.05620829313504,98.94795349057337,100.46850494607445,29818200
2016-04-29,98.62145233154297,99.349078244737,97.83785026701993,99.14384896314476,67502800
2016-05-02,99.55431365966797,99.69424337093075,98.46287472263559,98.8733261939868,24813800
2016-05-03,98.63082885742188,99.29315550043864,98.36962330272809,98.84538166665865,38569400
2016-05-04,97.9964370727539,98.39756507487935,97.75389273918223,98.03374501596183,27474500
2016-05-05,97.96847534179688,98.56550937215196,97.77257655312255,98.35094948905787,20788100
2016-05-06,98.49085998535156,98.50951395900448,97.39009049468883,97.48337459719501,30758500
2016-05-09,98.77073669433594,99.22784100864988,98.45356924403409,98.50020774824888,19289600
2016-05-10,100.12332916259766,100.1699676424682,98.94792986622983,99.12517459424689,21178900
2016-05-11,99.218505859375,100.27262995175882,99.19052133471949,99.9741164935629,20966300
2016-05-12,98.78005981445312,99.57298549770782,98.08041824973627,99.45171685532083,29196300
2016-05-13,98.41624450683594,99.3024542882478,98.22034572727506,98.69610397313541,21059300
2016-05-16,99.64759063720703,100.01140359020717,98.47219111060336,98.56548232285591,18311900
2016-05-17,98.39757537841797,99.85282729799222,98.1363699287706,99.56364444656934,29932700
2016-05-18,98.75205993652344,99.28378715834981,97.98711889605178,98.17368710411962,27524400
2016-05-19,98.23896789550781,98.61211135738196,97.52067260302371,98.36956703959582,27334600
2016-05-20,99.32110595703125,99.72223402486502,98.57481886246384,98.63079502068518,29549600
2016-05-23,99.19050598144531,99.78753280542591,99.09722187465856,99.43304323566664,15729800
2016-05-24,101.17750549316406,101.29877414458225,99.71292265997018,99.74090718590341,29931300
2016-05-25,101.90510559082031,102.21294953165167,101.38270892792158,101.55995370302826,37951700
2016-05-26,102.20364379882812,102.33424299625901,101.76520058582909,102.00774500268179,21885900
2016-05-27,102.73534393310547,102.74467447820064,102.25026234496596,102.26891631803569,19870000
2016-05-31,102.93123626708984,103.0898270553486,102.40883964822379,102.87526723424567,24366100
2016-06-01,102.94056701660156,103.17378081007693,102.53011557972664,102.61406912916009,19571500
2016-06-02,103.15515899658203,103.16448242690109,102.1756579117796,102.73536976718567,15696600
2016-06-03,102.67005157470703,103.00588005055306,101.99839462301496,102.95924155603734,20269900
2016-06-06,103.04320526123047,103.31373417769169,102.67939222943272,102.8566370305574,12502400
2016-06-07,102.7820053100586,103.20178738117524,102.7353596945471,103.0991727207473,12184300
2016-06-08,102.9592514038086,103.17380415676872,102.57677727974314,102.9592514038086,14568700
2016-06-09,102.79133605957031,102.90327414962424,102.34356234798955,102.5394611227056,17571600
2016-06-10,101.6252670288086,102.05437964809354,101.27077743065715,101.85848087301488,32965000
2016-06-13,100.77638244628906,101.61595385237149,100.6457832405788,101.0469114058669,25154700
2016-06-14,100.77638244628906,101.14019553607096,100.039425718568,100.50585348671123,24588500
2016-06-15,100.48719024658203,101.1588473095478,100.31927598084059,101.01891756857621,24605700
2016-06-16,100.78569030761719,100.87897441682303,99.34909225105905,99.99276470368558,32079900
2016-06-17,99.60433197021484,100.71738860085566,99.37049702334586,100.57708620551901,29208800
2016-06-20,100.23104858398438,101.24121046899461,100.15621966329364,100.76419215576817,20562800
2016-06-21,100.54904174804688,100.75481767293152,100.17490435153636,100.36197661783027,22804100
2016-06-22,100.30587005615234,101.19444743040995,100.22169287269647,100.6051786019043,22724200
2016-06-23,101.73692321777344,101.75563401297613,100.66128798417617,101.08218810722923,18714200
2016-06-24,97.54661560058594,99.61371627445892,97.331484247161,98.11717360741042,68012700
2016-06-27,95.61045837402344,96.90122503787143,95.17084742106763,96.90122503787143,48222600
2016-06-28,97.70561218261719,97.75238203543947,96.62062153070114,96.6673842474458,28260600
2016-06-29,99.43598937988281,99.64176531392269,98.42582764126152,98.47259035785756,31356700
2016-06-30,100.58645629882812,100.65192980807514,99.26762358046729,99.60434652404548,36300800
2016-07-01,101.09151458740234,101.46565188758096,100.5022460203965,100.5396604640219,19902800
2016-07-05,100.4742202758789,100.69870701204195,99.93172136760161,100.55840458595951,21167900
2016-07-06,101.29731750488281,101.34408021984325,99.67917628241153,99.99719557009838,24579300
2016-07-07,101.59662628173828,101.82110586797707,101.11960091691316,101.39085035432049,19161700
2016-07-08,103.16800689697266,103.22412501453877,101.970765678964,102.13912716774038,29457900
2016-07-11,103.75727081298828,104.14075651822233,103.50473214232957,103.5140804047434,20218500
2016-07-12,104.28105163574219,104.56165648219185,104.14074921251735,104.39329500153758,21906100
2016-07-13,104.02851867675781,104.58972126429666,104.01916327841005,104.52424774801842,21107800
2016-07-14,104.73936462402344,104.93578514572305,104.47746345901355,104.72065382991276,20871000
2016-07-15,104.57100677490234,105.0386767387685,104.33717179296927,104.98255149057198,17999300
2016-07-18,105.26314544677734,105.45021055856397,104.61775867978332,104.63646947260793,20713900
2016-07-19,104.87966918945312,105.20704389069427,104.69260404823908,104.89837998522115,18936700
2016-07-20,106.10498046875,106.3014010283135,105.31929109441751,105.45023813412652,24997900
2016-07-21,105.86180114746094,106.38558936120072,105.57184797715202,106.17981338120889,18885400
2016-07-22,106.30139923095703,106.42299086975137,105.60924958475832,105.93661717849565,20003400
2016-07-25,106.31073760986328,106.33879666539461,105.95530387692725,106.21719790998925,12968100
2016-07-26,106.43233489990234,106.8158205727246,105.89919140816963,106.27332881936817,21223800
2016-07-27,107.17125701904297,107.45185473243833,106.72229068710152,107.3302631035748,27646100
2016-07-28,107.54537200927734,107.66696361278095,107.00287321935122,107.33959611405872,16939700
2016-07-29,107.77923583984375,108.06918896840487,107.44251285489877,107.78858410225799,22385300
2016-08-01,108.34976196289062,108.62101136862054,107.72308599245076,107.85403299713741,13990100
2016-08-02,107.52667999267578,108.28430307001906,106.83453042650936,108.1907705020632,21278400
2016-08-03,107.88211822509766,107.89147362372414,107.37704087651964,107.44251439474851,15011300
2016-08-04,108.19078826904297,108.29367625151384,107.59217117252814,107.84471699716705,12835300
2016-08-05,109.2289810180664,109.47217136487097,108.62100871909317,108.74260746053365,23196600
2016-08-08,109.10741424560547,109.3131901908074,108.76133587084968,109.28512399603423,12358200
2016-08-09,109.35993957519531,109.70601790775224,109.12610459981074,109.19157810747534,13276500
2016-08-10,109.07935333251953,109.45348362353215,108.78939308008351,109.42542456531399,14688400
2016-08-11,109.54700469970703,109.78083965985628,109.2289854431442,109.453465006786,12969800
2016-08-12,109.62181854248047,109.6311739383119,109.23833294630549,109.35992454780953,19379000
2016-08-15,110.08951568603516,110.3420614834786,109.72473365513055,109.76214811164357,11777800
2016-08-16,109.4815444946289,109.89308922194827,109.4628336993413,109.883740960382,14161400
2016-08-17,109.677978515625,109.71539297472349,108.90164454550802,109.50961701772106,15980300
2016-08-18,109.70602416992188,109.86503024960115,109.38800487448577,109.57507714711805,10036300
2016-08-19,109.677978515625,109.92116179564749,109.21030848101165,109.50961701772106,18743000
2016-08-22,109.76215362548828,109.94922591745089,109.31319439693456,109.51896321397602,14500600
2016-08-23,109.95856475830078,110.37947202709293,109.91180204137565,110.19239975115943,11997900
2016-08-24,109.24771118164062,110.03339332990946,108.88292916479044,109.88374264570105,17728700
2016-08-25,109.07000732421875,109.40673032398077,108.83617230416615,108.96711934450933,24266300
2016-08-26,109.2289810180664,109.93984126622325,108.57424601060377,109.10738941270232,23896000
2016-08-29,109.37866973876953,109.66862287604812,109.23836730147788,109.25707096294686,11184900
2016-08-30,109.02324676513672,109.51897590815989,108.64911641000315,109.20096367908053,19843300
2016-08-31,108.91097259521484,109.02320880824777,108.45265093840837,108.85484735262177,16169800
2016-09-01,109.19158172607422,109.32252874574299,108.41525500548869,108.94839848159074,20944700
2016-09-02,109.54700469970703,109.95854937703758,109.13545288629983,109.73406981339576,18088200
2016-09-06,110.22981262207031,110.22981262207031,109.49089319892781,109.73408358610729,18525200
2016-09-07,110.29527282714844,110.48234507782398,109.87437275126268,110.33268727728354,17546900
2016-09-08,109.64990234375,109.99597354826707,109.35994211500656,109.9679144923416,20125300
2016-09-09,106.89064025878906,108.97645132938791,106.87193660107795,108.73326096268167,50813300
2016-09-12,108.80809783935547,108.95774852024196,106.28267569866934,106.29203109624895,39646000
2016-09-13,107.83536529541016,108.58363312367055,107.31157710201998,108.26562090227763,45863900
2016-09-14,108.34976196289062,108.93903062005705,107.91950649948073,107.94757268855062,28221800
2016-09-15,110.03340148925781,110.20176298152538,108.3684973635443,108.37785276202531,38521400
2016-09-16,109.98089599609375,110.09342058888141,109.4370378618892,109.91525843879025,27596500
2016-09-19,109.50267791748047,110.59976589485056,109.28701471883029,110.26219926274324,16222900
2016-09-20,109.70895385742188,110.15904502098799,109.52142004574387,109.89648766909988,18078600
2016-09-21,110.78730010986328,110.94670457806336,109.53080057744889,110.17780444173465,31546800
2016-09-22,111.6687240600586,111.79062749302251,111.32178574521011,111.43430318615239,22614400
2016-09-23,110.95608520507812,111.58433140443914,110.79668073430719,111.58433140443914,22213400
2016-09-26,110.02778625488281,110.45912699093878,109.86838176553397,110.32785186395057,16403900
2016-09-27,111.11549377441406,111.17175249465376,109.8496224913198,109.95276824773077,20238400
2016-09-28,111.30302429199219,111.3686618483002,110.73103680675497,111.25614441117622,14794300
2016-09-29,110.49662017822266,111.32178623654718,110.0184067441926,111.11549472196604,27207500
2016-09-30,111.32176208496094,111.64994980788536,110.6747583212272,110.78728289221092,25543200
2016-10-03,111.16236114501953,111.30300792073716,110.73102051963201,111.18111166379654,19216400
2016-10-04,110.99359893798828,111.73436976458368,110.57163706883634,111.49057005044861,21239700
2016-10-05,111.38739776611328,111.74371483733375,111.27487319701201,111.32176022262647,14481300
2016-10-06,111.33116912841797,111.5655900118945,110.78731096180258,111.24677389030845,11987100
2016-10-07,111.08735656738281,111.59370647564478,110.54349846362474,111.43429485629721,19984200
2016-10-10,111.79060363769531,112.0344032976407,111.6124415222788,111.6593285486376,19687300
2016-10-11,110.19651794433594,111.71556718559656,109.70892586600479,111.69681667079534,27774400
2016-10-12,110.10281372070312,110.47788861576892,109.76524703053978,110.29972643097199,14267800
2016-10-13,109.70895385742188,110.0090122484805,108.71501177840699,109.35263675365111,22821000
2016-10-14,109.84024810791016,110.69354355392356,109.77461054698279,110.25283115028654,21313300
2016-10-17,109.54017639160156,109.99026757910732,109.3995224483837,109.7464678877935,14182700
2016-10-18,110.515380859375,111.03110965985063,110.45912213712587,110.84356866242425,19276700
2016-10-19,110.50597381591797,110.66537825757649,110.30906118434761,110.43095743609429,13702900
2016-10-20,110.37471008300781,110.61850976553781,109.7370850968223,110.39346775687129,18132200
2016-10-21,110.78730010986328,110.85293766464902,110.09341636584881,110.4591123359346,15707800
2016-10-24,112.1187973022461,112.19381368681348,111.4811723413357,111.49993001445563,19143000
2016-10-25,111.76245880126953,112.20317103375064,111.59367554529709,112.18441336422325,20341800
2016-10-26,111.0029525756836,111.6124481849528,110.67476483344825,111.04046076821852,20463700
2016-10-27,110.49662017822266,111.57495763374206,110.33721570021264,111.4811907145572,19099800
2016-10-28,109.80271911621094,110.74978130507849,109.46515253708897,110.17779388789715,35369300
2016-10-31,109.6995620727539,110.20591188926741,109.64330336668202,110.20591188926741,18749400
2016-11-01,108.87442779541016,109.90587817708453,107.9273654917654,109.8871276555081,23498700
2016-11-02,108.00237274169922,109.05258070998869,107.73044370114329,108.79940218942164,26960100
2016-11-03,106.94281005859375,108.18055203898568,106.82090662047636,107.82422771705197,36205200
2016-11-04,106.56774139404297,107.40227921651113,106.38020038373897,106.68025884626731,26997500
2016-11-07,109.09945678710938,109.211981364993,108.11489355796361,108.2930485305007,26591200
2016-11-08,109.81210327148438,110.30907432760752,108.73376593339187,108.98694445697392,20777900
2016-11-09,110.31845092773438,110.4966059049855,108.39619713994071,108.52747224063374,70234400
2016-11-10,108.5368423461914,111.00294685820128,107.08343036463846,110.85292124974524,72825400
2016-11-11,108.583740234375,108.81816108362543,107.68355787777162,108.06801150444146,41115200
2016-11-14,107.48663330078125,108.7150032792968,106.92402475577443,108.6118575447507,35906000
2016-11-15,108.97755432128906,109.35262907225457,108.1430167562176,108.30242120034231,31796600
2016-11-16,109.62458038330078,109.6995896255846,108.46184770343555,108.46184770343555,16538100
2016-11-17,110.42158508300781,110.4403356008719,109.34324787995202,109.56828986409965,20598600
2016-11-18,110.0090103149414,110.74040218316946,109.90586457414452,110.55286837478758,16428700
2016-11-21,111.15299224853516,111.25613799592261,110.24343819645854,110.28094639132277,20268500
2016-11-22,111.49053955078125,111.76246855101198,111.21861055055052,111.5936852803155,18850600
2016-11-23,111.04046630859375,111.24675780085069,110.55287408922366,111.12486153449731,22926000
2016-11-25,111.39678955078125,111.44366942788932,111.04046528418598,111.17174038641902,7162800
2016-11-28,111.14359283447266,111.65932147592916,111.03107542466786,111.25611739823282,13479000
2016-11-29,111.52809143066406,112.06257080492777,110.9279744895244,111.24678348464812,18553000
2016-11-30,110.17781066894531,111.70623219046009,110.14030247066823,111.668723992183,30405300
2016-12-01,108.27430725097656,110.14967411867109,108.10552394672578,110.1402952812247,39796600
2016-12-02,108.48995971679688,108.9213003492364,108.03987571922994,108.33993410225995,32876800
2016-12-05,109.33387756347656,109.76521104751778,108.5555986632917,109.05257684986162,21419700
2016-12-06,109.59642791748047,109.78396888078665,109.1369650768038,109.64331494679608,27293300
2016-12-07,110.98419952392578,111.12485345423322,109.04319531675999,109.37138305150665,26622400
2016-12-08,111.18111419677734,111.46242206253356,110.81541826366798,111.03108858127524,18578400
2016-12-09,112.05316925048828,112.09067744595072,111.58432753814314,111.59370637549794,21863100
2016-12-12,111.54680633544922,111.78122716428648,111.08734351403585,111.55618517171037,23259300
2016-12-13,112.95332336425781,113.56281890715896,111.88436503225817,111.88436503225817,54477900
2016-12-14,112.71894836425781,113.45971929082998,112.39076052437353,113.09402324725058,28746000
2016-12-15,112.89707946777344,113.5628338037028,112.59702107476363,112.86895011123445,22762300
2016-12-16,112.47858428955078,113.40023472093226,112.25287676201135,113.1745200182799,26283900
2016-12-19,112.93937683105469,113.63531955566226,112.43153681865932,112.59141264386197,21138700
2016-12-20,113.37203979492188,113.57893420850192,113.1651382062278,113.29680154901239,11461800
2016-12-21,113.287353515625,113.49425502860099,113.0334334974981,113.41901681022583,7079300
2016-12-22,112.9676284790039,113.3249993378585,112.52561281074685,113.2967867930954,16645000
2016-12-23,113.0428695678711,113.08989526338993,112.67609210318813,112.77954289323857,9007500
2016-12-27,113.62596130371094,114.284278025732,113.2403778451312,113.28739636806749,16110600
2016-12-28,112.7419204711914,113.97392334160199,112.66668940572299,113.87047255458018,17975200
2016-12-29,112.5820541381836,112.9770441720635,112.22468322778475,112.71371748281022,13267500
2016-12-30,111.42525482177734,112.80771942219174,111.10549597959508,112.79832002618011,41749000
2017-01-03,112.42216491699219,112.84536744953337,111.81086678934459,112.16823765737684,22307600
2017-01-04,113.033447265625,113.24034880380279,112.53500656462157,112.5444059617298,19749100
2017-01-05,113.67295837402344,113.74818942679791,112.94880298705958,112.94880298705958,20644300
2017-01-06,114.66986846923828,114.97081428096509,113.50370434568622,113.7952435827957,24074300
2017-01-09,115.04603576660156,115.25293732735412,114.6886577343515,114.76389597010025,18909200
2017-01-10,115.29994201660156,115.64791343387607,114.82971386223116,115.09304048066063,16176600
2017-01-11,115.61029815673828,115.61029815673828,114.75447944333217,115.34697152957101,20686000
2017-01-12,115.43161010742188,115.50684833726471,114.35949044505514,115.19649602049738,19622500
2017-01-13,115.82661437988281,116.024109364083,115.48804949979308,115.48804949979308,16930800
2017-01-17,115.4786376953125,115.70434521344305,115.14007283056037,115.52565620840369,14538500
2017-01-18,115.7137451171875,115.82660245730479,115.35637430281774,115.6479134625638,12499700
2017-01-19,115.6573257446289,116.28742978072253,115.41280508319235,115.88303326089434,12710700
2017-01-20,115.91124725341797,116.45671366840227,115.60089493022559,116.16516731550367,22091000
2017-01-23,116.0052719116211,116.17455431619666,115.27171721683081,115.83598950704553,17434200
2017-01-24,116.7858657836914,116.96455478003632,116.03349785971389,116.23099282535772,17640900
2017-01-25,117.96143341064453,117.98964595148658,117.41596703732438,117.51941780381999,15036200
2017-01-26,118.08370208740234,118.32822275794791,117.87680053348785,118.12132120403342,16052200
2017-01-27,118.30941772460938,118.42226790028391,117.92382715742026,118.337630268528,15053000
2017-01-30,117.38774871826172,117.91440192168878,116.73883161038783,117.91440192168878,25006700
2017-01-31,117.15264892578125,117.18086146867101,116.47551919597623,116.97395992066252,19091100
2017-02-01,117.96143341064453,118.19654748447782,117.4253736093091,117.98023937950185,22861900
2017-02-02,117.85798645019531,118.21535727092231,117.42537740138505,117.75453568035891,15101400
2017-02-03,118.19657135009766,118.31882811013604,117.86741301529158,117.98026320144591,16957200
2017-02-06,118.33761596679688,118.3564219354322,117.88619379331676,117.99905113046479,11630100
2017-02-07,118.77021789550781,119.01473852381983,118.46927218955133,118.58212234484026,17541100
2017-02-08,118.96772766113281,119.13701009026381,118.38464214410098,118.61035683301733,12569100
2017-02-09,119.40032958984375,119.66365620274453,119.02414563922318,119.08997729244837,17542700
2017-02-10,119.79531860351562,119.96460102125947,119.45675376802794,119.66365529806065,13915700
2017-02-13,120.47247314453125,120.62293526556243,120.11509511285165,120.16211362878475,19120200
2017-02-14,120.87684631347656,120.88624571033534,120.13388498024199,120.51946832970351,16333500
2017-02-15,121.59160614013672,121.64804558041436,120.72638794215538,120.79222678069947,17891400
2017-02-16,121.55397033691406,121.91134830405737,121.2436180523249,121.66682049486519,15098300
2017-02-17,122.08064270019531,122.09005644831765,121.35648725583906,121.37530040185794,15563700
2017-02-21,122.68247985839844,122.75771805890906,122.24987814323667,122.31570259979631,18479600
2017-02-22,122.72954559326172,122.81418321513432,122.36276821492301,122.56966974631655,12110900
2017-02-23,122.26873779296875,122.91765503894536,121.77971077155365,122.91765503894536,17489000
2017-02-24,122.50383758544922,122.50383758544922,121.67624576505658,121.71385770452787,18624500
2017-02-27,122.654296875,122.6636962709959,122.0712186183506,122.27812013204353,12008700
2017-02-28,122.27814483642578,122.68253419929337,121.93957995927408,122.62610911147239,16598600
2017-03-01,123.61359405517578,123.83929441167464,122.82361410697747,123.05872821181455,25813800
2017-03-02,122.99286651611328,123.60415733499076,122.84239007292935,123.58535854226035,19951400
2017-03-03,123.21858215332031,123.2561940893014,122.5790644398533,122.90822986813797,13722700
2017-03-06,122.94584655761719,123.1527480890716,122.45681961983782,122.81418325125749,12026200
2017-03-07,122.73893737792969,123.27500431699144,122.52263646315086,122.70132544283811,15500900
2017-03-08,122.95524597167969,123.34082209878504,122.69191938965643,122.81416893473852,15776000
2017-03-09,123.04927825927734,123.21856782706836,122.39096182947205,122.92702871888471,20855300
2017-03-10,123.56655883789062,123.76406098482698,123.03050618230627,123.61358452527786,21922600
2017-03-13,123.77348327636719,123.80169582397295,123.45373150335017,123.5195559976877,10731600
2017-03-14,123.47251892089844,123.53835775939515,122.97407815883543,123.49133206764412,14019700
2017-03-15,124.23428344726562,124.52582260534952,123.33143908169916,123.72642900718937,22709100
2017-03-16,124.1496353149414,124.4694013742336,123.86750989530832,124.4694013742336,18457300
2017-03-17,124.10628509521484,124.43612079079604,124.04030932805583,124.3041836365493,21234500
2017-03-20,124.21939086914062,124.50211749867168,123.88955511808248,124.06860141604756,10105200
2017-03-21,122.33454132080078,124.8036570048928,122.25914660936893,124.69057212778044,35841900
2017-03-22,123.16390228271484,123.286420519641,122.21205637442667,122.37227916736458,29177900
2017-03-23,122.85287475585938,123.34293320521537,122.64554288805766,123.0036641833645,20311700
2017-03-24,123.10736083984375,123.72934221839881,122.63615454634983,123.24871697586197,22967600
2017-03-27,123.30523681640625,123.52200202531318,121.94816063921608,122.23088723947608,18472400
2017-03-28,124.0591812133789,124.42672151403092,123.03195503720706,123.30524833561043,23721900
2017-03-29,124.63402557373047,124.68114906432818,124.01203001000951,124.1439671556409,13710000
2017-03-30,124.84135437011719,124.97329151251655,124.47381416057108,124.5868990311791,16092400
2017-03-31,124.75653839111328,125.09580737668182,124.5209353283593,124.6622914139838,19841400
2017-04-03,124.68115234375,125.16177744831943,123.9837620527437,124.86021298468883,23700300
2017-04-04,124.87909698486328,124.89794926457289,124.27595345484045,124.32307696407642,13400000
2017-04-05,124.3701400756836,125.79317733105673,124.13453702399518,125.0580969601944,32011200
2017-04-06,124.43612670898438,124.76597680032455,124.11570994487059,124.49268353212679,18832200
2017-04-07,124.3701400756836,124.74709920635742,123.92720518810385,124.39841129148067,16743100
2017-04-10,124.41728210449219,124.93561177146945,124.07801308429535,124.49267681787717,15619300
2017-04-11,123.88011169433594,124.49268840507804,122.9848227571756,124.30419441403583,33778400
2017-04-12,123.38064575195312,123.96493691443037,123.24870857397201,123.86127096172564,15955200
2017-04-13,122.89054870605469,123.93662685371507,122.87171081515586,123.21097979223678,23683000
2017-04-17,123.90839385986328,123.92724613664694,123.19216552289632,123.23928902481855,13325500
2017-04-18,123.71989440917969,124.07801571031996,123.40889660241126,123.49371026423769,12841100
2017-04-19,123.9178237915039,124.67174228129824,123.74818206524877,124.25709286394073,17764800
2017-04-20,124.9544677734375,125.22777544657532,124.22882051457813,124.41730013531988,21977900
2017-04-21,124.9261703491211,125.11464993033385,124.60575362305238,125.06754082008337,22454900
2017-04-24,126.43402862548828,126.55653243732618,126.09475964641894,126.3115104335809,22469900
2017-04-25,127.34823608398438,127.57440593465182,126.73565918491373,126.84875849032444,19384400
2017-04-26,127.16915130615234,127.70631897993691,127.0937565768349,127.39532111403037,25398500
2017-04-27,127.93251037597656,127.93251037597656,127.40476162109394,127.48015635465933,16136500
2017-04-28,128.1586151123047,128.48845068955524,127.9512833185741,128.44132721278623,22771900
2017-05-01,129.29898071289062,129.46862242555738,128.52621000872864,128.5827524529268,24815500
2017-05-02,129.51571655273438,129.57227337045916,129.1293384354073,129.4591741150802,18345100
2017-05-03,129.10105895996094,129.270686262075,128.75235664994364,129.22356277368675,23827600
2017-05-04,129.14820861816406,129.515748934881,128.69585462376034,129.08224721776574,14630100
2017-05-05,129.6193389892578,129.6193389892578,128.99735800369106,129.47798294255304,19330700
2017-05-08,129.90211486816406,129.90211486816406,129.4214897465068,129.68536405409174,13279900
2017-05-09,130.3544921875,130.64663773543316,129.98693754066147,130.10003680894727,28426100
2017-05-10,130.4298553466797,130.47697883725255,129.96808252724867,130.4298553466797,20499400
2017-05-11,130.32615661621094,130.3638611512071,129.46857257594942,130.0717157152872,27232100
2017-05-12,130.618408203125,130.6466794342018,130.2697057197167,130.38280502410066,19738600
2017-05-15,131.03305053710938,131.10844527587406,130.55242525507015,130.67494350307223,20481300
2017-05-16,131.57958984375,131.5984421146108,130.9858799222932,131.3722580044891,21786000
2017-05-17,128.2340545654297,130.77856501851142,128.21520229212757,130.5335286057974,55642200
2017-05-18,129.35557556152344,129.78909177612223,128.0456223466471,128.1869928944867,41319900
2017-05-19,129.90211486816406,130.4487157567532,129.7324875476043,129.81730120788419,36730100
2017-05-22,130.99530029296875,131.06127605166475,130.14713503590536,130.194244143466,19509700
2017-05-23,131.12722778320312,131.3911020384348,130.78795882932405,131.38168309362953,19687500
2017-05-24,131.73040771484375,131.79638348707795,131.1555355599599,131.52307583078252,15891900
2017-05-25,132.851806640625,133.1910754996928,131.9470848897561,132.22981133565665,23928600
2017-05-26,133.08749389648438,133.14403634545852,132.70110132172977,132.88016199686354,13851600
2017-05-30,133.20059204101562,133.36080045573266,132.93671766617877,133.02153134807455,20306400
2017-05-31,133.15347290039062,133.67180271798114,132.4749490429067,133.67180271798114,33229400
2017-06-01,133.67176818847656,133.7283106303215,132.86129296853218,133.4267461471247,20120700
2017-06-02,135.19851684570312,135.2267880730718,133.92625409381301,134.14300496366448,37222900
2017-06-05,135.1702117919922,135.40581490621938,134.981732176625,135.18906406755076,15727500
2017-06-06,134.63304138183594,135.4529356007487,134.43512844275048,135.010000604766,22393000
2017-06-07,135.16075134277344,135.27383620125616,134.3879808430274,135.00996194475084,18842400
2017-06-08,135.3021240234375,135.5188747991206,134.56702929099248,135.46233236894835,25417400
2017-06-09,131.9188690185547,135.61312348909067,130.1565626286491,135.46234845075463,109783700
2017-06-12,131.2120819091797,131.44768502261715,129.55344116740605,130.8068514565022,104454000
2017-06-13,132.27700805664062,132.46548766492572,131.25920091581426,131.94715795708743,51193000
2017-06-14,131.70213317871094,132.81417291062968,130.63720256283426,132.81417291062968,60093800
2017-06-15,131.1178436279297,131.25919973785685,129.57228784574636,130.37332976878736,55145200
2017-06-16,130.54898071289062,131.14432272468213,130.06704610573826,131.04981895735793,48087400
2017-06-19,132.73187255859375,132.85471013075025,131.61678886713005,131.81524097484106,39626500
2017-06-20,131.6923828125,132.76965918570667,131.6451309396165,132.59956974642267,40935100
2017-06-21,132.99652099609375,133.06266211330387,131.90978509446376,131.99482985341413,35743400
2017-06-22,132.95864868164062,133.4500421917664,132.6184553929761,133.2043526463269,24099100
2017-06-23,133.46896362304688,133.63905308043806,132.43892459382167,132.8074661707513,21654300
2017-06-26,132.84524536132812,134.4611525419855,132.55230396712975,134.2343666467329,34411100
2017-06-27,130.43556213378906,132.505070226562,130.42611752661,132.3444253890325,65957800
2017-06-28,132.31610107421875,132.42949405786197,130.16154786949588,130.9175203194511,57427200
2017-06-29,130.01980590820312,131.76802482607695,128.75353606004947,131.76802482607695,88769400
2017-06-30,130.06700134277344,131.04032925038703,129.6417633746624,130.3882909703022,68898300
2017-07-03,128.69680786132812,130.81355349343602,128.61176313559127,130.6623676763199,32797000
2017-07-05,129.9630889892578,130.31272695019314,128.66847109563292,129.10315378989043,42116600
2017-07-06,128.79129028320312,129.51892876481654,128.32825941065155,128.9708387518445,48430500
2017-07-07,130.18040466308594,130.53005697431465,129.2165357036899,129.2259803102244,36970400
2017-07-10,131.03089904785156,131.34274410387724,129.9347190483516,130.26546773726443,24853500
2017-07-11,131.39944458007812,131.5600894163873,130.35051642126712,130.84190995654956,31517700
2017-07-12,132.95864868164062,133.1098489031019,132.259372891064,132.52396606899788,36045800
2017-07-13,133.25167846679688,133.57298275529217,132.8642474688352,133.11938179009516,31073600
2017-07-14,134.30052185058594,134.47062570916054,133.42169757556638,133.8469355931322,34544800
2017-07-17,134.3666534423828,134.83914324875212,134.1115049095549,134.44225354171124,25343200
2017-07-18,135.26438903808594,135.29273727457317,133.8469195367426,134.2721575032965,25748500
2017-07-19,136.05819702148438,136.25664913774395,135.60461072335332,135.66130720821363,33752300
2017-07-20,136.23777770996094,136.49292637139857,135.62354641977046,136.40788162400332,36139400
2017-07-21,136.18104553222656,136.18104553222656,135.46286604363226,135.73690385319185,39697100
2017-07-24,136.8047332763672,136.89922260730035,136.00149465757232,136.16213949748175,26712700
2017-07-25,136.4550323486328,136.77633633329293,136.08649092494983,136.3510840281457,28120900
2017-07-26,136.8992462158203,136.9748463451529,136.5779564805945,136.79529784039428,18610600
2017-07-27,136.03927612304688,137.92923541421914,134.47060645075507,137.79693884060688,80665900
2017-07-28,135.92588806152344,136.15268839959725,135.0092565216066,135.22661225281166,38013200
2017-07-31,135.34947204589844,136.48344508399188,135.056530573143,136.31335561694016,33848600
2017-08-01,135.66131591796875,135.85030901938643,135.24552244330025,135.81251616680262,20149400
2017-08-02,136.02987670898438,136.56852226425016,134.76360688961583,136.54017401599947,41769700
2017-08-03,135.50064086914062,136.23772389391053,135.25495133396606,136.16212378633844,27112800
2017-08-04,135.746337890625,136.0487383375904,135.18880328818537,135.80304878886622,29472900
2017-08-07,136.6062469482422,136.6062469482422,135.80302294990614,135.99201598367674,17933900
2017-08-08,136.37005615234375,137.46623637003484,135.98261090689692,136.34170790699397,30810400
2017-08-09,136.1904754638672,136.25663096688086,134.93365067982617,135.2454957242195,36169500
2017-08-10,133.2705078125,135.51010545494918,133.13821120955464,135.41561612098724,63331700
2017-08-11,134.28163146972656,134.574572892187,133.1476442070775,133.4500446555831,45862500
2017-08-14,136.0109100341797,136.2188067044996,135.31163434241705,135.34942718281852,34161000
2017-08-15,136.10545349121094,136.3606021009403,135.7369119079347,136.35114307364546,25509200
2017-08-16,136.3417205810547,136.9843145136337,135.88813419404383,136.4456689634167,31913000
2017-08-17,133.5540008544922,136.02039878295045,133.5540008544922,135.81250206719935,70191000
2017-08-18,133.45950317382812,134.3761348024433,132.91141311821556,133.62960704865546,60751900
2017-08-21,133.2894287109375,133.7430150627499,132.467286325418,133.45007357680336,37111500
2017-08-22,135.32113647460938,135.4628921296778,133.960362933757,134.00761481877984,36294200
2017-08-23,134.83917236328125,135.14155840664176,134.54623092715937,134.64072025728868,25702300
2017-08-24,134.44227600097656,135.2927520268198,133.68628930064534,135.1415518029042,38160800
2017-08-25,134.1588134765625,135.3022312164673,133.97926496717645,134.96205225457882,26380400
2017-08-28,134.57460021972656,134.88644533835554,134.13990309153922,134.56514119176057,15362100
2017-08-29,135.103759765625,135.33056010285668,133.29884493234653,133.42169691741958,24498300
2017-08-30,136.69134521484375,136.91814559578967,135.13213405118387,135.21717878681991,33642700
2017-08-31,138.1560821533203,138.16554118225937,137.00320532436743,137.07880545962269,38480700
2017-09-01,137.96707153320312,138.52460623836808,137.59852993258988,138.33561313381634,22293600
2017-09-05,136.72911071777344,137.8536388318105,135.69908633840578,137.56069744127893,44794300
2017-09-06,137.14488220214844,137.45672717371744,136.1526508233822,137.0787267145839,30722700
2017-09-07,137.46620178222656,137.81583966640153,136.96536368139627,137.40004628022248,22721100
2017-09-08,136.2755126953125,137.35278884858894,136.133757105602,137.28663335620854,27890100
2017-09-11,137.8441925048828,138.0804374440736,137.30556154153615,137.34335438733808,27126300
2017-09-12,138.1750030517578,138.35455159301054,137.5229644205782,138.2316995554685,30256700
2017-09-13,138.36395263671875,138.3828562717545,137.71191421084885,137.93871457353146,28450900
2017-09-14,137.55120849609375,138.24103946754292,137.46616380493748,137.82526061547594,35296400
2017-09-15,138.02378845214844,138.5246267420041,137.29614975171123,137.52295016229277,46422400
2017-09-18,137.8428497314453,138.61942163584993,137.42614626775207,138.1837876153028,24858200
2017-09-19,138.07958984375,138.27846181481289,137.61553115992913,138.0890551206753,20871200
2017-09-20,137.65350341796875,138.18384825875972,136.59279928557365,138.03231703258714,34236200
2017-09-21,136.8105926513672,137.56821966911124,136.32758880912493,137.55875438917263,28841800
2017-09-22,136.67800903320312,136.87688107129543,136.23289520401266,136.37494665979287,21702400
2017-09-25,135.2384796142578,136.2139380592143,134.57554879498758,136.13817247261085,54947700
2017-09-26,135.5889129638672,136.18555805931294,135.11538878038616,135.929850954006,29628800
2017-09-27,136.8105926513672,137.32199233342533,135.96772031093923,136.3086437984386,33249400
2017-09-28,136.76316833496094,136.90521971640197,136.16652363130498,136.47905112127708,24149400
2017-09-29,137.74822998046875,137.85240591508972,136.678074780253,137.03794345827575,43102400
2017-10-02,137.8712921142578,138.4300471384682,137.25570205383423,137.9565229923624,27351300
2017-10-03,138.16490173339844,138.32589824039312,137.74819809138265,138.05126054041702,19715200
2017-10-04,138.29745483398438,138.5910374794452,137.76711012595072,137.89969630295914,26381100
2017-10-05,139.65167236328125,139.72742346917383,138.65726930151374,138.79932068856525,31562400
2017-10-06,139.8411407470703,139.8411407470703,139.17820989691504,139.17820989691504,23561100
2017-10-09,139.68016052246094,140.1726152393534,139.50021903133046,140.0210984922844,13704800
2017-10-10,139.7843017578125,140.29570136035076,139.16871183810503,140.15364992931424,19223100
2017-10-11,140.2010040283203,140.22942876802196,139.53807320279245,139.7180146663232,12439100
2017-10-12,139.94534301757812,140.4946328115211,139.80327709023464,139.99269832669262,14513500
2017-10-13,140.48513793945312,140.64613441244305,139.95479321647227,140.51354823169783,18409900
2017-10-16,140.9681396484375,141.0060152205799,140.53249108934673,140.8355534697246,21809400
2017-10-17,141.1480712890625,141.16701630115722,140.70297188591272,140.92078894716647,13138200
2017-10-18,140.97760009765625,141.3090727584842,140.76924833098883,141.2901277476574,17218200
2017-10-19,140.4567413330078,140.4756863466202,139.47181738733306,140.15369336926608,27680300
2017-10-20,140.8355712890625,141.1480845385049,140.6650950658279,141.0249780753587,30173300
2017-10-23,139.91690063476562,141.13858640520314,139.71801416242047,141.1291211258755,29297100
2017-10-24,140.15367126464844,140.44725390068666,139.63279185354403,140.1915468350883,20289500
2017-10-25,139.62335205078125,140.3336384188229,138.58160738147475,139.87905918950392,36179100
2017-10-26,139.17820739746094,139.88849353504483,139.14031737767039,139.53807588062034,28230200
2017-10-27,143.23155212402344,143.4967244216622,141.29956601173362,141.5173830167641,60165100
2017-10-30,143.5536346435547,144.13133489222173,142.99487941392363,143.12746564554482,31733400
2017-10-31,144.0933837890625,144.30173555771523,143.60092910934628,144.01763264665178,26319300
2017-11-01,144.04605102539062,144.73739223247674,143.47781626974088,144.6710919156332,29481600
2017-11-02,143.77139282226562,143.94186902204453,142.78646899855363,143.88503398824523,31017400
2017-11-03,145.1541290283203,145.17305959391564,143.79984214595584,144.2923114168896,26199200
2017-11-06,145.64654541015625,145.70338044438293,144.9930942500505,145.0404351023583,28693900
2017-11-07,145.73178100585938,145.9211877548731,145.2203668876328,145.53289452636932,21333100
2017-11-08,146.3189697265625,146.35684530211546,145.48556255628762,145.65603877330338,17373500
2017-11-09,145.5518035888672,145.62756915992222,144.05546607484186,145.11615516800205,40594500
2017-11-10,145.54234313964844,145.65599873668864,144.95517794970092,145.2108849795326,20150800
2017-11-13,145.7223663330078,145.91178761739718,144.9931493012062,144.9931493012062,12522400
2017-11-14,145.19200134277344,145.3719428675735,144.49119471036872,145.21094635875585,25173800
2017-11-15,144.5101318359375,144.8984252017322,143.74302483817618,144.56695243565113,24808000
2017-11-16,146.35684204101562,146.68831473566485,145.21092165823185,145.23933195196628,34790600
2017-11-17,145.79806518554688,146.49888604471371,145.65601373812518,146.39471016633496,28725800
2017-11-20,145.68438720703125,146.0347903226488,145.47603550293303,145.90220418829583,21143900
2017-11-21,147.2659912109375,147.3322915195748,146.30947775648863,146.3757636143176,20147800
2017-11-22,147.44595336914062,147.58800483500153,147.11448068105136,147.39859806358353,17299000
2017-11-24,147.98577880859375,148.0331341190847,147.51225460530793,147.5974999445164,8280600
2017-11-27,147.91946411132812,148.2698673292211,147.5785261733642,147.9384091219953,22653400
2017-11-28,148.2982940673828,148.39300468041387,147.45542163432472,148.25093876086729,25227300
2017-11-29,145.71287536621094,148.1657273880808,145.01205430961417,148.12785180836784,71986300
2017-11-30,146.9345245361328,147.218641890329,145.9874763226848,146.32841425755845,56595500
2017-12-01,146.30946350097656,147.01974956301305,144.19753587194046,146.03481146453726,59015800
2017-12-04,144.62379455566406,147.38917466647584,144.4817285986218,147.22817814247952,51319100
2017-12-05,144.71844482421875,146.36631402767023,144.04604864033692,144.59532392401087,40604200
2017-12-06,145.37191772460938,145.59921452464653,144.00816582600777,144.17864203873827,28647800
2017-12-07,145.86436462402344,146.28106813505053,145.2108990681681,145.3624302450522,32666200
2017-12-08,146.5083770751953,147.2944289409749,146.2810947193725,146.9345459431741,28081700
2017-12-11,147.64480590820312,147.6921612075016,146.56517155791656,146.57465128826132,20821500
2017-12-12,147.44595336914062,147.881587498321,147.13342569343627,147.57853955421427,20310300
2017-12-13,147.73004150390625,148.2035655641076,147.51221003163224,148.04256911773604,24418500
2017-12-14,147.62586975097656,148.3645661494336,147.46487330011365,147.9857382202198,24594700
2017-12-15,149.3021697998047,149.46318073947216,147.95736284805503,148.2036046728561,49816200
2017-12-18,150.55386352539062,150.6772418502765,150.01292487209122,150.28813673411653,26844500
2017-12-19,149.6618194580078,150.42104529576943,149.24424452318752,150.26919723201144,31415000
2017-12-20,149.50045776367188,150.21222913542084,148.9120647302876,150.18375943903294,38972600
2017-12-21,149.51950073242188,150.18381804240636,149.348668006408,149.70930360941298,18638700
2017-12-22,149.34864807128906,149.40558747868297,148.95005773850238,149.29170866389515,23330400
2017-12-26,148.5419921875,148.73179505174988,148.00103881930605,148.51352248191404,21918700
2017-12-27,148.5609588623047,148.9595636932453,148.41861033770445,148.55147378767467,22388200
2017-12-28,148.74124145507812,149.06392216954185,148.5609237125613,149.03543799033125,25393800
2017-12-29,147.8207244873047,148.90261676796678,147.76378507480098,148.87414706171495,33186000
2018-01-02,150.41152954101562,150.44948430869886,148.20977650872643,148.57989703799612,32573300
2018-01-03,151.873046875,152.00591030078726,150.52542799029283,150.553897690031,29383600
2018-01-04,152.13882446289062,152.59435429164202,151.92055186509776,152.39506632701486,24776100
2018-01-05,153.6667022705078,153.77109599105881,152.5753252219509,152.86003668536512,26992300
2018-01-08,154.2646484375,154.34057248616384,153.60981618867712,153.66675560491709,23159100
2018-01-09,154.27407836914062,154.72960801726651,153.80906364870896,154.56827490190997,24782400
2018-01-10,153.91343688964844,153.94192106750864,152.9074689854326,153.5907706715086,34004000
2018-01-11,154.96690368652344,154.97640324221769,153.9419653436468,154.1792225395225,20473500
2018-01-12,156.10577392578125,156.26710710617485,154.63477618791546,154.83406415385898,37762700
2018-01-16,155.6597442626953,157.93740812336813,155.19471482868474,157.14022722023603,41231800
2018-01-17,157.33946228027344,157.57671945599563,155.64070727375525,156.399933132272,33849900
2018-01-18,157.36795043945312,157.72857150856154,156.72260337505057,157.09272399928628,26432200
2018-01-19,157.86148071289062,158.11772259811292,157.10225461510484,157.83301100131408,38937600
2018-01-22,159.55072021484375,159.55072021484375,157.62419287318932,157.80451066553647,26081400
2018-01-23,160.86981201171875,161.0121749719624,159.96823785427716,160.04416187020203,37989700
2018-01-24,159.82594299316406,161.56266742738686,158.90538390265752,161.21151692580287,54287400
2018-01-25,159.76902770996094,160.98378359367888,159.25654397340443,160.92684417429092,28925000
2018-01-26,162.21746826171875,162.23645289035082,160.34789505077867,160.66106177754983,32038200
2018-01-29,161.42979431152344,162.19850527322117,161.08814338621008,161.8758389773778,37277800
2018-01-30,160.1011505126953,160.78445238519316,159.26601504266557,159.95880198968734,44987700
2018-01-31,160.76547241210938,161.325410407897,159.75950420429976,161.00272961134863,42449200
2018-02-01,159.3988800048828,161.078650516448,158.88639635512772,159.53174345462858,38037900
2018-02-02,156.21963500976562,159.15213059506988,156.08677155389188,158.77252485858222,68478100
2018-02-05,150.06044006347656,157.30153496455313,149.94656123317887,154.7581445476955,105372200
2018-02-06,154.036865234375,154.2266681018943,147.19437556145184,147.86817791329983,118537900
2018-02-07,152.04388427734375,155.21363644889172,152.03438472311774,153.5433367802224,91028300
2018-02-08,145.6284637451172,152.6038310873091,145.6284637451172,152.43299837636255,94184800
2018-02-09,148.1433868408203,149.2252789867245,142.47768430591904,147.687842635471,113836600
2018-02-12,150.77220153808594,151.79715438467704,148.4850531248073,149.66183957453646,63050600
2018-02-13,151.55039978027344,151.8540814428758,149.68081202900058,149.90858413672424,31785600
2018-02-14,154.3879852294922,154.62524240950876,149.94653777047583,150.65830931052557,52107400
2018-02-15,157.25405883789062,157.25405883789062,154.16023036818154,155.77357632501108,51633900
2018-02-16,156.55177307128906,158.26001306296607,156.28603172573224,156.7415759058056,62256300
2018-02-20,156.86495971679688,158.18410913370153,155.9349155727637,156.00135453785245,36785600
2018-02-21,156.41891479492188,159.17109218869953,156.3240061340212,157.63367035310236,41161800
2018-02-22,156.39991760253906,157.93733931463132,156.00132732462728,157.10218950508622,37074400
2018-02-23,159.59812927246094,159.59812927246094,157.01677046191423,157.66211740506412,50096900
2018-02-26,161.71449279785156,161.71449279785156,160.2150401199567,160.34790356537889,39266700
2018-02-27,159.7120361328125,162.02766851520525,159.63612657889087,161.76194163339252,42209900
2018-02-28,158.6871337890625,161.1451152428121,158.58274002750008,160.62314643500002,42936300
2018-03-01,156.09620666503906,159.50323005196498,154.6916485123747,158.77247403804748,76809900
2018-03-02,157.529296875,157.80450885735547,153.70471194156622,154.21718112565347,57445100
2018-03-05,159.2755126953125,159.6835881475146,156.20065402624795,156.78906175688417,38540200
2018-03-06,159.9492645263672,160.49021774765185,158.94329658611116,160.05365824550844,29480900
2018-03-07,160.31939697265625,160.45227488053564,158.44982392374948,158.725035850433,34609400
2018-03-08,161.20199584960938,161.3158746457552,160.33837636276508,160.98372332998758,25828400
2018-03-09,164.3338165283203,164.3338165283203,162.11309280035007,162.35034998020234,38310500
2018-03-12,165.20693969726562,165.58654543509127,164.44771374058365,164.8178344033244,37635000
2018-03-13,162.9577178955078,166.27931821193374,162.54014296733547,165.58651686245318,55638900
2018-03-14,162.92922973632812,163.93521225738388,162.21745825732407,163.81183390042762,40536400
2018-03-15,162.78689575195312,163.73592447526937,162.18900302233456,163.04313756193665,28810400
2018-03-16,162.3029022216797,163.4227492050449,162.22697818332838,163.06212812416322,31176700
2018-03-19,158.8399658203125,160.8551659379276,157.45212974576185,160.74110238546515,71395100
2018-03-20,159.36276245117188,159.7334834911441,158.37417784608604,158.90649374917228,34075700
2018-03-21,158.66880798339844,160.41784961309838,157.97489740831944,158.94448082447514,43863500
2018-03-22,154.7525634765625,157.57575324202094,154.55293769825153,156.4730902384057,66607300
2018-03-23,150.6746063232422,155.2278375187675,150.5985591034009,154.57194293909492,80110400
2018-03-26,156.2733917236328,156.46351694954117,151.29242410242898,153.72587614706572,57481500
2018-03-27,151.21646118164062,157.43317371305596,149.88565638125357,157.43317371305596,78889100
2018-03-28,149.47683715820312,151.88177334607855,148.32664334879735,150.35135808974707,89369700
2018-03-29,152.21449279785156,153.71639231699334,148.88750404778963,150.28484048317722,68692600
2018-04-02,147.8228302001953,151.84374343962995,146.27341416308326,151.13081741193804,85549400
2018-04-03,149.4864044189453,150.11378314079676,146.80580865984578,149.1156832659467,64090000
2018-04-04,151.84381103515625,152.30958029770142,146.42555920906892,146.596669074236,65768700
2018-04-05,152.70880126953125,153.5928373868989,151.59663802860194,153.3551952968408,43054900
2018-04-06,148.88751220703125,152.5281904078699,148.17458600723435,151.02629080642194,59870900
2018-04-09,149.9331512451172,152.92745043927266,149.67650821767862,150.17079334761254,41810400
2018-04-10,153.24118041992188,153.7354656810217,151.20696406293297,152.29061175769291,48296800
2018-04-11,152.35707092285156,153.99204939780714,152.18597560791238,152.28102372581645,41622100
2018-04-12,154.19166564941406,154.7239814915032,153.1935661932375,153.27911384546206,30467900
2018-04-13,153.39320373535156,155.1897772633206,152.72780881842255,154.96165015152857,44604900
2018-04-16,154.56240844726562,155.12324025253253,153.49776210840474,154.46734581726204,28180800
2018-04-17,157.889404296875,158.23160947343288,155.80765734819133,156.12134663541283,35536100
2018-04-18,158.21258544921875,158.74490136060282,157.13843866084108,157.8893957179528,29573900
2018-04-19,156.75820922851562,157.78482465050382,156.2163783789163,157.41410362349586,34705700
2018-04-20,154.2772674560547,156.47307832770545,153.73543645940114,156.35901475136743,49197100
2018-04-23,153.8875274658203,155.63656995177794,153.0605375467637,155.02820671733514,33040600
2018-04-24,150.62704467773438,154.8570703040049,149.6099297326263,154.61942825191645,70256800
2018-04-25,150.8076629638672,151.4350415561113,148.73543092251316,150.89322513882553,52089300
2018-04-26,153.9825439453125,154.49584437800883,152.2620033641469,152.75630287659024,43005500
2018-04-27,154.0776824951172,156.28300891848366,153.20316100104947,156.24497804661718,51043400
2018-04-30,152.98448181152344,155.39891918439005,152.6042457458402,154.43885031452015,35615300
2018-05-01,154.73350524902344,154.75252067610938,152.2240055409577,152.58522613298538,36513500
2018-05-02,153.82098388671875,155.48447856981082,153.64037357183085,154.99967940784384,38646800
2018-05-03,153.80197143554688,154.37230377807907,151.3495032004468,153.0415138076478,60337100
2018-05-04,156.72021484375,157.08143549420078,153.02250417387077,153.13658225031614,41543200
2018-05-07,158.02249145507812,158.53579199420275,157.32856609994516,157.4521446298087,32500200
2018-05-08,157.86093139648438,158.2031221617067,156.71073703011598,157.68982150934775,26040200
2018-05-09,159.5814208984375,159.69548446017626,157.58522154087646,158.14605339212153,29122700
2018-05-10,161.2353973388672,161.3494754028478,159.97113970495224,160.0947182307138,27067600
2018-05-11,161.0833282470703,161.4635498071521,160.37990240594394,161.04529738834847,24688800
2018-05-14,161.3589630126953,162.37607801859767,161.0928050588092,161.45402564102062,21821700
2018-05-15,159.5719451904297,160.1708080459369,158.72593972217817,160.08526035358605,49361600
2018-05-16,160.62705993652344,160.99778106872938,159.70500733766076,159.78105455766763,22941200
2018-05-17,160.0091094970703,161.22583534869946,159.2296367928461,160.06614125503475,27480200
2018-05-18,159.1821746826172,159.942617722739,158.9445326064488,159.3912863654858,26217900
2018-05-21,160.07569885253906,161.121329803515,159.39128850363144,160.4179040269929,22954600
2018-05-22,159.86659240722656,161.07381838072482,159.5814334803967,160.80766037933478,19477700
2018-05-23,161.2164306640625,161.23543159166098,158.63088306723043,158.6498839948289,26557800
2018-05-24,161.1688690185547,161.4540424286617,159.54339073411032,161.1688690185547,27696500
2018-05-25,161.3304901123047,161.91033748874236,160.84570538952218,161.1498797730746,27460500
2018-05-29,160.6175537109375,161.52059084627027,159.65748478877669,160.59853828048693,41220500
2018-05-30,161.7677459716797,162.0529194324633,160.8552083026017,161.19741355463714,22665800
2018-05-31,161.66317749023438,162.73730993736464,161.2449250664217,161.7677260916646,35670900
2018-06-01,164.20118713378906,164.29623526904726,162.4236144006447,162.471145720535,45543300
2018-06-04,165.68405151367188,165.72206786228813,164.51485660882346,164.6194051936483,20459600
2018-06-05,166.19740295410156,166.47307595804836,165.46547560878096,166.07383890482117,24779300
2018-06-06,167.1669921875,167.19550808473045,165.53201305850047,166.36851805599574,25036600
2018-06-07,165.80763244628906,167.23348498950233,164.971142150679,167.19546863700637,39600300
2018-06-08,165.81715393066406,166.23540634717062,164.61942846439115,165.0281804185308,31780300
2018-06-11,166.263916015625,166.67265344994314,165.66505330490367,165.6935691954597,22319700
2018-06-12,167.13841247558594,167.3000073330357,166.311422762602,166.492018541267,22511800
2018-06-13,167.12890625,168.38364871936602,166.7581707312906,167.3950641830328,37858600
2018-06-14,168.82095336914062,169.0966118227054,167.77532232902038,167.89890086226805,35916000
2018-06-15,168.23153686523438,168.56424149925016,167.4045472666188,168.18400555972954,49615700
2018-06-18,168.1343994140625,168.27728402426746,166.64834132566838,167.1722757890293,31633200
2018-06-19,167.6581268310547,167.69622455513903,165.47667237191425,166.01012772250397,38236000
2018-06-20,168.848876953125,169.5442730534102,168.27730935513551,168.42972931934176,33038000
2018-06-21,167.38189697265625,169.44904395385657,167.0580008718632,169.2775678374873,43469400
2018-06-22,167.0103302001953,168.0105515137023,166.41018578363895,167.94387687606562,30073200
2018-06-25,163.24757385253906,165.74340363332522,161.7615154764379,165.49571754692937,77799700
2018-06-26,163.9143829345703,164.85745047377875,163.24754929664297,163.84769375655108,39008100
2018-06-27,161.68527221679688,165.35279888004214,161.57096453002657,164.6097698449043,52843500
2018-06-28,163.0761260986328,163.6286376377975,161.15186377748256,161.48528067483755,46407700
2018-06-29,163.51426696777344,164.7240766097279,163.2761162646246,163.8572045617304,36408500
2018-07-02,164.60977172851562,164.65740477707013,161.62812022290436,161.98057861818955,31770000
2018-07-03,162.70458984375,165.2289818947576,162.5426490834559,165.2289818947576,25512700
2018-07-05,164.72410583496094,164.857469670963,162.9236867811492,163.7619820563438,31626200
2018-07-06,167.28660583496094,167.4104488707339,164.80031153614325,165.1051514594097,37005600
2018-07-09,168.79173278808594,168.82983051354014,167.48667129164082,168.15349050385478,27362100
2018-07-10,168.91554260253906,169.29657792439548,168.3344542885903,169.10606026346727,23902500
2018-07-11,168.05824279785156,168.67744355497413,167.46763350741276,167.59146203038105,30280600
2018-07-12,170.9541473388672,170.9541473388672,168.68694746044372,168.80125517345036,27930100
2018-07-13,171.0970458984375,171.37329440586524,170.46832435461855,170.9446259116505,28049800
2018-07-16,170.68736267089844,171.4208708966159,170.4015934594444,171.13508714959667,21405300
2018-07-17,171.72576904296875,172.08774834549956,168.8774804725627,168.8774804725627,31034100
2018-07-18,171.4017791748047,171.88761580451083,170.87785937223384,171.7447166928952,23220800
2018-07-19,170.54452514648438,171.35424356397928,170.344486643243,170.7826759121512,31094100
2018-07-20,170.50640869140625,171.63047320481456,170.31587647134526,171.0589201513344,35897300
2018-07-23,171.04940795898438,171.12561795020514,169.3156778993133,170.00155328473053,22184700
2018-07-24,171.7543182373047,173.42137343324387,171.0493868073603,172.8117081144374,36900300
2018-07-25,174.15484619140625,174.25961854244716,171.74474779947502,171.83049309619955,35026600
2018-07-26,171.51617431640625,172.34493428110926,171.28754436192304,171.79242279278446,40873500
2018-07-27,169.2013397216797,172.7164471072546,168.22969513008508,172.6021393989654,59456100
2018-07-30,166.81033325195312,169.3061487798682,166.01015011811975,169.21089718902334,60193000
2018-07-31,168.0867462158203,168.73452362074934,166.53401367398857,167.4675602650705,47285100
2018-08-01,168.7250213623047,169.22989973755358,167.75337686780682,168.4773498405719,37101900
2018-08-02,171.0207977294922,171.22085073444023,167.4580576453689,167.5342676217507,47178200
2018-08-03,171.5447235107422,171.55424430646835,170.592120657752,171.34467051596522,28934400
2018-08-06,172.5544891357422,172.60212218796903,171.22085088679106,171.43042468813576,24808800
2018-08-07,173.18324279785156,173.50712435641526,172.66882899489087,173.04034361455382,29895700
2018-08-08,173.3927764892578,173.70713717703947,172.47827134884153,172.94505198262024,22680700
2018-08-09,173.2880096435547,173.97388494433432,173.03080277187038,173.2880096435547,18852900
2018-08-10,171.96389770507812,172.63071689825577,171.31612010629968,172.11630313811284,33818500
2018-08-13,171.77340698242188,173.38329409601778,171.69719698615458,172.27828548906845,26089200
2018-08-14,172.84983825683594,173.0498913135199,171.5066643299349,172.43069054612323,20913000
2018-08-15,170.73504638671875,172.02106636217243,169.67765638384355,171.47807562813702,58528000
2018-08-16,171.29708862304688,172.4116324550537,170.96367173899336,172.04963864214633,27711800
2018-08-17,171.33514404296875,171.763812405497,169.8205090454383,170.84932183684546,36092600
2018-08-20,171.18272399902344,171.78286842753775,170.5159049315439,171.71617925300706,24939000
2018-08-21,171.8114776611328,172.84029064539928,171.5923830410923,171.69716995251486,26258700
2018-08-22,172.47828674316406,172.67833975708643,171.23037921201072,171.44947381920767,18042400
2018-08-23,172.23057556152344,173.4213289675965,171.9447918369531,172.17342172372219,25776200
2018-08-24,173.8309783935547,173.9738775542282,172.76406776458143,172.8021654860874,23136100
2018-08-27,175.60281372070312,175.60281372070312,174.43111623284815,174.70736467603294,29343600
2018-08-28,175.8600616455078,176.25063241120336,175.4885470120723,176.0696354936581,20277000
2018-08-29,177.8891143798828,177.9843659718892,176.09821583754763,176.16489049839507,29175600
2018-08-30,177.57472229003906,178.63211216318254,176.9840985672342,177.54614536391904,29315500
2018-08-31,177.80331420898438,178.30819255116083,177.16507205067768,177.35558971149723,28653200
2018-09-04,177.04124450683594,177.5651644429834,176.08864166210842,177.26033909116484,29063500
2018-09-05,174.75502014160156,176.75549228672185,174.15489012652026,176.726915359126,42623300
2018-09-06,173.1927947998047,175.0408474330891,172.0210968706209,174.8312735549493,46091400
2018-09-07,172.5259246826172,174.01198299188775,171.8876824362288,171.9448362888057,46629500
2018-09-10,173.10693359375,173.61181177378634,172.16385185254717,173.51654570618808,26132000
2018-09-11,174.44061279296875,174.72639652813598,171.96385433783684,172.41157879796708,30116500
2018-09-12,173.9261932373047,174.30722848232597,172.43060010269224,174.18340002225364,36204000
2018-09-13,175.78379821777344,176.1172150209078,174.93598228454397,175.01219225484797,31133200
2018-09-14,175.2694091796875,176.18389980486083,174.57399861145873,175.9076513652223,31224100
2018-09-17,172.74501037597656,175.09794075601255,172.5830696235149,174.97409772477894,33071200
2018-09-18,174.1739501953125,175.02176638690779,172.80219938294036,172.8879447103911,31877300
2018-09-19,174.0405731201172,174.61214076037837,172.90697317279287,174.2025138932251,31843400
2018-09-20,175.96478271484375,176.2029334044713,174.82166231174446,175.24080985117928,33295800
2018-09-21,175.00274658203125,176.688843841257,174.7836373725141,176.44117223312628,38605400
2018-09-24,175.48939514160156,175.5562043374437,173.01771700649914,173.73345493022015,34945600
2018-09-25,175.72793579101562,175.86153959158295,174.81178504303816,175.4130094264522,25277500
2018-09-26,175.85203552246094,177.49346228074404,175.50848074603599,175.88066387368593,36210600
2018-09-27,177.3407745361328,177.97062740962937,176.47234235252927,176.56777990126224,33113300
2018-09-28,177.30258178710938,177.77020244574223,176.52004927459822,176.8445136197437,28076800
2018-10-01,177.66526794433594,178.96314018593796,177.21673760307974,178.33328720948523,27371300
2018-10-02,177.264404296875,178.6290707831267,176.85405492662258,177.51252150481432,25618600
2018-10-03,177.45526123046875,178.42866874644807,177.17851567956612,178.00876689399723,29128700
2018-10-04,174.04835510253906,176.8540496700603,172.78864955723435,176.73952171757244,80557300
2018-10-05,171.92025756835938,174.6114393721341,170.2788306302542,174.0293052305767,83325600
2018-10-08,170.8704833984375,172.3878441257567,168.84732120028826,171.31901361016938,66864500
2018-10-09,171.4239959716797,172.7504962405361,170.58419221180827,170.9945416006482,49097900
2018-10-10,163.88485717773438,170.46010083941073,163.66536834120618,170.35512538511952,114471100
2018-10-11,161.8522186279297,165.478612689942,160.14398251983823,163.20734743583267,143084500
2018-10-12,166.35658264160156,166.87190752661826,163.12143332813156,166.21342632340668,102078400
2018-10-15,164.3429718017578,166.08935946750563,163.72265688327877,165.77444760509036,64885300
2018-10-16,169.1240997314453,169.53444914845076,165.76489902311548,166.07028752465695,71979700
2018-10-17,169.19085693359375,170.11654560172136,167.45400754094123,169.94477552890032,66987600
2018-10-18,165.26861572265625,168.60872531667974,164.5624304422792,168.55146862494348,82486200
2018-10-19,165.11598205566406,168.02665271066368,164.5147575015273,166.60471470235862,82923700
2018-10-22,165.96531677246094,167.2440983951906,164.70561101032678,166.10845853555543,52909300
2018-10-23,165.35459899902344,166.17531263991413,161.1078889927929,162.84473928851583,77567000
2018-10-24,157.78680419921875,165.44043231004562,157.50050612352422,165.16368672596676,102997400
2018-10-25,163.2454833984375,164.21889093323722,159.52365247379674,160.2393903102064,83481100
2018-10-26,159.04653930664062,162.19578959795547,156.7275404827557,157.6532295136334,130970900
2018-10-29,155.77316284179688,162.1002893337693,152.77660798638112,161.47998909647566,111871900
2018-10-30,158.34030151367188,158.45481491317355,154.60891792151705,155.31511786246728,92584000
2018-10-31,162.06216430664062,163.4268310006969,160.84062481536594,160.91697194367845,73828600
2018-11-01,164.19981384277344,164.37159850955285,161.06965461571858,162.30073194884258,52706800
2018-11-02,161.64224243164062,164.66742602923838,160.53523105032673,163.69401846555039,75966800
2018-11-05,161.24148559570312,161.90950491010912,159.44736409838796,161.85224819197845,39573500
2018-11-06,162.4629364013672,163.3695346673662,161.01237043873545,161.25094969619423,34410400
2018-11-07,167.55899047851562,167.55899047851562,164.01846779278142,164.40974128064505,51169600
2018-11-08,166.49020385742188,167.2918269008296,165.69811874486672,166.77648740026285,40296500
2018-11-09,163.68450927734375,165.33547414826523,162.3866371517772,164.93466262500993,50602700
2018-11-12,158.73159790039062,162.84470312428917,158.58844156867588,162.5393291610718,62578400
2018-11-13,158.8651580810547,161.73764711598676,158.4166279093855,159.47592040136897,64128100
2018-11-14,157.65321350097656,160.99332401820797,156.74661498721613,160.43981824223104,75270700
2018-11-15,160.4111785888672,160.8406184270585,155.9926997464329,157.36690431630007,73254300
2018-11-16,159.84814453125,160.62113919880852,158.20671764336416,158.84610847408203,65390700
2018-11-19,154.65664672851562,159.2755385900055,154.1603976955966,159.08467805787518,67280500
2018-11-20,151.8891143798828,154.00769952424298,149.95185181588948,151.13519571011787,102652800
2018-11-21,153.0438690185547,154.57078260582765,151.955947820184,153.97911050757978,42965800
2018-11-23,151.9368133544922,153.49234013567056,151.8222854144983,151.8222854144983,23503700
2018-11-26,155.44873046875,155.52507759330783,153.41603014235733,154.06497342023636,42012600
2018-11-27,155.97366333007812,156.36493702196927,153.81689633888416,154.59944372266648,36608100
2018-11-28,160.99330139160156,160.99330139160156,156.00222674031505,157.09968564561672,70141000
2018-11-29,160.4684295654297,161.52772222808323,159.19920051790467,160.31574988204358,44885700
2018-11-30,161.63270568847656,161.72814323681803,159.88630339825048,160.6879409438328,36722800
2018-12-03,164.45748901367188,165.39271581621784,161.76630745147446,165.20185528369984,50771700
2018-12-04,158.14942932128906,164.0566544383227,157.95856881563182,163.59857175067754,70594700
2018-12-06,159.26602172851562,159.2851121527716,154.37992156334028,154.9620557284668,71715500
2018-12-07,154.00772094726562,159.48549258878703,153.51147190487214,158.56935619238033,80432200
2018-12-10,155.62051391601562,156.29807097833648,152.12770944401038,153.72141743209775,73960800
2018-12-11,156.1358642578125,158.19719325558373,154.81890163783743,158.15901240651723,59058300
2018-12-12,157.5100860595703,159.94359828439946,157.4242009904149,158.41668465579713,53780000
2018-12-13,157.55776977539062,159.19919646422443,156.53664341915334,158.5407152904601,46378500
2018-12-14,153.721435546875,156.3267177513928,153.35879030577283,155.7541360968241,56547400
2018-12-17,150.23814392089844,154.28445393260805,149.0357095382239,153.0629291293984,74834100
2018-12-18,151.18292236328125,152.643026449507,149.8659600260093,151.40241123225184,63642100
2018-12-19,147.4706573486328,153.3778840116419,146.33501738443857,150.95390981407684,81856500
2018-12-20,145.33297729492188,148.7494350253447,143.51978022359862,147.10800808085716,99002100
2018-12-21,140.82859802246094,147.05073576282118,140.01742256723688,146.0582522690915,141129400
2018-12-24,137.33633422851562,141.62390350084752,137.29805874899483,139.8055188541596,56163300
2018-12-26,145.9114532470703,145.9880041882062,137.90095656682377,138.84843875145503,98982100
2018-12-27,146.4761199951172,146.60052623743616,140.7625453610874,143.91122515039618,85824300
2018-12-28,146.39952087402344,148.90698002802532,145.2032117962161,147.52882963385008,77856600
2018-12-31,147.6341552734375,148.32323070322846,146.15074319870843,147.8351416918712,53015300
2019-01-02,148.2274932861328,149.060119779717,144.39930401410155,144.50457980321775,58576700
2019-01-03,143.3848876953125,146.6771193849391,143.06906021452332,146.04547902674912,74820200
2019-01-04,149.51951599121094,150.2564466017085,145.22238237405452,145.79660207037406,74709300
2019-01-07,151.29965209960938,152.03658284309267,149.40470193403985,149.89279095449925,52059300
2019-01-08,152.668212890625,153.23286737975056,150.44785580314223,152.68734332513475,49388700
2019-01-09,153.91236877441406,154.58229902893527,152.62034895232122,153.26156895331897,46491700
2019-01-10,154.35263061523438,154.43876139155068,151.88344613712454,152.7447977104486,38943400
2019-01-11,153.78793334960938,153.95062963860127,152.92658201547331,153.44339573663154,30176600
2019-01-14,152.42893981933594,153.08930484598832,151.77814000923502,152.48636032541285,30710200
2019-01-15,155.40533447265625,155.61588603232912,153.041426637278,153.12755738349458,40874200
2019-01-16,155.37669372558594,156.74526487225424,155.319258599035,155.66379634139858,33812200
2019-01-17,156.60166931152344,157.30030981822495,154.63015402198667,154.87898108650634,39329000
2019-01-18,158.15211486816406,158.88904560430458,156.78354381871904,157.7023013308278,57183200
2019-01-22,154.98423767089844,157.08973875007118,153.85491429540224,157.0131732158526,56711700
2019-01-23,155.18527221679688,156.48685761844143,153.43388785010106,155.7786516962595,38106100
2019-01-24,156.19012451171875,156.41982113280804,155.09909111746603,155.69245580105047,32417800
2019-01-25,158.05636596679688,158.5348896477177,156.90791205326363,157.44385623935355,36515900
2019-01-28,156.10400390625,156.11356912314855,154.8024188422049,156.01787314400946,33491200
2019-01-29,154.63015747070312,156.22842489741438,154.07506821896277,156.1901348230132,30784200
2019-01-30,158.56361389160156,159.13784820072922,155.8934579419436,156.38154688233254,41346500
2019-01-31,160.93711853027344,161.73146974433024,159.31970584410604,159.53982269031394,37258400
2019-02-01,160.25755310058594,161.35816615896871,159.81731955993808,160.14271210796156,32143700
2019-02-04,162.2482452392578,162.2482452392578,160.14274387103856,160.28629514029132,26718800
2019-02-05,163.68385314941406,163.87525975258342,162.4014128444528,162.4683985840376,28156400
2019-02-06,163.1957244873047,164.00920600406025,162.4587939105156,163.72210347072547,27970000
2019-02-07,161.0040740966797,162.171673050045,159.77905463796588,161.76971490922176,42036200
2019-02-08,161.31993103027344,161.34864128820686,159.41541577155257,159.5972425373354,29020700
2019-02-11,161.166748046875,162.29607137452967,160.76478996179236,161.90367850455075,21434100
2019-02-12,163.54986572265625,163.78912762549842,162.05687378546315,162.34399098955126,29722100
2019-02-13,163.66468811035156,164.7653015000231,163.48286135175962,164.2771979276853,26094100
2019-02-14,163.86569213867188,164.44949176200808,162.53539655151397,163.08090609274328,30326800
2019-02-15,164.5547332763672,165.14809799483174,163.78909243111275,165.10982252409204,32521700
2019-02-19,164.880126953125,165.37779569625846,164.01879012377267,164.04750037785877,19487700
2019-02-20,164.85140991210938,165.64576098368556,163.96136286531416,164.9949611766299,32593000
2019-02-21,164.24847412109375,164.86098388789807,163.37757206442376,164.41117043065594,25207400
2019-02-22,165.46397399902344,165.57881504836357,164.516491531801,164.60263692219488,27735400
2019-02-25,166.06686401367188,167.15789743319135,165.95200839877555,166.72722903663598,32608800
2019-02-26,166.2391357421875,166.76551474959203,165.38736411325468,165.6649160459702,21939700
2019-02-27,166.13388061523438,166.33486702612234,164.3824818472183,165.4735154695282,25162000
2019-02-28,165.75106811523438,166.34443292527774,165.28210955683403,165.61708204188952,25085500
2019-03-01,166.8994903564453,167.14831741555574,165.74145661265771,166.94734564564683,31431200
2019-03-04,166.92822265625,168.23937305391448,165.06198295797935,168.0001111796904,38063500
2019-03-05,167.05267333984375,167.56947265497928,166.22961176137716,167.05267333984375,22319900
2019-03-06,166.10511779785156,167.2440063579461,165.83714573705075,167.21529610881615,27194600
2019-03-07,164.06663513183594,165.7414681467549,163.45412535622955,165.68404763707068,39407400
2019-03-08,163.81787109375,163.90400189142008,162.06647185750563,162.22916823201263,39303200
2019-03-11,167.22491455078125,167.33977018724096,164.4686275333224,164.49733779159067,30518400
2019-03-12,168.14370727539062,168.5743758056918,167.26322517246263,167.66518344096963,33953500
2019-03-13,169.40696716308594,170.28744908180946,168.77532693237012,169.01458879952494,42426100
2019-03-14,169.11984252929688,169.722772425522,169.07198724143555,169.52180066124149,23751500
2019-03-15,170.6894073486328,171.19664129557856,169.66535963470344,169.7802006480846,38192000
2019-03-18,171.095947265625,171.61370167921424,170.27138788432228,170.61655261672723,32935100
2019-03-19,171.67123413085938,172.5820810772185,170.94254486980066,171.795866796595,36893300
2019-03-20,172.3519287109375,173.4066026057318,170.89457976717227,171.68077924605075,50105000
2019-03-21,175.04615783691406,175.29543777148464,171.8150281632561,171.83420804436545,42428500
2019-03-22,171.20143127441406,174.7585463513412,171.0192589493741,174.28873428307836,70794500
2019-03-25,170.8754119873047,171.4698566083006,169.63856572947253,170.57818967680672,46336500
2019-03-26,171.67123413085938,173.2436480621421,170.79873232088866,172.19857119347705,33248100
2019-03-27,170.56858825683594,172.3135915764523,169.32217403420913,171.9300817587151,37096700
2019-03-28,170.96173095703125,171.6041180820902,169.93583393431362,171.0096733517298,30368200
2019-03-29,172.2560577392578,172.41905013494141,171.23014635294447,172.28482024261604,35205500
2019-04-01,174.5379638671875,174.74889864265447,173.32031222603646,174.0298068071882,30969500
2019-04-02,175.19960021972656,175.37218993630557,174.28875312601699,174.7298027306374,22645200
2019-04-03,176.20631408691406,177.29933341353032,175.6598117385885,176.18713420259724,31633500
2019-04-04,176.13919067382812,176.8966277919592,175.12286171550144,176.25424070950274,28530800
2019-04-05,177.05003356933594,177.1555009762955,176.4364090097429,176.64734382366208,25674700
2019-04-08,177.5006561279297,177.644468661495,176.06247227242537,176.7623843190479,22697500
2019-04-09,176.87747192382812,177.48151395305777,176.50354462715399,176.89665180903253,25631900
2019-04-10,177.82667541503906,177.8842004396119,176.9158283893828,177.10758334794744,24563000
2019-04-11,177.40481567382812,178.12390778123324,177.0788307629964,178.12390778123324,20654100
2019-04-12,178.17181396484375,178.28686399705362,177.43354212158255,178.19099384686652,24989100
2019-04-15,178.2006072998047,178.40195952096724,177.0117031181019,178.181427414464,21073000
2019-04-16,178.8141632080078,179.20727024153226,178.26764641067479,178.8525083339798,27195700
2019-04-17,179.4374237060547,180.1852782399336,178.91010125957533,180.01270317671447,29651600
2019-04-18,179.66751098632812,180.05102082156557,178.61283699448148,179.734633253974,28580900
2019-04-22,180.17562866210938,180.2427509150626,178.74702777313172,178.88127227903817,17936000
2019-04-23,182.46719360351562,182.68771105127573,180.3770399030851,180.63590248655666,33665600
2019-04-24,181.89193725585938,182.85072662288627,181.8343976046674,182.62061190801253,24977100
2019-04-25,182.63014221191406,183.33965140702904,181.64259061720406,183.25336389990926,29517500
2019-04-26,182.7931671142578,182.83152687755197,180.81806357353886,182.34253499031166,26359500
2019-04-29,183.14793395996094,183.43557367246328,182.4959496362914,182.79317197489053,21716200
2019-04-30,181.7289276123047,182.02616460103877,180.45375064660897,181.6714025918931,31495300
2019-05-01,181.14402770996094,183.435547831103,181.01939506840614,182.91779349554437,34797100
2019-05-02,180.35787963867188,182.02617850788917,179.16897548279647,181.08655433616389,44110100
2019-05-03,183.2342071533203,183.36843705799433,181.52756352390955,181.85354834526615,30386200
2019-05-06,182.11244201660156,182.36172196786092,179.06348443445444,179.34154152428573,38371800
2019-05-07,178.56488037109375,180.8947307719489,176.9061647584286,180.12769659550884,58818100
2019-05-08,178.1143035888672,179.456602841524,177.33768654768969,177.9800736636015,37165300
2019-05-09,177.15550231933594,177.76912688358095,174.58593939845997,176.12959075022746,55351700
2019-05-10,177.3760223388672,178.22934423951506,173.56962760800897,176.5227004382193,58526400
2019-05-13,171.22061157226562,173.79016012334344,170.72203699147252,172.86013324165623,67185800
2019-05-14,173.09982299804688,174.14491450944422,171.48906391069684,172.12186839356914,43360600
2019-05-15,175.54473876953125,175.98578830819102,171.9205161930218,171.95887595984325,40944500
2019-05-16,177.3089141845703,178.40194812970944,175.41051529610263,175.62145013148404,39281200
2019-05-17,175.49676513671875,177.932097847623,175.34336998663144,175.55430477670856,44702300
2019-05-20,172.5341339111328,173.7134406694785,171.94927184513045,173.05188833282088,38608300
2019-05-21,174.33663940429688,174.81603399718227,173.46413773405462,174.0202372173971,31613800
2019-05-22,173.55999755859375,174.56672898494654,173.30112041925506,173.36824267499318,24332600
2019-05-23,170.90420532226562,171.64247723407314,169.83994853562123,171.5657723288236,45351300
2019-05-24,170.81790161132812,172.4382578350883,170.60696679936152,171.82463328117547,25903300
2019-05-28,170.17552185058594,172.25609292155426,170.15634196777606,171.297303600557,24763800
2019-05-29,168.77569580078125,169.70572268305736,167.87443142991862,169.1208605677081,42178800
2019-05-30,169.4852294921875,169.96462425769013,168.52643996118226,169.22635222242528,30354800
2019-05-31,166.78134155273438,168.06611528558847,166.7046366780919,167.4908506707082,45446200
2019-06-03,163.10922241210938,166.78138699258653,162.2942603281682,166.33075487501083,75842300
2019-06-04,167.7018280029297,167.7593530160291,164.30770593043673,164.94051033445578,47797800
2019-06-05,168.94827270507812,169.3317825815254,167.193686491902,169.30302007229005,34412700
2019-06-06,170.29055786132812,170.70283021301688,168.4880294047323,169.23588384311506,29913200
2019-06-07,173.57923889160156,174.2791657369869,170.98092762547296,171.20144510677585,45888300
2019-06-10,175.6022491455078,177.2322026103069,174.7009995198659,174.73934465352508,41385300
2019-06-11,175.84194946289062,177.75952803775297,175.24750478627163,177.4335431912176,41260300
2019-06-12,174.82562255859375,175.72688676461533,174.49963773555348,175.362542180063,27758100
2019-06-13,175.8611602783203,176.29261260756243,175.20919047057066,175.55435525995756,23715800
2019-06-14,175.11325073242188,175.5638828057934,174.4421012497286,174.95984095638872,22844100
2019-06-17,176.16793823242188,176.6569154725063,175.3050191482014,175.49677406804062,20379500
2019-06-18,178.72792053222656,179.98393219978786,177.78829646568423,178.24852587254887,48177300
2019-06-19,179.39903259277344,179.80172226704923,177.92250378709554,178.9675804153323,31672900
2019-06-20,181.06739807128906,181.93988537411678,179.4470415189476,181.90154023233046,40922000
2019-06-21,180.79891967773438,181.94946400308797,180.41539514930662,180.85644469950734,39980400
2019-06-24,180.8046112060547,181.34271781153555,180.7085144569451,181.16014278561053,19375200
2019-06-25,177.70091247558594,180.7854371319353,177.43185910109986,180.67973654465084,33921100
2019-06-26,178.5272979736328,180.00710622120505,178.23903696906243,178.8828443164521,22595700
2019-06-27,179.2095489501953,179.6323513044119,178.7194905827039,179.17111903722534,19709200
2019-06-28,179.44020080566406,179.8341624595984,178.7963933598119,179.64198353972355,21179200
2019-07-01,181.86167907714844,183.12048250891763,181.01608890891248,182.88025519681315,31025600
2019-07-02,182.5823516845703,182.60157397400374,181.28513306287329,181.80401757908993,18035800
2019-07-03,183.95645141601562,183.95645141601562,182.85139708775534,183.04359064905984,15792100
2019-07-05,183.58172607421875,183.9180355343535,181.9866131053014,182.69769127106647,21415600
2019-07-08,182.2941131591797,182.44784750669365,181.54459040185327,182.39019529358686,17598800
2019-07-09,183.20692443847656,183.4375332284199,181.27548784884934,181.4292368170173,19193500
2019-07-10,185.0326385498047,185.54191915743263,183.98525123693273,184.32157525886427,28374500
2019-07-11,184.89813232421875,185.78216696094262,184.31197717068002,185.3113308729311,23736100
2019-07-12,185.9647674560547,185.9743712701988,184.9269836983374,185.0999549891128,20211900
2019-07-15,186.56051635742188,186.59896093653072,185.87827903250414,186.3971635519865,15606100
2019-07-16,185.59957885742188,186.50283571873686,185.03264603163774,186.3298791260469,20190900
2019-07-17,184.6867218017578,185.92630272288568,184.66749951475728,185.59958249311242,16765100
2019-07-18,184.89813232421875,185.25366400901268,183.235763641157,183.81230031955448,28877000
2019-07-19,183.54327392578125,186.25304509832202,183.3510950047237,186.16656678319288,29387900
2019-07-22,185.0038299560547,185.39780621049383,183.9564425440857,183.9564425440857,18954900
2019-07-23,186.214599609375,186.23382190008064,184.7732357149987,186.0128168750569,23786700
2019-07-24,187.5214080810547,187.53102655609067,185.48428544752372,185.50350773528612,20422900
2019-07-25,185.74374389648438,186.91605424678997,185.38819753627024,186.88722814492263,23434700
2019-07-26,187.6559600830078,187.9058058706915,186.82957754547022,186.92567433493494,20431200
2019-07-29,187.01211547851562,187.55022220301925,185.83020144703028,187.4829661936106,20451700
2019-07-30,186.20498657226562,186.93527229747897,185.4458747435775,185.58040144723023,18705000
2019-07-31,183.62974548339844,186.82956006842278,181.91932835957067,186.70465184857702,41627500
2019-08-01,182.71682739257812,187.35801928949238,181.8327929354002,183.94678965146107,63251600
2019-08-02,180.02638244628906,181.60227328009773,178.93094631379174,181.34282363594173,55214000
2019-08-05,173.66510009765625,176.33642626205113,172.194910325968,176.2595517734408,75040000
2019-08-06,176.09620666503906,176.61510582021666,173.99182792956137,175.26982420431668,41897200
2019-08-07,177.04750061035156,177.2973316964179,172.8579363730525,174.1839956150174,49990600
2019-08-08,180.9007568359375,180.95842370304248,177.355014280282,177.84507268334568,38418100
2019-08-09,179.19996643066406,180.65093408021676,177.79703251245397,180.0359527634574,33608900
2019-08-12,177.1436004638672,178.6329978559527,176.32682185465754,178.09489109980447,24642900
2019-08-13,181.02565002441406,182.26521621107946,176.82648229122574,176.98983506544934,40241900
2019-08-14,175.6157684326172,178.68107127179258,175.28906280809548,178.11413833589114,51000500
2019-08-15,175.41400146484375,176.41334071856815,174.07833808004068,175.84640773172148,36685000
2019-08-16,178.2294158935547,178.68104434387138,176.90337130495033,177.00907189252038,32781400
2019-08-19,181.06407165527344,181.4484440437913,180.17043334379576,180.8046367881197,22494100
2019-08-20,179.6611785888672,181.26589505308647,179.61313020060598,180.61248389212463,19902900
2019-08-21,181.25628662109375,181.83282327860672,180.61247928926758,181.23706433381724,20418500
2019-08-22,180.67015075683594,182.05386234213125,179.24799459288758,181.59261537215903,24243700
2019-08-23,174.95272827148438,181.08331840805207,174.46265524269438,179.4401720448287,55372400
2019-08-26,177.59521484375,177.64324856564178,175.9232278448225,176.94178907570736,27598900
2019-08-27,177.22047424316406,179.1326888028914,176.5286331181517,178.8348093010211,28012800
2019-08-28,177.85459899902344,178.1524783688718,175.75982493860323,176.6438592389708,21792400
2019-08-29,180.57400512695312,181.0929041622312,179.38247277030234,180.06472456489186,25358900
2019-08-30,180.14163208007812,181.58299574552134,179.12307076913442,181.54455117021624,26319800
2019-09-03,178.3927459716797,179.8629355356194,177.79698709702126,178.94047112726494,27964200
2019-09-04,180.968017578125,181.1217665573405,179.5939099026399,180.11280904191472,21592100
2019-09-05,184.28318786621094,184.81169092366855,182.89947610207196,182.9667467922541,33932600
2019-09-06,184.10055541992188,184.65788441038453,183.6969753914437,184.59062840345882,19487800
2019-09-09,183.71621704101562,184.75400065033142,182.78413402141652,184.6771261612366,24407600
2019-09-10,183.18772888183594,183.2838256665401,181.52536007509136,182.7264965723396,23744700
2019-09-11,184.90774536132812,185.0038421436764,183.11084989743637,183.53365228007218,25063600
2019-09-12,185.67649841308594,187.09865472230507,185.4266672755642,186.04164863603575,28689900
2019-09-13,185.01345825195312,185.83984078320978,184.77323094242865,185.407434558528,27669800
2019-09-16,184.18704223632812,184.57141465907694,183.63933169458554,183.82190676260262,20319000
2019-09-17,185.0711212158203,185.0711212158203,183.81231782414324,184.20629412240146,20953400
2019-09-18,184.9941864013672,185.0710608732046,182.67839242254888,184.68668851401753,29781300
2019-09-19,185.30172729492188,186.45481540672776,184.94619558154537,185.32094958444006,26039400
2019-09-20,183.3414764404297,185.75335322963411,182.72649514513438,185.56117432403758,29086100
2019-09-23,183.42234802246094,183.97117784817328,182.67132856023895,183.28755003416157,22485900
2019-09-24,180.986328125,184.66439554479533,180.1967866360275,184.26000162064258,40820700
2019-09-25,183.01795959472656,183.49938309491517,179.29174640466812,180.80340855548312,34704900
2019-09-26,182.3439483642578,182.94090873346093,180.9959539058321,182.77722652551418,26826000
2019-09-27,180.08123779296875,182.7772118007516,178.84879505087542,182.68092124295075,40773500
2019-09-30,181.79507446289062,182.0839313975796,180.4374571541643,180.81296676169774,26307700
2019-10-01,180.31231689453125,183.50896049858716,180.0138367495724,182.45946105603005,32367600
2019-10-02,177.21200561523438,179.11843869411956,176.22027431159992,179.08955445746074,48544300
2019-10-03,179.1569366455078,179.2917346290321,175.06483716266814,177.19272066629293,39392500
2019-10-04,181.79507446289062,182.05504717329808,179.9367874720357,180.129353864537,31887600
2019-10-07,181.2462921142578,182.69056235563994,180.92855089812855,181.27517634373532,21216000
2019-10-08,178.5310821533203,180.88043109422628,178.38666098559196,180.1101505852914,32379300
2019-10-09,180.27383422851562,181.09226003044424,179.5035537135026,180.0427603583269,20147400
2019-10-10,181.66993713378906,182.3920722733874,180.16789839412482,180.32195741662295,25177700
2019-10-11,184.00967407226562,185.47320549328347,183.63416436399083,183.74007811206206,40976700
2019-10-14,183.99038696289062,184.57772408412708,183.56673203060518,183.74967526880806,14975000
2019-10-15,186.33010864257812,186.7633867451186,184.44292253327612,184.55845944278676,23234200
2019-10-16,185.86795043945312,186.33975068751613,185.28061327018165,185.69464505764043,20457100
2019-10-17,186.35903930664062,187.27374101590027,185.6465272394059,186.9848839782711,19045200
2019-10-18,184.568115234375,186.47454788578938,183.6245294340414,186.02200869043125,27700800
2019-10-21,186.2049560546875,186.3301308494928,185.00139746425907,185.55022723359556,15801200
2019-10-22,184.72222900390625,187.196738504794,184.66444583453915,186.93676566422684,22392300
2019-10-23,185.0784454345703,185.11695284887827,184.0481921263174,184.3466870276889,14828400
2019-10-24,186.87896728515625,186.99451891352024,185.5791326740632,186.3975437939635,18998500
2019-10-25,188.37139892578125,188.4676895088886,185.87762855723093,185.91613597534572,21507100
2019-10-28,190.22970581054688,190.48004076380016,189.24759766921687,189.24759766921687,18818700
2019-10-29,188.75648498535156,190.20075522190874,188.72760075597054,189.91191292809856,18569700
2019-10-30,189.67120361328125,189.98894483235495,188.03435223771197,189.12237386436942,21764300
2019-10-31,189.7578887939453,190.30670394495164,188.66024380005337,190.22005124087895,26801800
2019-11-01,191.48133850097656,191.4909763717817,190.28741787123877,190.5762601578681,22131900
2019-11-04,192.66567993164062,193.0796970666634,191.48136760892285,192.75233263080187,19015900
2019-11-05,192.77157592773438,193.09894033344315,192.13609347532764,192.90637390019546,15048900
2019-11-06,192.33828735351562,192.5693758936639,191.40432470508117,192.55011484234885,19725500
2019-11-07,192.9833984375,194.22547917446406,192.4249601605252,193.30113967970294,17832400
2019-11-08,193.753662109375,193.7729231595635,192.12644862754598,192.63677096034357,15258800
2019-11-11,193.4937286376953,193.5707434644845,192.51162063953097,192.77159342854944,10147600
2019-11-12,194.05213928222656,194.69725957264498,193.35890309677012,193.6573832566458,14778300
2019-11-13,194.10032653808594,194.2832698219291,193.2530311540095,193.37819127568153,15774600
2019-11-14,193.94625854492188,194.07143335270058,192.78122193609147,193.36855917676857,16945400
2019-11-15,195.37127685546875,195.37127685546875,194.49508261072606,195.12092724732602,18427900
2019-11-18,195.5253143310547,195.83341767925958,194.27361050400725,195.06313727093217,18365900
2019-11-19,195.81417846679688,196.26671770621292,195.06315902518696,196.26671770621292,16923300
2019-11-20,194.6394805908203,195.8911844068006,193.1663261179123,195.30384725348011,36629000
2019-11-21,194.20623779296875,194.56250117497174,193.59965417085004,194.42768849019055,17883600
2019-11-22,194.3313751220703,194.8031753521652,193.28187561605725,194.68762374348034,17189600
2019-11-25,196.63255310058594,196.6710605039361,195.14013778592997,195.16902201141124,17752800
2019-11-26,197.0081329345703,197.25846787524867,196.46894094426008,196.75779799389196,14780600
2019-11-27,198.385009765625,198.39464763941638,197.2777414787947,197.51845325348657,16963100
2019-11-29,197.4799041748047,198.1827782949043,197.3836136084885,197.88429810795287,9854600
2019-12-02,195.45794677734375,197.5569462472839,194.2832722272724,197.48955459506917,28007000
2019-12-03,193.927001953125,194.00403146985758,191.82798802482736,192.77158858589272,31104100
2019-12-04,194.9091033935547,195.3712805132966,194.62988423910446,194.9187412659735,15300100
2019-12-05,195.29421997070312,195.60232330970993,194.34099634101923,195.60232330970993,14962300
2019-12-06,197.38360595703125,197.52802710902944,196.56518025070247,196.71923927408528,16555300
2019-12-09,196.48818969726562,197.95170652451608,196.40152230348613,197.02738165381882,13984100
2019-12-10,196.32443237304688,197.2680326985471,195.8815311272503,196.58440509063362,21799800
2019-12-11,197.36436462402344,197.56656894889946,196.45928613607296,196.76740421362146,18780800
2019-12-12,198.83753967285156,199.61745812714477,196.89259920348647,197.16219520303966,32612000
2019-12-13,199.4922332763672,200.18548415617445,198.3079358116449,198.731576067637,32519400
2019-12-16,201.49497985839844,201.74531476951162,200.73432256114074,200.8017288979086,21296600
2019-12-17,201.61050415039062,201.91862219879607,201.2735018714318,201.75492530315745,15996100
2019-12-18,201.7646026611328,202.32305571425243,201.55277513436744,201.78386371589696,15443300
2019-12-19,203.0259246826172,203.09331633472368,201.831989080168,201.85125013443258,17865900
2019-12-20,203.84432983398438,204.62423349589235,203.4206748344595,203.98875099660503,27672600
2019-12-23,204.3827667236328,204.71084090811397,204.2090855872833,204.5661066278227,23774700
2019-12-24,204.4888916015625,204.652928678961,204.02572722280624,204.56608811864356,7089000
2019-12-26,206.2933349609375,206.31263777308507,204.788039535522,204.81698639187755,17067500
2019-12-27,206.11961364746094,207.03629827542053,205.56959403644794,207.01699546703531,18134100
2019-12-30,204.7687530517578,206.138958250341,203.7555689001787,206.0135120559961,21815500
2019-12-31,205.1547393798828,205.29947367579308,203.79417810339388,204.11260827812958,18170900
2020-01-02,208.58023071289062,208.58023071289062,206.4766659911793,206.8819366864673,30969400
2020-01-03,206.6696319580078,207.9144055144495,205.80119693274173,205.82049974238066,27518900
2020-01-06,208.00123596191406,208.0301828131006,204.79766173286254,205.0485393510555,21655300
2020-01-07,207.97230529785156,208.56091585733947,207.31615698824805,208.0784486683733,22139300
2020-01-08,209.5354766845703,210.49076693905388,207.6152668569054,207.94334098415996,26397300
2020-01-09,211.3109588623047,211.71622948458895,210.07584418761127,211.26270920456716,23547000
2020-01-10,210.77059936523438,212.1601071610484,210.39427556417888,212.1408190754667,21898500
2020-01-13,213.20223999023438,213.23118684260552,211.30131815797117,211.639051067274,22756900
2020-01-14,212.3627471923828,213.4531276870135,212.03467305684538,213.096091976007,24418100
2020-01-15,212.44961547851562,213.44349678125812,211.75486149861567,212.47856233403385,25742100
2020-01-16,214.48562622070312,214.5242318436061,213.0575273716458,213.5110477365037,18805000
2020-01-17,215.5470733642578,215.72075450690085,214.3312464708287,215.45057402474592,24325200
2020-01-21,215.45054626464844,215.99090715933454,214.8522916632074,214.94877626655557,21146300
2020-01-22,216.0198974609375,217.25501253256243,215.74971695925288,216.54097037399578,20736400
2020-01-23,216.714599609375,216.81109893274322,214.89087429805969,215.89441425566307,26496100
2020-01-24,214.89085388183594,217.9593524439156,213.89697278523317,217.72776292407227,37436500
2020-01-27,210.45220947265625,211.59082505647174,209.56445682161177,210.03728000274077,42264400
2020-01-28,213.6846923828125,214.17681828654543,211.37850005312148,211.93816369980627,26731900
2020-01-29,214.03208923339844,215.11281101105197,213.0864576779516,214.87157741970216,28924500
2020-01-30,214.7943878173828,214.8908724161766,211.9864253824741,212.65223242618745,39568100
2020-01-31,211.38819885253906,215.720745147228,210.63553642921312,215.69179829137678,52015800
2020-02-03,214.5821075439453,215.0742187666713,212.27591501404694,212.42064927845757,25408600
2020-02-04,219.4935760498047,219.86989978582173,216.77245463266073,217.51545806357072,30691200
2020-02-05,220.21731567382812,222.17613120098076,218.8953603430965,222.1375403059232,38534800
2020-02-06,222.1182403564453,222.17613406164182,219.98572896475244,220.76732343236472,22467100
2020-02-07,221.1629638671875,222.35948783634657,220.52610362277716,221.124372969222,25884900
2020-02-10,223.8358154296875,223.84545947234676,220.37170475394197,220.429598457356,21478900
2020-02-11,223.87442016601562,225.8139476926803,223.28580960536434,225.07094409755945,30198000
2020-02-12,226.05520629882812,226.1613496813036,224.63675142562508,225.19641519470187,24471300
2020-02-13,225.7657012939453,226.69203006669883,224.2121563309873,224.4823367833513,22773200
2020-02-14,226.41221618652344,226.6245029410099,225.36044118166936,226.12273291006633,23438500
2020-02-18,226.49905395507812,226.92362745880757,225.07095512558615,225.312188732366,24394500
2020-02-19,228.670166015625,229.1429892053056,227.57980007934378,227.84998055238086,22230500
2020-02-20,226.5472869873047,228.64119277356423,223.74898324361197,228.16838436217873,42604000
2020-02-21,222.1954803466797,225.80432609818962,221.27879547967115,225.41835817220684,66017200
2020-02-24,213.6268310546875,216.38654409000196,212.53645044645282,213.9066555585697,84522600
2020-02-25,207.81790161132812,216.13564553488902,207.210002996527,215.4215888312775,97743000
2020-02-26,208.88900756835938,212.555761457423,207.36440935624285,209.11095309502306,79537700
2020-02-27,198.4291229248047,208.83111528648146,198.29403268856464,203.5046729135161,121822600
2020-02-28,198.58351135253906,199.90546682811066,191.2210568394317,191.67457720562786,148173700
2020-03-02,208.83108520507812,208.97583418831206,198.71857758451108,201.55548686063614,112933900
2020-03-03,202.13442993164062,211.90921895185468,200.33965157230304,209.496883238967,131953500
2020-03-04,210.56797790527344,210.67412127416952,203.95817162817943,205.83980541531284,73086200
2020-03-05,204.1704559326172,208.77319691264753,202.73271317184086,205.23188960892767,78705500
2020-03-06,200.72567749023438,201.81604345591313,195.79486163877004,197.493141047038,89828400
2020-03-09,186.78236389160156,194.1062126505949,185.37355315132524,186.69550860323383,116424000
2020-03-10,196.95278930664062,197.13612922481283,186.88851441045097,194.05798569019325,100599200
2020-03-11,188.37448120117188,193.71056687159185,185.9717894173901,192.3596646982182,89168800
2020-03-12,171.10215759277344,184.090165059597,170.73547784621712,175.70488361477723,137820700
2020-03-13,185.59548950195312,187.66044864626937,171.88377914457774,180.51029552625965,134882000
2020-03-16,163.3634033203125,178.20408496662907,163.2283130879234,168.04332651100887,92054400
2020-03-17,175.7531280517578,177.92423016794092,163.82653983790948,169.31701821196467,121257100
2020-03-18,170.40744018554688,172.9355638876313,160.9510790522312,165.5924116849053,114156300
2020-03-19,171.43023681640625,177.0558057342062,165.61168397711026,169.52931500602483,120896500
2020-03-20,164.71429443359375,176.45754397954283,164.13534264435782,175.3671781508033,118983900
2020-03-23,164.83322143554688,168.45943612542942,159.4857499315032,165.27802884131347,124639800
2020-03-24,177.5975341796875,177.76192084536183,172.07601020978743,173.97131867334846,94881800
2020-03-25,176.28244018554688,183.2544361599916,174.03901426390547,178.3324561273083,88754900
2020-03-26,185.56549072265625,186.3584300991781,177.54914511996395,177.80055736478263,79887600
2020-03-27,179.18336486816406,184.2213777363804,178.56449146146073,180.759549545566,58845000
2020-03-30,185.7008819580078,186.13603956402304,180.18903808458396,180.8852725480803,49356900
2020-03-31,184.11502075195312,188.8049314821045,182.95463487952495,185.39145554019893,62659300
2020-04-01,176.29208374023438,181.4654902272188,174.8899500841224,178.67088751079135,53715400
2020-04-02,179.86993408203125,183.82493724323226,174.99630746560084,175.25739908499568,56465300
2020-04-03,177.3170928955078,180.89497055106096,175.30575032190822,179.42514044821738,47487600
2020-04-06,189.9943084716797,191.1256857001796,182.94495350791703,184.192364886487,64763500
2020-04-07,189.91697692871094,195.97034845202333,189.53018653170977,195.68991287235582,69904500
2020-04-08,193.9493408203125,194.52952641428732,189.694572688958,191.60921023275824,45940400
2020-04-09,194.22975158691406,196.51185021730672,192.46015684446024,195.67057303429524,68252600
2020-04-13,196.32810974121094,196.7052355030701,192.18939095538525,193.39812926328074,42853900
2020-04-14,204.86666870117188,205.48554221457852,199.60623645966132,200.3894966362266,63959600
2020-04-15,202.51683044433594,204.83761669349465,200.28308456141082,201.59819234273584,47036000
2020-04-16,206.21080017089844,207.29382520866037,202.7683150822041,204.70229679541302,64657400
2020-04-17,208.1834259033203,209.36315576375395,205.07939395070474,209.03438245972686,62863200
2020-04-20,205.71763610839844,208.75398674833977,205.55324943661512,206.31716570609163,38249100
2020-04-21,198.126708984375,204.1897443473563,196.9083061061406,203.6482319570299,72932800
2020-04-22,204.00604248046875,205.34049445523922,201.45318745597828,202.19777447502784,40089100
2020-04-23,203.57090759277344,207.36150976272882,203.164773226897,204.79897528657528,43278500
2020-04-24,206.7812957763672,207.22611800788738,202.58455951662805,204.0060370812345,34231900
2020-04-27,208.44451904296875,209.47920620475813,207.4195112317317,209.05372792346557,36451700
2020-04-28,204.51856994628906,210.1464639180439,204.2381490849467,210.1464639180439,46862800
2020-04-29,211.7709503173828,212.70893241928837,208.03836585400458,209.05370897778042,48716400
2020-04-30,211.68394470214844,212.7766341959323,210.17544152091165,212.6896085712704,43359500
2020-05-01,205.71763610839844,209.51790301781625,204.69261342622312,207.4195346707809,48795000
2020-05-04,208.11573791503906,208.33814164277166,204.1510701757507,204.4798582249158,32841000
2020-05-05,210.47518920898438,212.87332189854163,209.6919291403661,210.26245008477864,37783100
2020-05-06,211.7709503173828,213.7436047322021,210.91032923734747,212.15774067162778,36455200
2020-05-07,214.4978790283203,215.3778293304014,213.14408322762208,214.4978790283203,38624800
2020-05-08,217.4375762939453,217.5729544309424,215.13613320988495,216.1708205645206,31852300
2020-05-11,219.3811798095703,220.4061876114149,215.88067812664278,216.11276121115958,35714100
2020-05-12,214.78797912597656,220.57059439312937,214.7589705840935,219.98072944966086,41054100
2020-05-13,212.09971618652344,217.19576081656356,209.55654092372475,215.31013208403812,65521200
2020-05-14,214.50758361816406,214.54625676020297,208.86036055347728,210.77499831925687,51549300
2020-05-15,215.9000244140625,215.9580414970441,211.12308784714412,211.55823072461362,55747200
2020-05-18,219.92271423339844,221.13145275357965,218.02742049661526,218.81068069687527,42398100
2020-05-19,219.3715362548828,222.26284409531843,219.2264935350904,220.18380499593798,36237300
2020-05-20,223.7519989013672,224.10978077298142,221.90504294634235,221.92438689362402,37417000
2020-05-21,221.31515502929688,224.47721872460826,220.80265114277663,223.8003281910067,43642900
2020-05-22,222.07907104492188,222.28213081383024,219.99036774837126,220.90900589344216,28762400
2020-05-26,221.47955322265625,225.8600348619228,221.23780553697372,225.65696031370206,33055300
2020-05-27,222.6883087158203,222.8043576473141,216.54792588200723,221.14113226195565,55665600
2020-05-28,222.39822387695312,225.76334779720574,221.48925014585348,221.547267234203,42784300
2020-05-29,225.6569366455078,225.8890197112596,221.20877379345504,222.77530866584394,50691800
2020-06-01,226.33384704589844,226.71097283896603,224.341848510459,224.78667073682186,25776000
2020-06-02,227.85202026367188,227.91003734406564,224.35150394380872,226.7593160658992,33383400
2020-06-03,228.8770294189453,229.63128097885252,227.5812654319362,228.46121574842326,37228700
2020-06-04,227.27178955078125,229.94067817766654,225.966346396103,228.5288802265631,38716100
2020-06-05,231.77801513671875,232.36788008418995,227.85203505408757,228.4225560551362,47365600
2020-06-08,233.57664489746094,233.70234367563222,230.05679876158362,231.63298382797538,32937300
2020-06-09,235.2688751220703,236.1198170306861,232.53228926496288,232.71601988600437,35046300
2020-06-10,238.09243774414062,239.63962867787012,236.4388772492784,236.96106046033228,58084400
2020-06-11,226.29518127441406,235.54927515401135,226.23716418976267,234.16648545279313,72919400
2020-06-12,228.09378051757812,232.46456803955795,224.09043944339714,231.1978125307267,72034800
2020-06-15,230.8690185546875,231.54590906120876,223.8293277766536,224.76730989108535,45307400
2020-06-16,234.83372497558594,236.3228843362236,231.20750942472827,235.7330193497464,48890100
2020-06-17,235.5782928466797,237.39624026361216,234.71767162900375,236.33254448666048,34749300
2020-06-18,236.2164764404297,236.4582241046069,234.48556965716767,235.2591503784496,30578600
2020-06-19,236.1777801513672,238.8466687903855,234.4468587826995,238.58557720724193,49422100
2020-06-22,239.01023864746094,239.13615601135754,235.75549871937096,236.04608862126173,24068700
2020-06-23,241.04443359375,243.2820644461396,240.05639839968683,240.6085339751024,32767400
2020-06-24,236.07513427734375,241.5190679090298,234.5736892463909,240.28884994138588,46032400
2020-06-25,238.3224334716797,238.62271950550038,233.58562674080022,236.1622984838512,36940800
2020-06-26,232.6944580078125,238.2546422572769,232.1713666955086,238.0802735595869,52824600
2020-06-29,235.23239135742188,235.24208754067178,229.91438958326594,232.45230642585742,34377800
2020-06-30,239.84327697753906,240.3857311222954,234.98053769858723,235.1645878078653,38909200
2020-07-01,242.6427459716797,243.6404773249288,239.33956966043849,239.8820238197855,34689200
2020-07-02,244.28945922851562,246.3042992998255,243.82450068306434,245.09345897673776,31956500
2020-07-06,250.2952880859375,250.8183499236713,247.42799635489,247.44737394246968,34589000
2020-07-07,248.5709991455078,252.70724902603953,248.2707130799958,250.04340004637635,36578200
2020-07-08,251.84510803222656,251.87416701948237,248.46445108149072,249.8980967630213,30426300
2020-07-09,253.9664764404297,254.63486263950912,249.55902964849918,253.7630635507408,40312900
2020-07-10,255.7003936767578,255.9522579004297,251.13795603722204,253.8211673036568,32885300
2020-07-13,250.44052124023438,261.33808359357937,249.61714395012012,258.5483029012783,64108100
2020-07-14,252.2132110595703,252.62006644722487,244.8416140011681,247.9123035285186,72230500
2020-07-15,252.7266082763672,254.46054004688042,249.4234320406605,253.6274664602325,54523900
2020-07-16,251.0023956298828,251.64172298182658,247.61204212085593,249.9368500433099,47594100
2020-07-17,251.29296875,252.15507168272669,249.11345618188042,251.45762647846715,35137900
2020-07-20,258.4224548339844,259.0520860624318,250.68277082500842,251.93233709696818,40610100
2020-07-21,255.72943115234375,260.00127860647626,254.88669116589043,259.9915824259109,43243800
2020-07-22,256.63037109375,257.56031787936155,254.32492605858337,256.2235452413886,29865500
2020-07-23,249.92713928222656,256.93062080320516,248.51285649821116,256.22350897272884,51363500
2020-07-24,247.5539093017578,248.88098572304446,243.44674789955067,246.08152315604733,54054500
2020-07-27,251.97100830078125,252.35847126903911,248.41599787606515,249.20061999428444,36445700
2020-07-28,248.7647247314453,251.7094967264927,248.4741348733786,251.18640542044076,31302400
2020-07-29,251.63201904296875,252.49415166966088,249.83030256609203,250.3049425830365,27556900
2020-07-30,252.94940185546875,253.5112187811209,248.51286617706708,249.66558857637673,41774500
2020-07-31,257.4635009765625,257.6184921413594,252.67825592404859,257.57973695977466,53686300
2020-08-03,260.9409484863281,261.686815513983,259.4782438559781,259.6041759846218,32081600
2020-08-04,261.9096374511719,262.00651059948785,259.6913694693345,260.437236544452,24911300
2020-08-05,262.5586242675781,263.01390144695273,261.502774971057,262.3939665252811,21612100
2020-08-06,266.03619384765625,266.3655389060242,261.72558997716914,262.3649172886603,28048200
2020-08-07,262.9654846191406,266.2686608873376,260.8150308149184,265.4937052687015,44969400
2020-08-10,261.8418273925781,263.4595232663437,258.3158753186168,263.2560807832332,35088400
2020-08-11,256.8821716308594,261.96770045414144,256.3397175879649,260.67934993112084,43104300
2020-08-12,263.3432312011719,264.2925406753799,258.9939021343989,259.0423534851985,38773400
2020-08-13,263.94378662109375,266.2201424255956,263.0041734939043,264.11814050576146,31895700
2020-08-14,263.6338806152344,264.83502491643424,262.2389900118573,264.5637978303073,30799500
2020-08-17,266.6949157714844,267.1986148217318,263.67266234692346,265.3484468272583,24803000
2020-08-18,269.2618713378906,269.7365113597121,266.29773612438555,267.760440925066,23529500
2020-08-19,267.4504699707031,270.27897697672944,266.93707475348714,269.2231275511923,31999400
2020-08-20,271.16046142578125,271.644797632191,266.24928519801796,266.656140618478,27723400
2020-08-21,273.0396728515625,273.49495004233717,270.7051689211252,271.35419240813627,34748900
2020-08-24,274.7445068359375,277.0402552703963,272.4584250218504,276.31375110447743,36418500
2020-08-25,276.90460205078125,277.09834830220285,273.52394576262606,273.9695266670626,34866600
2020-08-26,282.8135681152344,283.0654323833306,276.87560194106163,278.15425652465717,42216700
2020-08-27,281.93212890625,284.6444297355855,279.665438726405,283.7919931766955,49482700
2020-08-28,283.3657531738281,283.995384359704,281.8158713275308,283.1720068574644,28021000
2020-08-31,285.6421203613281,287.45353300882533,283.4529112905165,283.8888256925662,36321000
2020-09-01,290.524169921875,290.6404058523058,286.52354913422124,288.2962061963474,36216200
2020-09-02,293.27520751953125,293.9920154946557,287.58910638132454,293.7789064261687,50836800
2020-09-03,278.4060974121094,289.26490515458613,275.5000806360954,288.76120622222834,110083300
2020-09-04,274.696044921875,279.87844701839646,263.2850877772221,276.6140264882772,123959000
2020-09-08,261.4931640625,269.50407532813335,261.21224074859913,263.69204008669124,99568600
2020-09-09,269.17462158203125,271.2766235915933,264.4474967635202,267.0048054272503,64837900
2020-09-10,263.80816650390625,273.35928915615955,262.08393128080337,272.1387528026445,69667500
2020-09-11,261.9774169921875,266.5979728970853,258.538612831365,265.56148651398627,71809000
2020-09-14,266.53997802734375,268.53544138210594,264.40888630791613,265.76502214685,38525200
2020-09-15,270.3177185058594,271.66418733601284,266.5108430555761,270.2886595162212,41849900
2020-09-16,266.0070495605469,271.5769145201731,265.6583417699996,271.11197079944344,42321000
2020-09-17,261.8514709472656,265.8036404369308,258.32549002044595,259.16823008769984,81570800
2020-09-18,258.509521484375,263.5659910853103,254.40236119419177,263.2754012766754,86251100
2020-09-21,259.1295471191406,259.26514587473577,251.9613481542995,254.247430248574,57168600
2020-09-22,263.94378662109375,264.52496623665274,258.18987193484554,261.53177297041685,41128900
2020-09-23,255.88453674316406,263.808270871674,255.00304120150253,263.624220727726,48837300
2020-09-24,257.0760192871094,260.2823230259315,253.03664179283612,253.20132913152597,70631700
2020-09-25,263.052734375,263.866415828578,256.0201616926969,257.57973998321154,55242400
2020-09-28,268.5159606933594,268.5159606933594,263.1592043100047,267.9153590640591,58438300
2020-09-29,267.3051452636719,269.00998848798474,266.7432987494569,267.9541391799654,27050000
2020-09-30,269.1358947753906,272.2840795923681,267.22760925771536,267.4988363056399,49380800
2020-10-01,273.4077453613281,274.0180136149203,271.0732416675465,272.96216439899547,50020200
2020-10-02,265.71649169921875,273.39805581194855,264.873751542491,267.372913026633,75497400
2020-10-05,271.38323974609375,271.7028886034737,267.57636463690346,267.6829044021858,28184600
2020-10-06,266.53997802734375,272.3810731020202,265.6584823416507,270.69559209945555,49704200
2020-10-07,271.1507263183594,271.9450150294887,268.5934176048838,269.1843229994561,27539700
2020-10-08,272.5940246582031,273.6208147398091,271.528479414595,273.5530005966869,25443300
2020-10-09,276.7593078613281,276.83681818670897,273.8532914516272,274.2407543939484,30201100
2020-10-12,285.30303955078125,288.1412421777684,280.4015602801821,281.44771331389154,79370700
2020-10-13,285.2934265136719,287.74416686320893,283.9275946816554,287.1048689994514,64240000
2020-10-14,282.9104309082031,287.0660433720436,281.16683258458767,286.09737106747224,36949100
2020-10-15,281.0119323730469,281.60280848044226,277.56346021814875,278.2027876933659,42514200
2020-10-16,279.4716491699219,284.0825091243024,279.1229117768664,282.65855968918424,40570700
2020-10-19,274.90911865234375,282.34854253581545,273.9307799741185,281.3895370951052,36756800
2020-10-20,275.5001525878906,278.6095830730802,274.08589899810164,275.64544755233146,32195400
2020-10-21,275.28704833984375,278.318998085002,274.80271207541693,275.7520217958477,29306100
2020-10-22,275.2772521972656,277.0208798529867,272.0225278716991,276.1199922615095,32196200
2020-10-23,275.8197021484375,275.98438942316955,272.9524408240638,275.84876113085744,24658500
2020-10-26,271.6835021972656,276.36217607257356,268.08973649237515,273.5336697084895,38421100
2020-10-27,273.804931640625,274.6283090553703,271.4220059225621,272.68126816050136,30559100
2020-10-28,263.1301574707031,269.9108635632085,262.8782932132911,269.30059528503784,53413500
2020-10-29,267.7314147949219,270.73427598912406,263.9826272715869,264.4476007282084,43246300
2020-10-30,260.9409484863281,266.61735396571,258.70331784183105,265.74555480941143,65838300
2020-11-02,261.5221862792969,264.95126530521964,258.6064728835072,263.3335989449673,39987400
2020-11-03,266.0458068847656,268.1478385110615,262.35516826386294,263.4400763697464,43604100
2020-11-04,277.92181396484375,279.7235305179656,273.0396965784712,274.7058143616717,75728200
2020-11-05,285.1675109863281,286.13618348470374,282.8523695256719,284.334437265725,52054200
2020-11-06,285.3804931640625,286.1069972899075,280.7502413844715,284.5086941253542,40959800
2020-11-09,279.549072265625,289.76858045552655,279.09379520516364,288.32523895321987,86537100
2020-11-10,274.5411376953125,277.679626732516,271.82883730675417,276.23631435258585,69024900
2020-11-11,280.6825256347656,281.1571656536971,274.502390958768,277.0693669206462,36102900
2020-11-12,279.3651123046875,282.9201529950376,278.25114496474237,281.65119452478615,34414600
2020-11-13,281.8157653808594,282.43572971092203,278.8516311363723,281.0795946908179,24806900
2020-11-16,284.0147705078125,284.31505659852326,280.90531069904125,281.5155790645298,30168400
2020-11-17,283.11383056640625,284.53777996995274,282.474503327923,284.2084349491943,21843500
2020-11-18,281.0214538574219,284.1793344205991,280.934276914218,282.5616685386046,28069600
2020-11-19,283.22039794921875,283.5303801648228,279.8009860799515,280.46937229917785,22718400
2020-11-20,281.2830810546875,283.8888120349206,281.19590409077864,283.14291540781056,25907300
2020-11-23,281.29278564453125,283.57883826388525,279.0454586359381,282.2808208265603,26875600
2020-11-24,285.24493408203125,285.7389664159662,280.55656368560454,282.35827997860764,24516800
2020-11-25,286.99822998046875,287.63755725057285,285.3611714164596,286.31048091962015,23326800
2020-11-27,289.6426696777344,290.766332921626,288.56742821683963,288.96458734660956,17163100
2020-11-30,290.233642578125,290.57268385708966,285.54527134088045,289.9624154672609,27836200
2020-12-01,293.95318603515625,295.5805774020807,291.4055740389792,292.5098742679092,27521300
2020-12-02,294.33111572265625,294.6701569761963,290.94076231032705,292.7812339647129,23620000
2020-12-03,294.7476501464844,296.2975319695526,294.02114581331523,294.64111036715735,22828700
2020-12-04,295.94873046875,296.09405495316247,294.1179553173772,294.7960081446695,19332100
2020-12-07,297.62457275390625,297.9926729683618,295.94875898444985,296.13280909167764,20851000
2020-12-08,298.6319885253906,298.9322745703319,295.39662662456385,297.14992110433025,18341500
2020-12-09,291.8707275390625,298.69985728234343,290.8051818076499,298.41896352343423,48839300
2020-12-10,293.04278564453125,294.1664492596553,288.75157368750206,289.8364821265079,27519500
2020-12-11,292.3937072753906,292.51963939028485,289.1195905342581,291.38627991776616,26760400
2020-12-14,294.5151672363281,296.4621786747672,293.5174358384453,293.5852204402451,28804800
2020-12-15,297.663330078125,297.663330078125,294.58292958627936,296.77213852291385,25709000
2020-12-16,299.3004150390625,300.0850373345108,297.0143327553648,298.0605155236534,25461900
2020-12-17,301.257080078125,301.489551966405,299.69753189169325,300.8986760631826,23730500
2020-12-18,300.3465270996094,302.2063908986977,297.97326817060343,301.8964086719276,41173400
2020-12-21,299.78460693359375,300.31833044507476,294.6219232768166,297.3973329206937,37095500
2020-12-22,300.5997314453125,301.521620106614,297.77578293111657,300.68706639542904,26176300
2020-12-23,299.0860290527344,301.007458230364,298.9307569630563,300.64840447959983,21201300
2020-12-24,300.40570068359375,300.85208928826177,299.2703164650731,299.3479376773623,16785000
2020-12-28,303.4334411621094,303.9089710536562,301.1820409369631,303.01616420054154,22497700
2020-12-29,303.7051696777344,305.384020951037,302.8026786529743,304.76293275220297,25871900
2020-12-30,303.7149353027344,305.1899756041934,303.09384699783345,304.86974730737415,18138100
2020-12-31,304.46209716796875,304.9473112092845,302.5406685180319,303.61782947449774,21611400
2021-01-04,300.16314697265625,305.96631832422975,296.1552737308526,305.7916187391102,45305900
2021-01-05,302.6376953125,302.9094436130417,299.17328947709655,299.17328947709655,29323400
2021-01-06,298.4454040527344,302.65705757637653,296.9315389010145,297.921364695567,52809600
2021-01-07,305.66552734375,306.50008149583766,301.0753906619004,301.10450232731927,30394800
2021-01-08,309.59564208984375,309.94501156793547,305.7624396631824,307.955616408928,33955800
2021-01-11,305.1221008300781,307.81017675092613,304.47190079215443,306.63596671659974,32746400
2021-01-12,304.6368408203125,306.2477256093225,301.9972748689268,305.1608507378906,29266800
2021-01-13,306.6941833496094,307.4899120873604,304.2972241457926,304.89888498304555,22898400
2021-01-14,305.0540771484375,308.14003137848067,304.57854724429166,307.14049162666987,23500100
2021-01-15,302.6376953125,305.8013004189801,301.3955485198215,304.8405860696371,35118700
2021-01-19,307.05316162109375,307.5577735764941,303.8604448492262,304.95703335116684,24537000
2021-01-20,314.19549560546875,315.13681204806176,307.1502077303495,310.67286647546683,30728100
2021-01-21,316.7088928222656,317.45614139482274,314.15669185783963,315.5346831419662,25130600
2021-01-22,315.7967529296875,316.8059769189991,315.1077275955915,315.670592527244,21609400
2021-01-25,318.4072265625,320.5518945042625,311.9053744915473,319.1835869990393,39080600
2021-01-26,318.8728942871094,320.00830794003383,317.54341282679263,319.12521501333896,25498100
2021-01-27,309.98382568359375,316.6215500084764,307.9750325074136,316.61186586622944,55264000
2021-01-28,311.8179626464844,316.76715185485585,310.5661021114875,311.18719030764925,42836300
2021-01-29,305.2578430175781,311.2356833198105,303.5110843851895,310.12938113488104,55259000
2021-02-01,312.88543701171875,313.9723117313327,306.67467355944177,308.70286470856337,35646000
2021-02-02,317.9898681640625,319.14467995579764,315.68995833829047,315.8549441435876,33930800
2021-02-03,316.7283935546875,320.43543677138626,316.670170225849,320.0666692786615,24824500
2021-02-04,320.4741516113281,320.56148658252033,316.8059347456866,318.12573230119,22350900
2021-02-05,321.56109619140625,322.5703498808603,319.78522549425804,321.4252516339507,22732000
2021-02-08,323.7154235839844,323.87069564867556,321.6096109896816,323.2496370050291,20462800
2021-02-09,323.6474609375,324.90900552724037,322.7740520206348,322.7837657777463,17597500
2021-02-10,322.9100036621094,325.53985595567383,319.75611181567257,325.0837534886612,28068700
2021-02-11,324.6858825683594,325.09347547871727,322.29863727946594,324.4432754971066,22046100
2021-02-12,326.50054931640625,326.66550551057117,322.79350683015826,323.84155615786074,20346800
2021-02-16,325.6174621582031,328.18909077277544,324.45293655928316,327.29628386492135,27080800
2021-02-17,324.0550842285156,325.7339356889627,320.40629430653246,322.63826733777404,31360300
2021-02-18,322.63824462890625,323.99683810078176,318.64976957687827,320.46449507390537,32236200
2021-02-19,321.23101806640625,324.11318998184765,320.21208066417364,323.98702962221535,39157700
2021-02-22,312.90478515625,318.1062646630494,312.70100358250494,316.84472019590913,47256900
2021-02-23,311.9732360839844,313.6423735997038,301.8031389399366,307.6257075368486,97241900
2021-02-24,314.5448913574219,314.8554354832777,306.6164800801491,309.3142692413958,58206300
2021-02-25,303.5791015625,314.44791142486315,302.03612396935614,311.88599586373965,110182600
2021-02-26,304.8503112792969,309.67331072300743,301.6867060539755,306.50973511280273,104739800
2021-03-01,314.0207824707031,314.3604381823733,308.5378703769804,309.8285265431935,49164500
2021-03-02,308.9842529296875,314.7388835576029,308.7319618013117,314.66126235235896,48370000
2021-03-03,300.01751708984375,308.8289900952509,299.95929378040034,307.8876737724334,86301100
2021-03-04,295.1071472167969,302.8123475533605,291.23511953573234,299.64874294131386,139131600
2021-03-05,299.5517272949219,300.45421828563053,288.65383910417154,297.72731779857696,121523700
2021-03-08,291.0701599121094,300.890885967631,290.6528830037879,299.00825338693573,88409800
2021-03-09,302.55035400390625,304.4524143771918,297.84380147433825,298.37752507610935,80391100
2021-03-10,301.6866760253906,307.1113652549474,300.99768040417115,306.81053492955095,76798100
2021-03-11,308.6349792480469,310.40113598574584,305.5393110589751,306.43208837867047,53484800
2021-03-12,306.1312561035156,308.819361034418,302.18163603796603,304.57856513949434,69315600
2021-03-15,309.4015197753906,309.5665055519443,304.8114146812217,306.45144023031384,42955700
2021-03-16,311.0998229980469,314.61279754853433,309.66360838343024,311.5947507990918,54925900
2021-03-17,312.38079833984375,314.27314497406195,306.34473439501846,308.0624110794946,78258700
2021-03-18,302.8124084472656,308.47970529373805,302.35630603181596,307.4995633846593,82718100
2021-03-19,303.8798828125,305.42286000553923,300.5027822145491,302.6474201176281,78446200
2021-03-22,309.5785217285156,311.64814852369597,306.2749056061327,306.2749056061327,56194800
2021-03-23,308.2279968261719,311.98829200966463,307.4118112528378,310.66685717260526,53455400
2021-03-24,303.0296630859375,309.63692665692946,302.88392094777663,309.5980522025797,64803700
2021-03-25,302.5049133300781,304.02072028195784,298.67662528605473,301.18347861884416,78729000
2021-03-26,307.0425720214844,307.36320469832293,300.8920170910733,302.29117115161415,63519600
2021-03-29,306.9551086425781,308.004481539224,303.6126177087931,306.508156265536,54608000
2021-03-30,305.4101867675781,305.9834588710033,302.70899076791363,304.99238280868605,44635700
2021-03-31,310.0838623046875,311.648210590427,306.85796477633806,307.1980495153089,55032500
2021-04-01,315.3697204589844,315.5057365886994,313.65960006811355,313.9122395765443,55685600
2021-04-05,321.6659851074219,322.43359992758764,317.6142052852297,317.857118740122,42172500
2021-04-06,321.4424743652344,323.3954780790689,320.6651336373876,321.35502909319854,33537200
2021-04-07,322.2198486328125,323.05548637256453,320.0336274456141,320.9664068494458,32046400
2021-04-08,325.58172607421875,325.76634265924423,324.2797136052363,325.07647679823907,29940800
2021-04-09,327.55413818359375,327.7582067939652,323.4829367889163,324.22137337771034,36664900
2021-04-12,327.1266784667969,327.54448245938073,325.241667834536,326.51453186474566,25833000
2021-04-13,330.9453125,331.41168737779753,328.4384289217473,328.6521939582454,30374000
2021-04-14,326.97125244140625,331.3145464152345,326.1550667510086,331.1882266680558,42564300
2021-04-15,331.9266357421875,332.3153209787676,326.6894372527501,329.84731205858145,36342800
2021-04-16,332.3153076171875,332.52907262770344,330.4399933489032,332.4513237225054,40860100
2021-04-19,329.27398681640625,331.8974338253998,327.35010195446523,330.74119328623317,34533100
2021-04-20,326.87408447265625,329.89591379832757,324.9016282875252,328.6133532160057,38081800
2021-04-21,329.67242431640625,329.85704090960644,324.5032190118415,325.59146651753497,36598100
2021-04-22,325.6983947753906,330.26515025266417,324.5421242776872,329.28379999053425,45936100
2021-04-23,329.79864501953125,331.11035352650896,326.329834897385,326.329834897385,36381900
2021-04-26,331.9461364746094,332.22792441669736,329.29351057380273,330.04170307667175,30812000
2021-04-27,330.508056640625,332.4513643729262,329.55585482941194,332.2375993362722,33187200
2021-04-28,329.3906555175781,331.18822107258853,328.7396343902418,330.1776927647546,33615700
2021-04-29,330.5760498046875,333.08290350684666,327.350152142513,332.66509949857345,37708900
2021-04-30,328.4092712402344,330.61494443026567,327.49591426024745,328.12751297701004,38263400
2021-05-03,326.6603088378906,330.36230761871025,326.21335637146564,329.61414483224644,29729700
2021-05-04,320.7817687988281,324.42547019708667,316.96314719753957,324.1048078686299,65147000
2021-05-05,319.7032470703125,323.69675958816697,318.92593589510784,322.8319734771702,46219300
2021-05-06,322.1129150390625,322.26838318331374,317.1963498806183,319.4408674680595,46814300
2021-05-07,324.7266845703125,327.10721838902833,322.2878242481722,324.89184909704045,53324500
2021-05-10,316.52587890625,323.5217668729857,316.3218103051578,323.346876345633,60700500
2021-05-11,316.0887145996094,316.88547788084816,309.97700352184944,310.6377506820967,71963600
2021-05-12,307.9073791503906,313.4749363063745,307.0425930569889,311.1526992022475,91164900
2021-05-13,310.28790283203125,313.2611609143748,307.9170653261402,310.85147860856483,69877800
2021-05-14,317.1380615234375,318.0513887100256,312.9502068469976,313.45548574247056,44370000
2021-05-17,315.2142333984375,317.118666668083,312.3381462653472,315.42799843449626,39395000
2021-05-18,313.0862731933594,317.3906921986347,312.8142113288673,316.16642863467996,36528500
2021-05-19,313.4457702636719,313.7469805449464,307.3340600565673,307.6838708153973,66319100
2021-05-20,319.5089416503906,320.364001834182,314.7089986232418,314.9324600445573,46466100
2021-05-21,317.74053955078125,321.48138320510816,317.3810323655102,321.06357916019977,50330400
2021-05-24,323.0845642089844,324.21168599974675,317.6335718206218,320.0335575189442,32475800
2021-05-25,323.5315856933594,325.3194252305108,322.3558928300333,324.6004108657114,31280300
2021-05-26,324.65869140625,325.1250662561818,323.5121470301397,324.2020129306778,25444900
2021-05-27,323.4440612792969,325.0570098443517,323.2400223221107,324.21167594063655,27931700
2021-05-28,324.4643249511719,326.05785131144694,324.1436922653949,324.64894153321643,29927400
2021-06-01,323.38580322265625,326.2716160019154,322.0351902976997,325.79548550801826,31145400
2021-06-02,324.0174255371094,324.8627596813174,322.2976088179456,323.8036604941181,22047900
2021-06-03,320.6457214355469,322.45298308679327,318.974475883176,321.18011911026565,37057800
2021-06-04,326.0870056152344,326.5339580391528,322.3752811601444,322.4433040394962,38736500
2021-06-07,327.05865478515625,327.11695163734953,324.8627078441473,325.5525736967801,32611900
2021-06-08,327.21405029296875,329.67233252305346,325.5330790212262,328.8075466533239,27282800
2021-06-09,327.291748046875,329.3613746619542,327.10713151719585,328.58406375462874,21485300
2021-06-10,330.702392578125,330.80926026802655,327.1850103982906,327.6319628649627,33702100
2021-06-11,331.5671691894531,331.5768952173148,330.0611174970947,330.7121090082984,21222800
2021-06-14,334.7444152832031,334.75411165619005,330.8092001288667,331.99461879216443,27827700
2021-06-15,332.5581970214844,334.70554334522507,331.8391531367006,334.39460705194114,35963800
2021-06-16,331.3435974121094,334.0933640014448,327.8845130331684,333.02453913098236,55399500
2021-06-17,335.5508117675781,336.56133969713864,330.28446647147786,330.3330372848415,59722700
2021-06-18,332.9177551269531,335.03595335090176,332.1695627033639,333.8894089528953,55414900
2021-06-21,334.9867248535156,335.30775908738457,330.891326696967,333.1092653548715,32992600
2021-06-22,338.1094665527344,338.5569374570642,334.4809830868212,334.7825427926649,28941600
2021-06-23,338.2747802734375,339.4226841604255,337.4382030490518,338.0510596927785,27188500
2021-06-24,340.36639404296875,341.89363781111194,339.665990462022,340.21074550421133,32581600
2021-06-25,339.94793701171875,341.1736502003883,339.34481772424994,340.9304550240276,28682800
2021-06-28,344.0822448730469,344.2184484175136,341.17364014927307,341.2320046149273,39130300
2021-06-29,345.32745361328125,345.3566358503896,343.0706246741043,343.90720192915234,29426000
2021-06-30,344.78271484375,345.56095734786953,344.1990403873894,345.1718212523517,32724000
2021-07-01,344.91888427734375,345.424719589771,343.0803143748116,344.43249389300144,29290000
2021-07-02,348.878173828125,349.19917847907755,346.5823953510962,346.8158532790617,32727200
2021-07-06,350.385986328125,350.6681011268903,346.7866847989338,349.4813071344415,38842400
2021-07-07,351.1252746582031,352.8860056968473,349.16997556649414,352.5844459954386,35265200
2021-07-08,349.00457763671875,349.8606295414184,344.77300465517175,346.05705282530545,50890000
2021-07-09,351.1836242675781,351.66027738441346,347.8372557675837,348.4209302151484,35184500
2021-07-12,352.5552062988281,353.0124144307922,351.00845880895133,352.5843885333402,25717700
2021-07-13,352.5552062988281,355.52217565956795,351.69915450392415,352.17580756325896,39723000
2021-07-14,353.18756103515625,355.5416741388079,352.3606913502208,354.89963519592567,35336400
2021-07-15,350.70697021484375,353.30430836032497,348.7030438738913,353.1000326773512,53391600
2021-07-16,347.86639404296875,352.5454669666396,347.51617754392333,351.56294893218956,47262000
2021-07-19,345.0162658691406,345.5123640143754,342.4578469740218,344.4131166849665,64404600
2021-07-20,349.02410888671875,350.47354310009524,344.16991143194593,345.95011731510454,42183700
2021-07-21,351.7187194824219,351.7187194824219,348.3723502439064,348.59610057614583,30259900
2021-07-22,354.04364013671875,354.05334775915543,351.9229550946191,351.9229550946191,30252200
2021-07-23,358.1779479980469,358.4600330913524,354.01444683189067,355.36659687870036,31960800
2021-07-26,358.4600830078125,358.8492191810334,356.6215422431084,357.4873019486043,28438100
2021-07-27,354.51055908203125,358.19740724269093,350.3567950589431,358.19740724269093,57933100
2021-07-28,355.87249755859375,357.44842788118666,353.3529980663052,355.6487769047167,42066200
2021-07-29,356.50482177734375,357.67214126410977,355.30829035865895,355.30829035865895,25672500
2021-07-30,354.6466979980469,355.2303724065707,352.54548793950926,352.5746701755898,36484600
2021-08-02,354.6759338378906,356.8938731759574,353.9657930700533,356.3101986792202,27334100
2021-08-03,356.8257141113281,356.9424430545556,352.1466409531741,355.33736071135064,35558500
2021-08-04,357.34130859375,358.2946444999458,355.6778616771782,356.7868163925877,29602200
2021-08-05,359.60791015625,359.84136806061525,357.44833548012485,358.15844650154094,21443900
2021-08-06,358.031982421875,359.3160602775365,356.92302768246975,358.34327942086856,33332100
2021-08-09,358.6935119628906,359.21879227433755,357.3899891192531,358.48920659929973,25960200
2021-08-10,356.85491943359375,359.50088450327837,355.66812562247975,359.20906212633037,35130800
2021-08-11,356.2420959472656,358.6156837906482,354.90939082350536,358.1195857036136,34249800
2021-08-12,357.526123046875,357.88604718975773,354.38403040361794,355.7362099532733,25969200
2021-08-13,358.781005859375,359.1117477542681,357.3801991945849,357.876326880381,19336200
2021-08-16,358.9366455078125,358.97553536255134,353.8003644256474,357.66230512268396,34856900
2021-08-17,355.7751770019531,357.1565092853994,353.3432246989245,356.18372836418797,44793900
2021-08-18,352.3510437011719,356.64101203370734,352.0203016804201,355.24020483586213,38541900
2021-08-19,354.0532531738281,355.72643715544734,350.16213039675193,350.41506287707335,48499400
2021-08-20,357.720703125,358.1195468253012,354.8120682739087,355.1233652624728,39486000
2021-08-23,363.0710144042969,363.76168050891255,358.7518649712199,358.7615725928064,34034700
2021-08-24,364.1799621582031,364.78308153545163,363.1974439996376,363.6643894950472,21732900
2021-08-25,364.5982971191406,365.1722640181932,363.6838806287808,364.4329409782633,20441900
2021-08-26,362.28314208984375,364.42324264904704,361.84537873002444,363.742313706678,29133300
2021-08-27,365.8045349121094,366.31037028862073,362.4289840296502,362.91537447561313,27104700
2021-08-30,369.90960693359375,370.39599729470694,366.5729464943046,366.5924211083726,27295700
2021-08-31,369.6081237792969,370.2209508241252,368.0613759863575,370.15287872153397,29628200
2021-09-01,370.2209167480469,372.2929446744101,370.0166410852395,370.6684173062737,28138300
2021-09-02,370.0458679199219,371.9038830992487,368.82989173085343,371.5731411382523,25453400
2021-09-03,371.18402099609375,371.5828647338186,368.87853497661405,368.89797990763077,24605400
2021-09-07,371.709228515625,372.36100466350325,370.133328491304,371.2909399288063,23970200
2021-09-08,370.41546630859375,371.534158274516,368.1489001406612,371.534158274516,32949200
2021-09-09,369.1412353515625,371.7482815051151,368.89804008305373,370.63932651791475,29399000
2021-09-10,366.3395080566406,371.57307336978687,366.0087661559658,370.85322509696016,40249400
2021-09-13,366.0866394042969,369.1022662665238,364.0340858632373,368.6742402764313,48741800
2021-09-14,365.0457763671875,368.30456868919237,364.0924403813574,367.57498300153435,41826600
2021-09-15,367.75982666015625,368.11004323972287,363.2072189342207,365.5029974158369,34097900
2021-09-16,368.0126647949219,368.5866018463548,364.50094071236344,366.427027501634,35193100
2021-09-17,363.6546630859375,367.58470615107257,362.6138101070301,367.5360789818689,60912300
2021-09-20,356.140380859375,359.5975697093395,351.4950526781873,357.8543531283974,76203200
2021-09-21,356.57861328125,359.1690828510137,355.448932811139,357.97122509015963,41927500
2021-09-22,359.9092102050781,361.36999924263114,356.39356246705603,357.49402829718525,46972900
2021-09-23,363.2300720214844,364.2623605576245,360.4253523309041,361.06810306998113,44652000
2021-09-24,363.5708923339844,363.98967443496014,360.5908851474939,360.9609564498394,36056800
2021-09-27,360.66876220703125,361.54522954681624,358.1172558472869,360.52268927037113,43338100
2021-09-28,350.4627380371094,360.6200833019486,349.9563419053026,356.11113975261696,97701600
2021-09-29,349.8881530761719,353.8712338755902,349.264898605271,351.7287613395752,58076600
2021-09-30,348.6026611328125,353.19927814411255,347.76515641372004,351.53398708928967,61384600
2021-10-01,350.7646484375,351.8066850595702,345.11627617776213,349.2259637636525,56375500
2021-10-04,343.4023132324219,349.4791866675768,341.1624483936474,349.1480780221825,76766000
2021-10-05,348.037841796875,350.28745440492406,344.2397964663913,344.4637650849642,47232900
2021-10-06,350.2680358886719,350.5407153415428,343.91845335494315,344.8241354962824,56806500
2021-10-07,353.4817199707031,356.1306185203988,352.7805400687299,353.3161508089224,39411200
2021-10-08,351.7191162109375,354.79651593402605,351.18347563024247,354.56276943415554,41822300
2021-10-11,349.021484375,353.7057457079708,348.93381087561374,350.1803497179044,34847200
2021-10-12,347.8041687011719,350.91075291923903,347.1614179154173,350.47253401065484,43905100
2021-10-13,350.58935546875,351.26132077765135,348.08652988167273,350.1121739119291,40120800
2021-10-14,357.04608154296875,357.26033180274175,353.5207152211108,354.18293248956167,43433900
2021-10-15,359.29571533203125,359.41257371328817,357.23113801027205,358.26342667115165,40419900
2021-10-18,362.90869140625,363.12294165828496,357.3966437582866,358.00043181770434,34513500
2021-10-19,365.65496826171875,365.70364934087826,362.9573885840173,363.9799290049962,29091000
2021-10-20,365.17779541015625,366.7262282342256,363.697510154571,366.1126920790637,31390300
2021-10-21,367.40789794921875,367.6026817027361,364.07731569080005,364.37920970487227,25469300
2021-10-22,364.32080078125,367.1157724526557,362.65550955944025,366.151661174739,36275800
2021-10-25,368.0506896972656,368.9661199451462,363.7949287150079,365.7426475879739,32597800
2021-10-26,369.2095642089844,372.70571582455597,368.0312026781242,370.29056357749243,47191300
2021-10-27,370.0665283203125,373.13417912426553,369.3945630360395,369.6574943438663,45760500
2021-10-28,374.17620849609375,374.4294214156826,371.19620151872607,371.965558660674,38007000
2021-10-29,376.01678466796875,376.1823538189164,370.74823222404666,371.09880729218133,37310100
2021-11-01,377.30230712890625,377.4289135949788,374.371010801395,376.4550542803628,30765300
2021-11-02,378.8799743652344,379.357185663946,376.640109711893,376.68879079224985,25135300
2021-11-03,382.9020690917969,383.32082154186554,378.3249472974304,379.366954369954,33748900
2021-11-04,387.8102722167969,388.76466508058655,383.62268889248287,384.16804775184016,40265300
2021-11-05,388.18035888671875,390.5078673750393,386.77799898721173,389.5827187862258,43383800
2021-11-08,387.65447998046875,389.17369830448143,387.01172919418167,388.15115779710675,29256300
2021-11-09,384.98614501953125,389.1250478982593,383.62274766226983,388.72576193651963,50490700
2021-11-10,379.3279724121094,385.025025946136,377.39972016193104,382.21058782342465,54937400
2021-11-11,380.37969970703125,382.4832393574643,380.0388430087052,382.3079518165517,32243000
2021-11-12,384.3822937011719,384.91790445067977,379.931749380963,381.5288632455621,34730600
2021-11-15,384.29461669921875,385.88201216540347,381.85024998560954,385.5606516625978,33716900
2021-11-16,387.03125,387.52789812836994,383.3695288223204,383.5642828876192,27872900
2021-11-17,387.2357177734375,389.271080351987,386.27160647829044,387.35257614620315,28703300
2021-11-18,391.2480163574219,391.7544125493989,387.06043279958703,389.28083105645635,45721500
2021-11-19,393.42950439453125,394.7052580089626,392.0563588825438,392.88414543201867,45191700
2021-11-22,388.862060546875,398.02608139753113,388.75495027453326,394.96817822563435,61715400
2021-11-23,387.08966064453125,389.7677741026922,382.64886397876717,387.70316712665146,70098700
2021-11-24,388.3362121582031,388.6186100065078,382.27880505991624,384.6063137412448,46954400
2021-11-26,380.97381591796875,387.1480810569838,379.5811743642231,385.75543950323816,51533300
2021-11-29,389.2418212890625,390.25464327037014,384.8107734155601,385.5411678817304,54447100
2021-11-30,383.52532958984375,390.70266886623006,381.5094334278674,388.35566406293606,81332700
2021-12-01,377.0004577636719,390.01123520199883,376.53302425799205,387.86873256819564,77766500
2021-12-02,379.7175598144531,381.4997096161702,374.29315528664876,375.7149818298647,84416600
2021-12-03,373.11474609375,382.08398259178455,368.9953102494591,381.08090862703,105349100
2021-12-06,376.1044921875,377.4678893311039,369.3848389086152,373.6016665297025,67588800
2021-12-07,387.430419921875,388.04395601653675,382.7169446261442,382.7559073184568,56005300
2021-12-08,389.1639404296875,389.3684723018924,385.8625725191767,387.7616102364316,39204000
2021-12-09,383.4377136230469,389.7385858095231,383.24292983410317,387.9369397812112,49973700
2021-12-10,387.60577392578125,387.86870525421034,383.0773041195876,386.252095147971,52545800
2021-12-13,382.00604248046875,387.91734559606925,381.6359712068429,387.5959851172934,50166400
2021-12-14,378.05230712890625,379.89288631139055,373.60176164155706,377.1758097164662,75199200
2021-12-15,386.67083740234375,387.03119032125574,373.8451265926006,377.7989931184736,73858000
2021-12-16,376.7277526855469,388.0634899444793,375.1403571675507,387.63498944686694,82591400
2021-12-17,374.8482360839844,379.0163532479888,371.7903032138428,373.30952154428536,80492500
2021-12-20,371.21209716796875,372.00192850185783,368.0722631866322,370.11998617581565,65336800
2021-12-21,379.51983642578125,379.8318765326873,370.7341784892144,374.48830129360516,48899500
2021-12-22,384.14190673828125,384.34667007234117,378.56431540085174,379.2273784163325,37042200
2021-12-23,387.0379638671875,388.5103494206365,384.32717824113536,384.49292911590464,29595500
2021-12-27,393.43463134765625,393.43463134765625,388.30557923435623,388.33483113866913,32820700
2021-12-28,391.6111755371094,394.5072331846005,390.7335886228549,394.33172175330714,33113700
2021-12-29,391.5527038574219,393.01535875380046,389.1734495120229,391.7477364133884,32248500
2021-12-30,390.382568359375,393.52240182382957,389.7975004933809,391.3381504413039,23850100
2021-12-31,387.94482421875,391.0748972404404,387.44751205125,389.7097586762911,34752900
2022-01-03,391.679443359375,391.93297971200633,386.99895993684294,389.1149172009514,40575900
2022-01-04,386.5991516113281,392.2644985987434,383.4983306997785,392.2254861401049,58027200
2022-01-05,374.7223815917969,386.03358359272175,374.46884526130253,384.9121912126338,75739800
2022-01-06,374.4590759277344,377.70618586461336,370.6659404017519,372.8989347982169,70814300
2022-01-07,370.4027099609375,376.15584299963297,368.6280446441318,374.4689036474791,72652300
2022-01-10,370.646484375,371.1633176681869,360.1153811127312,365.4882095760822,91770500
2022-01-11,376.2143249511719,376.38007583133276,367.8284314531936,369.9151368337182,68295700
2022-01-12,377.70623779296875,380.4852879183951,375.4244998316744,378.7885880822106,54576400
2022-01-13,368.257568359375,379.7735375938323,367.3214773900778,379.0909532833851,77994000
2022-01-14,370.5489807128906,370.8805122336766,365.5271753703041,365.7319684702098,80121200
2022-01-18,361.3244934082031,366.85334186828857,360.5639140718845,364.72762394855044,75450900
2022-01-19,357.35589599609375,365.3614863819202,357.09259903955143,362.8847154743736,81791500
2022-01-20,352.7143249511719,364.56182268670506,352.1780301030194,360.583414788911,88610700
2022-01-21,342.93408203125,353.16290612795297,342.6512937420078,350.5203845165671,143388900
2022-01-24,344.5040283203125,345.16712126556564,325.8308036738565,337.2980294800405,198685800
2022-01-25,336.5178527832031,342.290476850048,333.17325593202776,338.03904116012035,124398400
2022-01-26,335.9913635253906,347.99488320728324,332.29571355089075,344.1237217742268,146559500
2022-01-27,332.60772705078125,342.52451051417944,331.5838507758371,340.70107218408737,95255700
2022-01-28,343.04132080078125,343.2558447119424,329.5361642262604,334.4896757779031,108167900
2022-01-31,354.0112609863281,354.5963289506498,342.768320498041,344.4065167497004,94326400
2022-02-01,356.419677734375,357.0730099109139,350.19854489470055,355.3568189163636,74433000
2022-02-02,359.3157653808594,360.8856969926452,355.2203498327421,360.554165478592,78777100
2022-02-03,344.74774169921875,352.9191116851506,343.68488272899515,349.6037665908934,95384800
2022-02-04,349.0966491699219,352.4022330042872,343.20701847113133,345.264471603546,86318300
2022-02-07,346.2884216308594,352.0610162014481,345.03053010727854,349.6915224478901,58198100
2022-02-08,350.1790466308594,351.2711574230751,344.0163874373138,345.1475106886193,64720900
2022-02-09,357.59954833984375,357.6775434895685,353.10430785431487,354.7034911226126,55766400
2022-02-10,349.5062255859375,357.36555483432466,347.66329605020667,350.56908448096095,112468500
2022-02-11,338.41937255859375,351.10547690030967,337.1907327922706,349.5062930928545,101569100
2022-02-14,338.838623046875,342.24175366712456,335.32827510931656,337.863519784711,80254400
2022-02-15,347.26348876953125,347.4975040024996,343.06079658335074,344.1236554434641,55128800
2022-02-16,347.17578125,348.1996277941473,341.97846408667095,345.01105077118837,58947100
2022-02-17,336.84942626953125,344.6599829891484,336.4301092602764,343.9579074658108,61801400
2022-02-18,333.00750732421875,338.17554244271076,330.6965174739159,337.78550710961883,80001500
2022-02-22,329.662841796875,335.4744776780711,326.0257262916301,330.0626376374052,85967100
2022-02-23,321.218505859375,333.6608023252314,320.9064656967874,332.8222278657884,86215400
2022-02-24,332.01287841796875,332.5492030316279,310.33635336792406,310.9019001294283,130614100
2022-02-25,337.16143798828125,337.36623109514375,328.99009779954196,332.812485851923,78842100
2022-02-28,338.1657409667969,339.8624405850019,332.82219505870216,333.9825701207413,77515500
2022-03-01,332.9880065917969,339.41393357869146,330.4624926900795,337.1419560500035,67407000
2022-03-02,338.575439453125,339.9113264907947,331.7692062903599,334.5384966675447,70609000
2022-03-03,333.73876953125,341.3250698452575,331.8763191899756,341.21779303888724,71089400
2022-03-04,328.90228271484375,332.8124558940744,326.58156219940497,331.37905306401075,76936300
2022-03-07,316.77203369140625,330.0529652120573,316.56727033709245,328.89258994129545,89933800
2022-03-08,315.2996826171875,324.9141876219053,311.97457653371237,315.9822371257894,116153900
2022-03-09,326.6499328613281,328.0053410968718,320.8968277944559,323.49060684149845,64723400
2022-03-10,323.02239990234375,324.2315480066354,318.57593205504054,322.5836213529435,69362700
2022-03-11,316.32342529296875,326.30850081785456,315.8358737651566,325.9964606981867,66228400
2022-03-14,310.2485656738281,318.45891709171076,309.54649025320623,315.0850687060095,79802600
2022-03-15,319.9801330566406,320.7602335296496,311.2822285265704,312.8911429753278,76471000
2022-03-16,331.84710693359375,331.9641145488613,320.22386443984647,323.90002231362257,105243000
2022-03-17,335.8645324707031,335.92303627927254,328.6487750885402,329.9456491888773,67810000
2022-03-18,342.7389831542969,343.03153194243146,333.0464558449214,334.2068309282822,85446300
2022-03-21,341.7862243652344,344.1293896826767,337.39283408690704,341.90340646677424,73799100
2022-03-22,348.50311279296875,349.37204175654097,341.90328685517403,342.2840317195784,63345900
2022-03-23,343.49468994140625,349.1865865649411,343.4361138007334,345.62306563264156,70615500
2022-03-24,351.1295166015625,351.1783499270223,343.26046865331375,345.41810314374703,53555300
2022-03-25,350.83660888671875,352.12534378436374,346.5310830658933,351.0709134882604,57584200
2022-03-28,356.26483154296875,356.36246837743397,349.5868832307335,350.8267846241636,56833900
2022-03-29,362.3960266113281,363.02084868248386,357.3875582425675,360.16027135895797,68073000
2022-03-30,358.3931579589844,362.19101311240286,356.90917945750704,360.53127640062945,68757700
2022-03-31,353.95098876953125,358.8911087475274,353.1113477366379,358.5396220981877,67011400
2022-04-01,353.2773742675781,354.9956576364543,350.094597783785,354.214622450109,54527800
2022-04-04,360.5508117675781,360.5605843894059,353.8533480010585,354.1169406391993,45950200
2022-04-05,352.5450744628906,359.8088135112853,351.40278018421105,359.0960974404359,62738700
2022-04-06,344.8908386230469,348.32743469763415,342.25479307972796,347.2242010427976,90077100
2022-04-07,345.7109069824219,347.90760149612674,340.4290734874535,343.8949573579129,63777400
2022-04-08,340.8782958984375,344.72495590571344,340.24370098034717,343.97320866977105,61956100
2022-04-11,332.81396484375,337.55881193351934,332.47225075995476,336.64107915742187,66107400
2022-04-12,331.4080505371094,339.452825914385,330.0314514853914,337.5685569875026,72790200
2022-04-13,338.14453125,339.1989315583572,331.02723233621174,331.7496912550013,61367800
2022-04-14,330.4121398925781,338.7498243741417,330.197350790889,338.23238196478735,73519400
2022-04-18,330.6659851074219,332.9603164358522,327.8346959294887,329.3577350678135,58560600
2022-04-19,338.0566101074219,338.63262858006647,328.9964679002591,330.021579966147,56515700
2022-04-20,333.1263427734375,339.32591008631806,331.9059566801375,338.867043723454,65500000
2022-04-21,326.2336120605469,339.6285713227388,325.3061364848996,337.01207062878166,75801000
2022-04-22,317.6908264160156,327.61012580245654,317.261248229607,326.38973999892653,82562100
2022-04-25,321.77178955078125,322.0842154673369,314.79118871006705,316.06040782310845,101755900
2022-04-26,309.6265563964844,319.89731322684804,309.3531613568277,319.7118121896965,105819600
2022-04-27,309.25555419921875,315.230558692566,307.5372413482148,309.7241633079819,111204200
2022-04-28,320.2389831542969,322.0744480305888,309.99748600830037,314.2249187957421,99450000
2022-04-29,305.8286437988281,319.477447630405,305.1940492199316,316.03107974761525,91977900
2022-05-02,310.934814453125,311.16911901360544,302.3139916989888,305.418646303666,115511800
2022-05-03,311.2667541503906,313.56108560786106,308.49404095301827,310.9543282083994,78185500
2022-05-04,321.7913513183594,322.4650067004025,306.4535500868213,311.7451265203297,116083400
2022-05-05,305.5846862792969,317.5444703269691,302.28475742390793,317.46637872443756,154607400
2022-05-06,301.9234619140625,307.62510107946713,297.8815296423368,303.5831986023181,139572800
2022-05-09,290.1101379394531,302.0211165594891,288.7140235832542,296.2901889871183,113387300
2022-05-10,293.6346130371094,298.5161565186702,289.5438772159953,297.29577064828,124124600
2022-05-11,284.9259033203125,296.8856838831957,284.05700414402463,291.3695461539237,140326100
2022-05-12,284.252197265625,288.74322206305123,278.18933017611266,280.6398739026935,120910900
2022-05-13,294.78668212890625,295.8215670757037,287.11287945019643,288.7140401872521,83684900
2022-05-16,291.3695983886719,295.099105126355,290.0906362541888,293.03907808120067,59190400
2022-05-17,298.9164733886719,299.29721832109993,293.4295929973151,297.2372210890729,62715300
2022-05-18,284.2425537109375,295.0893300011447,282.9831070369367,294.3961591068997,79477100
2022-05-19,282.719482421875,287.4155550483948,280.7668648686497,282.4363743287545,79920700
2022-05-20,281.8408203125,286.8395166559795,273.5714834943717,286.185406437798,91764200
2022-05-23,286.5270690917969,286.9078139664884,280.4837162540807,282.8854271550907,63648400
2022-05-24,280.43487548828125,282.01649066870726,275.56310506062295,281.30380445222414,73491100
2022-05-25,284.3596496582031,286.4391917235015,278.73610264157367,278.9411191031376,67144500
2022-05-26,292.2384948730469,293.79085205707304,283.2759873968097,283.55912528633024,59462200
2022-05-27,301.7770690917969,301.92350945921487,295.2553331764089,295.37248547034335,66985600
2022-05-31,300.9764099121094,303.9541391836755,297.119979076866,301.74770203807276,60968300
2022-06-01,298.75042724609375,305.2428733825598,296.5342174824388,303.11452781627554,65341700
2022-06-02,306.93194580078125,307.1076742229117,296.2120651321494,297.627724719994,59291300
2022-06-03,298.9457702636719,303.11459816641695,297.69609617562924,301.7087110930465,60914700
2022-06-06,299.9416198730469,304.9500892708516,298.37951968234194,303.38798908014667,51785000
2022-06-07,302.52874755859375,303.30981233197446,295.51885881198405,296.6123197001424,44900300
2022-06-08,300.3516540527344,304.3349808540067,299.5022403678184,301.72822324388414,38342100
2022-06-09,292.3068542480469,301.72822838598177,292.1408984338965,298.66263418961836,55900500
2022-06-10,281.99700927734375,287.8841497124189,281.547915605173,286.693051873079,85963500
2022-06-13,268.88525390625,275.65106783972647,268.0260972554114,273.1224312118994,94442000
2022-06-14,269.3733215332031,272.0581703041215,266.8642011675013,271.0818616601512,64697500
2022-06-15,276.1001281738281,280.0346516092351,270.0567740676047,272.80022932040725,86051400
2022-06-16,264.9604797363281,269.5198254950081,262.9004525180718,269.06095913223686,81910300
2022-06-17,268.1822814941406,270.623053629189,264.1013176350394,265.73173673628594,82703400
2022-06-21,274.94830322265625,277.2666273937209,272.5615586217738,272.6691446728486,51633700
2022-06-22,274.5473937988281,278.95899101050134,271.84759171182407,272.44427066046444,67472900
2022-06-23,278.6361389160156,279.48715550416625,274.19516849475104,277.0319004058705,57457800
2022-06-24,288.18316650390625,288.60380888432167,281.22828311811537,281.4630380453446,58422300
2022-06-27,286.07037353515625,290.1102547457504,284.9356747248623,289.54292026653025,54151500
2022-06-28,277.3547668457031,289.20058070782466,277.1689091845329,286.60839471236744,61609800
2022-06-29,277.6090087890625,279.1154226864243,274.71358831967274,277.217740593499,57302700
2022-06-30,274.1658020019531,277.74596413882557,269.7639677134483,274.6255503328265,79313600
2022-07-01,275.9754638671875,276.3667320740986,270.9867121364815,272.8648413222458,56675100
2022-07-05,280.70013427734375,280.81751177424275,270.7128675581098,272.2388347215084,61829300
2022-07-06,282.4999694824219,284.6030922560784,279.3600022856487,281.0816183732306,63194700
2022-07-07,288.5451354980469,289.2494301690379,283.3118377200295,283.3118377200295,56620100
2022-07-08,288.90704345703125,290.27649694994716,284.76930876058265,285.7083583197468,59895500
2022-07-11,282.7347717285156,286.71596439855057,281.8544106665278,286.4910008176907,55273900
2022-07-12,279.9958190917969,285.90406810505357,278.4013718871522,283.9868328073994,55797100
2022-07-13,279.4186706542969,281.7663097877222,273.91148173868027,274.47884602246756,73939400
2022-07-14,280.41650390625,281.2870736443386,273.6963431638955,276.8167578922293,63741800
2022-07-15,285.5029602050781,285.6105761191311,281.79562928076274,283.4096590286179,63818100
2022-07-18,283.0868835449219,289.69942721335235,281.91307883192053,288.2908376762683,59519600
2022-07-19,291.7926940917969,292.086167624126,285.1117009168479,286.7159094565525,55172600
2022-07-20,296.41949462890625,297.6030905008145,291.43074355509106,292.21330971772,67769400
2022-07-21,300.67462158203125,300.7333103156491,294.2185922174334,296.87925759821957,55049400
2022-07-22,295.4022216796875,301.81911599965474,293.5730196199814,299.74536757149906,57127700
2022-07-25,293.7197570800781,295.9011215492405,291.71448869296506,295.43158175019767,40582400
2022-07-26,287.948486328125,292.27207975536754,287.13660542612814,292.01774195027826,50074100
2022-07-27,300.1170959472656,301.80936763757944,291.94924091362884,292.51660523027056,69304400
2022-07-28,303.0516052246094,303.62873100713216,296.1456189431014,299.90184715853945,55139900
2022-07-29,308.578369140625,309.48810428309446,303.1690048760981,304.5971771053359,57501000
2022-08-01,308.39251708984375,311.8553019527591,305.7122985006147,306.8078614319243,46358800
2022-08-02,307.4730529785156,311.6009972228817,305.0373804943253,306.09383761286017,48676500
2022-08-03,315.8463134765625,316.6679856702518,309.0968100072378,309.1554987459406,53735700
2022-08-04,317.3233337402344,317.63636022868366,313.77251600725083,315.9245358005284,38973700
2022-08-05,314.7311706542969,316.7657832691667,311.4444818490799,312.2270182736027,53894000
2022-08-08,313.7138366699219,319.3481942233988,312.2465585446914,315.65065454189204,43878500
2022-08-09,310.16302490234375,312.07049844322415,308.53926334826303,311.81616067728,39764200
2022-08-10,318.82000732421875,319.11348089865317,315.0344340436592,317.5092422769354,51459600
2022-08-11,317.0102844238281,323.15328702100413,316.3059898014581,321.14801906173295,45897700
2022-08-12,323.1827087402344,323.37832792129433,318.0080992938017,319.0645264567088,40928400
2022-08-15,325.79449462890625,326.2933788391554,322.2143317388039,322.23391455605633,38266600
2022-08-16,325.0314636230469,327.12479483741953,321.9795297625626,324.8162616276614,41186900
2022-08-17,321.3241882324219,324.2000563744379,319.24064806301675,321.8915526151904,47842200
2022-08-18,322.09686279296875,323.2804586783301,319.6611908850164,321.27519070175407,41937200
2022-08-19,315.8170166015625,319.7102063828074,315.0540329597149,319.0548386895048,51770600
2022-08-22,307.5022888183594,311.78674482186176,306.6904082274669,311.55198992364586,51098900
2022-08-23,307.248046875,310.084778627086,306.4948249952328,307.2675998367647,39497100
2022-08-24,308.13818359375,309.9575940568266,306.16223003707927,306.76870019143814,38057100
2022-08-25,313.586669921875,313.60625273552847,308.87183886814546,309.91847458385456,38098300
2022-08-26,300.7333679199219,314.49644577468706,300.6453348026327,313.2932668013605,69047700
2022-08-29,297.7694396972656,300.5181384539001,296.6640853502917,297.9748502855104,48321900
2022-08-30,294.45343017578125,300.03889166535475,291.9297243630866,299.42262993675837,51184500
2022-08-31,292.7415466308594,298.25852685545806,292.63396056107246,297.35858311354207,50044000
2022-09-01,292.8687438964844,293.24045917695395,286.559465092028,290.2472138209721,57990700
2022-09-02,288.73095703125,297.12377344765076,287.1169274668483,295.7445286454748,64666800
2022-09-06,286.6571960449219,290.12977184154136,284.5247592120652,289.21027525272297,57005400
2022-09-07,292.4481201171875,293.4458585804801,286.8724508266732,287.136580016848,49260400
2022-09-08,293.96429443359375,295.2848508232154,289.00491665759165,290.37437038125944,55649800
2022-09-09,300.3909606933594,300.8898448162096,293.9642752414733,296.2238812009647,56125200
2022-09-12,303.9613952636719,304.2939747980016,301.4572424213073,301.770268989567,45905700
2022-09-13,287.2930908203125,296.4097569145106,286.4029384407446,295.2163694206984,79562200
2022-09-14,289.57220458984375,290.4525654242087,286.6669929401463,288.4375060148532,54907200
2022-09-15,284.7498474121094,290.0613883034131,283.1456086243914,287.65505997369297,65299400
2022-09-16,283.0086364746094,283.3999047048612,279.3893381781114,281.44353370174935,79920400
2022-09-19,285.2124938964844,285.3692884177583,280.30299815473745,280.36179236202804,52613800
2022-09-20,282.9389953613281,285.2320587347206,280.6361229867166,282.7037886705117,51271100
2022-09-21,277.872802734375,288.05443101646705,277.73562618226913,283.78186140172755,82931000
2022-09-22,274.4526672363281,277.3532903969599,273.2277383789933,276.34395021473557,62757100
2022-09-23,269.98419189453125,272.2772556596518,266.5641693943949,271.9832547222794,74815200
2022-09-26,268.8670959472656,273.8844019315968,268.0733440969204,269.51386225226963,71176700
2022-09-27,268.9749450683594,274.5900030694375,266.6524534864371,272.2381442796059,69780100
2022-09-28,274.3253173828125,275.6090406552918,267.4755235954847,268.9552175757997,79652100
2022-09-29,266.41717529296875,270.70933165301625,263.44794834472293,270.3271394183976,81216000
2022-09-30,261.899658203125,269.6706014623193,261.74286368510326,265.59403371024285,78482400
2022-10-03,268.04388427734375,269.64119660919016,262.1642245952563,263.6733456205309,61267400
2022-10-04,276.471435546875,277.17699598935957,273.3943989238036,273.3943989238036,66696900
2022-10-05,276.32440185546875,278.11768480207223,269.89597668018337,272.69859995415806,55766300
2022-10-06,274.14892578125,278.4802580821245,273.8255277704124,275.3248397061757,53489400
2022-10-07,263.7028503417969,269.6314976452281,262.3701113857654,269.5041001819117,71354700
2022-10-10,261.0667419433594,264.29076431482383,258.3523093129113,263.898763004657,60393000
2022-10-11,257.4801025390625,262.26223063656084,255.79459886380482,259.39100393970506,66522500
2022-10-12,257.39190673828125,260.0377356635743,256.69615537970924,258.11705519917336,50580200
2022-10-13,263.4283447265625,264.7512740604307,249.16035882083065,250.0423166943251,112894100
2022-10-14,255.51043701171875,266.35841781662543,254.92249488584287,265.76066668681835,77244300
2022-10-17,263.9477233886719,264.81985734029354,261.39005592604997,261.48805623327024,64576500
2022-10-18,266.0350341796875,271.6500904938322,263.34996903713596,270.98373618624925,69781000
2022-10-19,265.0649108886719,268.1909330831839,262.69346433762996,264.5161449146042,53115400
2022-10-20,263.7125244140625,269.3276102316729,262.5464194120329,264.1730989565768,60605500
2022-10-21,269.8959655761719,270.43492236653367,261.46844819142547,262.6051858763906,77897700
2022-10-24,272.8652648925781,273.796193224314,266.5152205874029,270.1606114079756,63963600
2022-10-25,278.5096740722656,278.89186630999666,272.32623430491844,273.80595824255005,59014500
2022-10-26,272.3556823730469,278.2843583301632,271.8657106363679,272.8750512177065,63492400
2022-10-27,267.3971252441406,272.6986221206552,266.8777564879459,271.23851616381444,57760300
2022-10-28,275.5796813964844,276.05006498977406,266.60339635332474,266.76999988808325,62651300
2022-10-31,272.375244140625,274.1489390687213,270.45453379748034,273.3257903097287,47742000
2022-11-01,269.59222412109375,276.4126519624979,269.2296498349258,275.8540770270768,45895900
2022-11-02,260.35137939453125,272.63007013502187,260.2827761728716,269.56284222469026,79803100
2022-11-03,255.2654266357422,259.1950089306886,254.88326429063474,257.73490294919344,70038900
2022-11-04,259.37139892578125,261.2626824156032,253.8837101799191,260.2043567551037,78313200
2022-11-07,262.2229919433594,262.7619786356463,258.2836311257995,260.41990008084724,47333800
2022-11-08,264.1339416503906,267.3775517798265,260.19455020333703,263.7419702874569,63213800
2022-11-09,258.0386962890625,263.1735899964773,257.7545043372061,262.3896472598714,64862100
2022-11-10,277.0789794921875,277.3729505321022,268.3574897439131,270.4741709477916,99256700
2022-11-11,282.1844787597656,282.85086296610285,275.55027304466245,276.89279064960306,66961800
2022-11-14,279.71502685546875,283.40940244818376,278.7350835242502,280.1265863075021,55290700
2022-11-15,283.5858459472656,287.3782222683791,280.2344262300605,286.34926371492554,73985400
2022-11-16,279.71502685546875,283.67400628713096,278.89187804590483,281.62592831354385,48859800
2022-11-17,279.09765625,280.5773802418302,275.0896916358312,275.2464861566308,55462100
2022-11-18,279.10748291015625,282.21388670262144,276.65762444048386,282.1159162882337,53588600
2022-11-21,276.23626708984375,278.8722873963505,275.4033091954977,277.7159613293996,40083500
2022-11-22,280.2148132324219,280.3715778517728,274.8349038986994,276.97120313245244,41873400
2022-11-23,283.02728271484375,283.65443099039385,280.05805517039937,280.2344378192571,46390000
2022-11-25,281.16534423828125,282.13547853360353,280.6753725892504,281.4299181627793,15498800
2022-11-28,277.03985595703125,281.2046163949533,276.1089274495054,279.1859349045422,38714200
2022-11-29,274.9427185058594,277.66695987831514,273.57080376892094,277.26517950794414,35618900
2022-11-30,287.47613525390625,287.5839445614341,274.35471078820217,275.20725662426463,74718100
2022-12-01,287.8288879394531,289.81817123216433,285.04585312980475,287.79949084273284,51547300
2022-12-02,286.6823425292969,287.56431524549333,282.5763785394577,282.7527910259911,53583200
2022-12-05,281.87091064453125,285.82986012151235,280.41077476341746,284.55594576895356,41482100
2022-12-06,276.0304260253906,281.85129171385455,274.6389232639916,281.7141152004968,53937600
2022-12-07,274.90350341796875,276.90259620106474,273.18860257643723,274.84470921012746,45614300
2022-12-08,278.1569519042969,279.127086341808,274.17838392348284,276.2558592349817,42594900
2022-12-09,276.3832702636719,279.9110728083961,275.9422837310181,277.13781598491073,47860500
2022-12-12,279.8522033691406,279.9110274820707,275.5208705922614,276.5596081309065,35732500
2022-12-13,282.8606262207031,290.9255703073844,280.17559116121214,290.7001725834761,80667700
2022-12-14,280.7635803222656,285.5652967825722,277.5101612050546,282.2726715576062,64984400
2022-12-15,271.3365783691406,277.33382798770094,270.14104606635226,276.6674436591362,60554100
2022-12-16,268.7494812011719,272.1988712513383,267.14235964810024,270.6603828200437,68300400
2022-12-19,264.9725646972656,269.1079946628101,263.73487046504596,269.0195922143792,44167900
2022-12-20,264.76629638671875,266.51477034022,262.2221704080176,263.80364197163163,51064200
2022-12-21,268.6070556640625,269.91348741137045,264.962740308283,265.807524803152,46394700
2022-12-22,262.0355224609375,265.7191076058468,257.8116601751859,265.5914051911551,60278400
2022-12-23,262.6249084472656,263.2928880952417,258.8627528218721,260.7683968653958,39373600
2022-12-27,258.9118347167969,262.12394033758375,258.3715875212446,262.0158729122166,38009000
2022-12-28,255.49351501464844,260.76840504120116,255.1300726816603,258.5091510930005,47139000
2022-12-29,261.72125244140625,262.6642420963149,257.60545647740287,258.30287372384885,45893600
2022-12-30,261.56402587890625,261.6917282999977,257.6447006809756,258.9511324212544,37858300
2023-01-03,259.7958984375,265.36546227249795,257.48751246640285,263.89202824546896,42335300
2023-01-04,261.0335693359375,262.7133057533719,257.8804288307471,261.91765375652096,47754900
2023-01-05,256.94720458984375,259.53063007109563,256.63289481761205,259.3636576885176,45396700
2023-01-06,264.039306640625,265.1591306398933,255.729148979067,258.6858488584928,54659700
2023-01-09,265.74859619140625,270.41447107881527,265.1395815287533,266.03343854839227,45568700
2023-01-10,267.998046875,268.1061143144533,264.2064235707528,264.7172033490731,35247800
2023-01-11,272.6343688964844,272.74243630189216,268.2828347206711,269.0686841056268,44077000
2023-01-12,274.1077880859375,275.13920972773764,268.89183485461996,273.19426632838184,60600000
2023-01-13,275.99383544921875,276.2394077827865,271.26902614954236,271.60300092594355,44802900
2023-01-17,276.5537414550781,277.84053805638007,274.6284328189318,275.7973594990596,36269700
2023-01-18,272.95855712890625,279.6479449041405,272.7522847682458,278.09591101359615,47754500
2023-01-19,270.27691650390625,272.4674326097556,269.03925227139626,271.3279733334232,44150400
2023-01-20,277.6735534667969,278.0075282572097,270.82699532060246,271.88788463329513,60613600
2023-01-23,283.84234619140625,285.07020798276574,277.722702208611,278.5183542512444,52799900
2023-01-24,283.26275634765625,284.4218505095714,281.70091998159967,282.22153210361853,44875100
2023-01-25,282.6341552734375,283.2529724484398,276.2001413661606,278.74426745370937,50872000
2023-01-26,288.1447448730469,288.321549755741,283.4101031669652,286.0622963157405,51596300
2023-01-27,291.0130920410156,292.97767100846545,286.7106593059651,286.8285292476767,56441900
2023-01-30,285.129150390625,289.16637565404983,284.7559055770718,287.7420439480691,49405800
2023-01-31,289.402099609375,289.50033454526135,285.0603972278785,285.16843467338794,46705100
2023-02-01,295.5905456542969,298.05607171572416,287.1231856674667,289.19583193314384,67562200
2023-02-02,306.1992492675781,308.1245280747307,301.2976348134695,302.1227543022491,83070600
2023-02-03,300.7573547363281,306.8573933607601,299.14641574356017,299.53932549956994,76170800
2023-02-06,298.2132263183594,300.4921448518524,296.8674946774453,298.13465635865975,40802300
2023-02-07,304.391845703125,305.5214725237731,296.9657401974093,298.0855345313347,67584000
2023-02-08,298.97943115234375,304.01858076064036,298.29184653267987,303.07559129467853,56720900
2023-02-09,296.3370666503906,303.51759995166015,294.8832974861869,303.37026253327383,49137800
2023-02-10,294.39215087890625,296.2290272961871,291.9855298114061,294.1760460076324,50050100
2023-02-13,299.1070861816406,299.69646574588944,294.618016971211,295.79677609970855,39636700
2023-02-14,301.31732177734375,302.27014384724765,295.58075435852487,297.52569847422205,64079100
2023-02-15,303.6256408691406,303.79261326970317,298.8124291004657,299.5000136519383,43100600
2023-02-16,297.9283447265625,302.96749383532796,297.7810073210326,298.9892340005614,59498600
2023-02-17,295.82623291015625,296.5825848377924,292.8204302156899,295.73783047527064,58230700
2023-02-21,288.8225402832031,293.43931228140923,288.68503536043335,291.9953457183186,46526700
2023-02-22,289.0386657714844,291.1112820869066,287.37859423090794,289.40210806549914,51389200
2023-02-23,291.56317138671875,292.84996821061094,287.3687761111517,292.69279829616124,69294400
2023-02-24,286.68121337890625,287.78137288707455,284.91307418898003,286.59281091597467,74332000
2023-02-27,288.7341003417969,291.2389259020136,288.1447208049551,289.8440919744796,48995000
2023-02-28,288.36083984375,290.8754980128921,287.7714602778689,288.10543503721385,48243100
2023-03-01,286.04266357421875,288.7242942474746,285.06037424872636,288.06617718656577,58287000
2023-03-02,288.4100036621094,289.2154882409043,283.262816311257,283.54768865782523,53565900
2023-03-03,294.37249755859375,294.60826741292226,289.6476876641079,290.15849736757355,60511500
2023-03-06,294.7064514160156,298.6159739722746,294.5100115246582,295.610170842958,56736300
2023-03-07,291.0916442871094,295.67894908673577,290.4826296406142,294.75559463008375,65955800
2023-03-08,292.5453796386719,293.14456166761,289.65744696387515,291.51395798219437,50876300
2023-03-09,287.4768371582031,295.6494926655165,286.66152011867,293.0464016130532,71456700
2023-03-10,283.4395446777344,289.1368401849636,282.290283068431,287.64374137344026,98593600
2023-03-13,285.5417175292969,289.2547703850332,280.1391256505903,281.6518597702146,97123600
2023-03-14,292.1033630371094,292.6534426444798,288.25280578551644,289.0975601907316,73602500
2023-03-15,293.6357727050781,293.9697475146975,288.04654343898625,289.4905101030698,83631500
2023-03-16,301.3761901855469,301.73963244522724,291.92657152549054,292.72222349319395,98198100
2023-03-17,299.95184326171875,303.674728065103,297.9970971669205,301.2877722844565,89923700
2023-03-20,301.01641845703125,301.3410626238647,297.12053833750207,299.33411136370137,56359500
2023-03-21,305.315673828125,305.76821814313314,301.43945898479984,302.9545351984438,49757000
2023-03-22,301.1639404296875,310.1461313695426,300.9967095272802,305.24674630503034,75791900
2023-03-23,304.73516845703125,309.06392675002587,302.0395384791688,304.90242937887336,74576000
2023-03-24,305.85675048828125,305.9551074840104,301.98053611385967,304.31216135449586,57195200
2023-03-27,303.7611999511719,307.6374139411915,302.90529001338837,306.5552168839652,50287400
2023-03-28,302.14776611328125,303.21029788017563,299.83580627406957,303.18078477684537,48585900
2023-03-29,307.6570739746094,308.27687909765626,305.0302879825297,305.8468671210992,53274300
2023-03-30,310.56915283203125,311.1988056823133,307.7456227608923,310.1362740033374,58354800
2023-03-31,315.73419189453125,315.9703267522427,310.49049687814465,310.7954756301641,62138100
2023-04-03,314.966796875,315.23244481650516,312.28101452245835,313.6091341359782,47126800
2023-04-04,313.904296875,316.42284833764353,312.6843519308902,315.40952513215416,45875400
2023-04-05,310.80535888671875,313.89450757376005,308.98530385219556,312.95005810540755,62795700
2023-04-06,312.90081787109375,313.39272296444466,307.75550980968626,309.1525034616404,46916500
2023-04-10,312.7237548828125,312.7729634087111,308.1785563967003,309.9690982316856,45134700
2023-04-11,310.7167053222656,312.74338158453696,310.2051349204636,312.6843253617337,40113600
2023-04-12,307.971923828125,313.2648269994035,307.5095318776062,312.6745349314112,62813300
2023-04-13,314.0026550292969,314.4748646204521,308.55233915122227,309.7328931526092,54613800
2023-04-14,313.412353515625,315.1733517684207,310.50025434878785,312.44820892374673,56278300
2023-04-17,313.6780090332031,314.0321962818214,310.9233527595124,312.9991776615612,43007000
2023-04-18,313.6976318359375,316.21621297443687,312.49741249810626,315.79315187054,46746900
2023-04-19,313.5500793457031,314.6126109678501,311.1594282311205,311.2873283359622,38960100
2023-04-20,311.159423828125,314.1010061038637,309.8706351373399,310.5789795342484,62462100
2023-04-21,311.48406982421875,312.26128813113644,309.0147271391236,310.7954208380183,59002300
2023-04-24,310.8348083496094,312.5958067847505,308.6605664449473,311.2578394804979,44043100
2023-04-25,304.9712829589844,309.87066806010336,304.87292596789285,309.2016843984731,57121600
2023-04-26,306.82086181640625,309.8411661347025,306.2994436461061,308.3654509330792,55400500
2023-04-27,315.16357421875,315.6652969580338,309.9493626303256,310.58886321956294,65430400
2023-04-28,317.3377685546875,317.42630785671025,313.7960463562758,314.9274219134559,59712600
2023-05-01,316.9737854003906,318.39047437701817,315.8915882622026,316.8753983835549,41013400
2023-05-02,314.209228515625,317.2295322858439,312.4678656786631,316.9048581872421,56519400
2023-05-03,312.1531066894531,317.2492356655561,312.04487196912623,314.5732710641641,59882100
2023-05-04,311.0511779785156,313.07782389691454,310.0181596069955,311.92675314544795,50224500
2023-05-05,317.6625061035156,318.5184162174425,311.0906308142083,313.31405158721833,51806100
2023-05-08,318.4494934082031,318.7938329476194,316.11786827688667,317.2000653906943,36465800
2023-05-09,316.4327087402344,317.6526237097807,316.11788228889895,316.7868659803596,31768800
2023-05-10,319.8760681152344,320.7319781995908,316.3933715432104,318.87256247963984,60446600
2023-05-11,320.91888427734375,321.45996785269836,318.8725423436506,320.426979200293,44278500
2023-05-12,319.76776123046875,321.8731290294451,317.7116019453039,321.4500679140584,48432800
2023-05-15,321.4992980957031,321.7354029027165,318.7150988111692,320.2400224191314,33375600
2023-05-16,321.8633117675781,323.5751317119794,320.74175385676267,320.7811146668355,40019200
2023-05-17,325.75921630859375,326.339660701836,321.7452840546371,322.92583823591684,47486100
2023-05-18,331.8096618652344,332.02610131442736,326.1330877081576,326.1527531040823,64213500
2023-05-19,331.0619812011719,332.73444053308907,329.99944936818474,332.0260959855992,61554900
2023-05-22,332.1736145019531,333.1869375756649,330.7962565176089,330.8061042248821,43015900
2023-05-23,327.9628601074219,331.6029688162419,327.60870294794546,330.45192802444745,48216700
2023-05-24,326.2805480957031,327.5201581801296,324.2243890026991,326.00508252399675,62891200
2023-05-25,334.219970703125,335.48909414755377,331.2193618866053,333.6493740514875,66862800
2023-05-26,342.7593994140625,343.59564392222364,335.14471959006306,335.24310659517005,63007000
2023-05-30,344.3138122558594,348.19984348948196,342.8872758390697,346.99959416646135,72652200
2023-05-31,342.3560791015625,344.9238391648621,340.90005931752535,342.72993175643774,65105400
2023-06-01,346.3109436035156,347.63906299227676,341.0475544651594,342.1002382975299,50488600
2023-06-02,348.908203125,350.0690916948379,346.31096039208313,348.07195863796505,53372100
2023-06-05,349.1542053222656,351.7121176370537,348.12121670643876,348.69181336527123,47266200
2023-06-06,349.0951232910156,350.0592678621732,347.21604266089565,348.5441921142105,41390400
2023-06-07,343.1726379394531,351.33824956141177,342.5429850794896,349.38047711755803,69225900
2023-06-08,347.4324951171875,347.8948870176242,343.2414849377276,343.4677420224423,47153900
2023-06-09,348.7607116699219,351.8695554670356,347.31450949252246,348.8886117981313,53196900
2023-06-12,354.6537170410156,354.7521040622906,349.44938288116003,350.423345337724,44606500
2023-06-13,357.3788757324219,358.21509032014467,354.2011582191671,357.40838883524145,57097800
2023-06-14,359.9761047363281,360.2614180680653,354.5848446759908,357.38867940442117,69525600
2023-06-15,364.2655334472656,365.7510662668436,358.08720728442455,358.70698242124115,71138800
2023-06-16,361.9732360839844,366.81359489534935,361.53053956140593,366.685694780993,80932000
2023-06-20,361.4550476074219,362.8539874538742,358.48973768510257,360.51916403560494,49204700
2023-06-21,356.52923583984375,360.74571751962696,355.6031834558307,360.31224491159173,53378300
2023-06-22,360.7358703613281,360.89346942572644,354.87415926141705,355.27807826755804,47603000
2023-06-23,357.15972900390625,359.4649985968141,355.4652534828781,356.8346095368209,48922900
2023-06-26,352.37188720703125,359.4256337248402,352.28322644860583,356.62778399956727,52685500
2023-06-27,358.4306335449219,359.1596721529209,353.18960689065034,353.91861543396186,49428100
2023-06-28,359.1300964355469,361.0806932425227,356.52926060666476,356.60809021252004,46498000
2023-06-29,358.41094970703125,359.4749390241703,356.76574983665876,358.8345611644624,46151000
2023-06-30,363.937744140625,364.9918422704973,361.78024178770016,362.09547007245277,58712500
2023-07-03,364.79473876953125,365.42522524890154,363.49432094593277,364.57800246559816,19432900
2023-07-05,364.78485107421875,366.48918779800874,363.18889752686977,363.228312324183,34460900
2023-07-06,362.0067138671875,362.45004768326476,359.11034243267966,361.07083034889985,49374700
2023-07-07,360.80487060546875,364.981968081345,360.5783031210823,361.78019913001515,47133700
2023-07-10,360.9230651855469,361.6028277308447,358.0168623354268,360.5290073491374,48498800
2023-07-11,362.7061767578125,363.1593416977252,359.2088425864313,361.34665187339306,38214100
2023-07-12,367.2872009277344,368.63686473866517,364.8045795508427,366.8143135072111,61975400
2023-07-13,373.52325439453125,374.35078484648756,369.8880130841644,370.469253637395,46960000
2023-07-14,373.4444274902344,377.17816043474403,372.56762108397237,373.9566996187592,55148500
2023-07-17,376.9318542480469,377.8086606163784,373.6808399896064,374.16355851415483,40868900
2023-07-18,380.0154724121094,381.3848587517647,374.3606656620196,376.2915701510062,55262000
2023-07-19,379.9267272949219,382.2221655977763,378.59675605453714,381.07937705383654,54093000
2023-07-20,371.168701171875,378.3997682616013,370.1441268783706,376.9318601692175,71941700
2023-07-21,370.0555419921875,374.28188551268835,369.6220693201008,373.55284689253097,60499600
2023-07-24,370.6465759277344,371.9765172240228,368.7846100094385,371.0307725057539,40380100
2023-07-25,373.1587219238281,374.823643918431,371.33617079820385,371.3558932300082,38894400
2023-07-26,371.9174499511719,373.61192570486145,369.61218004173713,372.11449390159294,47075700
2023-07-27,371.03076171875,379.0006983723137,369.7402051940931,377.3850524449378,63940200
2023-07-28,377.7890625,378.813606968329,374.57743217296263,375.08970440712716,56902900
2023-07-31,377.98602294921875,379.168226478944,376.66591271101356,378.0944061373745,44019900
2023-08-01,377.1092224121094,377.8677844219054,375.04038139985886,376.63633501755186,41060600
2023-08-02,368.8338928222656,373.63161494844036,367.5925821871892,373.63161494844036,72687100
2023-08-03,368.2428283691406,370.3707767884127,366.2527866651259,366.4202770315307,47666400
2023-08-04,366.51873779296875,372.4888017785362,366.01629684235684,370.1736710101142,61702800
2023-08-07,369.6220397949219,369.72056176974223,365.99665961314304,368.33148309942624,37230400
2023-08-08,366.4794006347656,367.1296096307511,363.34660007067083,367.10991726045603,44726500
2023-08-09,362.4501037597656,366.92273715325285,361.6915416246747,366.7651079956974,51150900
2023-08-10,363.11993408203125,368.8042935359375,361.59294889306045,365.46461848678524,72035300
2023-08-11,360.80487060546875,362.5387612582735,359.2778851314787,360.55858068613566,48707200
2023-08-14,364.8538818359375,364.972096183408,359.28773583483417,360.0068831368418,42130800
2023-08-15,360.9822082519531,364.67655689923794,360.31227684808397,363.878549931913,45539900
2023-08-16,357.15972900390625,361.9771432639788,357.0612070422234,360.440296868707,53190500
2023-08-17,353.2585144042969,358.9034897078548,352.84476421055285,358.55867783661154,62604300
2023-08-18,352.81524658203125,354.0762497897633,349.4459871947459,349.9878430661179,61191400
2023-08-21,358.4995422363281,359.1793047082573,353.82003453040886,354.2830607060029,50696500
2023-08-22,357.9873046875,361.12010503873574,357.2976809330937,361.11024382191454,44530200
2023-08-23,363.63226318359375,364.7258060263344,358.95275485634835,359.16949118146084,51770600
2023-08-24,355.85943603515625,367.2084664866337,355.6525608883655,367.1099745550995,66842500
2023-08-25,358.6177978515625,360.31227361851654,353.25852705676294,356.69675461100496,69960500
2023-08-28,361.31707763671875,362.2529610446752,358.84431787772866,361.54364506138256,40910000
2023-08-29,369.2082214355469,369.56289449537167,360.7949808052807,361.12007021749446,58492400
2023-08-30,371.2672119140625,371.8484825028727,368.3117332773397,369.31661525522287,41731500
2023-08-31,372.3804931640625,374.0848302124289,371.2771191466156,371.3460875388778,35730700
2023-09-01,371.9864196777344,375.17832724616864,370.4988190213584,374.75471582239464,39801200
2023-09-05,372.4592590332031,373.68084719136573,370.2524813112772,371.17853364558823,32344200
2023-09-06,369.1787414550781,372.02586745844275,367.1690372859027,371.6810555457438,42998700
2023-09-07,366.5384826660156,367.3167671772476,363.6716645886593,364.7159313717215,52060700
2023-09-08,367.05072021484375,369.2870515634828,366.0852831280039,366.4892021383954,35800100
2023-09-11,371.3756408691406,371.8879130726899,368.114764776567,370.085084110554,39936600
2023-09-12,367.2576599121094,371.3559275028514,366.97195520672244,369.7008365067179,41391000
2023-09-13,368.65655517578125,370.2623700891692,366.36114660051237,367.4940740958543,46300700
2023-09-14,371.671142578125,372.6563021545594,368.34132846411154,370.4101395228763,48039400
2023-09-15,365.3070373535156,370.73527649626243,364.371123685909,370.33135744312096,69811200
2023-09-18,365.6878662109375,366.8027128907005,364.0797266716834,364.36584496048613,36903500
2023-09-19,364.9084777832031,365.7076098566791,361.8796522113721,364.36586764726064,37621700
2023-09-20,359.64996337890625,366.32913780083436,359.5710196614612,365.97398139695105,45514200
2023-09-21,353.0595397949219,356.7493907409862,352.891837088586,355.96010412579864,69734800
2023-09-22,353.10888671875,356.9466893835174,352.7931720730554,354.80581530410115,51589700
2023-09-25,354.7860412597656,354.8748604610111,351.1554133948887,352.14199901740113,39168000
2023-09-26,349.45849609375,352.74384318235934,348.47191043969156,352.20120300770435,53657700
2023-09-27,350.27740478515625,352.19138350332275,346.64674642920926,350.61284031919894,56066000
2023-09-28,353.20758056640625,355.3386094390562,348.5015471820596,349.35987198322243,56453300
2023-09-29,353.46405029296875,358.08129428246383,352.23081815961984,356.6902048230615,64829600
2023-10-02,356.4139099121094,357.8148445501434,353.1187177466327,353.7303959780167,51625100
2023-10-03,350.15899658203125,356.1672996536703,348.5409816435932,353.967202787342,60478500
2023-10-04,354.9241638183594,355.7726129686008,350.53384592659546,350.9975423553701,54786700
2023-10-05,353.87841796875,355.3188246231154,350.3760508678176,354.91432088361586,45897400
2023-10-06,359.80780029296875,361.00156050479404,350.08992557305686,350.87918205349234,75049100
2023-10-09,361.64288330078125,362.18549343978765,355.9404186621356,357.44001821787253,45304800
2023-10-10,363.64556884765625,366.29948641928246,361.4750986752042,361.97823683847247,46968800
2023-10-11,366.2403564453125,366.42781014295076,363.25100288324836,364.977527913343,38215100
2023-10-12,364.9676208496094,368.7265097527362,362.57022495546477,366.7434930775793,49587900
2023-10-13,360.3800048828125,366.18113331979345,358.9790400127656,365.59905139951195,52469900
2023-10-16,364.4546203613281,365.5102742669237,361.5540560479042,361.7020378785472,44201100
2023-10-17,363.2608947753906,364.9578235144806,358.7817869219424,360.9029403187527,50999100
2023-10-18,358.49560546875,362.9747125332179,357.16370888408494,360.76477041882464,54280500
2023-10-19,355.1412353515625,361.110066452406,354.34210338885663,359.9163062538782,72274200
2023-10-20,349.84332275390625,355.2103517926349,349.6163971861062,354.6381151810378,72559700
2023-10-23,350.8989562988281,354.44079542083324,346.4099732076633,348.5212811005158,60665200
2023-10-24,354.3125,355.0820355824691,351.01730762849365,352.71423610627215,47082100
2023-10-25,345.6404113769531,352.0926899278024,345.0583294591845,351.9151117376095,71190500
2023-10-26,339.0500793457031,345.3740979311806,337.7576543574855,344.4368293787132,78621400
2023-10-27,340.6778869628906,344.1605330884445,339.4643757795305,341.7828580689399,63476700
2023-10-30,344.5157470703125,345.837768328279,341.8026363276884,343.1640993367296,55298500
2023-10-31,346.1632995605469,346.538206922003,341.97031057999595,344.5453147631418,47671900
2023-11-01,352.1716003417969,352.7339613805183,346.90323665636424,347.0019012416459,58992700
2023-11-02,358.5647277832031,358.8014987288372,355.4668340728547,356.69022087778205,58162400
2023-11-03,362.77740478515625,364.0698295917299,359.6301941195656,359.85711966043,53280500
2023-11-06,364.2572937011719,364.8196547697104,361.9881586604035,363.5469508009669,38848700
2023-11-07,367.700439453125,368.5686094295307,364.099378178354,365.3030137305222,50777400
2023-11-08,367.9372863769531,368.7758902732475,365.6484002460484,368.0753927235694,35663400
2023-11-09,365.1057434082031,369.7722740677285,364.6124506038928,368.62786125694754,53859400
2023-11-10,373.31414794921875,373.4621297708735,366.2995085207451,366.83227318690604,58309800
2023-11-13,372.1499938964844,373.2056478510393,370.20641880868595,371.73564475146736,40733500
2023-11-14,380.16107177734375,381.07861940220005,378.03991844777033,378.56280768816015,67792600
2023-11-15,380.4471435546875,382.54857575136936,379.0856505760934,382.0552829393108,54141400
2023-11-16,380.77276611328125,381.0095370486171,378.4148118188048,379.6776403209401,45343500
2023-11-17,380.8615417480469,381.8777237872097,379.1350168197854,380.0426587786193,46571900
2023-11-20,385.49847412109375,386.15949976599205,380.87138493142095,380.87138493142095,44429600
2023-11-21,383.2590026855469,384.0088175589976,381.51275658671653,383.7917674697466,43337000
2023-11-22,384.82757568359375,387.79720796616436,383.82126921327625,385.33074397285407,44121000
2023-11-24,384.2850036621094,385.0150674417227,383.28854247561634,384.4231100031308,15718800
2023-11-27,383.94952392578125,385.90294410752415,383.07144830647866,383.7916666197874,34139700
2023-11-28,384.95587158203125,385.5379535243204,382.8445637601163,383.199750263669,35491100
2023-11-29,384.58099365234375,388.85292686435287,384.2356826138443,387.4223654655157,38811700
2023-11-30,383.61407470703125,385.31100318364287,380.6444724541138,384.847306736307,52834400
2023-12-01,384.70916748046875,385.3011248255,380.891086261909,382.5485427414355,40490100
2023-12-04,381.13775634765625,381.41399911142213,377.5268494374432,380.9108308206259,51186900
2023-12-05,382.09478759765625,383.28854787502587,379.0560867539073,379.2336950637311,42933000
2023-12-06,379.884765625,385.1334081378021,379.53948475848085,385.0347435581385,41994100
2023-12-07,385.1925964355469,386.0213247004298,381.7691433071723,382.8642689449048,49593500
2023-12-08,386.90936279296875,387.35330833386587,383.2688588165675,383.4563125254604,46687500
2023-12-11,390.21435546875,390.48075287034135,386.2778882587971,386.4850628203195,41198000
2023-12-12,393.3221130371094,393.44049849740657,389.11924854733235,390.25381601945304,39221200
2023-12-13,398.3240966796875,398.9357749899192,393.48983282234684,394.25936845589735,55408100
2023-12-14,397.97882080078125,400.8497586985173,394.9697163446134,399.54748845405163,55447800
2023-12-15,399.9026184082031,401.08653321564685,398.15637267001773,398.7581754565287,62896600
2023-12-18,402.4214782714844,403.32106810890696,399.9698779982255,400.2960882974324,46610000
2023-12-19,404.4776916503906,404.5963135772039,402.6884071948224,402.8762353017246,35711900
2023-12-20,398.4672546386719,405.7727000758011,398.28932174752657,403.6769655756174,54042400
2023-12-21,403.10357666015625,403.46936781901707,399.84135305832086,402.4017101602885,45568900
2023-12-22,403.7066345214844,405.27843544904323,401.8283835483958,404.31953461254375,34314000
2023-12-26,406.17803955078125,406.85025063108554,404.46782619778907,404.56668786685634,22722500
2023-12-27,407.0048828125,407.2917233807638,405.60038123595757,406.46090294074895,31980500
2023-12-28,406.8070373535156,408.4093661852089,406.45098440261324,408.1620971301231,27029200
2023-12-29,405.0465087890625,407.14337586500994,403.1276983841628,406.7872927071273,42662100
2024-01-02,398.1921691894531,401.6539357629906,395.8678341675219,401.40666672202366,58026900
2024-01-03,393.9787292480469,396.61957611570585,393.543563467669,395.56125728435336,47002800
2024-01-04,391.951171875,395.2250121545766,391.733573872239,392.10942771193663,39432800
2024-01-05,392.41595458984375,395.19525610049453,391.0213536243949,392.11924382451764,44922800
2024-01-08,400.5264587402344,400.81326913387153,393.4941105693252,393.6424659771053,42473800
2024-01-09,401.3177185058594,402.24745266525576,397.3218417048927,397.5196690433994,39132900
2024-01-10,404.0376281738281,405.0464750326956,400.7440177050181,401.63418024922,33962800
2024-01-11,404.8783874511719,406.708184634018,399.82419188723105,405.3135834357692,54536200
2024-01-12,405.0860595703125,406.75760081880935,403.6914584596855,405.9168799839222,39595000
2024-01-16,405.0465087890625,406.6290368796475,402.38589117147103,403.84973493749936,43903000
2024-01-17,402.7617492675781,403.137603088809,398.5186336985363,401.73313165435087,54386000
2024-01-18,408.4786071777344,409.0621585664853,404.69045826966845,406.0355875350851,59562500
2024-01-19,416.57916259765625,416.73741843300735,410.10072469160826,410.68427610584496,70325100
2024-01-22,417.1231384277344,420.09036718235046,416.51978621850566,418.7847792861086,44880600
2024-01-23,418.85400390625,419.07160187962575,415.9757885155932,417.81545577614327,33003800
2024-01-24,421.1783447265625,425.1544507438239,420.6838065798753,422.77077325468605,46948000
2024-01-25,421.69268798828125,424.35330565914444,419.3485819787149,423.6807108328353,44367200
2024-01-26,419.180419921875,421.55419698030596,418.52762594856927,419.80354281385837,37137000
2024-01-29,423.47296142578125,423.6707887359302,418.98254710644517,419.6353410088851,38694700
2024-01-30,420.65411376953125,423.00812005564006,419.74418052978876,422.43446911616866,36739000
2024-01-31,412.4151611328125,418.25070547983444,412.23713463649926,416.2527821469301,64010600
2024-02-01,417.271484375,417.7660224895652,413.2459368782287,414.21524244909244,51008600
2024-02-02,424.3235778808594,425.5401222535856,418.17152288840373,419.17046929608966,59602400
2024-02-05,423.76971435546875,424.917016197254,420.3573893564207,424.38293677635033,39889200
2024-02-06,422.91912841796875,425.52040389751744,420.5750224334973,424.9170516631162,35846100
2024-02-07,427.27099609375,428.1018164370892,424.40268129751036,425.7082690588471,37712700
2024-02-08,428.0623474121094,428.8239253093951,426.70731768816063,427.3897525769773,29889900
2024-02-09,432.2757263183594,433.0670053617613,428.40846507103,429.19971393022274,36943900
2024-02-12,430.5843811035156,434.3428883534649,429.9019161871466,432.1669088832728,33203300
2024-02-13,423.86859130859375,426.55887976645755,420.6837647532125,422.61247540721484,64491700
2024-02-14,428.4876708984375,428.9129664979706,424.19508302786244,426.54908964364586,45092700
2024-02-15,429.7635192871094,430.228386319258,426.61823395817083,429.1799679376821,38796100
2024-02-16,425.8665771484375,430.23827736206954,425.1544410261166,430.1393938823627,53716500
2024-02-20,422.65203857421875,425.38186829343545,418.8737603394613,423.86858295223385,53999500
2024-02-21,420.9607238769531,421.04976730062936,417.0242197609672,419.91230547764127,49779000
2024-02-22,433.2846984863281,434.3232166151305,428.9723097592495,429.7437881308725,53887800
2024-02-23,432.00872802734375,435.7771061666254,431.0295521880033,434.847372066645,39853900
2024-02-26,431.7812194824219,433.80884388017813,431.5932925825271,432.81976764250527,33043200
2024-02-27,432.81976318359375,433.20548721652256,430.2778300347507,432.8890057637283,33713200
2024-02-28,430.51519775390625,431.899928616804,429.55579260792126,430.673453572072,32938800
2024-02-29,434.2044677734375,435.2825572489929,430.2679334863053,433.44288993773637,42495200
2024-03-01,440.74224853515625,441.701653694709,435.0352895003345,435.0946316599595,43853000
2024-03-04,439.1696472167969,441.1676006577686,438.92237814215883,440.74227490938915,34325700
2024-03-05,431.2867126464844,436.13321070998603,428.9129355407324,436.1233102879435,57917100
2024-03-06,433.99676513671875,437.1617909455897,432.11752634641863,435.5100505533122,46234500
2024-03-07,440.58404541015625,441.8401614320141,436.04415867740255,437.58714545912426,44526700
2024-03-08,434.2242431640625,443.7391820165276,433.5516785602011,440.94007933389213,72096000
2024-03-11,432.6120300292969,433.8681458685236,430.6833194707265,432.73071433735504,45860000
2024-03-12,438.8135681152344,439.169621073095,431.69220711590737,434.92650573753195,55300900
2024-03-13,435.4408264160156,437.8344042624904,434.32316540516723,437.8146034192605,37928700
2024-03-14,434.3429870605469,437.2014019124932,431.6230271967828,436.6771926733909,52195200
2024-03-15,429.17999267578125,434.07590215099276,428.01285972544184,431.3065006408254,73069800
2024-03-18,433.2732238769531,436.7989886672768,433.03551115320687,434.5112039360309,47323800
2024-03-19,434.35272216796875,434.7587832386347,429.16308940736616,431.2627288951289,43004100
2024-03-20,439.5027160644531,439.83944301231867,433.84763163932234,435.55109340295667,43653500
2024-03-21,441.5825500488281,445.01918405535713,441.38449136499906,444.563615836014,39345700
2024-03-22,442.087646484375,443.1869582956942,440.2158060824554,441.06755210012795,28253900
2024-03-25,440.48321533203125,441.9687913921321,438.28456155411703,439.2848288821818,27789200
2024-03-26,439.05706787109375,442.9294731649867,438.8292686570567,442.0083930206614,34142000
2024-03-27,440.5525817871094,442.2461604974196,437.68047370800286,442.1471160345277,41359200
2024-03-28,439.7404479980469,441.35477889519336,439.3838940102981,440.50303286410514,36839600
2024-04-01,440.6714172363281,443.2265949148535,438.75995295363714,440.69121403763677,38729000
2024-04-02,436.86834716796875,437.18527735648325,433.81797721986425,435.8482526807904,44259700
2024-04-03,437.84881591796875,439.7305396599772,434.7291120530437,434.7389953416227,39949800
2024-04-04,431.1537780761719,442.6521523298876,430.9259788696009,442.03808884575557,57267700
2024-04-05,436.2344970703125,438.90854629943993,431.7678549915394,432.5799772284299,54744600
2024-04-08,436.3632507324219,438.2449745217014,434.9767190047488,437.1654594542943,28144900
2024-04-09,437.9775390625,438.9778063771881,433.233591111265,438.7005000586426,39443600
2024-04-10,434.1546630859375,435.01629239724105,432.0847639914861,432.7978417360344,61502200
2024-04-11,441.08734130859375,442.0381015377106,433.7485918413182,436.0264933000666,45474600
2024-04-12,434.05560302734375,437.98742888142436,432.67898492607605,436.8584067905544,53665000
2024-04-15,426.9150085449219,437.8983656371331,426.0731759346104,437.8092346865063,63453600
2024-04-16,426.95458984375,429.5890151660871,425.5680581541315,426.7565009348942,47619000
2024-04-17,421.74517822265625,428.95517354728304,420.8142147138504,428.9353767451836,56880500
2024-04-18,419.33856201171875,424.1221042195833,418.7641222717654,422.3889319346268,46549400
2024-04-19,410.6627197265625,418.6848361747347,409.09792630452273,418.15993386348043,75231000
2024-04-22,414.79266357421875,417.12995547253286,409.9595844753255,413.2971739563557,47807700
2024-04-23,420.98260498046875,422.18096135938487,414.8422110574605,416.7239349293094,44384700
2024-04-24,422.40869140625,425.5977291095179,420.1209067739188,424.08244279168656,48440300
2024-04-25,420.3685302734375,421.2301595778061,414.11920921453924,415.2086075113914,57392200
2024-04-26,426.8555603027344,428.3906436155652,422.8148063483676,423.5080571053355,41874900
2024-04-29,428.58868408203125,429.58898161261294,425.8453312309826,428.9650348449876,30022200
2024-04-30,420.5071716308594,428.40053393359545,420.4279542033129,427.0040887581163,43665900
2024-05-01,417.4666748046875,426.003810722956,416.6149590273703,419.08100564564097,52251700
2024-05-02,422.79498291015625,423.69623610357513,416.58528523907813,421.21036224287167,36559000
2024-05-03,431.29248046875,432.2828645726998,428.4599662149089,430.2624725378874,48515300
2024-05-06,436.0166320800781,436.10576302873596,432.32248823480734,433.0949866806349,30227200
2024-05-07,436.0859375,437.72006523266936,435.353032707992,436.46228829673737,30996100
2024-05-08,435.82843017578125,437.23478891429755,433.34255638141855,433.4614278631959,24896700
2024-05-09,436.7792053222656,437.3536450526322,434.24382432565767,436.0958378433859,24580100
2024-05-10,437.8092041015625,440.03756838394236,436.2642072837091,438.2845993624885,27116600
2024-05-13,438.8194274902344,439.819725225503,437.4031853075168,439.720680758544,22994200
2024-05-14,441.6419982910156,442.17681419663,438.2053640696036,438.39353947668786,34478300
2024-05-15,448.5449523925781,448.7925484173283,442.60264779857414,444.11793426108017,41464700
2024-05-16,447.6338195800781,450.3177520473984,447.46544098326683,448.35678063477684,34780400
2024-05-17,447.4159240722656,448.366684331453,445.2172701938097,447.76253432284136,35803700
2024-05-20,450.5356140136719,451.1991544049052,447.44562059843406,447.6337959867833,24474200
2024-05-21,451.4170837402344,451.60525914677277,448.4855551173019,448.6836440370662,23167700
2024-05-22,451.3279113769531,452.427253399749,448.72319646411813,451.674551842668,25120000
2024-05-23,449.2976379394531,456.15107873435795,447.505045202188,456.1213684214136,40899200
2024-05-24,453.54644775390625,454.81413829655213,449.2085602055022,450.9120222056945,29669500
2024-05-28,455.2597961425781,455.3192167759093,452.2985570931119,454.7646040487342,26216800
2024-05-29,452.0509033203125,453.83358254085584,450.961474808148,451.10014308429754,29739200
2024-05-30,447.2079162597656,451.2586137172513,445.88080522828767,451.11994543939437,30536800
2024-05-31,446.37603759765625,448.129036909429,438.7996047963007,447.4357559057489,55941300
2024-06-03,448.7727355957031,451.19915841716164,443.59301606215104,450.19889106528296,32997500
2024-06-04,450.0008544921875,451.19921088579787,446.79201942454824,448.5152782239654,23767400
2024-06-05,459.07275390625,459.15197133792043,450.04045548956805,453.5761340823465,33817400
2024-06-06,458.9142761230469,460.0730388200298,457.7456301374567,459.7561086538658,21966800
2024-06-07,458.5082092285156,461.2614757860569,457.39898388506356,458.54783305481715,25829700
2024-06-10,460.3602600097656,460.71681402717616,457.0920043414882,457.3792242132735,20660800
2024-06-11,463.51953125,463.6384027240193,457.58714047438195,459.0826300585351,22053300
2024-06-12,469.5906066894531,471.9180153282366,466.7581227209805,467.4513734442813,34532600
2024-06-13,472.13592529296875,473.7898800943953,469.8580538757527,473.1263094263888,25859000
2024-06-14,474.5821533203125,474.65148746022913,471.4723327778962,471.9378145079992,23372600
2024-06-17,480.39569091796875,482.17837014074405,473.54225013126796,474.8495341233791,37054500
2024-06-18,480.54425048828125,481.2276179206919,478.78136803670156,480.3461918069638,24438600
2024-06-20,476.8402404785156,482.1585983337423,475.0080238231674,481.7426539314576,33918700
2024-06-21,475.5626525878906,477.8999748920205,474.0671930779008,476.5629502483652,37456800
2024-06-24,470.1485290527344,476.07052108362217,470.0096706376766,474.3345941263354,37751000
2024-06-25,475.5249328613281,475.8225082162818,471.2991811880129,472.2415535989698,29014700
2024-06-26,476.5069580078125,477.05255318376294,474.2849813160983,474.7015868097137,22737100
2024-06-27,477.7370300292969,479.21506850518205,475.44560874115245,476.2590218255771,26222100
2024-06-28,475.2571105957031,483.282079612265,474.61234377682473,478.53059103888904,34881600
2024-07-01,478.04449462890625,478.60988777899087,472.4300077537797,476.17960842567174,24898300
2024-07-02,483.0638122558594,483.1233273257318,476.4176802465926,476.54663965537014,26723600
2024-07-03,487.09124755859375,487.22020699052575,482.3100009392962,482.3100009392962,18064900
2024-07-05,492.16998291015625,492.60644693883444,487.6367266822081,487.93433230475875,28495900
2024-07-08,493.34051513671875,493.89600933800205,491.51531557933606,492.53703137157106,22109400
2024-07-09,493.7670593261719,495.9791371759557,492.2493643773,494.8582194823918,25614500
2024-07-10,498.915283203125,499.4707773682386,494.3820572776978,495.6914190828017,28046900
2024-07-11,487.9739990234375,499.2327308546622,486.7836673248715,499.0244281050416,49966600
2024-07-12,490.84075927734375,495.6021464847107,488.0831167175794,488.5493382781802,37109400
2024-07-15,492.16009521484375,496.98102820350954,490.11666357712943,492.61638754803784,31151400
2024-07-16,492.34857177734375,494.4316902312629,489.18422242492244,493.6182771718583,25950600
2024-07-17,477.89569091796875,484.86915585019227,477.82627685084054,484.3533484843843,56268800
2024-07-18,475.634033203125,481.80401449029495,472.4399265508185,481.6254692775221,49347400
2024-07-19,471.4182434082031,477.81638642453595,470.1287097527732,475.2968039165522,42042900
2024-07-22,478.4412841796875,479.4629999102959,473.8683411563272,477.2906090401018,40300000
2024-07-23,476.7549743652344,480.53433291634104,476.27885377433194,477.5386298673129,23282500
2024-07-24,459.6535949707031,470.3766606771933,458.79059618135454,470.00964098720937,58818600
2024-07-25,454.5846862792969,464.17693566447775,451.9659322987188,459.9908707311392,59256800
2024-07-26,459.24688720703125,462.1830749909477,456.07260887100784,458.92945331899654,39992100
2024-07-29,460.16943359375,464.1471959279414,457.90776995790696,461.964875633635,28218500
2024-07-30,453.85064697265625,462.80802856311044,450.4978233175342,462.1037466972394,41317200
2024-07-31,467.2817687988281,468.9879381584773,462.659239832893,464.10749036668363,44552100
2024-08-01,455.9635314941406,471.7257322990173,452.3131324101359,467.96623233847004,56653900
2024-08-02,445.1412658691406,449.92251191215183,440.89568575875717,447.2640710604141,66323200
2024-08-05,431.86883544921875,438.7331994932411,420.04471069161315,421.2945574349509,87483500
2024-08-06,435.99542236328125,443.47479628382376,431.0653884921357,433.71393042413985,63164400
2024-08-07,431.273681640625,445.3892585731149,430.87690439120644,442.89943365435545,54929200
2024-08-08,444.46673583984375,445.3793204681867,433.63453853983486,437.51309889070006,47890100
2024-08-09,446.7879333496094,448.4246584601883,442.02651543354915,443.1474331355581,33574000
2024-08-12,447.7500915527344,450.71603684650245,444.94283292947677,447.7600208217018,27795000
2024-08-13,458.86004638671875,459.12789449565406,452.01554033086876,452.15442902026695,40084500
2024-08-14,459.00885009765625,461.3696852946636,454.71365393980193,459.7825763186971,34733700
2024-08-15,470.6048583984375,471.0016356542181,464.6134219380081,464.9903709262572,38280600
2024-08-16,471.2099304199219,472.57883766047564,467.8571066619658,468.8193073837925,38383600
2024-08-19,477.3997497558594,477.43943656320204,469.5632854107965,471.34882847524597,23737700
2024-08-20,476.3978576660156,479.0562983925834,474.70158733792226,476.48713027188967,29209300
2024-08-21,478.619873046875,480.4748301983497,475.4654529623726,477.1815214231533,25658800
2024-08-22,471.0313415527344,481.6353767774489,469.99969658307197,480.9409939518344,37739600
2024-08-23,476.13995361328125,478.8579094947316,471.45790952519746,475.3860556663014,36061500
2024-08-26,471.5174560546875,476.5169343773704,469.4343375642225,475.5944204210187,27452600
2024-08-27,472.926025390625,473.99732698185517,467.91661806023484,469.88070629501414,27510000
2024-08-28,467.55950927734375,473.18389538693333,464.1273423400533,472.45978526636225,37372400
2024-08-29,466.8750915527344,474.0866174099052,465.59545688476163,469.47401742424904,41081500
2024-08-30,472.4399719238281,473.0649105007143,466.7263126612224,471.21988258054085,33466500
2024-09-03,458.0962219238281,469.5235696895021,455.71552825666635,469.39464054986547,44985200
2024-09-04,456.9058532714844,460.7149994098257,454.0490390759713,454.9814822083975,32505100
2024-09-05,457.3324279785156,461.6176644985026,454.2573514302926,455.2790671899236,34452400
2024-09-06,445.08172607421875,457.5109610784589,444.5857469754508,456.62810375201417,50624400
2024-09-09,450.8053283691406,451.79728659834745,446.2026579271455,449.4165929026836,32981200
2024-09-10,454.9715881347656,455.4774965444328,448.59330366252664,452.57103577848284,29680300
2024-09-11,464.8514709472656,465.59543963584724,447.6509184999187,456.2115230534104,57843000
2024-09-12,469.41448974609375,470.2279027858919,463.0957204635057,464.8812332254474,40067800
2024-09-13,471.5174560546875,472.69788885687876,468.45230853147166,468.6804698391117,29111800
2024-09-16,469.4342956542969,470.04930490362483,466.11125985407887,469.3847098524462,22585600
2024-09-17,469.6823425292969,473.75930702921164,467.1826184221333,472.4598440316446,30084400
2024-09-18,467.6488037109375,474.97935949819004,467.0436934318543,470.8825973200617,39909200
2024-09-19,479.47296142578125,482.3199072470579,476.6260458766703,478.72899268205543,52782500
2024-09-20,478.5603332519531,479.8002810455393,474.45361162895745,478.6099190548314,34577700
2024-09-23,479.8288269042969,480.9215203228554,478.3983973954024,479.7394288493287,24843000
2024-09-24,482.14337158203125,483.09698124372767,476.97795812602965,481.23941740642243,25952600
2024-09-25,482.59039306640625,484.5472981940412,481.33875954186374,481.5175556697399,26549900
2024-09-26,486.2160949707031,490.4179856245254,482.57047911503713,490.09016242739943,32020200
2024-09-27,483.51422119140625,487.3783761028853,482.3321295557156,487.2392922329425,22851100
2024-09-30,484.8254089355469,485.163145041189,479.7096512380656,482.55062394036867,30281100
2024-10-01,478.07061767578125,484.7558891089586,474.22634938914285,484.45789556530616,42735400
2024-10-02,478.74609375,480.6632561757568,474.5442031287082,477.166637111899,23744000
2024-10-03,478.3884582519531,481.3287721276597,475.80573659916814,476.5507507116233,25337200
2024-10-04,484.0804138183594,484.63668863947703,479.1831946220503,484.2095544580303,30686600
2024-10-07,478.8951110839844,483.33539671773843,477.6732769407057,482.16324837425714,24975100
2024-10-08,486.04718017578125,486.7325955637371,480.6334293107615,481.4380421027617,28272000
2024-10-09,489.87164306640625,490.44780433240027,484.7062296918654,485.74923740089366,24995000
2024-10-10,489.3153381347656,491.18284505079606,486.275682942402,487.58691507255554,25750400
2024-10-11,490.0802307128906,491.10341258908966,486.9114650593824,487.47765277868115,20644500
2024-10-14,494.1927185058594,495.5138635907322,491.96761928304056,492.47420829002317,26060100
2024-10-15,487.5869445800781,495.1860830208678,485.43135691832794,494.5205236931824,34784500
2024-10-16,487.6465148925781,488.4213283685863,484.32872229968694,487.91470906379936,22996800
2024-10-17,487.9842834472656,493.1894394366644,487.9246847385858,493.13978395099934,27210700
2024-10-18,491.1828308105469,492.2755242206624,490.02059547553733,490.7755527979265,25335000
2024-10-21,492.12652587890625,492.9311386795138,488.0438328585073,489.9709384170419,30336500
2024-10-22,492.6629333496094,494.1430486957189,488.6994678951957,489.4544252444945,26685800
2024-10-23,485.1134948730469,490.96435423225506,481.82550131944987,490.30873810325465,39346600
2024-10-24,489.0471496582031,489.7226218611036,486.18629054626865,488.8385238750436,22024900
2024-10-25,492.0271911621094,496.9542093074368,491.1430932030354,491.84839505174665,38762100
2024-10-28,492.1066589355469,495.2059128554716,491.8086654104397,495.14631415045017,20477800
2024-10-29,496.8350524902344,498.01714406315233,490.5670023757053,492.4245661860894,28014100
2024-10-30,493.0801696777344,497.023779122654,492.5934368006454,496.0701694991744,29756000
2024-10-31,480.63348388671875,489.1564327053802,480.5341426005013,489.10677721962367,41245200
2024-11-01,484.18963623046875,487.487572678268,481.97448031435897,482.2724738365749,33655800
2024-11-04,482.7791442871094,486.1267365717047,481.0308345990123,483.5837571970392,23291600
2024-11-05,488.9378967285156,489.6034560666507,484.27907230568377,484.3684703693668,24353600
2024-11-06,502.218994140625,503.04349344647574,496.27876735997705,497.2323769880433,43082200
2024-11-07,510.1261291503906,510.91091628688355,504.9607152695021,505.02031398359145,32853100
2024-11-08,510.72210693359375,511.49689011058246,509.0035664255928,509.62938315247885,22924500
2024-11-11,510.424072265625,512.1524952274701,507.52347078080976,511.943869458854,24167500
2024-11-12,509.500244140625,511.2386104698655,506.4407327396311,510.35457310077174,25835300
2024-11-13,508.8446350097656,511.55646695745696,506.5599372078328,508.9936620829061,24567400
2024-11-14,505.308349609375,509.3810695111337,504.394452216944,508.50694501082694,28679500
2024-11-15,493.2689208984375,499.9839613152921,491.2027312973252,499.5965697117736,51461100
2024-11-18,496.6959533691406,498.80188548578275,493.4278464758973,494.8185334852246,27080800
2024-11-19,500.1130676269531,500.59983079705506,493.7754760256889,494.11324243543385,24523000
2024-11-20,499.82501220703125,500.1329489468476,493.2589387640311,499.8150689848753,29565500
2024-11-21,501.62298583984375,503.5898037198209,494.25229945698686,502.87458895036497,34526700
2024-11-22,502.4276428222656,503.16271378627715,499.4376428502107,501.0667550906421,23826600
2024-11-25,503.2222900390625,508.0499975204078,500.9077927392111,506.51028341338935,26375200
2024-11-26,505.9241638183594,506.74866305094287,503.8580047553698,504.7023298022819,26557100
2024-11-27,501.94085693359375,504.8613148407309,498.5932648539435,504.79180322557323,24957400
2024-11-29,506.351318359375,506.94733571598675,501.9507755832965,502.5666490697379,15334000
2024-12-02,511.864501953125,512.8280852436343,507.22556353327104,507.61298549428244,25147200
2024-12-03,513.4338989257812,513.712066617979,509.95716654971676,510.53332774826833,18597900
2024-12-04,519.781494140625,520.0397754194261,516.145791050347,516.8610361785198,26086200
2024-12-05,518.341064453125,520.5562202670988,517.9536425774054,519.8310926249068,18169600
2024-12-06,522.9801025390625,523.2184973917406,518.8775526658897,519.0066933159925,23762600
2024-12-09,518.9072875976562,522.8508664294358,517.7549651808799,522.0561968557913,20674400
2024-12-10,517.13916015625,521.8874130414447,515.708730482615,520.1391033704008,24350000
2024-12-11,526.3971557617188,527.0825711722308,521.102632441208,521.5098801468613,32168600
2024-12-12,522.9998779296875,525.4435459095613,522.5230883255757,524.1720261260626,23577500
2024-12-13,527.003173828125,529.6255775680266,523.7946049815864,526.9336318983244,28780400
2024-12-16,534.59228515625,535.5658114467504,529.4566717517013,529.5361568963015,31979900
2024-12-17,532.238037109375,533.9068613432073,530.5791560971358,532.7943118539857,28579100
2024-12-18,513.03662109375,533.3109750076851,511.58636557301924,531.5924949709128,54703200
2024-12-19,510.7518615722656,518.2914311205944,510.41415579136265,517.7252131155939,46441800
2024-12-20,515.2120361328125,521.3311197650482,505.9043609895219,507.0467099804337,60530000
2024-12-23,520.2315673828125,520.6096547422801,513.5255874709457,516.9283129789839,29672800
2024-12-24,527.2857666015625,527.3752784412573,521.5448634283075,522.1816484697176,17558200
2024-12-26,526.9276123046875,528.5593514336211,523.6542355176792,525.6541027671784,19090500
2024-12-27,519.9231567382812,523.7935423499296,515.2468608204825,523.3557601634299,33839600
2024-12-30,513.0081787109375,516.7392559298054,509.24725408886206,512.9087076093017,34584000
2024-12-31,508.65032958984375,515.0478459733405,507.68522302330774,514.2917319661082,29117000
2025-01-02,507.6553955078125,514.0330543562292,503.1581839494331,511.70483525262233,36389800
2025-01-03,515.9632568359375,517.0278648918753,509.9437973453937,510.7596061768049,29059500
2025-01-06,521.8931884765625,525.2561381071918,519.3959047599175,521.3758536522039,36109700
2025-01-07,512.5803833007812,523.335833378113,510.6900071781392,522.9378882230591,36690300
2025-01-08,512.6699829101562,514.3116206247583,507.99368681971373,512.4809392152073,30777800
2025-01-10,504.6307373046875,508.9985697107834,501.3772485549007,508.8990985985744,40532500
2025-01-13,503.0089416503906,503.4666119884404,497.17852578677275,498.6709567862965,31694200
2025-01-14,502.5313415527344,507.58572476161,499.0589618879038,506.1728767537031,33737200
2025-01-15,514.0927124023438,515.236872995838,508.87913311499364,510.44124844999436,34957600
2025-01-16,510.49102783203125,516.4408334651224,510.36167895068803,516.3612201395633,28229000
2025-01-17,519.1072998046875,521.4255596709942,510.5208417683664,520.2116841905068,51837900
2025-01-21,522.1517944335938,523.3158734926727,517.4357226652137,521.8334018984197,23628000
2025-01-22,528.8280639648438,531.1264055091796,526.5894172374838,526.8978505797218,33593000
2025-01-23,529.9522705078125,530.0716601200355,525.7834111540478,526.3703999596165,23096600
2025-01-24,526.9574584960938,531.0964401539385,525.4849461020708,530.3303669169458,19878300
2025-01-27,511.6152648925781,515.3761590425712,507.57572413899004,508.42144102358543,60771700
2025-01-28,519.1769409179688,520.3609385993179,509.1975535777298,512.6201673808628,33194200
2025-01-29,518.201904296875,519.9530330379257,514.2917423982929,519.8236841608818,26649000
2025-01-30,520.41064453125,523.4452418932513,515.5951014840432,521.0673481367949,27431300
2025-01-31,519.6544799804688,528.8379462917052,518.5600549193936,524.2611216563674,38755200
2025-02-03,515.49560546875,518.2217697288138,508.4712326155503,510.8790043064367,40580800
2025-02-04,521.823486328125,522.4602714517823,515.614983190396,516.0129890744747,26046800
2025-02-05,524.1914672851562,524.3506939252882,517.9929235736566,519.1868804659659,21134100
2025-02-06,526.9276123046875,527.1365745057541,523.0871044523607,524.6989250686672,19434500
2025-02-07,520.2813110351562,529.4149811581992,519.5550140724782,527.4649102497111,29605500
2025-02-10,526.579345703125,527.68372994529,524.0919609808617,524.5595601596075,20852800
2025-02-11,525.3257446289062,527.2459985319832,523.1766707420592,523.306019618235,19325500
2025-02-12,525.6341552734375,526.5196788561027,519.3162220342847,519.6644316230244,25009400
2025-02-13,533.1959228515625,533.5142547214782,526.5197590242208,527.3057508960864,28714800
2025-02-14,535.4345092773438,536.1210299534633,532.966982109474,533.3052931830399,17862600
2025-02-18,536.6483154296875,537.2751412860282,533.3351017214825,537.0064842826905,20565000
2025-02-19,536.797607421875,538.0810762342214,533.7530505774469,535.8523889660353,19666900
2025-02-20,534.5191040039062,536.3796630770588,529.7732148425396,536.0115349648631,26550800
2025-02-21,523.4254150390625,535.6832555528226,523.057286918843,535.6633370402143,47093800
2025-02-24,517.2467041015625,526.400292568826,516.908453766449,525.2162949415896,39268400
2025-02-25,510.72979736328125,516.6995213959628,506.86937096397327,516.6199080719186,48940000
2025-02-26,511.96356201171875,517.0378034598252,508.78965611060477,512.9286990343229,34457600
2025-02-27,497.7456359863281,516.4507897553704,497.5267448876785,515.5155305487389,52448000
2025-02-28,505.60577392578125,506.2126812749178,494.42247061966975,497.60633547937397,47654000
2025-03-03,494.5418701171875,510.4511747502602,491.08937854664106,508.93885561166286,44587200
2025-03-04,493.0494384765625,501.19811409825184,485.2788502299198,491.68635636601033,67875400
2025-03-05,499.4768371582031,501.08865768290207,488.7810823027222,493.69615719563,46323700
2025-03-06,485.736572265625,496.06416964846954,483.7466641946697,491.1988602040493,57574300
2025-03-07,489.30841064453125,490.79088231087314,478.1052194724263,484.70176900659226,54714700
2025-03-10,470.3446350097656,481.5279087208424,466.2951647732502,481.01054355010933,76668000
2025-03-11,469.2203063964844,476.39391614178453,464.65347123925363,469.96652188682117,68760800
2025-03-12,474.5134582519531,478.6325518771569,469.4093395543602,476.74214541675576,46971100
2025-03-13,465.9767761230469,473.8767137089589,464.07641024395843,473.8468663020031,46563300
2025-03-14,477.2396545410156,478.135107096926,470.7326466711819,471.3395844196507,43563000
2025-03-17,480.33392333984375,483.3884393542646,475.3890008308422,477.1898651106022,41744400
2025-03-18,472.14544677734375,477.1898401296811,470.02619004677405,476.9908675616912,39072300
2025-03-19,478.46343994140625,482.8810077328089,472.4737974749432,474.40401064913135,40430300
2025-03-20,476.8416442871094,482.10492887042955,473.7771690886222,474.4736490056198,36780500
2025-03-21,478.4136657714844,479.1797694014654,470.52368803573967,471.6877671830669,42234900
2025-03-24,488.91217041015625,489.75914861467663,482.6744601047364,486.0025586791713,34567200
2025-03-25,491.7021789550781,491.86161264912084,488.67302999487,489.63957585890734,26035200
2025-03-26,482.6545104980469,491.4032325143907,481.1000700784772,490.54628025757523,34627100
2025-03-27,479.90435791015625,484.8466807759458,478.53924301933046,480.691552269481,33469800
2025-03-28,467.26953125,478.80826727024373,466.3826870366339,478.10080496658304,46363800
2025-03-31,467.24957275390625,468.1861962018987,455.70083322189515,460.2745089570581,53000300
2025-04-01,471.01611328125,471.94279304476703,462.76561033586444,465.6353253704141,41156200
2025-04-02,474.4538269042969,477.85168326885497,464.20047397854324,464.4595575234652,49894500
2025-04-03,449.05462646484375,458.4311090574493,448.5364897977271,454.8140352690705,70456300
2025-04-04,421.16436767578125,438.8012980453069,421.16436767578125,436.57926126906654,117088400
2025-04-07,422.1806945800781,441.5614201479207,400.95658358107875,407.20423705779143,161557000
2025-04-08,414.5778503417969,441.5613992006258,408.33019716146754,436.59912870717443,101248100
2025-04-09,464.3399963378906,466.16346405948764,413.9501314972579,414.08964737996763,142876900
2025-04-10,444.590576171875,453.96705879904806,431.0888571820337,451.9442914367033,108384100
2025-04-11,452.78131103515625,454.1663741146707,439.75786224336997,443.06604289719394,52483800
2025-04-14,455.850341796875,463.3933522712816,451.01761274443425,462.8054576620582,43941200
2025-04-15,456.3584899902344,460.7328660655078,454.5250482813498,456.90654896754893,35404200
2025-04-16,442.59771728515625,451.00765441884926,436.2006038899139,447.43044650671294,48980600
2025-04-17,442.51800537109375,446.1549970317344,439.78774529190997,445.57707652380003,44837000
2025-04-21,431.5671081542969,437.51584230875216,426.40556828000206,436.6688946094812,44149300
2025-04-22,442.89666748046875,445.9856002161295,436.06108861931057,437.2568260974721,52304400
2025-04-23,452.94073486328125,461.729322993314,451.2667267648559,456.53789090300927,55801100
2025-04-24,465.6851806640625,465.99407392862616,454.20619851663224,454.8539073702654,45956100
2025-04-25,470.8766174316406,471.4047282191122,463.7321758428064,465.30653409695293,38697100
2025-04-28,470.7271423339844,473.1185867567387,464.36986487736374,471.34492884890216,33550800
2025-04-29,473.8360290527344,474.722873222181,467.91718654726753,468.4951374553907,30613100
2025-04-30,473.7762145996094,475.500062695628,460.7826590211326,465.4659281786027,46810600
2025-05-01,479.9640808105469,485.44448789532873,479.02742698516596,481.6879288953147,43316500
2025-05-02,487.0886535644531,489.1612611202772,483.10290255126364,484.8068330037864,39218100
2025-05-05,484.198974609375,487.2879376271539,482.37550695931134,482.87372581995743,28309500
2025-05-06,479.6950988769531,483.32211645922314,476.48656811897325,477.85168296536403,32786300
2025-05-07,481.5783386230469,484.06943292672264,475.08157562625235,480.3626833864985,38006300
2025-05-08,486.55059814453125,490.9448922772597,482.4452794741909,486.78973347402933,39577600
2025-05-09,486.231689453125,489.7889792214971,484.4680057301949,488.46370009577527,27767400
2025-05-12,506.0409240722656,506.0807900972725,499.69362038673546,505.1839717833884,45090600
2025-05-13,513.7533569335938,515.5469326874095,506.60888501619945,507.34623920694446,53269600
2025-05-14,516.832275390625,517.3803039371103,513.9127203607696,514.9291062301362,47014500
2025-05-15,517.4003295898438,520.0707756057274,513.334846321635,514.6800738473207,50153300
2025-05-16,519.6522827148438,519.8416083280616,515.2579579935311,518.8052741008747,48394600
2025-05-19,520.1504516601562,520.6686187239894,512.4081112969848,512.4081112969848,52536200
2025-05-20,518.4166870117188,519.0743091661009,514.819500517199,517.6194881585196,42517600
2025-05-21,511.2123718261719,521.1369131370851,509.418796143357,514.4309069287539,71292800
2025-05-22,512.1690063476562,515.8658123150946,510.47504999969107,511.83019075096956,55607200
2025-05-23,507.4259338378906,510.01667798674157,503.77896814055566,504.37683685319297,58368100
2025-05-27,519.3632202148438,519.8515257666644,512.7568943253785,514.3113346789697,47226300
2025-05-28,517.0614624023438,521.8144897137478,516.543356152141,520.3198331572289,46637200
2025-05-29,518.077880859375,524.6045360691892,515.4771928839561,524.4551068947912,58513300
2025-05-30,517.2607421875,518.8251566212066,510.10632704393424,517.5895836462355,67662800
2025-06-02,521.3462524414062,521.5853877867925,514.1319915550752,515.3974870451045,44762800
2025-06-03,525.4215698242188,526.8564424978958,520.8280067740416,521.6949026792081,44070300
2025-06-04,526.8863525390625,527.9525481163902,524.0962784813655,526.1290501987006,41359300
2025-06-05,522.9205322265625,531.1511175724819,520.7981150051966,528.2913461648635,61031200
2025-06-06,528.0322875976562,529.9055954761677,526.3284179293108,528.1120196484558,42467000
2025-06-09,528.8095092773438,530.453595021937,527.1255271006693,528.2515065877924,33688700
2025-06-10,532.3070678710938,532.9946123972196,527.0060113889438,529.2778579854436,40664800
2025-06-11,530.513427734375,534.867916916985,528.2216329346111,533.712014999295,53701000
2025-06-12,531.7589111328125,532.735461425523,528.9490103653087,529.1981197879245,34104900
2025-06-13,525.0828857421875,529.9753685874628,523.8572258903529,525.8002917667119,55814400
2025-06-16,532.3866577148438,533.4628274211514,528.5603711422164,528.610180861881,37622100
2025-06-17,527.1953125,531.4301730234594,526.0294365200667,529.8159487011125,42180900
2025-06-18,527.1055908203125,530.6529067451564,525.5212888702348,528.2116221164397,43983500
2025-06-20,524.9532470703125,531.6592527745919,523.0101815525912,530.3638960353529,61643500
2025-06-23,530.3511352539062,530.8698234247422,522.3706802794006,525.5229332044729,50666100
2025-06-24,538.4612426757812,539.3789778904177,534.9598085403529,535.5782888900031,45442000
2025-06-25,539.8377685546875,541.9825398600767,538.0621492513585,540.7355939583459,44804200
2025-06-26,544.885498046875,545.3344108269034,540.197029348474,542.0225146286602,43811400
2025-06-27,546.7509155273438,548.646236854107,543.2095402936434,545.9229263621712,57577100
2025-06-30,550.292236328125,551.4493754022211,547.6686571277671,549.9131598811205,45548700
2025-07-01,545.653564453125,549.3645072749528,543.3292401455354,548.386860243991,56166700
2025-07-02,549.4542846679688,549.6538082093174,544.7857260533864,544.8256064072416,36538300
2025-07-03,554.8610229492188,555.8386700313663,551.8284721476665,551.8284721476665,26443500
2025-07-07,550.6813354492188,552.9856893302406,548.2373089969742,552.1676854094138,45349300
2025-07-08,550.9906005859375,552.6565035476941,549.7535788954287,552.0280378347724,36153300
2025-07-09,554.8909912109375,556.2676245184426,551.7486628164066,553.1252961239118,43045500
2025-07-10,554.0929565429688,555.9384123345195,551.399540909487,555.5294408217566,34710900
2025-07-11,552.845947265625,554.432028356728,550.7011759598594,551.948121861809,39618600
2025-07-14,554.85107421875,555.5892564884584,550.2822471537012,552.6364665235913,36453300
2025-07-15,555.3598022460938,559.4298511098242,555.2999512724816,558.881207037374,43277700
2025-07-16,555.9284057617188,558.841315448374,550.2124247955553,555.9184813380132,52314700
2025-07-17,560.4273681640625,560.9361318466856,555.848616792518,556.6566353219689,40423800
2025-07-18,559.8887329101562,563.350225741294,558.6118309954545,561.7441739242998,50484700
2025-07-21,562.7916259765625,564.6770230188278,560.6867956545606,560.7167515850907,39595200
2025-07-22,559.8787841796875,562.9711860719661,557.2452194730795,562.9213204064853,43270600
2025-07-23,562.4324951171875,562.4723754700833,558.2128493506386,560.9661158513218,40215300
2025-07-24,563.6295776367188,564.8565530178993,561.9137482789852,563.7492795819054,42275500
2025-07-25,564.9862670898438,566.313034745678,562.8914220636111,563.5497827933865,30630800
2025-07-28,566.7518920898438,567.6496566103068,565.4849755661548,566.3528450456176,31498700
2025-07-29,565.8740844726562,570.7122106355441,565.1458874865731,569.3655332995753,45463300
2025-07-30,566.6322631835938,569.2258866472484,563.6694876691353,566.7918454902335,43433800
2025-07-31,563.6295776367188,573.2260691874027,562.4923482714106,573.1362622854951,64613600
2025-08-01,552.5267333984375,557.6541896674577,550.3320963877643,557.4646514509443,69400800
2025-08-04,562.7218017578125,562.9412959282934,557.5844204477802,557.6841517796104,47669800
2025-08-05,558.901123046875,565.1757328972536,558.3624034509684,564.0086085828399,48666600
2025-08-06,565.9339599609375,566.3728874107766,559.2603021929511,559.7391099978526,41823700
2025-08-07,567.8491821289062,571.9192306274066,563.72926797121,570.2732376717248,44463000
2025-08-08,573.146240234375,573.3657343884216,568.7570268998204,569.0562817589437,35255500
2025-08-11,571.4503784179688,575.39073988548,570.1735373972913,573.285909687358,33112900
2025-08-12,578.6328125,578.9320673642603,571.0912854904631,573.754745111433,42143300
2025-08-13,578.922119140625,581.8948188134602,577.5255153167782,581.336189461128,41209300
2025-08-14,578.4732666015625,580.4583950264449,576.4980626010837,576.867214657275,45425000
2025-08-15,575.929443359375,578.4233352453067,574.163748420605,578.383394008071,49480200
2025-08-18,575.699951171875,576.3583727113783,573.8345249533343,575.0316052093148,29831000
2025-08-19,567.88916015625,575.1513419461467,566.8616474345037,574.9817743394825,53752600
2025-08-20,564.5174560546875,567.061213891326,557.474707000813,566.9415119380282,76781100
2025-08-21,561.90380859375,565.1059268695744,559.6093793059084,562.9711407616691,46436900
2025-08-22,570.5725708007812,572.5876551514443,561.8938747848422,563.2904178641013,51502100
2025-08-25,568.9265747070312,571.8892890383006,567.7693747773127,569.0063962953644,34044700
2025-08-26,571.2109985351562,571.5202387152399,567.410309470112,568.4378222244122,34103000
2025-08-27,572.0888671875,573.0066024398417,568.9764946916996,570.1935457073605,36927100
2025-08-28,575.6701049804688,576.5878402039835,571.0613973569876,572.707329573353,46787900
2025-08-29,569.0064086914062,573.6251014295405,567.1509068169219,573.2559494077193,56030400
2025-09-02,564.2380981445312,564.5872186860805,558.1729354751159,559.9386305753824,65876800
2025-09-03,568.67724609375,570.30326864531,565.3453793937941,567.8392715420716,54230200
2025-09-04,573.8245849609375,574.1936761101587,567.6397814409955,569.3455646209001,47526300
2025-09-05,574.6525268554688,579.7001614686197,570.1336265339671,579.0716958584857,68342500
2025-09-08,577.4556884765625,579.4209069942706,576.3584003727692,576.9569100864685,46371400
2025-09-09,579.0917358398438,579.5206779783559,575.6301819149563,578.2537612972826,44007600
2025-09-10,579.28125,582.3437567038031,577.1364785105435,582.3138007742962,49308000
2025-09-11,582.6529541015625,583.4509873113628,580.1989426175462,581.814979655352,44745800
2025-09-12,585.2266235351562,586.423703827438,582.6728806584372,583.6105864506874,50745900
2025-09-15,590.234375,590.3440916306826,586.8526429792626,587.0023008473079,44360300
2025-09-16,589.7356567382812,591.4115449554772,589.0473400699651,591.1621557406676,36942100
2025-09-17,588.5585327148438,590.3042571762861,582.942282862292,589.6558208790498,69384800
2025-09-18,593.865478515625,596.6785957944177,591.5112592506033,593.4564461610391,61069300
2025-09-19,597.8856201171875,598.583922026821,594.3941714550525,595.8705968632576,58196100
2025-09-22,601.4251098632812,602.0942306490323,596.9508332125652,596.9708269829692,57154800
2025-09-23,597.4302978515625,601.7946700200599,596.2118359493293,601.5949151722127,64635500
2025-09-24,595.3329467773438,599.1281059107118,592.5964822123717,598.8085103543956,49850300
2025-09-25,592.7662963867188,594.354216296693,587.7427395490681,591.4379907146171,70920200
2025-09-26,595.203125,595.5327174506845,590.2994696097071,593.585214360816,54337400
2025-09-29,597.9595947265625,601.275330198043,596.6412858554952,598.3391106571707,48332900
2025-09-30,599.5974731445312,599.9370624727763,595.3329480316206,597.659966987958,46533800
2025-10-01,602.4737548828125,603.0130380816322,595.5726732971928,596.4015613877941,46899600
2025-10-02,604.9505615234375,606.378714165839,602.1541765957764,606.2788672228089,43765400
2025-10-03,602.4038696289062,606.5485541284623,600.6161947999731,605.7296019230981,46482100
2025-10-06,606.9280395507812,608.5758798079479,605.1902273252953,607.6670775886568,41962100
2025-10-07,603.732177734375,608.9254990082667,602.2541015785323,608.2363844032766,58209500
2025-10-08,610.6532592773438,610.9628579603992,604.481218431623,604.6309888518371,50629800
2025-10-09,609.9141845703125,610.8229867928995,606.6982962574127,610.6931491958702,45551000
2025-10-10,588.741455078125,612.3909772904724,588.2920219287263,610.6132994204178,97614800
2025-10-13,601.2353515625,602.1741444216893,596.4614731416003,598.9083327066105,65872600
2025-10-14,597.2305297851562,601.9144974152143,589.3706613014698,594.5439886761187,69203200
2025-10-15,601.445068359375,605.9193452011472,595.1631839173533,603.232804101606,62805500
2025-10-16,599.2179565429688,607.5272581453062,594.7337437778706,604.3313635356964,70982000
2025-10-17,603.1528930664062,604.7308770883808,595.6026232431807,597.1806072651552,72024900
2025-10-20,610.7530517578125,612.0114401498232,606.2888329883251,606.3587502275053,45761700
2025-10-21,610.5933227539062,611.9315643975107,608.5359758597962,610.8529979566828,44538200
2025-10-22,604.7108764648438,610.6232418416384,598.9682752728291,610.034035159382,61478800
2025-10-23,609.7943725585938,610.5833341066889,603.7421725102494,604.1316243630486,42844300
2025-10-24,616.305908203125,617.6242169779957,614.3384724044602,615.1973511503762,47632500
2025-10-27,627.2818603515625,627.7412294550786,623.2270868116484,623.7164465731967,54098600
2025-10-28,632.1055908203125,633.8633359425862,628.4403301580431,629.5488872669928,61195700
2025-10-29,634.9519653320312,636.190360053584,629.4390484873167,634.77220425535,67422800
2025-10-30,625.2444458007812,632.6848720357782,625.1346019679808,631.3565662863019,61628600
2025-10-31,628.2605590820312,633.3839629929544,625.883616641787,633.3539723359148,66305100
2025-11-03,631.2666625976562,635.001840248536,629.0394906897283,634.2927319253315,37154300
2025-11-04,618.4531860351562,626.1432903257465,617.6642245044198,622.478029730703,63830800
2025-11-05,622.47802734375,625.7937017112316,616.4158305661566,617.6941518361581,48688500
2025-11-06,610.8829345703125,621.2395864016282,609.5147022540025,620.9899080817669,72115100
2025-11-07,608.9553833007812,609.1651350193971,597.899620744235,607.5272307243642,81835400
2025-11-10,622.4280395507812,623.5066669290842,616.0962316788492,618.1235878797521,55919900
2025-11-11,620.7702026367188,621.9186863012081,616.7254261621581,619.7714893858831,44868800
2025-11-12,620.2808227539062,624.0559270220305,617.0150110236092,624.0359942081623,47444400
2025-11-13,607.6171875,617.324651379383,605.3001653620098,616.74538060573,71333600
2025-11-14,608.0765380859375,612.5607508498654,596.4015776914192,598.7785201159286,80087300
2025-11-17,602.8832397460938,611.6918983068232,599.098138309288,605.5198574697043,63850400
2025-11-18,595.542724609375,601.5350044005672,590.5791487748494,598.8484631892511,83327300
2025-11-19,599.09814453125,605.3800292662713,593.824969985886,596.3017594726007,73111500
2025-11-20,584.9163818359375,613.239936406368,583.997582698434,610.8330032979317,117743200
2025-11-21,589.3107299804688,596.2118116612933,579.992718365408,586.7140389774793,103344200
2025-11-24,604.3812866210938,605.8993502749281,594.3941540703303,594.5140557410294,60168100
2025-11-25,608.1065063476562,609.4747385807095,596.5513870928105,602.7334243546638,57560900
2025-11-26,613.4796142578125,615.3971266508202,609.6046019291258,611.7218691656304,42393600
2025-11-28,618.4531860351562,618.5231032781257,614.6280971828623,615.3172117702823,23034400
2025-12-01,616.3758544921875,618.642953131189,611.7318743402105,612.8404314452031,40957600
2025-12-02,621.1996459960938,622.9473941962435,616.7953473526289,618.6629362671166,54541800
2025-12-03,622.7177124023438,623.4167629201941,617.2347863490129,618.8227062993094,47841600
2025-12-04,622.138427734375,624.1358542129962,618.7427783380717,624.125857327544,47067800
2025-12-05,624.6751708984375,628.1107470640665,622.9074898206164,623.576610658964,53614200
2025-12-08,623.4767456054688,628.0308756502869,620.8900514312259,626.4029681537079,43462400
2025-12-09,624.2457275390625,625.0646797487918,620.2009509200387,622.2083743789747,37156000
2025-12-10,626.8024291992188,628.4004070267185,620.1909521392804,623.0472575003708,55031400
2025-12-11,624.7750854492188,624.9748403012362,616.9251525569541,623.0173402820615,58272800
2025-12-12,612.8304443359375,622.7376631081598,610.5733425467316,621.2795807165155,75158700
2025-12-15,609.75439453125,617.6242601897563,608.5359935678383,617.5743367162205,49538200
2025-12-16,610.9628295898438,612.7205746597449,606.1290306476157,607.4773301066649,55152800
2025-12-17,599.6373901367188,612.8604046495489,599.5076134954934,612.2711370165166,70654300
2025-12-18,608.3262329101562,612.1413249643276,606.1390483830863,609.015347513387,78875800
2025-12-19,616.2559814453125,616.825255296648,611.0826542701337,611.1625683957468,60369800
2025-12-22,619.2100219726562,621.6500244140625,617.77001953125,621.3499755859375,43703100
2025-12-23,622.1099853515625,622.4099731445312,617.780029296875,618.2000122070312,41120400
2025-12-24,623.9299926757812,624.280029296875,621.719970703125,621.989990234375,18468700
2025-12-26,623.8900146484375,625.52001953125,623.1400146484375,624.6599731445312,28932100
