Price,Close,High,Low,Open,Volume
Ticker,SPY,SPY,SPY,SPY,SPY
Date,,,,,
1999-01-04,76.677490234375,78.0408187373992,75.85949313256049,76.89172757056453,9450400
1999-01-05,77.55393981933594,77.82660560473792,76.6190856979577,76.6190856979577,8031000
1999-01-06,79.42364501953125,79.61840628735747,78.37193417326968,78.41088642683492,7737700
1999-01-07,79.03414154052734,79.28733124975032,78.39142920173055,78.76147569982568,5504900
1999-01-08,79.61839294433594,80.0858199087841,78.50825390377157,79.89105867359737,6224400
1999-01-11,78.85884094238281,79.5794576662327,78.04084358017484,79.5794576662327,7578300
1999-01-12,77.43708801269531,78.66408412557251,77.12546995228205,78.66408412557251,7768800
1999-01-13,76.89175415039062,77.98241732982879,75.02204584278233,75.0415219709866,10810600
1999-01-14,75.54789733886719,77.22284427651674,75.35313606704747,77.047559131879,11400700
1999-01-15,77.5150146484375,77.76820439477662,76.07378070773791,76.2685420510757,7817700
1999-01-19,78.0213851928711,78.29405104227205,76.96967405946745,78.08955165522134,6535100
1999-01-20,78.64460754394531,79.73527074911146,77.9239907833891,78.58617915795426,6534400
1999-01-21,76.5606918334961,78.43040091922889,76.40488274301836,78.2648537605963,6937500
1999-01-22,76.38536834716797,77.18388953590684,75.8984651833028,76.11270257540347,7522300
1999-01-25,77.16441345214844,77.28127021154089,75.97636973165852,76.8333193005365,5700300
1999-01-26,78.56670379638672,78.56670379638672,77.04756574578727,77.35918380744869,6047000
1999-01-27,77.65133666992188,78.91728522360759,77.37867082758957,78.76147617084627,7399400
1999-01-28,78.95625305175781,79.13153827066897,78.02139855089831,78.06035082176746,5961700
1999-01-29,79.55998992919922,79.95925058857465,78.15770858895385,79.36522863194293,6456800
1999-02-01,79.0925521850586,80.20269143020717,79.0925521850586,80.20269143020717,9426800
1999-02-02,78.60565948486328,79.28732402449911,77.75844784274446,79.19968144083165,9194500
1999-02-03,79.40413665771484,79.73523067860795,78.31347400065523,78.3329501195313,10290700
1999-02-04,78.21612548828125,79.4625976076164,77.76817457039517,79.38469310015796,7761100
1999-02-05,77.32022094726562,78.31350338260833,76.79436554031949,78.31350338260833,7516100
1999-02-08,77.47602844238281,77.96293158744554,76.87226854250501,77.96293158744554,8528400
1999-02-09,75.74267578125,77.59290828297762,75.73293771545143,77.5150037565891,8985700
1999-02-10,76.22956085205078,76.65803564478077,75.61606285336923,76.11270409039716,6936700
1999-02-11,77.98240661621094,78.5861665075952,76.34641207181491,76.69698233132834,9181800
1999-02-12,77.04756927490234,78.2161370596582,76.42433312303255,77.78766220524771,10676600
1999-02-16,76.58012390136719,78.29402291034997,76.58012390136719,77.74869140749182,6915500
1999-02-17,76.50226593017578,78.12852336530045,76.19064773901417,76.77493184744219,7858100
1999-02-18,77.1059799194336,77.51497854997365,76.1711259067706,76.77488578994878,9048900
1999-02-19,77.43708801269531,78.37194219393508,76.8917564069721,77.28127898248867,5312200
1999-02-22,79.50155639648438,79.59893703881227,77.45656290759882,77.5539435499267,10695800
1999-02-23,79.46257781982422,80.08581372429342,78.89777028139899,79.5210061858682,7770700
1999-02-24,78.06029510498047,80.30004908129602,77.90448613271504,79.6768131922343,7271000
1999-02-25,77.32022094726562,78.07978986841005,76.46327139520525,77.61236284001349,11633000
1999-02-26,77.00862121582031,77.80714257895856,76.54119407642231,77.74871418653382,9621300
1999-03-01,77.22282409667969,77.47601368388192,76.26849411414821,77.06701511993985,7607200
1999-03-02,76.54118347167969,78.09927372046705,76.2295654219222,77.59289438961116,9651500
1999-03-03,76.95015716552734,77.00858553087701,75.89844658923312,76.71644370412862,7881400
1999-03-04,77.92398834228516,78.20639219906175,76.82358710725913,77.32022837262487,8256400
1999-03-05,79.4918212890625,79.85212967907785,78.8783232195769,79.46260709527748,10703100
1999-03-08,80.00792694091797,80.2708546462983,79.30678639323709,79.94949856194457,4802200
1999-03-09,79.81315612792969,80.98172356757728,79.61839488798843,79.85210837591795,7893400
1999-03-10,80.51432037353516,80.55327263302888,79.63789453492629,80.06636938935729,3950000
1999-03-11,81.41020965576172,81.76077993657601,80.31954655989506,80.82592585440459,6583700
1999-03-12,80.63115692138672,81.66339153897934,80.53377629708552,81.6439154141191,5286500
1999-03-15,81.7802505493164,81.79972667471516,80.70906365238562,80.981729407968,5394400
1999-03-16,81.46863555908203,82.05291934267574,81.31282655012372,81.72182519863931,4547500
1999-03-17,81.11808013916016,81.60498338129196,80.78698593451051,81.44917434380979,4524100
1999-03-18,82.42295837402344,82.50086287154141,80.86486842366382,80.88434454804332,3506300
1999-03-19,81.0219955444336,82.85719255194606,81.0219955444336,82.66195882774261,5526700
1999-03-22,81.17816162109375,81.5881523363518,80.85602605910528,81.25625509066671,4603800
1999-03-23,78.8353500366211,80.92435014903279,78.53273787080444,80.78768659027689,9713800
1999-03-24,79.28439331054688,79.45034192988686,78.48393526431876,79.24534657658454,6280900
1999-03-25,80.90484619140625,80.90484619140625,79.81153745908995,80.0067711612893,6639600
1999-03-26,80.31912994384766,80.67055054156016,79.79199904727889,80.35817667692683,6159700
1999-03-29,81.9395980834961,82.11530844393246,80.69010218705965,80.69010218705965,5863900
1999-03-30,81.5100326538086,81.97859332056102,80.94385518148273,81.17813551485895,5401400
1999-03-31,80.20199584960938,82.22266444027018,80.16294911355796,81.93957560389741,7413600
1999-04-01,80.80723571777344,81.02199280714177,80.04582421910392,81.02199280714177,7683600
1999-04-05,82.72050476074219,82.837644961017,81.37339245758164,81.80290652525602,5791100
1999-04-06,82.52525329589844,83.08166912720506,81.93955242083882,82.5838233834044,5381300
1999-04-07,83.18909454345703,83.32575815805554,82.07626225315498,82.89624394074598,6248600
1999-04-08,84.24333953857422,84.30190964717578,82.64242323679831,83.20860095328003,5909100
1999-04-09,84.26284790039062,84.65331522152312,83.46238989206903,83.98952077559788,4365800
1999-04-12,85.16092681884766,85.21949691982347,83.22811348664547,83.38430042258099,8213200
1999-04-13,84.61430358886719,85.25857493599054,84.02860236420959,85.12191131690376,10071400
1999-04-14,83.18909454345703,85.00476828026565,82.89624394074598,85.00476828026565,11551700
1999-04-15,82.8766860961914,83.44286369260826,81.84194773032611,83.36477023103352,11150000
1999-04-16,82.17389678955078,83.0329254088761,81.95913963471945,83.0329254088761,6476200
1999-04-19,80.90484619140625,84.04810879681561,80.20200486348863,82.89622995383951,12487200
1999-04-20,81.92005157470703,81.95909831044331,80.59246255967365,81.10007012424524,9049600
1999-04-21,84.26284790039062,84.73140868574961,81.47100655429334,81.88099724148246,5772200
1999-04-22,85.06331634521484,85.19997992437861,83.96024602767878,84.41904518629997,6897400
1999-04-23,84.84855651855469,85.43425755296717,84.34094895539721,84.88760325418218,4593100
1999-04-26,85.3366470336914,85.47331061850856,84.63380574034596,85.27807692591261,3606500
1999-04-27,85.74665069580078,85.90283767338876,84.86809894686839,85.66855720700678,5147200
1999-04-28,84.57521057128906,85.74661237975567,84.34093020959574,85.23900492942015,5544300
1999-04-29,83.93095397949219,85.00473915485205,83.59905674347186,84.69236528565645,9824300
1999-04-30,83.24765014648438,84.73142627479882,82.15434142035794,84.399528982939,10991900
1999-05-03,84.77046203613281,84.86807887403715,83.1500225269207,83.36477957031025,10709700
1999-05-04,83.56004333496094,84.8485860592851,83.1695758427415,84.41907181784372,10509300
1999-05-05,84.22383117675781,84.38001816085935,82.36911074055197,83.6771767324024,10032300
1999-05-06,83.70648193359375,84.41908522002551,82.70102798150509,83.9895709103954,13507200
1999-05-07,84.3409652709961,84.41905875735813,83.36479669147067,84.02859132554796,8680700
1999-05-10,83.92121887207031,84.79000897089715,83.42337286038304,84.2433545266915,5580100
1999-05-11,84.77046203613281,85.51235000420583,84.16523764112588,84.53618162516238,7000600
1999-05-12,85.43423461914062,85.72708505773457,82.15430970688843,84.80948701680687,13865800
1999-05-13,85.80519104003906,86.21518171395051,85.47329382782503,85.746620943766,4485700
1999-05-14,83.57955169677734,84.887617560754,83.40384135684018,84.06763597438058,8370100
1999-05-17,83.83329772949219,84.01876962712382,82.70094298605704,83.48187729187438,6268100
1999-05-18,83.67716217041016,84.33119505251672,82.85718064657506,84.04810619309747,8218600
1999-05-19,84.28240203857422,84.34097215812847,83.24766325978236,84.00907481398768,5052400
1999-05-20,83.7747802734375,84.71190202900146,83.75525690352991,84.41905148038772,4670400
1999-05-21,83.30622863769531,84.14573363685653,82.83766770793092,83.79431293953323,6418200
1999-05-24,81.92005157470703,83.61858457923503,81.46125242980578,83.61858457923503,7952000
1999-05-25,80.59251403808594,82.68151573432509,80.24109319198963,82.0762909438259,15406400
1999-05-26,81.49053192138672,81.84195251903525,80.02627943118452,80.78769072608966,12575900
1999-05-27,80.31912994384766,81.39291510352477,79.96770934613515,81.11958797197059,14515400
1999-05-28,81.34414672851562,81.68580581113869,80.3386928567963,80.59249674674487,8748000
1999-06-01,81.06100463867188,81.31480836225153,80.20197665117149,81.29528499889925,6705300
1999-06-02,81.13909149169922,81.33432510934045,79.97745146673384,81.06099804464272,6981900
1999-06-03,81.58817291259766,81.76388326345035,81.08056523235656,81.64674302954856,6076600
1999-06-04,83.22811126708984,83.31596641621063,81.802905514686,82.13480274469785,9787200
1999-06-07,83.4428939819336,83.8333614315449,83.03290315984174,83.36480049201134,5299100
1999-06-08,82.6229019165039,83.58930873239873,82.21291114612428,83.3257432371547,4895700
1999-06-09,82.54480743408203,83.15003189729313,82.349573736272,82.72051776211107,7409700
1999-06-10,81.78336334228516,82.13478385795982,80.9633821390443,82.11526049597789,7040700
1999-06-11,81.10002899169922,82.60332755509855,80.65099175847604,81.97858010017934,12824800
1999-06-14,81.17816162109375,81.68576917331801,80.93411952867824,81.64672243853153,6823500
1999-06-15,81.72481536865234,82.25194628479034,81.26601623793965,81.51005832874428,5700900
1999-06-16,83.28670501708984,83.63812571336449,82.70100385663211,82.70100385663211,7865800
1999-06-17,84.06761932373047,84.69236707532345,82.85717055501907,83.01335749291731,8162800
1999-06-18,84.16474914550781,84.39973681180518,83.5772799797644,84.00809070130957,2875100
1999-06-21,84.36058807373047,84.75223425791677,83.75353648824169,84.26267652768388,4646400
1999-06-22,83.77310180664062,84.71305245804754,83.65560797521476,83.96892485901706,5862400
1999-06-23,83.36183166503906,83.73389527829623,82.79394509743602,83.34224936960447,9629200
1999-06-24,82.73526000976562,83.30314700154862,81.87363836706037,83.26398238142566,9176900
1999-06-25,82.52964782714844,83.35210487038968,82.24570432412467,83.08774367791928,4087000
1999-06-28,83.53810119628906,83.73392421831505,83.02896133902148,83.14645515223708,5028900
1999-06-29,84.3213882446289,84.7130342652728,83.20519708579383,83.34227319301918,6956200
1999-06-30,85.84881591796875,86.1621327643847,83.8710033249681,84.360560897493,16856100
1999-07-01,86.49503326416016,86.78876781226121,85.26134816213569,85.84881725833782,9939500
1999-07-02,87.356689453125,87.41543638618023,86.41673852424134,86.55381470137021,3772800
1999-07-06,87.33707427978516,88.1986956403929,86.84751668853076,87.25874506518446,11221100
1999-07-07,87.45460510253906,87.552516662215,86.79859765271034,87.14128811157609,3230700
1999-07-08,87.52312469482422,88.12038508260632,86.94544661483823,87.14126969279958,7101500
1999-07-09,88.0420150756836,88.10076197186399,87.45454611387966,87.72869829605483,2976800
1999-07-12,87.65040588378906,88.31620431990363,87.41541820045451,88.31620431990363,4436300
1999-07-13,87.33707427978516,87.67976459366324,86.88668129583111,87.33707427978516,6477600
1999-07-14,87.82661437988281,87.86577897938332,86.94541089112145,87.72870288113155,4382500
1999-07-15,88.38471221923828,88.59032637195834,87.92452816315051,88.21826266703631,3348600
1999-07-16,88.86455535888672,89.07996084785714,88.19875657479633,88.5120736496624,2281500
1999-07-19,88.27705383300781,89.13867547645332,88.08123073222474,89.0995108562967,4287000
1999-07-20,86.46568298339844,87.983311888667,86.1817395107998,87.80707111257131,7060100
1999-07-21,86.36772918701172,87.04331849819002,86.04462125557862,86.53417872744694,4793700
1999-07-22,85.23199462890625,86.47547117317635,84.88930424269009,86.12298963306829,7804100
1999-07-23,85.06556701660156,85.84885953056659,84.67392075961905,85.6334540892262,4603000
1999-07-26,84.43889617919922,85.30051756878288,84.36056696196434,84.5172253964341,4333400
1999-07-27,85.14385986328125,85.97610780352721,84.83054299165924,85.22218908118676,5908500
1999-07-28,85.41797637939453,86.04460986039881,84.96758356492272,85.37881178683176,3955500
1999-07-29,84.22349548339844,84.75221772893478,83.53811479474024,84.55639467503244,7760600
1999-07-30,83.1856460571289,84.81097765381952,83.06815220676573,84.47807841112385,5994300
1999-08-02,83.3814697265625,84.43891438725633,83.02898817299788,83.18564664124882,6065500
1999-08-03,82.98981475830078,83.87101854879712,82.32401633881464,83.79268932297524,5445400
1999-08-04,81.8540267944336,83.890586312764,81.73653297606837,83.16604109951183,6497900
1999-08-05,82.59813690185547,82.6764660975898,80.73781850316503,82.01066793384796,10322000
1999-08-06,81.69739532470703,82.71567541983761,81.14909065809826,82.22611768179407,7537700
1999-08-09,81.52111053466797,82.58834582751913,81.30570524620259,81.83442731789033,5565900
1999-08-10,80.62034606933594,81.560296667181,79.58248395088202,81.38405593008505,9793300
1999-08-11,81.5994644165039,81.79528746525962,80.60076686784979,81.2665652336192,8003400
1999-08-12,81.55049133300781,82.59814442132955,81.4036240776356,81.89318159554296,7036800
1999-08-13,83.4402084350586,83.49895535486738,82.16735850586855,82.48067541151534,5857700
1999-08-16,83.8122787475586,83.94935490438873,82.87232795786636,83.42063258518684,3927000
1999-08-17,84.36058807373047,84.49766423819567,83.42063723168333,84.24309421847457,4808000
1999-08-18,83.7535171508789,84.20391015870453,83.49894718993399,84.09620748292014,4355500
1999-08-19,83.06816864013672,83.48918835389507,82.51986389663747,82.95067476652974,6448100
1999-08-20,83.91021728515625,84.04729348608883,83.1465070228176,83.38149479584489,3663700
1999-08-23,85.51593780517578,85.56489357447117,84.38016395752288,84.47807549611366,5637800
1999-08-24,85.82923889160156,86.45587262295709,84.8305413822537,85.26135207256063,9279500
1999-08-25,86.71044921875,86.96501919161445,85.32010552079805,85.96632160576164,6005300
1999-08-26,85.67256164550781,86.73979698486329,85.53548554687501,86.65167663574219,4322300
1999-08-27,84.63471984863281,85.88798733366578,84.63471984863281,85.77049350694394,6247400
1999-08-30,83.06816864013672,84.90890599331279,82.71568701931578,84.81099443197364,4652000
1999-08-31,82.75480651855469,83.81225080440464,82.01067905814175,83.30311096306947,11453700
1999-09-01,83.77310180664062,83.80247526449709,82.9114803761843,83.30312648093718,6863900
1999-09-02,82.78419494628906,83.13667643866829,81.8736177576427,82.79398609885516,10896300
1999-09-03,85.20264434814453,85.53554367104006,84.39976951057295,84.51726338924198,9160800
1999-09-07,84.88931274414062,85.61385820470191,84.73265426618143,85.26137662929372,4560800
1999-09-08,84.47808837890625,85.26138080708341,83.98853061129553,84.49767068961069,6159600
1999-09-09,84.43889617919922,84.75221304813873,83.77309783270275,84.43889617919922,6177800
1999-09-10,85.14385986328125,85.44738558266506,84.55639072898998,85.37884751699775,2934500
1999-09-13,84.56620025634766,84.88930835041498,84.28225677974304,84.67390295437009,2320500
1999-09-14,84.00806427001953,84.32138105983779,83.57725368401944,84.00806427001953,3736000
1999-09-15,82.6764907836914,84.86970891911857,82.63732617413021,84.86970891911857,6984500
1999-09-16,82.99962615966797,83.22482273884367,81.65823784023014,83.02899962651698,15377600
1999-09-17,84.04833984375,84.16616461923189,83.04682925215393,83.34139119085864,8542300
1999-09-20,83.93043518066406,84.20535939510704,83.63587352233229,84.16608450732947,2803900
1999-09-21,82.16309356689453,83.24315335326624,81.78998200432977,83.10569119863712,9335200
1999-09-22,82.07473754882812,82.85041696817942,81.5347075733304,82.47730534874462,13009100
1999-09-23,80.3564682006836,82.83078760275743,80.19936855610747,82.83078760275743,12204100
1999-09-24,80.27790832519531,80.67065738745164,79.37458548200573,80.27790832519531,13792900
1999-09-27,80.8081283569336,81.53471420121222,80.61175380442586,80.90631563318746,6970300
1999-09-28,80.65105438232422,80.94561630483089,78.90332030878469,80.39576738281845,11063400
1999-09-29,79.68878936767578,81.14196098256193,79.64951445916535,80.70993698894712,7580300
1999-09-30,80.90630340576172,81.33832735598666,79.78696862563346,80.08153040987774,7498900
1999-10-01,80.72956085205078,80.7884732048983,79.57095124604956,80.39572418591483,11127100
1999-10-04,82.16309356689453,82.24164336953974,80.9062967245711,81.18122103382936,6341600
1999-10-05,82.08455657958984,82.92896708985836,80.86703444850502,82.14346894077137,11976000
1999-10-06,83.34133911132812,83.45916381318203,82.12381719217112,82.16309209278909,10308200
1999-10-07,82.87005615234375,83.57700449866707,82.63440670356931,83.48863595537665,6535600
1999-10-08,84.12688446044922,84.12688446044922,82.46751897564343,82.79153708806113,9674300
1999-10-11,83.98937225341797,84.28393399851997,83.77336030700984,83.95009735407103,4282000
1999-10-12,82.6933364868164,83.77339668790282,82.43804953019597,83.65557193869338,8686100
1999-10-13,80.5528564453125,82.516602336227,80.5528564453125,82.1238531580441,10469300
1999-10-14,80.53321838378906,81.18125452294171,79.64953273948998,80.73941170079217,10562200
1999-10-15,78.47128295898438,79.64953045086101,78.23563346060904,79.17823145411036,14238700
1999-10-18,79.04076385498047,79.13895113927236,77.56795459060194,78.5105525198042,9758800
1999-10-19,79.80661010742188,80.59210823840044,79.1389366960901,79.92443482706867,14392900
1999-10-20,80.59214782714844,81.3580088810614,79.885199161998,80.2779484204149,9759400
1999-10-21,81.06342315673828,81.06342315673828,79.57097641257353,79.94408809861471,9105400
1999-10-22,81.750732421875,82.45768086462962,81.41689565724087,81.53472039769997,8309600
1999-10-25,81.33834075927734,81.98637679140099,80.90631673786157,81.25979093720174,8114300
1999-10-26,80.31723022460938,82.12387696804802,80.31723022460938,81.80967753440652,6256300
1999-10-27,81.7703628540039,81.88818758434108,80.59211555063209,80.67066537085688,5433300
1999-10-28,84.55890655517578,84.7454624335488,83.06645952819173,83.22355921524267,10509700
1999-10-29,86.0905990600586,86.5226230516921,85.28546343928706,85.3640132559477,10988600
1999-11-01,85.18729400634766,86.0906170870973,85.18729400634766,85.77641775466265,4006500
1999-11-02,84.57852935791016,86.24771324354339,84.57852935791016,85.44257748694383,6516900
1999-11-03,85.14801025390625,85.69785902860859,84.91236077903382,85.46220955373616,7222300
1999-11-04,85.79606628417969,86.31645899567678,85.31494849430503,85.93352850985816,7907500
1999-11-05,86.64047241210938,87.41615207219058,85.95316132089818,87.11177144608277,7431500
1999-11-08,86.71898651123047,86.95463593109794,85.93348844500555,86.09058805825053,4649200
1999-11-09,85.90406036376953,87.15103895174515,85.63895467971172,87.03321420327502,4533700
1999-11-10,86.54227447509766,86.96447980779895,85.5113079650131,85.6193139803553,6405600
1999-11-11,87.03316497802734,87.03316497802733,86.38512922796531,86.83679050831157,4794100
1999-11-12,87.81871032714844,87.96599125904771,86.16916388987642,87.50451100576329,11802900
1999-11-15,88.02491760253906,88.13292363640721,87.60271219741813,87.87763664726432,2187500
1999-11-16,88.7613296508789,89.86102754035883,88.03474354532968,88.3293054800118,7544800
1999-11-17,88.99693298339844,89.82170597221193,88.80055846225237,89.38968202569058,9459000
1999-11-18,89.6253662109375,89.86101572770596,88.99696749955494,89.50754145255328,4491000
1999-11-19,89.54678344726562,89.84134523492109,89.23258420709978,89.48787108973453,4832100
1999-11-22,89.5271987915039,89.86103568105327,88.91843740467858,89.50756132741276,4155400
1999-11-23,88.74166870117188,89.76281647113446,88.21145735907591,89.76281647113446,5918000
1999-11-24,89.21298217773438,89.50754408234938,87.97582217835131,88.44712122573533,4459700
1999-11-26,88.87911224365234,89.78243508130325,88.76128752569788,89.52714819240191,1693900
1999-11-29,88.56490325927734,89.18348296053394,88.25070404594067,88.52562835761026,7348600
1999-11-30,87.524169921875,89.42900377478546,87.34743276026475,88.44713065472851,7682000
1999-12-01,88.23108673095703,88.28999909690248,87.3474012417754,87.54377579492687,6980200
1999-12-02,88.7613296508789,88.83987950012748,88.21148070613896,88.36858040463609,6698300
1999-12-03,90.39125061035156,91.33384892216927,89.88067652478365,89.88067652478365,10045400
1999-12-06,89.72354125976562,90.31266497125458,89.3897044899219,90.19484022895678,3138900
1999-12-07,88.99693298339844,90.05735539758722,88.83983336648159,90.03771794547261,10714200
1999-12-08,88.42745971679688,89.27187028038166,88.28999753202727,88.82020881613865,4611400
1999-12-09,88.8595199584961,89.37009399582668,87.58308486516962,89.11480697716138,6474700
1999-12-10,89.1540298461914,89.74315339143055,88.52563139793631,89.40931671579504,5127300
1999-12-13,89.31114196777344,89.68425359868543,88.78093070279326,88.87911797408589,4210800
1999-12-14,88.44709777832031,89.5369765364679,88.36854795791328,88.99694652116955,5739000
1999-12-15,88.91838073730469,89.36022339777054,87.99542051322048,88.21143248055934,6879100
1999-12-16,89.31114196777344,89.64497869016837,88.70238088575915,89.3504168762905,5854900
1999-12-17,89.88471984863281,90.27843303237627,89.49100666488934,90.08157644050453,4775400
1999-12-20,89.23512268066406,90.19972030064037,88.88078069781562,89.80600698636432,4608700
1999-12-21,90.59339141845703,90.7508766708142,89.03822455143006,89.19570980378722,7981300
1999-12-22,90.82967376708984,90.82967376708984,90.06193270143824,90.4753317367891,5377500
1999-12-23,92.27651977539062,92.27651977539062,91.34145104166666,91.3512938704427,5721700
1999-12-27,92.14859771728516,92.46356835678024,91.38085678351584,92.28639737206426,2691000
1999-12-28,92.08950805664062,92.28636463649664,91.6465807519646,91.89265147678462,4084500
1999-12-29,92.48321533203125,92.48321533203125,91.5383038088432,92.1682448243019,3001000
1999-12-30,92.37498474121094,92.9557118695787,92.08954259336916,92.68011255442111,3641300
1999-12-31,92.52256774902344,92.91628080327459,92.12885469477227,92.50288209631087,3172700
2000-01-03,91.61708068847656,93.38879045683989,90.63279748383027,93.38879045683989,8164300
2000-01-04,88.03426361083984,90.75088444677363,87.96536380702993,90.41622825683976,8089800
2000-01-05,88.19174194335938,89.15633912086487,86.45940415518625,88.15237062999181,12177900
2000-01-06,86.77437591552734,89.13665475170322,86.77437591552734,87.95551533361528,6227200
2000-01-07,91.81389617919922,91.81389617919922,88.23110692006236,88.38859216222222,8066500
2000-01-10,92.12883758544922,92.54223621564034,91.36109727223715,92.12883758544922,5741700
2000-01-11,91.02649688720703,92.03046560287476,90.39655573227826,91.85329465305104,7503700
2000-01-12,90.12094116210938,91.08553839167324,90.00282721563217,91.08553839167324,6907700
2000-01-13,91.3414535522461,91.81390934648184,90.25874235712249,91.00679736466243,5158300
2000-01-14,92.58165740966797,92.89662796432557,91.95171630035277,92.30605817434257,7437300
2000-01-18,91.85327911376953,92.36510621556079,91.45956595854548,91.5579942473515,6488500
2000-01-19,92.60132598876953,92.60132598876953,91.34144400252777,91.53830056287804,6157900
2000-01-20,91.18397521972656,92.58165705059888,90.59340543203403,92.58165705059888,5800100
2000-01-21,90.98712158203125,91.65643402984368,90.75089365927393,91.65643402984368,6244800
2000-01-24,88.40827941894531,91.8729548092224,87.81770975014808,91.75484087546296,7896900
2000-01-25,89.41229248046875,89.41229248046875,87.56183992803281,88.51659470242795,9942500
2000-01-26,88.7035903930664,89.16620343661657,88.25082018023006,88.8217043616324,5158100
2000-01-27,88.3492202758789,89.58941654980501,87.01059572624438,89.3531886881048,10922700
2000-01-28,85.59326934814453,88.2311483942925,85.37672703838612,87.83743510382266,11916200
2000-01-31,87.9161605834961,87.9850603958656,85.04205412465363,85.55388130225572,10768700
2000-02-01,88.78231811523438,89.25477391008262,87.26652244009622,88.03426310672464,8419900
2000-02-02,88.86104583740234,89.60910072039333,88.4279614314602,88.99884542111121,6205900
2000-02-03,90.19965362548828,90.2390249278128,88.19171720693748,88.74291543948084,7997500
2000-02-04,89.8256607055664,90.71151534763314,89.5303758248775,90.19968822110569,4925400
2000-02-07,89.68783569335938,89.94374918414375,89.09726609924155,89.80594961218293,5845800
2000-02-08,90.90837097167969,91.06585623971205,90.4752864845907,90.69182872813519,4936400
2000-02-09,88.99888610839844,91.00682381754612,88.98904327649085,91.00682381754612,8511500
2000-02-10,89.17603302001953,89.80597409212564,88.7429485329466,89.21540433702617,6690600
2000-02-11,87.36495208740234,89.41226056353796,86.95155326049034,89.3532035882648,9849800
2000-02-14,87.87677764892578,88.05394857160508,87.1287226420577,88.05394857160508,8528800
2000-02-15,88.8708724975586,88.95945792811325,86.80387911794985,87.71926190034802,11078300
2000-02-16,87.5617904663086,88.78230103485876,87.43383371315414,88.42795925689258,8845400
2000-02-17,87.10902404785156,88.46733425334348,87.06965273754744,88.46733425334348,7584200
2000-02-18,85.23892211914062,87.48308773613417,84.80583752638748,87.48308773613417,9409200
2000-02-22,85.0223159790039,85.8884845140991,84.11677614685892,85.16011551867814,16415400
2000-02-23,86.02630615234375,86.59719010621514,84.7270530159468,85.43573654489059,12119000
2000-02-24,84.29397583007812,86.32159832202068,83.84120575906182,86.10505611414332,17375000
2000-02-25,83.9888916015625,86.12478630184835,83.86093477619976,85.16018869526764,10559900
2000-02-28,85.750732421875,86.10507429138687,83.60499554538639,84.01839439315025,13397800
2000-02-29,86.57754516601562,86.57754516601562,85.51451937270848,85.7113760010987,8242500
2000-03-01,87.20742797851562,87.56176967233353,86.43968764191018,86.69560108744534,6868000
2000-03-02,87.26651763916016,87.64054512283805,86.5184626718044,87.36494592433856,7600200
2000-03-03,88.9004135131836,89.27444093939053,88.01455908269351,88.467329124944,12770300
2000-03-06,88.03426361083984,89.03823218064146,87.4043225474349,88.70357599070759,11967100
2000-03-07,86.3314437866211,88.29016654497676,85.17983291864313,88.19173826566241,20062000
2000-03-08,86.22317504882812,86.83343039734723,85.06172132100146,85.96726151557819,11808500
2000-03-09,88.74298095703125,88.74298095703125,85.75075977125735,86.45944373630907,5500900
2000-03-10,88.2705078125,89.45164752453167,87.89648023702331,88.30987913623439,7924600
2000-03-13,87.30589294433594,88.48703242047127,85.47512675632619,86.10506781026503,10540500
2000-03-14,86.0656967163086,88.2508047527931,85.7704118465134,87.73897764514808,8263900
2000-03-15,88.07366180419922,88.46737508897436,85.71138209554836,86.22320936575605,10300800
2000-03-16,92.18793487548828,92.50290539823177,88.74294478298124,89.2154005670965,25601400
2000-03-17,92.79722595214844,93.46823949582624,91.84991271401506,92.08674102354841,10272900
2000-03-20,92.32356262207031,93.05378319005163,91.43545652587683,92.7577478246538,12502300
2000-03-21,94.21819305419922,94.57343550811115,91.25783927159974,91.90911710377162,13612600
2000-03-22,94.79051971435547,95.26417627757523,93.90241365831841,94.45501298207479,8260000
2000-03-23,96.40889739990234,96.92202561533684,94.19849893341534,94.19849893341534,11654500
2000-03-24,96.9811782836914,98.36267654984084,95.81677260222257,96.54699311433014,11462900
2000-03-27,95.9549560546875,97.11936214420345,95.8760132689576,96.8627980905813,8798600
2000-03-28,95.40232849121094,96.61607346477516,95.10629313180502,95.52074263497329,6334400
2000-03-29,95.50099182128906,96.30028716511264,94.51420744619826,95.71808438380904,6747500
2000-03-30,93.90241241455078,95.94505631638054,92.91562792091321,94.82998983857009,9491900
2000-03-31,94.96817779541016,96.19179105877579,93.74456453204452,94.49452104830088,9249100
2000-04-03,95.52070617675781,95.52070617675781,93.90238016301936,94.81022158536044,8508200
2000-04-04,94.81023406982422,96.62591715359271,89.29410991859278,95.83648972586728,19585500
2000-04-05,94.21819305419922,95.24444903216703,93.23140845999939,93.38929399507136,8387200
2000-04-06,95.0372543334961,95.797078711409,94.09980867243472,94.88923659753902,6378500
2000-04-07,95.63916778564453,96.07335302940932,95.04709699869254,95.71811055723813,6023600
2000-04-10,95.26415252685547,96.69498970485361,94.92864587822142,95.83648739805473,9624200
2000-04-11,94.9878921508789,95.75758419199344,93.70507208235468,94.73132813717406,9006400
2000-04-12,92.38275146484375,95.46151865743414,92.30380871631579,94.9681264791344,10779200
2000-04-13,91.09994506835938,93.56690631912733,90.8039097182672,93.13272113899217,12225800
2000-04-14,85.88969421386719,90.1920731979258,84.31083954081815,90.0736590974471,29604000
2000-04-17,88.8895263671875,88.88952636718749,85.06080342863635,85.37657439264056,23918200
2000-04-18,91.23809051513672,91.23809051513672,88.27773715643663,88.77112938288664,11069200
2000-04-19,90.38948822021484,91.6525727717637,90.01450999397379,91.25785884940468,6553700
2000-04-20,90.82364654541016,90.90258930642311,89.91580479376111,90.66576102338423,8537600
2000-04-24,89.83686065673828,90.50787411507069,88.73166201948492,89.36320409791541,12893100
2000-04-25,93.56690216064453,93.56690216064453,91.21835515429213,91.3367692890662,14102000
2000-04-26,92.5110092163086,93.94184615885418,92.20510614583334,93.44845410970053,7711100
2000-04-27,92.20514678955078,93.05378148817036,90.3105204856559,90.3105204856559,15595300
2000-04-28,91.63279724121094,93.37940558836735,91.61306155367245,92.83667418105885,8743400
2000-05-01,92.87616729736328,93.77414129056983,92.10647530318624,92.56039622282911,7328300
2000-05-02,91.02100372314453,92.91562999318397,91.02100372314453,91.88937409691262,9411900
2000-05-03,88.8895263671875,90.94203763321491,88.27772012442932,90.94203763321491,12630700
2000-05-04,89.56058502197266,89.90595968876079,88.88957138364144,89.67899919344288,5963600
2000-05-05,90.64603424072266,90.94206962361201,89.00797178873485,89.08691455750534,7862400
2000-05-08,89.96516418457031,90.54736717753836,89.5803181383711,90.1526532840007,5064100
2000-05-09,89.24481201171875,90.5671035651874,88.58366623498443,90.3500109220806,5620300
2000-05-10,87.23176574707031,89.02771386539234,86.9949374237751,88.73167846127332,10293900
2000-05-11,89.22506713867188,89.3632169882562,87.86330433562645,88.49484650515477,7091100
2000-05-12,90.19209289550781,90.60654233769723,89.4421367620222,89.56055088836203,5960800
2000-05-15,91.7512435913086,91.95846838324422,89.67899567195231,90.15265233923374,4441300
2000-05-16,92.63933563232422,93.29061344993535,91.77096520884268,92.56039286655316,8192200
2000-05-17,91.6722640991211,92.32354175579947,91.23807899466885,92.00777077074329,5907200
2000-05-18,90.54736328125,92.40251850104893,90.54736328125,91.96833323684066,4325600
2000-05-19,89.12638854980469,90.45854781178694,88.67246761609222,90.03423041722962,6518400
2000-05-22,88.4553451538086,89.34345102884683,86.52124791483642,89.2053012260631,10839400
2000-05-23,87.15282440185547,88.92903685569763,86.87652468681335,88.69220852851868,7979200
2000-05-24,88.57378387451172,88.85008355682972,86.20550088321461,87.15281407973346,11081500
2000-05-25,87.05413055419922,89.56056324075178,86.97518779241804,88.85007838472113,8278900
2000-05-26,87.15282440185547,88.21855187416077,86.72850698232651,87.66595244407654,4814000
2000-05-30,89.99474334716797,90.27104299779523,88.08038148210758,88.41588820072641,5362700
2000-05-31,90.19209289550781,90.94204902899344,89.73817207787178,90.03420739372137,6056500
2000-06-01,91.77096557617188,91.84990834225891,90.31052440356183,90.7447096170405,8961600
2000-06-02,93.36953735351562,94.15896485174869,93.14257694777362,94.06028641446956,8962200
2000-06-05,92.9156265258789,93.6063756610543,92.75774100926738,93.13271911121974,6998100
2000-06-06,92.50119018554688,93.33008926551123,92.145947722705,92.5998686474474,4858900
2000-06-07,93.14258575439453,93.4682246282048,92.20514051160742,92.59985429804411,4919500
2000-06-08,92.77745819091797,93.31032170318232,92.2445946786536,93.15243621806697,5723100
2000-06-09,92.58009338378906,93.44846347734837,91.96828718150863,93.15242821818042,3085300
2000-06-12,91.49468994140625,92.81698162088732,91.49468994140625,92.81698162088732,3678900
2000-06-13,93.21168518066406,93.31036365322457,91.33679420201425,91.45520836908686,6558700
2000-06-14,93.36953735351562,94.0208150395579,92.95508791694327,93.62610129044137,6420500
2000-06-15,93.56690216064453,93.94188025409575,92.73800321722604,93.54716647151551,5881200
2000-06-16,92.79808807373047,93.88610658663927,92.3430985137868,93.88610658663927,5567900
2000-06-19,93.98506164550781,94.42026925573748,92.58052799431205,92.7190031430215,5106900
2000-06-20,93.64875793457031,94.24222281375009,93.05529305539052,93.80701523568491,6480000
2000-06-21,93.60916900634766,93.96524784026867,92.98603104698587,93.01570428314595,3115000
2000-06-22,92.18489074707031,93.49051366323053,91.78924743914297,93.41138500164507,7490500
2000-06-23,91.39356994628906,92.50137079412286,91.07705541833654,92.30354921415254,4863300
2000-06-26,92.57061004638672,92.58050112556681,91.7100861577196,92.02660069148222,5201300
2000-06-27,91.88815307617188,92.87726129012421,91.79913333691617,92.41238042956661,4159500
2000-06-28,92.14532470703125,93.04541321586979,91.9870673867959,92.18488903709007,5347700
2000-06-29,91.27486419677734,92.2639719579041,90.84954785949283,91.63094299078297,6345700
2000-06-30,91.96724700927734,92.16506857737646,91.0869410312363,91.11661426645117,7420200
2000-07-03,93.23328399658203,93.3321947583013,91.90787978954384,92.06613700829466,1436600
2000-07-05,91.55183410644531,92.83767447310888,91.39357683054826,92.65963503772468,2748200
2000-07-06,92.26396179199219,92.71895131197843,91.29463629289107,91.7496258128773,5963200
2000-07-07,93.74767303466797,94.18288063263435,92.5805253855763,92.85747567519127,3034800
2000-07-10,93.5893783569336,94.26197164886675,93.39155680048268,93.6091605125787,2816100
2000-07-11,93.78722381591797,94.40047079720746,93.15419467394173,93.35201628080931,5431600
2000-07-12,94.40042114257812,95.03344995158118,94.1234710386393,94.49933189398486,5883000
2000-07-13,94.81590270996094,95.19176378892801,94.44004163099385,94.94448676329178,5356000
2000-07-14,95.74563598632812,95.74563598632812,94.74663709845424,95.23129992524454,5341900
2000-07-17,95.58739471435547,96.21053273867298,95.38957311933403,95.5775036346044,4208300
2000-07-18,94.80596923828125,95.34997845143779,94.5389101700044,95.34997845143779,4262100
2000-07-19,94.04434967041016,94.89498219792964,93.84652815238236,94.61803207269074,8506800
2000-07-20,95.35000610351562,95.35000610351562,94.20264088484262,94.32133383849845,4538900
2000-07-21,93.49048614501953,94.79610867687973,93.49048614501953,94.79610867687973,5656900
2000-07-24,92.95637512207031,94.23232451457372,92.77833567195356,93.76744372815774,5628500
2000-07-25,93.25309753417969,93.58939423720918,92.91680083115018,93.53004776020397,4757100
2000-07-26,92.34310913085938,93.15417757009786,92.1947429529499,93.03548462777027,12062500
2000-07-27,92.02659606933594,92.81788236399919,91.59138860727116,92.38267490193441,7652600
2000-07-28,89.94947052001953,92.3628937448804,89.58350060477423,92.24420079939544,6229500
2000-07-31,90.52316284179688,91.2353205914264,89.92969805043894,90.48359852237301,5265500
2000-08-01,91.07706451416016,91.61118283342218,90.60229267481614,90.91880723437882,3946600
2000-08-02,91.53207397460938,92.04641024505239,90.9188268829273,91.07708419690978,7439800
2000-08-03,92.16509246826172,92.30356760182639,90.28578708416967,90.44404437967215,4607100
2000-08-04,92.6596450805664,92.87724885850966,92.04639806999903,92.620080757304,3686600
2000-08-07,93.76747131347656,93.96529298291428,92.65966996462537,92.87727380100685,4159800
2000-08-08,94.12350463867188,94.20263326804445,93.37178265963246,93.37178265963246,3658700
2000-08-09,93.33220672607422,94.4597895542612,93.29264241631327,94.41033416706003,5383800
2000-08-10,92.87722778320312,93.59927651889788,92.60027758321061,93.3915638689035,4193400
2000-08-11,93.31239318847656,93.68825400479649,92.14524644306209,92.81783948279246,5089400
2000-08-14,94.49935913085938,94.67739853470651,93.09482605606537,93.54981564367469,2966700
2000-08-15,94.42021942138672,94.83564464825643,94.04435850183793,94.5389123433495,5564600
2000-08-16,94.0839614868164,94.91481228211629,93.58940744199504,94.5191690462592,5191600
2000-08-17,95.07307434082031,95.23133164309384,93.90592673655306,94.12353052717916,5652200
2000-08-18,94.75651550292969,95.19172288102247,94.45978319968461,95.19172288102247,4626400
2000-08-21,95.27085876464844,95.40933385006217,94.57848333757977,94.97412643876186,2380600
2000-08-22,95.11262512207031,95.7852185609535,95.01371432223455,95.31044672174184,3075300
2000-08-23,95.48846435546875,95.76541453176388,94.49935658298617,94.83565322563025,5483200
2000-08-24,95.78517150878906,95.90386441028694,95.27083560229825,95.68626075754082,4529000
2000-08-25,95.74563598632812,95.9830218606744,95.5478144243729,95.68628951774156,2822200
2000-08-28,96.07206726074219,96.79411615501112,95.74566159620966,95.74566159620966,5518700
2000-08-29,96.09181213378906,96.14126751831493,95.528020750194,95.86431736497,3561900
2000-08-30,95.17195129394531,95.90389105654684,95.17195129394531,95.78519812207092,3964800
2000-08-31,96.43800354003906,96.91277524977464,95.52802442971254,95.62693520257412,4863100
2000-09-01,96.53691101074219,97.22928639708971,96.22039654841188,97.01168270423763,3191200
2000-09-05,95.76539611816406,96.34896959172033,95.46866384347445,96.14125699943759,3470800
2000-09-06,94.6773910522461,96.19072586534615,94.65760889782649,95.70606308206574,4322200
2000-09-07,95.48846435546875,95.63683052134114,94.84554430335508,95.11260340192537,4265500
2000-09-08,94.83567810058594,95.27088563463117,94.52905461069042,95.13241051016223,3518200
2000-09-11,94.69720458984375,95.70609479959558,94.12352192155349,94.79611539472137,3937500
2000-09-12,94.00482177734375,95.1126227073798,93.9652574584139,94.79610815594093,4769100
2000-09-13,94.25208282470703,94.53892408841953,93.47068765804191,93.68829137534105,7691600
2000-09-14,94.72686004638672,94.91479054037036,93.7872075764685,94.87522622584748,3397100
2000-09-15,92.65444946289062,94.08234337584614,92.65444946289062,94.04267965604181,4085700
2000-09-18,91.80162048339844,93.26917717291487,91.51405869964185,92.89237207695794,5109300
2000-09-19,92.63461303710938,92.85276348528069,91.83142275066045,92.09915284614343,6588200
2000-09-20,91.95042419433594,92.67428712609335,90.84975590084179,92.45613665350892,6508100
2000-09-21,90.55223083496094,92.37676111021639,90.51256713332495,91.6826463315866,5972300
2000-09-22,92.19831085205078,92.21814271069825,90.38369578580802,90.51260286701651,7791300
2000-09-25,91.5438232421875,92.69407058795156,91.2066817787739,92.61474318479542,9726300
2000-09-26,90.37377166748047,92.01981578606744,90.37377166748047,91.62317864905853,5302400
2000-09-27,90.84971618652344,91.3653443508652,90.1952650548589,91.10753026869432,7186200
2000-09-28,92.0197982788086,92.86265203459509,90.68114819608886,90.86955080032348,7036400
2000-09-29,91.14720916748047,92.63459835102292,91.14720916748047,92.31728865853385,9333600
2000-10-02,91.28605651855469,91.96033979503325,90.83983964441445,91.56370257357527,5517800
2000-10-03,90.4332504272461,92.49576315628855,90.29442745509901,91.72232088289763,9347200
2000-10-04,91.18683624267578,91.54380950330392,89.95726167829,90.67120819954626,6148900
2000-10-05,91.5041732788086,91.9206422079059,90.94888137334551,91.00837693464513,4566900
2000-10-06,89.52099609375,91.7917435578028,88.68805815933761,91.30586309606224,10014900
2000-10-09,88.84673309326172,89.67967121601106,88.45009589195251,89.67967121601106,4508000
2000-10-10,87.37914276123047,89.6399739629509,87.37914276123047,88.9061954150241,6104700
2000-10-11,86.6453857421875,87.97412019966669,85.75295215134327,87.33950075728856,10346000
2000-10-12,84.48369598388672,87.31965103686694,84.26554559519593,87.1213325016935,12336900
2000-10-13,87.29979705810547,87.35929260357896,84.32501978443082,84.36468348141315,11778800
2000-10-16,87.69644927978516,87.72619705769553,86.74452038665315,87.2006529812789,5659000
2000-10-17,85.51497650146484,87.9344633134265,85.29682605120601,87.85513587696875,7831700
2000-10-18,85.1976318359375,86.38754289509863,82.59965935676901,84.16637558466451,10897300
2000-10-19,88.41040802001953,88.49965136593475,86.5858773924193,86.84369150284107,8767300
2000-10-20,88.78723907470703,89.60034535169228,87.81547791440758,87.81547791440758,7373500
2000-10-23,89.18384552001953,89.5011551771955,88.17242098777115,88.80704030212307,5290000
2000-10-24,88.58888244628906,90.07627133893999,88.21207726015083,89.4614839299776,5750700
2000-10-25,86.50650787353516,88.5690197531426,86.3875168035578,88.05339178324074,9137600
2000-10-26,86.7445068359375,87.3592941500468,85.05879968434749,87.0221527197288,9345800
2000-10-27,88.3906021118164,88.3906021118164,86.70489397192311,87.49816839069642,9762900
2000-10-30,89.18384552001953,89.5408188843425,87.6766246484337,87.85511133059518,10154100
2000-10-31,90.72079467773438,91.18684313656632,88.88634861637456,89.4912200203905,7752400
2000-11-01,90.41348266601562,90.90927934657066,89.62020797712758,90.27465959546022,6753600
2000-11-02,90.56219482421875,91.32572148593613,90.4432036561589,90.84975681369673,11395100
2000-11-03,90.61170196533203,91.22648917498957,90.35388797418533,91.04800256573415,5187100
2000-11-06,91.246337890625,91.57356340142597,90.77037351127811,90.84970090783592,4042500
2000-11-07,91.22651672363281,91.38517153532608,90.47290636808975,90.83979562013045,5231300
2000-11-08,89.20370483398438,91.42487311797865,89.20370483398438,91.42487311797865,6123300
2000-11-09,88.86658477783203,89.62019562843628,87.10154883825894,88.84675291334244,10635300
2000-11-10,86.70488739013672,88.5095865558509,86.64539181324504,88.21210867139251,8569500
2000-11-13,86.03060150146484,86.9329510561713,84.41430504633128,86.07026521815524,17285300
2000-11-14,88.29141998291016,88.60872966838333,86.94285381964917,87.24033164978027,7668900
2000-11-15,88.56908416748047,88.91614170732169,87.41883632114956,88.25177441676848,8837700
2000-11-16,87.18084716796875,88.76739579704916,87.14118345224173,87.9443736957137,6684100
2000-11-17,86.71478271484375,88.21208771083477,86.14957486867496,87.14116758125179,6551100
2000-11-20,85.47531127929688,86.54623165263376,85.2373289741109,86.1495944773238,5458500
2000-11-21,85.91165161132812,86.42728017593906,84.7316554730839,85.59434172541371,7684300
2000-11-22,83.8590316772461,85.59431966867545,83.8491157458665,85.25717800176918,5736900
2000-11-24,85.57447052001953,85.65379795503229,84.80102802864508,84.80102802864508,3411600
2000-11-27,86.32804870605469,86.74451758334095,85.87191612616971,86.60569462424553,5992000
2000-11-28,84.84070587158203,86.68506904270339,84.81095807849944,85.75297152611518,5336100
2000-11-29,84.68203735351562,86.24875420385,84.57296212975817,85.27699311946539,6914100
2000-11-30,83.94825744628906,84.72169993161987,82.34187689983278,84.08708045647664,11201600
2000-12-01,83.90858459472656,85.07866412464594,83.13514219359342,84.52337214434522,7587200
2000-12-04,84.62252807617188,84.95966962229208,83.45244859257822,83.69043086042778,6996600
2000-12-05,87.39897918701172,87.73612069964598,85.29680269646866,85.59428050173419,8883400
2000-12-06,86.00084686279297,87.79562990005407,85.69345308293057,87.43865647827838,12888000
2000-12-07,84.82085418701172,86.22891606385947,84.82085418701172,85.59429662640696,6529100
2000-12-08,85.01915740966797,88.50956368540893,84.95966184814965,86.98251093977225,10276300
2000-12-11,87.97410583496094,88.56906146504409,86.76436272045855,87.18083166151675,6405600
2000-12-12,87.59732818603516,88.09312470055879,87.18085911383531,87.69648748893988,5022900
2000-12-13,86.39750671386719,88.46993629072915,86.3280951969388,88.37077698083145,6070500
2000-12-14,85.29678344726562,86.6255173442586,85.05880125675941,86.22888036008159,7678400
2000-12-15,83.37022399902344,84.74281895391073,83.11161915245047,84.74281895391073,9065300
2000-12-18,84.48424530029297,84.96166980870056,83.87751832085833,84.06649885543632,7235400
2000-12-19,82.76353454589844,85.91652582712062,82.76353454589844,84.32511066940594,9616600
2000-12-20,80.36644744873047,82.0772183597678,80.26698402367016,81.87829150964718,9994300
2000-12-21,80.9234390258789,82.0274829948898,79.90891213543647,80.2073023973313,14331500
2000-12-22,83.35035705566406,83.45976683222878,82.01754705023936,82.11701048348002,10182900
2000-12-26,84.2455062866211,84.2455062866211,82.9325893055309,83.29065757310094,4665300
2000-12-27,84.86221313476562,85.13076444215412,83.5492956319774,83.86757866295636,4854100
2000-12-28,85.12080383300781,85.2202672635208,84.40466713331436,84.54391593603253,8358700
2000-12-29,83.5095443725586,85.47892143136835,83.5095443725586,85.3396725484222,8774600
2001-01-02,81.9976577758789,84.1261753358059,81.20195027684078,84.02671189842613,8737500
2001-01-03,85.93639373779297,86.57295961733217,81.26161305992692,81.67935941837452,19431600
2001-01-04,85.01139068603516,86.23479083279803,84.66326869305385,85.89661518247334,9219000
2001-01-05,82.23638916015625,85.06115143900051,82.23638916015625,84.96168797847783,12911400
2001-01-08,82.87291717529297,82.87291717529297,81.28150253918557,82.67399034577954,6625300
2001-01-09,82.65412139892578,83.70843389811785,82.38557010196176,83.41998991248983,5702400
2001-01-10,84.10628509521484,84.10628509521484,81.99766016141807,82.11701628974619,8746100
2001-01-11,84.18582916259766,84.9715900916909,83.4497999378774,83.4497999378774,7245100
2001-01-12,84.02668762207031,85.12078511714935,83.56915594230999,84.46432662010193,7244000
2001-01-16,84.5638198852539,84.78263946152721,83.71838061328889,84.02671728894671,8542200
2001-01-17,84.95172882080078,85.96625596513069,84.43451890408357,85.83695348595138,7851400
2001-01-18,85.79714965820312,86.38398386059518,84.62348125341899,84.94176421064857,8107000
2001-01-19,85.30980682373047,86.69234887205721,85.22028971268772,86.69234887205721,7782500
2001-01-22,85.8767318725586,86.43372712213738,85.02134631070545,85.4589854353745,7050900
2001-01-23,86.55308532714844,86.99072446233511,85.39930942529263,85.59823630492293,8463100
2001-01-24,86.81172180175781,87.40850265740691,86.47354598355665,86.73215102100458,6199900
2001-01-25,86.59284973144531,87.3686643741116,86.35413753370185,86.73209851346235,10818300
2001-01-26,86.493408203125,86.65254970855854,85.58829089097179,86.0358763750036,7136800
2001-01-29,86.95490264892578,87.14586464137032,86.17191962700541,86.25467629921434,6705900
2001-01-30,87.71879577636719,87.79518058729334,86.4392919139969,86.76394678688546,7069100
2001-01-31,87.22225952148438,88.29168553660702,86.95490301770371,87.46414795068146,9706900
2001-02-01,87.80155944824219,87.814293490227,86.7321330389916,87.27321812122334,8239100
2001-02-02,85.80906677246094,87.83971311001214,85.77723654167478,87.46413192789174,8276600
2001-02-05,86.43926239013672,86.53475308440518,85.77723825736732,85.80906848879013,4352900
2001-02-06,86.1846694946289,87.01856939222213,86.07645444129194,86.12738088637279,7106700
2001-02-07,85.73905944824219,86.19101578109004,85.09612169660097,85.75815564747663,5748700
2001-02-08,84.73966217041016,86.19103186236727,84.72693784402941,85.80909809319375,5943300
2001-02-09,83.92486572265625,84.88608667487162,83.55565624797296,84.88608667487162,9913000
2001-02-12,84.88609313964844,84.98157416915411,83.83575324894693,83.83575324894693,5804400
2001-02-13,84.19222259521484,85.40806608649577,84.02671891834954,85.10887926480409,6587600
2001-02-14,84.06489562988281,84.44046719950049,83.17370720820944,84.44046719950049,8400100
2001-02-15,84.87968444824219,84.99427134717828,84.0203264157278,84.56140153696495,5929800
2001-02-16,83.00818634033203,83.57472958141044,82.30796970470699,83.39012975119981,6434900
2001-02-20,81.72874450683594,83.47930178125182,81.54414455899173,83.41564126779899,5760000
2001-02-21,79.9654312133789,82.01516987285615,79.88904153683526,81.41680107141222,10910800
2001-02-22,80.08635711669922,80.55105237680799,78.31033761099359,80.43010329747572,21281600
2001-02-23,79.54525756835938,79.91446687837366,77.5337122724333,79.62164720868999,20173000
2001-02-26,81.23857116699219,81.23857116699219,79.25248309525999,80.0800210059686,11503700
2001-02-27,80.48741149902344,81.37860006804199,79.895404888682,80.71657566151777,11415000
2001-02-28,78.90239715576172,80.74207351910337,78.46953184340981,80.68478487876742,14825800
2001-03-01,79.31609344482422,79.31609344482422,77.50188198367444,78.96598518761222,14672000
2001-03-02,78.68590545654297,79.98450037910462,77.85200574345471,77.97931697137541,12564300
2001-03-05,79.40524291992188,79.43070614317716,78.8132363349231,79.02967130428634,5293200
2001-03-06,80.25823974609375,81.32130376475034,79.88266329328746,80.43011042340308,6917000
2001-03-07,80.83114624023438,80.8693386430107,80.05453500636379,80.78021979879075,6371700
2001-03-08,80.9202880859375,80.99667291320246,80.29645114246021,80.58927097907555,6055000
2001-03-09,78.52679443359375,80.2709841866105,78.36765290869698,80.2709841866105,10020300
2001-03-12,75.16571044921875,77.97933085403861,74.95564251480037,77.87747796827955,13972900
2001-03-13,76.40062713623047,76.66798847010425,74.81557961347788,76.0059594383518,12888000
2001-03-14,74.8919906616211,75.93595851016887,73.68251429368506,74.51005203401317,19883400
2001-03-15,74.91109466552734,75.66224281591094,74.70739371914944,75.40124839828825,10370300
2001-03-16,73.40855407714844,74.93404226235462,73.28089520765522,74.7617040059608,58514600
2001-03-19,74.90216827392578,75.11918603875355,73.28732041057867,73.88730525897762,10067800
2001-03-20,72.8915786743164,75.61065301025121,72.83413580812501,75.25321774588636,15083900
2001-03-21,71.65328216552734,73.56812131042352,71.42350107856478,72.87877804953584,19004600
2001-03-22,70.92565155029297,71.87030290623964,68.95974864132846,71.5000994617551,28624800
2001-03-23,73.0702896118164,73.18518019570642,71.16821324956817,72.28520314361968,12861700
2001-03-26,74.00216674804688,74.21279539582085,73.25537562883258,73.84897607915285,9943800
2001-03-27,75.51488494873047,75.73190262265051,73.58089784759747,73.7979155215175,12880700
2001-03-28,73.42771911621094,74.64683117364429,73.3383603212028,74.61492010096373,10953300
2001-03-29,73.70858001708984,74.35962350511473,71.57672218436096,73.21071750308238,12060300
2001-03-30,74.48088836669922,74.48088836669922,73.08305372835407,73.75324961871698,9183600
2001-04-02,72.8915786743164,74.92130939781306,72.63627055387879,74.23197065506514,10561000
2001-04-03,70.4596939086914,72.859626883414,70.24906044430168,72.75112050588749,12836000
2001-04-04,70.75332641601562,71.55117629637144,69.76399548618794,70.5746088219662,14884300
2001-04-05,73.43409729003906,73.71493710729526,71.80648175570103,72.31710757383927,21522800
2001-04-06,72.31713104248047,73.01923811800458,71.52566028054609,72.75754096211735,14937800
2001-04-09,73.12132263183594,73.3957831042226,71.98518551766858,72.76388754954179,9034300
2001-04-10,74.45537567138672,75.15748281718447,73.51071896762356,73.68943661895126,17873600
2001-04-11,74.50639343261719,75.9489020854011,74.12980586773092,75.81486392932938,12722300
2001-04-12,75.85958099365234,75.91702872889573,74.01495208675018,74.23196983033937,9233200
2001-04-16,75.0617446899414,75.88512666806629,74.62133469769124,75.50215955188267,7350000
2001-04-17,76.12129211425781,76.37660514840313,74.69154107092052,74.8766428989336,10924700
2001-04-18,79.14669799804688,80.42325764317665,77.03399334365741,77.27015376140574,32481600
2001-04-19,80.19989776611328,80.32116767709131,78.8786581172097,79.3063046273598,13809900
2001-04-20,79.46586608886719,80.04031910682116,78.92971318523702,79.72117908236788,7626700
2001-04-23,78.02333068847656,79.07649345794596,77.81270203033388,78.92330765119974,8451800
2001-04-24,77.60209655761719,78.92333618397616,77.29571996367288,78.20207654665153,10044700
2001-04-25,78.6169204711914,78.93606036580826,77.19993855994242,77.4999308400324,8249000
2001-04-26,78.96798706054688,79.9254068748218,78.82756470863632,78.97437122282163,10590400
2001-04-27,80.28282928466797,80.32112451285072,79.27434607189102,79.73390828883689,7938700
2001-04-30,80.8445816040039,81.23392808987964,79.57440035630948,80.71053846153,10766900
2001-05-01,81.09342956542969,81.15725655498501,79.52964153804471,79.82963374561064,10578000
2001-05-02,80.94664764404297,81.50195284784672,80.42325837953513,81.32323527504238,9572900
2001-05-03,79.91899871826172,80.51898318003963,79.28710319406879,80.50621485932358,9926200
2001-05-04,81.27860260009766,81.28498676594663,78.78931358508895,78.92335184976697,12145300
2001-05-07,80.57642364501953,81.30406207443794,80.57004435453662,80.97215879089288,7185200
2001-05-08,80.53816986083984,81.12538628676293,80.14243451135782,80.97220045167211,6952600
2001-05-09,80.19989776611328,80.77435084600415,79.82330996441617,79.94458474508502,9507400
2001-05-10,80.43605041503906,81.38070703941524,80.27648040123628,81.22752118967789,6872400
2001-05-11,79.88072204589844,80.7360146843682,79.40201217131617,80.4232589298206,7734400
2001-05-14,80.04029846191406,80.0658302416477,79.44031381239587,79.72115851977699,7914000
2001-05-15,80.41048431396484,80.74238763827368,79.68922508644556,80.13602382918161,9782200
2001-05-16,82.30618286132812,82.46575282024476,79.5424348738553,79.68285234716345,14909000
2001-05-17,82.43384552001953,83.02745089387815,82.05726271495926,82.33810743038671,11824600
2001-05-18,82.81043243408203,82.81043243408203,81.76365385462857,82.39554468199894,6683100
2001-05-21,84.0295639038086,84.15083867047953,82.43386379367641,82.87427858237378,11531500
2001-05-22,83.92102813720703,84.31037921758819,83.65934081252631,84.14442997030564,8342700
2001-05-23,82.4976806640625,83.64658648192133,82.4976806640625,83.64658648192133,12330800
2001-05-24,82.74024963378906,82.97641014606438,82.05090598077295,82.63812248385014,7902800
2001-05-25,81.76364135742188,82.78488313236502,81.63598248328789,82.75296719640949,7425000
2001-05-29,81.11260223388672,81.92322034769829,80.99771166931849,81.8402408529226,9003900
2001-05-30,79.97647094726562,81.11898764764484,79.78498503530527,80.79984770750363,10041800
2001-05-31,80.39134216308594,80.90835213370309,79.95093239439032,80.0594387961205,9874200
2001-06-01,80.88921356201172,81.12537400751245,79.86158253734504,80.55092112575946,8848300
2001-06-04,81.27860260009766,81.33605035335493,80.47437301202947,80.93393555932084,5623500
2001-06-05,82.21044158935547,82.48489723313337,81.23386938816911,81.3742917257131,9115400
2001-06-06,81.52750396728516,82.22961097116826,81.29133862165702,82.22961097116826,12064900
2001-06-07,81.82108306884766,81.92321016674481,81.06152860472369,81.09344454023856,7355300
2001-06-08,81.06150817871094,81.61681317680195,80.51258734005181,81.50830194520705,8170600
2001-06-11,80.48709869384766,81.05516744546463,80.04668885082907,80.87644984311629,7012200
2001-06-12,80.3466796875,80.89560084319295,79.17224689744322,79.69563627034933,9364400
2001-06-13,79.6573486328125,80.79348629195685,79.5616056556474,80.5317891456849,7629400
2001-06-14,77.8701400756836,79.33818564793671,77.71057011651212,79.26159031444648,12603000
2001-06-15,77.99562072753906,78.34767513838095,77.06748438410524,77.3939343938368,16821100
2001-06-18,77.61798858642578,78.3733015388057,77.39395611824986,77.86762546289917,11368300
2001-06-19,77.95719909667969,78.66130287702681,77.3811124096542,78.33485294045585,7732300
2001-06-20,78.36689758300781,78.6421388620438,77.51556933813588,77.5731804764902,8787200
2001-06-21,79.25659942626953,79.570244754199,78.18764145304289,78.23244792846138,12259100
2001-06-22,78.63571166992188,79.1093808548995,78.19404920541216,79.04537229750359,12212000
2001-06-25,77.91239929199219,79.01336396949945,77.77157754716598,78.91094637924785,8406800
2001-06-26,77.8035659790039,78.34124355083716,77.17627059499343,77.38750316258721,8005800
2001-06-27,77.7587661743164,78.24523500472287,77.39391210974217,77.83557447199176,10105100
2001-06-28,78.18762969970703,79.3334006943618,78.04680797426337,78.09161444294647,10269300
2001-06-29,78.4756851196289,79.37822186336774,78.25805505530421,78.60370711353143,9824200
2001-07-02,79.45504760742188,79.5766673074259,78.48850697999677,78.60372435801615,8522200
2001-07-03,79.43582916259766,79.43582916259766,78.76373199887567,79.35902084876645,3303100
2001-07-05,77.88679504394531,79.14778354598675,77.87399528690904,78.77652710592125,5517900
2001-07-06,76.20337677001953,77.76520658278976,76.20337677001953,77.64998918906936,11665900
2001-07-09,76.61941528320312,77.15709794360276,76.29936759215626,76.48499583898827,8339300
2001-07-10,75.69769287109375,77.22111835620193,75.66568614366092,76.99708591479498,8630700
2001-07-11,75.77447509765625,76.10092504754786,74.94875162648293,75.5952492062771,15328600
2001-07-12,77.57313537597656,77.75236124258223,76.36975332841516,76.49137297369982,12002800
2001-07-13,78.2452392578125,78.29644804807208,77.20828811452068,77.34910496242598,10433800
2001-07-16,77.26591491699219,78.27086449664633,76.99707602184556,77.94441447623093,6915300
2001-07-17,77.98918914794922,78.05960000370224,76.70260143872736,76.93943351395272,7469800
2001-07-18,77.45792388916016,77.86118211942357,76.84983050043269,77.16987811022432,7709300
2001-07-19,78.13642120361328,78.71891018220893,77.29789805075113,78.20683206659822,10082900
2001-07-20,77.66915893554688,78.0532200104004,77.40032008998095,77.54754415314672,6705800
2001-07-23,76.13935089111328,78.01483073197379,76.13935089111328,77.96362680809217,8065200
2001-07-24,75.40320587158203,76.29933511827814,74.73110405302184,76.17131804976101,12269000
2001-07-25,76.23529815673828,76.47853733317305,75.18554295901774,75.47998601364313,12088500
2001-07-26,77.03548431396484,77.35553203017038,75.88971290392415,76.20976062012969,12898200
2001-07-27,77.32991027832031,77.67556232030208,76.75382842522353,77.34271491887861,8478800
2001-07-30,77.35551452636719,77.67556217015319,77.00346504832628,77.5731494635822,8547700
2001-07-31,77.6755599975586,78.52688787826708,77.32351052936455,77.4515276298825,11918100
2001-08-01,78.16203308105469,78.53968694273192,77.80358129593199,78.072420134774,11940800
2001-08-02,78.4820785522461,78.89173911926136,78.02120919346913,78.87893936309052,11070100
2001-08-03,78.05323028564453,78.3220691666015,77.38753052074627,78.3220691666015,10816300
2001-08-06,77.00348663330078,77.77800156234372,76.87546460977663,77.67558394352439,8550100
2001-08-07,77.3043212890625,77.57956251345324,76.75384372382149,76.98427358086585,8865100
2001-08-08,75.87047576904297,77.55392910396988,75.80646723208287,76.88822957580047,15183800
2001-08-09,76.09449768066406,76.15210877452395,75.4416028793238,75.97928037648194,14118500
2001-08-10,76.35697174072266,76.70902123859011,75.10878292953869,76.04332639953971,11173300
2001-08-13,76.37617492675781,76.71542467183053,76.04972493958564,76.55540083860456,7431600
2001-08-14,76.34416198730469,77.03546606257329,76.04332130752134,76.90104663963875,13178100
2001-08-15,75.68485260009766,76.56178475343087,75.58243991089434,76.31855034347667,8520600
2001-08-16,75.94728088378906,76.0112894139564,74.89112304364548,75.40320105205988,10734700
2001-08-17,74.73110961914062,75.44801795343237,74.25744057010174,75.30719623745198,11604600
2001-08-20,75.42243194580078,75.46723842239471,74.60311072606044,74.76313455440159,10417400
2001-08-21,74.13581085205078,75.87687022475605,74.12301109940053,75.40320124009112,14480800
2001-08-22,74.90394592285156,75.1663873261656,74.11022915993327,74.73112234968667,11752300
2001-08-23,74.63510131835938,75.22398774589375,74.56469045381299,74.86553598714046,8744100
2001-08-24,76.18413543701172,76.25454630605509,74.72471903054777,75.02556458308959,11687700
2001-08-27,75.72966003417969,76.29934436009918,75.69765820494322,76.15212520182627,7425100
2001-08-28,74.62228393554688,75.84486297166289,74.62228393554688,75.71044359388289,12046600
2001-08-29,73.95657348632812,75.00632884738913,73.71973658914182,74.97432214544551,16180000
2001-08-30,72.53559875488281,74.08462819931358,71.71627755728437,73.5149437764978,17692600
2001-08-31,73.06690216064453,73.46375824441205,72.414002017122,72.58683053657136,15985400
2001-09-04,72.59961700439453,74.35987930368233,72.5676151654407,72.8748582138066,24473400
2001-09-05,72.77882385253906,73.09247402343571,71.65865722843687,72.77882385253906,21477100
2001-09-06,70.90335083007812,72.52279596354533,70.90335083007812,72.1067330618014,21653000
2001-09-07,69.59115600585938,71.21059619872018,69.53354489421329,70.42327689648495,33133900
2001-09-10,70.44247436523438,70.63449998325797,68.93824683125432,68.93824683125432,23408700
2001-09-17,66.76193237304688,68.10613133767396,64.00952101594567,64.64961622610511,32388700
2001-09-18,66.60189819335938,67.4020170813933,66.16023100443245,66.78112404291288,22029200
2001-09-19,65.25768280029297,66.88992699129449,63.087761157478454,66.63388801653423,42771800
2001-09-20,63.183753967285156,65.16804677150459,63.087738775371925,64.26551568800551,36210900
2001-09-21,62.50210189819336,63.60077108368551,60.26621527918351,60.57461106711324,49782100
2001-09-24,64.69945526123047,64.99500823745362,63.64576042156189,64.06981085555387,25549600
2001-09-25,65.37406921386719,65.5346934625499,64.18545075398767,64.7315722191363,25466200
2001-09-26,65.1427993774414,65.79172300824642,64.52600257165393,65.7595961832289,18587500
2001-09-27,65.70817565917969,65.7210283461059,64.24970941233966,65.05283077999391,20536800
2001-09-28,67.10234832763672,70.4304810037172,65.8559033205836,66.16430385392773,21687200
2001-10-01,66.99320220947266,67.02532904044368,66.06800928027438,66.75548130700528,20457400
2001-10-02,67.83487701416016,67.83487701416016,66.5948568297659,66.8197299405387,19833100
2001-10-03,68.97203826904297,69.31256082710358,67.0445476519191,67.20517187001276,32045800
2001-10-04,69.02986907958984,70.01288856048006,68.58654464630116,69.57599046876636,32674100
2001-10-05,68.89494323730469,69.14551663067645,67.79626924869036,68.90779101820432,29796100
2001-10-08,68.44522094726562,68.93994650028206,68.02117537511582,68.27817031490879,12970300
2001-10-09,68.07898712158203,68.58656038148125,67.84768779044154,68.49661118624479,15976300
2001-10-10,69.59529113769531,69.74306763911277,67.7962971557665,67.97620047545077,19987400
2001-10-11,70.67467498779297,70.86742606214142,70.00005112943684,70.00005112943684,23006300
2001-10-12,70.35340118408203,70.60397454957503,68.9399101530004,70.12852827939109,31360500
2001-10-15,70.22494506835938,70.32131572569794,69.42824502068716,69.79446822416737,16873000
2001-10-16,70.66827392578125,71.06662400107139,70.00007617135836,70.54620277676321,15877100
2001-10-17,69.16481018066406,71.41354991313986,69.16481018066406,71.36214897137887,28542300
2001-10-18,69.01701354980469,69.49246476949573,68.58654181742097,69.27401328171781,16510000
2001-10-19,68.97203826904297,69.331839850839,68.11109481295479,68.74716534408428,21912500
2001-10-22,70.33415222167969,70.39840094573505,68.8821075290841,68.93993481203832,17540600
2001-10-23,69.97431182861328,70.85452909342187,69.63378448983917,70.64893036348187,22062500
2001-10-24,69.78801727294922,70.32128599157599,69.53101752436358,70.01931655649005,16065200
2001-10-25,71.0408935546875,71.06016768051441,68.58012885228015,69.03630113701526,27467900
2001-10-26,70.88029479980469,71.82476651996187,70.46267061650094,70.64256905808043,18623300
2001-10-29,69.03628540039062,71.02802958078688,69.03628540039062,70.77745619842824,18727500
2001-10-30,68.20747375488281,69.19691467446795,67.82197169057835,68.9720417381986,26178600
2001-10-31,67.97618103027344,69.29972321293657,67.97618103027344,68.68292671319463,28124200
2001-11-01,69.71736907958984,70.03861766362388,67.91194870405074,68.4901971356849,29806800
2001-11-02,70.19281005859375,70.27633291916405,69.30616580147202,69.6723889622249,17575900
2001-11-05,71.11158752441406,71.37500881719211,70.64256242984807,70.75179067501402,15929500
2001-11-06,72.21669006347656,72.26809101863097,70.57832015645023,70.89956877336795,23245800
2001-11-07,72.12028503417969,72.67925916392592,71.72836148950638,71.81188433111141,19716000
2001-11-08,72.34518432617188,73.29608234670181,71.89543824327137,72.51866131662256,22563500
2001-11-09,72.4222640991211,72.57646200973954,71.59986870667176,72.12028971867353,15895800
2001-11-12,71.97894287109375,72.37729280202669,70.6746746594047,71.31717170176293,26068800
2001-11-13,73.59803009033203,73.59803009033203,72.71780747417702,72.8848580593891,15296200
2001-11-14,73.668701171875,74.14414753287907,73.0583261404205,73.99637108050426,17571300
2001-11-15,73.80364227294922,74.00281480165904,73.1996934415533,73.48239372890691,19470200
2001-11-16,73.47599029541016,73.95143691631576,72.85919348675456,73.93858912736816,18134900
2001-11-19,74.38188171386719,74.43328265458544,73.53378579947004,73.8357601988604,13625400
2001-11-20,73.75865173339844,74.40114868263758,73.65584986862608,74.12487479839024,16209700
2001-11-21,73.27035522460938,73.67512655201979,72.92983261398211,73.56590324330216,11470200
2001-11-23,74.3240737915039,74.36904839791619,73.24467833574468,73.27037881110375,6717100
2001-11-26,74.48470306396484,74.74812437573728,73.93215506147851,74.36905336805225,13726000
2001-11-27,74.16346740722656,75.10793927183688,73.30251843130551,74.28554346919721,19261400
2001-11-28,72.82060241699219,73.99637301931618,72.7627800440235,73.72009913300829,20195500
2001-11-29,73.80364227294922,73.83576418623518,72.60217095356006,73.0262213845905,16354700
2001-11-30,73.2767562866211,73.82930388368234,73.25747726656076,73.5016291687132,13680300
2001-12-03,72.83988952636719,73.29606182612811,72.60859020509922,73.01978790916155,15220400
2001-12-04,74.07347106933594,74.07989741110727,72.8270254662759,73.19324851744084,17239900
2001-12-05,75.42915344238281,75.81465068583641,74.24695634034656,74.27908315307745,25204000
2001-12-06,75.39060974121094,75.77611193487246,75.12718847086386,75.39060974121094,17972900
2001-12-07,74.88945007324219,75.22997270495449,74.33690225134038,75.10790160606678,18857800
2001-12-10,73.48883056640625,74.7802513565317,73.46955643402397,74.4333022680563,13862700
2001-12-11,73.34104919433594,74.3497695037009,73.18042491003027,73.8229220472529,20833300
2001-12-12,73.42455291748047,73.74580140234998,72.67283263933287,73.5980298443532,16171500
2001-12-13,71.99819946289062,73.05189396358153,71.98535168199246,72.89126974211204,19026700
2001-12-14,72.6856918334961,72.91699117106498,71.95967190837713,72.17169711812588,16721900
2001-12-17,73.4374008178711,73.47594906494811,72.53790413846117,72.5957265090767,13925900
2001-12-18,73.87432861328125,73.98355195846882,73.46312590446922,73.64945067665865,13663700
2001-12-19,74.3947525024414,74.47827537503454,73.24468190880742,73.30250430478775,20143400
2001-12-20,73.66227722167969,74.40114970381852,73.59802850624648,74.20839865565613,14867900
2001-12-21,74.1090316772461,74.18639825039885,73.62550166216518,74.16060939268127,14037700
2001-12-24,73.96723937988281,74.16709698428248,73.88987276589377,74.03170909884487,5728800
2001-12-26,74.3733901977539,74.9213900924213,73.9156488777977,73.9156488777977,10304800
2001-12-27,74.8246841430664,74.83758103605183,74.30247310779706,74.33471042153711,9407300
2001-12-28,74.78602600097656,75.26955634150012,74.73444825082672,74.972991656226,10593800
2001-12-31,73.69001770019531,75.03745307220281,73.64488840349469,74.88272475761845,14619500
2002-01-02,74.4830093383789,74.62484568520853,73.37411235631981,74.2122335410086,18651900
2002-01-03,75.32752227783203,75.39844040250287,74.4894065879277,74.56032471259856,15743000
2002-01-04,75.83042907714844,76.06252395993646,75.14059287517388,75.5403080143017,20140700
2002-01-07,75.29532623291016,76.06897261520399,75.14704146829656,75.88200700709284,13106500
2002-01-08,75.12124633789062,75.4693886565201,74.76666049169782,75.29531995656703,12683700
2002-01-09,74.5087890625,75.93359096652446,74.3605042857354,75.22441423818852,16610300
2002-01-10,74.83760833740234,75.01167710641928,74.33473753943639,74.58617293841937,12823400
2002-01-11,74.10266876220703,74.96657430127208,73.94793544757958,74.92144498085415,13708400
2002-01-14,73.63842010498047,74.03813521979886,73.4707949401117,73.91564425818828,12301100
2002-01-15,74.23798370361328,74.39271194732433,73.43210026114835,73.85116063497455,20219900
2002-01-16,72.73585510253906,73.75449350491633,72.65204494996048,73.69002377841552,17067000
2002-01-17,73.28382873535156,73.65131145451741,73.10976004468272,73.34185491138989,17283400
2002-01-18,72.9485855102539,73.39987836528833,72.6391240391423,72.85187849311133,17028000
2002-01-22,72.44572448730469,73.45146579342197,72.22007311127551,73.33541834127584,11689300
2002-01-23,73.00020599365234,73.20651212230658,72.22010587224227,72.61337769854035,12438900
2002-01-24,73.22583770751953,73.65779030826434,73.05821247487039,73.26451856169814,12142800
2002-01-25,73.20647430419922,73.61263790177338,72.87767239070192,72.92925012590219,12810700
2002-01-28,73.4063720703125,73.61912665545591,72.80034564671352,73.43216095203228,10589200
2002-01-29,71.0982666015625,73.58038684964559,70.94998678895098,73.39986972887192,27720800
2002-01-30,72.12338256835938,73.10333516243267,69.88624822126924,71.16921392892185,34711800
2002-01-31,72.96794128417969,73.04530789791822,71.96219989919996,72.3038938354444,19909200
2002-02-01,72.626220703125,73.0452810993648,72.31675928042904,72.90988834531363,15838500
2002-02-04,70.82106018066406,72.35546592829498,70.5567328787973,72.35546592829498,24243400
2002-02-05,70.38264465332031,71.2336574867137,69.97003266856733,70.53092939099226,33614000
2002-02-06,70.07965850830078,70.75015447016524,69.66704636541876,70.69213319322468,29486000
2002-02-07,69.6412124633789,70.82747529620033,69.62832049419154,70.0925100844816,23445400
2002-02-08,70.9758071899414,71.40131626637697,69.8217857295544,70.03453534904703,19277800
2002-02-11,71.84611511230469,71.97505448282448,70.80168850369635,70.94997320664363,18792400
2002-02-12,71.62047576904297,72.02019575420938,70.93708813772469,71.53666565611304,13942500
2002-02-13,72.38125610351562,72.55532975612445,71.78812681633035,71.87194187822507,16781100
2002-02-14,72.24588012695312,72.83256598203238,71.94286698586606,72.53600128955198,20453800
2002-02-15,71.49153900146484,72.36189222624405,71.37549157691276,72.30387097332937,18366800
2002-02-19,70.11833953857422,71.10474052968458,70.02163249815224,71.01448193695057,15988100
2002-02-20,71.29814147949219,71.29814147949219,69.51230533612484,70.30529707377676,29242800
2002-02-21,69.82174682617188,71.3239098979219,69.79595796450924,70.87261711563174,26288600
2002-02-22,70.68567657470703,70.87909064626876,69.54454732492047,69.85400393695025,26572900
2002-02-25,71.8525619506836,72.08465676329793,70.72432519108915,70.75011405012651,17458700
2002-02-26,71.70428466796875,72.23294399992332,71.2852243017155,71.94927145931089,22346500
2002-02-27,71.98153686523438,72.76163173774255,71.33682987122194,72.18139445938655,28597900
2002-02-28,71.65914916992188,72.69067888431415,71.58178259682184,72.0975499133788,23755400
2002-03-01,73.32896423339844,73.39988238860875,71.89127054589547,72.02665840982691,26273600
2002-03-04,74.62486267089844,74.77959103051062,73.27097845715862,73.43215526638303,27184600
2002-03-05,74.38629913330078,75.04390309182642,74.12197179529602,74.3540667313963,22718900
2002-03-06,75.26952362060547,75.52740734052341,74.18641593192835,74.2057563501457,20143200
2002-03-07,75.1083755493164,75.75308263557663,74.50879776234541,75.66282403699817,19330800
2002-03-08,75.42427825927734,76.01096405020985,75.09548119716364,75.67571362146997,19930100
2002-03-11,75.58544921875,76.01095821052364,75.06323810950433,75.35980274677496,15621800
2002-03-12,75.54031372070312,75.59189145826858,74.74732691021045,74.85047746661756,17153600
2002-03-13,74.81181335449219,75.26955481063105,74.55392952771292,75.1921881869798,17175300
2002-03-14,74.70863342285156,75.06322418354483,74.54745669866794,74.81178888731625,11168100
2002-03-15,75.42048645019531,75.61444959114264,74.93557119860745,74.98082975810979,21220100
2002-03-18,75.4334487915039,76.008881417176,75.06491323424407,75.71146718963432,17548900
2002-03-19,75.9377670288086,76.12526828494879,75.53043977549308,75.84078787288752,17912000
2002-03-20,74.50885772705078,75.37524237476799,74.4765329970879,75.32351688745061,17114500
2002-03-21,74.54116821289062,74.93556631979581,73.78470165353976,74.54763513034507,25846800
2002-03-22,74.37950897216797,74.96140805975777,74.15967823560679,74.67692296520023,15235400
2002-03-25,73.45497131347656,74.58644036644716,73.25454123116498,74.4118680930418,17499600
2002-03-26,73.88170623779297,74.36662162508775,73.36446611770053,73.39679085049819,19947600
2002-03-27,74.07567596435547,74.36016124287474,73.55196891327637,73.72653628603123,19020300
2002-03-28,74.04331970214844,74.85151174144927,74.03039079995723,74.33427179598438,17532900
2002-04-01,74.07567596435547,74.41834872285486,73.38386352753184,73.85585001845568,17711000
2002-04-02,73.66831970214844,74.32133529485273,73.55840183980892,73.69418243841582,15669500
2002-04-03,73.15107727050781,73.84288945698258,72.51745747576936,73.71358070416613,25658500
2002-04-04,72.84720611572266,73.31919249960428,72.56272583453543,72.80194755284195,23549000
2002-04-05,72.86014556884766,73.46790275540684,72.53040176654811,73.1834224522905,19404900
2002-04-08,73.01531219482422,73.07996658061388,71.9161728379596,71.97436030532627,16470100
2002-04-09,72.50454711914062,73.17696370371537,72.36877140487279,73.17696370371537,15122700
2002-04-10,73.32565307617188,73.40970327630573,72.4721975079837,72.4786644257826,17199300
2002-04-11,71.50238800048828,73.09291481451686,71.44420052166046,72.98946383062598,25453700
2002-04-12,72.03900909423828,72.18771860953302,71.14676680090903,71.78038663835916,14950600
2002-04-15,71.48944091796875,72.3234957654794,71.25021427815444,72.16832426190929,17394900
2002-04-16,73.18988800048828,73.26747623210375,72.2006614782577,72.22005730295807,15040900
2002-04-17,73.03470611572266,73.49375865553469,72.80194638668932,73.31272440691173,12920100
2002-04-18,72.71791076660156,73.35799768342706,71.86445989989615,72.99592911355636,25204800
2002-04-19,72.98295593261719,73.21571558286787,72.77605901381789,73.1898528514165,10499200
2002-04-22,71.76742553710938,72.69199707242241,71.66397462804541,72.6596674301372,13922900
2002-04-23,71.45709228515625,72.07778800023779,71.23079954153894,71.82562759127924,16967000
2002-04-24,70.73944091796875,72.2911658129624,70.73297399994256,71.48297370814774,18902700
2002-04-25,70.77826690673828,70.95283431565198,70.29335140853681,70.61016148617342,25451500
2002-04-26,69.43340301513672,71.12737552317391,69.36874863024045,70.9851329167141,19769800
2002-04-29,69.0907211303711,69.99589719675812,68.9420116253909,69.78253331549587,17724400
2002-04-30,69.73729705810547,70.24160826030256,68.94850058992465,69.19418927148331,19473500
2002-05-01,70.59070587158203,70.63596441577168,69.05191043632284,69.80837678898317,24575600
2002-05-02,70.31918334960938,71.06272110762924,69.6855585391471,70.53900924472457,15666800
2002-05-03,69.55624389648438,70.31917741226574,69.31055034879073,70.21572645896043,18185500
2002-05-06,68.1920394897461,69.82135312024863,68.08858849971305,69.59506024556977,23630400
2002-05-07,67.95280456542969,68.74160100428443,67.82349577632509,68.59935837658091,21910000
2002-05-08,70.48082733154297,70.70712016281918,69.04547718342856,69.21358254358249,27917400
2002-05-09,69.66619873046875,70.53904570943813,69.55628572609233,70.2480983607203,18085600
2002-05-10,68.35369873046875,69.86017093404799,68.27611046436976,69.80844542331533,18958900
2002-05-13,69.74375915527344,69.79547970957353,68.39892608719231,68.6769444144128,14677700
2002-05-14,71.26314544677734,71.36012948268333,70.47434918953432,70.87521423596635,34201200
2002-05-15,70.98514556884766,71.7092876340691,70.66186865393323,70.79764436625958,29535300
2002-05-16,71.35367584228516,71.43126407201008,70.68772623545809,70.92694797801894,28092000
2002-05-17,71.70283508300781,71.92912798223156,71.18558994236903,71.54766351394228,27823700
2002-05-20,70.92694854736328,71.56704034890075,70.7911728438652,71.53471068638571,13833800
2002-05-21,70.2803955078125,71.43126540589391,70.03470684164985,71.19203872605192,16877200
2002-05-22,70.43555450439453,70.55193435588971,69.82779250960712,69.97003509841377,15844200
2002-05-23,71.18558502197266,71.35369042098299,70.13817083715924,70.64248210137531,13879800
2002-05-24,70.27395629882812,71.2502492935961,70.22223079461357,71.10801155622944,11877000
2002-05-28,69.89244842529297,70.55839789408373,69.47218756715125,70.50667735113484,24236900
2002-05-29,69.37522888183594,69.8407435022446,69.26531098029238,69.58212591295568,14773300
2002-05-30,69.18126678466797,69.51101065239985,68.47005848652873,68.89031950496116,18217900
2002-05-31,69.32351684570312,70.18989679016636,69.0842901030841,69.4398967565968,19826300
2002-06-03,67.4808120727539,69.56917778081171,67.32563563168436,69.23943400955558,26056300
2002-06-04,67.6489486694336,68.01748428167645,66.95067404237383,67.3386054869217,25856200
2002-06-05,68.28252410888672,68.32131574526088,67.46786521534275,67.85579637752147,19695900
2002-06-06,66.89247131347656,68.27609637678279,66.69204116676306,68.23730471814538,22998500
2002-06-07,66.81484985351562,67.18985214333547,65.76743612839414,65.80622776775041,24011600
2002-06-10,67.07347106933594,67.53899046437328,66.60795167429859,66.75019425976141,18759900
2002-06-11,65.92259216308594,67.5907013236963,65.7738876252088,67.32561202941123,19990700
2002-06-12,66.32349395751953,66.47219857804406,65.15969507473734,65.7609903420391,31266000
2002-06-13,65.65752410888672,66.59502491367252,65.52174350362435,66.03252147111336,21043900
2002-06-14,65.56056213378906,65.66400818592037,63.685554960569796,64.85581586408573,39267500
2002-06-17,67.31916809082031,67.46140575084277,65.85148853690583,65.89674709527955,17647200
2002-06-18,67.86872863769531,67.90752027316992,67.00234429386838,67.07346558078,21628500
2002-06-19,66.2846908569336,67.519610935202,66.10365658914456,66.91831572700906,21540700
2002-06-20,65.43769836425781,66.62735971876242,65.27605994177932,66.11658171179279,25691000
2002-06-21,64.41451263427734,65.48506103719964,64.02522365596322,65.18660598882288,31190700
2002-06-24,64.75189971923828,65.32934610667787,63.097415382143204,63.979806368583525,37169700
2002-06-25,63.29855728149414,65.45911813558703,63.285583125198,65.07631864886696,33355000
2002-06-26,63.40236282348633,63.681354176560404,61.76085751705809,61.76734211939884,37913600
2002-06-27,64.51185607910156,64.5507835039554,62.656239593183294,63.908456243469686,31616400
2002-06-28,64.2069091796875,65.20608763395867,64.15500264827826,64.38857708954056,28184200
2002-07-01,62.95470428466797,64.75192990595957,62.86387031284242,64.34966163781772,20270200
2002-07-02,61.618160247802734,63.06501959628365,61.48839385887248,62.844424160224584,34213900
2002-07-03,61.968482971191406,62.1825887151846,60.807100511016635,61.39103651754005,30565800
2002-07-05,64.43397521972656,64.57671566431002,62.71461518291097,62.792470007172604,19013500
2002-07-08,63.629432678222656,64.68700176994074,63.29853488385121,64.21985805739374,19118600
2002-07-09,62.0268669128418,63.80462303784331,61.6440674890603,63.40884945989883,28620400
2002-07-10,59.76898193359375,62.331805307434756,59.71707542195245,62.286388347267966,50522500
2002-07-11,60.25559616088867,60.56702533997966,58.601111940456065,59.53540937788413,59476500
2002-07-12,59.59381866455078,60.917405454480964,59.379707944838756,60.554069651390776,39018600
2002-07-15,59.91172790527344,59.95066027085967,57.02449575327275,59.45755822408623,77317200
2002-07-16,58.756839752197266,59.937685967974204,58.30915958775171,59.120180476336934,53282400
2002-07-17,58.87363815307617,60.53461261478924,58.2313108731991,59.98960389998475,48880600
2002-07-18,56.96610641479492,59.107198486145585,56.93366360080298,58.84767082444532,32656700
2002-07-19,54.96125793457031,56.80389979820095,54.69524568159271,56.29133404969294,77572600
2002-07-22,53.332725524902344,55.73983960169252,52.84611304766755,54.56547812391278,78134000
2002-07-23,51.872928619384766,54.00753761454637,51.74316717077611,53.559857151789124,74484100
2002-07-24,54.96775817871094,55.227285879712134,50.400087471359186,50.69205304118604,107022800
2002-07-25,54.50058364868164,55.70089313188129,52.9434231258468,54.67576191809002,87176600
2002-07-26,55.53871536254883,55.752826087908325,54.37084812892092,54.92234140175181,41206800
2002-07-29,58.244266510009766,58.61409178991892,56.641693597122114,56.771454942674154,53492900
2002-07-30,59.00337219238281,59.30182717875454,57.56299881679281,57.95228771423086,47532200
2002-07-31,59.1461296081543,59.39916771171501,57.906887400904075,58.71141868017202,44669900
2002-08-01,57.601924896240234,59.26938301113206,57.30995946739829,58.96443848096389,66571900
2002-08-02,56.31080627441406,57.68629956516997,55.551691865635306,57.42028232187817,51772900
2002-08-05,54.35136795043945,56.40163091625824,54.20863244719121,56.11615000960546,47191300
2002-08-06,56.181053161621094,57.03100666919693,55.22080691881741,55.29866672907722,64730000
2002-08-07,57.16075897216797,57.42028668164891,55.649014643264834,57.01153388051998,43289400
2002-08-08,59.00986862182617,59.1071921032137,56.96610026307759,57.36836339269846,48339800
2002-08-09,59.23050308227539,59.652235112026155,57.97179654888779,58.45840928704311,41879200
2002-08-12,58.79576110839844,59.21748793140997,58.101527555803266,58.38700348906185,25841700
2002-08-13,57.725242614746094,59.47056172718757,57.51762139672958,58.490846784322024,49690500
2002-08-14,59.8338737487793,60.09988600787969,57.108840780701286,57.757657446899145,57423600
2002-08-15,60.664371490478516,60.98229034007483,59.82090766084652,60.23615002156644,45551500
2002-08-16,60.482696533203125,61.04067931858321,59.691139328357934,60.223168850455366,36517300
2002-08-19,61.89711380004883,62.124198653675805,60.404833418936946,60.638407825547134,33669900
2002-08-20,61.241817474365234,61.89712382965407,60.74223071543452,61.52080889690766,30508300
2002-08-21,62.12417221069336,62.14363591127978,60.70975221718835,61.676487296899936,39628900
2002-08-22,62.727603912353516,63.03254857844295,61.68300854344583,61.95551039183592,38399800
2002-08-23,61.3780632019043,62.383731138568805,61.08609764613921,62.29289719010505,33716400
2002-08-26,61.80628204345703,62.05283061467061,60.66436323189347,61.57919718180259,33830100
2002-08-27,61.09260177612305,62.44862672321731,60.664380245411095,62.091775447624016,35335700
2002-08-28,59.7559928894043,60.6578473413069,59.561350928246924,60.52159648347376,38970600
2002-08-29,59.78199005126953,60.37241581896227,58.91906236775563,59.21751755414265,42965700
2002-08-30,59.54841995239258,60.593015656728646,59.301871288977324,59.48353924623915,30366700
2002-09-03,57.27754592895508,59.04232840516614,57.19320152754768,58.86715004837252,76586400
2002-09-04,58.09505081176758,58.555710097751515,57.13479986980301,57.491651052646326,51099500
2002-09-05,57.601924896240234,58.023656587960524,56.77144061412587,57.4137675276242,67250900
2002-09-06,58.393497467041016,58.76332275299581,57.96527610957855,58.23129330741034,38622200
2002-09-09,58.82171630859375,59.269396403973204,57.614917016552276,57.80955902973703,33998400
2002-09-10,59.496482849121094,59.54838936741607,58.75683228869077,59.13314712121231,41416600
2002-09-11,59.12667465209961,60.55407461715532,59.10721093963494,59.99609175946401,27711200
2002-09-12,58.036678314208984,58.93853354267424,57.73822309004819,58.88014238907099,43601700
2002-09-13,58.17939376831055,58.32862379110882,57.25807521909304,57.54355615831823,41131000
2002-09-16,58.32212448120117,58.32212448120117,57.3943165340112,57.94580966064515,28167600
2002-09-17,56.98558044433594,59.16560527733676,56.93367391257894,58.970958258287666,47609700
2002-09-18,56.41459655761719,57.42026418150501,55.979890660871824,56.453528916335245,54719400
2002-09-19,54.95479202270508,56.317311536556225,54.95479202270508,55.79176645689808,48510500
2002-09-20,54.9730339050293,55.52699947447051,54.77751927760473,55.34451716663293,46325600
2002-09-23,54.523338317871094,54.784024447304986,53.89116401222857,54.51681967295448,46893800
2002-09-24,53.64350509643555,54.51681953915722,53.343712070506974,53.7282325633359,69507000
2002-09-25,54.9730339050293,55.246757366785666,53.467549893099296,54.334345827597765,59294400
2002-09-26,55.87240982055664,56.02882249378098,55.03819729473197,55.409680501308046,53638000
2002-09-27,53.93029022216797,55.80725804955017,53.93029022216797,55.396672735761655,64648300
2002-09-30,53.30461502075195,53.962858992377605,52.72457987827884,53.44147674256666,73096400
2002-10-01,55.86588668823242,55.89846996589111,53.09605450153334,53.721710116444875,67198100
2002-10-02,54.19097900390625,55.7420839807256,53.832527972241316,55.194636920296844,56749100
2002-10-03,53.64350509643555,55.13595655344701,53.4088836027055,54.18443826099478,55547000
2002-10-04,52.65937423706055,54.041027851420026,51.86426905854312,53.962824045183176,68483700
2002-10-07,51.571014404296875,52.92008539866063,51.193017559024234,52.17711905233096,53188000
2002-10-08,52.379154205322266,52.99177248985578,50.964906793933196,52.01418472547903,79531000
2002-10-09,50.89974594116211,51.942505447309806,50.69119403993257,51.54495260867388,79956400
2002-10-10,52.548614501953125,52.83537525429081,50.22847378873355,50.79547664750944,76749000
2002-10-11,54.849212646484375,55.22069592962877,53.32417260833826,53.50665492675722,82308300
2002-10-14,55.15550994873047,55.298890309253096,54.119269115939595,54.22354257760279,40631900
2002-10-15,57.8079948425293,57.82103212459285,56.602304809494875,56.6935458948748,82320300
2002-10-16,56.406803131103516,57.221459415652866,55.996213181439536,56.967287052654854,62977800
2002-10-17,57.52778625488281,58.19906744638394,57.2540628402527,57.91882538694766,68534100
2002-10-18,57.768943786621094,58.07525554525602,56.65449385807551,57.12373698004641,47448700
2002-10-21,58.76608657836914,58.98115718465267,57.07160128906535,57.4300522995379,45859100
2002-10-22,58.34243392944336,58.661782836749225,57.690708771744056,58.0361272820301,40966800
2002-10-23,58.78561782836914,58.8312383987379,57.14327232282462,57.853650486033736,54905800
2002-10-24,57.58646774291992,59.24185117183161,57.41701771431307,59.14409134870184,54987400
2002-10-25,58.78561782836914,58.90944722177116,57.3127222865954,57.48868592308368,43672100
2002-10-28,58.40110397338867,59.496002665829494,57.905791357880595,59.40476152248187,39416100
2002-10-29,57.72332763671875,58.322913906496225,56.70011879528096,58.05570903568559,59508200
2002-10-30,58.2838249206543,58.62923871865595,57.50175613167969,57.79503068447714,41688600
2002-10-31,57.69071960449219,58.85079477973292,57.4756540409919,58.433690998266094,41620600
2002-11-01,58.83124923706055,59.18970019332956,57.38442303641966,57.579937671618076,51878900
2002-11-04,59.3917236328125,60.57134978379349,59.2418296012266,59.828383354163364,49080600
2002-11-05,59.86099624633789,60.00437667601106,59.20275198841642,59.20275198841642,37270800
2002-11-06,60.63651657104492,60.65606753256735,59.17013478963543,60.27155202990907,65013100
2002-11-07,59.15060043334961,60.10211894862104,58.79866811034176,59.971770881430906,51572000
2002-11-08,58.427181243896484,59.678492778704815,58.34245376234162,59.000697787616126,37905400
2002-11-11,57.521278381347656,58.36851831760798,57.221485329538346,58.33593503483044,33505100
2002-11-12,57.97747039794922,58.609644607010175,57.592954935190825,57.78195583074388,37724500
2002-11-13,58.03611755371094,58.48580445600209,56.993353498370965,57.56035608054201,63891500
2002-11-14,59.13103485107422,59.3069984829505,58.49234191038249,58.70089379406914,31896800
2002-11-15,59.56767272949219,59.66543248499886,58.62266838928467,58.65525663187613,39152100
2002-11-18,58.968109130859375,60.056489221720156,58.883381657021985,60.056489221720156,28934800
2002-11-19,58.88988494873047,59.372160167470355,58.49885085320439,58.668295812162434,32806600
2002-11-20,60.19987487792969,60.23245816342548,58.62269568628661,58.642251624308116,36688400
2002-11-21,61.32083511352539,61.38601162561712,60.238973630125365,60.34976574504969,55128200
2002-11-22,60.88417053222656,61.43813598999644,60.78641075208623,60.92327742764407,32513800
2002-11-25,60.923274993896484,61.431619863596175,60.46054571786854,60.89068674439521,33846400
2002-11-26,59.7631950378418,60.903714065069835,59.71106080409247,60.656060294888356,42284700
2002-11-27,61.44467544555664,61.685815655273,60.23898434151616,60.297637246104365,37764000
2002-11-29,61.24911117553711,61.88128018161786,61.11224456449424,61.783525419825274,19385700
2002-12-02,61.346893310546875,62.59820951476687,60.753825944554244,62.22020769294762,49911900
2002-12-03,60.525726318359375,60.87113990849699,60.186826400748394,60.77338012563732,34407700
2002-12-04,60.251983642578125,60.70167555372252,59.58722622687017,59.80881037468351,64040800
2002-12-05,59.58725357055664,60.48011915931812,59.37218299503254,60.4344985801709,36724900
2002-12-06,59.978267669677734,60.069508797324204,58.64223403070111,58.73347515834757,49824100
2002-12-09,58.32940673828125,59.60678756291661,58.316374421780466,59.352615126866496,36789600
2002-12-10,59.11148452758789,59.372175650008714,58.49886610800898,58.668311111153365,33319900
2002-12-11,59.163631439208984,59.71108336470147,58.75956487057452,58.9290098957508,39201000
2002-12-12,59.15713119506836,59.62637442795326,58.78564779774644,59.4373734051373,34465600
2002-12-13,58.225135803222656,58.96810721828026,58.17951523120126,58.59662399688617,36862200
2002-12-16,59.7306022644043,59.82184337429112,58.43367079764083,58.53794422082539,37098400
2002-12-17,59.20923614501953,59.78927120187898,59.137545971945315,59.54813604905562,32353900
2002-12-18,58.524959564208984,58.91599392103729,58.21864774347413,58.863854680854416,35612600
2002-12-19,58.10787582397461,59.11152919953396,57.7429059878615,58.231700347192614,39264200
2002-12-20,58.936954498291016,58.956601533877134,58.354069124622896,58.41956090881091,31176900
2002-12-23,58.956607818603516,59.25132837392079,58.49160960558652,58.674988619542134,22599300
2002-12-24,58.51780319213867,58.85181779924747,58.45231140559066,58.67498447919451,10937000
2002-12-26,58.544010162353516,59.34302307599717,58.18379778433259,58.74703623176323,17485600
2002-12-27,57.22759246826172,58.47850703250779,57.22759246826172,58.26237964758001,22205700
2002-12-30,57.705718994140625,57.94149352500841,57.12283334746891,57.496142188558714,29968000
2002-12-31,57.78425216674805,57.91523566045884,57.05073161054759,57.62706597825509,34036600
2003-01-02,59.64426040649414,59.79489596333268,57.98729426477721,58.19032023570179,44516300
2003-01-03,59.8276252746582,59.8472722999067,59.270937906916714,59.53946057651332,32222600
2003-01-06,60.88207244873047,61.229183296371176,59.70975138057511,59.755596115231405,40984500
2003-01-07,60.731483459472656,61.15063703371439,60.384367377540045,60.84282003460145,38640400
2003-01-08,59.853858947753906,60.51533750998832,59.63118586550456,60.38434893510351,38702200
2003-01-09,60.78386688232422,61.026192044332085,59.86697166760073,60.135489552854274,34804900
2003-01-10,60.94758224487305,61.32744158538211,60.12237677691545,60.22061195402745,37768900
2003-01-13,60.927940368652344,61.471531712648215,60.54153531475136,61.26195498922493,31649900
2003-01-14,61.12443161010742,61.451895611022984,60.521899047631784,60.70527808867184,30733000
2003-01-15,60.51533126831055,61.28159561471548,60.19441803717307,61.261948579685004,33511800
2003-01-16,60.26646041870117,60.86244717901497,59.893151732546336,60.580827994954085,44812100
2003-01-17,59.37577438354492,60.449855894856555,59.04175970725165,59.59189682424851,35618300
2003-01-21,58.45231246948242,59.546040814520566,58.255832109559215,59.513297419002114,36826200
2003-01-22,57.74501037597656,58.812546395321206,57.63367379626116,58.13796624342826,42286500
2003-01-23,58.09864807128906,58.537448524763256,57.60090151394511,58.12484578448642,55919800
2003-01-24,56.57265853881836,58.07899439691757,56.43512430778009,58.020048299785564,68633900
2003-01-27,55.79987335205078,56.84776233252712,55.34142567062112,56.14698944993893,57884400
2003-01-28,56.212467193603516,56.585775925540155,55.75401463020698,56.08147860547434,46929100
2003-01-29,56.6381950378418,57.09664279618426,55.518263377151555,55.94396772230145,53712200
2003-01-30,55.295570373535156,56.90014194971419,55.27592333331563,56.84120082905561,49845900
2003-01-31,56.36308288574219,56.46132305162581,55.11217343004473,55.11217343004473,55317000
2003-02-03,56.474422454833984,56.854276754854446,56.2713914532327,56.4154763586587,39696000
2003-02-04,55.91773223876953,56.160057316967574,55.210414031571545,55.87188749388908,43633400
2003-02-05,55.57063293457031,56.6774627167601,55.328312802401065,56.16006906108273,55270600
2003-02-06,55.30867385864258,55.59684381018988,54.784734397389364,55.25628341021052,53638000
2003-02-07,54.634071350097656,55.66230771103526,54.33935586319728,55.609917288870015,43165000
2003-02-10,55.0204963684082,55.09908452150378,54.129793990832496,54.66028401104173,45455900
2003-02-11,54.6406135559082,55.5902566413252,54.24765796872536,55.25624714040554,46861000
2003-02-12,53.769596099853516,54.76508961165959,53.763045419765284,54.46382328476442,35873600
2003-02-13,53.93329620361328,54.13632719254138,53.04914478979049,53.8023126596032,57934100
2003-02-14,55.11221694946289,55.14496036614504,53.586232824955886,53.946445385403926,59580900
2003-02-18,56.081485748291016,56.192827311557764,55.26937638527073,55.36106591028732,39492700
2003-02-19,55.78678512573242,55.97671490623052,55.19734873741174,55.87847467539279,31432000
2003-02-20,55.230098724365234,55.94396809521501,55.04671961980587,55.80643376679549,29280100
2003-02-21,55.78678512573242,56.15354332437387,54.660307805098604,55.26284055906832,60955800
2003-02-24,54.88294982910156,55.66886116450777,54.745410598538186,55.62301641988744,30628600
2003-02-25,55.321754455566406,55.33485081358308,53.84816684190225,54.32626135840417,56770600
2003-02-26,54.51621627807617,55.3610741674877,54.4114303753015,55.02705942127731,37787200
2003-02-27,55.236629486083984,55.50515238571919,54.4638191818566,54.81747593270105,51126000
2003-02-28,55.603389739990234,55.81951718518764,55.118744405638914,55.32177049231902,43666800
2003-03-03,55.072879791259766,56.17970944229833,54.83055968780367,55.83914916328033,42923100
2003-03-04,54.1953010559082,55.02051187287615,54.12980924430549,54.98121278855058,31440500
2003-03-05,54.65372848510742,54.7126745914043,53.939859508721675,54.10359147541966,43974700
2003-03-06,54.1953010559082,54.699593501624484,54.01192198473864,54.27389422785441,41217700
2003-03-07,54.568572998046875,55.00737333559562,53.330760107527844,53.44864728742021,63538000
2003-03-10,53.25872039794922,54.26730965619385,53.11463550438544,54.09702705500923,41014100
2003-03-11,52.734825134277344,53.70412122816581,52.7086323990726,53.36356070673315,48102700
2003-03-12,53.088436126708984,53.114633833505714,51.98815742475484,52.64308510456798,62459800
2003-03-13,54.922271728515625,54.95502013271202,53.39628803233463,53.82199230336304,72117800
2003-03-14,55.09907150268555,55.51822487583607,54.58822864145224,55.144916246726936,63951800
2003-03-17,56.83462905883789,56.94596557656775,54.503087879543536,54.66026913967406,88217500
2003-03-18,57.16864013671875,57.2079342001894,56.50716175365224,57.07695065748599,50792300
2003-03-19,57.60745620727539,57.73844478239346,56.76914931333265,57.162105045280406,49630800
2003-03-20,57.731929779052734,58.020094828973356,56.55305685803917,57.19488878097018,67321600
2003-03-21,58.96418762207031,59.10227645523811,57.82001942092898,58.392106029925316,71165300
2003-03-24,57.004615783691406,57.95808811722765,56.78103988134763,57.87917808989757,65398900
2003-03-25,57.55040740966797,58.037011834376415,56.84023706358004,57.03750465316249,61040100
2003-03-26,57.26107406616211,57.7673996734452,57.07695566351371,57.576704180173586,45740800
2003-03-27,57.30707931518555,57.64244055856079,56.54429766622978,56.81390308186527,53120200
2003-03-28,57.017765045166016,57.39257889614579,56.71528413181827,56.859950007082325,32583000
2003-03-31,55.72236251831055,56.938863441511195,55.49879159935328,56.12347977112243,61119500
2003-04-01,56.577213287353516,56.80736133605052,55.83416243960283,56.05773339637958,53574000
2003-04-02,57.94495391845703,58.37236954720344,57.53725953057407,57.563562879810156,50431200
2003-04-03,57.668766021728516,58.51703014435176,57.63589060080772,58.43812512066151,48755500
2003-04-04,58.0107307434082,58.25402803226046,57.61619039601444,58.14881961415339,36250100
2003-04-07,57.89892578125,59.74011512285576,57.846319081442424,59.40475368264628,69776200
2003-04-08,57.99095916748047,58.293440031368135,57.67532412607445,58.06329209328499,39712700
2003-04-09,57.228187561035156,58.58935419838166,57.05721834091371,58.10275489772027,55647300
2003-04-10,57.54384231567383,57.622747354338316,56.36021656719267,57.26765962979397,41812400
2003-04-11,57.30707931518555,58.32630718727194,57.1163839029466,57.97122471410764,47730100
2003-04-14,58.49076843261719,58.523648893793506,57.20851071640489,57.51756899078786,36711700
2003-04-15,59.03654479980469,59.03654479980469,58.14225054660297,58.41842832621878,49709800
2003-04-16,58.03044509887695,59.22064299069651,57.88577916392286,59.12201168672934,51788000
2003-04-17,58.89185333251953,58.99706673647755,57.99098739117235,58.063320352180675,37403100
2003-04-21,58.9510498046875,59.28641133086372,58.56308156521848,59.089138664441876,32052700
2003-04-22,60.062320709228516,60.20698662125036,58.45127945302353,58.5893682735396,59763600
2003-04-23,60.61469268798828,60.72647818087206,59.99657640546317,60.2464557623232,44227100
2003-04-24,60.07548522949219,60.548935562357734,59.81245670936114,60.18727072007107,49692400
2003-04-25,59.332401275634766,60.14778471902295,59.1943074913704,60.03599929066508,43917200
2003-04-28,60.35823059082031,60.621259069901576,59.37845464851484,59.47051386366564,46432900
2003-04-29,60.56867980957031,61.0224040161106,60.101806430702055,60.588406076488894,52017100
2003-04-30,60.43711853027344,60.87111109766947,60.10833430591164,60.437118530273445,48709100
2003-05-01,60.4305534362793,60.97633656109933,59.509956421961796,60.44370260045021,50240400
2003-05-02,61.29194259643555,61.46291176460758,60.16092428165588,60.20695386345049,50201500
2003-05-05,61.173606872558594,61.66678332914723,60.82509631259868,61.46293866581604,35437800
2003-05-06,61.75227355957031,62.06132660706203,61.1538836874436,61.18018703513769,44401000
2003-05-07,61.41031265258789,61.90348895401686,61.134135127831364,61.430038901949246,41413100
2003-05-08,60.792236328125,61.3709001093233,60.68045083106697,60.838265945551946,40570700
2003-05-09,61.6339225769043,61.67995218979968,60.897443753726584,61.04210968478395,33608100
2003-05-12,62.39009475708008,62.54791480233926,61.33798620626535,61.482652072661615,35662300
2003-05-13,62.27834701538086,62.58740518667801,61.982443030908286,62.15998441822136,39253600
2003-05-14,62.14680480957031,62.62682703965974,61.75226468456327,62.52819075419551,32195100
2003-05-15,62.541324615478516,62.6859904515788,61.97581544718552,62.39665877937822,43879200
2003-05-16,62.383548736572266,62.76493479642984,61.982431400180324,62.39669790407712,38905000
2003-05-19,60.92374801635742,62.087642540869176,60.713326208999575,61.910101179006965,41606000
2003-05-20,60.79879379272461,61.173607704153184,60.22670728923871,61.035518896453226,55404600
2003-05-21,60.92374801635742,61.07498602519344,60.437148527502096,60.56866027578138,49333800
2003-05-22,61.528690338134766,61.844325456296104,60.94345471747208,61.12099602235345,38421800
2003-05-23,61.653629302978516,61.79829518820029,61.2459349916126,61.5023863274694,26155900
2003-05-27,62.73203659057617,63.02136332228797,61.19990076474831,61.351143728818904,43719200
2003-05-28,62.90959548950195,63.43565244925622,62.75178040831607,63.02795805460412,37727100
2003-05-29,62.74518585205078,63.66578276695426,62.52161496733757,63.047666763818434,50844200
2003-05-30,63.75129318237305,63.843352413066945,62.83727295130378,63.06084895216882,52529500
2003-06-02,64.0143051147461,64.73762960423606,63.56715824575858,64.13266766879723,50305500
2003-06-03,64.27734375,64.33652252797275,63.685530886015925,63.88280351296105,38254500
2003-06-04,65.20449829101562,65.32943290111643,64.15896171236815,64.21814548923676,49360700
2003-06-05,65.52670288085938,65.52670288085938,64.61925512826997,64.82310477737968,46262400
2003-06-06,65.27025604248047,66.67745234599658,65.18476891971879,66.01988379232178,60356800
2003-06-09,64.60613250732422,65.16506496584931,64.29049728613325,64.94806606483375,37808500
2003-06-10,65.26367950439453,65.2702565947049,64.566658436994,64.74419974057433,29965900
2003-06-11,65.95415496826172,66.01333375425588,64.9086179306969,65.2045269112237,37610200
2003-06-12,66.15799713134766,66.34869268468385,65.50700542640807,66.25005636166833,36442000
2003-06-13,65.46752166748047,66.25002982866506,65.06640446022196,66.15797063521391,48628300
2003-06-16,66.84845733642578,66.8747556778136,65.62537877093527,65.73058718704436,36326300
2003-06-17,66.84845733642578,67.19039095984611,66.56570250640695,67.1180579788981,36801800
2003-06-18,66.78924560546875,67.16405952421485,66.41443168672265,66.60512719160758,35521000
2003-06-19,65.77000427246094,66.89445090965025,65.651641732591,66.83526713129032,43551700
2003-06-20,65.62483215332031,66.32437117341067,65.61163045389988,66.25177693151755,41545000
2003-06-23,64.95166015625,65.769993999801,64.62168829400329,65.63140138688286,34237500
2003-06-24,65.01764678955078,65.39381447216347,64.6876749614705,64.81966671368492,36213600
2003-06-25,64.36431884765625,65.62481393887832,64.36431884765625,65.02426265626131,47743400
2003-06-26,65.2024917602539,65.32128192272909,63.98819176217703,64.5293458279029,33477300
2003-06-27,64.45014190673828,65.45985555352446,64.39734517142264,65.1694785442622,54208800
2003-06-30,64.4303207397461,65.11666299563211,64.3247323345949,64.81969025648624,33349000
2003-07-01,65.0242691040039,65.23545094229925,63.638387975505005,64.17954175082257,51322800
2003-07-02,65.84259796142578,65.85579965846371,65.0506673282043,65.1826540887505,34662100
2003-07-03,65.16287231445312,65.89541059282232,64.60852174432151,65.38065505342199,30792800
2003-07-07,66.45638275146484,66.58837462004755,65.76344432256177,65.76344432256177,31391100
2003-07-08,66.75334167480469,66.84573343902107,66.10659429031645,66.32437703524373,30952500
2003-07-09,66.37714385986328,66.91829753571841,66.01417278186295,66.60152231901165,36528500
2003-07-10,65.5324478149414,66.02080501434017,65.09028146382329,65.888813180061,49777700
2003-07-11,66.15277099609375,66.29135860224463,65.59181972311009,65.59181972311009,39976300
2003-07-14,66.47613525390625,67.24826822257131,66.29134677702937,66.78630458283588,42114900
2003-07-15,66.33097076416016,66.957915530458,65.96139871199881,66.90511880372452,42573600
2003-07-16,65.94161987304688,66.56856985187149,65.48626182218783,66.52896977812004,39894200
2003-07-17,65.00448608398438,65.91520702059093,64.7801075335781,65.43345070473121,52253500
2003-07-18,65.67102813720703,65.86241249932712,64.97808493073678,65.34765195553527,35698100
2003-07-21,64.85930633544922,65.65783810447847,64.57553016670543,65.63143973587744,34786000
2003-07-22,65.44662475585938,65.60501489138902,64.62169501445254,65.12985455474323,49968300
2003-07-23,65.49281311035156,65.6314006868204,64.85926774579215,65.4730156044233,37275400
2003-07-24,64.99789428710938,66.21878988930605,64.91870421592355,65.98781045672409,40896200
2003-07-25,66.14617919921875,66.18577422195985,64.70090044950031,65.11006747939032,43241100
2003-07-28,65.90201568603516,66.64115486210682,65.7766247006816,66.23858857384153,34382800
2003-07-29,65.59843444824219,66.16598668966652,65.12327396379641,66.08679159726785,53472100
2003-07-30,65.44004821777344,65.82941275361426,65.28825888525917,65.73042014849392,28363300
2003-07-31,65.5918197631836,66.59493724875338,65.44663130856385,65.98118925829763,54937200
2003-08-01,65.01107025146484,65.68421076492201,64.83288259189217,65.45983227209362,49321000
2003-08-04,65.01107025146484,65.33444132905893,64.01455362544158,64.8790784601199,55214100
2003-08-05,63.631797790527344,65.17606933276927,63.579001063362675,64.94508994514013,61415600
2003-08-06,64.00133514404297,64.71407043442727,63.631763289245974,63.80995088806977,50096900
2003-08-07,64.67449951171875,64.72069538139966,63.856170519525946,64.12674488909353,43427400
2003-08-08,64.85930633544922,65.0374940647628,64.51613761358357,64.88570470405027,27357300
2003-08-11,65.10348510742188,65.36086289822931,64.56892697384399,64.84610731661445,34631400
2003-08-12,65.6974105834961,65.72380390603858,64.95167082988814,65.14305514563833,43285600
2003-08-13,65.36083221435547,65.89538506201183,65.02425947862262,65.87558755431661,36152000
2003-08-14,65.53901672363281,65.82939360486019,64.97146465667288,65.40042913076654,35525100
2003-08-15,65.74361419677734,65.85580345320338,65.41364224142607,65.57202737020239,12567000
2003-08-18,66.3111801147461,66.39037017807088,65.82281789436688,65.94820887459579,22873800
2003-08-19,66.56194305419922,66.6147397753044,65.99439088974958,66.44975379808004,37437700
2003-08-20,66.29138946533203,66.58176650958409,66.10001008795616,66.18580101695136,21295300
2003-08-21,66.50253295898438,66.99749079743609,66.25835698106329,66.68732144804908,46494200
2003-08-22,65.84259796142578,67.19548491439899,65.81620463729428,67.14928904471061,52040300
2003-08-25,65.94821166992188,66.54216234490092,65.51924701382737,65.80302316770769,23473000
2003-08-26,66.06697082519531,66.25175427410265,65.22224361020668,65.66440472508802,45065800
2003-08-27,66.08680725097656,66.2319957706111,65.7106392841845,66.02741469383935,18919500
2003-08-28,66.49594116210938,66.65432627018703,65.77000396220072,66.258360982507,27402400
2003-08-29,66.94474792480469,66.9711462996301,66.3112020339202,66.39699297587143,28706600
2003-09-02,67.84223175048828,67.89502343343202,66.68732997968212,67.07669444562443,49419100
2003-09-03,68.21182250976562,68.43620108675107,67.82905372375926,67.99403974859229,44912400
2003-09-04,68.24479675292969,68.33718849022533,67.81583223835871,68.04021073322755,28381000
2003-09-05,67.86201477050781,68.33717506034633,67.57823876601931,67.9346089833982,31637300
2003-09-08,68.42301177978516,68.55499859985864,67.92805365204799,68.00064791358074,32632800
2003-09-09,67.97422790527344,68.27780152278956,67.76304603939383,68.21840898315445,35053200
2003-09-10,67.28788757324219,67.84224313443569,67.0173131597221,67.66405544031268,45904900
2003-09-11,67.48587799072266,67.81585000608023,67.20869767124253,67.38028452902101,38396300
2003-09-12,67.61124420166016,67.73663514209444,66.8853069867198,67.2548789598493,42524800
2003-09-15,67.3736572265625,67.7300274674268,67.28126550133524,67.65743324975232,21312800
2003-09-16,68.3570327758789,68.39662782325065,67.42650888283895,67.4661089651862,37892600
2003-09-17,68.22500610351562,68.49558554918252,68.00722841904538,68.29100452878176,31885800
2003-09-18,69.0301513671875,69.09614476972827,68.08643110943022,68.23822046675048,30243600
2003-09-19,68.67900848388672,69.29511246746254,68.50014186801624,69.07649378360988,34331600
2003-09-22,67.93704986572266,68.20866293340086,67.59255883561768,68.13579002527483,36677400
2003-09-23,68.1954116821289,68.42727771539805,67.8111736531112,67.9635405945593,32489200
2003-09-24,66.98307800292969,68.38090546427121,66.9565783052857,68.31465874731153,41694700
2003-09-25,66.4332504272461,67.49321353662381,66.38025100820151,67.18185332191817,52673100
2003-09-26,66.21461486816406,66.68497827534726,66.14836813826409,66.53923243698644,42914700
2003-09-29,66.86384582519531,66.90359285279435,66.10862197500416,66.4464868725007,36771600
2003-09-30,66.21461486816406,66.75122500524724,65.75088270456281,66.56573213980673,70764500
2003-10-01,67.6257095336914,67.69195627784721,66.38024850463094,66.40674821315378,65797600
2003-10-02,67.87080383300781,67.94367674729841,67.32757259739677,67.52631782806228,44591500
2003-10-03,68.49352264404297,69.08312699366996,68.28815631340669,68.67901546581771,48806900
2003-10-06,68.80486297607422,68.8909831682187,68.36762572142109,68.553123530676,20226500
2003-10-07,69.06986999511719,69.10299082047906,68.17552684155275,68.40739283628433,42602900
2003-10-08,68.89762878417969,69.15599448777637,68.5067696623334,69.11624747316147,30920800
2003-10-09,69.08312225341797,69.70585244461809,68.78500953234982,69.4806075662755,40066500
2003-10-10,69.27522277832031,69.29509628051916,68.83799056704976,69.07647764773458,22682800
2003-10-13,69.49388122558594,69.75224701079132,69.23551544038055,69.3680089004802,23825600
2003-10-14,69.73895263671875,69.84495138440924,69.13610118569913,69.4275926875495,38484400
2003-10-15,69.55349731445312,70.14972795534186,69.32163124696895,70.1298544430291,39021700
2003-10-16,69.83174133300781,70.04373388721773,69.32825712139635,69.34813063361896,32772200
2003-10-17,69.06986999511719,69.97746046796644,68.88437719933192,69.87146675078898,32790300
2003-10-20,69.58657836914062,69.58657836914062,68.85785474615703,69.1957143463898,27657000
2003-10-21,69.46736907958984,69.74560832854132,69.10963073623768,69.44086938145628,26729100
2003-10-22,68.59291076660156,69.02352208849194,68.36104468690719,68.91752327817368,33914500
2003-10-23,68.467041015625,68.86452646065138,68.12917611291684,68.1623020059614,45830500
2003-10-24,68.61942291259766,68.61942291259766,67.69195337133178,68.12256477130904,51723600
2003-10-27,68.65251159667969,69.01687608466356,68.4140193962357,68.72538449427647,32460200
2003-10-28,69.58657836914062,69.65945123686878,68.77835569382688,68.88435443026708,34956200
2003-10-29,69.67936706542969,69.84498640100503,68.81152336439122,69.40774892902164,30955400
2003-10-30,69.82510375976562,70.20271559333248,69.42761841721637,70.08346948513767,39123100
2003-10-31,69.75887298583984,70.05035960802415,69.70587358024216,69.82511971568621,25761600
2003-11-03,70.21598052978516,70.62671835089893,70.0304876603472,70.05698736373857,37589300
2003-11-04,70.06360626220703,70.40146607310997,69.94436013650567,70.21597322297477,31421600
2003-11-05,70.1165771484375,70.20270241025531,69.49385208195945,69.88471116334996,33558800
2003-11-06,70.48760986328125,70.51410957086988,69.62638705670928,69.9576258201135,28392300
2003-11-07,69.9642105102539,70.69956053317148,69.93771081838396,70.6465611494316,31723200
2003-11-10,69.67936706542969,70.11659948311205,69.5667471302707,70.05035275974213,25530800
2003-11-11,69.65949249267578,69.7787386146455,69.42762643726269,69.61974041581858,26558600
2003-11-12,70.44120025634766,70.53394665785399,69.66610316334481,69.71247636409798,28000000
2003-11-13,70.46110534667969,70.5803514955387,70.07686719432269,70.22923923898222,29714800
2003-11-14,69.86486053466797,70.85195036828185,69.7522405985062,70.48759085935242,49158500
2003-11-17,69.51374053955078,69.65286016052781,68.92413617023364,69.50049321796746,44382100
2003-11-18,68.79164123535156,69.85823010555539,68.69889481657738,69.71911047739412,41155000
2003-11-19,69.3746337890625,69.56675284061599,68.8446498499976,68.91752276797655,29827000
2003-11-20,68.75189971923828,69.71911605982922,68.7320262070955,68.89764554735356,53578700
2003-11-21,69.0367660522461,69.11626515611515,68.64590683040097,69.05663956463805,30016000
2003-11-24,69.95098114013672,70.07685345433643,69.34812937832459,69.3547555670459,28906400
2003-11-25,70.21598052978516,70.50084602336533,69.85824211545413,70.0437400391937,37580000
2003-11-26,70.46768951416016,70.52068383981558,69.81845974546533,70.50081033590742,33053600
2003-11-28,70.52072143554688,70.65984614567179,70.35510207561906,70.40810148382837,10507500
2003-12-01,71.2825927734375,71.33559219746232,70.75261369609902,70.7857345453871,38699000
2003-12-02,71.10371398925781,71.39520066340587,70.9314684175096,71.13683483293475,35352000
2003-12-03,70.9910888671875,71.60056693304482,70.93146326601557,71.31570141573945,39078600
2003-12-04,71.2825927734375,71.36209190947474,70.84536016099084,70.99772718718313,36089500
2003-12-05,70.78569793701172,71.4150543996387,70.63333098961932,70.96456963701227,28824400
2003-12-08,71.2627182006836,71.30909143244472,70.67311351644793,70.71286055672799,32482900
2003-12-09,70.71279907226562,71.50114838104173,70.58030568366573,71.48127487818162,43596100
2003-12-10,70.70620727539062,70.87182660700192,70.1960969036193,70.73270192066364,36915400
2003-12-11,71.5011978149414,71.61381777854345,70.66647473762161,70.6731009279224,45304000
2003-12-12,71.64031982421875,71.68006685871651,71.14346167578688,71.52769985694012,34142200
2003-12-15,71.2825927734375,72.36243455715447,71.20309869170352,72.32268246198421,38693400
2003-12-16,71.65357208251953,71.878812016691,71.22958181329233,71.33558064417474,32894200
2003-12-17,71.87879180908203,71.87879180908203,71.41505969009869,71.5873001604062,23198800
2003-12-18,72.68702697753906,72.69365316727593,71.8059307517052,71.91192957028755,29353100
2003-12-19,72.48469543457031,72.79753193465471,72.27170112700847,72.75093958856884,41465100
2003-12-22,72.99055480957031,72.99055480957031,72.40481668731445,72.41147418729952,27611300
2003-12-23,73.03716278076172,73.18359226447242,72.80419593509802,72.87076079282232,24741200
2003-12-24,72.9638900756836,73.13694435539306,72.83742303589592,72.89732526852262,8055800
2003-12-26,73.01715087890625,73.2700850141381,72.97055855055032,73.02380837672365,8308400
2003-12-29,73.98892211914062,74.06213426229978,73.07038064347807,73.28337481151055,22483700
2003-12-30,74.00226593017578,74.06216818697595,73.78261416554076,73.94235859519175,19559500
2003-12-31,74.06877899169922,74.22852332064444,73.77591015681574,74.02884417900808,31501800
2004-01-02,74.03553009033203,74.67451272954938,73.70272631501993,74.3749862848589,38072300
2004-01-05,74.84088897705078,74.89413370344053,74.2751186903045,74.34168348510819,27959800
2004-01-06,74.9141616821289,75.03397129207241,74.54807535225025,74.65457504028208,20472800
2004-01-07,75.16705322265625,75.25358036725964,74.47482083128281,74.80762457262492,30170400
2004-01-08,75.46656036376953,75.4865328501663,75.06053946944776,75.38003323544139,36438400
2004-01-09,74.80764770507812,75.54647264557589,74.72777295431113,75.1005167130401,54084300
2004-01-12,75.36005401611328,75.38002142119944,74.78763137213495,74.91409837525445,31564100
2004-01-13,74.92081451416016,75.36677561250417,74.38833130563968,75.27358584587382,54239700
2004-01-14,75.54646301269531,75.65296266680494,74.99400748291345,75.05391480789585,30112800
2004-01-15,75.73287963867188,75.91924907160356,74.93415204662575,75.59310256397312,38408700
2004-01-16,76.03236389160156,76.08560864404053,75.63299524011747,75.90589681341937,31922700
2004-01-20,76.01238250732422,76.3119089609096,75.75945345872161,76.23203422431695,29863000
2004-01-21,76.6114273071289,76.74455186285297,75.69289072445433,75.9657871768692,30725000
2004-01-22,76.4117660522461,76.7978146591345,76.26533154561984,76.63807023289847,29888500
2004-01-23,76.16551208496094,76.79118513503417,75.8460180590425,76.54490838425986,44245300
2004-01-26,77.1239242553711,77.16385907072284,76.13216566323399,76.13882315851961,30460600
2004-01-27,76.33187866210938,77.54328427338167,76.31191124690875,77.04407858063458,35322800
2004-01-28,75.4599380493164,76.73124596861913,75.17372656829278,76.53156672862464,52621300
2004-01-29,75.53312683105469,75.77939830873072,74.9207641892178,75.58637156141252,60117100
2004-01-30,75.53312683105469,75.69287117849066,75.27353528397201,75.55974665714298,30984400
2004-02-02,75.85928344726562,76.33186413709127,75.29351811878037,75.67956658829215,38832400
2004-02-03,75.73287963867188,75.97249893192296,75.50657534959375,75.70625470851218,25093500
2004-02-04,75.11381530761719,75.69955323523034,75.07388047734644,75.34012452824487,39332600
2004-02-05,75.33343505859375,75.57305409488856,75.06719112069052,75.32677756364646,37226800
2004-02-06,76.17877960205078,76.34518148416814,75.34677019146402,75.49320466023647,37216000
2004-02-09,76.19874572753906,76.45833223570034,76.07227868267721,76.3252076942189,24851300
2004-02-10,76.44501495361328,76.63804172434541,76.05230899391066,76.06561890856928,27908100
2004-02-11,77.257080078125,77.4700743239509,75.99242452182855,76.44503792898149,42965700
2004-02-12,76.97752380371094,77.3901972863032,76.93093147250913,77.19051804323112,27814700
2004-02-13,76.63137817382812,77.34357788907238,76.37844918984152,77.09064890508577,44739900
2004-02-17,77.32365417480469,77.49671361858086,77.05741004857622,77.11065988945877,23984300
2004-02-18,76.98419189453125,77.6098597027321,76.77785004666039,77.34361559715236,28618000
2004-02-19,76.69798278808594,77.47008513261007,76.58482561187243,77.4301502928783,51146200
2004-02-20,76.46499633789062,76.91760969172219,76.09225772115268,76.86436494517591,46728800
2004-02-23,76.27200317382812,76.71796430490953,75.99244908796936,76.69133938080131,36357000
2004-02-24,76.13884735107422,76.5382108660295,75.23362067547816,76.05897261681011,43953000
2004-02-25,76.45835876464844,76.58482077520712,76.09227249628016,76.18545716855867,31213600
2004-02-26,76.50496673583984,76.7379284641457,76.10559796939002,76.2853149299294,29683000
2004-02-27,76.55819702148438,77.03743538802124,76.29861041930755,76.67135419227169,39312000
2004-03-01,77.31700134277344,77.43680586684654,76.71129583186539,76.83110543412279,33130800
2004-03-02,76.86438751220703,77.85614166759228,76.69798556971091,77.17056647701777,38556400
2004-03-03,77.00413513183594,77.12394468781332,76.49161450086176,76.7112661998507,31346200
2004-03-04,77.20381164550781,77.27702887594907,76.89097531147372,77.02409985690427,21060000
2004-03-05,77.46342468261719,77.8428208801698,76.73125720571366,76.82444188032771,55905600
2004-03-08,76.51824951171875,77.62316057138497,76.48497217844367,77.43678617667585,39281600
2004-03-09,76.21209716796875,76.68467812181153,76.0390377088397,76.61146085364865,39746100
2004-03-10,74.9341049194336,76.39178211207185,74.92078992363466,76.35850477894049,67671800
2004-03-11,73.96228790283203,75.39333959137242,73.94897291252902,74.81426446771329,89134800
2004-03-12,74.9341049194336,75.02063207939472,74.26849731861044,74.36833947437052,54012200
2004-03-15,74.01557922363281,74.78102914613243,73.81589994701385,74.7277793077604,57677200
2004-03-16,74.40828704833984,74.58799889693849,73.77595667235707,74.40162954930022,59832600
2004-03-17,75.24028015136719,75.38671462894398,74.61460741196915,74.66785723621211,41607300
2004-03-18,75.26025390625,75.3933733998894,74.50146162050244,75.01397725701563,60014300
2004-03-19,74.1815185546875,75.190110792656,74.16816197823088,75.08324289304839,48636200
2004-03-22,73.23973846435547,73.8542430183325,72.87236884187688,73.8342056018311,62752100
2004-03-23,73.11280822753906,73.74067428643531,73.04601515863158,73.64048213508183,54080200
2004-03-24,73.17296600341797,73.5670488949923,72.70540407064972,73.19300342556754,51584300
2004-03-25,74.14146423339844,74.3418486075589,73.33325609066083,73.52695962675293,49873600
2004-03-26,74.16148376464844,74.66912031969507,74.00786019803262,74.11472810141949,37409500
2004-03-29,75.20345306396484,75.30364520427811,74.52883651755558,74.56223050033738,44113600
2004-03-30,75.457275390625,75.52406845355199,74.95631977469642,75.00975626343164,39059900
2004-03-31,75.54410552978516,75.74448981366677,75.06318732525648,75.47063163209415,48517600
2004-04-01,75.99835968017578,76.05847704660016,75.51076538889689,75.5241219725536,45103800
2004-04-02,76.57276916503906,76.7063553499047,76.07849416585267,76.68631793177349,50987700
2004-04-05,76.99356079101562,77.06703471247653,76.43917360542741,76.45253018388136,30251800
2004-04-06,76.74642181396484,76.93344447835074,76.55939914957894,76.69966614786837,28420900
2004-04-07,76.56608581542969,76.79986927525528,76.21875868858052,76.7798267617952,45890500
2004-04-08,76.39238739013672,77.08704639964205,75.97158144531105,77.08704639964205,46929700
2004-04-12,76.6930160522461,76.86668220849536,76.52603073554151,76.53271157508617,23085200
2004-04-13,75.61764526367188,77.01364543923863,75.49073476698713,76.98692717172666,56210300
2004-04-14,75.73784637451172,75.9048316615348,75.17677825618769,75.21685309435753,62322300
2004-04-15,75.45061492919922,75.99832634667166,75.0498513474364,75.77790459310722,61602500
2004-04-16,76.03169250488281,76.17864027694756,75.46394391861895,75.73111612675497,47059200
2004-04-19,76.03169250488281,76.13856036894059,75.6576422407226,75.84466992079432,28277600
2004-04-20,74.7559585571289,76.35901804194788,74.66244722097981,76.19871362226168,53299400
2004-04-21,75.25692749023438,75.44395019524323,74.72257763249286,74.94299433711815,50177300
2004-04-22,76.31228637695312,76.59282047363891,75.10331436791162,75.13003262892748,62071500
2004-04-23,76.38573455810547,76.52600155914047,76.00500838501465,76.42580938811962,29395700
2004-04-26,76.27883911132812,76.77311898403376,75.87807564112184,76.47922339442327,35515200
2004-04-27,76.34568786621094,76.89339949420705,76.11858518846323,76.2989321819669,43485500
2004-04-28,75.35711669921875,76.15196826004109,75.14337574538246,76.0718134913576,50165800
2004-04-29,74.69579315185547,75.69102314744265,74.24827420505918,75.29025983544624,69687600
2004-04-30,74.11470031738281,75.06317489931295,74.07462550563407,74.9229079622092,48681400
2004-05-03,74.90960693359375,75.00311829433224,74.37525193281361,74.38861361062595,33758000
2004-05-04,74.8494644165039,75.65099664825767,74.58229210190457,74.97637483312826,51185100
2004-05-05,75.33039093017578,75.45062052321717,74.91627073991108,75.08325600269157,34405000
2004-05-06,74.6824722290039,75.20346532841765,74.14144171745652,74.82273920992417,54997000
2004-05-07,73.44678497314453,74.96301375702691,73.44678497314453,74.28839198238367,60950000
2004-05-10,72.69204711914062,73.30655184321766,72.37811391775703,73.09949168740606,75279400
2004-05-11,73.3065185546875,73.5069028761467,73.02598458143261,73.11281506953961,48300600
2004-05-12,73.77407836914062,73.83419570657378,72.17769985265458,73.18629214793586,90830500
2004-05-13,73.46682739257812,74.0145387955389,73.22636823069435,73.31320382003229,57393700
2004-05-14,73.50022888183594,73.96778554745141,72.98591145367347,73.44011154140797,54123100
2004-05-17,72.87235260009766,73.13952998453492,72.41147683532776,72.73208561986466,55020400
2004-05-18,73.23973846435547,73.43344198384547,73.02599752836407,73.13286544836683,30193100
2004-05-19,72.98587799072266,74.26164717281492,72.9057283682134,73.80744729332437,54804100
2004-05-20,73.21969604492188,73.38668129900499,72.8322890324125,73.10614219919634,38082900
2004-05-21,73.34659576416016,73.84087574755966,73.11949828204563,73.45346876467414,47480400
2004-05-24,73.65384674072266,73.98114147722691,73.25976402401373,73.827512815604,40961500
2004-05-25,74.70919036865234,74.796025949085,73.20632330899512,73.40670762200999,48668000
2004-05-26,74.96968841552734,75.00308750035857,74.48209439129461,74.58228654980341,35977000
2004-05-27,75.39051818847656,75.49738612079649,74.84948240065171,75.17009638958446,45306900
2004-05-28,75.38383483886719,75.3971914189673,75.0498642805153,75.29700432825076,23367200
2004-06-01,75.28365325927734,75.38384546009678,74.72258508826773,75.11666795657396,41044700
2004-06-02,75.56414794921875,75.79793132790955,75.11662879432582,75.49735488215754,39774200
2004-06-03,74.8695068359375,75.60424603816277,74.85615025770868,75.35042518794474,38688300
2004-06-04,75.46395111083984,75.86471455722254,75.28360424757822,75.46395111083984,32739500
2004-06-07,76.61283874511719,76.68631267054835,75.75787499026661,75.76455582784743,31643800
2004-06-08,76.71971130371094,76.75978613698432,76.2588303371234,76.39242160801119,32846500
2004-06-09,76.00499725341797,76.6128208355485,75.95824159325409,76.48591552709496,36737600
2004-06-10,76.37905883789062,76.37905883789062,76.09852481702713,76.17199874096555,21711000
2004-06-14,75.62425994873047,76.04506082795493,75.39048168249465,76.02502341884671,34633000
2004-06-15,76.15862274169922,76.4458375459867,75.81797653585828,76.0784730913766,37445000
2004-06-16,76.14527130126953,76.27885745814082,75.94488696997736,76.14527130126953,26633400
2004-06-17,76.03169250488281,76.19199684896107,75.69772214872958,76.04504907689633,28402400
2004-06-18,76.17518615722656,76.57071254222872,75.8735175650318,75.93384923763581,31799800
2004-06-21,75.88690948486328,76.51706745402969,75.8399831540479,76.25562002311734,25284000
2004-06-22,76.26904296875,76.34278509343173,75.53162683652043,75.8400006694678,37334000
2004-06-23,76.926025390625,76.98635707318392,76.03441968582943,76.16179339068258,35580000
2004-06-24,76.68465423583984,77.04665951353196,76.59750680614182,76.79861743958016,35272100
2004-06-25,76.31596374511719,77.0533849381585,76.20870573541217,76.69808478946803,32837900
2004-06-28,76.05451965332031,76.83216199524185,76.02770898564285,76.77182520649879,40824500
2004-06-29,76.36957550048828,76.53717025278812,76.0343859958886,76.1081280960674,28418100
2004-06-30,76.77853393554688,76.95283397093196,76.18860204255053,76.47016009730416,52230600
2004-07-01,75.71260833740234,76.69136109520393,75.47127148045554,76.59080321904509,57734700
2004-07-02,75.67240142822266,75.94725935222249,75.48469607260684,75.86011189842581,34615100
2004-07-06,75.00873565673828,75.38414640899595,74.83443561550955,75.33051995480764,38698200
2004-07-07,75.22994995117188,75.46458163362331,74.91487092848547,74.95509204130941,29839800
2004-07-08,74.70707702636719,75.2970090180562,74.54618229851587,74.95511411460791,45291100
2004-07-09,74.90145111083984,75.042230093086,74.66681435917681,74.8947458884702,27412900
2004-07-12,74.93498992919922,75.10928996205634,74.41209494521551,74.7606898963421,35691300
2004-07-13,74.9886474609375,75.09590551588956,74.8143473677273,75.02886859222085,26752000
2004-07-14,74.76068115234375,75.34391285873501,74.49253358188011,74.5863862544598,54089400
2004-07-15,74.27799224853516,75.02211331767492,74.21095025957176,74.90814500518854,38403500
2004-07-16,74.21768188476562,74.86124531399747,74.03668174809533,74.79420841577097,40871200
2004-07-19,73.90258026123047,74.38525396435364,73.73498550956747,74.24447498670703,39592800
2004-07-20,74.84111022949219,75.01541019943049,73.90928384013043,74.09698913948591,46679800
2004-07-21,73.4601821899414,75.1227203805884,73.37302958711784,74.96183074285241,56241100
2004-07-22,73.6612319946289,74.00312666712317,72.91711100339232,73.31263721560828,72477100
2004-07-23,73.04450225830078,73.54728655670421,72.86350216129354,73.48695489589726,49610500
2004-07-26,72.90372467041016,73.35958264764537,72.54171935484808,73.1986931011466,49679100
2004-07-27,73.5875473022461,73.81547896655054,73.05124683048639,73.1048784120391,51295100
2004-07-28,73.80875396728516,73.98975922788803,72.79647987366374,73.44004845070981,65862300
2004-07-29,74.1238021850586,74.32491792101577,73.74168637840845,74.10369163438,52200500
2004-07-30,74.3048095703125,74.34503579021518,73.80873051792592,73.95621472353477,41581700
2004-08-02,74.4590072631836,74.6534178181031,73.77522282397247,73.86907548985269,38263100
2004-08-03,73.88249206542969,74.45231337058863,73.84897617370709,74.36516591460489,40948800
2004-08-04,73.87579345703125,74.24450410111122,73.50038270275923,73.66797752014322,40763200
2004-08-05,72.6690902709961,73.9964379299938,72.58193772088735,73.93610627030584,50772000
2004-08-06,71.6300277709961,72.37414920928101,71.47584339489782,72.15292281096102,74729000
2004-08-09,71.73056030273438,72.05234450591232,71.64341286511299,71.74396563368136,37476300
2004-08-10,72.65567779541016,72.67579346266362,71.90485655137067,71.9383724342875,55870600
2004-08-11,72.50820922851562,72.62217245322907,71.79760387208394,72.18642499537471,52933200
2004-08-12,71.71717834472656,72.36744195660008,71.48254150270083,72.1864417996019,50015900
2004-08-13,71.85792541503906,71.96518339361603,71.45569393026452,71.79758864648856,41634700
2004-08-16,72.60206604003906,72.82999250247055,71.79760796858089,71.82442374908821,45731900
2004-08-17,73.01100158691406,73.25903861914057,72.75625421597341,72.90373845923644,40701600
2004-08-18,73.7618637084961,73.85571643968838,72.72947855079072,72.74958911967617,43165400
2004-08-19,73.54730987548828,73.75512581471718,73.19200967696614,73.6143467802794,39881600
2004-08-20,74.06351470947266,74.16406752284206,73.41324590521086,73.4802828189867,44870900
2004-08-23,73.87579345703125,74.25790943608324,73.77524065827119,74.11043029303919,33745100
2004-08-24,73.97635650634766,74.23110391979401,73.6411668483084,74.17076712176103,30453100
2004-08-25,74.4791488647461,74.59311213302249,73.67469564626843,73.96295898723088,38551400
2004-08-26,74.4791488647461,74.61992792225024,74.31155401801418,74.38529615974333,26629500
2004-08-27,74.71373748779297,74.83440591234995,74.44558997952043,74.5461427378297,24902900
2004-08-30,74.09700775146484,74.6400132345069,74.04337619115309,74.55957100862635,26726500
2004-08-31,74.48585510253906,74.51937611817633,73.80877048045951,74.18418642015918,44125300
2004-09-01,74.62660217285156,74.84112328304333,74.06348617656819,74.37856006139148,52778300
2004-09-02,75.4712905883789,75.55173281800361,74.57297981240002,74.57297981240002,42736600
2004-09-03,75.16292572021484,75.63218916416984,75.08918359122364,75.30370475340135,30480500
2004-09-07,75.65898895263672,75.83998906715503,75.29698360901324,75.44446783581394,37338800
2004-09-08,75.4712905883789,75.79306973605243,75.29028534254863,75.49810636978292,32963100
2004-09-09,75.40426635742188,75.67241398732672,75.10259260189663,75.464598039774,34314800
2004-09-10,75.79308319091797,75.93386223233979,75.13611433094945,75.43107774958116,27900600
2004-09-13,76.0411148071289,76.24893072778073,75.7595567634224,75.96066745981811,44398100
2004-09-14,76.19532012939453,76.21543069175921,75.88024101344497,75.9539831518412,28048900
2004-09-15,75.61878967285156,75.99420045702664,75.53834231284762,75.95397933431883,38295000
2004-09-16,75.8466796875,76.00086910799233,75.61875328239103,75.6522691636557,23911700
2004-09-17,76.16915130615234,76.31051632447885,75.85949386564513,76.0345142868815,33683000
2004-09-20,75.71141052246094,76.06145656928409,75.58350661310338,75.84604243219027,37149400
2004-09-21,76.04124450683594,76.38456247296932,75.75851448102114,75.89987949392854,40920800
2004-09-22,75.09207916259766,75.74504943201093,75.03822435608613,75.73158829832155,49042100
2004-09-23,74.68814849853516,75.19302558654475,74.68814849853516,75.12570966865187,44068700
2004-09-24,75.03150177001953,75.21326048358019,74.80935451383552,74.836281920877,34981100
2004-09-27,74.55354309082031,74.85646739665789,74.43910547624853,74.78915145490257,39355100
2004-09-28,74.91032409667969,75.06515538891749,74.32466973914954,74.66125459230564,41662900
2004-09-29,75.28726196289062,75.29399509482221,74.72180214163332,74.86316709694765,33325700
2004-09-30,75.23345184326172,75.38155000831948,74.89686697208592,75.09208681367319,43536700
2004-10-01,76.5057373046875,76.5057373046875,75.53637129482213,75.57003183411693,62824300
2004-10-04,76.63363647460938,77.03754240484928,76.6067142060788,76.80866203532152,33082400
2004-10-05,76.6740493774414,76.84907498204639,76.43170781287405,76.64038882952094,36910600
2004-10-06,77.19908905029297,77.19908905029297,76.5259194579939,76.58650225608014,42297800
2004-10-07,76.37110137939453,77.01061568403293,76.31051857084712,76.99714941377086,39388800
2004-10-08,75.73835754394531,76.58654803945876,75.63064787956804,76.16918592969549,51872600
2004-10-11,76.04798889160156,76.08164429820003,75.82584163736522,75.9200849932453,20229100
2004-10-12,75.75177001953125,75.95372294256012,75.3546024430176,75.52962283137471,41754700
2004-10-13,75.08536529541016,76.1153143388214,74.93726710743864,76.06819265500123,54212600
2004-10-14,74.47949981689453,75.34788940006369,74.43911127587005,75.17959696462496,64082200
2004-10-15,74.89684295654297,75.21996145317293,74.43235433977702,74.73527857235209,63482200
2004-10-18,75.17958068847656,75.32767882134026,74.51987222459547,74.64777609131893,43535100
2004-10-19,74.54681396484375,75.5498405536842,74.44583747884188,75.40847039175515,55851900
2004-10-20,74.39866638183594,74.60061921968614,73.8803282973023,74.30442309373892,57118500
2004-10-21,74.88335418701172,74.93720896555831,74.1899906048159,74.58043004546721,53218300
2004-10-22,74.04193115234375,74.89012638131477,73.95442094346559,74.84973784427517,48752400
2004-10-25,73.95441436767578,74.12943990574644,73.61109642573473,73.88036529910268,43990900
2004-10-26,75.08536529541016,75.12575384271935,73.96790088499118,74.13619334661729,54337400
2004-10-27,75.98739624023438,76.13549440056099,74.8026212293763,74.97764165896466,73896000
2004-10-28,76.21625518798828,76.44513036350732,75.72483917014456,75.92005895060983,54413300
2004-10-29,76.20279693603516,76.4989932045666,76.00084913684448,76.1489472711102,48820200
2004-11-01,76.41148376464844,76.63362583237848,76.20279769343779,76.4451391635765,36720900
2004-11-02,76.43839263916016,77.12502321421877,76.21624548939477,76.519169685711,56210000
2004-11-03,77.40104675292969,77.65684936485417,76.90289752609404,77.43470215309314,76960200
2004-11-04,78.45792388916016,78.53870095930048,77.1990948087465,77.26641074582237,55350300
2004-11-05,78.94935607910156,79.19169762643416,78.41755130222606,78.79452989578685,63287200
2004-11-08,78.8348617553711,78.91564392502146,78.57232612385052,78.74735159015573,33863800
2004-11-09,78.68006134033203,79.09742834305774,78.59928427494262,78.81469834244184,44658100
2004-11-10,78.74068450927734,79.13112428629084,78.5993194457129,78.80126733542834,45265400
2004-11-11,79.33978271484375,79.51480827811451,78.8281722953708,78.88202710497372,37863200
2004-11-12,79.96582794189453,80.10719296022496,79.21860917652143,79.41382900256168,55583700
2004-11-15,80.16231536865234,80.1893174264723,79.8247329838205,80.00702520514639,35297900
2004-11-16,79.58838653564453,79.94622803466169,79.48711598517343,79.91246775044054,40028700
2004-11-17,80.06103515625,80.4391257578159,79.716699700625,79.9192511806628,54494000
2004-11-18,80.16905975341797,80.20957314054863,79.82472944494556,80.02727577620612,31854300
2004-11-19,79.27783203125,80.15554813740326,79.08878675327176,80.14204195977767,54276500
2004-11-22,79.65592956542969,79.75045220658694,79.01452004203676,79.10904268319402,37560200
2004-11-23,79.77743530273438,79.84495071871541,79.24405475962092,79.62214520999154,41968800
2004-11-24,79.96649932861328,80.06776990084624,79.70318553861307,79.85171742825382,29724800
2004-11-26,79.90576934814453,80.33112655560768,79.87201419191868,80.0137982107065,15487700
2004-11-29,79.5411376953125,80.35133828374164,79.31833729825918,80.20280125164145,61460800
2004-11-30,79.59514617919922,79.831452734924,79.426355046382,79.66941468972651,53685200
2004-12-01,80.49988555908203,80.68217775279368,79.7369461882318,79.77745957102142,49898300
2004-12-02,80.56741333007812,80.93200292441593,80.35136080948148,80.4121231663219,60163500
2004-12-03,80.51337432861328,81.11427037902,80.40534552575072,80.55388255413833,49067900
2004-12-06,80.48638916015625,80.77671020845052,80.2365763484757,80.48638916015625,33030500
2004-12-07,79.73694610595703,80.76319928394163,79.69643787430682,80.67542458056936,52047200
2004-12-08,80.20278930664062,80.22304341689284,79.67616183569827,79.81119267144382,43895100
2004-12-09,80.48638916015625,80.65518034751109,79.48714821563053,79.7639630843214,60922800
2004-12-10,80.56741333007812,80.72269834273594,80.24333197363396,80.29059330154264,47828600
2004-12-13,81.26956176757812,81.28981588065771,80.5808910162907,80.85771096463682,38541000
2004-12-14,81.5531234741211,81.66790020694079,81.14127270238312,81.14127270238312,41500700
2004-12-15,81.61390686035156,81.76919700741364,81.22906318843879,81.4923770086371,46699200
2004-12-16,81.5666275024414,81.8569484645058,81.04675306628253,81.50586516556818,51641800
2004-12-17,81.02262115478516,81.38214802542915,80.83268282126996,81.03618596056563,70761900
2004-12-20,81.04295349121094,81.5992035661371,80.8394452203278,81.23289178380568,47187400
2004-12-21,81.66704559326172,81.7281001504269,81.03617610485246,81.13114526005981,33094200
2004-12-22,81.86375427246094,82.13509688549004,81.60598163656971,81.66024601883163,31500700
2004-12-23,81.92483520507812,82.27079729935892,81.8502210037939,81.99267476604321,25646100
2004-12-27,81.75523376464844,82.32505389924417,81.66704959490086,82.21651475915696,29944100
2004-12-28,82.20293426513672,82.30468839568995,81.80948772056024,81.83662250040311,23422900
2004-12-29,82.32503509521484,82.35216987403874,82.04690749384235,82.13509681887747,22650600
2004-12-30,82.16902923583984,82.46750669222178,82.10797985181499,82.3521877387764,21076900
2004-12-31,81.99263763427734,82.52853783553229,81.9451530683651,82.28433001786094,28648800
2005-01-03,81.60598754882812,82.59638375902203,81.33464491614056,82.46070985496311,55748000
2005-01-04,80.6087875366211,81.76877197459196,80.34422995473804,81.71450242563414,69167600
2005-01-05,80.05255889892578,80.8937164298727,80.04577390964343,80.54775443249864,65667300
2005-01-06,80.45954895019531,80.82586064290624,80.22212614253888,80.3442300401092,47814700
2005-01-07,80.34425354003906,80.88015384859733,80.13396026995255,80.70378035042397,55847700
2005-01-10,80.72411346435547,81.03615563484682,80.27639740967473,80.27639740967473,56563300
2005-01-11,80.16788482666016,80.54776145269355,80.03899589621417,80.47992708024914,63099700
2005-01-12,80.43244171142578,80.61559503276855,79.72016786918324,80.31712276186067,72720500
2005-01-13,79.78799438476562,80.54096769200686,79.70659004666956,80.47991314457731,55537500
2005-01-14,80.20858001708984,80.40530330919363,79.88297297703784,80.02542670398941,42032500
2005-01-18,81.04295349121094,81.14470762665249,80.01185250936757,80.07969204994883,57391700
2005-01-19,80.19499969482422,81.0768566684599,80.18821470663552,81.0158073010504,54378900
2005-01-20,79.70659637451172,80.18144211252815,79.56414265310679,79.9711540250395,72049300
2005-01-21,79.21817016601562,80.04576277874598,79.12998601932932,79.90330907620826,63160400
2005-01-24,79.06218719482422,79.59808247955579,78.94008322699666,79.42849392287485,58441900
2005-01-25,79.28601837158203,79.68624994660551,79.17748441635182,79.30637334015388,68245000
2005-01-26,79.5234375,79.77442515447765,79.39454859066497,79.5844868725713,57195100
2005-01-27,79.65909576416016,79.8761687971863,79.353838590521,79.4962922832479,55878800
2005-01-28,79.65909576416016,79.74050009233096,79.10284579356636,79.69979534053088,60738900
2005-01-31,80.1543197631836,80.21536914555692,79.84905732502445,80.01186085345081,52532700
2005-02-01,80.66309356689453,80.77841252901315,80.11362319218973,80.2153773486485,49841200
2005-02-02,80.90727996826172,81.12435304302991,80.65629229847278,80.7648262481417,52468900
2005-02-03,80.6969985961914,80.83267251385276,80.43244092604021,80.7648329673067,48837100
2005-02-04,81.5584716796875,81.69414035625577,80.71052951256512,80.72409431005065,50024600
2005-02-07,81.44996643066406,81.75522366745415,81.37534707492775,81.57207036046617,45412000
2005-02-08,81.54492950439453,81.84340690510578,81.44996036333733,81.51779472474533,39263500
2005-02-09,80.93444061279297,81.73489880218673,80.89374101559002,81.6874142136393,55279400
2005-02-10,81.22611236572266,81.4160506713447,80.90050532049361,81.17184797513826,45858600
2005-02-11,81.92483520507812,82.10799373899285,81.03619285109981,81.19899641146588,53133000
2005-02-14,81.86375427246094,81.98585818955254,81.72808555366132,81.87053926102988,32432100
2005-02-15,82.16902923583984,82.37253753345135,81.86377196485358,81.9451763189844,43852700
2005-02-16,82.2232666015625,82.39285505800713,81.85695491459063,82.03332835841316,55523000
2005-02-17,81.5584716796875,82.30465975166955,81.55168669323061,82.2368254133854,58124000
2005-02-18,81.66704559326172,81.7281001504269,81.33465355003601,81.56529144827361,47723300
2005-02-22,80.45278930664062,81.72131324348058,80.43922450282815,81.33465164194145,80697600
2005-02-23,81.02938842773438,81.11079277611124,80.46635850494393,80.67664660229588,68292600
2005-02-24,81.56529235839844,81.61956192638843,80.71056995199514,80.88693828481628,68563600
2005-02-25,82.37248992919922,82.53529336794337,81.52454780490764,81.5855971536512,60899900
2005-02-28,81.82981872558594,82.28431971432477,81.42959245950284,82.18256560713164,69381300
2005-03-01,82.23688507080078,82.4336032419023,81.93162256393202,81.95875735401583,47294400
2005-03-02,82.19615936279297,82.71170989221167,81.84341753241009,81.91803689227717,64226500
2005-03-03,82.23008728027344,82.69136828903544,81.87734023952126,82.52856474930509,61230800
2005-03-04,83.25437927246094,83.32221362969577,82.61672492850826,82.79309839766258,56168500
2005-03-07,83.29505920410156,83.6071013141211,83.03050165048872,83.20687507804011,43442400
2005-03-08,82.98303985595703,83.43753575986287,82.83380115904947,83.21367771450151,44362000
2005-03-09,82.06048583984375,82.95591293063214,82.05370085058836,82.73883985333285,73263600
2005-03-10,82.24366760253906,82.42004115619184,81.67385251825927,82.21653281155923,65149000
2005-03-11,81.66704559326172,82.5692577431623,81.51102705631999,82.29113009189021,57976500
2005-03-14,82.17578887939453,82.18935885527961,81.59240412664177,81.81626214988096,36336400
2005-03-15,81.4974365234375,82.39286345773432,81.45673694587886,82.36572868088538,62438500
2005-03-16,80.80552673339844,81.51101548293437,80.6562880319964,81.19896810249554,74874200
2005-03-17,80.96829986572266,81.22607241436177,80.71052731708353,80.93438010978913,62584200
2005-03-18,80.72796630859375,81.40217344183748,80.4623694016868,81.11614680297784,60232000
2005-03-21,80.42829132080078,80.8913841518722,80.19674750314473,80.84371306025129,61244300
2005-03-22,79.6110610961914,80.99352777484256,79.6110610961914,80.6121590899067,92472400
2005-03-23,79.6791763305664,80.16951055469141,79.50892168028741,79.64512332220677,70817300
2005-03-24,79.7745132446289,80.35337797815288,79.72003051315956,79.99243897474709,51932500
2005-03-28,79.89028930664062,80.31933434457396,79.89028930664062,79.96520176736678,46765500
2005-03-29,79.35910034179688,80.29209773794769,79.16841595619171,79.77452212290521,71160300
2005-03-30,80.48279571533203,80.49641380413513,79.5225567882515,79.5293684305334,62002100
2005-03-31,80.33295440673828,80.67346371086776,80.2716652259596,80.48959097277209,64575400
2005-04-01,79.97200775146484,81.03439501642194,79.61788039506554,80.7892279251612,95255300
2005-04-04,80.10821533203125,80.26485189476645,79.50210919910552,79.92434259780775,71581200
2005-04-05,80.48958587646484,80.618975870725,80.13545331296716,80.21036577079323,46853900
2005-04-06,80.768798828125,81.00715428099295,80.48277228468346,80.66664500667898,53268200
2005-04-07,81.20465850830078,81.21828179027831,80.57812262708734,80.63941700446676,46734600
2005-04-08,80.36019897460938,81.18423089992562,80.36019897460938,81.15698953101932,63772900
2005-04-11,80.4214859008789,80.64622329122899,80.24442480159675,80.55769274158791,44945000
2005-04-12,80.83687591552734,81.08204293672948,79.72681787757598,80.28525271570138,86144800
2005-04-13,79.88347625732422,80.905004060125,79.76769915756323,80.74155587073032,65949000
2005-04-14,78.84152221679688,80.01968669857828,78.84152221679688,79.95158587671014,96119800
2005-04-15,77.73826599121094,79.13435085581177,77.70421298651571,78.82108295649999,128677300
2005-04-18,77.97663116455078,78.28989910294341,77.60888049015257,77.71784596216375,100035200
2005-04-19,78.5963363647461,78.6780552478007,78.20134444412189,78.38521712675283,64930100
2005-04-20,77.49988555908203,78.74614511443495,77.32963098201529,78.57589053736822,107735900
2005-04-21,79.00496673583984,79.14116837321754,77.89490312774997,78.17412323886147,86952200
2005-04-22,78.70531463623047,79.33866210377336,77.81998843144689,78.82108654424945,88845800
2005-04-25,79.22290802001953,79.3386799540859,78.80748619000683,78.9028283940333,52284100
2005-04-26,78.45331573486328,79.52251438959088,78.4192679331283,78.97089116135959,72626000
2005-04-27,78.75980377197266,79.04583034295648,77.93577187227564,78.22179844325946,84131900
2005-04-28,77.77233123779297,78.7802411711063,77.77233123779297,78.50102101812564,72481500
2005-04-29,78.82788848876953,78.90961257625044,77.61567643447528,78.36479571789502,103993800
2005-05-02,79.27056884765625,79.27738048870683,78.67126913343972,79.04583145482505,56026400
2005-05-03,79.40675354003906,79.57700815963423,78.78702942650712,79.04581457781867,86000300
2005-05-04,80.01969146728516,80.18994612998151,79.18884788200536,79.44082665326955,81055700
2005-05-05,79.99242401123047,80.36017458621772,79.50208991124748,80.1354372577658,96906700
2005-05-06,79.74044036865234,80.35335795555656,79.72001064838186,80.31249851501559,67415400
2005-05-09,80.23758697509766,80.41465321235398,79.71320509783911,79.82216533908745,43750500
2005-05-10,79.40675354003906,80.01967120973343,79.26374028307015,79.92432903842082,74613500
2005-05-11,79.84261322021484,79.95157868200597,78.89599785288097,79.63149913269352,91647400
2005-05-12,78.96406555175781,80.08093508791526,78.96406555175781,79.89706244295635,95086800
2005-05-13,78.80748748779297,79.42040537788547,78.18095150936973,79.20247959427041,85267000
2005-05-16,79.54295349121094,79.57018965572895,78.76659290849219,78.7938290730102,49207000
2005-05-17,80.07417297363281,80.15589188518267,79.10712775138705,79.27738241146244,61071800
2005-05-18,80.89820098876953,81.09569700838772,80.36700730637007,80.42148484617951,77944900
2005-05-19,81.23872375488281,81.32044787177932,80.83692000817562,81.0548457908058,61768100
2005-05-20,81.12293243408203,81.30680515845982,80.86414205696458,81.27275215228356,46345500
2005-05-23,81.57240295410156,81.74946923596552,81.1706044943726,81.18422257955014,51047900
2005-05-24,81.38169860839844,81.60643592685126,81.17739101057623,81.34083916713722,50654100
2005-05-25,81.3204116821289,81.6336795305126,80.925419753218,81.2795470439862,47608800
2005-05-26,81.75627136230469,81.86523161832307,81.46343320535213,81.57920510104626,43256200
2005-05-27,81.8924560546875,81.8924560546875,81.58599987748444,81.76306090638691,24596100
2005-05-31,81.36808013916016,81.83797929870113,81.3135974205659,81.7766901371011,43377200
2005-06-01,82.062744140625,82.3487707155436,81.34767250756877,81.39534360338853,69611000
2005-06-02,82.23979949951172,82.29427703337457,81.79032477376944,81.87886050834484,39704500
2005-06-03,81.82437896728516,82.32833123421058,81.53835242625391,82.09678742359266,60999400
2005-06-06,81.74945068359375,81.8584109275644,81.41575311700109,81.68815632480677,36046400
2005-06-07,81.81073760986328,82.5734800798365,81.72901872805907,81.98780384670238,66501300
2005-06-08,81.66094207763672,82.12402973349789,81.49749387417563,82.01506946028336,46881200
2005-06-09,82.04911041259766,82.11721122282046,81.34085055561124,81.54515298627963,56653300
2005-06-10,81.85841369628906,82.16487510907322,81.44980367500183,82.10358074821306,36465300
2005-06-13,82.11720275878906,82.45771197056467,81.59281566303001,81.68135138337693,49383200
2005-06-14,82.30784606933594,82.53938972399352,81.98095510279832,82.02862616086051,33857100
2005-06-15,82.46451568603516,82.56666948534037,81.87884464125192,82.51219196203458,53195600
2005-06-16,82.67564392089844,82.83908690011913,82.34875276669842,82.44409493755705,46564500
2005-06-17,82.98198699951172,83.35122190991589,82.8862600097843,83.10506530297978,51529400
2005-06-20,83.00929260253906,83.31014645455565,82.69476049281953,82.790487429833,41019400
2005-06-21,83.05720520019531,83.18028350868993,82.75634595349074,83.0777173821561,39879800
2005-06-22,83.1255874633789,83.37858323330491,82.78370382567203,83.20080228101284,46310100
2005-06-23,81.9563217163086,83.14607496161659,81.93580953881292,82.95462101601862,62185600
2005-06-24,81.3545913696289,82.05887047062652,81.25885920034202,81.96997743130176,58572500
2005-06-27,81.47085571289062,81.64863662984072,81.19734781375108,81.3477774191143,48183800
2005-06-28,82.15460968017578,82.2161462088329,81.62127223156703,81.64178440778608,41174200
2005-06-29,81.93580627441406,82.32555328149029,81.8879427899215,82.30504110481183,42316500
2005-06-30,81.49138641357422,82.27088071240956,81.33411764038829,82.20250502626673,62288800
2005-07-01,81.7306900024414,81.91531006198467,81.51188471401466,81.67598737615234,49737500
2005-07-05,82.38706970214844,82.49647490670084,81.49817589043295,81.53920023377646,51549000
2005-07-06,81.69650268554688,82.49650901184214,81.64863919294963,82.31872808931115,52363600
2005-07-07,82.01785278320312,82.01785278320312,80.8622900552127,80.88280223134147,103268800
2005-07-08,82.95462799072266,82.95462799072266,81.86060162622951,82.03154340870435,64491200
2005-07-11,83.37854766845703,83.48794767315925,82.94777112998531,82.96144939102814,49688300
2005-07-12,83.59735107421875,83.8503415139932,83.17341367549987,83.41273107125733,51871100
2005-07-13,83.71363067626953,83.77516722918641,83.41277139517237,83.6042254043322,41182300
2005-07-14,84.04181671142578,84.404212439518,83.75463056489494,84.0896801997261,63638800
2005-07-15,83.99397277832031,84.13072936860341,83.66576739510191,83.95978754329742,56075900
2005-07-18,83.6589126586914,83.85036663265032,83.45378563661951,83.76147877809213,56598400
2005-07-19,84.11701202392578,84.17855376514606,83.69991896333542,83.9050459283708,59165700
2005-07-20,84.40422058105469,84.60251368506282,83.62472642970106,83.82301431697972,69477000
2005-07-21,83.911865234375,84.52041728864484,83.74092352886714,84.47939294867554,101110900
2005-07-22,84.47261047363281,84.48628352388383,83.85037974423929,84.02132156439394,52607100
2005-07-25,84.23329162597656,84.75295099491683,84.00080804157253,84.38372125999147,57301600
2005-07-26,84.33583068847656,84.4657481054103,84.06916193972863,84.260621107689,42758800
2005-07-27,84.6435317993164,84.7119074674766,84.13754559485596,84.44523870994144,43181600
2005-07-28,85.17688751220703,85.224751011818,84.54098375067265,84.75978906556995,47880700
2005-07-29,84.60933685302734,85.21788913569877,84.44523421483238,85.06746476044519,62358100
2005-08-01,84.54777526855469,84.81444393288115,84.4110187633057,84.67085351491515,40418200
2005-08-02,85.0538101196289,85.19740062002022,84.60936035171474,84.69825343533573,45147400
2005-08-03,85.27944946289062,85.29312251208175,84.86919016966726,84.9580780312345,36837200
2005-08-04,84.59566497802734,84.99908505599373,84.49309887146218,84.94438765365734,50855600
2005-08-05,84.02129364013672,84.77344157222709,83.87770318493637,84.41104065188873,53595500
2005-08-08,83.8640365600586,84.38370102109089,83.67941652014561,84.20592011291923,47616000
2005-08-09,84.37002563476562,84.50677697388171,84.01446902302627,84.1443812301678,47170000
2005-08-10,84.32901763916016,85.12902408334988,83.98029487500173,84.66406213671539,72863700
2005-08-11,84.66401672363281,84.80760714556433,84.11016720807875,84.28794284472116,58570200
2005-08-12,84.14437103271484,84.57514761051021,83.93240491775431,84.49309368694715,54776900
2005-08-15,84.66401672363281,84.69820715507112,83.98708895831925,84.25375763001027,36208500
2005-08-16,83.56318664550781,84.45891998413802,83.48113270568513,84.40422257431915,71942100
2005-08-17,83.55633544921875,84.014463359506,83.44009629713298,83.54950153443406,62275100
2005-08-18,83.54949188232422,83.80248233508061,83.31016925755821,83.45376491910912,53388600
2005-08-19,83.74095916748047,83.98027661369521,83.55633912559405,83.85035919286618,39842100
2005-08-22,83.74095916748047,84.26062363406753,83.33753385809356,83.81617396725211,69912000
2005-08-23,83.58367919921875,83.8366748750499,82.83837565024368,83.76146008539006,55168600
2005-08-24,82.83839416503906,83.91874755186451,82.79736458722714,83.37857085845178,79104600
2005-08-25,83.13923645019531,83.19393906841088,82.87940683876455,82.9751338122774,35631100
2005-08-26,82.57170104980469,83.07084801830167,82.51699843999657,83.06401410462166,61956800
2005-08-29,83.20763397216797,83.26917051742069,82.31189537411629,82.33241277259704,56179200
2005-08-30,82.76998901367188,82.94093074627614,82.31870033556736,82.9067403130642,74160200
2005-08-31,83.81614685058594,83.87084945394564,82.55801305694978,82.86571128830255,102945200
2005-09-01,83.75460815429688,84.2058968232856,82.83152386022526,83.77512032711863,74578700
2005-09-02,83.60420227050781,84.02130062507669,83.44693875652686,84.00078844644692,47653400
2005-09-06,84.58200073242188,84.65038162595047,83.86404830093936,83.87088743363817,57251300
2005-09-07,84.72557067871094,84.8759950352472,84.41787240156238,84.53411153845646,41749700
2005-09-08,84.44525909423828,84.78714273429593,84.31534164166267,84.5546643630873,39068700
2005-09-09,85.19739532470703,85.29312231901814,84.65038467389071,84.67089685599596,43093900
2005-09-12,85.02642059326172,85.2452258122059,84.97171798434368,85.09479624604529,33017600
2005-09-13,84.55465698242188,85.07431631390327,84.45892477217016,84.87602319397094,58427500
2005-09-14,84.24697875976562,84.73245297641594,84.11706128744682,84.60937463862211,57694600
2005-09-15,84.20592498779297,84.54780856044603,84.03498320146645,84.50677898435173,73156900
2005-09-16,84.80472564697266,84.96952688578104,84.37212043049932,84.66739215445516,75424100
2005-09-19,84.5231704711914,84.83904687911132,84.21416754731949,84.78411139608733,53355300
2005-09-20,83.80900573730469,84.88022114958879,83.68540355596924,84.59868081029467,84480300
2005-09-21,83.02621459960938,83.68542465327536,82.93694313345715,83.63048917240259,94469100
2005-09-22,83.32144927978516,83.54119111956405,82.70344369167535,83.05364546122189,84597200
2005-09-23,83.39012145996094,83.69912425488951,83.01931496268635,83.25278280971081,59368100
2005-09-26,83.48628997802734,83.93949461153397,83.14295107063845,83.7884246540531,70415400
2005-09-27,83.46566772460938,83.7678023182571,83.1017241813014,83.44506299507778,66150800
2005-09-28,83.548095703125,83.8571038899011,83.22535626399585,83.7266334173332,58620500
2005-09-29,84.22789764404297,84.36523110224232,83.14294551188691,83.4656849014846,66607700
2005-09-30,84.48883819580078,84.48883819580078,83.59615494907827,84.20043477354369,47824200
2005-10-03,84.18669128417969,84.69483135337607,84.08368857366996,84.43389569382884,50994800
2005-10-04,83.23909759521484,84.48198294342217,83.19789859682375,84.31718171092108,60776300
2005-10-05,82.14727783203125,83.30089694927344,82.10607883321657,83.25969795045874,106052100
2005-10-06,81.85198974609375,82.57987175951105,81.14471246689965,82.25026411810416,140941800
2005-10-07,82.13355255126953,82.4356925350461,81.80394481997352,82.19535105398538,75661400
2005-10-10,81.43997192382812,82.20218456889987,81.23397176287641,82.18158507669818,52677000
2005-10-11,81.3232421875,81.9824521667719,81.24770721955825,81.70778003234147,75629800
2005-10-12,80.68465423583984,81.80393734049855,80.62285573877433,81.29579715519212,100510400
2005-10-13,80.63658905029297,81.08293074992805,80.25891409546247,80.65718854984067,99052900
2005-10-14,81.48802947998047,81.58416392480122,80.72581692537715,81.11035994359447,88651000
2005-10-17,81.79015350341797,81.90001917387913,81.33694386056575,81.57728516513282,68109300
2005-10-18,80.90437316894531,81.68718539328229,80.89064191892867,81.67345414326564,74996900
2005-10-19,82.250244140625,82.26398062677073,80.4236844033268,80.6846200118167,116563800
2005-10-20,80.8013687133789,82.27085866340954,80.54730130153877,82.05112199533774,131966700
2005-10-21,81.11723327636719,81.56357482068807,80.69149646336093,81.22710422097201,96579500
2005-10-24,82.37385559082031,82.4631218050749,81.30950830787079,81.330107800473,71308400
2005-10-25,82.20906066894531,82.56613079207945,81.67345286477641,82.20906066894531,76594500
2005-10-26,81.96871185302734,82.77212343526921,81.84510966814901,82.06484630360664,80855800
2005-10-27,81.09663391113281,81.96871750876223,80.97989996150841,81.85197832020282,66623100
2005-10-28,82.26399230957031,82.36698977561831,81.09663705131943,81.32324195449542,72322000
2005-10-31,82.49061584472656,83.29403298493804,82.49061584472656,82.6004868255522,77698900
2005-11-01,82.73778533935547,83.01932567951141,82.55238468625203,82.79958904967961,66365100
2005-11-02,83.60303497314453,83.60303497314453,82.49061488050316,82.5180826253885,74012300
2005-11-03,83.9600830078125,84.22789213999124,83.6030128964663,83.8776850338516,84897600
2005-11-04,83.85021209716797,84.09054823787757,83.4656742720326,84.04934925345162,59156000
2005-11-07,83.93265533447266,84.20045933883343,83.67171433816605,84.02878983660537,46765400
2005-11-08,83.93265533447266,84.06312059368852,83.6305153340913,83.72664983622401,42152800
2005-11-09,84.04248809814453,84.42702595571303,83.67854973452643,83.82961967540989,57666800
2005-11-10,84.69483947753906,84.81844169421991,83.60302426263823,84.0081616601868,79048100
2005-11-11,84.98320770263672,85.03813792029466,84.06992538280457,84.70166741680569,34867000
2005-11-14,84.93516540527344,85.16176506205704,84.72229175826425,85.00383212669074,45092200
2005-11-15,84.62614440917969,85.20981931071667,84.36520881196888,84.8390180237613,69592500
2005-11-16,84.79785919189453,84.8390634316697,84.44765720689635,84.71546119021828,51133000
2005-11-17,85.58751678466797,85.59438502926601,84.55750013025786,84.92830675451778,55717500
2005-11-18,85.92393493652344,86.02693758683034,85.37459619977395,85.8758677315712,72437200
2005-11-21,86.35655975341797,86.45956242129829,85.82095216716033,85.9376860792558,50021200
2005-11-22,86.7274169921875,86.87848172273394,86.12313711425618,86.21927159684773,66438800
2005-11-23,87.2286376953125,87.48957848539226,86.66556238257192,86.69303010989259,50854700
2005-11-25,87.29735565185547,87.35915938434913,87.07761894320228,87.19435816259333,15270000
2005-11-28,86.67935943603516,87.39349988967095,86.5488889498243,87.37976863588206,54498500
2005-11-29,86.58320617675781,87.194354273091,86.58320617675781,86.96774932894976,51738900
2005-11-30,86.11627960205078,86.87848726581859,86.03387636645631,86.63128803690861,56007200
2005-12-01,86.99519348144531,87.22866136863284,86.50765297678778,86.5351154726283,65468200
2005-12-02,87.10504150390625,87.2629796370772,86.86470542206672,87.05010604550475,46699400
2005-12-05,86.9197006225586,87.02270336812438,86.64502838069556,87.00209862786141,59273400
2005-12-06,87.08448028564453,87.71622261807742,86.95400982433966,87.24241848822074,57935200
2005-12-07,86.57633972167969,87.11881582137694,86.30166754932291,87.0501438490858,66816500
2005-12-08,86.52140045166016,87.08447602281989,86.16433031048344,86.6724704017896,62608600
2005-12-09,86.74799346923828,87.05699633286126,86.39778638191326,86.63125951977494,50744500
2005-12-12,86.83038330078125,87.11192364079608,86.4939127325369,87.00892094959713,48389900
2005-12-13,87.42095947265625,87.68876342749589,86.72055033821482,86.80981657684922,88630900
2005-12-14,87.7642822265625,87.95655115981272,87.30420938786582,87.3385453712043,64375000
2005-12-15,87.51025390625,87.89479194454728,87.33171614321003,87.78492093992642,55900300
2005-12-16,87.22854614257812,87.91886385167311,87.22854614257812,87.86363717093603,46238300
2005-12-19,86.77983856201172,87.58060963243031,86.76603452518312,87.48396557451169,48733000
2005-12-20,86.86270141601562,87.38733922070816,86.62109120770886,86.88341011005512,46603200
2005-12-21,87.0007095336914,87.50464360201127,86.84193946561692,87.13187153778239,51806900
2005-12-22,87.45635223388672,87.45635223388672,87.0352580100827,87.19402813378878,32247900
2005-12-23,87.50468444824219,87.57371517383233,87.26997366118758,87.51848848667751,27977300
2005-12-27,86.61416625976562,87.70486953508467,86.55203492549742,87.64273820081647,44499500
2005-12-28,86.80747985839844,86.97315468722732,86.63490037557857,86.80057520440745,30764300
2005-12-29,86.4208984375,86.95244089608254,86.33115374100016,86.78676607696309,32788900
2005-12-30,85.95147705078125,86.33114870857762,85.84792831985233,86.15166985945521,44645600
2006-01-03,87.4632797241211,87.67037721004056,85.86864698934797,86.42090344066129,73256700
2006-01-04,87.87745666503906,88.00861346361631,87.46326177818572,87.57371515246842,51899600
2006-01-05,87.93268585205078,88.07765196857075,87.58752692699164,87.77391569587962,47307500
2006-01-06,88.66439819335938,88.76104224034371,87.91885388801825,88.37446605240635,62885900
2006-01-09,88.89221954345703,89.09240705609005,88.62299604251585,88.65060411779136,43527400
2006-01-10,88.9819564819336,89.0371831676315,88.5401535297636,88.62989821069935,44960800
2006-01-11,89.26500701904297,89.3547517177969,88.86462136829935,89.06481946037883,49598900
2006-01-12,88.91294860839844,89.24429825470071,88.6644337403179,89.10623677985937,40509200
2006-01-13,88.830078125,88.98194886431449,88.49872857259219,88.7541532887551,44856700
2006-01-17,88.58846282958984,88.65058888834669,88.2294947121984,88.4987181668892,52066600
2006-01-18,88.23643493652344,88.98197427570454,87.7808278551743,88.07076011300627,75067600
2006-01-19,88.5746841430664,88.89223499771333,88.2295252083442,88.4504319826055,81530400
2006-01-20,86.95931243896484,88.57465316041292,86.95931243896484,88.55394447424649,114957800
2006-01-23,87.26998901367188,87.54611723131552,87.06979618754792,87.12502288441819,67017400
2006-01-24,87.35969543457031,87.7738849461975,87.26995077480241,87.41491684053666,53008800
2006-01-25,87.43567657470703,87.79463960161786,86.86961078348418,87.69799550719155,87747700
2006-01-26,87.91890716552734,88.13290407542787,87.50471738935815,87.84297175878031,71294000
2006-01-27,88.73343658447266,88.81628187498461,87.98099278505353,88.12596414338998,65771200
2006-01-30,88.66439819335938,88.91981234608704,88.60227213460038,88.66439819335938,33709600
2006-01-31,88.0155258178711,88.73345174670274,88.00862116469754,88.58159151054261,72937000
2006-02-01,88.6299057006836,88.65751377915903,88.16739401896734,88.2364247485701,63561000
2006-02-02,87.60132598876953,88.45731854813368,87.53229526517198,88.42971047205995,83626900
2006-02-03,87.16644287109375,88.6299187815182,87.07670343603628,87.38044501116593,86040400
2006-02-06,87.39422607421875,87.53229278420719,87.09738923112671,87.28377797293447,45511900
2006-02-07,86.62108612060547,87.4356613941351,86.56585942860514,87.24236797213392,71208100
2006-02-08,87.40804290771484,88.42971558280809,86.703915792888,86.87649524520931,59422200
2006-02-09,87.2630844116211,88.08455909496608,87.23547106483618,87.61514273303722,62023300
2006-02-10,87.42182922363281,87.76008340693082,86.60034951177468,87.27686314507653,64508700
2006-02-13,87.2630844116211,87.52540330601677,86.94553355694822,87.39424122546524,52308700
2006-02-14,88.18810272216797,88.38139087176259,87.1250126326904,87.29759209007234,90964400
2006-02-15,88.49873352050781,88.58157881330087,87.83602911193456,88.13977060754556,85471300
2006-02-16,89.16143798828125,89.1959559804779,88.4849190481462,88.59537240981057,61017900
2006-02-17,88.91984558105469,89.16146105552808,88.76107541596892,89.08552566641488,40342600
2006-02-21,88.69892883300781,89.32710996130004,88.5608568604127,89.12692245449732,46456300
2006-02-22,89.23736572265625,89.49967926740035,88.80936161617964,88.8922068970459,42326700
2006-02-23,89.10624694824219,89.49282333527833,88.55399045244062,89.23740905100442,43423200
2006-02-24,89.33406829833984,89.38238508820535,88.885355211032,89.12697076061455,36777400
2006-02-27,89.36851501464844,89.76888992584688,89.24425237777898,89.32708711341867,35858600
2006-02-28,88.51942443847656,89.67916350402423,88.45039899732222,89.18903336479754,74394800
2006-03-01,89.30641174316406,89.38925704311715,88.70583861892679,88.77487461331873,48641600
2006-03-02,89.29949951171875,89.34091688903065,88.78176122849528,88.9819487299736,60642300
2006-03-03,88.88529968261719,89.78962468128717,88.80936431733686,88.82317362013649,73402500
2006-03-06,88.47804260253906,89.175259878663,88.25714108864393,89.14765179779519,57478400
2006-03-07,88.33998107910156,88.40210716107865,87.94650009312406,88.2640456899912,61780800
2006-03-08,88.52637481689453,88.66443629571494,87.79463423236449,88.15359723732223,66692400
2006-03-09,87.93268585205078,88.8300958971802,87.93268585205078,88.55397297049868,56313600
2006-03-10,88.76795196533203,88.94053139315174,87.97409081072625,88.16047427542084,60490800
2006-03-13,88.93366241455078,89.16146860116939,88.72656492367787,88.94056180199404,45479100
2006-03-14,89.86555480957031,89.9000728018979,88.78176147768829,88.85079746234346,69877300
2006-03-15,90.26598358154297,90.33501959926414,89.63780216731682,89.84488915364554,53398900
2006-03-16,90.45233154296875,90.75607303026611,90.3211694885983,90.43852223897906,65526400
2006-03-17,90.52788543701172,90.72194223047546,90.36155708564401,90.56946752485365,47286800
2006-03-20,90.3823471069336,90.72194120400175,90.2437366239281,90.5417486336248,45538500
2006-03-21,89.81403350830078,90.78432807375322,89.71700510928578,90.35462181357046,87102700
2006-03-22,90.36154174804688,90.45163273131202,89.71698776999462,89.75856985077857,51605700
2006-03-23,90.1744613647461,90.36851823191571,89.86258501217392,90.27841662383479,46704200
2006-03-24,90.24374389648438,90.493247016122,89.91800341875464,90.09126918030013,43209200
2006-03-27,90.1120376586914,90.29223019846364,89.91798090038277,90.1189644803095,32523000
2006-03-28,89.55757904052734,90.4654896487023,89.43975962938168,90.04964772382395,82079900
2006-03-29,90.11898803710938,90.44472851841064,89.60611757020243,89.68929232786215,61505700
2006-03-30,89.95958709716797,90.77739642995077,89.78632133256453,90.17443495322776,70571700
2006-03-31,89.98036193847656,90.26452027932531,89.66154833588755,90.11204558790897,62925600
2006-04-03,89.9110336303711,90.7011247953824,89.74470532739967,90.1466830184123,61624700
2006-04-04,90.48629760742188,90.60411704059855,89.65462417745026,89.91105408640531,54809300
2006-04-05,90.79816436767578,90.98529430690805,90.36154194320093,90.52094344498381,50607200
2006-04-06,90.70115661621094,90.93680608692542,90.22987882538743,90.6873029696357,57906200
2006-04-07,89.77937316894531,91.06847072604002,89.64770008688926,90.83283185250593,80180900
2006-04-10,89.91801452636719,90.15365345310497,89.58533660888597,89.91801452636719,41496500
2006-04-11,89.1556167602539,90.1397648724385,88.88532263490251,89.99422757625767,72799400
2006-04-12,89.32195281982422,89.49521855041804,89.13482286969862,89.24571547535089,43033700
2006-04-13,89.20415496826172,89.57840438373333,88.9269233870758,89.1209802062542,51051800
2006-04-17,89.16949462890625,89.61998138167831,88.7259346995312,89.28731407847275,64167700
2006-04-18,90.58333587646484,90.74967481071965,89.35661135267928,89.35661135267928,92531800
2006-04-19,90.75656127929688,90.8397359970922,90.26449266912316,90.61795085003517,87269000
2006-04-20,90.8813705444336,91.38730366225526,90.51404793590916,90.79126895450361,86005500
2006-04-21,90.89520263671875,91.33876250646138,90.5278801153054,91.26946255589935,72342600
2006-04-24,90.7288589477539,90.83975154025673,90.36153648847552,90.71499472986613,52546400
2006-04-25,90.3546371459961,90.87443449506084,90.04276085161808,90.81898817545743,84359800
2006-04-26,90.37539672851562,90.88826707480622,90.30609678461718,90.44470724771452,67262400
2006-04-27,90.81204223632812,91.22788425817149,89.8140298441456,90.02887767782063,124478600
2006-04-28,91.11699676513672,91.31105356616014,90.59027267311635,90.64570840886375,55854400
2006-05-01,90.37539672851562,91.34569112079781,90.31996100351705,91.11697909780202,64990300
2006-05-02,91.05462646484375,91.11007277761931,90.61106653794204,90.79818594634389,49063500
2006-05-03,90.71503448486328,91.01305713590773,90.41008500948915,90.89522709517328,60821300
2006-05-04,91.040771484375,91.22096408770982,90.77047729172081,90.84671465761322,42921400
2006-05-05,91.84471893310547,92.03877574231943,91.38036795567899,91.51897845150283,62588200
2006-05-08,91.73381805419922,92.01797641902289,91.73381805419922,91.83777327288983,30016700
2006-05-09,91.91401672363281,92.01798252452367,91.69916887388216,91.77540623108104,29864000
2006-05-10,91.86552429199219,92.00413480941249,91.40810006673104,91.76849587226751,64378200
2006-05-11,90.75656127929688,91.86546586398624,90.45854938514911,91.83773743295518,80626900
2006-05-12,89.57147216796875,90.59720251835154,89.53681690049373,90.34769939795541,91726500
2006-05-15,89.75166320800781,89.91800214384205,89.13483752866372,89.25958379906238,84029300
2006-05-16,89.61998748779297,90.09820271734128,89.41206644338453,89.93186376675382,62137600
2006-05-17,87.91504669189453,89.47444383950817,87.85960037894841,89.17642122933567,144789500
2006-05-18,87.47148895263672,88.53880670912795,87.4021837035454,88.26158042511113,87906300
2006-05-19,88.08830261230469,88.35859674815363,87.18732392202513,87.9289010899583,124309400
2006-05-22,87.41603088378906,88.1368170102507,86.97940311433912,87.51999138727263,110852800
2006-05-23,86.75067138671875,88.45560527910945,86.75067138671875,88.14372912705187,92006500
2006-05-24,87.44374084472656,87.94274695604271,86.46652494977415,87.10414151972255,168405000
2006-05-25,88.52491760253906,88.52491760253906,87.62393380847841,87.96353311463676,78977900
2006-05-26,88.97541046142578,88.97541046142578,88.37244388925308,88.71897002034967,62989700
2006-05-30,87.39524841308594,88.71206924852399,87.36059843362655,88.69127820331809,72419900
2006-05-31,88.37246704101562,88.37246704101562,87.46455089044284,87.7556413770634,86926200
2006-06-01,89.2179946899414,89.3635425692586,88.20612337098716,88.28236072200058,73721700
2006-06-02,89.4051513671875,89.70316346226507,88.93387347488672,89.57841716441074,91702600
2006-06-05,88.10221862792969,89.30814742665349,87.85964221519535,89.30122059997545,86105100
2006-06-06,87.88733673095703,88.28238251662083,87.15962359297225,88.16456304965932,130498600
2006-06-07,87.22892761230469,88.46951127295382,87.18041340379447,87.95664602760992,108599400
2006-06-08,87.15267944335938,87.67247673626213,85.84972279937105,87.03485999267112,204957200
2006-06-09,86.87543487548828,87.9912665857134,86.83385279285767,87.57542989645599,94972200
2006-06-12,85.93289947509766,87.27744369359161,85.81508000728076,87.24278842063262,95815900
2006-06-13,84.93487548828125,86.52198515603494,84.93487548828125,85.75961688912176,185688800
2006-06-14,85.59330749511719,85.68340380997812,84.7893516234865,85.13588323277847,163566400
2006-06-15,87.40910339355469,87.57543702526746,85.84277960594459,85.90515273496781,134057000
2006-06-16,86.77214050292969,87.40561264606038,86.63987481227761,87.21766089025864,94253500
2006-06-19,86.08992004394531,87.3499119920342,86.00638830466103,87.29422062516396,95804400
2006-06-20,86.38227844238281,86.88349004493843,86.12471520458415,86.3265923951146,65494700
2006-06-21,87.02277374267578,87.50309740784844,86.29183880594438,86.31968450278424,75008200
2006-06-22,86.6398696899414,87.05754436449072,86.34749794885904,86.9809700545375,74566100
2006-06-23,86.6259994506836,87.22466877677093,86.34058498337524,86.54942509657768,54107000
2006-06-26,87.00880432128906,87.05753293840728,86.49367246732206,86.69554968424637,37899600
2006-06-27,86.25703430175781,87.21768692790899,86.15957170885041,87.02277236414122,69780200
2006-06-28,86.84172058105469,86.85564076453952,86.07598302490871,86.45189171123928,62368100
2006-06-29,88.59603118896484,88.65172259232972,87.13416637229639,87.15504932080208,110634800
2006-06-30,88.60294342041016,88.86747478004426,88.38018324499389,88.7839377226301,54227800
2006-07-03,88.9649658203125,89.11114643202983,88.62386002289361,88.70739711204133,23914000
2006-07-05,88.45675659179688,88.72128263753444,88.07388505492013,88.60990520654758,69653400
2006-07-06,88.71434020996094,88.99974924036111,88.46373430906097,88.54726606867939,50100300
2006-07-07,88.1365737915039,88.79789182109725,87.9138135310176,88.5403284233302,81626500
2006-07-10,88.30360412597656,88.70735858161609,87.99731222085451,88.36625824337915,60964100
2006-07-11,88.69349670410156,88.69349670410156,87.67018970562424,88.13659327426943,73640800
2006-07-12,87.74674224853516,88.68651190562893,87.51701924250547,88.51248029094403,82561300
2006-07-13,86.31964874267578,87.48914097033999,86.31964874267578,87.3290296075969,102405700
2006-07-14,85.98550415039062,86.50064135192116,85.50518069358691,86.41014154869539,103242500
2006-07-17,85.86022186279297,86.38927937836303,85.7279614671674,85.98552481882213,81159000
2006-07-18,86.29879760742188,86.35448899855223,85.19891653220274,86.11780324175994,122771000
2006-07-19,87.49613189697266,87.89292374605249,86.12476199247932,86.44497951006804,133565300
2006-07-20,86.89741516113281,87.92072129338533,86.77907500855102,87.79541839329278,112259800
2006-07-21,86.28485107421875,87.14805149328413,86.19435656895539,87.12020580450569,101560000
2006-07-24,87.85809326171875,87.93466757400161,86.62595213765951,86.62595213765951,92884000
2006-07-25,88.17134094238281,88.61686125468398,87.51698066011878,87.69797494668519,95480700
2006-07-26,88.28972625732422,88.7213212930972,87.83724296505764,88.12265207151812,84525800
2006-07-27,88.20618438720703,88.88839066474112,87.85115840037686,88.67258784751866,87257100
2006-07-28,89.09024047851562,89.20161791761772,88.31057716071352,88.43588009909205,82137000
2006-07-31,88.999755859375,89.07633018540172,88.72130424755268,88.86749545980203,49593100
2006-08-01,88.56116485595703,88.67254227219347,88.12956475436654,88.64469659037917,65225600
2006-08-02,89.15984344482422,89.42437479535091,88.79089741490154,88.81178035078072,64770900
2006-08-03,89.39651489257812,89.48701468706625,88.512437058641,88.64469740970543,63693800
2006-08-04,89.243408203125,90.09964075705544,88.74220162354351,89.85600287431899,96294200
2006-08-07,89.03459930419922,89.15990231322785,88.68653598034467,89.03459930419922,45377300
2006-08-08,88.69349670410156,89.42443179187813,88.37327377978202,89.16685771512674,90901300
2006-08-09,88.39411163330078,89.52183804566434,88.13654301445247,89.22945567964504,78910600
2006-08-10,88.66558074951172,88.75607522797286,87.9068005603419,88.11564050881593,69322300
2006-08-11,88.41500854492188,88.54726893894572,87.98340829915439,88.52638599836419,47482200
2006-08-14,88.48460388183594,89.2155385342109,88.35233820105799,88.84658717788408,57839000
2006-08-15,89.54273986816406,89.70980340164614,89.03456527272388,89.27820844408994,68143000
2006-08-16,90.28759002685547,90.41985573955733,89.8281440633792,90.0230692234974,71737600
2006-08-17,90.51728820800781,90.75396856481339,90.14138473673088,90.20403354493658,70992800
2006-08-18,90.97673034667969,90.97673034667969,90.21098731515659,90.62866726363143,58288400
2006-08-21,90.58694458007812,90.69135930595488,90.35722156110185,90.62174240733877,42133600
2006-08-22,90.5799789428711,90.85843592274564,90.27368157603293,90.48948971870358,60839900
2006-08-23,90.32933044433594,90.80270177623235,89.93254404014003,90.62170216901784,66592100
2006-08-24,90.2527847290039,90.56605011086766,90.07875312665561,90.48947578095257,57983000
2006-08-25,90.36415100097656,90.67044826469915,90.18316199152417,90.24581080763723,41756000
2006-08-28,90.79570770263672,91.06720703567206,90.2457728446853,90.25273028064532,52681500
2006-08-29,90.90019226074219,91.07422387160544,90.36417192511031,90.8375434301226,61817800
2006-08-30,90.9558334350586,91.22035411453987,90.8792591436728,91.10201395913286,50052200
2006-08-31,90.9419174194336,91.18556581434271,90.90015155105873,91.08810858078742,37510300
2006-09-01,91.48492431640625,91.59630708251774,91.08116975578601,91.29000978673375,48794500
2006-09-05,91.658935546875,91.7842437864296,91.33175538287057,91.54755280550268,52348300
2006-09-06,90.85142517089844,91.30391356731492,90.72612755536453,91.26910513343017,53795600
2006-09-07,90.43376922607422,90.89321512850684,90.04394020172325,90.53818392115242,86269400
2006-09-08,90.69131469726562,90.81662292872929,90.37806005166973,90.55209159056103,45096300
2006-09-11,90.78179931640625,90.97671375760838,90.13439657652458,90.39892787045906,68496600
2006-09-12,91.6728744506836,91.77728914721229,90.75398263305355,90.8862483300195,69875600
2006-09-13,92.04185485839844,92.20196099345183,91.55456838950873,91.638100177876,62898400
2006-09-14,92.04878234863281,92.05575041009502,91.71464468183929,91.86083588596172,57805400
2006-09-15,92.26483154296875,92.56547719147719,92.06904913360827,92.50954088433987,76703100
2006-09-18,92.39067077636719,92.56546771749613,92.04806493100135,92.14595079128321,64154100
2006-09-19,92.15995025634766,92.38369549288448,91.64255806718639,92.37669678626766,92089100
2006-09-20,92.64938354492188,92.83117922448908,92.33475112789627,92.46759853411521,75204100
2006-09-21,92.20189666748047,92.81718537815232,91.88726427452681,92.7192995077054,88932500
2006-09-22,91.92227172851562,92.06909527316559,91.59365242737422,92.06210723205632,65966800
2006-09-25,92.62841796875,92.88712476875035,91.62858430679147,92.10402699866393,92299100
2006-09-26,93.39754486083984,93.41153160967177,92.57249737997093,92.64242045536713,73962700
2006-09-27,93.50938415527344,93.67019436880092,93.18076502191755,93.33458719790369,82432200
2006-09-28,93.47443389892578,93.68419240680899,93.18776429377742,93.50939542836646,58597500
2006-09-29,93.39754486083984,93.64925299599741,93.32762178544364,93.55136709170077,47966600
2006-10-02,93.04795837402344,93.57234947576922,92.95706050238293,93.36957894191951,51687400
2006-10-03,93.24371337890625,93.60029542301682,92.74728519787794,92.91509416092181,73108100
2006-10-04,94.33442687988281,94.39036319017266,93.047923749497,93.1527976633153,80890500
2006-10-05,94.5162124633789,94.6770333572285,94.21556679609209,94.33442745539806,60505900
2006-10-06,94.39732360839844,94.46025860703553,93.9708187023949,94.35537405514516,64983600
2006-10-09,94.4532699584961,94.60010407927274,94.13863760684137,94.285471727618,41176800
2006-10-10,94.57915496826172,94.70500367557437,94.27849860841279,94.46029429954604,56403700
2006-10-11,94.46729278564453,94.69102740186445,93.90095220258135,94.27850903503601,104071800
2006-10-12,95.28531646728516,95.36222755521317,94.6700277638611,94.7049892890574,59158600
2006-10-13,95.53004455566406,95.5859808669578,95.11751559346786,95.2014253947887,53944000
2006-10-16,95.6768798828125,95.82371405173225,95.38322221373483,95.45314527869887,42273000
2006-10-17,95.37623596191406,95.57899578409018,94.85883301026578,95.41818553417382,90500600
2006-10-18,95.5020523071289,96.04741789917148,95.15945713729302,95.81668466119064,86848600
2006-10-19,95.6559066772461,95.70485495728188,95.25037636503161,95.3622490033174,64063200
2006-10-20,95.6768798828125,95.75379098676821,95.32029785652429,95.6768798828125,48094500
2006-10-23,96.11737060546875,96.34810391465847,95.36224632141925,95.48110699546939,66219900
2006-10-24,96.40400695800781,96.43895780925902,95.94254049890534,95.9844900554132,53234900
2006-10-25,96.73270416259766,96.77465375298355,96.14537789089536,96.30619887906343,78105400
2006-10-26,97.03327941894531,97.18710158430606,96.47392706024789,96.9493802992063,66843700
2006-10-27,96.42501068115234,97.01232598607889,96.2292389128435,96.91444010192447,80238000
2006-10-30,96.35507202148438,96.62775484525362,96.06840245402557,96.2501981157114,49717800
2006-10-31,96.34110260009766,96.66972178895197,95.96354580267004,96.53688504067507,71274100
2006-11-01,95.69087982177734,96.70470039095314,95.59299391858995,96.64177602506767,83005600
2006-11-02,95.63492584228516,95.79573608167352,95.34126818693021,95.44614211071365,60693100
2006-11-03,95.46709442138672,96.06140829961453,94.82384294650089,95.97750918033863,71346400
2006-11-06,96.54388427734375,96.6837197493228,95.75379839095619,95.76079709925087,63303300
2006-11-07,96.91441345214844,97.17310950297082,96.48790850230819,96.6277439171106,63318900
2006-11-08,97.12419891357422,97.22208479802835,95.69086150861185,96.48793533024165,87517800
2006-11-09,96.6137924194336,97.28501759160775,96.41802063354157,97.19411973788569,95916300
2006-11-10,96.65575408935547,96.72566648891447,96.2921733378567,96.58583102103412,48991500
2006-11-13,96.89344024658203,97.21506063897377,96.53685833273248,96.61375874367786,59398200
2006-11-14,97.62065124511719,97.704561082309,96.57186896472267,97.16618319111893,96704000
2006-11-15,97.90023803710938,98.20088354509896,97.55763231680882,97.5856057916828,76509600
2006-11-16,98.1519775390625,98.36172532431183,97.52970088238709,98.19392709611236,76728800
2006-11-17,98.17996215820312,98.18695019634397,97.69752080747168,97.83735625161226,56353800
2006-11-20,98.23590850830078,98.40371745967413,97.84436495719126,98.09607304987047,69174200
2006-11-21,98.33379364013672,98.35476842530193,98.08907358819374,98.22891971431059,51367900
2006-11-22,98.52953338623047,98.69734228176591,98.235875820612,98.41067275267714,45505300
2006-11-24,98.13101196289062,98.47360715676393,98.02612739167213,98.05410087816739,30998000
2006-11-27,96.7815933227539,98.1310315939876,96.75363049942383,98.08208331720837,84545100
2006-11-28,97.20111083984375,97.29899672513014,96.56484725110151,96.65574509771078,106652900
2006-11-29,98.21491241455078,98.25686197610247,97.24304178648619,97.51572460533139,90034900
2006-11-30,98.25685119628906,98.62043180444714,97.71847365500322,98.19392686086502,83994300
2006-12-01,98.0401382446289,98.34778265917676,97.16615328000967,98.25688480885259,126080000
2006-12-04,98.78824615478516,98.97004182291286,98.04710874436878,98.06109548855397,87813200
2006-12-05,99.2147445678711,99.2567047976353,98.76726480255212,98.97702327633645,73374400
2006-12-06,99.13085174560547,99.33362219502803,98.9350800026346,99.19377609111184,53253200
2006-12-07,98.6973876953125,99.4944616455362,98.66242615906103,99.30567788478868,62857400
2006-12-08,98.87916564941406,99.21477290205769,98.43168575630183,98.67640582373164,79625500
2006-12-11,99.16584014892578,99.34762519702304,98.8232341714889,98.87917049446408,39779400
2006-12-12,99.08889770507812,99.19377160951721,98.50857054007673,99.06792292419031,77451600
2006-12-13,99.19377136230469,99.52239048707395,98.9770248478312,99.44547940109052,55520200
2006-12-14,100.06776428222656,100.15167408116703,99.17280466443633,99.18679140905311,64755200
2006-12-15,100.07688903808594,100.46358705549149,100.00658713468579,100.2878162046891,70857400
2006-12-18,99.80269622802734,100.4565694325292,99.66208167993949,100.2175128997573,48954600
2006-12-19,99.99256896972656,100.23161486323085,99.2683935858595,99.52150415786589,65023600
2006-12-20,99.936279296875,100.30188568797794,99.84487501704879,100.03471054891789,41469600
2006-12-21,99.57073974609375,100.14023599579332,99.35982315598952,100.02775072380742,48698400
2006-12-22,98.95903015136719,99.59180118609716,98.90278216833696,99.58477421129555,62069100
2006-12-26,99.54255676269531,99.56364840807143,98.98008785352721,99.00117949890333,32696900
2006-12-27,100.1964340209961,100.25971969467149,99.71834235093847,99.74646097285799,39727100
2006-12-28,99.98551177978516,100.3300158374332,99.83083254762369,100.12612633769476,37288800
2006-12-29,99.57073974609375,100.21757565490122,99.43715208688836,99.88009838252539,45461200
2007-01-03,99.39492797851562,100.44252643501886,98.8324696647843,100.01364499746569,94807600
2007-01-04,99.60584259033203,99.87301776524691,98.86057576367818,99.29648412005233,69620600
2007-01-05,98.81134033203125,99.41599250973694,98.69885513689198,99.36678224840134,76645300
2007-01-08,99.26835632324219,99.42303554408412,98.60745614840893,99.00821887373637,71655000
2007-01-09,99.18400573730469,99.55663917628743,98.71293029808857,99.35273893038124,75680100
2007-01-10,99.51444244384766,99.53554482061244,98.64262569478092,98.83948823348655,72428000
2007-01-11,99.95035552978516,100.27376794038835,99.48631783296864,99.54256580181335,54476800
2007-01-12,100.70967864990234,100.70967864990234,99.91519090725632,99.94330952524102,55370600
2007-01-16,100.51282501220703,100.85030209882541,100.3511080778622,100.5901646287449,44871300
2007-01-17,100.55500793457031,100.864366399576,100.35110770617878,100.43548502367322,50241400
2007-01-18,100.21752166748047,100.72374266744629,100.05581545944239,100.66046772450139,68177300
2007-01-19,100.41439056396484,100.61125308559967,100.16128007497682,100.2175173141272,56973000
2007-01-22,100.10503387451172,100.61125486142276,99.78863771154006,100.59016321431838,60253600
2007-01-23,100.40033721923828,100.59719976308705,99.88005150866422,100.02066607881277,54064400
2007-01-24,101.2088851928711,101.22997684326464,100.47768294675075,100.51986624753783,55834700
2007-01-25,100.02066802978516,101.18778936837126,99.84489713161993,101.14560606932427,73583800
2007-01-26,99.92928314208984,100.29487891773789,99.5425849868802,100.23864166625755,67255600
2007-01-29,99.87298583984375,100.4002983197498,99.65503173132791,99.97141707363156,66114600
2007-01-30,100.39329528808594,100.4425162860766,99.88004730097376,100.08394753807278,70407600
2007-01-31,101.06828308105469,101.33545832326878,100.11911578344585,100.28083276068386,91868600
2007-02-01,101.67290496826172,101.70806128876539,101.1807486658185,101.34948183911173,69312400
2007-02-02,101.81352233886719,101.91195360207905,101.51120157621757,101.7572743701457,49607000
2007-02-05,101.84161376953125,101.90488868770818,101.48303444346375,101.7361448443706,45705300
2007-02-06,101.8697509765625,101.96818222109584,101.47602599842917,101.92599893461028,57081300
2007-02-07,102.09474182128906,102.20020003648298,101.64476888946011,102.03145616397178,55669700
2007-02-08,101.96119689941406,102.03149882954054,101.4338841465411,101.79245295634077,70641000
2007-02-09,101.20182037353516,102.1791058130556,100.81512238058806,101.98927030229964,79084400
2007-02-12,100.85733032226562,101.27214703056455,100.67453246645677,101.2018451144242,65657000
2007-02-13,101.70806121826172,101.87679439143798,101.07527963424242,101.08231733525996,64081800
2007-02-14,102.37604522705078,102.57993483389255,101.79248431338817,101.80654899502824,66039400
2007-02-15,102.50955963134766,102.61501784776857,102.24941148384094,102.41815535831549,38715200
2007-02-16,102.4603500366211,102.48144168225029,102.1088083051982,102.25646055280481,39841800
2007-02-20,102.67829895019531,102.79079487327444,101.94709690658443,102.34082190915966,56911800
2007-02-21,102.63613891601562,102.69942459221274,102.19320355186066,102.37600142213064,63971600
2007-02-22,102.55875396728516,102.94545191446181,102.06659782006004,102.68531453554269,79067400
2007-02-23,102.15805053710938,102.5025546394812,101.9682149587751,102.4674090415935,71966200
2007-02-26,102.06661224365234,102.6150164178011,101.7713185135877,102.53064984584003,69192800
2007-02-27,98.08015441894531,101.3846449311472,97.72861264683439,101.15966377566204,274466500
2007-02-28,99.08555603027344,99.8237958771757,98.29107894218909,98.70589564717686,177536300
2007-03-01,98.79024505615234,99.31053063632878,97.06066589321682,97.96763876233646,212828600
2007-03-02,97.49657440185547,98.89571423877963,97.48954742996389,98.46683293296277,162574000
2007-03-05,96.56851959228516,98.13639273779684,96.55445491888706,96.9762985670082,143750400
2007-03-06,98.22077941894531,98.51607325151156,96.82867685736029,97.57394377691384,143333300
2007-03-07,98.12235260009766,98.75513432281143,98.00985664118787,98.14344425136761,115144900
2007-03-08,98.95197296142578,99.24726673601174,98.48090831661942,98.81134768268744,117891600
2007-03-09,98.9800796508789,99.43005259528294,98.48792341921845,99.35271299257907,107765100
2007-03-12,99.12775421142578,99.37382701857938,98.54419357380448,98.72699143582174,80366900
2007-03-13,97.20130920410156,98.97308290741536,97.05365692540686,98.55825542356098,190605200
2007-03-14,97.9254379272461,97.98168587676989,96.14663809532887,97.32781285073028,231853800
2007-03-15,98.05905151367188,98.4246579185925,97.58798688050601,97.70750978191805,132435900
2007-03-16,97.7844467163086,98.56091021998772,97.49503661305074,98.33502601137128,121531600
2007-03-19,98.96327209472656,99.05503891977268,98.22210419192152,98.29975055832499,96161200
2007-03-20,99.50680541992188,99.56327648871,98.79387837163756,98.87857958944221,82147400
2007-03-21,101.1443862915039,101.39850062261331,99.4008924959005,99.59853577890213,152368700
2007-03-22,101.0667724609375,101.41970854709095,100.791482744568,101.27853626678049,118942200
2007-03-23,101.21500396728516,101.51146896844982,101.04559077915368,101.13735760240247,74416800
2007-03-26,101.0809097290039,101.39855010521171,100.29739105662127,101.29267357006124,113787500
2007-03-27,100.84092712402344,101.05269098899643,100.50916624874249,101.02445006259599,99864600
2007-03-28,100.10681915283203,100.56563185968128,99.71152160003437,100.33269269795939,152907900
2007-03-29,100.21265411376953,100.66441178733719,99.66207478569495,100.61499557470746,139432700
2007-03-30,100.23382568359375,100.82675558857252,99.21736826320034,100.40323884391003,128194100
2007-04-02,100.34679412841797,100.55855794170677,99.86679543357968,100.34679412841797,79416400
2007-04-03,101.42680358886719,101.63150183909289,100.87622399638956,100.91857461569434,82417800
2007-04-04,101.53971862792969,101.61029938432951,101.0526650945252,101.42677649278419,63995200
2007-04-05,101.8150405883789,101.95621291663284,101.37033752215869,101.41268814355904,46822800
2007-04-09,101.95620727539062,102.21032176049083,101.75149825560447,102.10443444209045,50967400
2007-04-10,102.07618713378906,102.24560035230749,101.83619315228815,101.8785437642288,56620000
2007-04-11,101.65969848632812,102.25262843985062,101.32087213795553,102.22439829619607,106365700
2007-04-12,102.11146545410156,102.29498833140664,101.17970906758192,101.46206438353666,115534400
2007-04-13,102.57730865478516,102.57730865478516,101.89966689841422,102.28083298148202,84287000
2007-04-16,103.55148315429688,103.66442532789071,102.93032274104772,102.9373775878629,83064600
2007-04-17,103.82670593261719,104.04552452094597,103.51612054114993,103.74200474249032,108424100
2007-04-18,103.95376586914062,104.25728563994821,103.45965765459847,103.48083295159661,88345300
2007-04-19,103.92557525634766,104.04557225432939,103.31146980468925,103.44558726442074,102947700
2007-04-20,104.9067153930664,104.9067153930664,103.79143610456771,104.6243708416192,124114100
2007-04-23,104.51142883300781,104.98436188114097,104.44790292447222,104.73024747624436,77270800
2007-04-24,104.55377960205078,104.7514229427509,103.98909049762425,104.63142596952257,114471000
2007-04-25,105.51377868652344,105.64084128963383,104.48321125490459,104.98437451020052,108418800
2007-04-26,105.63377380371094,105.73966109955407,105.2455526978855,105.52084243386909,88741600
2007-04-27,105.54904174804688,105.69727961061821,105.06198833342245,105.23845633751812,108191100
2007-04-30,104.67377471923828,105.69729793705967,104.61731442640017,105.62670641488093,100874100
2007-05-01,104.9419937133789,105.50669349317475,104.2361216813222,104.76552570536472,134342700
2007-05-02,105.55609893798828,105.84550905612133,104.99846477177681,105.10434126828771,87129800
2007-05-03,106.12789154052734,106.16317653457574,105.69024344432215,105.85965665292628,86569700
2007-05-04,106.53022003173828,106.67139230287803,106.03611169737223,106.41022306273182,96409000
2007-05-07,106.55137634277344,106.72784434293396,106.45255469351363,106.50197090351952,63461400
2007-05-08,106.41021728515625,106.53021424764745,105.97258003715851,106.29022032266504,80584000
2007-05-09,106.69965362548828,107.87140416447369,106.1420085073209,106.33259703372357,102070100
2007-05-10,105.58438110351562,106.60083895016786,105.36556241139735,106.39612994926216,153617800
2007-05-11,106.48785400390625,106.5372594448101,105.68316032713125,105.7043356261975,113408900
2007-05-14,106.25493621826172,106.79846080154483,105.73258693828468,106.48787532538306,108027500
2007-05-15,106.28319549560547,107.05259370397553,106.01496057972159,106.37495156886335,180673300
2007-05-16,107.01024627685547,107.03142158444993,106.14908119882533,106.44554627590439,114166500
2007-05-17,106.79851531982422,107.26439377188754,106.66439781658539,106.85498641438583,101132800
2007-05-18,107.73020935058594,107.73020935058594,107.15845460446786,107.29962688721538,99182000
2007-05-21,107.6737060546875,108.1607594395243,107.64547591488969,107.70194696523686,174664600
2007-05-22,107.58901977539062,108.11136898543114,107.56078963168036,107.78666309362151,82148800
2007-05-23,107.60313415527344,108.35135678499603,107.54666310028935,107.9631250137006,133786600
2007-05-24,106.62906646728516,108.14669835413858,106.40319293514459,107.66669959586073,187593000
2007-05-25,107.07373809814453,107.30667717825239,106.71373644218095,106.93962067892306,83309200
2007-05-29,107.46202087402344,107.64554382536745,106.90437563176243,107.25025699431366,82020000
2007-05-30,108.33721160888672,108.37956219777341,106.82664623767833,106.91135818620168,129013600
2007-05-31,108.22432708740234,108.62666862653259,108.08314403573806,108.47137588630558,114866700
2007-06-01,108.76078796386719,108.98666146311908,108.3584356469508,108.6196156804904,107771700
2007-06-04,108.7749252319336,108.97962345884781,108.33727708385649,108.3796276983383,78008800
2007-06-05,108.34432220458984,108.63372160572193,107.89961929514249,108.52079024538585,126917900
2007-06-06,107.17960357666016,107.96312193978359,107.11607768064391,107.89959604376735,164096800
2007-06-07,105.24555206298828,107.64551329704655,105.21731114263167,106.9819916884849,232414600
2007-06-08,106.61493682861328,106.72082412551545,105.23848813492867,105.58436940493371,175886000
2007-06-11,106.79851531982422,107.25732815334236,106.37498749599212,106.53733516113176,102015600
2007-06-12,105.63377380371094,106.96787187359375,105.5631930439042,106.35376648657392,233898000
2007-06-13,107.21491241455078,107.34197499284055,105.68317125609329,106.2337506302576,193208200
2007-06-14,107.89965057373047,108.08317351188742,107.31377521596016,107.33495052533375,146396500
2007-06-15,108.5135269165039,108.93178379524518,108.41426852103166,108.56314529706528,154030800
2007-06-18,108.38591766357422,108.74037484879321,108.22287038718245,108.73328959927177,88537500
2007-06-19,108.65530395507812,108.73328496518984,108.01018930935162,108.14488476474224,110851700
2007-06-20,107.14531707763672,108.87506986518757,107.01771768372302,108.87506986518757,177119700
2007-06-21,107.74085998535156,107.8330223637584,106.51444050452598,107.1028410413148,205262000
2007-06-22,106.72709655761719,107.59197324604627,106.23085849470996,107.41474459378094,204964700
2007-06-25,106.21666717529297,107.22332452733959,105.64244812675445,106.50732473377066,232014400
2007-06-26,105.12494659423828,106.66330087320289,105.11786134206393,106.48607221423431,198445700
2007-06-27,106.6207275390625,106.74125251307895,104.96187034418548,105.01149954727178,213638000
2007-06-28,106.60658264160156,107.33676382540608,106.10324850833724,106.60658264160156,157705000
2007-06-29,106.64203643798828,107.50691326420086,105.7346264592046,106.97522722270199,199701800
2007-07-02,107.60608673095703,107.69824904279665,106.88300200123508,106.95388693427323,103357000
2007-07-03,107.99603271484375,108.10946163136632,107.74791912927459,107.88260379832118,54048400
2007-07-05,107.88259887695312,108.15198983711099,107.49270457210532,108.0385609257628,89279000
2007-07-06,108.44970703125,108.58440247955181,107.70534484975364,108.02436493980481,81109000
2007-07-09,108.5348129272461,108.71912680077051,108.19452618311023,108.57734606596891,72348100
2007-07-10,106.98937225341797,108.1874394579404,106.8830394080601,107.96058163160824,180362600
2007-07-11,107.74791717529297,107.79045031392339,106.70581201014102,106.86885931394984,175607600
2007-07-12,109.44930267333984,109.70451231075627,107.99602587186229,108.01729244021564,133882500
2007-07-13,109.77544403076172,110.20788242418105,109.44933851392922,109.57694878301314,111794300
2007-07-16,109.76123809814453,110.25747610625244,109.58400946545048,109.87466701919128,98378700
2007-07-17,109.70451354980469,110.22201808087486,109.65488434496888,109.83211296136598,126201300
2007-07-18,109.50602722167969,109.73997031230637,108.67659852791809,109.33588384199378,237887400
2007-07-19,109.93138885498047,110.25748350339585,109.70453099766713,110.02354039448323,145212700
2007-07-20,108.81836700439453,109.87465341868568,108.34339562562865,109.80375764751275,245502500
2007-07-23,109.15155029296875,109.68323608936217,108.67657894625164,109.30041625834077,121183900
2007-07-24,107.25875091552734,109.37131279935035,106.87593108179463,108.54896949898223,256732400
2007-07-25,107.478515625,108.03146800710306,106.51439158132726,107.76917313325755,265214500
2007-07-26,104.93354797363281,106.9043298061818,103.77801364968413,106.47189144337479,467592500
2007-07-27,102.87055206298828,105.53606587351213,102.82801893674605,105.06819066767406,422987600
2007-07-30,104.47981262207031,104.78464063608897,102.9981732356917,103.45187804023337,283017500
2007-07-31,103.3030014038086,105.95434500437185,102.82093401408133,105.15326831608188,316976700
2007-08-01,103.80632781982422,104.21749945966629,102.04822318032804,102.92018484184781,467670000
2007-08-02,104.63580322265625,104.74922134186683,102.97693477520382,104.04030671520162,294758400
2007-08-03,101.94188690185547,104.62158231124666,101.51653395994352,104.40890584029069,359398200
2007-08-06,103.65042114257812,104.08994478700686,101.04160946956652,102.2325917686226,324980000
2007-08-07,104.75630950927734,105.62827140549274,102.955660435752,103.45899454227606,232568700
2007-08-08,106.21666717529297,106.75543833327951,104.45146607070858,105.21000982324634,274930600
2007-08-09,103.06900787353516,105.5927400279944,102.99811214539756,104.51518769988539,357622100
2007-08-10,102.58702850341797,103.85598077862947,101.45984615650627,102.36017065691229,411018400
2007-08-13,102.9556655883789,104.13246643489445,102.80679957817809,103.85599017020017,181917200
2007-08-14,101.38186645507812,103.54405800782384,101.17628599401336,103.28884833574274,264134500
2007-08-15,99.98527526855469,102.40977186719282,99.6875325393056,101.17625700272556,323834000
2007-08-16,100.73675537109375,101.33224095848394,97.1212870728962,99.09915378000538,546743700
2007-08-17,102.58702850341797,103.36682801213189,100.23342702322022,103.14706623406545,388218100
2007-08-20,102.53742218017578,103.12582268156062,101.58038300452502,102.91314610728492,187320400
2007-08-21,102.74293518066406,103.4802120447931,102.18289769296558,102.5090030015559,157066400
2007-08-22,103.96229553222656,104.06863918570183,103.02653412126284,103.50859073538872,173156700
2007-08-23,103.87016296386719,104.67122905021903,103.22504812681566,104.45146727032133,203915300
2007-08-24,105.15328216552734,105.15328216552733,103.70000537269614,103.84178609993369,128901900
2007-08-27,104.17494201660156,105.15324709748057,104.01898002349992,104.81297130215538,113024300
2007-08-28,101.88522338867188,103.67877674667585,101.70090945752926,103.61497701864727,219790700
2007-08-29,103.88431549072266,104.02610703002387,102.05532578610504,102.34597248045081,207654200
2007-08-30,103.60787963867188,104.34515698828145,103.01239388357331,103.11164150942308,191817300
2007-08-31,104.62866973876953,105.27378441446838,104.08989870934982,104.67120287041124,185477500
2007-09-04,105.6849594116211,106.32297804089673,104.49397760188464,104.52942548510555,120062000
2007-09-05,104.77046966552734,105.17455612458527,104.21043196757236,105.0611272079539,166261800
2007-09-06,105.01146697998047,105.35174277712822,104.2954566940408,104.88385679531721,127878400
2007-09-07,103.55117797851562,104.13248242193781,102.97694797090351,103.84182479163664,235447600
2007-09-10,103.35265350341797,104.01194969824273,102.3176442577663,103.870168943422,192305900
2007-09-11,104.55782318115234,104.70668919655587,103.59369884697847,103.67167988934469,162081900
2007-09-12,104.82720184326172,105.23128837062423,104.19626826146833,104.41603006385341,149554600
2007-09-13,105.56446838378906,105.94727748176459,105.06113429302923,105.30925871274617,154079000
2007-09-14,105.55733489990234,105.69203034759498,104.73500253329117,104.8909645446012,121911000
2007-09-17,104.99024200439453,105.380136326498,104.65705132329833,105.13910799209812,109870800
2007-09-18,108.08110809326172,108.10945991335339,105.01150704815252,105.50774502858177,263759500
2007-09-19,108.71910095214844,109.44928183908961,108.25831096930466,108.75454883171506,193779900
2007-09-20,107.95352935791016,108.76877693382768,107.83301515729852,108.70497720712383,175186800
2007-09-21,108.24481201171875,109.06392678529038,108.08099123070285,108.77190127178169,141457500
2007-09-24,108.04537200927734,108.85024903459703,107.81031913811782,108.56533152327107,139450200
2007-09-25,107.83171081542969,108.02402882021416,107.17641669491714,107.41858848257509,142289900
2007-09-26,108.40155792236328,108.81468034220394,107.83173352022109,108.44429285053705,135547000
2007-09-27,109.04261779785156,109.04974753247436,108.40157205467877,108.91441299661616,102713300
2007-09-28,108.67936706542969,109.11385703427855,108.25199596316902,108.87168514829685,133372100
2007-10-01,109.9043960571289,110.22491868736839,108.62229466768129,108.69352674928548,148162300
2007-10-02,109.75484466552734,110.15371835309469,109.55540782174369,110.12523203333681,112978800
2007-10-03,109.53404235839844,109.98278069932547,108.98558559376463,109.55540981572896,119055900
2007-10-04,109.70498657226562,109.8759262210726,109.39870158733241,109.76908894056824,76864400
2007-10-05,111.00851440429688,111.18658387824121,110.13953450196868,110.42444131288035,134579700
2007-10-08,110.4172592163086,110.75203050509754,110.23918984433541,110.68079840891149,71280400
2007-10-09,111.45719909667969,111.47144769227873,110.42439871987494,110.83040218074309,94054300
2007-10-10,111.27202606201172,111.42872802957328,110.69508284894212,111.14381042105434,101711100
2007-10-11,110.73785400390625,112.19802597837517,110.0754298573037,111.77777372687505,233529100
2007-10-12,111.35034942626953,111.3645980202851,110.59533697083592,110.7306714427519,124546700
2007-10-15,110.41015625,111.37173543914732,109.64802480482314,111.30763305813605,161151900
2007-10-16,109.53404235839844,110.06113166570172,109.31323805365436,109.98278069932547,166525700
2007-10-17,109.86880493164062,110.4671154262338,108.60095184469652,110.38876446609716,216687300
2007-10-18,109.46991729736328,109.82605600371504,109.0354276408745,109.29896680565774,148367500
2007-10-19,106.6065902709961,111.45719913287368,106.59947140744124,109.04257843151414,297169900
2007-10-22,107.22620391845703,107.38290577049302,105.88713018535964,106.02958345035032,261989800
2007-10-23,108.09523010253906,108.23056456726802,107.01969498407509,107.88155554611669,180085100
2007-10-24,107.8957748413086,108.08097391656389,106.01536298653777,107.70346777337625,326694200
2007-10-25,108.15220642089844,108.47272910272702,106.75614869206991,108.01687196516178,237374500
2007-10-26,109.42009735107422,109.42009735107423,108.19497883138065,109.02122357601031,176484000
2007-10-29,109.7833480834961,110.00415239675105,109.37022577836055,109.64088387114397,106841000
2007-10-30,109.0212173461914,109.5126906725591,108.88588285127919,109.2990051999869,132981600
2007-10-31,110.15369415283203,110.5953135257537,108.86447381429026,109.67646960515853,220954400
2007-11-01,107.57527160644531,109.27049556037888,107.26186776267686,109.18501486849237,333040800
2007-11-02,107.69638061523438,108.26620492009167,106.27895501981448,107.93143354855656,331228200
2007-11-05,106.87725830078125,107.66788688814387,106.10799717238838,106.58522187020274,226841000
2007-11-06,108.31607818603516,108.34456451272048,106.77042596809257,107.4542173619909,177800500
2007-11-07,105.35301208496094,107.6465474721501,105.09659164202996,107.15507405082433,306639700
2007-11-08,104.81877899169922,105.70199630003287,103.33012134843209,105.40997073080644,374509900
2007-11-09,103.3799819946289,105.08944407847311,103.20191257470785,103.77173689215421,277745100
2007-11-12,102.35426330566406,104.42699321086559,102.35426330566406,103.42980916806637,243087800
2007-11-13,105.47402954101562,105.63785028561853,103.43691591909858,103.54375317242881,191117400
2007-11-14,105.18206024169922,106.41429777869516,104.54813344155137,106.28609299301196,230558800
2007-11-15,103.6648941040039,105.05384434633342,102.93837865830328,104.39855015120389,263111100
2007-11-16,103.84293365478516,104.32728801438597,102.97396508947237,104.21332100406904,308770600
2007-11-19,102.39704132080078,103.53669002249458,101.99104867120064,103.47970650056034,267746000
2007-11-20,103.0238265991211,103.65775319742988,101.22176522858625,102.58221798660061,414767500
2007-11-21,100.91549682617188,102.50388388324993,100.908377962006,101.91269210263492,259012400
2007-11-23,102.6605224609375,102.81009459554043,101.64196035233536,101.90551032268752,77688400
2007-11-26,100.39554595947266,103.1948031482552,100.18899019561141,102.87426946828698,214232000
2007-11-27,101.54942321777344,102.01951817635181,100.39552610873343,100.95823150224226,293897900
2007-11-28,104.79742431640625,105.03959613252444,102.667710023084,102.70332608274737,258596900
2007-11-29,104.83299255371094,105.2176284728976,104.0637424523209,104.43411891047414,199409900
2007-11-30,105.88720703125,106.74905697443386,104.93987637224555,106.15786517061174,222908000
2007-12-03,105.18914031982422,105.7375970606136,104.91135251811137,105.55240881563589,146430400
2007-12-04,104.24893188476562,105.0894140900748,104.21331583724586,104.46261730139243,136533900
2007-12-05,105.99398803710938,106.27177576185281,105.2959592949189,105.36718050702594,171130000
2007-12-06,107.51118469238281,107.70350269115553,105.82309022674967,105.86582514458942,154457400
2007-12-07,107.48977661132812,107.91001763592818,107.23335633270118,107.85303414417889,148980100
2007-12-10,108.32319641113281,108.44428231869779,107.45421672767084,107.75337206433056,123914300
2007-12-11,105.35301208496094,108.90015248842562,105.29602855669887,108.36594413802747,250346400
2007-12-12,106.39289093017578,108.10236351928647,104.84724999789785,107.5966416920286,322435600
2007-12-13,106.1720962524414,106.40714916230374,104.91849160166915,105.64501778956242,237551300
2007-12-14,104.82588958740234,106.2005909611146,104.77603580868379,105.36721663266847,159152900
2007-12-17,103.33012390136719,104.61221497655912,103.1805408127311,104.42702670021892,177269400
2007-12-18,103.90704345703125,104.33440342885814,102.53947198389974,104.06374537391537,245569300
2007-12-19,103.90704345703125,104.6264398074596,103.23750087916135,103.94977836736476,198917200
2007-12-20,104.5623779296875,104.60511285656844,103.40848056142141,104.5908642581094,214813800
2007-12-21,106.06961059570312,106.27726248202967,105.3249046094761,105.52539985357461,146084400
2007-12-24,106.85733032226562,107.03634481898477,106.32028683210818,106.56375485154133,45601400
2007-12-26,107.08647155761719,107.17955166388074,106.33460850417039,106.44201282915813,67093100
2007-12-27,105.74031066894531,106.71415023576107,105.48969686037512,106.70699358734961,122981700
2007-12-28,105.475341796875,106.41337599499512,105.18891205145592,106.36324669223019,116398100
2007-12-31,104.69486236572266,105.6973393616517,104.58744709218611,105.33215365445893,108126800
2008-01-02,103.77825164794922,105.25333989306219,103.02639969933462,104.92394849774038,204935600
2008-01-03,103.72817993164062,104.17930004462451,103.16249882309783,103.76398502295646,125133300
2008-01-04,101.18610382080078,102.71131009731856,100.89968513396603,102.63969996252361,232330900
2008-01-07,101.1002197265625,101.84491515771253,100.31971921408731,101.54417214169943,234991000
2008-01-08,99.46760559082031,102.324669621352,99.13105750345709,101.73750782449424,326365700
2008-01-09,100.51301574707031,100.81375866961368,98.60114300121889,99.5964627661267,301824900
2008-01-10,101.17180633544922,102.25306065515937,99.7969766083392,100.01895278820209,335701200
2008-01-11,100.35552978515625,101.60863135327861,99.53206741086156,100.80664984605744,267076600
2008-01-14,101.16465759277344,101.57997247916079,100.53452315464416,101.07873414254718,170365500
2008-01-15,98.93768310546875,101.31499972198743,98.74434448275849,100.09769298938527,239940100
2008-01-16,98.0855941772461,99.61795742895856,97.58435590354107,98.35769963704665,378802600
2008-01-17,95.54357147216797,98.73003690492583,95.18554263039051,98.67990762251387,397892600
2008-01-18,94.56260681152344,96.68214305427327,93.8751973295666,96.48164771152112,348561500
2008-01-22,93.60307312011719,94.82752579537545,90.22327955170537,91.08970880294096,435923700
2008-01-23,95.85150909423828,96.08780950785122,90.82477967323642,91.00379414480595,511913000
2008-01-24,96.66064453125,96.99719256499267,95.45766176834164,96.29544806739,259949300
2008-01-25,95.26433563232422,97.92807182238504,94.94927934283227,97.74905735222598,269603900
2008-01-28,96.83966064453125,97.04015595410415,94.56259116270347,95.42185833604087,217934600
2008-01-29,97.3194351196289,97.70610159125587,96.5818963316506,97.45548787344221,168968300
2008-01-30,96.60340118408203,99.20268466510443,96.38142492060256,97.08315880138467,334939200
2008-01-31,98.3648452758789,99.20263149522899,95.3788859014239,95.52209525986284,343680800
2008-02-01,99.9473648071289,99.96884567042466,98.47228725454532,98.77303026686246,206843600
2008-02-04,98.68710327148438,99.74686588535079,98.55820717015972,99.6824232977766,124694300
2008-02-05,96.04483795166016,97.56287701880609,95.71544655017135,97.34090084496967,286882500
2008-02-06,95.27152252197266,96.8468479935639,94.81324582248833,96.36709042739892,250792900
2008-02-07,95.90162658691406,96.51743680052402,94.32630143675578,94.37643073290103,297368100
2008-02-08,95.28580474853516,96.10926674486191,94.59122789549144,95.30011803589534,221643500
2008-02-11,95.77273559570312,96.11644029776419,94.54827188823337,95.30730237262411,188576300
2008-02-12,96.66064453125,97.60583512780146,95.9374191741467,96.6033585971901,256654400
2008-02-13,97.6487808227539,98.14286236253943,96.76803294923398,97.39099962487333,181967800
2008-02-14,96.78952026367188,98.09990719648843,96.51741483492647,98.06410212541556,215207200
2008-02-15,96.76803588867188,96.82532181507133,95.88728798839823,96.3097594036494,154110300
2008-02-19,97.04016876220703,98.02116457968053,96.3885534570025,97.8994360489571,145190000
2008-02-20,97.32660675048828,97.77772680865783,95.77991877348855,95.94461998829304,220085700
2008-02-21,96.51744079589844,98.10709022878464,96.00188915323753,97.85647651621257,201051200
2008-02-22,97.11176300048828,97.27646417432702,95.13544725000546,96.64632976424157,205491000
2008-02-25,98.33621215820312,98.56534495668475,96.5102627097337,97.05446266652993,190107000
2008-02-26,99.07376098632812,99.49623248029407,97.74189299636363,97.92090745240093,212420700
2008-02-27,98.97350311279297,99.63227493187637,98.39349808328335,98.50090237535026,168395800
2008-02-28,98.00680541992188,98.78731654925872,97.77767265736398,98.27175417578789,170831100
2008-02-29,95.8228988647461,97.1547564232416,95.07819233235836,97.09748139106962,252715200
2008-03-03,95.59371185302734,95.81568801251314,94.69148300042156,95.3359306199722,189483500
2008-03-04,95.22853088378906,95.52210627829184,93.7964152818586,94.68431996230352,282513100
2008-03-05,95.82999420166016,96.50309012392745,94.76306439655856,95.53640795025892,270681400
2008-03-06,93.84652709960938,95.3932144640798,93.48134158001531,95.22135667041393,247911700
2008-03-07,92.87989044189453,94.33348734621198,92.0707413841356,92.92285217484134,326434600
2008-03-10,91.6554183959961,93.03740500693311,91.36183201166386,92.97296241315598,235683600
2008-03-11,94.94927215576172,95.03519559855782,92.33565453356849,93.60307994568767,341440600
2008-03-12,94.0613784790039,95.7870808659114,93.91816906551543,95.04954200657677,229161100
2008-03-13,94.26898956298828,94.97789060232876,92.08502237155272,92.80823669770345,351504200
2008-03-14,92.80825805664062,95.09964098353187,91.49787088450228,95.07100347714757,484687800
2008-03-17,91.87020111083984,92.55761035436991,90.27339010533511,90.63141893980746,405311100
2008-03-18,95.68680572509766,95.7297674441979,93.07318824269346,93.53146479005403,334416600
2008-03-19,93.3166732788086,96.41719445404527,93.11616700934117,96.05200884866086,345971600
2008-03-20,95.04515075683594,95.64242247145894,93.01586534231429,93.58435777273787,245320700
2008-03-24,96.94490814208984,97.72927270484627,95.87989887429814,95.93026536993555,208977300
2008-03-25,97.0384521484375,97.54217196520865,96.26127972530408,97.04564422429549,192947200
2008-03-26,95.85108947753906,97.21113831207529,95.78632786167238,96.75779602074134,196934300
2008-03-27,95.54883575439453,96.74337874822466,95.24660396925643,96.57067016517517,225153200
2008-03-28,94.63495635986328,95.96622587689289,94.31113730931379,95.69997636559371,180896100
2008-03-31,94.96600341796875,95.51289771414382,94.33274930009358,94.47666769590073,166692100
2008-04-01,98.3049545288086,98.47046012456683,96.07418110311812,96.14614578663165,254547300
2008-04-02,98.36968231201172,99.06769777692031,97.8515675137236,98.62154763738648,210910800
2008-04-03,98.61430358886719,98.90215112395936,97.65724210293533,97.83714269477015,175884800
2008-04-04,98.50643920898438,99.27641957209549,97.9523419090061,98.67194479926978,204446800
2008-04-07,98.55683135986328,99.71539262494264,98.3985178220062,99.21166174252265,154245500
2008-04-08,98.45606231689453,98.52801601015949,97.83000040191075,98.00270903022827,148937300
2008-04-09,97.74365997314453,98.44167564134622,97.0672315128032,98.30494933805147,195610600
2008-04-10,97.88040161132812,98.34813916194136,97.0744387972861,97.44863542593882,192967800
2008-04-11,95.98063659667969,97.23273859288255,95.71437606186556,96.7793962405847,222973300
2008-04-14,95.65682220458984,96.0957804769446,95.38338052921524,95.84392601330298,160522000
2008-04-15,95.87989807128906,96.20371719280708,95.22505677160132,96.12456043152318,172389200
2008-04-16,98.4776382446289,98.5208126516968,96.80096256180603,96.81534671065114,189268900
2008-04-17,98.62156677246094,98.76548513762805,97.62131931118856,97.88037676059632,179665700
2008-04-18,99.6506118774414,100.42778436887552,99.49229835250468,99.98163406056442,218530600
2008-04-21,99.70094299316406,100.01036684239725,99.19722336635171,99.47066488932737,118587400
2008-04-22,99.26201629638672,99.52826583025525,98.51362320295998,99.44191700419363,162166000
2008-04-23,99.10371398925781,99.86649131967506,98.67194784964438,99.36996355320031,193309000
2008-04-24,99.53547668457031,100.55731146734249,98.61437488658395,99.36276803864749,229381300
2008-04-25,100.45654296875,100.66522292387442,99.2404126288521,100.3126136421638,190788100
2008-04-28,100.4781494140625,100.92429966717636,100.29824870164329,100.65805012648171,105610200
2008-04-29,100.08238220214844,100.55011973968483,99.74416792844556,100.30545736559718,125514100
2008-04-30,99.49224853515625,101.16892386043409,99.49224853515625,100.23343831247571,208395900
2008-05-01,101.55033874511719,101.5503387451172,99.4994774517751,99.57863419518411,187279500
2008-05-02,101.83098602294922,102.44984485647285,101.14736557412203,102.42825765137168,181585500
2008-05-05,101.34166717529297,101.90295650044307,101.0394353063866,101.49998067523457,118504500
2008-05-06,102.21959686279297,102.32753290855938,100.52133353436359,100.75880381531883,179339800
2008-05-07,100.39897155761719,102.21236245183671,100.11832694444517,102.10442643918047,199267300
2008-05-08,100.13994598388672,100.97468801469893,100.01041174725138,100.55731699929282,178321200
2008-05-09,99.95284271240234,100.30545210144912,99.62902358954311,99.73697061734241,152588200
2008-05-12,101.0754165649414,101.14737025852199,99.83049578502678,100.20469232455571,147865900
2008-05-13,101.08980560302734,101.384845407695,100.55010346387495,101.32008378626105,159132200
2008-05-14,101.29850006103516,102.32752690452759,101.07542492602734,101.51438312017025,181910800
2008-05-15,102.56500244140625,102.63696712490504,101.34167968381026,101.49279014678102,166927000
2008-05-16,102.65853881835938,102.8096492584917,101.90295367689548,102.80245718333644,204236800
2008-05-19,102.9392318725586,103.83873580192336,102.39952951493974,102.76652316522244,165664400
2008-05-20,102.1044692993164,102.42828845347967,101.46402306809739,102.37792195318646,178552100
2008-05-21,100.37742614746094,102.26997456568391,100.02481672553117,102.0468993931393,252724800
2008-05-22,100.39176940917969,100.86670982968448,100.024775982571,100.33419987515494,170820400
2008-05-23,99.0461196899414,100.49972028447473,98.95977087570235,100.06076217831564,181376400
2008-05-27,99.78016662597656,100.0248290401621,98.96701162440915,99.1613075322726,168322900
2008-05-28,100.24066925048828,100.74438899943205,99.3051834422973,100.14711737558909,181288100
2008-05-29,100.74439239501953,101.41361773111525,100.08235913405578,100.11834147025033,173927200
2008-05-30,100.99622344970703,101.27686800823403,100.7011837655402,101.08257224301884,117362000
2008-06-02,99.95284271240234,100.64366635740213,99.30520446668388,100.62207914789613,181069900
2008-06-03,99.36994934082031,100.47094076106941,98.75109048536345,100.24067357174016,271965700
2008-06-04,99.31959533691406,100.13994220373998,98.91661946973908,99.08931713837472,246637700
2008-06-05,101.30565643310547,101.38481316088168,99.53544012867708,99.722532857846,237867100
2008-06-06,98.07467651367188,100.60048977423007,98.02431001933118,100.42058904537068,384276300
2008-06-09,98.3121109008789,98.94536474895706,97.44139784003653,98.48481949042706,228263900
2008-06-10,97.82283020019531,98.65757228664658,97.39826708011528,97.6285343224263,260234900
2008-06-11,96.38359832763672,98.05307107126684,96.37639527244956,97.84439109591321,283890100
2008-06-12,96.75060272216797,97.77243746986768,96.08137733019065,96.85854973976541,252791800
2008-06-13,97.97393035888672,98.24019089824125,96.72902041742942,97.26872259196666,244726900
2008-06-16,98.031494140625,98.53521394450213,97.47740784649424,97.54216946836384,185832500
2008-06-17,97.55659484863281,98.6719708386728,97.41266544838233,98.63599946888179,191707700
2008-06-18,96.606689453125,97.52058821181234,96.21810871792795,96.92331648638795,265893000
2008-06-19,96.7289810180664,97.31906042574009,96.06694793792367,96.5346852398977,304204900
2008-06-20,95.15895080566406,96.25098220096163,94.89859756129765,96.07018164335135,289275700
2008-06-23,95.06494903564453,95.62904599968569,94.97094023176594,95.52779810960631,165096400
2008-06-24,94.87690734863281,95.78091018405283,94.15370508029679,94.77565947247341,267300600
2008-06-25,95.32528686523438,96.47517579499267,94.91306732078108,95.26020131114026,287853900
2008-06-26,92.7362060546875,95.04322261538191,92.62773014924588,94.42850742589812,297775000
2008-06-27,92.22996520996094,93.19182535095916,91.8755977171279,92.77236679836822,303423400
2008-06-30,92.5554428100586,93.22802124263582,92.063664972071,92.49035172685628,258842600
2008-07-01,92.84471893310547,92.90980449455323,91.07286990877228,91.4995566362967,388622000
2008-07-02,91.25366973876953,93.40881509854401,91.08733077600472,93.14122273392505,288064600
2008-07-03,91.34768676757812,91.92625085274628,90.3930598893679,91.92625085274628,239352500
2008-07-07,90.41471862792969,92.09254717741595,89.61919746972042,91.69478935710823,372427300
2008-07-08,92.0202407836914,92.12872221060935,89.8217055673597,90.39303593270594,375973700
2008-07-09,90.2483901977539,92.38183417334425,89.95910825591265,92.20826721527713,336729400
2008-07-10,90.61724090576172,90.97160845071836,89.37333219723378,89.9880529843286,436475700
2008-07-11,89.5613784790039,91.05117910695887,88.58505638709309,89.65539831797354,481124600
2008-07-14,88.75139617919922,90.76189789517738,88.5199716403297,90.58833087042431,322720800
2008-07-15,87.50018310546875,89.30818758208655,86.79867648572636,88.08598030785534,502502500
2008-07-16,89.64811706542969,90.08927071604818,87.57975895460655,87.83287854489751,371642900
2008-07-17,90.5448989868164,91.31149695016602,89.74214422971257,90.50150862727372,375490600
2008-07-18,91.1089859008789,91.4271910132447,90.50872694621756,91.24639052214862,267030100
2008-07-21,91.15962982177734,91.70203141409036,90.53767555451755,91.49230213628466,222863000
2008-07-22,92.19383239746094,92.42525691467921,90.29180680140237,90.50876970024262,296904200
2008-07-23,92.69283294677734,93.40156807636357,92.24445107390312,92.49033719546699,311698400
2008-07-24,90.76912689208984,92.86641477360898,90.51600717757456,92.81578531310997,248634500
2008-07-25,90.74742889404297,91.47785925936383,90.52323242447699,91.04393897397813,219131000
2008-07-28,89.4167251586914,91.16687326792244,89.25761978192581,90.7691153436037,205201300
2008-07-29,91.32601928710938,91.3983384402971,89.41676495144559,89.66265669340108,261505600
2008-07-30,92.95320129394531,93.00383075758774,91.32599593412495,91.92625523552624,354710000
2008-07-31,91.72377014160156,92.9821464058604,91.5791263377573,92.13599532676307,277402100
2008-08-01,91.23918151855469,92.04916435646464,90.7329367272667,91.93345488716076,248690900
2008-08-04,90.39305877685547,91.22474256995022,90.2267253287941,91.15242343959329,188239600
2008-08-05,92.83023071289062,92.97486893943251,90.37857580512146,91.13793477085834,251577600
2008-08-06,93.24244689941406,93.5100391959636,92.19381151782866,92.58434133673829,209555400
2008-08-07,91.85391998291016,92.88809942860661,91.51401404013228,92.54095991834966,246312500
2008-08-08,93.56068420410156,93.9656757532409,91.39831072909543,91.54295450921379,260811700
2008-08-11,94.52975463867188,95.1083075106705,93.4594075480593,93.6329800307721,249425800
2008-08-12,93.54621124267578,94.52252761513428,93.09781836392061,94.21878400802342,213200800
2008-08-13,92.98210906982422,93.76315770897625,92.33122049027826,93.14120339617781,256393200
2008-08-14,93.68358612060547,94.21875959552935,92.38905934225122,92.45414487651315,239555300
2008-08-15,94.1392593383789,94.37791746538815,93.51007675320486,93.9656867818649,181000800
2008-08-18,92.8519287109375,94.36341863923785,92.32399420221431,94.3272563227084,172275100
2008-08-19,91.83946990966797,92.34571489294188,91.5067974725661,92.15044715789743,194673700
2008-08-20,92.26612854003906,92.53370979534282,91.36935393131837,92.12871837049757,225498200
2008-08-21,92.42523193359375,92.88808084292953,91.55738609039349,91.6658675104928,180609800
2008-08-22,93.7631607055664,93.7631607055664,92.425243258255,93.05442564025373,167715300
2008-08-25,91.86113739013672,93.76315711472233,91.66587523158624,93.14844189010145,171936900
2008-08-26,92.12873077392578,92.47587026881072,91.54293873875221,91.86114396500207,159117200
2008-08-27,93.02549743652344,93.17013566158582,92.0636372388342,92.2444377789595,171032800
2008-08-28,94.15370178222656,94.26217770460087,93.37264203556018,93.49558509264787,167537100
2008-08-29,93.1412124633789,94.1175399101476,92.93871671719127,93.82102434066194,189195800
2008-09-02,92.56266784667969,94.52978465216319,92.22276185710554,94.03800131259524,252364900
2008-09-03,92.48308563232422,92.93147293554564,91.79604582155054,92.48308563232422,251947000
2008-09-04,89.69874572753906,92.01299550389486,89.64812180680345,91.82496143362245,340042500
2008-09-05,89.98080444335938,90.36410067561278,88.23065667613729,89.16358805228315,289503400
2008-09-08,91.83946990966797,92.74347841425735,89.98083998911417,92.5988291081843,364075300
2008-09-09,89.11297607421875,92.10703274441975,88.80923247407544,91.91899862726655,377326800
2008-09-10,89.47455596923828,90.3279345847204,88.62841091897711,89.59749899002625,298916600
2008-09-11,90.76912689208984,90.93546033980162,87.94140310503008,88.31747141024931,375369400
2008-09-12,91.18852996826172,91.27531618739718,89.55409755649087,89.8867697867874,297851200
2008-09-15,86.84934997558594,90.87035797927517,86.7047117419144,87.96308203116064,483607000
2008-09-16,88.30299377441406,88.46209915250488,84.61466339654525,84.75930163975764,581744300
2008-09-17,84.33258819580078,88.12216524476037,83.8914345211356,86.5238894388396,624095600
2008-09-18,86.83489227294922,88.07880100192988,82.30041668007642,85.37402618368286,776114700
2008-09-19,90.28343200683594,93.10569643210253,89.70879462072521,92.16008948290121,501087800
2008-09-22,88.23945617675781,90.74167323046596,87.54843964251066,90.52345456200304,249966500
2008-09-23,86.23186492919922,88.75589707570428,86.03546702659442,87.90485429649951,327470400
2008-09-24,86.50830841064453,87.2866138286352,85.67908602323517,86.81381022715672,311818400
2008-09-25,87.86121368408203,88.67589039488875,86.1518526730128,86.85014461819095,328253000
2008-09-26,87.9048843383789,88.37768789380792,86.20279819827395,86.43556225716522,285917400
2008-09-29,81.01654815673828,86.80656131042402,80.71832168746536,86.66108579607652,459562300
2008-09-30,84.36976623535156,84.9589545241578,80.39822683638342,82.56584638320284,328154400
2008-10-01,84.42068481445312,84.87894299782616,82.88589504854033,83.84604738815823,332783000
2008-10-02,81.35841369628906,83.72970208313326,80.78377603707807,83.61331724350514,365337800
2008-10-03,80.260009765625,83.97696383940657,79.77993644870413,82.09303110176653,461798000
2008-10-06,76.1720962524414,78.28152322710231,73.20435094531288,77.93964987144115,610637500
2008-10-07,72.7606201171875,78.0705546906666,72.48421467743015,77.71413057811502,540012100
2008-10-08,70.92760467529297,74.3245052670757,70.41842975102061,70.9348745595536,725414800
2008-10-09,65.97412109375,73.18981773995655,65.64679855621905,72.49152559023321,534485200
2008-10-10,64.37385559082031,68.33084916795924,60.79510698477753,63.10820167883573,871026300
2008-10-13,73.72080993652344,73.72080993652344,65.42858143708256,68.27994805533932,455584000
2008-10-14,72.62968444824219,76.76124815515358,70.63664305339414,76.15751483515169,546268300
2008-10-15,65.47947692871094,71.13856123375761,65.25398838457801,70.89124638414933,484627500
2008-10-16,68.2071762084961,68.93456427131245,62.94816362207094,66.40325692044863,708811200
2008-10-17,67.79985046386719,71.71319680932936,66.66512669779569,66.91243601110611,476649000
2008-10-20,71.87322235107422,72.08416558352751,68.4399493461663,69.35645998211099,321294200
2008-10-21,69.72744750976562,71.74958623004957,69.26191941083117,70.53484902031536,356502000
2008-10-22,65.93046569824219,69.72743297255633,63.66828796277198,67.79257770575533,516168000
2008-10-23,66.69425201416016,67.2470632674992,62.41720416753809,65.67590702451044,634666400
2008-10-24,63.311893463134766,65.40677027109206,61.10063183552414,61.14427336812732,545812600
2008-10-27,61.06425094604492,65.10853402410092,60.88240385502093,62.53357854925719,397288600
2008-10-28,68.19994354248047,68.54908689543424,61.48614561695192,63.53010541307215,639939500
2008-10-29,67.70530700683594,70.68032260918126,66.99246400249919,68.20720118025001,531270100
2008-10-30,70.04749298095703,70.22206461278559,67.57437174033524,69.66924797087434,414582100
2008-10-31,70.4330062866211,71.69866030046086,68.7236449918634,69.16007683633933,411394000
2008-11-03,70.63663482666016,71.05852111315491,69.79286225367066,70.39659550335844,205419400
2008-11-04,73.03706359863281,73.36438612158136,70.34572349509627,72.05508493072224,346793400
2008-11-05,69.96747589111328,73.25526826168013,69.1018821182035,72.1569104762482,387844100
2008-11-06,66.09051513671875,69.4219555759458,65.5086021557981,68.70911245179468,477721900
2008-11-07,68.27264404296875,68.374477927835,65.82861970711774,66.66511708954523,380391000
2008-11-10,67.37796020507812,69.48738688324987,66.13412717387216,69.25462290459491,301773000
2008-11-11,65.29761505126953,67.02152652285046,64.48294408372796,66.01773313090257,418498200
2008-11-12,62.424468994140625,64.70119256897792,61.91529936064116,64.17747761003538,454330600
2008-11-13,66.31598663330078,66.72332783443134,59.711299870636395,62.64994912031789,753141900
2008-11-14,63.00638198852539,66.96337090878644,62.93363871261343,65.03579618684101,540352300
2008-11-17,62.16987991333008,64.41750713358987,61.94439131246493,62.83180039148007,415254900
2008-11-18,63.34096908569336,63.44280299503275,60.30776146565898,61.937109564621075,523811800
2008-11-19,59.28216552734375,63.188243953174016,58.860278845690424,62.48995162640338,558327600
2008-11-20,54.881446838378906,60.016812180660544,54.59049594833922,58.28562441744885,814180400
2008-11-21,57.8419189453125,58.84571841645767,54.0740470836781,56.3435007254708,718536500
2008-11-24,61.849830627441406,63.27551113014523,58.45292835852057,59.5876524107775,523305300
2008-11-25,62.308082580566406,63.653749785463425,60.969685262788964,63.50099891297013,454112400
2008-11-26,64.71574401855469,64.87577034751331,61.275194594542896,61.318841670325234,370134200
2008-11-28,65.53038787841797,65.55948406685789,64.35929820351173,64.46840197324829,118308100
2008-12-01,59.725826263427734,63.68281856975944,59.5439792721372,63.65372238520938,369927100
2008-12-02,62.024375915527344,62.184402172733435,59.674915646999,60.715080769308216,469508400
2008-12-03,63.51553726196289,63.88650679701371,60.47505437068609,60.66417685613789,519863500
2008-12-04,62.04621887207031,64.046536524986,60.911489448007394,62.59902993684954,444173800
2008-12-05,63.95924758911133,64.3156662696322,59.82040676493896,60.846026837876664,471905300
2008-12-08,66.19234466552734,67.1961386637221,64.06837186089507,65.71226565582565,412859300
2008-12-09,65.10125732421875,67.01428668686403,64.72301782401769,65.73408718654294,370790000
2008-12-10,65.54496765136719,66.45420313032908,64.73756610208639,65.69771854588883,396187400
2008-12-11,63.96653747558594,66.19234419690605,63.55192631083939,65.13035780210845,365061000
2008-12-12,64.73028564453125,64.78847804255989,61.97348322016576,62.22807357415789,415060400
2008-12-15,63.82830810546875,64.84665259255621,62.766322106637716,64.75208858440384,256694200
2008-12-16,66.83242797851562,66.93426188584488,64.14109377133133,66.83242797851562,377699500
2008-12-17,66.18505096435547,67.2324917513743,65.50857971432774,66.07594162411908,281819800
2008-12-18,64.94847869873047,66.67966023453191,64.16289828435455,66.48326790570309,374673300
2008-12-19,64.6690902709961,66.4509919009271,64.59575651935911,65.33638377317038,301451300
2008-12-22,63.840484619140625,65.02108675656638,62.68921487206737,64.95509307420934,243759500
2008-12-23,63.18052673339844,64.47845286469062,62.91654080930824,64.1851345496369,221625200
2008-12-24,63.54718017578125,63.70117104923846,63.06320406384534,63.393183707741905,62061600
2008-12-26,63.913814544677734,64.01647510744051,63.42983852486941,63.972473727269985,74767700
2008-12-29,63.730472564697266,64.03845416238833,62.76985530345216,63.97245490883771,127795900
2008-12-30,65.2410888671875,65.29975365866513,63.708503358683586,64.17048159834184,168256300
2008-12-31,66.17235565185547,66.70766197838024,65.16774786947614,65.32173872090841,193987200
2009-01-02,68.16691589355469,68.51889899147817,65.88637423991187,66.31902001455569,227566300
2009-01-05,68.0862808227539,68.68025219166705,67.38231993606408,67.92495540390303,240349700
2009-01-06,68.54090881347656,69.25953293802588,67.96160657739476,68.66556730116211,328260900
2009-01-07,66.48767852783203,67.65361736945253,66.14302990424244,67.46295961275962,280899200
2009-01-08,66.75897979736328,66.79564108205074,65.75436660797783,66.11368412214492,263834400
2009-01-09,65.32906341552734,66.96430908519174,62.59388396283263,66.84698512742865,330953600
2009-01-12,63.75980758666992,65.1970664173878,63.3638343925315,65.14573054989488,277858500
2009-01-13,63.87714385986328,64.44177692146516,63.20984464702576,63.598494576740116,356432300
2009-01-14,61.867950439453125,62.87989306007255,60.98066632243357,62.72590215658154,435491600
2009-01-15,61.889923095703125,62.51322095404131,59.924697861282574,61.68460197479934,532647300
2009-01-16,62.373878479003906,63.055840948853636,60.899964104312225,62.960514907000515,399237200
2009-01-20,59.08141326904297,62.373897076555366,58.700103393358624,61.76526817466966,419855200
2009-01-21,61.63329315185547,61.77261504978376,59.00810226159817,60.086044116203325,364360700
2009-01-22,60.68000030517578,61.625949017536826,59.52139593550114,60.43801225431044,427940300
2009-01-23,60.9439811706543,61.589276991237554,59.08141629479671,59.323404325483516,386800600
2009-01-26,61.361995697021484,62.59392890831731,60.724028385866234,61.29599637779197,317978800
2009-01-27,61.98525619506836,62.43989986765227,61.08330894094132,61.691937877097494,273789700
2009-01-28,64.08246612548828,64.4931083594919,63.11451972063629,63.3565077204945,330007000
2009-01-29,61.99993896484375,64.15581705263163,61.9412741692975,63.14387450508152,294392500
2009-01-30,60.73867416381836,62.62323737297328,60.284030387736735,62.315255586554855,383383600
2009-02-02,60.55534362792969,60.99531835511567,59.6240582873802,59.814716053840925,288233300
2009-02-03,61.40596008300781,61.860603800218165,60.29135707881041,60.936652966021306,278385800
2009-02-04,61.10530471801758,62.60122305270166,60.892649084723224,61.816599796206624,322989300
2009-02-05,62.01457214355469,62.54254385699759,56.998852055007404,60.64331258750607,417679400
2009-02-06,63.78182601928711,64.04580634572308,62.09524992329582,62.227242883804536,366101700
2009-02-09,63.869808197021484,64.3391151887455,63.29784065051912,63.767147642243145,240075200
2009-02-10,60.9439811706543,63.81848836404549,60.46000510928068,63.26118412219812,536212800
2009-02-11,61.303279876708984,61.63326500915135,60.423330712690046,61.19328483256153,324442500
2009-02-12,61.3472900390625,61.46461400026742,59.433395018306165,60.25467953048405,469302200
2009-02-13,60.687339782714844,61.77261046028542,60.6726707874441,61.266642015094504,293998400
2009-02-17,58.091461181640625,60.833974907654145,58.0547943008606,58.78075825932519,478910100
2009-02-18,57.9521484375,58.61944779369139,57.40217865388018,58.50945271805104,362964800
2009-02-19,57.32884979248047,58.77343796889182,57.21152022129207,58.54611332335976,316867500
2009-02-20,56.77153778076172,57.4461659394002,55.561603317054605,56.26556945907342,477176600
2009-02-23,54.74034881591797,57.39486711968609,54.69634741130843,57.39486711968609,379641400
2009-02-24,56.81553268432617,57.16017562562036,54.776973854533495,55.20961954677419,426260900
2009-02-25,56.36822509765625,57.504825692769344,55.458937908069025,56.56621171152632,461985800
2009-02-26,55.45161819458008,58.42145146215208,55.385618915968315,57.064860542798336,363353900
2009-02-27,54.21236801147461,55.50296564594571,54.12437081097091,54.27103281181041,470510900
2009-03-02,51.770484924316406,54.20501747197128,51.60183066648972,53.178406148231645,426452600
2009-03-03,51.38185119628906,52.577117026034294,51.06653491555369,52.51112332742081,443761000
2009-03-04,52.5991325378418,53.435086478772156,51.38186293585796,52.23248587622026,462753100
2009-03-05,50.450557708740234,52.59910629778162,49.988579565029845,51.40383519664525,485549400
2009-03-06,50.53854751586914,51.66048480636603,49.2039546038051,50.89053058474124,490470000
2009-03-09,49.9445915222168,51.330514979085535,49.66594216923705,49.827261945436604,379905300
2009-03-10,52.921756744384766,53.06841870744421,50.868539612789185,50.97120018963987,406227900
2009-03-11,53.26639175415039,54.080347258763986,52.67242634062496,53.53037762562401,356648300
2009-03-12,55.3636360168457,55.54695931491473,52.775111943244355,53.25175363714043,409702700
2009-03-13,55.7962646484375,56.448900600119885,54.7989912624785,55.73760545720361,337474700
2009-03-16,55.627601623535156,57.17485013966601,55.59093473952824,56.4342227204582,360644900
2009-03-17,57.32884979248047,57.46084276277648,55.32695734208799,55.78160103857021,356814300
2009-03-18,58.61211013793945,59.32340524821991,56.514891695196056,57.057526952640075,473273200
2009-03-19,57.88616943359375,59.3967516988788,57.70284612588116,59.34542139650261,428520400
2009-03-20,56.653507232666016,58.27830161069475,56.52056956205115,58.167519279411785,371078200
2009-03-23,60.72288131713867,60.7745789952941,57.83518142904793,58.152754490466805,419933300
2009-03-24,59.52643585205078,60.82627029678012,59.459969830514986,59.99910189838441,330271000
2009-03-25,60.154197692871094,61.077374487633534,58.38908411205522,59.991723310077056,441775100
2009-03-26,61.38019943237305,61.52052415455457,60.05820914994831,60.745053137249975,422025200
2009-03-27,60.272377014160156,60.95183389537939,60.05081229285501,60.59733710284106,322332300
2009-03-30,58.1897087097168,58.98733520070276,57.57671766749832,58.93563750043293,324108500
2009-03-31,58.728843688964844,59.88097277230185,58.381733762858175,58.758386038242925,364238300
2009-04-01,59.86617660522461,60.13205201561698,57.84996131681155,57.99766737386291,377018300
2009-04-02,61.61651611328125,62.48799528805755,59.91786844960098,61.35802772131887,476230700
2009-04-03,62.229515075683594,62.244283428040774,61.05523103409771,61.66083490399339,284646300
2009-04-06,61.742069244384766,62.244277697670356,60.77458166724435,61.55004687366907,264866600
2009-04-07,60.30193328857422,61.04047501743703,60.198537897303524,60.74505719896666,258947800
2009-04-08,60.95183563232422,61.25464038442862,60.22068104658139,60.60472018854603,230402800
2009-04-09,63.37425994873047,63.38164694324797,62.28122141442652,62.53232288176293,269653500
2009-04-13,63.38902282714844,63.913386653465025,62.46584588617735,62.71694730950154,224847500
2009-04-14,62.29599380493164,63.3373403489585,62.09659001704684,62.79820240676794,276598800
2009-04-15,62.96065902709961,63.086209722116585,61.749451491893666,61.91931287112272,250726100
2009-04-16,63.883846282958984,64.36389943397559,62.606166878064776,63.46287781029443,335202900
2009-04-17,64.31219482421875,64.73316325155527,63.61796401489646,64.12755945021809,262649000
2009-04-20,61.61651611328125,64.29003830852277,61.55004444984844,63.17483909220008,293690100
2009-04-21,62.820350646972656,62.87204833684161,61.114321246671444,61.166018936540404,114090900
2009-04-22,62.436317443847656,63.76568915393839,62.089201935247914,62.25168201456066,340395200
2009-04-23,63.04929733276367,63.086221031351535,61.76423091400295,62.56185718055268,324903700
2009-04-24,64.00202941894531,64.48207703868846,63.28564303491151,63.53674452003092,287703000
2009-04-27,63.39639663696289,64.26049443313623,63.17483757828641,63.27823293259361,289581600
2009-04-28,63.1970100402832,63.95032005924797,62.59879309479278,62.75388616826712,247926300
2009-04-29,64.54115295410156,65.25753924072833,63.73614527754192,63.8986197039607,311505700
2009-04-30,64.56334686279297,65.7450130562077,64.19407582518656,65.39790301394592,301419800
2009-05-01,64.91040802001953,65.14674106020122,64.04631587010127,64.5780666191661,236110300
2009-05-04,67.11865997314453,67.16297630160986,65.272305934808,65.39786229173016,287120000
2009-05-05,66.88971710205078,67.15559254716639,66.3505792176148,66.88971710205078,243036300
2009-05-06,68.04920959472656,68.09352027919545,66.91924206377664,67.70948119967538,291941000
2009-05-07,67.10391235351562,68.79517385134474,66.67555673196021,68.69177844402131,317728000
2009-05-08,68.66961669921875,68.84686514747293,67.53226168988681,67.96799863239221,299081700
2009-05-11,67.38452911376953,68.02706228758272,67.236823058344,67.7242575489481,247923600
2009-05-12,67.18511962890625,67.82026575523446,66.35795113924932,67.67255407781839,282431300
2009-05-13,65.49385833740234,66.47611985309719,65.3609206462961,66.27671049912567,269619100
2009-05-14,66.05516815185547,66.55737670815695,65.36093718544956,65.52341725287441,260098700
2009-05-15,65.51602172851562,66.46874102604392,65.10244025410024,66.0034618673266,271502700
2009-05-18,67.37715148925781,67.45838588000646,65.41262816240098,66.13640139719695,241447400
2009-05-19,67.29591369628906,67.92367293939967,67.06696196508376,67.34022438991735,206102200
2009-05-20,66.84540557861328,68.53666661453083,66.77155254135663,67.90890171128535,285722200
2009-05-21,65.88531494140625,66.32105754425567,65.18370246779727,66.06995039600092,258988400
2009-05-22,65.74496459960938,66.46873777910562,65.4938631837304,66.06992467627602,166811900
2009-05-26,67.42887115478516,67.62088797314664,65.22801402796128,65.2575563772385,236318500
2009-05-27,66.22500610351562,67.76117357055841,66.12161075810157,67.53222753923068,246015800
2009-05-28,67.14817810058594,67.45836411486472,65.80403307075453,66.80844975619155,289095000
2009-05-29,68.33726501464844,69.20135748187711,66.97096394828556,67.51748324790547,258641500
2009-06-01,69.99158477783203,70.28700254401873,69.0019417409256,69.17919014678753,276246800
2009-06-02,70.05064392089844,70.43468856732451,69.59275190312843,69.71830257673484,230874500
2009-06-03,69.1644058227539,69.51890255261809,68.50710440294947,69.45243652875253,235310500
2009-06-04,69.81428527832031,69.91768057562193,68.90588293279596,69.42285941930403,210102300
2009-06-05,69.82913208007812,70.65629532114451,69.27522570916675,70.5233575667407,284257900
2009-06-08,69.5410385131836,70.23526337386724,68.7138703833434,69.30469993212476,238565100
2009-06-09,69.89558410644531,70.26485494624463,69.43768623662885,69.93251344427559,225125500
2009-06-10,69.71832275390625,70.52333033078432,68.8246881634442,70.5159489722876,296100400
2009-06-11,70.02851867675781,70.98123807663957,69.83649627102471,69.85127025934104,275414200
2009-06-12,70.22054290771484,70.2648536045644,69.42291655666848,69.71833434979222,184361800
2009-06-15,68.61052703857422,69.43769016030419,68.24125617790872,69.3933794601047,224190500
2009-06-16,67.67993927001953,68.8985338118211,67.63562858528557,68.85422312708714,227319000
2009-06-17,67.61348724365234,68.18954880297571,67.08173637823836,67.6504109437017,223445200
2009-06-18,68.10832977294922,68.44067134898489,67.39194328254241,67.71690349706768,211725100
2009-06-19,68.35934448242188,68.84953239755231,67.97313032727304,68.760410412867,215655600
2009-06-22,66.30944061279297,67.72802569494496,66.28716012106537,67.69088776443054,251913600
2009-06-23,66.36143493652344,66.75507209499449,65.99007827133141,66.45056257609261,188309800
2009-06-24,66.93331146240234,67.6463154100977,66.54709744920173,66.96302066852944,211577700
2009-06-25,68.38907623291016,68.45591774344767,66.52486333080375,66.59913356466399,279411000
2009-06-26,68.21080017089844,68.50788668263345,67.78745373327355,68.15881045632885,167579000
2009-06-29,68.84950256347656,68.93863017599458,68.03251928130767,68.4113045514451,168481300
2009-06-30,68.2925033569336,69.11691578678177,67.78745795546314,68.86439591927366,228888200
2009-07-01,68.57473754882812,69.24318081977728,68.48560989055017,68.58216060384396,173041100
2009-07-02,66.7031021118164,68.59702393088641,66.66596983418945,67.68348377115207,212309900
2009-07-06,66.6956787109375,66.79222943201344,65.8489857216418,66.05694460793131,174499600
2009-07-07,65.4033432006836,66.71052043144863,65.35878220789797,66.62882150037244,197088900
2009-07-08,65.3587875366211,65.95296059899026,64.61607404188676,65.79698577861629,248050500
2009-07-09,65.48506164550781,66.02724510726341,65.2919601749257,65.81185746719369,163777600
2009-07-10,65.32907104492188,65.72270824668169,64.8760154102483,65.13596397117897,173520300
2009-07-13,66.91850280761719,66.9704925396256,65.05428984596317,65.58904461316718,217413500
2009-07-14,67.29724884033203,67.35666726099095,66.64366321244151,67.1264222975508,181487400
2009-07-15,69.26546478271484,69.4511431635751,67.34926253228798,68.1885267738527,220877900
2009-07-16,69.15406036376953,70.19386048615547,68.93867275033956,69.07236141845283,231174500
2009-07-17,69.91158294677734,70.05270025082551,69.47338493213502,69.85959325577824,138561700
2009-07-20,70.65435791015625,70.77319483159015,69.95621082932912,70.32013898492193,164179400
2009-07-21,70.98111724853516,71.22621402301587,70.12699573126967,71.20393352832733,217718300
2009-07-22,70.9662857055664,71.39705528074153,70.4760920168587,70.52808174143786,196068100
2009-07-23,72.53337860107422,72.84531680563613,70.95139575452721,71.01081417438255,258795500
2009-07-24,72.8304672241211,72.88988565038626,71.81295358998184,72.19173330790304,154003100
2009-07-27,73.04586791992188,73.08300585963678,72.29572573602196,72.69679168583615,159259400
2009-07-28,72.70423889160156,73.06074393755992,72.08778520091079,72.5334179249726,186685200
2009-07-29,72.52594757080078,72.85273753668653,72.02833106988774,72.36997847349008,194399300
2009-07-30,73.28353881835938,74.14508918806827,73.2315491006324,73.40237569685202,225575400
2009-07-31,73.38750457763672,73.87769811038716,73.0681376092714,73.26867338774319,207358000
2009-08-03,74.59812927246094,74.66497075279572,73.75885957634823,74.15992545771613,175776900
2009-08-04,74.7912368774414,74.89521629979706,74.10794191154615,74.26391104507962,176714600
2009-08-05,74.57587432861328,74.91009317769627,73.95942068865976,74.84324600800667,184726400
2009-08-06,74.18964385986328,75.02890799346973,73.8405676421165,74.91750551244738,193203800
2009-08-07,75.16259765625,75.77905116971621,74.56100158475739,74.96949624222388,220640900
2009-08-10,75.00662994384766,75.17745653107694,74.47187535168253,74.82095158081553,130898700
2009-08-11,74.07083892822266,74.72442493665699,73.870303058352,74.67243520492306,157301000
2009-08-12,74.8655014038086,75.42995942063224,73.90740058606619,73.94453285044915,219052400
2009-08-13,75.43740844726562,75.4671176666411,74.46445559514906,75.20716908017341,176449500
2009-08-14,74.85809326171875,75.4596893747478,74.04853261187748,75.40027093565858,199616100
2009-08-17,73.0161361694336,73.49147218553992,72.86759578931998,73.41720199548311,237667500
2009-08-18,73.59548950195312,73.85544380076112,73.04588301262788,73.17957169018864,173461500
2009-08-19,74.24164581298828,74.49417136666365,72.94189709987619,73.01616732162023,192812800
2009-08-20,75.00662994384766,75.17745653107694,74.17479450399429,74.33818670364124,174131300
2009-08-21,76.47721099853516,76.59604221352791,75.47454889375602,75.62308932911057,224605000
2009-08-24,76.46977996826172,77.20506473404143,76.1949739380522,76.78914699444147,191279000
2009-08-25,76.61832427978516,77.4353079634377,76.45492640976384,76.77429342849986,215310600
2009-08-26,76.62576293945312,76.97483924805087,76.12071745037761,76.38066608450723,194620700
2009-08-27,76.79659271240234,77.03426085426749,75.71223146098916,76.58120507345339,196230100
2009-08-28,76.7817153930664,77.5021483553191,76.2543895168654,77.41302636672141,147024400
2009-08-31,76.0984115600586,76.18753920479152,75.6007949598198,76.03157007634891,176051600
2009-09-01,74.4198989868164,76.6777489662953,74.26392981386472,75.7196477612021,321276800
2009-09-02,74.13764953613281,74.59813387271933,73.95197119070406,74.1079403208898,171805000
2009-09-03,74.75409698486328,74.84321895696418,73.96681701043666,74.56841865438247,143572300
2009-09-04,75.80135345458984,75.82363395750073,74.67985992073544,74.9026706162997,142687900
2009-09-08,76.4549331665039,76.53663210873475,76.04643845534969,76.4994941653736,132909100
2009-09-09,77.04166412353516,77.30161268243188,76.35094042906466,76.58860849240646,154612500
2009-09-10,77.8289566040039,77.88094632786276,76.66289651192247,77.09367174758438,162902400
2009-09-11,77.8140640258789,78.20770680474186,77.4501361231817,77.9774618460763,152360100
2009-09-14,78.19285583496094,78.326544456504,76.61087853541213,77.15305607478749,149593800
2009-09-15,78.51964569091797,78.8093034050807,77.80664165094416,78.31910994021922,196795900
2009-09-16,79.70799255371094,79.7228443267371,78.52708110550557,78.80188140488643,206406300
2009-09-17,79.58917236328125,80.25760990439085,79.15096850136891,79.59659541759319,229170900
2009-09-18,79.63990020751953,79.96825243881486,79.37124941708566,79.96078833534649,153799100
2009-09-21,79.43843078613281,79.84887118643144,78.84889740162286,79.02053197378824,151892000
2009-09-22,79.90107727050781,80.12495480005121,79.55033846449614,79.90854137307716,143126700
2009-09-23,79.23694610595703,80.61750957335882,79.09515656775363,80.0876719482887,225947400
2009-09-24,78.36383819580078,79.58022557250739,78.02056333538256,79.40859098902062,228636800
2009-09-25,77.94590759277344,78.62499867394418,77.6772568016996,78.19217176683158,204059000
2009-09-28,79.34141540527344,79.51305566053544,78.22950287892245,78.24442539555899,118285800
2009-09-29,79.10263061523438,79.86380436698212,78.93845443319493,79.48322033783079,133733900
2009-09-30,78.79666137695312,79.4459019697842,78.07280249634883,79.37127798856616,254383000
2009-10-01,76.84147644042969,78.90113106422751,76.82654823014715,76.86386306240944,281840600
2009-10-02,76.48328399658203,76.93849768466914,76.11015839608078,76.13254502115969,224748800
2009-10-05,77.62503814697266,77.84891575789796,76.56536293460705,76.78924054553235,149875000
2009-10-06,78.73696899414062,79.18471859414923,78.13996573183245,78.18473898379979,202491100
2009-10-07,78.95339965820312,79.03548776691031,78.40863363618692,78.5578816374111,159200300
2009-10-08,79.5578384399414,79.97573727718273,78.99068595122485,79.51306519122116,183305800
2009-10-09,80.04291534423828,80.04291534423828,79.37128804132145,79.58023749257434,135008300
2009-10-12,80.3563232421875,80.66228324998353,80.05782164653559,80.41602470000676,118031000
2009-10-13,80.192138671875,80.37870143791606,79.66976520433755,80.13990132512126,157692700
2009-10-14,81.57270812988281,81.6547962085831,80.16229396813327,81.13242270180334,191421600
2009-10-15,81.87118530273438,81.87118530273438,81.13986261132261,81.17717174014177,173873600
2009-10-16,81.25926971435547,81.54284304045783,80.76674702234159,81.19210985821671,192069400
2009-10-19,81.93092346191406,82.18464614799437,81.1398989777283,81.3936216638086,159530400
2009-10-20,81.4980697631836,82.08014462320777,81.10255765026682,82.0502939004574,180921100
2009-10-21,80.76676177978516,82.31895979307347,80.70706032334677,81.37122336925214,225379300
2009-10-22,81.58766174316406,81.84884857787519,80.22202040152959,80.73693565670725,238444000
2009-10-23,80.65483093261719,81.90853317433721,80.31901447709076,81.85629581815908,240033200
2009-10-26,79.78170013427734,81.5726980466764,79.55782254850571,80.74435895014224,242028200
2009-10-27,79.4160385131836,80.1399029712425,79.22201733179512,79.87125212714963,253266300
2009-10-28,77.91608428955078,79.46082392219385,77.87130534959178,79.2145596794746,248821400
2009-10-29,79.58768463134766,79.74439668637585,78.31159587459429,78.49815865821515,198110600
2009-10-30,77.28178405761719,79.56531694414026,77.19223754397223,79.3265167520109,325608100
2009-11-02,77.84889221191406,78.66230863837089,76.92354270729375,77.7071027216504,254222900
2009-11-03,78.09516906738281,78.20710785718762,77.2668299936479,77.41607791775874,228362600
2009-11-04,78.29666137695312,79.3488781249431,78.09517609193583,78.7369524715374,247996700
2009-11-05,79.7369155883789,79.75930220669157,78.68470467358172,78.8488807991321,180015300
2009-11-06,79.94586944580078,80.14736040883058,79.1399226740119,79.29663470445539,170954100
2009-11-09,81.76675415039062,81.81152740617982,80.49812922650192,80.55782500307232,159495700
2009-11-10,81.78165435791016,82.03538268952813,81.3189823251355,81.57270496330948,171899800
2009-11-11,82.1995620727539,82.69954895712914,81.8040498897871,82.31895929145888,169466200
2009-11-12,81.36373901367188,82.51296614358702,81.15478966158601,82.08760333585711,157144500
2009-11-13,81.80406188964844,82.15479518528635,81.15482126984942,81.57272013678485,150963000
2009-11-16,82.99053955078125,83.34874239140754,82.3263768841609,82.3711501041988,210922200
2009-11-17,83.08759307861328,83.12490791024425,82.46074490000929,82.77416898931128,147134100
2009-11-18,83.03535461425781,83.1547575191168,82.51298113910941,83.02789620278702,156486800
2009-11-19,81.95328521728516,83.06519762160111,81.43837020145627,82.46820023311405,208734600
2009-11-20,81.66224670410156,81.90851089915995,81.34882265226904,81.52792129711001,134196000
2009-11-23,82.69954681396484,83.38609646069804,82.53537066073646,82.6249228425276,148010200
2009-11-24,82.826416015625,82.98312807858748,82.09509305513343,82.83388012151215,138420100
2009-11-25,83.11746978759766,83.20702199543949,82.69957087122724,82.96075769395875,109564800
2009-11-27,81.76675415039062,82.32644262153781,80.8115534039174,80.89364150182796,126001800
2009-11-30,82.04283905029297,82.23686021642555,80.68466242014757,81.69956426393132,160874800
2009-12-01,83.05778503417969,83.32643599991998,82.63242195399862,82.77420585176131,159613700
2009-12-02,83.02040100097656,83.58755319973119,82.7741368720308,83.04278761389132,132315100
2009-12-03,82.37120819091797,83.7144626737046,82.30404831350114,83.2443264514518,167324900
2009-12-04,82.8413314819336,83.86369178683913,82.11746704525396,83.46071553260168,274907800
2009-12-07,82.71446990966797,83.22938499504302,82.45328316108791,82.76671295282809,127973800
2009-12-08,81.79656982421875,82.66221799461768,81.54284153213145,82.11745797120253,169863700
2009-12-09,82.10254669189453,82.22194960536514,81.35629556303606,81.77420006673891,155063400
2009-12-10,82.56524658203125,82.92344972505416,82.42345700762384,82.61001983986694,138014600
2009-12-11,82.91597747802734,83.10254029195622,82.54285185016958,82.91597747802734,124854000
2009-12-14,83.48310852050781,83.5801191091197,82.93087863425731,83.48310852050781,107141500
2009-12-15,83.0950698852539,83.52043284102439,82.83388310424479,83.17715797263459,120408800
2009-12-16,83.22193908691406,83.67715281687981,83.03537626950008,83.43089422491182,155358200
2009-12-17,82.22193908691406,82.78162736195837,82.14731512226352,82.62491532815919,183390100
2009-12-18,82.68711853027344,82.7546456945319,81.98936836144965,82.6796142400011,174591200
2009-12-21,83.52742004394531,83.8050158138118,83.09976709189783,83.09976709189783,118039600
2009-12-22,83.8275375366211,84.00760045015721,83.60245460162834,83.70749177819914,91707500
2009-12-23,83.9925765991211,84.11262233571969,83.65495798210517,84.0300923228321,111783100
2009-12-24,84.39022827148438,84.48025685459868,84.03009676673894,84.17264965546468,39677500
2009-12-28,84.57029724121094,84.7728672918761,84.27018858636553,84.70534584968654,87508500
2009-12-29,84.45024108886719,84.80286828557425,84.44274252338953,84.78786543052313,80572500
2009-12-30,84.42024993896484,84.51778855456871,84.15765698175665,84.20267700591889,73138400
2009-12-31,83.60993957519531,84.63030538964789,83.57242385333194,84.60779252207257,90637900
2010-01-04,85.02796173095703,85.0729760257919,83.66247278803299,84.30770439311652,118944600
2010-01-05,85.25304412841797,85.29055985913261,84.66783536348942,84.97544832787828,111579900
2010-01-06,85.31306457519531,85.52313892337453,85.1029902270161,85.17051167146083,116074400
2010-01-07,85.67317962646484,85.77821678033564,84.9154066814578,85.15549242231901,131091100
2010-01-08,85.95829772949219,85.99581345980405,85.27555608577119,85.44811470737348,126402800
2010-01-11,86.0783462524414,86.37844920818985,85.7107104006847,86.34093920076978,106375700
2010-01-12,85.27557373046875,85.68821822879718,84.94545355252761,85.50815527905564,163333500
2010-01-13,85.99575805664062,86.23584369330864,85.05792264401666,85.49307392516343,161822000
2010-01-14,86.22838592529297,86.38594167271995,85.84574726777245,85.89826585024811,115718800
2010-01-15,85.26054382324219,86.16086407089153,84.93042372785904,86.07833977114228,212283100
2010-01-19,86.32591247558594,86.37843105421389,85.22301660030314,85.24552946894006,139172700
2010-01-20,85.4481201171875,85.8682688476159,84.76537843024137,85.74072451503544,216490200
2010-01-21,83.80501556396484,85.7332059874966,83.69997839879939,85.47061307458299,344859600
2010-01-22,81.93685913085938,83.83503837560188,81.84682480960274,83.42989251609248,345942400
2010-01-25,82.35697937011719,82.83715652668069,82.08688794793677,82.6870993764749,186937500
2010-01-26,82.0118637084961,82.88217808378711,81.80929369305862,82.03437085197854,211168800
2010-01-27,82.40201568603516,82.58958286784399,81.27661259518221,81.90683557849373,271863600
2010-01-28,81.45671081542969,82.71716305281753,80.96153621722301,82.67214874137107,316104000
2010-01-29,80.57136535644531,82.37951589815118,80.44382103520621,81.80931001177507,310677600
2010-02-01,81.82431030273438,81.83181459318855,80.65389285212602,81.14156869791165,187865000
2010-02-02,82.8146743774414,82.97223015052442,81.68927109190803,81.97437692099864,216327900
2010-02-03,82.40201568603516,82.88969150355732,82.1619299222837,82.43952568793925,172730700
2010-02-04,79.85861206054688,81.80180548446383,79.8436034792112,81.76429547931787,356715700
2010-02-05,80.02366638183594,80.18872069603596,78.4631060322486,79.94863492872223,493585800
2010-02-08,79.44596099853516,80.52634987810049,79.3859381220934,80.08368831946326,224166900
2010-02-09,80.44380950927734,81.14155961691942,79.73105082240657,80.37628235093995,337820500
2010-02-10,80.28623962402344,80.72889532363627,79.61099678011888,80.3162510530964,240511500
2010-02-11,81.12654876708984,81.21658306765453,79.7160457361505,80.18121436959119,223591600
2010-02-12,81.05905151367188,81.10406581533361,79.91114102851881,80.2712668900074,304622100
2010-02-16,82.3344955444336,82.41702556939421,80.89398083909717,81.67426106884521,159317500
2010-02-17,82.72462463378906,82.83716607839648,82.33448172236277,82.73212319909274,168845100
2010-02-18,83.21228790283203,83.38484646440875,82.55955220150258,82.58956363049306,193708600
2010-02-19,83.38484954833984,83.70746526680063,82.79964097161911,82.99471240522436,222684900
2010-02-22,83.39987182617188,83.71498330784956,83.15228178024113,83.69247616260058,132346900
2010-02-23,82.38700103759766,83.42987403371188,82.16942243583414,83.17478543280714,207497000
2010-02-24,83.14478302001953,83.27983162459083,82.42452570367138,82.63460003876088,176350700
2010-02-25,83.0322036743164,83.09222652098087,81.73424252873623,81.9593196175874,259634700
2010-02-26,83.08475494384766,83.36986071570058,82.612087719491,83.10726208918426,173589300
2010-03-01,83.94755554199219,84.03008554822611,83.4073612190412,83.42986836181494,147709700
2010-03-02,84.18014526367188,84.58529104573974,84.03009381435602,84.30769529209581,160992400
2010-03-03,84.25516510009766,84.7578436825304,84.04508508627517,84.39771224007264,150785000
2010-03-04,84.51025390625,84.63029962876476,84.05258960632888,84.36770104178748,135770400
2010-03-05,85.71817779541016,85.78569921416066,84.8553678587775,85.05794356321799,176118800
2010-03-08,85.73320770263672,85.920774890484,85.5831562419974,85.72570913647216,114631200
2010-03-09,85.87577056884766,86.2734121374019,85.4331147016939,85.4781290002934,154556700
2010-03-10,86.25837707519531,86.49095849658922,85.8382285142012,85.91325422522233,186088800
2010-03-11,86.61852264404297,86.64103551419807,85.79322818533643,86.05582109618449,160791100
2010-03-12,86.62604522705078,87.00868396314388,86.38595941156238,86.99367537987109,162074800
2010-03-15,86.64852142333984,86.70854428679357,85.98078280867922,86.47596284602952,146816800
2010-03-16,87.33877563476562,87.42129991947478,86.64852413166356,86.8886098688874,168673000
2010-03-17,87.8564453125,88.14155102249433,87.34626247387799,87.60135675523635,177468100
2010-03-18,87.81146240234375,87.98402102352894,87.45883514501303,87.86398099019534,196509100
2010-03-19,87.36695861816406,88.36139129471653,87.02794395145254,87.36695861816406,226641100
2010-03-22,87.83402252197266,87.99223278884769,86.81699018553674,86.86972502527293,184477800
2010-03-23,88.45182037353516,88.52715507070492,87.67585632444651,87.9621362204282,182941600
2010-03-24,88.02237701416016,88.46686137975392,87.0731497376054,88.12031726721794,196072600
2010-03-25,87.87926483154297,89.02436715294718,87.77379510776899,88.61755289796086,223396300
2010-03-26,87.82653045654297,88.45934880269506,87.47998625541175,88.04500509919136,205808500
2010-03-29,88.38399505615234,88.54219960859103,87.90938139883625,88.27099016221965,134513500
2010-03-30,88.44427490234375,88.76821923543368,88.07513090573791,88.48947456585964,145772500
2010-03-31,88.14293670654297,88.53468056293114,87.84912737733465,88.10526648580601,161078700
2010-04-01,88.74560546875,89.08461438722428,88.21825123730764,88.74560546875,161215200
2010-04-05,89.46886444091797,89.52912875765469,88.83604025998996,89.08464996491416,105847600
2010-04-06,89.67977905273438,89.83798361718283,89.11476028784644,89.21269480459982,110384200
2010-04-07,89.16749572753906,89.92085408566449,88.75314633150282,89.49897524436805,184576300
2010-04-08,89.47640228271484,89.62707745786693,88.59497406183847,88.85864843376685,158704000
2010-04-09,90.0639877319336,90.10165219861227,89.4989690027437,89.66470300193184,133006500
2010-04-12,90.20710754394531,90.44065248991947,90.07150284061629,90.17697252679811,110279000
2010-04-13,90.2749252319336,90.43312978304652,89.649636472058,90.11672068082066,125043600
2010-04-14,91.29949188232422,91.29949188232422,90.46326373088768,90.60639789581465,161609000
2010-04-15,91.37483978271484,91.58577921221841,91.11869494141168,91.14882996672196,144615300
2010-04-16,89.92084503173828,91.37482674642897,89.46129601973927,91.05088245514551,366786700
2010-04-19,90.25984191894531,90.3502469699181,89.25034471424983,89.65715882212716,217947800
2010-04-20,91.06597137451172,91.1413118209624,90.30508344484778,90.82489688980915,157708000
2010-04-21,90.90023803710938,91.3296521459113,90.39548348127589,91.1187069409597,192910100
2010-04-22,91.17139434814453,91.28439921220071,89.74001856232006,90.25983174071266,115360300
2010-04-23,91.76656341552734,91.80423362578982,90.87760048140392,91.11114543923043,177335500
2010-04-26,91.4200210571289,92.00011011924347,91.32962174705084,91.7967001762334,143457300
2010-04-27,89.2579116821289,91.4125115612049,89.08463670966015,90.89269813913627,355853300
2010-04-28,89.93592071533203,90.16193052684152,89.0996924594825,89.68731681987352,300674100
2010-04-29,91.05087280273438,91.23921235333616,90.45571913311275,90.47831895955825,193775000
2010-04-30,89.50647735595703,91.1638686862963,89.48387753174174,91.06592845114157,270000900
2010-05-03,90.6666488647461,90.91525842453261,89.80028587461108,89.93589056652496,182747900
2010-05-04,88.53466796875,89.6722406506937,88.0826541225498,89.65717601314311,360353400
2010-05-05,88.00735473632812,88.74564872110604,87.36700105174728,87.81147988360415,328973200
2010-05-06,85.08428955078125,88.14292245660285,79.10262271746409,87.5854389153696,647356600
2010-05-07,83.81865692138672,85.70958236093009,82.42494503544249,84.85828944085286,637558800
2010-05-10,87.5101547241211,87.87929890043922,86.56845629129957,87.2464745647942,396159600
2010-05-11,87.2614974975586,88.4141348327942,86.5684092074084,86.68894355246289,317849800
2010-05-12,88.48193359375,88.61000887812729,87.4573658047392,87.60804091939839,235607100
2010-05-13,87.38203430175781,88.65521176554621,87.30669961552016,88.24086236973693,234452500
2010-05-14,85.80000305175781,86.88484118091162,85.03157987538685,86.72663657835494,345601400
2010-05-17,85.8451919555664,86.27460603654286,84.20287032614142,86.0335315656029,325739800
2010-05-18,84.67745971679688,86.80192953279486,84.3987151238834,86.54578476542392,360556800
2010-05-19,84.1953353881836,84.95622322477847,83.14063249124143,84.20286483377241,394742700
2010-05-20,81.0161361694336,82.78652667302774,80.96340132882156,82.40231240704493,530418300
2010-05-21,82.19893646240234,82.40234070384977,79.37384242876924,79.7881918527695,500909400
2010-05-24,81.14423370361328,82.40987606313473,81.0688990120985,81.75445217685215,269823000
2010-05-25,81.22708129882812,81.2647515080826,78.63552723866162,79.18548125637535,396505200
2010-05-26,80.73746490478516,82.47019252300774,80.49639030767932,81.72436888628526,349719300
2010-05-27,83.44197082519531,83.47210584832675,81.9503187923628,82.25919846870909,300870500
2010-05-28,82.3947982788086,83.41183082117436,82.00304874916093,83.35156077851046,297933500
2010-06-01,81.00861358642578,82.83173921437559,80.88807925241021,81.62636713588263,277909400
2010-06-02,83.11803436279297,83.12556380853611,80.99356388651776,81.42297794828609,240243700
2010-06-03,83.40430450439453,83.66797878452343,82.55301161493031,83.3591048414205,226618300
2010-06-04,80.47374725341797,82.36467852184725,80.20253775883573,81.82225953268278,398475600
2010-06-07,79.47176361083984,81.06888523888533,79.41149931646775,80.76000558418278,264609100
2010-06-08,80.32306671142578,80.48127127001622,78.83894989098047,79.53203817080565,357774300
2010-06-09,79.89366149902344,81.57364753083263,79.55464676668842,80.79015409648294,268023300
2010-06-10,82.22907257080078,82.3270070960951,79.88612742825582,81.25723952071927,317890600
2010-06-11,82.62833404541016,82.68106889361329,81.4530970010734,81.50583184927653,214128200
2010-06-14,82.50025939941406,83.71316658045843,82.41738953628678,83.26114705515798,207196100
2010-06-15,84.37614440917969,84.45147910286843,82.9372270447493,83.08036698612601,238268700
2010-06-16,84.34599304199219,84.69253716396007,83.77343913507379,83.93917887768183,216374000
2010-06-17,84.48162841796875,84.62476838355423,83.660470346845,84.58709815650447,263185800
2010-06-18,84.57320404052734,84.87597647770583,84.30070422705546,84.64889714982196,174006600
2010-06-21,84.33097839355469,85.68590057446845,83.86167189945809,85.62534955507999,213140700
2010-06-22,82.93818664550781,84.70186399593787,82.81707885267399,84.33096380067997,239355400
2010-06-23,82.68084716796875,83.28639781539803,82.11314018755841,82.99119064758577,254639900
2010-06-24,81.31077575683594,82.3780676348881,81.09883274488588,82.27209612891306,268523600
2010-06-25,81.65139770507812,82.06771265663012,80.81875625194704,81.55299147424616,238726500
2010-06-28,81.39404296875,81.99202836067548,81.09883579457357,81.77251429718277,169218600
2010-06-29,78.8809814453125,81.3788941387401,78.38140237163495,80.25104559548835,373649500
2010-06-30,78.13162994384766,79.38815187954317,77.87426641122607,78.66148754775274,284101700
2010-07-01,77.78343200683594,78.33599693344074,76.54961173301993,78.0786391922855,382924800
2010-07-02,77.35953521728516,78.28300615873647,76.92051287668887,78.04835578919243,233385200
2010-07-06,77.86669921875,79.00211329194546,77.11732177243047,78.44954256865057,256935300
2010-07-07,80.31917572021484,80.41757617427538,77.9802202004999,78.06348434432553,253769400
2010-07-08,81.11396789550781,81.2047973071403,80.16778969091303,80.99285431331322,210842100
2010-07-09,81.71952056884766,81.72709161168157,80.93987063234867,81.0912568389454,144999900
2010-07-12,81.77253723144531,81.9314945409672,81.10642958558944,81.44705156670551,131283600
2010-07-13,83.00633239746094,83.33181218756152,82.45376173109838,82.62029003534502,213025900
2010-07-14,82.9987564086914,83.3242419544123,82.40077106771518,82.74139292427752,184426800
2010-07-15,83.02145385742188,83.30908992920166,81.87846906230102,82.96846811327788,232337900
2010-07-16,80.73551940917969,82.6657200265332,80.57655634391303,82.57488481424011,282693400
2010-07-19,81.21236419677734,81.46972188326002,80.40243592606252,81.0306996077888,186709000
2010-07-20,82.11314392089844,82.17369494588453,80.0996736334923,80.13752307724613,258162400
2010-07-21,81.04586791992188,82.55975356764621,80.71281122941757,82.53704620693281,264527000
2010-07-22,82.85494995117188,83.2182850000278,81.99960675128152,82.00717202051781,274781300
2010-07-23,83.57402038574219,83.69512817721251,82.453742995825,82.68839331211998,222020800
2010-07-26,84.44451904296875,84.52778319534283,83.48320443148715,83.71785480180645,184445700
2010-07-27,84.43693542480469,84.99707123949051,84.103878887688,84.9062360634552,204855600
2010-07-28,83.8919448852539,84.5202085928702,83.61187406046976,84.26284512076873,163056200
2010-07-29,83.48318481445312,84.6413058571373,82.81707752699766,84.41422080856631,220149100
2010-07-30,83.46804809570312,83.91464717992564,82.49159733912428,82.63541248911709,220070600
2010-08-02,85.35284423828125,85.4890941293725,84.42937339588643,84.76999523610787,188263200
2010-08-03,84.94413757324219,85.36045272485227,84.66406660669203,85.14094435446705,146657300
2010-08-04,85.51178741455078,85.61775889296474,84.89866589301113,85.17873089667124,158171700
2010-08-05,85.42096710205078,85.4663875828519,84.83812386939316,84.96680271913382,140473800
2010-08-06,85.07278442382812,85.20903433255312,83.96007779840964,84.58077054370928,239728300
2010-08-09,85.5269546508789,85.67077561288389,85.0198044243549,85.47396889251094,120800400
2010-08-10,85.06520080566406,85.51937095095323,84.30069299612144,84.80027207092091,242916300
2010-08-11,82.73383331298828,83.78598312632244,82.59758340604503,83.75570472755571,273406900
2010-08-12,82.2266845703125,82.52189176543399,81.4470345024268,81.48488394796118,239542600
2010-08-13,81.98444366455078,82.47645746458306,81.8860432145496,81.9693073549403,158698500
2010-08-16,81.94664001464844,82.21156887478634,81.1291402962092,81.42434756536515,147895300
2010-08-17,82.95331573486328,83.55887197137147,82.41588731809308,82.65054339162145,172270300
2010-08-18,83.10472869873047,83.55132206046447,82.43862129012231,82.91549304884039,182922100
2010-08-19,81.65898132324219,82.87765960576264,81.31835939769925,82.67328760543985,265847600
2010-08-20,81.39404296875,81.70439223007168,80.80362862039713,81.4167503244537,209714200
2010-08-23,81.08370971679688,82.18127439778044,81.04586026917059,81.78009566300734,163490300
2010-08-24,79.88016510009766,80.5311363076757,79.45627902074999,80.19807965960841,280677800
2010-08-25,80.19049072265625,80.49326310424921,78.94153443603975,79.44111348567854,272234800
2010-08-26,79.653076171875,80.67494757604423,79.38814162911548,80.56897606894603,224439500
2010-08-27,80.88687896728516,80.97014310732834,78.95667321175794,80.15264379145707,272649000
2010-08-30,79.71363830566406,80.92475131277942,79.70607303625533,80.67495882193576,167238600
2010-08-31,79.71363830566406,80.22079433177491,79.09294548827411,79.41843109830877,273933100
2010-09-01,82.09797668457031,82.21151920603637,80.73548375201533,80.78846949203115,256828100
2010-09-02,82.86251068115234,82.87764699275553,82.12070436228919,82.2948037083026,156112200
2010-09-03,83.93737030029297,84.0130634105641,83.22584235871322,83.67244152683693,212197300
2010-09-07,82.99119567871094,83.64973789491441,82.92307360893872,83.54376638081469,141973700
2010-09-08,83.57402038574219,83.9070711435451,83.11985028644354,83.15769971972266,149924400
2010-09-09,83.96006774902344,84.53534571422969,83.73298844500421,84.51263836132912,147017900
2010-09-10,84.38396453857422,84.48236499867657,83.92222908537724,84.1114647375067,127819000
2010-09-13,85.32256317138672,85.49665671982163,84.87596407428867,85.21659167885767,178503500
2010-09-14,85.26958465576172,85.75402745554922,84.83812760673179,85.15604211127727,209823600
2010-09-15,85.5950927734375,85.69349325793013,84.7624568526873,85.01981463136735,168608400
2010-09-16,85.57234954833984,85.62533529086151,85.04248634811027,85.33012818609606,199962900
2010-09-17,85.60433197021484,86.10659149253425,85.36842536145168,86.02288157214768,195836900
2010-09-20,86.9132308959961,87.10347962989135,85.62714759696638,85.90110623825,214555200
2010-09-21,86.73822784423828,87.39267831738927,86.38055920265425,86.98174605464604,268389100
2010-09-22,86.31204986572266,87.0882680022876,86.06853170258935,86.601231676021,191322400
2010-09-23,85.61190795898438,86.50227040833484,85.36838987524932,85.6042963859501,202354300
2010-09-24,87.37744140625,87.43832239670421,86.48707869309762,86.56317702819999,209671800
2010-09-27,86.95890045166016,87.50681780805745,86.87519633892354,87.40789054323682,128761800
2010-09-28,87.26329040527344,87.54486062975506,86.12940954397097,87.0730416658501,209207500
2010-09-29,87.11106872558594,87.44590826873284,86.76861760938685,87.04257617997447,179665800
2010-09-30,86.85233306884766,88.11558720383987,86.44139518659462,87.55245268635066,287106700
2010-10-01,87.2176284790039,87.60573751490273,86.7001516997823,87.50680445924255,174638700
2010-10-04,86.56318664550781,87.40028003649786,86.12941970070824,87.03500566505161,166153200
2010-10-05,88.30582427978516,88.51890186344653,87.26325946723776,87.36219249245819,229634100
2010-10-06,88.29827117919922,88.52657205912153,87.94060251008945,88.2906596016198,148626600
2010-10-07,88.19171142578125,88.67874776870829,87.6590172400583,88.65591884731033,164860000
2010-10-08,88.68633270263672,88.9298508009461,87.97860732224859,88.31344688464753,177760100
2010-10-11,88.77008056640625,89.0135987688854,88.46568136182435,88.8233499917632,103098300
2010-10-12,89.04400634765625,89.30274180203276,88.0090529182907,88.48086599531368,182210000
2010-10-13,89.73654174804688,90.21597238191595,89.32560369298707,89.53868720022439,194347200
2010-10-14,89.386474609375,89.80502419395036,88.82333991861736,89.65282170595421,217764300
2010-10-15,89.56908416748047,90.06373194054746,88.85375301525372,90.01046253765898,243705000
2010-10-18,90.01048278808594,90.30727035751106,89.27231674918161,89.59954481366711,141204800
2010-10-19,88.8309555053711,89.68326625290786,88.2906439060028,89.18101253467105,280604700
2010-10-20,89.69847106933594,90.13223793066065,88.93747616835009,88.99074557918189,200051800
2010-10-21,89.89635467529297,90.62690932011003,89.19624053308482,90.10182661642003,221585500
2010-10-22,90.06375122070312,90.20073054401547,89.7974041492432,90.03331072597476,108212400
2010-10-25,90.3301010131836,91.13675963295788,90.26161425242975,90.66494065935144,151145700
2010-10-26,90.3453140258789,90.43662969663706,89.69846953231098,89.8734951052176,158982900
2010-10-27,90.08660125732422,90.18553433986487,89.23429042886364,89.71371526987271,190024000
2010-10-28,90.10179138183594,90.6420970285083,89.66802454966628,90.6040449636445,168576000
2010-10-29,90.17029571533203,90.34532711953601,89.85067920949633,90.01048746241419,144305500
2010-11-01,90.20072174072266,91.1291364185705,89.68324499270568,90.61165967055351,174074800
2010-11-02,90.91606903076172,91.12914669115327,90.63449880471241,90.87801696029288,158345900
2010-11-03,91.2813720703125,91.3346415021643,90.13987926840313,91.07590592057917,226702800
2010-11-04,93.03926849365234,93.08492634467011,91.29658890664356,92.29349069341292,215039400
2010-11-05,93.38932037353516,93.5415170724215,92.97838231942374,93.10013851734645,180654100
2010-11-08,93.21430206298828,93.36650458922675,92.79575817918114,93.10015161979261,156107100
2010-11-09,92.54460144042969,93.56433194284996,92.17171552001507,93.46540468402637,186621600
2010-11-10,92.9175033569336,92.96316701234728,91.8216743278495,92.52178844758446,221387400
2010-11-11,92.56742858886719,92.70440791703997,91.83687410725591,92.11844433903636,158017600
2010-11-12,91.47160339355469,92.34674886899488,91.05305959638349,91.94342241833127,239068800
2010-11-15,91.34221649169922,92.1184345373971,91.304170230435,91.76076600711772,163940800
2010-11-16,89.91917419433594,90.93129315667554,89.4854014599931,90.77909647531159,299566200
2010-11-17,89.96482849121094,90.33771441000559,89.6908698308101,89.95721691566342,172308900
2010-11-18,91.28895568847656,91.61618375703951,90.82474829340053,90.83235986874315,197723700
2010-11-19,91.54008483886719,91.57813110347652,90.74864938026471,91.24329726763261,156852900
2010-11-22,91.46395111083984,91.50199736072682,90.38333426852152,91.08345377639878,181361000
2010-11-23,90.13985443115234,90.57362134411991,89.78979743173387,90.38337259622307,222309000
2010-11-24,91.47160339355469,91.49443812221335,90.69539099117416,90.71060833768175,140046100
2010-11-26,90.40620422363281,91.17480495851643,90.40620422363281,90.68016287568686,76007800
2010-11-29,90.68016052246094,90.92367867286383,89.5995432869881,90.17790107141897,223642300
2010-11-30,90.17029571533203,90.68777254636981,89.65281888429426,89.78219244650201,233930700
2010-12-01,92.0879898071289,92.26301537393665,91.4639742529947,91.47158002133936,221037200
2010-12-02,93.26756286621094,93.33605544816423,92.17933957950665,92.23260900727823,191213600
2010-12-03,93.51866912841797,93.625207957157,92.92509399517748,92.94792291477431,151288900
2010-12-06,93.41974639892578,93.63282406672262,93.22188607628686,93.32081333464082,103050500
2010-12-07,93.4730224609375,94.37099684329823,93.41975304020133,94.31772742256206,206581000
2010-12-08,93.81546020507812,93.89155854189163,93.15339828827656,93.58716519463759,138019200
2010-12-09,94.18074798583984,94.37860251640994,93.71654054593135,94.34055624788404,123705100
2010-12-10,94.72866821289062,94.81998390486268,94.15792191433897,94.46992687179612,117571700
2010-12-13,94.78952026367188,95.27655652172318,94.75907977180239,95.16241193462535,133812700
2010-12-14,94.87322235107422,95.29938339621813,94.58404641102595,94.93410332979902,147249600
2010-12-15,94.43949127197266,95.07111860189528,94.2796829967992,94.69823262649055,160823100
2010-12-16,94.9874038696289,95.0558964446272,94.17313938155695,94.50036749204932,185035200
2010-12-17,95.0891342163086,95.21153070750228,94.72193306979912,94.9208339340111,141075300
2010-12-20,95.31863403320312,95.54813548945945,94.84433958375462,95.34923461646827,119085500
2010-12-21,95.92298126220703,95.9841824279982,95.52518535749321,95.61698126971557,94965500
2010-12-22,96.22132110595703,96.25192168613547,95.93827595311836,95.99182550931464,78878100
2010-12-23,96.0836410522461,96.22134077296201,95.84649380297179,96.11424163867909,70053700
2010-12-27,96.12188720703125,96.21368312409948,95.65523850705208,95.72408544485324,58126000
2010-12-28,96.25959014892578,96.35138606907405,96.0071396955882,96.31313971450058,55309100
2010-12-29,96.32843017578125,96.54262842270796,96.3131328023427,96.3743339690259,58033100
2010-12-30,96.1754379272461,96.48908370844173,96.03008660818739,96.23663909700396,76616900
2010-12-31,96.19839477539062,96.29019653753639,95.87709736257837,96.0300944630227,91218900
2011-01-03,97.19287109375,97.61361594147841,96.16012047554405,96.93276907903184,138725200
2011-01-04,97.13932800292969,97.43767638559206,96.53497963289293,97.40707580320817,137409700
2011-01-05,97.64423370361328,97.70543487507658,96.74153685215698,96.83333860935193,133975300
2011-01-06,97.45298767089844,97.78958828870968,97.16229085144838,97.68248915330885,122519000
2011-01-07,97.2617416381836,97.7436877636269,96.50439605921117,97.58303905514579,156034600
2011-01-10,97.13932800292969,97.27702770542496,96.54262540114067,96.83332801555528,122401700
2011-01-11,97.48355865478516,97.72070583452025,97.1163575617296,97.49121025826598,110287000
2011-01-12,98.36334228515625,98.4704414272281,97.506543312116,98.08029705388017,107929200
2011-01-13,98.20264434814453,98.44744894925375,97.95785141996117,98.40155100477723,129048400
2011-01-14,98.91411590576172,98.93706488226881,97.99612182669371,98.06496875621501,117677900
2011-01-18,99.08245086669922,99.17424680486151,98.70759799764967,98.82234292035254,114401300
2011-01-19,98.11088562011719,99.09772681892028,97.85078938761781,98.9982851258648,151958400
2011-01-20,97.9808349609375,98.22562797548657,97.25408417703026,97.88903320313285,175745700
2011-01-21,98.20264434814453,98.81464417799172,98.09554525339071,98.59280022204662,151462900
2011-01-24,98.76112365722656,98.87586854536116,98.11851726488707,98.14146624251399,113715500
2011-01-25,98.81468200683594,98.89883216156639,98.00378688285005,98.5010303689379,167552200
2011-01-26,99.19719696044922,99.48789966530444,98.86059628597101,99.05950305158028,141281500
2011-01-27,99.44196319580078,99.61026346788087,99.04416149152715,99.22010753127351,123302700
2011-01-28,97.70543670654297,99.71738294174143,97.54478800578921,99.5567284045226,295637300
2011-01-31,98.43982696533203,98.516331348965,97.7283852238517,97.97318991313315,149249200
2011-02-01,100.01571655273438,100.1916626023549,98.97532011827361,99.0365212818217,167194300
2011-02-02,99.8244857788086,100.09222778686569,99.7020834290468,99.75562716148599,118323600
2011-02-03,100.04630279541016,100.19929985481343,99.12066299861756,99.64850110261973,145886700
2011-02-04,100.329345703125,100.36759788535522,99.62554990721203,100.08455274812043,134634800
2011-02-07,100.95664978027344,101.28559287018318,100.54354488488998,100.5512023251661,112439100
2011-02-08,101.4156723022461,101.46921602993115,100.77306585951875,101.04846528556489,99072800
2011-02-09,101.18616485595703,101.46156426572982,100.68126399255215,101.14026689981638,146436700
2011-02-10,101.22443389892578,101.33917880838398,100.44413349581777,100.67363498766491,162708500
2011-02-11,101.82878112792969,101.95882925548062,100.80368764751782,100.82663663044261,137710300
2011-02-14,102.07353973388672,102.15768986719861,101.6528007402546,101.76754561616748,101690700
2011-02-15,101.75226593017578,101.91292046651921,101.2244277060304,101.7599233722917,119575400
2011-02-16,102.39485168457031,102.5172423314304,101.88995087014153,102.09650332566743,130183500
2011-02-17,102.70083618164062,102.8385300237956,102.00468618516399,102.09649375286058,109810500
2011-02-18,102.91506958007812,103.03747193024887,102.55551997203318,102.79266722990738,130002400
2011-02-22,100.8495864868164,102.93802566157969,100.57418701640235,101.83642777992347,233116400
2011-02-23,100.22992706298828,101.0331763826475,99.6102812564577,100.788371698476,227584000
2011-02-24,100.16107940673828,100.55123545570007,99.22013610399894,100.1228388844669,260431400
2011-02-25,101.2320785522461,101.29327972759249,100.52062510265851,100.58182627800491,141686900
2011-02-28,101.85936737060547,101.98942716022134,101.27032796084096,101.60692857952371,141585500
2011-03-01,100.16107940673828,102.27247918343188,100.13048465433496,102.18068325329081,258565500
2011-03-02,100.37528991699219,100.84193868599274,99.71739184385913,100.02338606129867,200277400
2011-03-03,102.10415649414062,102.21890138167892,101.27795828507924,101.28560405327228,176480100
2011-03-04,101.33917236328125,102.22657184975584,100.67362858489034,102.02766512210428,277202300
2011-03-07,100.54354858398438,101.86700177844507,100.01571046723934,101.63750034733593,216790400
2011-03-08,101.42333984375,101.74463729762223,100.2681981639047,100.70424053954129,174615000
2011-03-09,101.27794647216797,101.59159802542685,100.6736040134083,101.22440275520486,153806000
2011-03-10,99.40370178222656,100.35229049359177,99.3042484471602,100.21459665081682,301291800
2011-03-11,100.09223175048828,100.45178137157006,99.05949252491956,99.08244150729234,225621800
2011-03-14,99.48786926269531,99.81681239309275,98.73051797655917,99.44197130709833,234974100
2011-03-15,98.34803009033203,98.93708115439384,96.77213785537573,96.84098479622024,359585400
2011-03-16,96.52733612060547,98.35568459342049,95.83883755040846,98.03437553322055,468670300
2011-03-17,97.80487060546875,98.21796970832621,97.23112282424411,97.91962132900653,254303700
2011-03-18,98.16063690185547,99.02115804382517,97.96855676084783,98.99041865602474,230435400
2011-03-21,99.6819076538086,99.8893457514569,99.26700801123069,99.38226312245372,153992600
2011-03-22,99.33612060546875,99.79711744789985,99.24392592643721,99.66650441139294,129538600
2011-03-23,99.62042236328125,99.88164847639241,98.59087587727475,99.05954005004794,148603100
2011-03-24,100.5731430053711,100.71912576779988,99.62811212706863,100.18898277735418,159129800
2011-03-25,100.88046264648438,101.31839914251557,100.56544849447371,100.83436530202194,155642800
2011-03-28,100.63459014892578,101.35681311056555,100.6038624951621,101.09558702084318,109762400
2011-03-29,101.31069946289062,101.34142711170892,100.21968621348996,100.55005826373777,129798800
2011-03-30,102.00990295410156,102.30954744163621,101.69488877592337,101.84087152793956,135835000
2011-03-31,101.87158966064453,102.15587615459395,101.76402528347492,101.87928036706668,132537100
2011-04-01,102.3018798828125,102.7782466114401,102.05602339507965,102.50165073546464,153850100
2011-04-04,102.3863754272461,102.70138961459189,102.09442163835615,102.51698849241987,100768900
2011-04-05,102.37104034423828,102.8243466818176,102.1405418209065,102.18663918084448,120791500
2011-04-06,102.69371032714844,102.95493645672342,102.27881073439829,102.86274175772972,120411600
2011-04-07,102.4324951171875,102.93957773934865,101.92540077138587,102.50932013332562,170731500
2011-04-08,102.07907104492188,102.9472770375744,101.65649238815996,102.88580998535072,147945400
2011-04-11,101.77172088623047,102.53235054579667,101.52585274164936,102.18660872566309,121385400
2011-04-12,101.01110076904297,101.4029400178704,100.64231019816768,101.20318090107148,161187400
2011-04-13,101.00341033935547,101.55659027116594,100.61925011882849,101.47976526124427,162059000
2011-04-14,101.08023071289062,101.2338924493253,100.08910254779386,100.41947469494644,161220400
2011-04-15,101.44902038574219,101.70256752439927,100.96498650615949,101.26463099300169,170006700
2011-04-18,100.31193542480469,101.44136764204549,99.50519645196955,100.33498410485923,210759300
2011-04-19,100.88813018798828,100.91886956323584,100.21969532181168,100.46555170560903,124258800
2011-04-20,102.26346588134766,102.48627367370192,102.02527667233626,102.09443442908963,156133800
2011-04-21,102.7858657836914,102.83196311558883,102.26341372400758,102.79354476446272,135935400
2011-04-25,102.67831420898438,102.84734559606073,102.34025143483167,102.70904185952725,65757100
2011-04-26,103.56192016601562,103.76936999390993,102.88580606460323,102.99337047098527,146600000
2011-04-27,104.2380142211914,104.39167593724085,103.33908087248288,103.76165938434693,143031000
2011-04-28,104.57609558105469,104.71438763293907,104.03827361766066,104.05363158544368,124791100
2011-04-29,104.82195281982422,104.92952893695764,104.47621096385416,104.61451474042596,115094100
2011-05-02,104.66059112548828,105.39817204065146,104.45314136400734,105.31366806321407,126278700
2011-05-03,104.28412628173828,104.63755882980723,103.75398332145438,104.4608484175923,138375000
2011-05-04,103.59266662597656,104.28415046798335,103.13166958221083,104.23805310833514,182678500
2011-05-05,102.6552734375,103.68481980261508,102.20196728439313,103.01638490824945,226900000
2011-05-06,103.10859680175781,104.20730108567662,102.70906690545651,103.67715812635431,222787200
2011-05-09,103.50812530517578,103.80776979245975,102.93956398823028,103.10091643075499,114104500
2011-05-10,104.39166259765625,104.57606366753453,103.72322777025587,103.85384079838951,114806900
2011-05-11,103.2929916381836,104.25339209342758,102.81663676394685,104.23802240352492,193564200
2011-05-12,103.78471374511719,103.99984250410739,102.48625048458759,103.01639339911274,171550700
2011-05-13,102.98568725585938,103.98450637273443,102.61689665337879,103.83852358409952,157444900
2011-05-16,102.33258819580078,103.42360167427414,102.16355678272089,102.6168629706906,141675400
2011-05-17,102.3172378540039,102.45554163796638,101.51049899787027,101.94844730283776,192686200
2011-05-18,103.23152160644531,103.3390859853656,102.14818711069512,102.37100657508302,135217900
2011-05-19,103.4773941040039,103.74631095492386,102.90884446575235,103.56960053143808,119489500
2011-05-20,102.6552734375,103.47737004367373,102.46319336683061,103.20846497891885,182594900
2011-05-23,101.46437072753906,101.97146490815258,101.1032592707661,101.40290370046742,168700000
2011-05-24,101.37987518310547,101.97916416163504,101.18779508168858,101.75635640239261,147199600
2011-05-25,101.71797180175781,102.14055050987402,100.94197215495744,100.97269982298276,151050100
2011-05-26,102.18659973144531,102.3710008236506,101.24924802910046,101.44132810378363,164850000
2011-05-27,102.57846069335938,102.85505652871193,102.15589381803842,102.47089629759115,120921900
2011-05-31,103.64641571044922,103.66178540083678,102.83199797449014,103.54654203202699,164731200
2011-06-01,101.31838989257812,103.66176905246158,101.23387419423358,103.34675492921038,233094300
2011-06-02,101.21086120605469,101.60271218363438,100.6192628327114,101.38758337084754,200466800
2011-06-03,100.204345703125,100.97266610728052,99.94311957938548,99.9968959113841,234690200
2011-06-06,99.1440658569336,100.15825447978779,99.01345278707625,99.95080467536039,179951200
2011-06-07,99.08260345458984,99.93543956333664,98.99808774206038,99.65115304466181,161660500
2011-06-08,98.66771697998047,99.25932704626159,98.48331583988701,98.92894313571588,198696400
2011-06-09,99.4206314086914,99.82784018588566,98.69842025243248,98.93659764396466,160964400
2011-06-10,98.03768157958984,99.0595432536047,97.7764554580307,98.99808793858752,238629400
2011-06-13,98.1145248413086,98.52942447373952,97.61512120914435,98.26050761110317,207599800
2011-06-14,99.35919952392578,99.70494135839273,98.97503932482054,99.01344596581995,160570400
2011-06-15,97.5920181274414,99.3437929081711,97.33079210281848,98.52937546456167,300958000
2011-06-16,97.80721282958984,98.32198621477843,97.0542560769781,97.62281166865175,308032800
2011-06-17,98.09905242919922,98.78624719259886,97.76703651838632,98.77852424838078,233284900
2011-06-20,98.60090637207031,98.80938457586988,97.73612535150585,97.76701122950871,159479000
2011-06-21,99.95216369628906,100.14519607568775,98.63954587273027,99.11054534973353,193157300
2011-06-22,99.34989929199219,100.23012643247752,99.28812751946117,99.64331226607428,176703000
2011-06-23,99.06424713134766,99.32676841302653,97.4350529229357,98.18401970672197,334286500
2011-06-24,97.91371154785156,99.1182313326337,97.76701099129404,99.04102547413301,226129300
2011-06-27,98.78623962402344,99.16457549851717,97.78246902427122,97.97550137877127,168904700
2011-06-28,100.07569885253906,100.09114474048859,99.04104821336965,99.180025859634,165556300
2011-06-29,100.93276977539062,101.09491037355673,100.09115144306988,100.53125913413913,244295500
2011-06-30,101.8979263305664,102.06006692025856,100.92504744713162,101.25705746148454,223322700
2011-07-01,103.4035873413086,103.54257678604401,101.75123058486135,101.99058885893481,202385700
2011-07-05,103.31867218017578,103.52715049586683,102.99437912341422,103.29550923196167,165936000
2011-07-06,103.44219970703125,103.5734603204644,102.77816780381733,103.0715808113516,143331600
2011-07-07,104.51543426513672,104.77795542901796,104.14481545837735,104.36101074413361,170464200
2011-07-08,103.77418518066406,104.51543457816229,102.99433873911904,103.33407755539909,194100500
2011-07-11,101.8979263305664,102.83219638444001,101.65856808175187,102.50018637008709,195918600
2011-07-12,101.45780944824219,102.52335190594074,101.42692945286815,101.68173359630741,214675700
2011-07-13,101.79756927490234,102.86311195208638,101.55049391573355,101.99060168559434,204062600
2011-07-14,101.09489440917969,102.52333847970199,100.90186206352853,102.0523390850428,226111800
2011-07-15,101.6817626953125,101.8207403869093,100.97140478081218,101.65859974671304,220012800
2011-07-18,100.84782409667969,101.36514939467482,100.09114056337815,101.21072586690552,196872100
2011-07-19,102.4847640991211,102.6083076694828,101.38834142112842,101.41150436785082,166554900
2011-07-20,102.42294311523438,102.80900775084665,102.24535668174487,102.74724777709544,137145400
2011-07-21,103.84371185302734,104.09851602921393,102.43843035680361,103.00208165346714,245246300
2011-07-22,103.91321563720703,104.02131332310154,103.28006363285054,103.86688974064712,126019400
2011-07-25,103.3340835571289,103.84369181114744,102.8167582502047,102.92485589968497,136653800
2011-07-26,102.947998046875,103.43444326216485,102.71635690712947,103.26457387846864,131278200
2011-07-27,100.84011840820312,102.4075403661359,100.70884602395738,102.37664858804469,249020100
2011-07-28,100.54669189453125,101.7434948266441,100.38453953577647,100.8401048381067,207939900
2011-07-29,99.85950469970703,100.80150358556183,98.80940816048007,99.53521173959055,307038400
2011-08-01,99.4348373413086,101.11808579938833,98.469675453944,101.02542224660363,325790900
2011-08-02,96.89454650878906,99.21865836587232,96.89454650878906,98.68588703119913,346653800
2011-08-03,97.4195785522461,97.52767621203094,95.38115712361648,97.02579674483582,370830800
2011-08-04,92.85631561279297,96.22280143979434,92.70188614451472,96.06837197151609,520721800
2011-08-05,92.71735382080078,94.25389057316816,90.23109476075027,94.01453220470178,655619200
2011-08-08,86.67925262451172,92.74819049702936,86.49393731739109,90.26965570037217,702263900
2011-08-09,90.70977020263672,90.8333078511402,85.14271169492379,88.07680595560399,717828700
2011-08-10,86.702392578125,89.78318657892538,86.4398655747469,88.99561735054822,662607400
2011-08-11,90.59396362304688,91.82164680848697,86.7255928380997,87.45139651706798,487979700
2011-08-12,91.20392608642578,92.04554429776914,90.55533433258927,91.42012137407804,313731600
2011-08-15,93.13426208496094,93.2269138544733,91.88341017861904,92.03011666818769,258810600
2011-08-16,92.3389892578125,93.18833665213025,91.3506641708415,92.24633746271033,294095200
2011-08-17,92.40072631835938,93.58208338893984,91.6672057253877,92.84856279596818,238201100
2011-08-18,88.4165267944336,92.43159675276137,87.55173986747852,89.95306243464361,512956300
2011-08-19,86.97266387939453,89.4743617371937,86.86456622380867,87.2197450765737,428281300
2011-08-22,87.04214477539062,88.97246816276319,86.79506361744211,88.9261363956682,275090600
2011-08-23,89.9067611694336,90.00713588405637,86.92634081807385,87.3664543989285,331136600
2011-08-24,91.17304229736328,91.29657993991,89.50523994138327,89.71371818132073,246869700
2011-08-25,89.7832260131836,92.19227240722262,89.46665595078092,91.67494700592974,312365400
2011-08-26,91.0881118774414,91.50506248605802,87.90693643255915,89.32765767942469,314495900
2011-08-29,93.70562744140625,93.75967626549345,91.15759798385577,92.31579212076417,190977200
2011-08-30,93.95269775390625,94.53179475537489,92.08414617631183,93.29638899708434,241315700
2011-08-31,94.36965942382812,95.36570709064914,93.6593017654516,94.55496883669156,301828400
2011-09-01,93.38134002685547,95.28077781696291,93.25779648398002,94.42371363362561,254585900
2011-09-02,90.99546813964844,93.3273027269579,90.67117513586561,91.43558175646258,255517200
2011-09-06,90.33145141601562,90.46271794130489,88.31619243973729,88.32391538613834,285130500
2011-09-07,92.87947082519531,92.91807377088857,91.38926045298763,91.69811347294058,209803200
2011-09-08,91.91432189941406,93.3813695347962,91.70584357765395,92.32354970546187,250568200
2011-09-09,89.50526428222656,91.92975082170103,89.01110179589301,90.8642140650846,380195100
2011-09-12,90.08435821533203,90.15385294197098,88.06138245152542,88.3856754668237,305793500
2011-09-13,90.91053771972656,91.25027662979956,89.73690331629102,90.37777229997188,272514700
2011-09-14,92.1690902709961,93.27323556866446,90.12294614569569,91.37379202622746,319389500
2011-09-15,93.75970458984375,93.79059048306407,92.19228232692456,93.15744439925231,326777200
2011-09-16,94.31461334228516,94.66387279681533,93.38326663958722,94.13610808625772,284528300
2011-09-19,93.37548828125,93.85668735341869,92.1414538083989,92.77011243257913,241517000
2011-09-20,93.26680755615234,94.67935281599983,93.1426308113713,93.77128927495976,218932200
2011-09-21,90.51937103271484,93.60058531686099,90.37191144866452,93.31342312804419,316251300
2011-09-22,87.5933837890625,88.64115034779749,86.38263184753389,87.89607177444465,513911300
2011-09-23,88.12115478515625,88.60235398859315,86.94144251910402,87.01129678604482,307242500
2011-09-26,90.21669006347656,90.34087279798126,87.6865290222097,88.95160954284313,260673700
2011-09-27,91.22561645507812,92.79338434316378,90.68232609759225,91.99397756370608,311753900
2011-09-28,89.36294555664062,91.96296060653324,89.23100585543584,91.4119131003032,286696800
2011-09-29,90.0692367553711,91.29550877673393,88.4238509364774,90.8453611361279,298108900
2011-09-30,87.81843566894531,89.60351739509521,87.7563443250732,88.82739336076312,288392300
2011-10-03,85.31932067871094,88.4393368868886,85.22618365706502,87.30619643630241,365136800
2011-10-04,87.18978118896484,87.37605524197606,83.37901482180679,84.09304759427836,459177500
2011-10-05,88.80413818359375,89.03697783479234,86.59994808337585,87.40711804047712,284108000
2011-10-06,90.41070556640625,90.54265117942155,88.09785878769172,88.7575631673375,257800800
2011-10-07,89.8052978515625,91.00052939598287,89.30081612053328,90.93843806141037,312657900
2011-10-10,92.8089370727539,92.84773973153455,91.32653694755669,91.334299847856,230666300
2011-10-11,92.90206909179688,93.16595441231087,92.16475343287708,92.25789047329813,209088000
2011-10-12,93.71699523925781,94.79580738155391,93.3910245030297,93.60057542735989,281544900
2011-10-13,93.53074645996094,93.81015169782792,92.45193409428077,93.165967070448,212538800
2011-10-14,95.12955474853516,95.15283753000385,94.08955103387753,94.61731579214873,211397600
2011-10-17,93.31343078613281,95.11403899458584,93.08059111862717,94.67940534333255,202311600
2011-10-18,95.13729095458984,95.85132368561618,92.51398777984147,93.24354630839613,318857900
2011-10-19,94.01191711425781,95.52536277496952,93.68594638906727,94.98207231162786,226601300
2011-10-20,94.42327880859375,94.76476945102627,92.99520711385324,94.2447676262419,262075600
2011-10-21,96.21611022949219,96.33253003433563,95.24595505805883,95.53311719913447,278999400
2011-10-24,97.39585876464844,97.63646137855869,96.28600052791867,96.37137469392557,203215600
2011-10-25,95.50209045410156,96.97672177847437,95.29253359256526,96.93015621873656,268596800
2011-10-26,96.47223663330078,96.83701001901001,94.85013404000868,96.51103928895964,289053800
2011-10-27,99.83287048339844,100.44600345722598,98.26509611308548,99.05674027770726,393220200
2011-10-28,99.80956268310547,100.00359370555108,99.18866104273678,99.34388349215051,225906500
2011-10-31,97.40361022949219,99.82511451883443,97.26390760346405,98.69197954968048,228146700
2011-11-01,94.68716430664062,95.85911365399008,94.3146220383971,94.71044708815114,416565800
2011-11-02,96.23162841796875,96.54984215086571,95.3002818382808,96.10745163731036,244717600
2011-11-03,97.98571014404297,98.17974125323909,95.92897920229214,97.22510559059596,291174800
2011-11-04,97.38806915283203,97.55881150627776,96.247165608788,97.19403809898394,249401600
2011-11-07,97.99344635009766,98.09434036770372,96.39462641936264,97.31821614235827,196617200
2011-11-08,99.25077056884766,99.35943341545006,97.56658230620634,98.50569197230622,224426300
2011-11-09,95.58747863769531,97.63644646619485,95.35463896208262,96.93017045916623,337982000
2011-11-10,96.48776245117188,96.96896159755323,95.47879860020889,96.85254178069476,231866500
2011-11-11,98.30390167236328,98.56001817808351,97.62867143407243,97.6597171150539,189924400
2011-11-14,97.37256622314453,98.91705211655945,96.9534583378309,97.9391396388535,159258300
2011-11-15,97.85375213623047,98.3737539906368,96.79822262562028,97.14747618840462,184709400
2011-11-16,96.30148315429688,98.0555194189417,96.16178057450279,96.86805045137051,235782500
2011-11-17,94.77252197265625,96.36357887459405,94.08953484122911,96.12297635765519,331219600
2011-11-18,94.671630859375,95.26924387748612,94.2758058663438,95.07521283089245,215580400
2011-11-21,92.87100982666016,93.4065314128673,92.08712285149613,93.29011161713295,229611600
2011-11-22,92.5062484741211,93.21251844130367,91.98624074200617,92.66923385116323,216494900
2011-11-23,90.46502685546875,92.50623711059117,90.46502685546875,91.63697595178917,224329100
2011-11-25,90.29428100585938,91.34981032633976,90.18562409828263,90.32532668250377,99557000
2011-11-28,92.90982818603516,93.27460751104326,92.21907811494408,92.7778884918622,210686000
2011-11-29,93.1737060546875,93.91102162451891,92.83220953576401,93.1737060546875,199241500
2011-11-30,97.00775909423828,97.18627026010452,93.13490111421879,95.84357283031053,324439500
2011-12-01,96.99223327636719,97.5122350212845,96.57312553645622,96.89909624926791,176954800
2011-12-02,96.9068603515625,98.17970346426814,96.84476899939216,97.88477842349492,221109700
2011-12-05,97.96240234375,98.70748090224487,97.35702638505781,98.44359558201405,225263900
2011-12-06,97.99344635009766,98.65315075736972,97.60538423742493,97.95463777028722,178842100
2011-12-07,98.35820007324219,98.76954485815341,96.99222013432333,97.66744424489217,237802500
2011-12-08,96.20059967041016,97.93135937582282,95.96776594519613,97.71404553041312,240862800
2011-12-09,97.83045959472656,98.07881910648295,96.54985345668108,96.63522759397463,209111400
2011-12-12,96.40237426757812,96.99223024472231,95.58744751102071,96.97670444667912,215826100
2011-12-13,95.50209045410156,97.45792094074471,95.03641117129115,96.90687343886765,245159800
2011-12-14,94.48535919189453,95.48656012831863,94.27580826164659,95.12178080403724,238618800
2011-12-15,94.82685852050781,95.61850262856036,94.67939302218748,95.48656293077794,199109200
2011-12-16,94.96744537353516,96.02966913833092,94.74094712212491,95.46732063836154,220481400
2011-12-19,93.95208740234375,95.53761089795903,93.74901363692683,95.3345371325421,183903000
2011-12-20,96.79508972167969,96.95910876608336,94.014566182226,95.42825839273742,225418100
2011-12-21,96.98252868652344,97.13092940727661,95.87344424434463,96.7950792216691,194230900
2011-12-22,97.8416976928711,97.94323755703331,97.02941453304669,97.34182838271198,119465400
2011-12-23,98.71646118164062,98.74770375497677,97.9510389910958,98.15410677941334,92187200
2011-12-27,98.79457092285156,99.05231770009411,98.45872068675392,98.5446362791681,86075700
2011-12-28,97.498046875,98.82582368919404,97.4199434080908,98.81020537937722,119107100
2011-12-29,98.50559997558594,98.6071338890354,97.5214795847127,97.81827514942755,123507200
2011-12-30,98.02130126953125,98.66957106663143,98.02130126953125,98.42744268474365,95599000
2012-01-03,99.58341217041016,100.27073678968145,99.52873916286912,99.78648589509585,193697900
2012-01-04,99.7396240234375,99.82553960512118,98.9663897471955,99.3491008190248,127186500
2012-01-05,100.00518798828125,100.15358872920133,98.7477086133752,99.20071701066986,173895000
2012-01-06,99.7474594116211,100.145794841487,99.41942127357274,100.13017057267751,148050000
2012-01-09,99.98954772949219,100.1145060762824,99.51310902375714,99.97392346696077,99530200
2012-01-10,100.85652923583984,101.26266479827018,100.7159346812888,101.05959701705501,115282000
2012-01-11,100.91120910644531,101.04398558616168,100.38010318757983,100.54411628459596,111540700
2012-01-12,101.1533203125,101.30172104318422,100.39570431108692,101.20019310994468,118983700
2012-01-13,100.6300048828125,100.79402985364887,99.75523681920804,100.47379800257185,179836200
2012-01-17,101.02053833007812,101.78597238150353,100.6768760078581,101.59851695543199,132209200
2012-01-18,102.13743591308594,102.1921029610609,100.81746565681486,100.99710298276355,163395200
2012-01-19,102.6763687133789,102.76228429720919,102.16087521039726,102.48891328016121,126328900
2012-01-20,103.05908966064453,103.05908966064453,102.25461266935253,102.50455328535465,138230200
2012-01-23,102.79351043701172,103.29337962350523,102.30144742359006,102.71540103500712,129295800
2012-01-24,102.6763687133789,102.70760532667052,102.00466830829386,102.16087521039726,103083300
2012-01-25,103.53550720214844,103.77762967537981,102.12181514787073,102.52014451501054,198613200
2012-01-26,103.0044174194336,104.19159953226665,102.59826989776758,103.9963379050189,184880500
2012-01-27,102.95755004882812,103.13718739758717,102.43423843309077,102.50454167201663,135259100
2012-01-30,102.60607147216797,102.66075044590133,101.58290249811469,101.934371027838,147311800
2012-01-31,102.56702423095703,103.23871272830996,102.06714306820028,103.11375435544365,157212000
2012-02-01,103.4652328491211,103.98853258430354,103.19967989416118,103.3246382790797,166234500
2012-02-02,103.62921142578125,103.89477621010889,103.26213065020903,103.66826612210767,113090400
2012-02-03,105.08200073242188,105.14448588842752,104.48060345178915,104.66024082666485,160598500
2012-02-06,105.01171112060547,105.05857200892079,104.52746605091355,104.64461827170187,107694500
2012-02-07,105.2772445678711,105.45689383018362,104.37904592760007,104.79299958801954,135528100
2012-02-08,105.58963775634766,105.61306818893799,104.9023132861801,105.33189108003482,139361400
2012-02-09,105.72242736816406,105.90206467970437,105.09758794623437,105.76148206662606,148602900
2012-02-10,104.94139099121094,105.02730656882136,104.53524354088695,104.78518410041612,167907500
2012-02-13,105.72242736816406,105.84739763611415,105.23818247713339,105.6911907600869,115841900
2012-02-14,105.58963775634766,105.65212288252827,104.85545242099946,105.4412370713961,165329500
2012-02-15,105.09761810302734,106.08955052304832,104.88673220507741,105.93334360219893,195195100
2012-02-16,106.2613754272461,106.35509719064838,104.917974535304,105.105429979932,186567800
2012-02-17,106.54256439208984,106.71439558917098,106.19109582272381,106.62847999063041,129869400
2012-02-21,106.58940887451172,107.04241724093119,106.26137079906788,106.79247665897992,134042300
2012-02-22,106.24571990966797,106.6518672946529,106.05826452017801,106.42535720929172,124455300
2012-02-23,106.71438598632812,106.79248348481245,105.83179963690716,106.19108626697081,137704300
2012-02-24,106.94868469238281,107.15957057090172,106.7143802916096,106.94868469238281,105539100
2012-02-27,107.12832641601562,107.41730976850984,106.06610284192884,106.23793400228274,145728900
2012-02-28,107.44076538085938,107.56573569363835,106.9487022229328,107.15958813601918,129355900
2012-02-29,107.01898193359375,107.93280479887198,106.64407107771882,107.59694864687849,185934700
2012-03-01,107.57354736328125,107.77662711137553,106.94870768529793,107.24550921385077,145023500
2012-03-02,107.24549102783203,107.64383236288377,107.0033685241547,107.50323779821152,120638300
2012-03-05,106.80814361572266,107.1596122714776,106.44105068789504,107.08151474676964,140765000
2012-03-06,105.24600982666016,105.77711569558284,104.94140218587849,105.71464246685802,202129900
2012-03-07,105.98018646240234,106.15201762146023,105.38658357917618,105.48812342348005,143692200
2012-03-08,107.03460693359375,107.2533109176186,106.40977926891851,106.6284713351196,116968900
2012-03-09,107.4486083984375,107.72977379067342,107.10494591748993,107.2377224364328,122836800
2012-03-12,107.45638275146484,107.59696540594803,107.07366566233138,107.43295230905099,104003500
2012-03-13,109.3933334350586,109.44801239189603,107.8546714033554,108.03432061769008,184090500
2012-03-14,109.27621459960938,109.69797445003655,108.94035841986741,109.42461533592628,145163600
2012-03-15,109.90884399414062,109.95570486857429,109.15903424973712,109.44021141416073,165118500
2012-03-16,110.0610580444336,110.20225678930764,109.82571483292388,110.10812429272494,152893500
2012-03-19,110.49250793457031,110.82982399478864,109.91199633157497,109.99044805118713,125291100
2012-03-20,110.1708755493164,110.30423390013458,109.54329768601455,109.86493298683892,121729700
2012-03-21,109.99044036865234,110.33559678870293,109.76293757969859,110.23362392439182,122388400
2012-03-22,109.19810485839844,109.47267385287184,108.83725574742995,109.18241212355866,135216700
2012-03-23,109.55111694335938,109.67663488582419,108.68820802152592,109.29225264584421,120521000
2012-03-26,111.08870697021484,111.08870697021484,110.29639722282528,110.33561111493218,120164000
2012-03-27,110.7435073852539,111.26125989199852,110.67290803525668,111.1906605420013,119868500
2012-03-28,110.19438934326172,110.8611929504446,109.54327847167315,110.68860876905727,148562100
2012-03-29,110.00616455078125,110.21013430000471,109.11186971895998,109.54333037686841,164963700
2012-03-30,110.46110534667969,110.64938226255099,109.86491306816218,110.54739743686446,135486800
2012-04-02,111.26911926269531,111.5593810345223,110.10810808554095,110.32775852527148,151741100
2012-04-03,110.81416320800781,111.3005424637482,110.16305205165712,111.112265464424,155806700
2012-04-04,109.71590423583984,110.09244624246408,109.30797674613177,109.99831373332167,146896000
2012-04-05,109.66094207763672,109.98257731622039,109.24517436729191,109.33931880910286,137439400
2012-04-09,108.42937469482422,109.70021144792793,108.13127245592649,108.28032357537536,127555900
2012-04-10,106.6093978881836,108.52350534077229,106.49957263943118,108.21756272138667,235360300
2012-04-11,107.47233581542969,107.89594413503073,107.27621841430664,107.69982673390768,154133000
2012-04-12,108.87652587890625,108.96281801003235,107.49586375094431,107.57431549562463,154321500
2012-04-13,107.58213806152344,108.90005293950061,107.48015320434352,108.62548384865637,169246700
2012-04-16,107.51155090332031,108.28816807301568,107.14284926859533,108.13127656186899,147825300
2012-04-17,109.10401153564453,109.32366202201338,108.02143987421677,108.1312651174012,147877600
2012-04-18,108.73526000976562,109.1039614361636,108.55483547239477,108.61759443540382,123884200
2012-04-19,108.0371322631836,109.15891781705663,107.52723191506924,108.75100232658664,198666700
2012-04-20,108.21753692626953,108.90787373676464,108.15477794621985,108.5156390889927,143199600
2012-04-23,107.30754852294922,107.40169297704261,106.6407568108993,107.11143120116077,171844900
2012-04-24,107.71549224853516,107.99006132872242,107.31541716059817,107.40170927408103,137484200
2012-04-25,109.1903076171875,109.23737387025326,108.6725548933557,108.76668739948724,150252200
2012-04-26,109.95123291015625,110.07675088575132,108.89219444240892,108.95495343020646,136291600
2012-04-27,110.13164520263672,110.44542813648069,109.66881118569879,110.28069628573068,130725000
2012-04-30,109.72371673583984,109.99044539404652,109.42562654262882,109.91199367632957,115092200
2012-05-01,110.4062728881836,111.12798359539356,109.53551101871304,109.6610170768806,138832200
2012-05-02,110.07672882080078,110.18655403491869,109.40208479977632,109.76293394471348,121081000
2012-05-03,109.23735809326172,110.17871892878023,109.03340036941599,110.09242682060464,143759700
2012-05-04,107.47233581542969,109.27661829977296,107.40957681066357,108.66473296587355,193927300
2012-05-07,107.5507583618164,107.91160757867388,107.04869843006252,107.08791232359482,127765900
2012-05-08,107.11931610107422,107.29190035428867,105.84062694409116,106.90750597757373,213377700
2012-05-09,106.48385620117188,107.16634059195806,105.50326967645593,105.98179637931932,220752500
2012-05-10,106.70350646972656,107.35461735759587,106.46032292715918,107.2212470567844,150600000
2012-05-11,106.38188934326172,107.3703164179321,105.9896546671152,106.0367209130444,153032400
2012-05-14,105.20518493652344,106.38188896073179,105.04829346063946,105.36207641240742,163910000
2012-05-15,104.60111999511719,105.75429067385406,104.4363881667548,105.13456527421691,207629300
2012-05-16,104.20106506347656,105.55035330135297,104.17753194061088,105.07182651966363,207265500
2012-05-17,102.65564727783203,104.35010374292534,102.6007286843096,104.22458578920342,247992900
2012-05-18,101.77708435058594,103.23619820133929,101.6280332199627,103.0557615852925,319615900
2012-05-21,103.52642059326172,103.56564645458887,101.94178916205303,102.1065329916061,177861100
2012-05-22,103.70684051513672,104.51484294782321,103.03219642890751,103.79313261814458,197531200
2012-05-23,103.76173400878906,103.91078505701921,101.97314537012504,102.96157215358184,204958400
2012-05-24,103.96572875976562,104.20891235887376,103.09496724582971,104.04418048788901,167357600
2012-05-25,103.6283950805664,104.21674703150819,103.37735916920673,103.92648526274218,135465600
2012-05-29,104.88353729248047,105.06396187002024,102.8988310293903,104.45992916041952,152883500
2012-05-30,103.36167907714844,104.8757111738867,103.14988096733552,103.9892569622723,162370400
2012-05-31,103.13419342041016,103.90297008411093,102.24773916416999,103.3224703864413,196186000
2012-06-01,100.53759002685547,103.15771465946209,100.53759002685547,101.51817666810511,253240900
2012-06-04,100.49050903320312,100.99256884102812,99.73741333644064,100.71799983375898,202545800
2012-06-05,101.2514419555664,101.40048104366953,100.23947001866055,100.29438262139713,164149400
2012-06-06,103.52642059326172,103.57348683883338,101.92609642351171,101.95748190059433,184202800
2012-06-07,103.58917236328125,104.75018356338605,103.37736230290726,104.70311732109215,184772700
2012-06-08,104.41287231445312,104.43640543668212,102.99297277634241,103.32246042765235,143915400
2012-06-11,103.087158203125,105.31504910656953,102.98517331956826,105.25229009900052,169756100
2012-06-12,104.27166748046875,104.34226685112976,102.8910056950917,103.3852132597715,181931800
2012-06-13,103.6048812866211,104.61684156418987,103.25186047416253,103.96573051394971,172223900
2012-06-14,104.70314025878906,105.11890811687087,103.53427644886708,103.81668593455038,230615500
2012-06-15,105.77395629882812,105.86857653394975,104.95388618626649,105.17467475626673,169444500
2012-06-18,105.97894287109375,106.23916048113053,105.0957888239906,105.33235138148508,131360900
2012-06-19,107.00407409667969,107.43777025458115,105.9553223083272,106.51518680890462,137382600
2012-06-20,106.83057403564453,107.31947325665452,105.87645471323046,107.01194550360172,206451800
2012-06-21,104.43346405029297,107.06716520592025,104.34672481309201,106.95677090694413,205272200
2012-06-22,105.2377700805664,105.4349036126855,104.57539226826857,104.9775523743201,130029200
2012-06-25,103.55030059814453,104.16535621463537,103.179688619993,104.12592710443464,146375700
2012-06-26,104.07072448730469,104.38614533848279,103.24276129706558,103.84993590751762,141634000
2012-06-27,105.00907897949219,105.21409350286804,104.06284051703271,104.41767843644566,108088000
2012-06-28,104.70940399169922,104.86712038636894,103.51872221720106,104.3151370691681,169242100
2012-06-29,107.31950378417969,107.45355314727489,106.33383608605928,106.60981582228716,212250900
2012-07-02,107.64277648925781,107.75317077257019,106.86213549728971,107.61912143083904,129524500
2012-07-03,108.35246276855469,108.43130895145032,107.50872559025883,107.61911987197215,80450000
2012-07-05,107.86356353759766,108.65999060006708,107.46929652673535,107.95030276127034,126177500
2012-07-06,106.83847045898438,107.05925900498507,106.3338092064009,106.82269641082051,151192100
2012-07-09,106.70445251464844,106.9015860624227,106.21555313435599,106.75176264098197,103780500
2012-07-10,105.77395629882812,107.42198956492797,105.41122534407079,107.24851111248854,167884800
2012-07-11,105.78970336914062,106.13666018553502,105.17464793355843,105.82913246774392,141733400
2012-07-12,105.27718353271484,105.84492904821526,104.55962664491129,105.17468228135749,143583200
2012-07-13,107.04350280761719,107.15389709902712,105.53739980675115,105.55317385754553,129642600
2012-07-16,106.79115295410156,107.10657377071573,106.37323090015241,106.79904599456309,97525200
2012-07-17,107.52448272705078,107.7452712557494,106.09723829793744,107.21695498835825,138860300
2012-07-18,108.32090759277344,108.53381513362284,107.20908383961213,107.2721559689782,113349700
2012-07-19,108.60479736328125,108.95963529905391,108.19476829762526,108.54171319193215,129847300
2012-07-20,107.61124420166016,108.15533462855059,107.4929689054122,107.98973718172854,142904500
2012-07-23,106.52306365966797,107.5402793386774,105.5373960811336,106.0341763909789,145210900
2012-07-24,105.60835266113281,106.64922331472003,104.8986768751953,106.60191319993406,173301200
2012-07-25,105.63202667236328,106.10513988329872,105.07216220253706,105.82916018493839,129122300
2012-07-26,107.3746566772461,107.60333823972816,106.6570879608773,107.15386815406679,156526500
2012-07-27,109.3538818359375,109.66142162561162,107.35101090757503,107.94241136696715,236768900
2012-07-30,109.3538818359375,109.87431712790011,109.03059206251206,109.2277255489761,106782000
2012-07-31,108.5890121459961,109.5037023549588,108.5890121459961,109.20406764515758,120575900
2012-08-01,108.49440002441406,109.3933283847606,108.34457662567712,109.36967332517845,138293800
2012-08-02,107.74529266357422,108.47863559051598,106.90944849141734,107.67432748640802,199556600
2012-08-03,109.8822250366211,110.11089461774966,107.7768285280686,109.25927639713933,157825000
2012-08-06,110.09512329101562,110.52881943706467,110.04781317182393,110.17398151105185,86326200
2012-08-07,110.6470718383789,111.12018491302007,110.41839029170843,110.53666555235091,109545100
2012-08-08,110.78115844726562,110.90731475707383,110.24494901029826,110.2764971118068,89754700
2012-08-09,110.87579345703125,111.09658206870027,110.51306243381673,110.62345673965125,90291700
2012-08-10,111.05716705322266,111.0965961743291,110.24497769315936,110.42633721175487,99792700
2012-08-13,111.00193786621094,111.05712899118183,110.42629936591504,110.86788852605383,79426900
2012-08-14,111.0177230834961,111.48296739900023,110.68654016823888,111.41199017767043,102379400
2012-08-15,111.14383697509766,111.33308941910552,110.82842826715553,110.89939342163186,71085900
2012-08-16,111.9639663696289,112.09801572898051,111.02560882209151,111.30158855061212,112014200
2012-08-17,112.11376953125,112.20840180250265,111.86144488275166,112.153198641599,90813700
2012-08-20,112.12165832519531,112.14531338409358,111.6485330830804,111.95606088083268,78255700
2012-08-21,111.78256225585938,112.83131379537151,111.53811866997168,112.39761774037439,105581100
2012-08-22,111.8299560546875,112.01131560041547,111.23855524584906,111.49876101350735,133243500
2012-08-23,110.9151840209961,111.56177557840404,110.74170559611457,111.55389457075405,111466400
2012-08-24,111.58544921875,111.8377858904507,110.56824558713409,110.63921076402188,99481200
2012-08-27,111.6091079711914,112.03492311075914,111.45140356219693,111.88509971098809,68785900
2012-08-28,111.49871063232422,111.84566754186827,111.15964676386288,111.3252321775522,75689600
2012-08-29,111.58544921875,111.8850960083759,111.27792142016149,111.59334225978736,65421300
2012-08-30,110.78115844726562,111.13599638074716,110.54459581425283,111.10444827923861,96589900
2012-08-31,111.30947875976562,111.82991416429267,110.67864906022456,111.41198001308707,151970400
2012-09-04,111.20696258544922,111.54603850337531,110.49728671194872,111.21484359486129,120226200
2012-09-05,111.11235809326172,111.55393532443564,110.89156947767476,111.25428847524884,100660300
2012-09-06,113.3675308227539,113.3754118308092,111.7746888542281,111.7825698622834,158272500
2012-09-07,113.80911254882812,113.85642266323278,113.45427465871937,113.55677589590483,107272100
2012-09-10,113.16250610351562,113.89584895488838,113.12308903053498,113.69871546169094,86458500
2012-09-11,113.4779052734375,113.84062409379487,113.20191362275888,113.23346171361595,88760000
2012-09-12,113.8564453125,113.9826136640601,113.4700592478758,113.8564453125,87640900
2012-09-13,115.59123229980469,115.94607030429286,113.54105047827427,113.84068531011344,225470200
2012-09-14,116.10379791259766,116.78981892253013,115.72529277490901,115.81992507537062,169777000
2012-09-17,115.70948028564453,116.06431816939843,115.41771453191802,115.8671846748603,119427800
2012-09-18,115.61482238769531,115.76464573545121,115.32306873074178,115.51232117507624,98326600
2012-09-19,115.67794799804688,116.04855998099528,115.4492784072432,115.7489131780816,128318300
2012-09-20,115.68580627441406,115.74887839410745,114.83418827369321,115.14959700044686,154009800
2012-09-21,115.63746643066406,116.27166351806201,115.5899037659623,116.24788218571113,108737500
2012-09-24,115.46305084228516,115.7246575693283,114.97947697041184,115.06667921275955,95682000
2012-09-25,114.23432922363281,115.9307996223909,114.20261271357882,115.70883243723036,133165200
2012-09-26,113.59220886230469,114.24226432748483,113.32267897999833,114.21055991039816,146502200
2012-09-27,114.66240692138672,114.92401369957304,113.76660299271585,114.06784936086454,111830300
2012-09-28,114.13129425048828,114.59901005986221,113.72699937911021,114.22641960932852,150696100
2012-10-01,114.43248748779297,115.49476048873345,114.16294560253075,114.56725238227334,135911200
2012-10-02,114.55139923095703,115.06667750316372,114.02026270684031,114.88434994325547,113422200
2012-10-03,115.0191650390625,115.28869495764798,114.2581379634909,114.86061873967736,121283100
2012-10-04,115.8436279296875,116.01009731432889,115.29663290182212,115.45517920501167,124311600
2012-10-05,115.8515396118164,116.66014140371979,115.50273052133626,116.46195552015665,124842100
2012-10-08,115.45514678955078,115.83566022963336,115.19354001939895,115.42344237633729,78415400
2012-10-09,114.31358337402344,115.46305875920294,114.27394378909248,115.36793343241105,148872900
2012-10-10,113.58424377441406,114.40870346941895,113.43362063227079,114.29770780990188,124247500
2012-10-11,113.6476821899414,114.54348600724192,113.62390085818149,114.37700458861944,123601500
2012-10-12,113.27513122558594,114.11543749657334,113.02938264780364,113.72700087864929,124181900
2012-10-15,114.21844482421875,114.33735146894283,113.17995313928978,113.54460824731136,107689100
2012-10-16,115.3758773803711,115.45515656457322,114.67827136387417,114.75753845177111,108815500
2012-10-17,115.89907836914062,115.99421579910475,115.28073950774129,115.45514401698766,128834100
2012-10-18,115.59783935546875,116.15275727281808,115.20939076517254,115.59783935546875,148108500
2012-10-19,113.67147064208984,115.39172229286476,113.40194080105867,115.38379921388282,185645200
2012-10-22,113.68737030029297,113.8934792956204,112.79156610063527,113.48124920865736,125578600
2012-10-23,112.1097640991211,112.61711936376587,111.64204842158838,112.4585731116213,192056300
2012-10-24,111.79267120361328,112.64883547776212,111.6182666979735,112.51405846279205,120179400
2012-10-25,112.11767578125,112.79151240474837,111.4359281759585,112.58540350754181,134457400
2012-10-26,112.05426788330078,112.44270435031196,111.29322900929705,112.01462829989285,146023500
2012-10-31,112.05426788330078,112.59332750948059,111.52311923897902,112.45063952477507,103438500
2012-11-01,113.2275619506836,113.3702499825146,112.18906984244735,112.29211827777868,100995600
2012-11-02,112.22074127197266,113.93306972840512,112.10183461373553,113.90135322200658,137702200
2012-11-05,112.45065307617188,112.70432466720798,111.72131852322106,112.05428138693095,98378500
2012-11-06,113.33061981201172,113.77455425121238,112.67264123380137,112.79154792419217,107068100
2012-11-07,110.7621078491211,112.31587812563144,110.23889430657395,112.30003196710884,264304500
2012-11-08,109.43031311035156,111.30912352857803,109.34311083696294,110.746270291923,181517300
2012-11-09,109.52542114257812,110.54013163511212,109.04184722845622,109.09733297136032,201055300
2012-11-12,109.61263275146484,110.04070886292934,109.36688423411448,109.86630434810566,97677500
2012-11-13,109.23209381103516,110.38950434956904,108.89121999880221,109.03390798635012,123018300
2012-11-14,107.75756072998047,109.73941842394436,107.51181231133685,109.56502607547098,191505000
2012-11-15,107.57526397705078,108.2015379613937,107.16303407183925,107.79723113455634,178128400
2012-11-16,108.10640716552734,108.32045125777806,106.78252721772398,107.73381682195533,239483900
2012-11-19,110.2944107055664,110.31025686675487,108.13814734592259,109.31932745869452,151495800
2012-11-20,110.34197235107422,110.52429997348851,109.46202656108369,110.12000513344653,119807400
2012-11-21,110.54806518554688,110.64320261944243,110.21511440767335,110.43708159292237,81710800
2012-11-23,112.05426788330078,112.09389537040619,111.01576402174403,111.08712011039934,65409200
2012-11-26,111.8165054321289,112.06225405279166,111.1347453411084,111.4994006826372,100124400
2012-11-27,111.24569702148438,112.08600319769891,111.17435300945994,111.7054897039294,128646200
2012-11-28,112.1414794921875,112.20488831537185,110.19132553092138,110.79380612160102,177086500
2012-11-29,112.6646957397461,112.97386520275654,112.07013814962562,112.56164731627938,151085900
2012-11-30,112.6884765625,112.90252068093412,112.30004001369205,112.68055348267099,136568300
2012-12-03,112.13349151611328,113.29882465833106,112.04628930491678,113.20369937204319,124656300
2012-12-04,111.97502136230469,112.46651847020978,111.67377495614036,112.12564456538684,127512200
2012-12-05,112.17317962646484,112.69639312006144,111.27737580527396,112.0701191241889,147300500
2012-12-06,112.55369567871094,112.60125834355554,111.90365243199581,112.0701217589519,103220600
2012-12-07,112.89458465576172,113.11655182857243,112.3079502154456,112.9897099880224,108726400
2012-12-10,112.94213104248047,113.21166084257165,112.6884473979462,112.73602215352284,98840700
2012-12-11,113.71112060546875,114.24225725701409,113.35438847787023,113.40987422841428,152570400
2012-12-12,113.76659393310547,114.59105379197231,113.60804768218603,114.15504252971616,145880100
2012-12-13,113.06897735595703,114.02026686814273,112.78358929267108,113.69523922178603,135715000
2012-12-14,112.64884948730469,113.02936295770319,112.47444495997513,112.82325401463423,137701700
2012-12-17,113.97268676757812,114.03610767152655,112.91040174681771,112.94211824694221,143238200
2012-12-18,115.2411117553711,115.34417227495673,113.98857564955722,114.1550570968644,177762800
2012-12-19,114.38494110107422,115.40758687206791,114.34531360768898,115.36794728237821,150895400
2012-12-20,115.04289245605469,115.05875070745228,114.13916566721771,114.4562702136615,168487000
2012-12-21,113.99867248535156,115.0365506917769,113.32006871422203,113.50368947792789,245883800
2012-12-24,113.64739227294922,113.81504229223954,113.51965080352049,113.75117155752517,53874600
2012-12-26,113.16834259033203,113.9347790537108,112.84900117014588,113.87888760502636,106947700
2012-12-27,113.01666259765625,113.43181623161793,111.7073431509422,113.20028332375456,167920600
2012-12-28,111.79512786865234,112.90485550457139,111.6673864559486,112.28213134525518,148806700
2012-12-31,113.69527435302734,113.81502434792611,111.4039562665051,111.49976844451922,243935200
2013-01-02,116.60934448242188,116.6811945039381,115.54751616342925,115.85089916374123,192059000
2013-01-03,116.3458480834961,116.85680172340962,116.03448589951904,116.55343099421127,144761800
2013-01-04,116.8568344116211,117.048446648474,116.29798061509068,116.53749286563203,116817700
2013-01-07,116.53746795654297,116.64923869195883,116.10634356129863,116.44166794964268,110002500
2013-01-08,116.20214080810547,116.48955297394514,115.7470664696531,116.32988225561087,121265100
2013-01-09,116.49752044677734,116.81687403319538,116.27397902733158,116.45759972571338,90745600
2013-01-10,117.42366027832031,117.43163955191795,116.53747362509762,117.1442273351404,130735400
2013-01-11,117.41567993164062,117.47953848403239,117.04842625385461,117.39171774687249,113917300
2013-01-14,117.33582305908203,117.41566451223215,116.90469870342393,117.271952332981,89567200
2013-01-15,117.41567993164062,117.52745067147168,116.72109330788619,116.79294331589965,93172600
2013-01-16,117.39968872070312,117.58330943651279,117.04840583334908,117.17614728004052,104849500
2013-01-17,118.15811920166016,118.49343132132718,117.47950350908354,117.91860706415703,133833500
2013-01-18,118.42160034179688,118.54934179324728,117.70306381395982,118.1341881670811,169906000
2013-01-22,119.06029510498047,119.06029510498047,118.14216712994367,118.42160003149732,111797300
2013-01-23,119.25191497802734,119.35570644712207,118.84475273958216,119.0603149515107,104596100
2013-01-24,119.28385162353516,119.86665531750005,118.96449795539927,119.07626869372262,146426400
2013-01-25,119.95448303222656,119.95448303222656,119.2519171035503,119.65909153135019,147211600
2013-01-28,119.8107681274414,120.01833886144976,119.36367302157598,119.98639740569709,113357700
2013-01-29,120.28179931640625,120.43349077380266,119.49141275622824,119.5712542123619,105694400
2013-01-30,119.8107681274414,120.50534251386202,119.69898521440304,120.26583032410097,137447700
2013-01-31,119.51532745361328,120.05822239434815,119.43549820315584,119.66701886620231,108975800
2013-02-01,120.74485778808594,120.88855779635581,120.0662419301102,120.27381266942102,131173000
2013-02-04,119.38761901855469,120.76880065428243,119.299798291324,120.0103555638877,159073600
2013-02-05,120.59315490722656,120.93644634921147,119.98638911083253,120.0343012911493,113912400
2013-02-06,120.6810302734375,120.76085957925365,120.08225566036327,120.17007642423152,138762800
2013-02-07,120.52130126953125,120.83266343066207,119.64309405501109,120.72089271082267,162490000
2013-02-08,121.19196319580078,121.26381321325881,120.72890944646251,120.72890944646251,103133700
2013-02-11,121.16797637939453,121.27175564571756,120.8645934883852,121.14402638085116,73775000
2013-02-12,121.3675765991211,121.59111805642213,121.04024368589612,121.17596441482203,65392700
2013-02-13,121.47136688232422,121.83862055665897,121.12807539253242,121.6150790790976,82322600
2013-02-14,121.58316040039062,121.7268726240893,120.96842731297161,121.10414807962643,80834300
2013-02-15,121.4394760131836,121.82268835561352,120.99239291666522,121.69494684743664,215226500
2013-02-19,122.34957122802734,122.37352122988273,121.47935534169105,121.6470053546787,95105400
2013-02-20,120.8246841430664,122.30166583018739,120.76081341357023,122.26174510149028,160574800
2013-02-21,120.09019470214844,120.88856058543523,119.70698248915782,120.5213191010974,183257000
2013-02-22,121.26374053955078,121.26374053955078,120.14603366416445,120.6729456585087,106356600
2013-02-25,118.95650482177734,122.03819731316895,118.95650482177734,121.85457658919587,245824800
2013-02-26,119.77088928222656,119.91458933707695,118.74099016073102,119.53137700870897,186596200
2013-02-27,121.27975463867188,121.615066821217,119.56326081643192,119.66705227130147,150781900
2013-02-28,121.04025268554688,122.04618931819543,120.8805819444736,121.27177343278859,126866000
2013-03-01,121.4394760131836,121.62309681737491,120.0822559895812,120.62513912618186,170634800
2013-03-04,122.08611297607422,122.08611297607422,120.968405579667,121.16000560070998,99010200
2013-03-05,123.17984008789062,123.50717295283165,122.66090724900867,122.67687797420174,121431900
2013-03-06,123.3475112915039,123.68282345258088,123.07606985378847,123.61895272921933,94469900
2013-03-07,123.571044921875,123.7307156291394,123.36347422064068,123.50717420255042,86101400
2013-03-08,124.0980453491211,124.26569543086268,123.47532068130639,124.11401608427319,123477800
2013-03-11,124.56903076171875,124.5770100351869,123.8505063224851,124.00219779305812,83746800
2013-03-12,124.28958129882812,124.6249056534593,123.91436058216046,124.4811934754609,105755800
2013-03-13,124.46524047851562,124.64088195325847,123.93033678074309,124.35346973841534,92550900
2013-03-14,125.12786102294922,125.18375247304957,124.47320744035503,124.79254886863103,126329900
2013-03-15,124.96269989013672,125.13109557050686,124.54569971637316,124.97874165274138,138601100
2013-03-18,124.27303314208984,124.81031586776976,123.65555385114753,123.76782170074814,126704300
2013-03-19,123.98430633544922,124.70602626638028,123.1663481071262,124.53763065942437,167567300
2013-03-20,124.85040283203125,125.05889675202332,124.50557231619722,124.71407847246606,113759300
2013-03-21,123.7838363647461,124.81028854676904,123.57534247149228,124.10459808302507,128605000
2013-03-22,124.77825927734375,124.77825927734375,124.08058333898059,124.17682167588409,111163600
2013-03-25,124.25701904296875,125.31555520594199,123.7758762531196,125.10704898435482,151322300
2013-03-26,125.2513427734375,125.28341405016302,124.63386362906527,124.77018796862993,86856600
2013-03-27,125.2513427734375,125.29144104655063,124.29706016020995,124.50555404961325,99950600
2013-03-28,125.63630676269531,125.78065815320856,124.8985447564043,125.17119353858759,102932800
2013-04-01,125.13910675048828,125.82875561995081,124.83437448092077,125.57213639583541,99194100
2013-04-02,125.75657653808594,126.06932354614297,125.39570425193946,125.58816865546578,101504300
2013-04-03,124.48148345947266,125.92493547442778,124.15270702417551,125.82870941885531,154167400
2013-04-04,124.98674011230469,125.23533233699143,124.3692608135073,124.64190956082322,131885000
2013-04-05,124.42538452148438,124.57775063565047,123.31072091965648,123.45506003648136,159666000
2013-04-08,125.26746368408203,125.27547844925904,124.09665944525449,124.51365972383067,86571200
2013-04-09,125.70043182373047,126.1575301765023,125.08295259212309,125.49995266611687,101922200
2013-04-10,127.2401123046875,127.4004931860677,126.00516605815534,126.03723733992061,135711100
2013-04-11,127.65715026855469,128.0741504729128,127.1358969540369,127.26420659172871,110142500
2013-04-12,127.34431457519531,127.53676666155494,126.63862429515132,127.24807629574347,116359900
2013-04-15,124.3933334350586,126.80711089898456,124.37730390874998,126.70285779658042,217259000
2013-04-16,126.22975158691406,126.29390641205597,125.02687614713699,125.33159627120892,147507800
2013-04-17,124.38531494140625,125.35563965027961,123.719722531172,125.3315708889793,226834800
2013-04-18,123.60740661621094,124.62584397920567,123.13427882635433,124.59376046746398,167583200
2013-04-19,124.68199920654297,124.73813924630726,123.59139205655373,123.89612430378338,149687600
2013-04-22,125.2353515625,125.53205687799382,124.09663111688926,124.92260448403142,106553500
2013-04-23,126.52639770507812,126.6466802982252,125.23531151477015,125.86080547168696,166141300
2013-04-24,126.60658264160156,126.94338610778694,126.33392172835873,126.5664843688063,96781200
2013-04-25,127.11983489990234,127.72127240687502,126.78303136435093,126.97548353536465,131060600
2013-04-26,126.89530944824219,127.18399996433352,126.48632407928372,126.96747901819542,95918800
2013-04-29,127.74530792236328,128.025971371033,127.03961744794726,127.24009658397223,88572800
2013-04-30,128.05006408691406,128.08214761006198,127.19201950502988,127.72128751046061,116010700
2013-05-01,126.92738342285156,127.83355327461173,126.78304427988728,127.76939846564584,138874200
2013-05-02,128.106201171875,128.21846902773882,127.1278617552282,127.24814437355421,96407600
2013-05-03,129.40530395507812,129.81428933487462,128.1302592403356,129.22086652599504,144202300
2013-05-06,129.7340850830078,129.91852250117088,129.44539457635872,129.50153461978286,66882100
2013-05-07,130.39161682128906,130.4317028538958,129.6458281761887,130.01471511910557,90359200
2013-05-08,130.9850311279297,131.02512939802784,130.17509991155282,130.24726945596504,97419200
2013-05-09,130.61619567871094,131.27376100817057,130.28740689584225,130.92894270146274,106738600
2013-05-10,131.04124450683594,131.153512384191,130.319511949884,130.70444087477074,103203000
2013-05-13,131.1454315185547,131.36195242033673,130.56806284092906,130.87278281928894,81843200
2013-05-14,132.5006866455078,132.59692496562315,131.24969861050337,131.24969861050337,119000900
2013-05-15,133.21435546875,133.47898936304097,132.24404342595696,132.28414169532357,120718500
2013-05-16,132.5889129638672,133.40687147783567,132.38843377567835,132.94175829288412,109913600
2013-05-17,133.8720245361328,133.95220889352387,132.90169959232813,133.07812230938353,129801000
2013-05-20,133.8638916015625,134.38514457537977,133.60728473018239,133.74360904252066,85071200
2013-05-21,134.05642700195312,134.5616384903105,133.51914422627297,133.9842574282675,95804200
2013-05-22,133.06202697753906,135.58005706433988,132.45257471432475,134.19273241722783,244031800
2013-05-23,132.6771240234375,133.04601111290938,131.46623413432584,131.64265679847173,211064400
2013-05-24,132.56484985351562,132.6209898968328,131.4982991569906,131.8912427513771,151573900
2013-05-28,133.35873413085938,134.54556728252362,132.96579058854815,133.95214458855332,143679800
2013-05-29,132.49266052246094,132.95777361492293,131.78697000475637,132.65304139386393,160363400
2013-05-30,132.9818572998047,133.59130963014752,132.49268758851682,132.5969406825502,107793800
2013-05-31,131.07330322265625,133.3667858425201,130.81669620030073,132.61298206562867,176850100
2013-06-03,131.7949981689453,131.88320948443948,130.43975715647852,131.3779981105841,168390700
2013-06-04,131.16151428222656,132.396473048273,130.49592184738225,131.86720500568168,157631500
2013-06-05,129.3251495361328,131.0492660785672,129.21288165294567,130.78463201756574,211737800
2013-06-06,130.49588012695312,130.50390712387684,128.50713045772713,129.26894875265506,200225500
2013-06-07,132.1558837890625,132.27616640790828,130.82469903786898,131.39406531838912,188337800
2013-06-10,132.1558837890625,132.63702650072423,131.81105322124023,132.56485692941675,105667100
2013-06-11,130.79258728027344,131.94733677271304,130.50389684809483,130.95296813453382,159505400
2013-06-12,129.71005249023438,131.82711251747077,129.58976985538922,131.69078811921952,177361500
2013-06-13,131.68275451660156,131.91530498945934,129.34917384421493,129.63786436282234,163587800
2013-06-14,130.85675048828125,132.0516106782344,130.6402418071782,131.53838452182518,141197500
2013-06-17,131.86717224121094,132.49266623203064,130.88883297633365,131.74687740526767,136295600
2013-06-18,132.9097137451172,133.11019297363785,131.9313741310339,131.93938889511355,114695600
2013-06-19,131.07330322265625,133.0299822427711,131.01717540750462,132.79743174637767,206149500
2013-06-20,127.82550048828125,131.08930690691315,127.48869698636605,129.79822069810015,321255900
2013-06-21,128.23583984375,128.79207974926527,126.94597929812711,128.6953445137012,271956800
2013-06-24,126.61548614501953,127.71992139572228,125.54329188148701,126.89764706211633,222329000
2013-06-25,127.83283996582031,129.06626419529556,126.90574827435866,127.76027619271098,162262200
2013-06-26,129.09841918945312,129.38863718546136,128.38093751890793,128.8807526171916,134848000
2013-06-27,129.85621643066406,130.45277908517022,129.75141172488034,129.8723430702512,129483700
2013-06-28,129.3241424560547,130.11417554744716,128.87269497525898,129.4934414118637,160402900
2013-07-01,130.08197021484375,130.98486542384023,129.85624641259463,130.00134929931565,131954800
2013-07-02,129.9610595703125,130.8397710218383,129.38868055540436,129.8884958212217,154863700
2013-07-03,130.01747131347656,130.41249410386044,129.16294376381174,129.3725409152878,75216400
2013-07-05,131.4202117919922,131.46857942572268,130.03361555359746,130.9768213144196,122416900
2013-07-08,132.16993713378906,132.5246495223336,131.46858182981993,132.09738568186663,108092500
2013-07-09,133.12118530273438,133.28241481899232,132.42788731190393,133.00025393977322,119298000
2013-07-10,133.16957092285156,133.62101854978786,132.71812329591526,132.9922147406944,121410100
2013-07-11,134.9833984375,135.12044412692788,133.16146942282052,134.71736422824975,135592200
2013-07-12,135.03985595703125,135.37844167786284,134.7335235244838,134.94312069422944,104212700
2013-07-15,135.5557861328125,135.74926894270232,135.1768899849184,135.4106832511633,69450600
2013-07-16,135.04798889160156,135.72516065148247,134.68521918459615,135.6445396939119,88702100
2013-07-17,135.39454650878906,135.82181025202823,135.21719035487584,135.563845492442,92873900
2013-07-18,136.13616943359375,136.45864065827465,135.59604397090015,135.68472202005998,103620100
2013-07-19,136.3780517578125,136.4264193776021,135.684753838443,135.85405280872888,103831700
2013-07-22,136.64410400390625,136.83758680962555,136.24908122178002,136.57155256464551,79428600
2013-07-23,136.3538818359375,136.91013412221824,136.28133039886353,136.88595030986025,80829700
2013-07-24,135.85401916503906,136.9342700762279,135.57991555240815,136.87783299976826,112914000
2013-07-25,136.18460083007812,136.30553220885926,135.38651031483852,135.61223412733307,111088600
2013-07-26,136.3297119140625,136.37002237244084,135.04792052439484,135.61223003861724,107814600
2013-07-29,135.9104766845703,136.2893727717383,135.52352342783234,135.983028113767,79695000
2013-07-30,135.9104766845703,136.46672891045617,135.58801768745903,136.32162605206278,85209600
2013-07-31,136.00723266601562,136.9262543959477,135.82987651628986,136.19264598581145,142388700
2013-08-01,137.57923889160156,137.70015794512253,136.96654955103472,137.03911328417004,110438400
2013-08-02,137.8130645751953,137.82919122124184,137.08752541644918,137.27293879239065,91116700
2013-08-05,137.61146545410156,137.8210748596066,137.3293169251069,137.50667305237047,54072700
2013-08-06,136.82949829101562,137.6437275550129,136.52316593421534,137.34544006675645,87495000
2013-08-07,136.3861541748047,136.58769419147228,135.87828169750028,136.3942236481283,84854700
2013-08-08,136.8859405517578,137.19227292012945,136.18457314030354,137.03104341556187,102181300
2013-08-09,136.49095153808594,137.1278248448869,136.0153200767199,136.70861818860246,91757700
2013-08-12,136.3297119140625,136.4909414465511,135.74121858501803,135.80571285821844,68593300
2013-08-13,136.73281860351562,136.96659962613427,135.76542891860126,136.57158903953444,80806000
2013-08-14,136.03146362304688,136.88599138551163,135.9992103295422,136.66832470795055,79829200
2013-08-15,134.12889099121094,134.9753490636482,133.89509772659514,134.95923472203782,152931800
2013-08-16,133.68551635742188,134.33044682766763,133.41948207715703,133.8709297160214,130868200
2013-08-19,132.83096313476562,133.99183529746892,132.82289366353757,133.53231827430588,96437600
2013-08-20,133.48399353027344,133.98380886604025,132.90355726246744,133.04866017890535,89294400
2013-08-21,132.66171264648438,133.84676905402026,132.3634373265698,133.11316036344513,159530500
2013-08-22,133.8708953857422,134.06437816750625,132.92768988905945,132.93574705874954,101471400
2013-08-23,134.32232666015625,134.49162561134787,133.63709828871617,134.26590187710633,90888900
2013-08-26,133.82257080078125,134.87058134557097,133.73389270158304,134.45943183973094,89702100
2013-08-27,131.6700439453125,133.82248851947332,131.5733087333112,132.50038731770724,158619400
2013-08-28,132.13772583007812,132.6053002381102,131.44442754244832,131.6137143016322,108113000
2013-08-29,132.34730529785156,133.04866066525287,131.72655856175692,131.84748996025772,119200500
2013-08-30,131.92803955078125,132.63746407454875,131.54108631100883,132.62133743509358,134928900
2013-09-03,132.52462768554688,133.48395995075634,131.96837537707924,133.20179906062742,142375100
2013-09-04,133.62103271484375,133.8467565522407,132.31505732690047,132.55689550909253,97389400
2013-09-05,133.790283203125,134.1449831753273,133.6048575960164,133.70160513481892,63090500
2013-09-06,133.85475158691406,134.61254367540624,132.5971444192125,134.23364763116015,159756500
2013-09-09,135.13656616210938,135.21717475848473,134.18529123711397,134.18529123711397,87559300
2013-09-10,136.13616943359375,136.1603532378174,135.64441157934743,135.9507561675394,105847200
2013-09-11,136.5634765625,136.5634765625,135.71701854288744,135.9507994918896,94545900
2013-09-12,136.20069885253906,136.69245683378253,136.0152855386015,136.51510068966047,83209000
2013-09-13,136.50706481933594,136.61186954840352,136.03143340453232,136.3458352907105,72727800
2013-09-16,137.29708862304688,138.04682371577923,137.0794220088957,137.9823294485854,106299200
2013-09-17,137.90982055664062,137.94206154967216,137.41806238097405,137.41806238097405,82523300
2013-09-18,139.50599670410156,139.88489290514192,137.51478043089827,137.86142334192087,203460600
2013-09-19,139.27220153808594,139.94938530809625,139.13515580991233,139.8848910299512,146616900
2013-09-20,138.29852294921875,139.6027679396526,138.18511087878923,139.6027679396526,132867100
2013-09-23,137.6584930419922,138.24175842951854,137.2210501818394,138.11215351305572,104616500
2013-09-24,137.33445739746094,138.14454681164332,137.075235212634,137.6341865251937,106333100
2013-09-25,136.93753051757812,137.69901666357424,136.8160220308704,137.42358918637981,117306500
2013-09-26,137.46408081054688,137.85292028564754,136.9456240567513,137.16435166942597,77146900
2013-09-27,136.8321990966797,137.01851619158052,136.47575779444657,136.7754869072413,99141800
2013-09-30,136.1031036376953,136.53244999294182,135.40642632071345,135.6737572824488,143937000
2013-10-01,137.18057250976562,137.3101898148707,136.07075369214638,136.2084674434506,127160000
2013-10-02,137.05091857910156,137.18053584956766,135.95730530712487,136.37855525564808,113350000
2013-10-03,135.78717041015625,136.8564942658874,135.1553017175814,136.7349734490185,176698000
2013-10-04,136.81600952148438,136.95372324749013,135.7142873524541,135.89250802398726,96878000
2013-10-07,135.63327026367188,136.45956496120968,135.48746009639203,135.625173819151,96295000
2013-10-08,134.0535430908203,135.78713329991666,133.95633635267737,135.60891270600197,178015000
2013-10-09,134.1508026123047,134.6368488104539,133.28400106608214,134.31281801168777,168973000
2013-10-10,137.0428009033203,137.11570597129375,135.47122573510353,135.51982911375248,195955000
2013-10-11,137.9258575439453,137.97447330553467,136.71883189236146,136.83224394742948,105040000
2013-10-14,138.47669982910156,138.59011186361494,136.96993287857524,137.07524846811793,112106000
2013-10-15,137.4722137451172,138.6468412877406,137.2858965831531,138.12838439632813,155485000
2013-10-16,139.39205932617188,139.4649643900204,138.23362530299588,138.29843392452145,161676000
2013-10-17,140.3236541748047,140.40466804032945,138.80068250199767,138.82498418945903,129389000
2013-10-18,141.27149963378906,141.36870641292285,140.558616957517,140.84215321130267,138316000
2013-10-21,141.27960205078125,141.56313831655302,140.96366764425665,141.32010899746075,104104000
2013-10-22,142.0977783203125,142.51901588972774,141.30388184360427,141.69273363827133,126663000
2013-10-23,141.4173126220703,141.67653480259875,140.92315759317393,141.61172616722084,105484000
2013-10-24,141.8871612548828,142.06538192154537,141.36870450486006,141.70084414372974,70350000
2013-10-25,142.5352325439453,142.57573948758738,141.90336377827674,142.17879121746896,93625000
2013-10-28,142.76206970214844,142.95649563289044,142.33272325428825,142.48664223766923,84979000
2013-10-29,143.52359008789062,143.58030229993648,142.8836246663016,143.08614709048632,87401000
2013-10-30,142.81060791015625,143.79891764193417,142.30026016150185,143.69361446004186,140002000
2013-10-31,142.4056396484375,143.29674311718475,142.19502081081808,142.6972723872106,133795000
2013-11-01,142.745849609375,143.069880404544,141.94385670400538,142.59193065532585,142805000
2013-11-04,143.2481231689453,143.3048230044127,142.55954217166015,143.1347111370261,85677000
2013-11-05,142.79446411132812,143.18330356800462,142.22740399513668,142.68914853225562,85825000
2013-11-06,143.52359008789062,143.79092117113294,143.01322962342908,143.4101780247867,87348000
2013-11-07,141.70895385742188,143.90430189633983,141.5712401222846,143.79088985793354,157000000
2013-11-08,143.62071228027344,143.63691752573732,141.64410496800036,141.6602978524837,136713000
2013-11-11,143.64508056640625,143.81519244457576,143.31294089438077,143.48305277255028,62614000
2013-11-12,143.3534393310547,143.67747017755653,142.87547714513545,143.33723408043426,83990000
2013-11-13,144.5037384033203,144.54423298096796,142.64862691852048,142.64862691852048,103844000
2013-11-14,145.22474670410156,145.34625518351788,144.3984519611165,144.63337247498296,103435000
2013-11-15,145.8566436767578,145.91334352443647,145.2733781409903,145.45969529905886,102818000
2013-11-18,145.34620666503906,146.2211045077382,145.02217592077147,146.099596068883,104796000
2013-11-19,145.03033447265625,145.71080674362054,144.77920868415652,145.27336381542517,93891000
2013-11-20,144.57666015625,145.75938379040758,144.17971188945268,145.3219409412907,124909000
2013-11-21,145.74317932128906,145.8565913369362,144.89258302344425,144.98169334723718,92841000
2013-11-22,146.4723358154297,146.48854107262346,145.62984785619574,145.79995979326716,81296000
2013-11-25,146.32643127441406,146.76387404879267,146.11580014961788,146.7314759162756,79486000
2013-11-26,146.366943359375,146.8043985470669,146.148228126512,146.39935385675076,86994000
2013-11-27,146.72340393066406,146.8206230745741,146.34266088289337,146.52088155891303,58800000
2013-11-29,146.62620544433594,147.23377259396716,146.46419000996465,146.8854400281182,55870900
2013-12-02,146.2454376220703,146.97451313383309,146.01861358014486,146.69908570592122,99726000
2013-12-03,145.61354064941406,146.13199726771822,145.14368740767264,145.7674595825167,116563000
2013-12-04,145.59735107421875,146.20491806860738,144.47943621001153,145.08700320440016,123033000
2013-12-05,144.95741271972656,145.60548677230557,144.8196989922135,145.33815576207982,106934000
2013-12-06,146.5775909423828,146.71530466921163,145.93761333778406,146.358863324015,127728000
2013-12-09,146.95021057128906,147.1689381679169,146.7557970284938,147.00692276192646,70124000
2013-12-10,146.42364501953125,146.91780000062013,146.33453469963055,146.60996210260282,80976000
2013-12-11,144.77915954589844,146.5046536968381,144.60093891242195,146.48035200690782,130591000
2013-12-12,144.30120849609375,144.892570213903,144.00146705475353,144.7143495820731,115565000
2013-12-13,144.28500366210938,144.73055524295887,144.00957627066845,144.60093799016965,107808000
2013-12-16,145.1842498779297,145.6621997449308,144.92501528912436,144.96552223874838,96195000
2013-12-17,144.7224578857422,145.3381337046966,144.39842708912175,145.31383201299917,89886000
2013-12-18,147.19320678710938,147.21750847449832,143.64502445754158,144.94115977521253,234906000
2013-12-19,147.02310180664062,147.19321362626718,146.3912331832087,146.7719637569856,136531200
2013-12-20,147.87832641601562,148.22856245129285,147.07199186547496,147.16972637388204,197087000
2013-12-23,148.66842651367188,148.75802065033915,148.29376916258687,148.6032660117234,85598000
2013-12-24,148.99424743652344,149.05940795195988,148.66845728743883,148.6765976913318,45368800
2013-12-26,149.75161743164062,149.83307112306227,149.31179981099353,149.32808060680713,63365000
2013-12-27,149.7435302734375,150.01230020889273,149.58877566156806,149.9471521462988,61814000
2013-12-30,149.71908569335938,149.88198069411666,149.52360423559549,149.75980012247976,56857000
2013-12-31,150.42767333984375,150.42767333984375,149.808654988838,149.92269515083663,86119900
2014-01-02,148.9860382080078,149.92270620309975,148.62766175270946,149.84939288954016,119636900
2014-01-03,148.96165466308594,149.53994639731152,148.74989233561672,149.2385774977986,81390600
2014-01-06,148.53001403808594,149.50739703310418,148.30195842018497,149.45038934267848,108028200
2014-01-07,149.4421844482422,149.69467362095105,149.0105070055926,149.12453477481898,86144200
2014-01-08,149.47474670410156,149.72723583591792,148.96161561164072,149.41772661467581,96582300
2014-01-09,149.57249450683594,149.97159788397704,148.8883279415316,149.95530465296682,90683400
2014-01-10,149.979736328125,150.04489682322176,149.05936142351186,149.82498170578185,102026400
2014-01-13,147.98423767089844,150.0123036166887,147.6991620711795,149.59691946072888,149892000
2014-01-14,149.5968780517578,149.67833175144315,148.1959589281799,148.47288162216654,105016100
2014-01-15,150.40328979492188,150.63134533867608,149.62952902660626,149.9471787074135,98525800
2014-01-16,150.20777893066406,150.4032603991451,149.72723430225238,150.0937511810733,72290600
2014-01-17,149.57249450683594,150.23222743967182,149.31186495114116,149.9471642515086,107848700
2014-01-21,150.0122833251953,150.49284033641243,149.091921014551,150.43582025294424,88621200
2014-01-22,150.11001586914062,150.32993092585642,149.7923663108135,150.2647704487521,61270900
2014-01-23,148.88015747070312,149.37699531884618,148.09011606768124,149.35256168927293,132496900
2014-01-24,145.70362854003906,147.95976177804008,145.65476129189506,147.9108945298961,208677100
2014-01-27,144.9868927001953,146.2167765866111,144.26199943581602,145.84210692691246,180843100
2014-01-28,145.8502655029297,146.03759412611657,145.07649252610918,145.0927857540663,110463200
2014-01-29,144.44937133789062,145.42675390803726,144.06656119680173,144.63669999371277,216597300
2014-01-30,145.98057556152344,146.45297975246484,145.19052177661524,145.6547855675391,118938100
2014-01-31,145.12535095214844,146.02943241334532,144.09910135893472,144.17240223814483,194677900
2014-02-03,141.8592529296875,145.28009713734875,141.58233022773507,144.9543071854153,254837100
2014-02-04,142.85301208496094,143.2195291025169,141.81046871462084,142.49463547113828,165012400
2014-02-05,142.6737518310547,142.991401409833,141.4846072245886,142.35610225227637,164230500
2014-02-06,144.55526733398438,144.55526733398438,142.71452968482117,143.00774574140513,132877600
2014-02-07,146.34710693359375,146.50186154592444,144.75885880616022,145.23126304397763,170787200
2014-02-10,146.61585998535156,146.66473966480953,145.96428006299652,146.36337090122544,92218800
2014-02-11,148.22039794921875,148.59506758208758,146.64029057127263,146.73803750007195,117814100
2014-02-12,148.29367065429688,148.91267636947273,148.0004548043532,148.44027236522535,94717700
2014-02-13,149.059326171875,149.2140807576196,147.28374970575234,147.29189010517914,100542200
2014-02-14,149.8819580078125,150.15888070999375,148.78239516997107,148.9208565210617,96498400
2014-02-18,150.0612335205078,150.2648554661309,149.5806762834834,150.01235381395657,80460900
2014-02-19,149.06744384765625,150.63939810460792,148.94526331652114,149.67015639347335,126524300
2014-02-20,149.94715881347656,150.28924208372263,148.7254275219863,149.2711326741474,104998100
2014-02-21,149.776123046875,150.59061064024058,149.70282214621474,150.23223411066462,118116400
2014-02-24,150.60690307617188,151.61685973262823,150.02861141957644,150.09377191807272,114063900
2014-02-25,150.54983520507812,151.16070070302698,150.05299743628944,150.72902341205702,117085000
2014-02-26,150.5579833984375,151.16884887758494,150.13444651969675,150.76974562376287,98677200
2014-02-27,151.34800720214844,151.38872161691572,150.16699089979699,150.33803866855212,93880800
2014-02-28,151.73095703125,152.43141717596467,150.72099991196373,151.32371305009264,150842000
2014-03-03,150.6638946533203,151.04670477354136,149.66207850563842,150.39511228626557,167748500
2014-03-04,152.7815399169922,153.10732988855494,152.10551391931324,152.13808794523322,167545900
2014-03-05,152.91998291015625,153.1806247985752,152.67563424678582,152.91184251167664,88376900
2014-03-06,153.27024841308594,153.62048449299027,152.9444583914894,153.2946944713937,82516500
2014-03-07,153.3354034423828,153.90555460201134,152.65937736495687,153.90555460201134,114513500
2014-03-10,153.25393676757812,153.31094441724238,152.37428897259537,153.09918218863345,74939200
2014-03-11,152.49647521972656,153.70192554206673,152.1462515967855,153.48201046016672,99009100
2014-03-12,152.53724670410156,152.59426680531394,151.4132497656431,151.75534551672678,104824400
2014-03-13,150.82676696777344,153.11548694372624,150.40324247866621,152.99330637994862,155014300
2014-03-14,150.40328979492188,151.33180520251966,150.22410152081574,150.55804443420402,153919600
2014-03-17,151.76341247558594,152.12178885807504,151.0955269576582,151.16068742975523,98359500
2014-03-18,152.84671020507812,153.05033205739392,151.91004222757047,152.07294965189638,101804600
2014-03-19,152.0322265625,153.07476947793918,151.06298453296858,152.86299479230533,176267300
2014-03-20,152.91998291015625,153.0340106293172,151.4294697344948,151.69825202139336,117241000
2014-03-21,152.32691955566406,154.63391760004137,152.18784706463313,153.56223179984505,163128000
2014-03-24,151.69699096679688,153.03865788766242,151.03434631823689,152.85048997581717,121411000
2014-03-25,152.41685485839844,152.93225051103119,151.56605507404245,152.4659377809462,103852000
2014-03-26,151.32066345214844,153.25951424494946,151.2797568461221,153.01408709173504,119843000
2014-03-27,151.00157165527344,151.62330945916966,150.4452694240482,151.1406440923447,142383000
2014-03-28,151.74612426757812,152.50693498496332,151.3452593570414,151.43524892949054,101642000
2014-03-31,152.989501953125,153.2267527105872,151.7705678289185,152.71135708425345,99745000
2014-04-01,154.00401306152344,154.09400262557847,152.9814100531468,153.4886171507586,89193000
2014-04-02,154.5193634033203,154.72388394468092,153.9139781070333,154.20031185811547,78774000
2014-04-03,154.31484985351562,154.79751535708849,153.84036067810806,154.75660875037437,77435000
2014-04-04,152.49050903320312,155.19018264721154,152.24509437251942,155.15746485343476,169381000
2014-04-07,150.80526733398438,152.37598363484526,150.49440459137068,152.12238015418268,140803000
2014-04-08,151.42706298828125,151.672477731251,150.1917505282463,150.73986425912418,112660000
2014-04-09,153.05499267578125,153.10407560950767,151.39428684233843,151.8360582117633,100254000
2014-04-10,149.8399200439453,153.12042476259234,149.65175217371413,153.0468003696891,172959000
2014-04-11,148.49008178710938,150.05262163936868,148.32646785894886,149.0054775196104,167251000
2014-04-14,149.65988159179688,150.0116507624755,148.43275893195326,149.6516927849848,132382000
2014-04-15,150.69078063964844,150.79713534976,148.49013691253714,149.97087659189677,157093000
2014-04-16,152.26963806152344,152.27781438935122,151.0588674640738,151.72970083425076,105197000
2014-04-17,152.48228454589844,152.9076906282962,151.8032750722629,152.06506727156585,105255000
2014-04-21,153.01405334472656,153.06314875089637,152.33505626280422,152.52321162949568,68329000
2014-04-22,153.70947265625,154.12669010772686,153.0877346433335,153.1695353781427,85790000
2014-04-23,153.3494873046875,153.73398689071473,153.22677998273934,153.65218617039667,73869000
2014-04-24,153.66043090820312,154.1185550913592,152.9241491998899,154.10218994683285,88170000
2014-04-25,152.4005584716797,153.25137112278097,152.05696537590865,153.1613815632019,100380000
2014-04-28,152.88323974609375,153.54588447912388,151.31252306851772,153.0223122532652,135121000
2014-04-29,153.59494018554688,153.832178542073,153.04682658403647,153.37405448606097,84098000
2014-04-30,154.05300903320312,154.20844659999074,153.12857244100726,153.3412817357439,101508000
2014-05-01,154.0694580078125,154.48667553285486,153.57860358063016,153.97946844559397,93019000
2014-05-02,153.8485565185547,154.73208690727222,153.61949447143667,154.05307709512044,98122000
2014-05-05,154.14306640625,154.2494211004398,152.67051576069815,153.0959220545121,75883000
2014-05-06,152.8013458251953,153.90576145233732,152.76862803964545,153.79940680415535,85454000
2014-05-07,153.70130920410156,153.77493361648112,152.17148678796886,153.31680951774774,106500000
2014-05-08,153.53765869140625,154.65843977473543,153.04681686952523,153.56221264129664,93618000
2014-05-09,153.7667694091797,153.83220501448972,152.84233232660824,153.5622488144831,83679000
2014-05-12,155.2638397216797,155.3374766183252,153.7994778453293,154.45394620509006,86940000
2014-05-13,155.4029083251953,155.77921916641125,155.2474707018018,155.46834391962423,66454000
2014-05-14,154.66661071777344,155.3374440788146,154.44572503999854,155.26380719759425,72367000
2014-05-15,153.30859375,154.38846820681275,152.55595965113503,154.3557379295463,154956000
2014-05-16,153.8403778076172,153.9058258890584,152.75232685917896,153.3986063786252,97458000
2014-05-19,154.4048614501953,154.52756880492134,153.40680002193835,153.54587251827638,63839000
2014-05-20,153.4313201904297,154.34756826636007,153.03864422688005,154.33120312702025,111644000
2014-05-21,154.72389221191406,154.79751661483144,153.8485382563058,153.87307972394493,89093000
2014-05-22,155.1002197265625,155.41927132314513,154.50302314484532,154.7648029888116,61549000
2014-05-23,155.721923828125,155.8282660066465,155.1001734785772,155.23924592967566,61092800
2014-05-27,156.6791229248047,156.72820586469814,156.21281002992686,156.30279958071318,72010000
2014-05-28,156.56460571289062,156.9245639477839,156.3028133664424,156.6791367437252,66723000
2014-05-29,157.37442016601562,157.39896162579294,156.52362043354177,156.9244850814713,64377000
2014-05-30,157.6280975341797,157.72627590229587,157.09634901224538,157.22724518110314,76316000
2014-06-02,157.8080596923828,157.8816965812956,157.04724919815376,157.8489663011245,64656000
2014-06-03,157.7261962890625,157.8079969910999,157.2762487375687,157.42349749099972,65047000
2014-06-04,158.04531860351562,158.1353081541647,157.29268439942572,157.45629835980267,55529000
2014-06-05,159.0760955810547,159.23970953916114,157.64445160246956,158.22529550913413,92103000
2014-06-06,159.8369598388672,159.87785397673954,159.34610535491822,159.41972978262615,78696000
2014-06-09,160.00051879882812,160.38501843296527,159.6651020996117,159.81236338731753,65119000
2014-06-10,160.01681518554688,160.04953296712193,159.46051303526343,159.80410591502448,57129000
2014-06-11,159.46055603027344,159.6241699481405,159.1005979212009,159.4441908936042,68772000
2014-06-12,158.33160400390625,159.36239543809344,157.97983469302423,159.27240590785397,106350000
2014-06-13,158.8143310546875,158.96976869890383,158.13532120429014,158.6425282681994,82017000
2014-06-16,158.9451904296875,159.28060713874504,158.42980711495517,158.6179625319862,87424000
2014-06-17,159.3869171142578,159.50144809462137,158.55246998135732,158.72427269337297,84834000
2014-06-18,160.5568084716797,160.64679801321802,159.03517507663227,159.38695691462527,105267000
2014-06-19,160.73678588867188,160.8349642402966,160.18049598888746,160.69587928240688,85929000
2014-06-20,161.06314086914062,161.19466425409928,160.86585579170264,161.13711806964474,100587000
2014-06-23,161.01376342773438,161.15350226924647,160.71784219195706,161.10418415374286,70611000
2014-06-24,160.04380798339844,161.52341428694473,159.8629665161452,160.72607123844358,96237000
2014-06-25,160.76722717285156,160.93162514049092,159.67396250104642,159.7068370774699,82782000
2014-06-26,160.652099609375,160.80828202219487,159.5752788170997,160.79183846748825,84312000
2014-06-27,160.96449279785156,161.01381092790436,160.20002415375518,160.27400134883436,71445100
2014-06-30,160.8822479248047,161.25214635184827,160.72606552293473,160.86580437125093,70201200
2014-07-01,161.95909118652344,162.4522975197408,161.21929422945547,161.27682786076792,90470000
2014-07-02,162.12350463867188,162.32900520672774,161.9015730559582,161.97555025019608,52475000
2014-07-03,162.92083740234375,162.99481459183943,162.46051816624816,162.5838134820743,52938800
2014-07-07,162.35369873046875,162.7400408838343,162.11532353974374,162.6085300248629,61696000
2014-07-08,161.30972290039062,162.11528157766247,160.91515279732144,162.0577354007637,108143000
2014-07-09,162.0331268310547,162.1810938015058,161.3673068209312,161.71254636163366,72992000
2014-07-10,161.39195251464844,161.81939728603368,160.33979041797826,160.47131381575244,99040000
2014-07-11,161.61386108398438,161.72894089599924,160.93159771891087,161.29328071174587,64243000
2014-07-14,162.4276123046875,162.64132832520005,162.29608896463853,162.43582780990704,58658000
2014-07-15,162.12350463867188,162.83865514458265,161.40836667552037,162.52629026745473,111307000
2014-07-16,162.72357177734375,162.97016241942245,162.27968353608406,162.8468670983831,79986400
2014-07-17,160.8740234375,162.8386077951514,160.6438513288672,162.2221062702471,145398000
2014-07-18,162.51805114746094,162.682449069468,161.30970697943505,161.40012771795253,124330000
2014-07-21,162.21388244628906,162.34540578528794,161.4658575663334,162.0083819326368,67592000
2014-07-22,162.92083740234375,163.21675870308496,162.64957516476775,162.76465497379164,67678000
2014-07-23,163.2825164794922,163.45514246027747,162.83864081037865,163.1674366732214,65612000
2014-07-24,163.29078674316406,163.62781076838658,163.12638875661435,163.4387537109925,56888000
2014-07-25,162.5263214111328,162.97019720437595,162.20574096524564,162.83045829645198,76837000
2014-07-28,162.5919952392578,162.83037029623893,161.6220263741424,162.55910813589531,69259000
2014-07-29,161.89334106445312,163.12634444277,161.8686820003075,162.89618481557156,80466000
2014-07-30,161.91799926757812,162.68246788030407,161.24396394658385,162.46873926849995,104222000
2014-07-31,158.72042846679688,160.93161676331323,158.6217921998999,160.79187787095572,183479000
2014-08-01,158.23544311523438,159.27116150023147,157.47098699499452,158.28476124650663,189261000
2014-08-04,159.37808227539062,159.71510634882702,157.86560051434108,158.53963611844972,91340000
2014-08-05,157.83262634277344,159.13961927751095,157.2572273534825,158.72861820762353,152690000
2014-08-06,157.88198852539062,158.55602389233132,157.06820172916295,157.09286079485835,94818000
2014-08-07,157.02708435058594,158.75329404362202,156.63252679377374,158.59711161372007,135733000
2014-08-08,158.8437042236328,158.95055597691146,156.9613122259156,157.3805413609767,117014000
2014-08-11,159.3040771484375,160.0109997563931,159.23009993827938,159.44381605965685,74544000
2014-08-12,159.08206176757812,159.59169904422845,158.59708354994277,159.1478234392034,73632000
2014-08-13,160.15887451171875,160.33971596399383,159.43552124537413,159.70677088103102,69047000
2014-08-14,160.91514587402344,160.91514587402344,160.27398516257006,160.42195208054446,57371000
2014-08-15,160.8822479248047,161.64670383784434,159.72322198301265,161.49874948412943,139951000
2014-08-18,162.2303466796875,162.30432386377115,161.67960673802452,161.77002747726814,75424000
2014-08-19,163.0769805908203,163.2002758769788,162.29608117872064,162.62487697031352,59135000
2014-08-20,163.51268005371094,163.70996510185142,162.8222011993569,162.8550757693344,72763000
2014-08-21,163.98947143554688,164.20318753455524,163.52092406806304,163.65244745641928,67791000
2014-08-22,163.73460388183594,164.1456049408123,163.36470543730863,163.85789918242608,76107000
2014-08-25,164.56483459472656,164.88541494451613,163.70172979367527,164.51551647056783,63855000
2014-08-26,164.67172241210938,165.07450805486482,164.63061978852048,164.67172241210938,47298000
2014-08-27,164.60589599609375,164.8689426494188,164.35107738990686,164.753850331523,47874000
2014-08-28,164.5155029296875,164.6223672184076,163.8990013429305,164.0633992575143,58330000
2014-08-29,164.98410034179688,165.00053135832349,164.25251873801952,164.77037169934368,65907000
2014-09-02,164.9019012451172,165.22248167800586,164.2853994478112,165.1978226095345,72426000
2014-09-03,164.8114471435547,165.55947218324636,164.5812875225355,165.53481311976276,57462000
2014-09-04,164.57310485839844,165.69924412474697,164.121001033045,165.0909578376568,85236000
2014-09-05,165.31288146972656,165.37864315822722,163.9154800816765,164.54019730829336,102177000
2014-09-08,164.88543701171875,165.3950869626689,164.4004586689078,165.1566992736536,64146000
2014-09-09,163.8414764404297,164.85253558457077,163.5044525447968,164.73745578395923,88591000
2014-09-10,164.45799255371094,164.56484431478006,163.389387143709,163.93189908425634,67251000
2014-09-11,164.6470184326172,164.67167749149186,163.67704946010736,163.80035729723696,66774400
2014-09-12,163.6852569580078,164.49903088421726,163.21670981270142,164.48259987553453,117409300
2014-09-15,163.56199645996094,163.84148674424367,163.06880265893406,163.70996338019984,76401000
2014-09-16,164.79507446289062,165.09099589472365,163.167512859191,163.25793364510565,116201000
2014-09-17,165.01693725585938,165.7813932609792,164.194935077748,165.0333808113938,151266000
2014-09-18,165.89649963378906,165.92115869779673,165.30465701208695,165.51837308107312,94990000
2014-09-19,165.74700927734375,166.73802028051966,165.4084099658305,166.42420790037025,121649000
2014-09-22,164.4669647216797,165.48276276182855,164.12011146457638,165.45798842927758,125553000
2014-09-23,163.5255126953125,164.5578186219817,163.4759640270549,163.87236597450647,111393000
2014-09-24,164.80560302734375,164.9129668947046,163.120885008673,163.55031527533066,107276000
2014-09-25,162.1463623046875,164.3844072199916,162.0885597223747,164.3761407072388,150300000
2014-09-26,163.43466186523438,163.83933030665568,162.21241523182184,162.44365074080827,103547000
2014-09-29,163.13731384277344,163.42636445276008,161.90681362636502,162.030685258424,95112000
2014-09-30,162.70794677734375,163.7650271181242,162.36934738344286,163.2612612837373,131302000
2014-10-01,160.50286865234375,162.50141064385912,160.13949508999806,162.44359548558327,177798000
2014-10-02,160.52761840820312,161.0891864812361,158.85115549418813,160.36243946777327,157285000
2014-10-03,162.29501342773438,162.64186670977531,161.10579497422782,161.6012942622617,121569000
2014-10-06,162.1050262451172,163.18689322462095,161.51868365305506,162.9721655700166,104778000
2014-10-07,159.60272216796875,161.6343054197772,159.5696939287228,161.27093178112946,147913000
2014-10-08,162.39407348632812,162.625308954607,158.85945978390802,159.69355825152905,186461000
2014-10-09,159.17323303222656,162.3609924965056,159.0410949214603,162.1380110097605,210705000
2014-10-10,157.35643005371094,159.92480735377143,157.3151479033751,159.1320035667664,221909000
2014-10-13,154.77157592773438,157.8602273935984,154.68073249630356,157.29040507068686,230939000
2014-10-14,155.01104736328125,156.76184669276535,154.46598683802515,155.60565655421698,215847000
2014-10-15,153.96218872070312,155.00276088691277,150.23763445009078,152.91337524713177,380715000
2014-10-16,153.830078125,154.9119325414914,151.03871932723357,151.17911139793816,270391000
2014-10-17,155.64695739746094,156.70403764460713,154.94498433583533,155.60566264064934,214625000
2014-10-20,157.15823364257812,157.28210529497238,155.31660366911345,155.36615233007115,130011000
2014-10-21,160.27166748046875,160.3790187094641,158.1327203906172,158.29788679024654,154949000
2014-10-22,159.13198852539062,160.9653644364564,159.06591944915365,160.55244216101616,151822000
2014-10-23,160.98191833496094,162.0307447431905,160.42860383965325,160.72590846712814,154944000
2014-10-24,162.2206573486328,162.27021861243253,160.61852932467303,161.24616671752153,117927000
2014-10-27,161.99771118164062,162.2372006174814,161.06450257018983,161.64259138203903,82954000
2014-10-28,163.8558349609375,163.86408887068197,162.46840943914367,162.54274503239952,106736000
2014-10-29,163.60809326171875,164.4421918683471,162.52623872596226,163.97146694425467,142557000
2014-10-30,164.65695190429688,165.12767692087237,163.02177001162195,163.17042863886172,113330000
2014-10-31,166.53985595703125,166.67199414187897,165.80485463072836,166.6389532949716,146903000
2014-11-03,166.6306610107422,167.19222926493566,166.25076696713816,166.75453265464134,93600000
2014-11-04,166.05258178710938,166.4902784223134,165.21847066609175,166.18470734765853,93343000
2014-11-05,167.1013946533203,167.3078558049434,166.3663934575977,167.26656105434105,91709000
2014-11-06,167.77037048339844,167.86121391783874,166.52334933916524,167.14273295542398,107089000
2014-11-07,167.92723083496094,168.14195848676485,167.3243678308558,167.7868387710673,89540000
2014-11-10,168.4557647705078,168.5053134264004,167.75380447638366,167.96026561019445,66319000
2014-11-11,168.62095642089844,168.72832025900985,168.18325975975273,168.52185909426603,54499400
2014-11-12,168.43930053710938,168.6705360586995,167.90249388946802,167.93553473620423,90120300
2014-11-13,168.6292266845703,169.1577667740195,167.81990242915523,168.60445235236094,85357900
2014-11-14,168.67054748535156,168.87700868657177,168.2411046584239,168.55492971672393,80417500
2014-11-17,168.77789306640625,168.9513260142124,168.18328381877265,168.3484628553085,80441000
2014-11-18,169.7523193359375,170.05787773220635,168.83563154574546,168.83563154574546,76068100
2014-11-19,169.4798126220703,169.7523428245818,168.7200371793355,169.5541356041951,82373000
2014-11-20,169.77708435058594,169.8844481493925,168.62089469045654,168.68696375115405,72840300
2014-11-21,170.6855010986328,171.64348355150614,170.10741258444529,171.4783172047932,142327300
2014-11-24,171.16461181640625,171.27197568734422,170.87557365822497,171.09028879870763,65880800
2014-11-25,171.0406951904297,171.60226353405034,170.7846853513444,171.3958023604151,79108300
2014-11-26,171.4783935546875,171.57749088656095,170.97462778201393,171.1893428682031,62167800
2014-11-28,171.114990234375,171.66830457715832,170.87550085669395,171.354492213444,57890100
2014-12-01,169.92579650878906,170.56995434989702,169.6119840999094,170.45433659896455,103968400
2014-12-02,171.02415466308594,171.23061581245025,169.9423002566391,169.96707458645176,74507200
2014-12-03,171.68484497070312,171.89956004468655,171.03243323730658,171.19759964816993,68952000
2014-12-04,171.4949188232422,171.99868461015117,170.70210234168079,171.39580888717796,91316600
2014-12-05,171.7757110595703,172.16385910709505,171.40408343572926,171.66834720771294,91025500
2014-12-08,170.6277618408203,171.87478271266693,170.06618093202127,171.3792834887269,108588200
2014-12-09,170.5121307373047,170.619494564706,168.39797063744825,168.77785208590373,125180100
2014-12-10,167.7786102294922,170.10748570235788,167.58865687780872,170.04968312678588,159856400
2014-12-11,168.6292266845703,170.28091603927277,168.23282476783083,168.37321685081378,159012800
2014-12-12,165.90396118164062,168.32369299564698,165.87093293429,167.34918958001768,202330200
2014-12-15,164.76431274414062,167.25836788993107,164.16144949084125,166.80415067111923,189965800
2014-12-16,163.44293212890625,167.1509668697338,163.40163737248432,163.99624658106694,259543800
2014-12-17,166.64720153808594,167.10141865718202,163.75674500015322,163.88062926975604,253910100
2014-12-18,170.76815795898438,175.8801384257644,168.40624172494577,169.08344039549596,257633900
2014-12-19,171.49476623535156,172.1673903835623,170.73909675017728,171.4200203637086,245084600
2014-12-22,172.28363037109375,172.28363037109375,171.44492829720957,171.68573947870206,148318900
2014-12-23,172.51614379882812,172.91473350739588,172.22549781430553,172.8649113776922,122167900
2014-12-24,172.53277587890625,173.00609883821357,172.49125320891162,172.7403765579396,42963400
2014-12-26,173.089111328125,173.42957941814885,172.9313328146536,172.98115494081563,57326700
2014-12-29,173.32164001464844,173.52924067462467,172.8400049629909,172.90643869469594,79643900
2014-12-30,172.39161682128906,173.03101781887543,172.31687094350457,172.89816300813283,73540800
2014-12-31,170.68092346191406,172.88149767899571,170.5563681558819,172.71541971397397,130333800
2015-01-02,170.589599609375,171.79369351311453,169.5515963619706,171.37849221415277,121465900
2015-01-05,167.5088653564453,169.70942785949592,167.20162035400406,169.54334982225583,169632600
2015-01-06,165.93104553222656,168.33920788655956,165.13385349984176,167.81605021934024,209151400
2015-01-07,167.99876403808594,168.33923217765732,166.81129428862295,167.25970616027502,125346700
2015-01-08,170.97988891601562,171.19580169970416,169.3938295925036,169.41042852129658,147217800
2015-01-09,169.60972595214844,171.41169801947515,168.99522348508043,171.39508642011177,158567300
2015-01-12,168.2810821533203,169.90037736326255,167.67489180198814,169.74259884160148,144396100
2015-01-13,167.8077850341797,170.63114924503202,166.5040466673083,169.50180102650307,214553300
2015-01-14,166.79469299316406,166.99399421006802,164.89307631509837,165.78990011381592,192991100
2015-01-15,165.26670837402344,167.74960372874938,165.1504525313701,167.4340593963683,176613900
2015-01-16,167.43409729003906,167.5918758274063,164.8764555018834,165.0591451061045,211879600
2015-01-20,167.79116821289062,168.33923703813153,166.2217076103842,168.07350209100636,130991100
2015-01-21,168.63818359375,169.11981868528147,166.8611223040703,167.3261457935656,122942700
2015-01-22,171.14598083496094,171.27883562097546,168.01535948680703,169.39383084307977,174356000
2015-01-23,170.2075958251953,171.14595467394776,170.07472838855253,170.8885192638513,117516800
2015-01-26,170.60623168945312,170.6975764930276,169.27759497584347,169.99174180262426,92009700
2015-01-27,168.3558349609375,169.50178198222102,167.52543232505212,168.5468240193283,134044600
2015-01-28,166.19671630859375,169.64288079545184,166.0057273268881,169.54323657385476,168514300
2015-01-29,167.73301696777344,167.9904397329673,164.98437386186288,166.39606834482106,173585400
2015-01-30,165.62376403808594,167.88245968739167,165.35804184631002,166.5538233866408,197729700
2015-02-02,167.67489624023438,167.7662410356698,164.30346361569946,166.12204738877088,163107000
2015-02-03,170.0996856689453,170.10799780532918,168.1980690651613,168.57174774518685,124212900
2015-02-04,169.45196533203125,170.54810292890306,168.99524133333466,169.33570946608478,134306700
2015-02-05,171.16259765625,171.31207672868194,170.04156163223797,170.1162948329842,97953200
2015-02-06,170.6892547607422,172.09263716397587,170.1660970747955,171.52795681437757,125672000
2015-02-09,169.92530822753906,170.76401039138108,169.5184063437866,170.04156409847695,87219000
2015-02-10,171.73556518554688,171.99298797245132,169.9668035361293,170.9632968248335,96164200
2015-02-11,171.83523559570312,172.2670485751251,170.92180016997025,171.569513303633,91087800
2015-02-12,173.48768615722656,173.54582041339742,171.86840384088927,172.6323726088295,97545900
2015-02-13,174.2018585205078,174.2516806497601,173.35484431040433,173.61227976310488,93670400
2015-02-17,174.4759063720703,174.65029650885467,173.63720423271897,173.886314898212,76968200
2015-02-18,174.4924774169922,174.56721059927023,173.83645236116595,174.10218723718071,80652900
2015-02-19,174.3679656982422,174.73334493517586,173.75347577334497,173.8946427201711,91462500
2015-02-20,175.41421508789062,175.48894826608296,173.32989686477688,173.95269869158415,140896400
2015-02-23,175.38931274414062,175.38931274414062,174.78310981285046,175.16510052748623,74411100
2015-02-24,175.88758850097656,176.08688970444283,175.01566315835314,175.3146086280829,72472300
2015-02-25,175.73809814453125,176.24464421388257,175.39763005329206,175.7630092077012,73061700
2015-02-26,175.530517578125,175.8045519752709,174.92431451583,175.64677344319244,72697900
2015-02-27,174.93260192871094,175.69657074417432,174.88277980371464,175.43083584961113,108076000
2015-03-02,176.0370635986328,176.0951851956618,174.9824486776999,175.03227080970728,87491400
2015-03-03,175.31460571289062,176.0868867764088,174.45099252077577,175.60525171257856,110325800
2015-03-04,174.57553100585938,174.79144378625784,173.60396150687967,174.71669792407647,114497200
2015-03-05,174.7665252685547,175.04885909294708,174.25997920905664,174.89938004589757,76873000
2015-03-06,172.30853271484375,174.33471700640686,171.9763767562986,173.9029041235481,188128000
2015-03-09,173.02267456054688,173.37974157238781,172.35005052731177,172.50782903800885,89818900
2015-03-10,170.2158966064453,171.735534663607,170.17437394830588,171.65250201826444,157121300
2015-03-11,169.81729125976562,170.64769366201386,169.73424595116677,170.4733035823303,110145700
2015-03-12,171.97640991210938,172.0428309798738,170.39863712749272,170.44845926378608,93993500
2015-03-13,170.9217987060547,172.66563686984932,169.88379527369824,171.70237931453718,162410900
2015-03-16,173.2053985595703,173.29674336439572,170.94670217746943,171.65254954847836,136099200
2015-03-17,172.6905517578125,173.07252990561386,171.87674798548153,172.46633948005277,94510400
2015-03-18,174.7665252685547,175.4391493029343,171.57776986451694,172.21718337229515,228808500
2015-03-19,173.96937561035156,174.77486728914394,173.57908530533092,174.35136644943532,117917300
2015-03-20,175.5049285888672,176.01373573536978,174.73754961385455,174.92105466521593,177715100
2015-03-23,175.16299438476562,176.0888564356137,175.16299438476562,175.51331884623505,71784500
2015-03-24,174.17872619628906,175.49660781161333,174.1119959188361,175.0378578363101,77805300
2015-03-25,171.62637329101562,174.6208361937173,171.58467799627863,174.3872865421837,159521700
2015-03-26,171.21766662597656,172.13517947161392,170.25843303087674,170.95909470831967,153067200
2015-03-27,171.6096649169922,171.78482075581417,170.90900337920792,171.10085769648754,118939000
2015-03-30,173.7032928466797,174.00357275757946,172.6272972569972,172.64397028218596,96180400
2015-03-31,172.18521118164062,173.57818519187686,172.12683013724472,172.87752356662315,126768700
2015-04-01,171.57626342773438,172.1768230823013,170.58367142289472,172.15180082398572,137303600
2015-04-02,172.19358825683594,172.64400184177182,171.32610714343738,171.50961227406006,86900900
2015-04-06,173.3529510498047,173.87009478388543,171.16758858385168,171.30103640950233,114368200
2015-04-07,172.89418029785156,174.12865853822265,172.86082152486782,173.3779652348547,81236300
2015-04-08,173.47804260253906,173.92011949792763,172.72734934970873,173.1193817252416,89351900
2015-04-09,174.24542236328125,174.4789719419565,172.81910263119292,173.31122404858024,85548900
2015-04-10,175.19631958007812,175.23802759243654,174.29549269612804,174.49567079145098,72722900
2015-04-13,174.4039764404297,175.68851237562853,174.35393189990293,175.05458092228267,74436600
2015-04-14,174.73751831054688,174.9210233290343,173.5781071814643,174.20368900062746,75099900
2015-04-15,175.52163696289062,176.03044421187548,175.12126800995975,175.2046840419243,99529300
2015-04-16,175.47157287597656,175.98038006824783,174.9877879450057,175.18797876290685,68934900
2015-04-17,173.45298767089844,174.52064631837322,172.66892306751961,174.27876027546668,191113200
2015-04-20,175.03781127929688,175.37144985032063,174.2954546403977,174.37885791940582,92189500
2015-04-21,174.82931518554688,175.88028832654422,174.52903532704792,175.72180552240619,72559800
2015-04-22,175.68846130371094,175.8719663839666,174.24544292465518,175.17130483776364,78264600
2015-04-23,176.13050842285156,176.781112605387,175.17127516988498,175.28804995322474,102585900
2015-04-24,176.53924560546875,176.80616671690254,176.08883213929815,176.547594844888,61327400
2015-04-27,175.80523681640625,177.23155672256055,175.61338249604708,177.10644540710808,79358100
2015-04-28,176.3640899658203,176.414134492397,174.6041186587111,175.7802159432602,86863500
2015-04-29,175.6384735107422,176.23902074397202,174.8293861394076,175.47164140025842,125684900
2015-04-30,173.87843322753906,175.4548993221802,173.1777717307556,175.06286692633046,161304900
2015-05-01,175.76351928710938,175.80522729916868,174.56239981379227,174.66248886073592,103399700
2015-05-04,176.26402282714844,176.84789692230024,176.08051772188637,176.1889433004498,70927200
2015-05-05,174.24542236328125,176.38075279723677,174.1036253139068,176.02207919087996,113326200
2015-05-06,173.52809143066406,175.10455748274538,172.4604325555771,174.79594111764146,135060200
2015-05-07,174.22042846679688,174.64583241167458,173.09438839932545,173.42802707246523,88244900
2015-05-08,176.5142059326172,176.7143967464477,175.81355717545713,175.89697319642767,155877300
2015-05-11,175.67178344726562,176.73944247446167,175.5967166549236,176.47253408141242,75708100
2015-05-12,175.14630126953125,175.6884800563391,174.0119118920952,174.837684841387,119727600
2015-05-13,175.17967224121094,176.1806010470727,174.94612261075986,175.55501895247156,94667900
2015-05-14,177.00634765625,177.09810019223923,175.92200297478595,176.19726058275364,95934000
2015-05-15,177.19821166992188,177.34000874758186,176.71442666687605,177.19821166992188,76510100
2015-05-18,177.7487335205078,177.99895618003185,176.96466858066458,177.0313988657045,74549700
2015-05-19,177.6902618408203,178.14068788547732,177.40666779936657,177.8654303531858,72114600
2015-05-20,177.56521606445312,178.3159094457968,177.24825041444154,177.79041644235647,76857500
2015-05-21,178.08229064941406,178.29081792183726,177.2565180687201,177.4233500686544,64764600
2015-05-22,177.65696716308594,178.1157171548957,177.5902368832319,177.69866245143265,57433500
2015-05-26,175.74681091308594,177.59019789782366,175.32975630117662,177.16479404807828,124308600
2015-05-27,177.41506958007812,177.64861919749248,175.79689528263626,176.20561347686115,93214000
2015-05-28,177.21487426757812,177.3232998260336,176.52256199475443,177.10643598162432,74974600
2015-05-29,176.11383056640625,177.18982592343252,175.84692221859632,177.148130641976,124919600
2015-06-01,176.4725799560547,177.11483520526997,175.68016562812193,176.781196445353,93338800
2015-06-02,176.29736328125,176.98967561050338,175.38818708991096,176.0137691398689,91531000
2015-06-03,176.76449584960938,177.39007801756276,176.2723742654198,176.83122614149127,87820900
2015-06-04,175.27137756347656,176.71438297583452,174.95441198148583,176.05544228050823,151882800
2015-06-05,174.97109985351562,175.64672630543546,174.31214642269472,175.12123340838804,121704700
2015-06-08,173.8951416015625,175.01285798264342,173.82007480262817,174.86271165727408,89063300
2015-06-09,173.87010192871094,174.41228067534843,173.23618336644952,173.87010192871094,105034700
2015-06-10,175.95533752441406,176.33903336595446,174.5790624015452,174.63744342868372,134551300
2015-06-11,176.52255249023438,176.90623563487662,176.16387887850604,176.39742846067895,73876400
2015-06-12,175.1713104248047,176.39745226039358,174.89605279564194,175.69680341934261,135382400
2015-06-15,174.42059326171875,174.70418736428965,173.3195628952703,174.02856087919523,124384200
2015-06-16,175.3715362548828,175.45495230248517,174.09534963707833,174.27050551854063,85308200
2015-06-17,175.65512084960938,176.26402996331325,174.62916970319918,175.65512084960938,126708600
2015-06-18,177.4817657470703,177.948864892119,175.68843594500905,176.25562412756898,165867900
2015-06-19,176.69393920898438,177.31418723866855,176.31676671082127,177.238755296918,130478700
2015-06-22,177.59915161132812,178.18586577668012,177.38960992445885,177.61591852731235,70696000
2015-06-23,177.72482299804688,178.06009727917098,177.33089650051096,177.80864476567942,68476800
2015-06-24,176.43409729003906,177.83383419936868,176.40895331120274,177.45666172741434,92307300
2015-06-25,175.89761352539062,177.06266439134802,175.82218161356872,176.9369445383115,97107400
2015-06-26,175.86415100097656,176.50115311728848,175.3109578847689,176.25807760134447,104174800
2015-06-29,172.17617797851562,175.87249567972003,172.10074605548868,174.38056018484332,202621300
2015-06-30,172.53659057617188,173.76869643598607,172.05882950059197,173.71839569955134,182925100
2015-07-01,173.91961669921875,174.36384409462292,173.13173783509487,174.11239148850092,135979900
2015-07-02,173.76031494140625,174.56496050077095,173.3412316434763,174.39732973948043,104373700
2015-07-06,173.2657928466797,174.04528161099526,172.26837259086415,172.46953717007793,117975400
2015-07-07,174.35543823242188,174.48115812001242,171.07820340886838,173.4669835883587,173820200
2015-07-08,171.43026733398438,173.29937585599725,171.19558163567834,173.01440219225583,164020100
2015-07-09,171.74034118652344,173.7938597071695,171.6313882190003,173.53401730299444,144113100
2015-07-10,173.9027557373047,174.32183892440304,171.78219583373925,173.74350207990267,129456900
2015-07-13,175.82215881347656,175.9311117421778,175.12647920827604,175.16839008365508,106069400
2015-07-14,176.58494567871094,176.8950760395133,175.72163504260712,175.78031284768613,81709600
2015-07-15,176.52633666992188,177.08790697520993,176.04857538352638,176.62691260835786,97914100
2015-07-16,177.94276428222656,177.94276428222656,177.33928333235934,177.58234600883597,106683300
2015-07-17,178.09364318847656,178.1523209918966,177.5236960150652,177.934389481374,89030000
2015-07-20,178.18582153320312,178.6803367219683,177.86732694504246,178.31993124895834,70446800
2015-07-21,177.48175048828125,178.31153989994488,177.18001004671316,178.05169755046245,77965000
2015-07-22,177.1632843017578,177.498558642185,176.76096788265355,176.79448892199207,88667900
2015-07-23,176.1658477783203,177.39795368898996,175.80544228347227,177.29737779078255,90509100
2015-07-24,174.33868408203125,176.32513518785484,174.00342249763736,176.26647016582027,117755000
2015-07-27,173.32444763183594,173.96146236706775,172.88022040300638,173.4501802824556,132361100
2015-07-28,175.4534454345703,175.5959322458163,173.3328846029168,174.16266149131457,123544800
2015-07-29,176.66038513183594,176.88668091477373,175.43665621814563,175.57914301127943,105791300
2015-07-30,176.7022705078125,176.8699012526245,175.5288297153165,176.1490775394675,91304400
2015-07-31,176.43409729003906,177.23035312847801,176.14912367028774,177.2052091496417,103266900
2015-08-03,175.8389434814453,176.4591912923643,174.8834341880546,176.40052628816434,113965700
2015-08-04,175.49533081054688,176.22453167659822,175.0091926367101,175.76353747818337,81820800
2015-08-05,176.0736541748047,177.11297251676348,175.78866782643556,176.3921487685953,85786800
2015-08-06,174.63211059570312,176.3671097447924,174.0453834271141,176.2581439352977,116030800
2015-08-07,174.29669189453125,174.62357626314957,173.39147069157195,174.4727124573582,117858000
2015-08-10,176.49276733398438,176.57657632994778,175.41152513396304,175.41152513396304,80270700
2015-08-11,174.90023803710938,175.5707739330726,174.13750329558363,175.15169059677163,126081400
2015-08-12,175.10972595214844,175.29412358666934,172.12585555994426,173.59264678673938,172123700
2015-08-13,174.8919219970703,175.63789008438948,174.3471057961392,174.9505870341292,89383300
2015-08-14,175.52886962890625,175.60430156281325,174.5565931827419,174.69907998770253,72786500
2015-08-17,176.509521484375,176.509521484375,174.47278255151284,174.9337767923074,79072600
2015-08-18,175.9982452392578,176.58495938855856,175.76355957953749,176.2329308989781,71692700
2015-08-19,174.60687255859375,176.0233633719876,173.79384993200853,175.2522516333577,172946000
2015-08-20,170.9608612060547,174.58173466533384,170.9021833986931,173.08979897658986,194327900
2015-08-21,165.8144989013672,170.93569730461894,165.55466930341385,169.083343503695,346588500
2015-08-24,158.83258056640625,165.5211468688544,152.88159222097818,157.1478701999416,507244300
2015-08-25,156.9635009765625,163.81969929482182,156.67013747937878,163.8029323777058,369833100
2015-08-26,162.98988342285156,163.26646714746195,157.8854390851159,160.9950428129455,339257000
2015-08-27,167.02146911621094,167.14718899583232,163.61851462077476,165.1355941854429,274143900
2015-08-28,167.02987670898438,167.49924806457554,165.88996936422998,166.37610763663804,160414400
2015-08-31,165.68040466308594,166.90413363260612,165.12721158962853,166.04920004539088,163298800
2015-09-01,160.73519897460938,163.24969856359996,159.86349862169178,161.8667161160114,256000400
2015-09-02,163.78616333007812,163.8280742243452,161.28004021005611,163.12400445312284,160269300
2015-09-03,163.9034881591797,165.99890474830394,163.40897291360426,164.49857930842256,152087800
2015-09-04,161.42251586914062,162.48699112083295,160.60111611376172,161.64044738851246,207081000
2015-09-08,165.47927856445312,165.63015525114525,163.5850260474863,164.23041811670262,116025700
2015-09-09,163.26646423339844,167.18909052015616,162.89768167736435,167.06337064757716,149347700
2015-09-10,164.15493774414062,165.30322192163933,162.81386603554935,163.0736956416046,158611100
2015-09-11,164.90093994140625,164.96799481977166,163.04858569611687,163.76103258801518,119691200
2015-09-14,164.28904724121094,165.1272139257954,163.80290902942292,165.0769259710257,79452000
2015-09-15,166.34259033203125,166.78681771708906,164.24717331216968,164.7919766215695,113806200
2015-09-16,167.78421020507812,167.976997761735,166.30066429841204,166.64431572785148,99581600
2015-09-17,167.4070281982422,170.05563798888642,167.02985574836006,167.6501036986477,276046600
2015-09-18,164.67137145996094,167.39272134263464,164.25854278174978,164.89043600520006,223657500
2015-09-21,165.52227783203125,166.55014532891687,164.46912278663117,165.5054237516538,105726200
2015-09-22,163.37387084960938,163.8372617311925,162.23645803625982,163.34859615205932,153890900
2015-09-23,163.1126708984375,164.01416500034912,162.53132721250788,163.54235356130408,92790600
2015-09-24,162.52288818359375,162.98627899390885,160.5513849425045,161.8909951302269,159378800
2015-09-25,162.48081970214844,164.29224184163175,161.60458721302194,163.98893257322655,155054800
2015-09-28,158.4029998779297,161.68885258680916,158.0912699794399,161.57932030640941,178515900
2015-09-29,158.49562072753906,159.86051843533195,157.49301504758208,158.62200704902003,159045600
2015-09-30,161.4529266357422,161.62142891507816,159.6077964656486,160.39133784971582,163452000
2015-10-01,161.87413024902344,162.1774393845503,159.92790198601577,161.83200148044287,131079000
2015-10-02,164.29222106933594,164.31749576718235,159.33817459704974,159.88582304748707,211003300
2015-10-05,167.21580505371094,167.44329022280354,165.41280349904986,165.52233577600205,126320800
2015-10-06,166.642822265625,167.64542791844002,165.97723393840553,167.080938360951,110274500
2015-10-07,168.00770568847656,168.36156420842036,166.3816277631326,167.57801024176987,124307300
2015-10-08,169.5242462158203,169.810701267626,167.31682476934785,167.62013389946418,153055200
2015-10-09,169.62539672851562,170.1056288317853,168.9935035859668,169.66752550919867,107069200
2015-10-12,169.78546142578125,169.98765898342893,169.27152120693071,169.70120387282964,56395600
2015-10-13,168.7154541015625,170.32467824732245,168.5469518496693,169.05245860534882,88038700
2015-10-14,167.9066162109375,169.23780578390608,167.61174050005084,168.65646211881062,99106200
2015-10-15,170.48480224609375,170.49322286121645,168.2015556695511,168.57226842936475,134142200
2015-10-16,171.25991821289062,171.27675944265718,170.1225052645193,170.889205463617,114580100
2015-10-19,171.34414672851562,171.34414672851562,170.29942492214371,170.611154770058,76523900
2015-10-20,171.12515258789062,171.74019187639556,170.65334092241264,170.9061008448912,78448500
2015-10-21,170.0634765625,171.69796234296302,169.89496147578146,171.5463141919917,102038000
2015-10-22,172.93649291992188,173.14712394587437,170.06349549641186,171.01553899170682,174911700
2015-10-23,174.8322296142578,175.20294239871714,173.81278231289642,174.6131779033963,144442300
2015-10-26,174.4025115966797,174.71424144071835,174.03179888706654,174.6552714310431,69033000
2015-10-27,174.06549072265625,174.40249523292104,173.38303537713833,173.72847335649345,77905800
2015-10-28,176.04544067382812,176.07071537302951,173.7369324407698,174.4025209462392,135906700
2015-10-29,175.9443359375,176.3150486544722,175.4219750304389,175.53992790803008,90525500
2015-10-30,175.18601989746094,176.4582394432896,175.0259511265928,176.13807618975972,131076900
2015-11-02,177.2586669921875,177.45244395970374,175.38826222844173,175.51464857274294,86270800
2015-11-03,177.7726287841797,178.3286979122383,176.6773446138553,176.9048297764067,95246100
2015-11-04,177.2333984375,178.19387555034388,176.6941834417964,178.06750205756163,96224500
2015-11-05,177.05650329589844,177.75580011342834,176.16342945969723,177.29240910712508,78408700
2015-11-06,176.96380615234375,177.19972479422006,175.63262901258435,176.71105913587115,110471500
2015-11-09,175.3125,176.50046263378664,174.36044319841022,176.34880153828655,131008700
2015-11-10,175.71681213378906,175.7505202947695,174.5625583101937,174.83215931855398,75874600
2015-11-11,175.0259552001953,176.0369815145771,174.9585517317836,175.98643212724258,67846000
2015-11-12,172.5826873779297,174.4530924916812,172.56584614692403,173.9812809054919,121315200
2015-11-13,170.64486694335938,172.43944782548056,170.56062222646628,172.16984673316176,153577100
2015-11-16,173.23983764648438,173.29882051668048,170.34155207793796,170.45951781833017,117645200
2015-11-17,173.11346435546875,174.43622078629778,172.61637811707632,173.55158057949438,121123700
2015-11-18,175.86007690429688,176.00330447904054,173.5515687684409,173.59368469473657,121342500
2015-11-19,175.70846557617188,176.1297277746974,175.4135768948432,175.74216089545703,88220500
2015-11-20,176.34873962402344,177.031182174416,175.9696063022386,176.46669249870982,94011500
2015-11-23,176.14654541015625,176.91323268232725,175.68315451649283,176.4077258622485,64931200
2015-11-24,176.3824462890625,176.7868543051281,174.74794728526123,175.13550121768685,98874400
2015-11-25,176.35714721679688,176.71100578893396,176.0959539521244,176.50879538089964,51980100
2015-11-27,176.55938720703125,176.7615976636692,175.96962277837937,176.4498549360315,37317800
2015-11-30,175.82640075683594,176.83742736022032,175.71686848236988,176.71947447075715,112822700
2015-12-01,177.50299072265625,177.6209564512809,176.18023442536762,176.45826895162804,97858400
2015-12-02,175.69158935546875,177.77262538249414,175.43882949701498,177.45246203805934,108441300
2015-12-03,173.2313995361328,176.21392951757784,172.50682821717515,175.94432846135348,166224200
2015-12-04,176.60987854003906,176.9047670853594,173.23136189422672,173.23136189422672,192913900
2015-12-07,175.5399169921875,176.70259161160075,174.57100647746134,176.28132952412815,102027100
2015-12-08,174.36041259765625,175.48939214730268,173.3746606455708,173.97285859387978,103372400
2015-12-09,173.00387573242188,175.81790281770702,172.0265448032906,173.7200262775034,162401500
2015-12-10,173.45046997070312,174.76480579481006,172.83543084396598,173.07133661465696,116128900
2015-12-11,170.08872985839844,171.9928292533723,169.77698727190102,171.32724102578635,211173300
2015-12-14,170.9481201171875,171.07450643490935,168.46267680608162,170.24883648722493,182385200
2015-12-15,172.74278259277344,173.65271051850348,170.92292674131338,172.46474798858628,154069600
2015-12-16,175.2703094482422,175.57361867646947,172.54895986402724,173.87171618164413,197017000
2015-12-17,172.59957885742188,175.6495135973953,172.58272476686335,175.5821100910655,173092500
2015-12-18,169.52464294433594,171.9909699841707,169.3636085710236,171.85537366195902,251393500
2015-12-21,170.923095703125,171.101084486675,169.58398325887222,170.70274033853093,99094300
2015-12-22,172.47412109375,172.77076480422323,170.82142325697572,171.81304195904028,111026200
2015-12-23,174.60989379882812,174.652273312351,173.3894362308753,173.48266598766094,110987200
2015-12-24,174.3217010498047,174.87260879815253,174.10134570991175,174.35560982973305,48539600
2015-12-28,173.92337036132812,173.9657369377406,172.84699291279716,173.62672673197844,65899900
2015-12-29,175.77944946289062,176.10998890368484,174.99124500115403,175.02514084505722,92640700
2015-12-30,174.53355407714844,175.61841498756235,174.38947411955164,175.5336559854899,63317700
2015-12-31,172.7876739501953,174.49970538183072,172.7876739501953,173.8555807622386,114877900
2016-01-04,170.37216186523438,170.38063259302376,168.31263696043297,169.92296757662837,222353500
2016-01-05,170.66033935546875,171.11800441894593,169.55006607762417,170.69423520252218,110845800
2016-01-06,168.507568359375,169.55850755808032,167.47357061506895,168.10074067044914,152112600
2016-01-07,164.46481323242188,167.3379676138101,164.07493991579202,165.54966124512012,213436100
2016-01-08,162.65953063964844,165.99036250785517,162.37137075392457,165.43098418916296,209817200
2016-01-11,162.8206024169922,163.92240492263298,160.87974517273418,163.583381803446,187941300
2016-01-12,164.13430786132812,164.8886166037354,161.99850723524926,164.26991712415463,172330500
2016-01-13,160.04071044921875,165.15136701485292,159.6593206774753,164.8038730958015,221168900
2016-01-14,162.66802978515625,163.79525734585224,159.04905033137382,160.65089730027674,240795600
2016-01-15,159.17620849609375,159.98136750929737,157.23535096184875,158.29477411933024,324846400
2016-01-19,159.38804626464844,161.12550231855718,157.81162455251572,160.99837675000123,195244400
2016-01-20,157.34548950195312,158.91344062239094,153.4213957355556,156.8200198633326,286547800
2016-01-21,158.22694396972656,160.0745714508688,156.48948768515635,157.82012916393177,195772900
2016-01-22,161.47299194335938,161.676392847793,160.08302972263056,160.8458089790716,168319600
2016-01-25,159.03213500976562,161.1594521414183,158.8372047618833,160.96452189353602,130371700
2016-01-26,161.20181274414062,161.4815019882439,159.3541851061627,159.6931953177003,141036800
2016-01-27,159.44737243652344,162.3544223777091,158.5405003166785,160.67630029192964,185681700
2016-01-28,160.2779998779297,161.2018137024103,158.62530245514085,160.99841274724287,143798800
2016-01-29,164.1851348876953,164.32074413134808,160.9305906344845,161.04924548957837,210529300
2016-02-01,164.12586975097656,164.91408749405716,162.59182672017667,163.17663051256218,136061600
2016-02-02,161.1678924560547,162.70193476911385,160.64240989572312,162.69346404145364,182564900
2016-02-03,162.13406372070312,162.54087844434653,158.5744057909078,162.22729344199712,205054900
2016-02-04,162.38841247558594,163.3630767619003,160.99844959008342,161.63410358526593,139531800
2016-02-05,159.29481506347656,162.44765845857913,158.65916136176085,161.87133864324588,180788300
2016-02-08,157.15057373046875,157.74384804344555,154.9300271880085,157.4472173531622,191526700
2016-02-09,157.15899658203125,158.43878749487254,155.26899008488905,155.40459929580308,184513100
2016-02-10,157.02342224121094,159.6253580605582,156.89628373856425,157.98961537224926,148214100
2016-02-11,154.9808349609375,156.03178697912224,153.4806887336882,154.5401114781624,219058900
2016-02-12,158.17604064941406,158.19298210017965,155.91311546131186,156.76065356617733,127632400
2016-02-16,160.8458709716797,160.87129609453314,159.0236681943154,159.98986165998417,120250700
2016-02-17,163.47325134277344,163.84617040060496,161.88834534698947,162.01548389802088,136009500
2016-02-18,162.8036346435547,163.80373659742403,162.49004959994556,163.74440270679062,102343000
2016-02-19,162.72738647460938,162.87993719187216,161.41369925773324,162.0239279916059,114793000
2016-02-22,165.08358764648438,165.2276676742013,164.24451967428237,164.31232432245758,103640300
2016-02-23,162.9986114501953,164.69368845979014,162.87994364440885,164.42246993069756,111455300
2016-02-24,163.74440002441406,164.02408922051424,160.4559601531812,161.56623327768256,150812200
2016-02-25,165.7276611328125,165.73614479396866,163.43083919888306,164.19361862314082,110728300
2016-02-26,165.34628295898438,166.69386607100247,165.18524857470337,166.6006492510621,129833700
2016-02-29,164.04953002929688,166.3124559970551,163.85459981909108,165.3632171309299,125918100
2016-03-01,167.90579223632812,167.9905512287441,164.80379934055793,165.27841866031164,141799700
2016-03-02,168.66014099121094,168.71099122584184,167.1769487965646,167.59224726673304,102415000
2016-03-03,169.3212890625,169.33824345843823,167.90590091340798,168.48222105115877,95172200
2016-03-04,169.87208557128906,170.6518321433285,168.68553719193758,169.51612105748362,129293600
2016-03-07,170.0076904296875,170.41451809136737,168.87199230541373,168.94826764232604,100219000
2016-03-08,168.151611328125,169.43987330142576,167.99058989732075,168.931358027098,123974900
2016-03-09,168.9822235107422,169.32970445321385,168.1770516220122,168.96526912034506,94801200
2016-03-10,169.11781311035156,170.4145588097372,167.2871399250045,169.47379063247948,156838700
2016-03-11,171.84690856933594,171.8892880825358,169.10089199478227,170.57560076780948,137964500
2016-03-14,171.62657165527344,172.08423682275907,171.00787207976467,171.3384116263968,73612000
2016-03-15,171.3468780517578,171.65199246655303,170.39763895346726,170.6603738515718,93169100
2016-03-16,172.33847045898438,172.74529823845296,170.82138227849984,170.86376178874585,129303200
2016-03-17,173.43177795410156,173.94029320833664,171.8553560943957,172.25370015637145,134278500
2016-03-18,174.11329650878906,174.4540551653916,173.61918735733872,173.93438976465154,138372400
2016-03-21,174.36036682128906,174.59038609334056,173.61920949914784,173.84922877119934,72926700
2016-03-22,174.26666259765625,174.83744059062724,173.42328023449707,173.58513217351828,97471900
2016-03-23,173.11656188964844,174.07069651695397,172.94616956410727,173.8832753581462,81052500
2016-03-24,173.03988647460938,173.0739701406084,171.8642599798402,172.08575181239442,84360900
2016-03-28,173.1421356201172,173.67031548511676,172.69062450988648,173.45733805579619,62408200
2016-03-29,174.7437286376953,174.85448106800217,172.42653301308934,172.73322105161398,92922900
2016-03-30,175.5104522705078,176.2345677665276,175.14412431442966,175.74898596320978,86365300
2016-03-31,175.08448791503906,175.84268703990244,174.92262298965633,175.4167321832576,94584100
2016-04-01,176.27713012695312,176.46455127596312,173.77251386209994,174.08772924858516,114423500
2016-04-04,175.7063446044922,176.40491667473407,175.39965664667275,176.20045370315174,63497000
2016-04-05,173.95144653320312,175.7148928811558,173.69587101925197,174.36035955605857,99662200
2016-04-06,175.85122680664062,175.9108667347412,173.77256472671314,173.95147151190238,91839800
2016-04-07,173.74697875976562,175.11855388129385,173.01433590604665,174.7607533712139,113859000
2016-04-08,174.21551513671875,175.36559830914754,173.67880792303743,174.9311160888878,95040600
2016-04-11,173.806640625,175.55305831069512,173.712930027257,174.8544860367723,83757500
2016-04-12,175.42527770996094,175.70640952509464,173.5340367711436,173.97703354036454,115350600
2016-04-13,177.197265625,177.28246181773451,176.20904698538092,176.3453556941106,96336400
2016-04-14,177.2057342529297,177.70837086159483,176.85646115084722,177.25685975482745,65212900
2016-04-15,177.009765625,177.34200983022254,176.68603583561617,177.2057011821548,75761600
2016-04-18,178.2536163330078,178.2876870063736,176.34533364671557,177.0098222698032,82531000
2016-04-19,178.8157958984375,179.0713713440399,177.99797007143843,178.6795002600091,88316100
2016-04-20,178.9862823486328,179.68484173503435,178.38142057582996,178.8584880590533,81100300
2016-04-21,178.02352905273438,179.1139721715673,177.7509117734725,179.00321977697874,85695000
2016-04-22,178.02352905273438,178.29613333288896,177.1205070636172,177.66572862303366,99251700
2016-04-25,177.71690368652344,177.75950177629514,176.80535396203425,177.41873005723343,66166500
2016-04-26,177.98097229003906,178.49212330774736,177.50390493970355,178.0831972939366,75864200
2016-04-27,178.34730529785156,178.73917649002462,177.23982006068684,177.5976205836273,77329400
2016-04-28,176.72866821289062,178.69657757953746,176.3112407709417,177.589105346594,97216200
2016-04-29,175.7745361328125,176.45606651656496,174.66705088410362,176.1067804075141,142424100
2016-05-02,177.17164611816406,177.35053986028342,175.84266918026876,176.27713841023936,62188000
2016-05-03,175.62969970703125,176.1749213728247,174.88001504189907,175.93638770648442,106422100
2016-05-04,174.65003967285156,175.36565385077824,174.14741596385966,174.6330108346273,92243800
2016-05-05,174.6158905029297,175.47631441454553,174.1899357547641,175.11851398597932,67619200
2016-05-06,175.25486755371094,175.29746563926946,173.68735679839853,173.8406943074764,89315000
2016-05-09,175.3997039794922,175.83417328735254,174.94819283629073,175.12709960959302,74374900
2016-05-10,177.58053588867188,177.59757771873032,176.0385817456259,176.1067360667521,77472200
2016-05-11,175.91934204101562,177.65723200065037,175.91934204101562,177.1205377626316,81727000
2016-05-12,175.97042846679688,176.76271108036264,174.95665405758973,176.59231877698406,89586300
2016-05-13,174.43701171875,176.22602714713327,174.1132948977058,175.67229108550052,96474600
2016-05-16,176.1579132080078,176.63498063186802,174.54780415292345,174.60744408046216,77486800
2016-05-17,174.51365661621094,176.17487744944944,173.98546391605066,175.88523135526563,114924900
2016-05-18,174.5648193359375,175.7489732961861,173.47437596243276,174.16442073795102,120062100
2016-05-19,173.95997619628906,174.24962240456628,172.75026585662087,173.84070934587422,115430500
2016-05-20,175.0589141845703,175.5785795777547,174.5222069590707,174.573319456907,104990400
2016-05-23,174.8203887939453,175.35708304571003,174.63296762694495,175.07595129520948,58682600
2016-05-24,177.08648681640625,177.40170228331561,175.61268649508247,175.6382427492762,93537800
2016-05-25,178.28768920898438,178.7051297077683,177.08649322198136,177.76802368972784,76621400
2016-05-26,178.3387451171875,178.6539604954542,178.02354273802914,178.42394127328302,55280700
2016-05-27,179.1055145263672,179.11402894437765,178.44954036444156,178.5006528707272,64211200
2016-05-31,178.76473999023438,179.4888684821183,178.20247643176768,179.37811605417784,109879400
2016-06-01,179.13104248046875,179.3099362242069,177.9554030251805,178.15133860135873,69936200
2016-06-02,179.67623901367188,179.69326784462248,178.25355168283988,178.73061893160897,63044700
2016-06-03,179.13958740234375,179.4888735317431,177.9298770752863,179.1140311488864,101757100
2016-06-06,180.0511474609375,180.40894802902955,179.33553332564102,179.49739827292103,64887000
2016-06-07,180.33218383789062,180.8944471875095,180.17884637841627,180.20440262166198,60974800
2016-06-08,180.92013549804688,181.0479298066687,180.3408428961323,180.46862420563818,66170900
2016-06-09,180.6730194091797,180.79228625294073,179.91482025974642,180.1874246172955,73786900
2016-06-10,178.96063232421875,179.63363509990776,178.41539777293715,179.29287650446398,113829200
2016-06-13,177.58053588867188,179.21620059837795,177.4953527365948,178.35577666748637,117751200
2016-06-14,177.23126220703125,177.8276093086284,176.2771276430494,177.1971915436498,125059300
2016-06-15,176.9842529296875,178.35582816549694,176.7968317422518,177.2313010408829,109124500
2016-06-16,177.51239013671875,177.6827824473135,175.14408260946362,176.984210371378,149533100
2016-06-17,176.85134887695312,177.43365383264984,176.1919633868866,177.40796467676395,117055700
2016-06-20,177.9902801513672,179.49743389751904,177.904640921832,178.8209310243536,82789600
2016-06-21,178.49554443359375,178.90658405031496,177.93035679390596,178.37565733427033,72461700
2016-06-22,178.20436096191406,179.40323174690326,178.05877166179036,178.67533751313096,95560500
2016-06-23,180.52500915527344,180.57638745772525,179.20625148107482,179.6686692698508,102731400
2016-06-24,174.04257202148438,180.55932090710274,173.59727149700515,174.37654414816544,333444400
2016-06-27,170.92544555664062,172.63812531946584,170.11191221593094,172.62955355795756,230775800
2016-06-28,174.0082550048828,174.0339441550606,172.22706654787228,172.53534941671467,159382400
2016-06-29,176.97120666503906,177.20240902974015,175.30990517028962,175.41266177682343,137328600
2016-06-30,179.38609313964844,179.4374714471411,176.88558199688845,177.44221081705115,165021900
2016-07-01,179.76283264160156,180.25095255452933,179.22333443609344,179.386041073736,106055300
2016-07-05,178.4698028564453,179.04354902517392,177.87036753588632,178.93222065610226,109803700
2016-07-06,179.540283203125,179.6601703042731,177.31379353413044,177.97317912380188,96021500
2016-07-07,179.42892456054688,180.38802120809515,178.65822376401155,179.72007703330806,85593800
2016-07-08,182.1006622314453,182.34900810305987,180.49931090775246,180.73052632384315,133971000
2016-07-11,182.74293518066406,183.31669443041378,182.3575848268866,182.56311111336606,73633900
2016-07-12,184.0702667236328,184.36999092806968,182.76862636157077,183.71060551833483,101275600
2016-07-13,184.04458618164062,184.4984453238494,183.55647918972468,184.48988662810038,87324100
2016-07-14,185.0721893310547,185.5431789258508,184.67828026392408,185.3119634762762,91230900
2016-07-15,184.82388305664062,185.8343580900746,184.37858255148888,185.63740352819917,107155400
2016-07-18,185.32052612304688,185.48323279931054,184.68682987515425,184.9437344657437,58725900
2016-07-19,185.13218688964844,185.16643474773187,184.65263847619474,184.90097138076388,54345700
2016-07-20,185.9028778076172,186.14265200141693,185.1321769085056,185.1321769085056,58159500
2016-07-21,185.2006378173828,186.0141581265486,184.75533740112073,185.79151445177266,67777300
2016-07-22,186.03128051757812,186.08265881978258,185.05505357556476,185.32051684809417,62787500
2016-07-25,185.52606201171875,185.8771645595355,184.94375706415994,185.82578624848168,55873100
2016-07-26,185.61167907714844,185.97134027828923,184.76389784585993,185.42328324797322,70080500
2016-07-27,185.4147491455078,186.057004175598,184.6440352693724,185.98849540438292,84083900
2016-07-28,185.6288604736328,185.92001299254184,184.75538985019188,185.21780778806422,65035700
2016-07-29,185.92852783203125,186.288189047029,185.08075963479044,185.363353389441,79519400
2016-08-01,185.77439880371094,186.38239287690422,185.3205396561009,185.98848380038402,73311400
2016-08-02,184.58413696289062,185.68025139872915,183.7449272062956,185.52610336449712,92295500
2016-08-03,185.1235809326172,185.1835310065832,184.22443435682175,184.5241455265163,53993600
2016-08-04,185.32052612304688,185.63736771363804,183.47082875085508,185.23488690394697,46585500
2016-08-05,186.83627319335938,186.87909281088778,185.3205606532134,185.3205606532134,71892200
2016-08-08,186.72494506835938,187.12742592545445,186.4594817512779,187.02465623708832,39906500
2016-08-09,186.83627319335938,187.33295200992077,186.51087284691155,186.79346664254368,51251700
2016-08-10,186.37380981445312,187.0246234152356,186.02270732980188,186.9475559625198,57941100
2016-08-11,187.2387237548828,187.48706965630043,186.6392884067015,186.90475169898818,72504300
2016-08-12,187.07606506347656,187.2901500896989,186.67358416884153,186.93047574693793,61313500
2016-08-15,187.6155242919922,187.96662682206687,187.43570021239086,187.44425890823004,49813500
2016-08-16,186.6479034423828,187.2644563243784,186.6479034423828,187.19596061160058,53213600
2016-08-17,186.9989776611328,187.13599520889818,185.84292640198305,186.6821360152989,75134300
2016-08-18,187.4185791015625,187.45282695333856,186.8619633098963,186.97327862820245,52989300
2016-08-19,187.14453125,187.3243683930101,186.45946972753148,186.94757671562584,75443000
2016-08-22,187.13597106933594,187.36718651802533,186.5365357085772,186.90475562064654,61368800
2016-08-23,187.51275634765625,188.05225468729222,187.45280628026987,187.75253048378104,53399200
2016-08-24,186.5537109375,187.4614294254508,186.13409955091103,187.36723148424568,71728900
2016-08-25,186.42523193359375,186.84484327485418,186.01419235578945,186.16832729744883,69224800
2016-08-26,186.07411193847656,187.6412156987997,185.18352409219543,186.6136103171795,122506300
2016-08-29,186.99044799804688,187.25591137136487,186.16835565052264,186.2026165761399,70502200
2016-08-30,186.68214416503906,187.1873816944287,186.12552831967258,186.90478788984302,58114500
2016-08-31,186.1511993408203,186.46804096961606,185.3719267798618,186.34815388844643,85269500
2016-09-01,186.1597137451172,186.45086614915513,184.9950910622566,186.14258328996533,97844200
2016-09-02,186.9989776611328,187.42714769786517,186.425231379917,187.01610812128163,79293900
2016-09-06,187.5641632080078,187.64123067777138,186.56224690094407,187.28156941882895,56702100
2016-09-07,187.5469970703125,187.72683419892888,186.93900305777748,187.401420855104,76554900
2016-09-08,187.11886596679688,187.4870989954742,186.81058301567433,187.21306389815967,74102900
2016-09-09,182.6401824951172,185.851457290113,182.61449334209408,185.80007898406674,221589100
2016-09-12,185.26063537597656,185.66311631454028,181.80958542194554,181.87809420581962,168110900
2016-09-13,182.59738159179688,184.24155288727647,181.97225702633867,183.9760895677002,182828800
2016-09-14,182.52891540527344,183.85624537953382,181.97229948060698,182.64880251520384,134185500
2016-09-15,184.35289001464844,184.73824043445808,182.18635067359673,182.36618783842124,134427900
2016-09-16,183.64022827148438,183.91564758728742,182.95170624740834,183.7349020197022,155236400
2016-09-19,183.6746368408203,184.9398162407312,183.34757973173168,184.29431708292827,80250500
2016-09-20,183.68328857421875,184.69026595750765,183.6488677215302,184.53535242133285,69665300
2016-09-21,185.74887084960938,185.9296032856445,183.70048235643853,184.38901751767136,110284400
2016-09-22,186.9193572998047,187.2205955267431,186.51485653130135,186.7644437883841,76678700
2016-09-23,185.8951873779297,186.66117931782145,185.80051362658503,186.5234696553717,73630900
2016-09-26,184.3890380859375,185.24108878772253,184.19107550457642,185.060356331527,89827300
2016-09-27,185.53372192382812,185.6283825488649,183.85541320612575,184.22550630742447,78494800
2016-09-28,186.4546356201172,186.60956229083172,184.7935569544685,185.75749843369601,87411000
2016-09-29,184.7677001953125,186.65256011857448,184.21687469043962,186.24804620204264,128070600
2016-09-30,186.16195678710938,186.86769569278,185.35292908758146,185.60251631291632,117202900
2016-10-03,185.7144317626953,185.93820010253964,185.0775344578399,185.74886574280399,83512100
2016-10-04,184.7677001953125,186.05009677460663,184.17385191300446,185.8263284276231,119948100
2016-10-05,185.5853271484375,186.01565994755165,185.32712484242606,185.39597966621008,72816000
2016-10-06,185.7144317626953,185.93820010253964,184.81934527060238,185.3615556965167,62927400
2016-10-07,185.07749938964844,186.16194630142877,184.34594160989735,185.98981583164692,89788300
2016-10-10,186.04148864746094,186.50624231654774,185.89517706399442,186.04148864746094,51855000
2016-10-11,183.69189453125,185.68004355143535,182.9603364843019,185.6111887118312,130367400
2016-10-12,183.932861328125,184.45786789847287,183.33038486862884,183.82957252016578,73866100
2016-10-13,183.33041381835938,183.8296015487231,181.7812259142098,182.59885578200377,101357000
2016-10-14,183.42506408691406,184.77631549766696,183.3476073281707,184.31154867977494,93346200
2016-10-17,182.78822326660156,183.65749107510092,182.6074776539295,183.39928868530615,58275700
2016-10-18,183.932861328125,184.44925283705885,183.55416634194418,184.38901307073857,76869700
2016-10-19,184.42343139648438,184.7332715506942,183.83818506781876,184.19966305894437,66519200
2016-10-20,184.07920837402344,184.63863589965095,183.41649202053875,184.0705933109498,73639800
2016-10-21,184.165283203125,184.2513550450903,183.11526976820076,184.07922449387897,89089100
2016-10-24,184.94845581054688,185.3185488986894,184.59557971394312,185.04312956493527,60146600
2016-10-25,184.3287811279297,185.0259182805126,184.16525253505873,184.76771593033303,66542300
2016-10-26,183.95867919921875,184.5439255325537,183.26152899714793,183.50252745920315,75705500
2016-10-27,183.46810913085938,184.71607179270015,183.39065236825994,184.68165094245037,77220200
2016-10-28,182.92588806152344,184.1222128982054,182.21154706403203,183.44229275144065,140623200
2016-10-31,182.93447875976562,183.48530422704823,182.77095019198072,183.26152276262044,61272500
2016-11-01,181.60910034179688,183.3132282184614,180.39557144702658,183.2615772348227,122781800
2016-11-02,180.51600646972656,181.6865122032408,180.077058611712,181.299202179648,103330800
2016-11-03,179.68978881835938,180.94636655388044,179.41438261567328,180.73120012286577,88939300
2016-11-04,179.4918670654297,180.64515616171005,179.3455554456973,179.80170729919203,109122100
2016-11-07,183.45094299316406,183.48537698567577,179.4918874811342,179.4918874811342,109794900
2016-11-08,184.27711486816406,184.84515732442128,182.7881670352914,183.05497127400508,106772100
2016-11-09,186.23086547851562,186.85054589006637,182.75376837673457,182.77958729948938,258429000
2016-11-10,186.69554138183594,187.89186579065657,185.23241279397584,187.0225984439938,172113300
2016-11-11,186.2652587890625,186.50624412095237,185.31853445169952,185.97263561929842,100552700
2016-11-14,186.4115753173828,186.99683480514705,185.6628003829193,186.79027031545684,94580000
2016-11-15,187.86611938476562,187.86611938476562,186.5923377483642,186.79888912400287,91652600
2016-11-16,187.51321411132812,187.74559750549724,187.12591720952304,187.24640987081162,65617700
2016-11-17,188.47718811035156,188.53742788089505,187.556269499148,187.6681602436499,69797200
2016-11-18,188.05545043945312,188.7181666879563,187.8747048688737,188.54603617908583,86265800
2016-11-21,189.47552490234375,189.50134381949704,188.48576472422937,188.63207629900276,72402600
2016-11-22,189.8456268310547,190.02635925959552,189.11405579019603,189.78537393306416,67429000
2016-11-23,189.94894409179688,190.00058193982838,189.13131418828877,189.3292636499823,56620200
2016-11-25,190.6547393798828,190.68916024209634,190.21579130715332,190.29326122939577,37872300
2016-11-28,189.75955200195312,190.62021762096217,189.65627633014088,190.34481145189116,76572500
2016-11-29,190.129638671875,190.5857903840373,189.49274140738675,189.79397961702512,69886700
2016-11-30,189.6735076904297,190.91286837693818,189.6132547888307,190.74933979570218,113291800
2016-12-01,188.97637939453125,189.9747416538877,188.61488823352252,189.9747416538877,79040500
2016-12-02,189.07101440429688,189.56160010441104,188.7095364249725,189.0624124759969,74840300
2016-12-05,190.2071075439453,190.5513685488572,189.70791989392222,189.90586931511078,67837800
2016-12-06,190.80963134765625,190.8440653386909,189.91454457155058,190.39651538427822,59877400
2016-12-07,193.30551147460938,193.36575124148104,190.53416701333626,190.6546596797953,110738100
2016-12-08,193.77890014648438,194.2522689643216,193.01290810769973,193.27972553791193,99714400
2016-12-09,194.9494171142578,194.96663410843303,193.96825856976866,194.00269255811912,88005800
2016-12-12,194.72561645507812,195.33669488621638,194.30388553033671,194.85471105820483,102016100
2016-12-13,196.0252227783203,196.52441047978874,195.3711215484911,195.3883385403257,110477500
2016-12-14,194.40719604492188,196.42975280505453,193.9682480798635,195.72401367466105,142501800
2016-12-15,195.20761108398438,196.06827689759587,194.415800111388,194.64818355822416,124972600
2016-12-16,194.8258056640625,195.726181191555,194.5054866143451,195.66557314965038,156420200
2016-12-19,195.24998474121094,195.6742013225138,194.86040509436378,195.0075790405007,90341100
2016-12-20,196.00320434570312,196.15039152554453,195.55302980660466,195.7867697060943,89838800
2016-12-21,195.45782470703125,196.04652066623635,195.45782470703125,195.87337557294802,67909000
2016-12-22,195.12014770507812,195.43181409403857,194.72190218191486,195.31061123222736,56219100
2016-12-23,195.40582275390625,195.41447538238174,194.97295354797507,195.16340384527456,36697800
2016-12-27,195.890625,196.28885725318636,195.65687194088326,195.67419040714503,42672500
2016-12-28,194.2717742919922,196.16774430789178,194.159237235016,196.15043904381866,64095000
2016-12-29,194.2284698486328,194.6959629034167,193.78693468620676,194.3410068893433,48696100
2016-12-30,193.51856994628906,194.6440328947785,192.8259763464399,194.55745374100078,108998300
2017-01-03,194.9989776611328,195.50976029257782,193.82157257247454,194.82581936358508,91366500
2017-01-04,196.1590118408203,196.30618578629466,195.31924452066914,195.32789714918414,78744400
2017-01-05,196.00320434570312,196.15904415548493,195.2067264571573,195.89066731598953,78379000
2017-01-06,196.7044219970703,197.1719149071199,195.57029362931513,196.1157130328057,71559900
2017-01-09,196.05511474609375,196.58321567390468,196.0204778140398,196.44469436592695,46939700
2017-01-10,196.05511474609375,196.912187267703,195.66552191614153,196.0724200020017,63771900
2017-01-11,196.6092529296875,196.6092529296875,195.30197911217496,195.96860157229153,74650000
2017-01-12,196.11572265625,196.30618616490648,194.75652021005962,196.089751560535,72113200
2017-01-13,196.56591796875,196.86891850056966,196.2542515979421,196.28887532353392,62717900
2017-01-17,195.87330627441406,196.33214655384955,195.48372664981474,195.9252484630114,61240800
2017-01-18,196.30616760253906,196.34945716134393,195.57028473321196,196.124356739606,54793300
2017-01-19,195.57901000976562,196.52266191195307,195.1461407104001,196.38414056572665,66608800
2017-01-20,196.29759216308594,196.7910563391697,195.63096968369322,196.26295521837463,129168600
2017-01-23,195.7867889404297,196.3581796155604,195.0249479170454,196.2975847797805,75061600
2017-01-24,197.04208374023438,197.45763451266137,195.8906499742346,196.00318699398554,95555300
2017-01-25,198.74758911132812,198.74758911132812,197.82989522641046,197.994387651161,84437700
2017-01-26,198.53982543945312,198.86881031930898,198.26278275954883,198.6004202693559,59970700
2017-01-27,198.22816467285156,198.7649183677941,198.04635375772324,198.6177443937009,59711100
2017-01-30,196.99880981445312,197.56153458824696,196.01186839525718,197.5355634885409,79737300
2017-01-31,196.98147583007812,197.04208386469998,195.93393966411406,196.50531702276677,75880800
2017-02-01,197.0594024658203,197.89916990736018,196.47070659882672,196.98148916756324,79117700
2017-02-02,197.18931579589844,197.47501116428077,196.36686663789612,197.05944705929295,69657600
2017-02-03,198.54844665527344,198.73025753646,197.78660582631838,198.09827218683816,80563200
2017-02-06,198.19354248046875,198.53984586597815,197.85590493592423,198.1416002751732,57790100
2017-02-07,198.20217895507812,198.82551174651633,198.0117154237986,198.5831060176372,57931200
2017-02-08,198.46189880371094,198.59175429486405,197.6567551281981,198.20217461128354,51566200
2017-02-09,199.6393280029297,199.94232858922206,198.46192296933103,198.46192296933103,65955200
2017-02-10,200.42709350585938,200.6521939457707,199.65658685335302,199.98557167468823,66015900
2017-02-13,201.5179443359375,201.77766851506317,200.8946115900841,200.92058268698463,55182100
2017-02-14,202.3231201171875,202.3317859581774,200.98988840696666,201.3361785833524,71109000
2017-02-15,203.3792724609375,203.56973597428617,202.05469370636192,202.1066358990715,86785800
2017-02-16,203.20616149902344,203.58708858961378,202.45297315816137,203.4052776745148,84722400
2017-02-17,203.5264434814453,203.5264434814453,202.52218373644433,202.53950220380506,77204100
2017-02-21,204.73846435546875,204.9116093810841,203.89003127275183,203.89869711060973,88946100
2017-02-22,204.55667114257812,204.7817583742883,204.16709149879827,204.33158391086795,62115200
2017-02-23,204.69520568847656,205.09343798647993,203.9333516086501,205.0761327283898,74615900
2017-02-24,204.95497131347656,204.99824767757306,203.80353733186945,203.84682690608932,82381600
2017-02-27,205.27529907226562,205.4484441663497,204.61734243069657,204.86840083559989,56515400
2017-02-28,204.72120666503906,205.13675749190335,204.33162693922114,204.89435174205562,96961900
2017-03-01,207.58682250976562,208.05432880111243,206.3661277836228,206.38344625629745,149158200
2017-03-02,206.27952575683594,207.40498850158158,206.22758355802213,207.3963226616981,70246000
2017-03-03,206.4093780517578,206.57387048553088,205.8120163544226,206.19294341997673,81974300
2017-03-06,205.7947235107422,206.14966628858443,205.18869593709636,205.61291259662397,55391500
2017-03-07,205.1800537109375,205.84667614967668,204.9722716857125,205.49172014371348,65103700
2017-03-08,204.79910278320312,205.73410197278264,204.66058144916434,205.47437777399028,78168800
2017-03-09,205.05882263183594,205.38780749066854,204.08919973437727,204.9203013007358,90683900
2017-03-10,205.77737426757812,206.06306954125571,204.82505668865278,206.01977997673723,81991700
2017-03-13,205.8813018798828,205.9245914534901,205.3878377291044,205.71680942624894,57256800
2017-03-14,205.0934295654297,205.387790672444,204.47876267545183,205.3358352699449,59880800
2017-03-15,206.8682098388672,207.29242645521649,205.43108077298604,205.6648338644537,96081800
2017-03-16,206.46131896972656,207.08465176220116,206.1323473143416,207.0067384656722,78344000
2017-03-17,206.0987091064453,206.91604569138585,206.0987091064453,206.72475358565129,89002100
2017-03-20,205.87266540527344,206.38567007845458,205.48139087941647,206.0987318881352,52537000
2017-03-21,203.2293243408203,206.60300673155746,203.09890394636952,206.48127660754056,131809300
2017-03-22,203.70758056640625,203.99451873840943,202.63809339264185,203.2641379010869,97569200
2017-03-23,203.4901885986328,204.62923765923372,203.11630793740494,203.70756477867388,100410300
2017-03-24,203.34239196777344,204.36840125782555,202.55984295900794,203.79453817627297,112504900
2017-03-27,203.1337127685547,203.39456686931302,201.38601284837802,201.6642474929537,87454500
2017-03-28,204.61187744140625,205.03792630534875,202.71635006402084,202.82938993449883,93483900
2017-03-29,204.80319213867188,205.03796219245166,204.09889524492522,204.32497502545124,61950400
2017-03-30,205.45529174804688,205.65528741288264,204.56840636847858,204.74230468206505,56737900
2017-03-31,204.97711181640625,205.64662110831728,204.9249303720504,205.11622253190876,73733100
2017-04-03,204.6205596923828,205.2292103795787,203.38586450761696,205.02922799684075,85546500
2017-04-04,204.75100708007812,204.8379628758166,203.95106417613255,204.33364844923514,56466200
2017-04-05,204.1423797607422,206.4117883072301,203.93369378755492,205.42924342641402,108800600
2017-04-06,204.71630859375,205.2380037587551,203.83809984112375,204.28155598911414,69135800
2017-04-07,204.5075225830078,205.20312906386096,204.02060202668764,204.46404469028136,74412300
2017-04-10,204.62924194335938,205.42918471054742,204.09884352225117,204.64663575305178,67615300
2017-04-11,204.38583374023438,204.49017008978706,202.89028414787975,204.24670976243561,88045300
2017-04-12,203.4901885986328,204.2988348875319,203.2641221477222,204.10754278768863,81864400
2017-04-13,202.16859436035156,203.8902237413726,202.16859436035156,203.1511392150925,92880400
2017-04-17,203.95977783203125,203.95977783203125,202.49031237727522,202.69029479628222,68405400
2017-04-18,203.35110473632812,203.89020679103865,202.66420170976033,203.2206843096354,83225800
2017-04-19,202.97726440429688,204.29021227551704,202.75118459623909,203.91633146618202,68699900
2017-04-20,204.62924194335938,205.0726978511844,203.27281667431922,203.59452918188688,92572200
2017-04-21,203.9771270751953,204.60317159023134,203.5771622985608,204.55100342524338,110389800
2017-04-24,206.2205047607422,206.42919074264444,203.95109611948084,206.22919503464047,119209900
2017-04-25,207.42034912109375,207.76814569453202,206.77691086588518,206.8638666430392,76698300
2017-04-26,207.28997802734375,208.27252288189902,207.2465133932355,207.38562410404907,84702500
2017-04-27,207.46383666992188,207.76815536895333,206.92473470812456,207.61165088389535,57410300
2017-04-28,207.01174926757812,207.75082054729498,206.88131555873875,207.72473645904574,63532800
2017-05-01,207.53346252441406,207.9595247825542,207.1161038081834,207.53346252441406,66882500
2017-05-02,207.6116943359375,207.7942829400533,207.20302596041245,207.67255278144538,57375700
2017-05-03,207.35951232910156,207.7073222286767,206.68129960941886,207.61167616474242,73137700
2017-05-04,207.6029815673828,207.74210553320555,206.75087049500388,207.66385327777712,61462700
2017-05-05,208.42031860351562,208.43771241616818,207.53341990451747,207.97687588781238,62001300
2017-05-08,208.3855743408203,208.6116408675857,207.95951210864615,208.46382660767063,48385700
2017-05-09,208.19427490234375,208.84640363849746,207.84646494917257,208.64642120766973,51363200
2017-05-10,208.56808471679688,208.56808471679688,207.94204028167508,208.15072618257852,54293800
2017-05-11,208.14212036132812,208.30732844145783,207.0552390632054,208.1160362715807,62358300
2017-05-12,207.7942657470703,208.18554027682222,207.52472136585433,207.8899118114622,53912700
2017-05-15,208.94203186035156,209.06376201665978,208.20294738217117,208.22034119524147,61918900
2017-05-16,208.75071716308594,209.26372181869624,208.35944265063046,209.23763773570525,51241800
2017-05-17,205.04664611816406,208.7507321116293,204.98577440843238,208.7507321116293,172174100
2017-05-18,205.87266540527344,206.72477643654275,204.70751883220936,204.96837293864434,107047700
2017-05-19,207.21170043945312,207.88122289456138,206.30742122551788,206.3595893941461,115011400
2017-05-22,208.26377868652344,208.42898670965758,207.65512802307356,207.72467672667693,61010600
2017-05-23,208.7246551513672,208.88986320617354,208.25511507269738,208.6376993538085,48341700
2017-05-24,209.2116241455078,209.31596051262738,208.62035377410842,208.9594735024371,46927700
2017-05-25,210.21148681640625,210.48973473560142,209.5158935536004,209.72456622540574,64071700
2017-05-26,210.16807556152344,210.3332703794578,209.94199575286538,210.02024802466497,46629900
2017-05-30,209.9854278564453,210.23757843310824,209.68979938240147,209.846303891863,35201900
2017-05-31,209.93325805664062,210.3158423224758,209.2376515067213,210.28105469780456,91796000
2017-06-01,211.60272216796875,211.62011598164852,210.1071726137273,210.39411083527747,68962000
2017-06-02,212.30699157714844,212.46350934483175,211.35923450190143,211.6548629582479,88666100
2017-06-05,212.15054321289062,212.42008765721081,211.95054749750952,212.13314939685873,44698800
2017-06-06,211.47230529785156,212.14181455849138,211.39403976876997,211.58533191969354,50375400
2017-06-07,211.86354064941406,212.08960711883776,211.1418500804662,211.8113724847463,54144300
2017-06-08,211.96791076660156,212.44614113160335,211.43751222861636,211.9592204936351,65950700
2017-06-09,211.64620971679688,213.0374097199735,210.37672661215007,212.23746673293851,132256400
2017-06-12,211.60272216796875,211.6548903414156,210.7506110439543,211.40273974722496,86108100
2017-06-13,212.63746643066406,212.6896346117812,211.79404545568534,212.14184217486252,60067000
2017-06-14,212.36788940429688,212.91566848958766,211.54184910468186,212.90697821659944,78602300
2017-06-15,211.95924377441406,212.08097394727648,210.733238504275,211.01147321327753,66464900
2017-06-16,212.00547790527344,212.1714915818924,211.12300028970273,212.11906901712646,84553100
2017-06-19,213.77049255371094,213.8316477816918,212.7394663393128,212.83557883953387,65123800
2017-06-20,212.32879638671875,213.42097778453336,212.31133108360427,213.41224513297612,56906400
2017-06-21,212.27633666992188,212.83553291446637,211.8045202548303,212.7219551349257,55977600
2017-06-22,212.1802520751953,212.7831383136977,212.00550572561437,212.28511055077738,44148100
2017-06-23,212.43368530273438,212.76569942927958,211.8570102423165,212.24146028259509,66986800
2017-06-26,212.5734405517578,213.52583284795475,212.36375025939995,213.1064255986545,56700500
2017-06-27,210.8609161376953,212.65209634031817,210.84343750186147,212.35501286031425,82247700
2017-06-28,212.74818420410156,212.94914182989623,211.6472569230281,211.8831718164426,70042600
2017-06-29,210.8783721923828,212.94914368514193,209.66386711169204,212.8967211155467,106949700
2017-06-30,211.2715606689453,212.06667188268318,211.0793356868924,211.69095456965547,86820700
2017-07-03,211.62982177734375,212.65210201808634,211.62982177734375,212.21522943662578,39153800
2017-07-05,212.11912536621094,212.3288156809787,211.1842116052259,211.99680157183187,54427600
2017-07-06,210.17935180664062,211.4724906083218,209.9958594996954,211.35016684778833,65400800
2017-07-07,211.54241943359375,211.69095449562056,210.18811190861874,210.75605420350075,57972300
2017-07-10,211.76959228515625,212.14530960503038,211.23660724925944,211.5424233623595,36663300
2017-07-11,211.61231994628906,211.92686870375482,210.4415047560577,211.7695876588761,50354600
2017-07-12,213.2025604248047,213.36857414517152,212.58220880187906,212.58220880187906,59610400
2017-07-13,213.56080627441406,213.6743974199874,212.98413122621804,213.21131351736477,39471600
2017-07-14,214.5568389892578,214.91507767060173,213.46465764293498,213.56077013470306,60262700
2017-07-17,214.5306396484375,214.86266706254005,214.35589328975448,214.47821707406186,33531900
2017-07-18,214.6442108154297,214.69663338492913,213.77919842181504,214.1199584558527,42742500
2017-07-19,215.80630493164062,215.81503758292976,214.95002514279005,214.95877112637126,51034300
2017-07-20,215.9024200439453,216.1820115438022,215.35195636333438,216.05968776281,47135200
2017-07-21,215.710205078125,215.7364163658204,215.09857281245175,215.32575508220222,82340800
2017-07-24,215.6577911376953,215.79758023357027,215.18596127570055,215.63156651665705,46622300
2017-07-25,216.1820068359375,216.51403423381083,215.95483791398263,216.40917575789237,54915600
2017-07-26,216.19068908691406,216.5052377767554,215.92857628895365,216.47029384779026,47575400
2017-07-27,215.98980712890625,216.68880594357,214.66171071427445,216.6538620023689,70766600
2017-07-28,215.73641967773438,215.86747611822327,215.05489952260615,215.50923740449628,50088400
2017-07-31,215.61407470703125,216.234426240792,215.4043710905575,216.138313749778,65838700
2017-08-01,216.09466552734375,216.2519332611237,215.5704130834903,216.21698931993708,55050400
2017-08-02,216.199462890625,216.33926528905397,215.26454934995806,216.22567417379412,47211200
2017-08-03,215.78012084960938,216.1121349602519,215.50051598560123,216.08592367078785,40856000
2017-08-04,216.17330932617188,216.505323445726,215.7888592939885,216.26942183421772,60191800
2017-08-07,216.57522583007812,216.57522583007812,216.1383532152066,216.2432117087358,31995000
2017-08-08,216.04222106933594,217.4839085667453,215.6665170541975,216.2606573569168,61719400
2017-08-09,216.0335235595703,216.08594614395042,214.9937645283813,215.3520032980388,62632600
2017-08-10,212.98410034179688,215.32574413781086,212.9316777690706,215.194674373703,120479500
2017-08-11,213.29869079589844,213.89284451159486,212.97540931271192,213.21132426837778,74869900
2017-08-14,215.4131317138672,215.6315680097827,214.5481325147094,214.5830764558468,73291900
2017-08-15,215.38690185546875,215.815041758177,215.08109906692766,215.79756312296848,55242700
2017-08-16,215.76260375976562,216.31306740499556,215.3344638876655,215.91113881768817,56715500
2017-08-17,212.39866638183594,215.46551982886018,212.39866638183594,215.15097109922414,128490400
2017-08-18,212.0666961669922,213.35983528609938,211.6210775974352,212.23269655023637,136748000
2017-08-21,212.232666015625,212.49479219548203,211.29776575062752,212.00549710363762,65469700
2017-08-22,214.45201110839844,214.60927883542794,212.80063331312437,212.81811194911418,63140100
2017-08-23,213.68307495117188,214.11121480056477,213.33358228427733,213.48211733432203,50203800
2017-08-24,213.18511962890625,214.22486533230236,212.9754159581827,214.06759757848107,50741700
2017-08-25,213.68307495117188,214.60050986713344,213.53453990112715,213.98014505126133,64445900
2017-08-28,213.69183349609375,214.24228381219737,213.27242627241588,214.21607252725394,40565600
2017-08-29,213.9364776611328,214.19859050642285,212.2588754575294,212.37246657868255,51135700
2017-08-30,214.9500732421875,215.22094548026885,213.73556782662305,213.91906020309173,62030800
2017-08-31,216.2432098388672,216.48785743449622,214.9850145857498,215.5704222847403,103803900
2017-09-01,216.5489959716797,216.97713589716864,216.4004608952349,216.61889718394073,62007000
2017-09-05,214.99371337890625,216.2693870686034,214.02385580172935,216.04220481394543,91398800
2017-09-06,215.72763061523438,216.05965797456162,215.14222307746132,215.67520804950698,57916900
2017-09-07,215.7014923095703,216.05099841981678,215.290830962715,216.03351978123072,58034700
2017-09-08,215.44805908203125,215.9111428985104,215.20341153114762,215.4131018134527,63832800
2017-09-11,217.74600219726562,217.82463604927855,216.7062434907916,216.72370879193383,71364800
2017-09-12,218.47998046875,218.51492440902808,217.92951675024486,218.11300910051094,56896000
2017-09-13,218.58482360839844,218.61978088064765,218.07804981912886,218.1916409554993,59228000
2017-09-14,218.51490783691406,218.71587880822418,218.0867812725841,218.26152762530808,95446300
2017-09-15,218.80908203125,218.89688212247273,218.26467591091398,218.37004137976422,95432400
2017-09-18,219.2744598388672,219.6256869939277,218.88810192922634,219.17787036145697,46235200
2017-09-19,219.4939727783203,219.58178626336064,219.16908700089311,219.52031414414108,47108100
2017-09-20,219.572998046875,219.68715289834495,218.5719859449771,219.58178743449992,59574100
2017-09-21,218.9847869873047,219.50285195659964,218.80917333312405,219.41505182874081,48211400
2017-09-22,219.02862548828125,219.1954630972185,218.65983290990042,218.68617427989486,51214000
2017-09-25,218.58079528808594,219.12521486409233,217.83443414119952,218.77397426691743,57064400
2017-09-26,218.71250915527344,219.2569153169374,218.47542343390498,219.01105360531767,54082000
2017-09-27,219.56423950195312,219.9505974313564,218.52809656414811,219.41496728349418,81001400
2017-09-28,219.82766723632812,219.9066913407259,219.1954476042302,219.28324769851957,44778800
2017-09-29,220.6003875732422,220.67942508250187,219.6345060670511,219.8188956589195,85578000
2017-10-02,221.5574951171875,221.5574951171875,220.65305899008868,220.82868598080037,59023000
2017-10-03,222.0316162109375,222.0579575754695,221.47842075885333,221.55745825090537,66810200
2017-10-04,222.29507446289062,222.54093616534342,221.76822030137302,221.88237516267534,55953600
2017-10-05,223.6122283935547,223.62978037590872,222.3302235633397,222.62876804487613,63522800
2017-10-06,223.3575439453125,223.6473123924435,222.90095129994648,223.16436498055847,80646000
2017-10-09,222.98873901367188,223.64729997555423,222.72531194922752,223.58584125297622,35803100
2017-10-10,223.57708740234375,223.95466938103667,223.01511582815132,223.55953542079277,43057400
2017-10-11,223.92831420898438,223.92831420898438,223.31365993110336,223.4804841363109,47674300
2017-10-12,223.5946044921875,223.9633970019969,223.35751880786137,223.61216986840404,47065100
2017-10-13,223.86683654785156,224.1478290099128,223.59463347426603,224.03367414739319,54800400
2017-10-16,224.16537475585938,224.35855371853964,223.75268886117814,224.09514004075535,38221700
2017-10-17,224.32342529296875,224.36733203658568,223.89316064305405,224.11268096268168,31561000
2017-10-18,224.54293823242188,224.7448931682736,224.34975928562233,224.70098642609977,40888300
2017-10-19,224.60440063476562,224.63953138846324,223.33997486924443,223.76145012441816,61903800
2017-10-20,225.7634735107422,225.7898416751692,224.58686116547295,225.40348375371684,89176400
2017-10-23,224.8854217529297,226.11475719015857,224.80639764000819,226.08841581918475,63915300
2017-10-24,225.2805938720703,225.51766623688837,224.92057723125072,225.3157246362024,66935900
2017-10-25,224.16537475585938,225.06102145569892,223.032655746014,224.94686659635397,103715300
2017-10-26,224.45513916015625,225.05222801699782,224.3322083132502,224.7800383543388,69798000
2017-10-27,226.29034423828125,226.4484192518504,224.46394676416145,225.20153190545503,85562500
2017-10-30,225.4473419189453,226.1937162778644,225.14879753475986,225.20148026156252,54285700
2017-10-31,225.7986602783203,226.0533114253819,225.50011577348886,225.82500165236655,60304800
2017-11-01,226.09707641601562,226.92247473007208,225.7282973887432,226.58003706189055,54202700
2017-11-02,226.18496704101562,226.32546326973244,224.9556585358881,226.02691883255258,56449500
2017-11-03,226.9401397705078,226.98403312004288,225.93032476203422,226.34302407594734,59589700
2017-11-06,227.2913360595703,227.42304288718802,226.73814058666298,226.80837529575473,49652600
2017-11-07,227.13328552246094,227.73037433277466,226.62398339837767,227.39669917497793,57502200
2017-11-08,227.5196533203125,227.61625620642917,226.67670269934942,226.95769517197613,50469600
2017-11-09,226.69422912597656,226.88740805668158,225.10487754336523,226.30787126456653,95085500
2017-11-10,226.6239776611328,226.79960462297313,225.99175811418456,226.30788128611474,59984700
2017-11-13,226.8347625732422,227.06307231859873,225.90399840713727,225.93912916725023,50228600
2017-11-14,226.30784606933594,226.41321151127892,225.24534867029251,226.02685369288272,61315200
2017-11-15,225.17518615722656,225.8600885463174,224.4639423992059,225.33323437080526,80811500
2017-11-16,227.08941650390625,227.458222497367,226.07962821272113,226.12352156571745,67777000
2017-11-17,226.4220428466797,227.06305187566716,226.34301874122906,226.7381660653982,75756800
2017-11-20,226.80838012695312,227.00155907721162,226.42202222643613,226.6679107057775,48075500
2017-11-21,228.29237365722656,228.47679004423688,226.77330999160026,227.58112986995144,69176800
2017-11-22,228.09046936035156,228.43290722648447,227.92363172403077,228.3012003548949,45033400
2017-11-24,228.61720275878906,228.72259500960828,228.4416026012456,228.58209880542694,27856500
2017-11-27,228.50314331054688,228.95973601352,228.30117493198543,228.6611915388546,52274900
2017-11-28,230.8212127685547,230.84755413404903,228.87187133123342,228.96847420265473,98971700
2017-11-29,230.6807098388672,231.48855635203395,230.232906638498,230.95291287335644,77512100
2017-11-30,232.7003631591797,233.6135485322699,231.52373728480276,231.60276139611338,127894400
2017-12-01,232.21734619140625,232.96372056931824,228.96846183595338,232.48078662903424,164390900
2017-12-04,231.9364013671875,234.27207398270193,231.88369183740713,233.84182273198832,94040600
2017-12-05,231.10218811035156,232.82321972152377,230.97048129261842,231.10218811035156,77994500
2017-12-06,231.1461181640625,231.57639623288082,230.68073613621374,231.1988008995235,75898600
2017-12-07,231.87496948242188,232.19106593447063,230.8827331797378,231.87496948242188,77218600
2017-12-08,233.13938903808594,233.14815162972894,231.83981898637006,232.8320552045884,76563900
2017-12-11,233.84185791015625,233.90333004005265,233.11306213125812,233.84185791015625,83077500
2017-12-12,234.25454711914062,234.72871856268947,233.87697856081323,234.63211567746802,85195800
2017-12-13,234.22817993164062,234.9394236201073,234.14036644482331,234.50038298293458,102905400
2017-12-14,233.27108764648438,234.64089236756638,233.21840491082085,234.52673750799033,100666700
2017-12-15,235.21368408203125,235.68144499482784,234.22521022358507,234.27816225643807,144610300
2017-12-18,236.7051544189453,237.05817683775444,236.51098804851765,236.616892080772,83653600
2017-12-19,235.796142578125,236.9964243603016,235.72552192394522,236.95230665185522,82382900
2017-12-20,235.6725616455078,236.81989136380682,235.372491210474,236.76693934197067,76751500
2017-12-21,236.1580047607422,236.87291104622133,235.9108863050563,236.29921915454725,67032300
2017-12-22,236.09625244140625,236.2109908231887,235.55787086547915,236.17568049020352,78720900
2017-12-26,235.81370544433594,236.03434778058508,235.54894541438856,235.69013280777455,45244400
2017-12-27,235.92848205566406,236.29033877790113,235.65488766902587,235.98143407024673,57751000
2017-12-28,236.4139404296875,236.458085074872,236.0432762399199,236.43160906131718,45116100
2017-12-29,235.5224609375,237.01400540216005,235.3283215229081,236.9963637100738,96007400
2018-01-02,237.20823669433594,237.24354702205687,235.99912057530614,236.3874533785711,86655700
2018-01-03,238.70858764648438,238.85863632113313,237.3758990050161,237.3758990050161,90070400
2018-01-04,239.7147674560547,240.2001970003281,238.7704382516065,239.35293754439908,80636400
2018-01-05,241.3122100830078,241.4357558307047,240.01483159580226,240.50906845436737,83524000
2018-01-08,241.75347900390625,241.91233506929856,240.92386141723043,241.21509753711632,57319200
2018-01-09,242.3007049560547,242.9273219325383,241.894703481586,242.17713226367957,57254000
2018-01-10,241.92999267578125,242.1947797360691,240.870925236296,241.54165986780336,69574300
2018-01-11,243.69509887695312,243.69509887695312,242.31829253908555,242.48598290763604,62361500
2018-01-12,245.28375244140625,245.45141588442488,243.65980069307454,243.95989805566307,90816100
2018-01-16,244.44528198242188,247.1988945861094,243.74804451742264,246.54580175761242,106555100
2018-01-17,246.77529907226562,247.16363189211833,244.44532908703877,245.3808508074414,113258800
2018-01-18,246.36048889160156,247.0841754874419,245.86622514080076,246.66055932087906,100728000
2018-01-19,247.48133850097656,247.48133850097656,246.36048483355972,246.9429570529892,140920100
2018-01-22,249.4935760498047,249.4935760498047,247.21653163912325,247.2695105887082,91322400
2018-01-23,250.02313232421875,250.31436842127192,249.21115649717146,249.5377029172836,97084700
2018-01-24,249.92596435546875,251.2674869100715,248.74332474235334,250.66731932486005,134816100
2018-01-25,250.03187561035156,250.88796892135434,249.2375686153922,250.7908992251815,84587300
2018-01-26,252.9267578125,252.97090244824096,250.61443001040587,250.87038270927485,107743100
2018-01-29,251.2498321533203,252.79432849159676,251.09097613694277,252.3530438235178,90118300
2018-01-30,248.67286682128906,251.30290749615958,248.19627160436875,249.41422219544737,131796400
2018-01-31,248.79637145996094,250.0319635459945,247.71963544201296,249.52891933039018,108364800
2018-02-01,248.51394653320312,249.82015929215044,247.7196392466882,248.06385433338113,90102500
2018-02-02,243.10377502441406,247.32245607854946,243.06846470358377,247.1900491089066,173174800
2018-02-05,232.93655395507812,243.45679389751453,232.38936519262458,241.33863255445326,294681800
2018-02-06,237.52590942382812,238.02898045123828,228.32071694936752,229.41509439800924,355026800
2018-02-07,236.23741149902344,240.37663805301835,236.15795653494666,236.96993240003917,167376100
2018-02-08,227.37640380859375,236.67869466616017,227.34109348412244,236.537480302161,246449500
2018-02-09,230.79193115234375,232.6541399247731,223.21948299983993,230.17412171031333,283565300
2018-02-12,234.1809844970703,235.65488739157456,230.93313524836887,232.84829595258134,143736000
2018-02-13,234.76351928710938,235.31070814294307,232.38940485088588,232.97190403306325,81223600
2018-02-14,237.931884765625,238.29374145694015,233.2630850304079,233.27191934337785,120735700
2018-02-15,240.9679412841797,240.97677559772097,237.2081867236453,239.679397399641,111200300
2018-02-16,241.03851318359375,242.98901092796007,240.29715812803184,240.34130275786168,160420100
2018-02-20,239.52931213378906,241.53276176193447,238.7350051190596,240.08533512426328,86369700
2018-02-21,238.33787536621094,242.45948665527047,238.2408056524626,239.97063427773688,98883700
2018-02-22,238.64678955078125,240.98559335995316,237.97605503981436,239.26459897986842,110511300
2018-02-23,242.45069885253906,242.45069885253906,239.39701543220127,239.87361058044894,92766400
2018-02-26,245.26612854003906,245.36322521832162,242.93615840184538,243.52746505233497,86491400
2018-02-27,242.20358276367188,246.16633881013317,242.14179642399318,245.45143261392968,99099200
2018-02-28,239.75001525878906,243.75688859718798,239.43230314588934,243.30676950336124,121907800
2018-03-01,236.26385498046875,241.0915109992205,234.76347612640865,239.53818013232367,176855100
2018-03-02,237.48179626464844,238.04665368969444,233.72206839798824,234.58696929599878,139083200
2018-03-05,240.22657775878906,240.84438713964866,236.18439464515035,236.29032560229226,97307400
2018-03-06,240.83560180664062,241.28572093092131,239.33522268162986,241.2062659634352,79213200
2018-03-07,240.747314453125,241.10033687708273,238.4702969247958,238.66446329805524,87063500
2018-03-08,241.91233825683594,242.03588399802885,240.42962775919693,241.42690880544725,66901200
2018-03-09,246.1221466064453,246.12214660644534,243.00667741904286,243.3244164374985,113625300
2018-03-12,245.8131866455078,247.03997087534484,245.42485400684552,246.41335422681672,71924800
2018-03-13,244.224609375,247.48129266811145,243.61563432449097,246.97822163788553,91968900
2018-03-14,242.97137451171875,245.37196464819485,242.4153783467525,245.1866325932061,105895100
2018-03-15,242.70664978027344,244.12757396526632,242.2035786238685,243.48331536899235,83433000
2018-03-16,242.96975708007812,244.02422313128628,242.9165929969711,243.23557749561326,100343700
2018-03-19,239.68235778808594,243.147029053305,238.02534697466785,242.21663029936443,109208400
2018-03-20,240.08993530273438,240.72793138580676,239.40761778617934,240.0810656076872,59757300
2018-03-21,239.62924194335938,242.1457755675959,239.41658550918183,240.0457121547999,78709600
2018-03-22,233.63914489746094,238.24687127336625,233.36442767167804,237.39621867257364,148785900
2018-03-23,228.65927124023438,234.4101082318106,228.4643271550663,234.0822538707927,183534800
2018-03-26,234.91514587402344,235.19870579784114,229.8643665596137,232.27457182853883,141956100
2018-03-27,230.91876220703125,236.3860100315991,229.35921014628045,235.85436913975627,129941400
2018-03-28,230.23646545410156,232.72644338397635,229.1288350931325,231.05169329814782,146452300
2018-03-29,233.17831420898438,235.04800812778402,230.24531147803106,231.3795237693808,111601600
2018-04-02,228.1453094482422,233.16066378407885,225.66421433164365,232.6467080695479,186286300
2018-04-03,231.0694122314453,231.5479161327072,227.58702876737635,229.38581944316263,119956900
2018-04-04,233.5417022705078,234.2505750611293,227.37442245845756,227.50733272647864,123715300
2018-04-05,235.3847198486328,236.27082400037423,234.21505587831348,235.3049466782337,82652600
2018-04-06,230.13900756835938,234.91509563572035,228.61490710598252,233.41760426216345,179521200
2018-04-09,231.27320861816406,234.6758456838574,230.3339402790706,231.60106286308744,105442900
2018-04-10,234.95053100585938,235.7391767500302,233.02769997153587,234.17075495734375,103529000
2018-04-11,233.71888732910156,235.38476780042342,233.3910330528483,233.46190950105515,91140200
2018-04-12,235.64169311523438,236.5898311382817,234.87078675618375,235.04801842018043,68890500
2018-04-13,234.95053100585938,237.06833309406684,233.94038624610417,236.95313521756952,85079200
2018-04-16,236.8822479248047,237.65318137210718,235.76577490790555,236.58984540750555,63405300
2018-04-17,239.41659545898438,240.01914007537113,238.1406027173622,238.6545314685708,64682000
2018-04-18,239.59376525878906,240.40009641072194,239.13297369567496,239.85958574384844,57303900
2018-04-19,238.2646484375,239.14188322607453,237.22789428956048,238.93806945907434,77655900
2018-04-20,236.2442626953125,238.4152291228504,235.3581583643596,238.19370304011218,99953100
2018-04-23,236.20884704589844,237.37851129761083,235.12779863902955,236.82026122103179,65558000
2018-04-24,233.0277099609375,237.4582312976533,231.52132188975162,237.2367052308175,112885500
2018-04-25,233.60365295410156,234.04670505103178,231.14028437683976,232.9656568528519,103840900
2018-04-26,235.97848510742188,236.81142549326495,234.18856376856922,234.63161601458094,67731900
2018-04-27,236.19998168945312,236.8911420251191,235.26071320872143,236.5898697805221,57053600
2018-04-30,234.38345336914062,237.3784901828329,234.31254988286898,236.82024015591008,82182300
2018-05-01,234.7998809814453,234.90620914985735,232.2567394254151,233.81629134013014,74203400
2018-05-02,233.22265625,235.42017754766255,232.83276820523602,234.60497675716078,86368900
2018-05-03,232.70872497558594,233.36443355504483,229.54532588938255,232.38974038290624,136311500
2018-05-04,235.72149658203125,236.40381431678733,231.4061722275459,231.73402654809848,91222100
2018-05-07,236.5189666748047,237.49365975087818,235.80119732849968,236.49238462803464,55304900
2018-05-08,236.5189666748047,236.88224563341004,234.95054479010096,236.14679097826715,67499200
2018-05-09,238.80508422851562,239.13293845903178,236.66956984068239,237.19236807876953,59666100
2018-05-10,241.03802490234375,241.36590613081722,239.44304835654398,239.5493765206972,72063900
2018-05-11,241.7736053466797,242.03942586580598,240.64823538493405,241.16219111092735,59871500
2018-05-14,241.8887481689453,242.86344121162435,241.33934081825976,242.2077327192572,54790600
2018-05-15,240.22288513183594,240.67477994395338,239.2747470250523,240.65706759269153,87036100
2018-05-16,241.2330322265625,241.6938237812216,240.2317300149477,240.25833910472377,53942600
2018-05-17,241.02928161621094,242.1103301336914,240.2495053686169,240.96724781429734,56536400
2018-05-18,240.42674255371094,241.0470265732199,240.07230613189108,240.68372045228074,64368000
2018-05-21,242.2342987060547,242.7748363250333,241.525426168964,241.91531417689004,58025900
2018-05-22,241.56088256835938,243.01410661439238,241.2330283008844,242.75712879322654,52966400
2018-05-23,242.2254638671875,242.25207295686752,240.12540095605803,240.2849202853492,64694200
2018-05-24,241.7292022705078,242.10137791336814,239.93928161537693,241.82668778910926,76043800
2018-05-25,241.1533203125,241.78244689940234,240.6482342867032,241.1533203125,56374800
2018-05-29,238.3797607421875,240.28490655418898,237.2632877514973,239.52284282103713,115908600
2018-05-30,241.56088256835938,242.00393472262445,239.6203390110952,239.69121545740435,69678400
2018-05-31,240.0811309814453,241.45458200008494,239.47858647273637,241.15330974573047,93519900
2018-06-01,242.4381866455078,242.73945891811562,241.31281667002565,241.38372017049937,71258400
2018-06-04,243.59005737304688,243.8470351819398,243.02296470438506,243.2622031212298,45385200
2018-06-05,243.76736450195312,244.14838296434783,242.95213642630986,243.723043049869,51135000
2018-06-06,245.8053436279297,245.91167182426324,243.75844472323217,244.37872859085644,62732200
2018-06-07,245.77874755859375,246.58510572380365,244.86606120311572,246.2927032005663,72969400
2018-06-08,246.50535583496094,246.55851992928706,245.14961734613055,245.31797932541565,72139700
2018-06-11,246.83322143554688,247.55096378367625,246.6116953517598,246.72689324201042,58892500
2018-06-12,247.15216064453125,247.51543951875726,246.50529493436596,247.2496191127991,72329000
2018-06-13,246.36355590820312,247.64841784757283,246.15974220198962,247.3914400513479,79070600
2018-06-14,246.98388671875,247.51552772011485,246.3901848782126,247.23199486664026,77097600
2018-06-15,246.6688232421875,247.00705928887353,245.08447583654532,246.19708011475444,120041600
2018-06-18,246.16143798828125,246.28606268998453,244.72841689781526,245.2090423276186,52917600
2018-06-19,245.2179718017578,245.44049264731294,243.4645064522558,243.882846728427,97531500
2018-06-20,245.63624572753906,246.30380808388492,245.2980097875481,245.9032598048047,53785500
2018-06-21,244.09640502929688,245.64516824893215,243.5979606165725,245.62734920071702,71061400
2018-06-22,244.54150390625,245.4761077714215,244.3189830569029,245.36039258365068,54898500
2018-06-25,241.2125244140625,243.54453783166144,239.5213719264525,243.38432938995945,137854200
2018-06-26,241.74661254882812,242.60108485046902,241.02564730007097,241.78222348399203,68547400
2018-06-27,239.74392700195312,243.76709348269537,239.5926008987993,242.33407249939205,105110700
2018-06-28,241.11468505859375,241.88014368011622,238.97846334706026,239.69054630530056,76650500
2018-06-29,241.46188354492188,243.58028690836906,241.34616832811562,242.20955052675092,97592500
2018-07-02,241.97804260253906,242.13827824698606,239.6460286091395,239.88636849421613,63554800
2018-07-03,241.12350463867188,242.97489268485657,240.69628213815258,242.87696941970066,42187100
2018-07-05,243.09059143066406,243.15290376914157,241.17691812722944,242.25393827571824,56925900
2018-07-06,245.14674377441406,245.52056353276916,242.73459857884313,243.11735502521586,66493700
2018-07-09,247.3541717529297,247.4075745839448,246.1080604239275,246.1525537287102,50550400
2018-07-10,248.24417114257812,248.34209440842616,247.51429648145827,247.80803911582188,51966800
2018-07-11,246.42849731445312,247.47881645669574,246.12587219319406,246.68662912733572,77054700
2018-07-12,248.6625518798828,248.71595470154313,247.08711431453372,247.69236440214056,60124700
2018-07-13,248.8583526611328,249.16097768229426,248.0305818241457,248.48453293747932,48216000
2018-07-16,248.63583374023438,249.04526439981092,248.19079214755195,248.90287499375373,48201000
2018-07-17,249.64169311523438,250.03333198559278,247.80812347818818,247.8615263093107,52315500
2018-07-18,250.1668243408203,250.27362999677976,249.27674099024082,249.72178266553058,44593500
2018-07-19,249.2233428955078,249.88199589522554,248.74269027137362,249.49926656637274,61412100
2018-07-20,248.93844604492188,249.65052885474194,248.77823759890552,249.01855026793007,82337700
2018-07-23,249.4013214111328,249.6060231609765,248.38661353332483,248.7337590167381,47047600
2018-07-24,250.65640258789062,251.5019927821863,249.7841381381886,250.8166382626786,68026900
2018-07-25,252.79246520996094,253.1128820309598,250.3625289980166,250.4070222798745,78882900
2018-07-26,252.19615173339844,252.8815059673043,251.97363095007015,252.071554219589,57919500
2018-07-27,250.4872589111328,252.62345343835037,249.5615646561699,252.52553014866635,76768700
2018-07-30,249.17881774902344,250.72755391830702,248.65364472571542,250.56734545179876,63742500
2018-07-31,250.4071044921875,251.02126409724863,249.56154171704603,249.9442709888422,68570500
2018-08-01,249.98875427246094,251.1191773198077,249.3390109215254,250.6118233771332,53853300
2018-08-02,251.3506622314453,251.51975308587595,248.47568309509322,248.68041205410424,63426400
2018-08-03,252.42762756347656,252.48103038805158,251.2972043958702,251.47523191991127,53935400
2018-08-06,253.3533935546875,253.66490106521118,252.0716710754784,252.46331000874753,39400900
2018-08-07,254.19009399414062,254.57285063353845,253.88746879227196,254.02100307935447,43196600
2018-08-08,254.08309936523438,254.48364760224604,253.62026595885698,254.0208141958686,42114600
2018-08-09,253.73599243164062,254.5370617782561,253.60248540106807,254.1454230464565,35717000
2018-08-10,252.03590393066406,252.8369731929148,251.3238212373033,252.29403560470595,77076000
2018-08-13,251.09246826171875,252.9260374230417,250.7987256035672,252.3118778612878,65732900
2018-08-14,252.69467163085938,252.93501153311388,251.43076841522844,251.8224072839791,43842000
2018-08-15,250.8076171875,251.48408904207238,249.36568689806373,251.34167248515288,102925400
2018-08-16,252.83706665039062,253.7093580859957,252.2139974587888,252.24960839741422,69967900
2018-08-17,253.7271270751953,254.17216869669298,252.2228842214784,252.63231490756448,65618500
2018-08-20,254.2700958251953,254.53710993685968,253.72713091389735,254.1810820669121,39807500
2018-08-21,254.866455078125,255.7298369867087,254.30569823933934,254.7863508387538,67272000
2018-08-22,254.7151641845703,255.240310101412,254.18999110454047,254.45703240741486,44993300
2018-08-23,254.3768768310547,255.4004670442041,254.05643276491017,254.5370852825356,49204900
2018-08-24,255.90789794921875,256.05031455888036,254.9020993181776,254.95550215140182,57487400
2018-08-27,257.9283447265625,258.0351503794089,256.94924763682513,257.1094561160947,57072400
2018-08-28,258.05291748046875,258.4979590531934,257.59005686039865,258.39112625866665,46943500
2018-08-29,259.44140625,259.67280936227814,258.0261775197731,258.2664901543928,61485500
2018-08-30,258.39117431640625,259.33466045300537,257.7948337094247,258.96084067377245,61229500
2018-08-31,258.4000549316406,258.8450965373461,257.49217983474773,257.98171473575013,66140800
2018-09-04,257.9549560546875,258.31098382756966,256.9491579029914,257.9816574585742,57594400
2018-09-05,257.2607421875,257.8037070558668,256.2460614802188,257.59897814432145,72452400
2018-09-06,256.4864196777344,257.67021857350295,255.4539197390671,257.3675934961124,65909900
2018-09-07,255.98789978027344,256.9669966029734,255.19571279907709,255.43605261561888,73524800
2018-09-10,256.4329528808594,257.26963318859396,256.2371335074921,257.00259195408523,50210900
2018-09-11,257.2785949707031,257.72363666908745,255.4361429834161,255.7832613832973,50530500
2018-09-12,257.3409118652344,257.9461620665437,256.548751753001,257.28750903354177,59810800
2018-09-13,258.86285400390625,259.04979101093943,258.1240969884627,258.40893009740637,51034200
2018-09-14,258.90740966796875,259.25452799661804,258.1241320934378,259.0676181273453,55079900
2018-09-17,257.53668212890625,258.88959887877826,257.2607584967823,258.8540151065709,68244000
2018-09-18,258.93408203125,259.5304225064281,257.72355487099156,257.7502562778924,61930400
2018-09-19,259.21014404296875,259.6284844165975,258.86299840470014,258.9876231455746,49080600
2018-09-20,261.31060791015625,261.63105197966127,259.22781652951414,260.4739547114766,100360600
2018-09-21,261.0718688964844,262.17163696286957,260.9109352144216,262.0553979859982,105479700
2018-09-24,260.2046813964844,260.6338653373801,259.6235135690867,260.4908040237482,53409600
2018-09-25,259.9632568359375,260.7679527756195,259.72185623987883,260.6606636218157,44370000
2018-09-26,259.185302734375,261.2953948672929,258.76506882164716,260.1062374002069,79739700
2018-09-27,259.9095764160156,261.0003948061798,259.38205329179306,259.6592259962803,59249500
2018-09-28,259.9364013671875,260.4371022117942,259.24794452739064,259.28368938332716,70091400
2018-10-01,260.83941650390625,261.91233499670744,260.16883221360126,261.17915629063265,62078900
2018-10-02,260.68743896484375,261.4027180521618,260.3119269941536,260.68743896484375,47258200
2018-10-03,260.8304443359375,262.1626629471469,260.4728048689311,261.74242906972523,64694600
2018-10-04,258.79193115234375,260.4013227812266,257.2004119509289,260.34767821267377,111545900
2018-10-05,257.34344482421875,259.534003894735,255.91285948636673,259.0154306939134,105951700
2018-10-08,257.34344482421875,257.7010843371453,255.26909744864062,256.6549607935357,87742200
2018-10-09,256.9678649902344,258.27326128488613,256.40456988547504,256.9589424219697,74339000
2018-10-10,248.8314666748047,256.5297885245541,248.45595475207233,256.45824425327055,214731000
2018-10-11,243.3505859375,249.36794497640489,241.73221737678895,247.74065384619826,274840500
2018-10-12,246.73037719726562,247.74965134897252,243.5294388828034,247.46352877489144,183186500
2018-10-15,245.34446716308594,247.7049372856472,245.25505045490135,246.3726910918379,102263700
2018-10-16,250.7091522216797,251.0846914965767,246.83765690679488,247.31153546431403,118255800
2018-10-17,250.7538299560547,251.37969225553607,248.16983205916802,250.74488010061455,110626000
2018-10-18,247.1326141357422,250.41401801539985,245.85404019954618,249.81495081728673,134557500
2018-10-19,246.99856567382812,249.7255977468995,246.30115905043024,247.78538899994814,139901600
2018-10-22,245.88990783691406,247.9910505580013,245.35343483500122,247.6691831285438,82415800
2018-10-23,244.63807678222656,245.7646671199047,240.16751485321126,242.25976184779765,146352700
2018-10-24,237.2259979248047,244.77231160782722,236.67165239366057,244.3878223934468,177806700
2018-10-25,241.48191833496094,243.028742951702,238.03960666339177,239.0678306933209,138061500
2018-10-26,237.2348175048828,242.30444652856062,234.51673561051192,237.76236780248925,201574600
2018-10-29,235.92050170898438,241.63389345263403,232.33512928208398,240.33741946507135,160749100
2018-10-30,239.41648864746094,239.72943347229943,235.25887107788495,235.750649312959,157116000
2018-10-31,241.97366333007812,244.29836122091498,241.51765723653418,241.99153575655438,128296300
2018-11-01,244.54873657226562,244.74544242816248,241.75015987588534,242.8409782974679,99495000
2018-11-02,243.10023498535156,246.0865671448511,241.04376008138152,245.65738336727543,122634100
2018-11-05,244.44146728515625,244.9958127551246,242.6174698628795,243.59204936430004,65622500
2018-11-06,245.98817443847656,246.14910810565283,244.31618878403555,244.3787831944293,60085900
2018-11-07,251.25460815429688,251.3350750196263,247.7407246513271,248.1699085525704,102752100
2018-11-08,250.79856872558594,251.44233084905483,249.65410576010234,250.44985173588847,65584900
2018-11-09,248.34864807128906,249.67191684887916,246.9359353178465,249.48416090078865,98812600
2018-11-12,243.7082977294922,248.08049450989003,243.18969709911653,247.8390939112931,99673600
2018-11-13,243.2522735595703,246.17601196002806,242.52804453114362,244.17320845288768,98176600
2018-11-14,241.58921813964844,245.53223041156434,240.02452120166146,245.1298961420572,125335900
2018-11-15,244.110595703125,244.57555168678502,238.73699789549096,240.31956726733938,135101400
2018-11-16,244.7454376220703,245.65742259814695,242.49225653765222,243.01085709581017,126668000
2018-11-19,240.6056365966797,244.43243632751881,239.68470197622042,244.13736397453232,103061700
2018-11-20,236.15293884277344,238.72798666017152,235.28564881102673,237.26162937509784,136021300
2018-11-21,236.9576873779297,238.86215138841197,236.9487648074181,237.70873861136033,75563700
2018-11-23,235.37510681152344,236.77886993263593,235.21417311622506,235.31251239019173,42807900
2018-11-26,239.17510986328125,239.39863800334038,237.24382345883228,237.63723516822836,79981400
2018-11-27,239.97979736328125,239.97979736328125,237.5299377650121,238.13792773614986,75502400
2018-11-28,245.50534057617188,245.50534057617188,239.91713876381132,241.05267883521364,127629600
2018-11-29,244.96902465820312,246.3727609587975,243.58313350369852,244.7275967490252,82346400
2018-11-30,246.4621124267578,247.0254076841321,244.49508124051218,244.81694865264097,98204200
2018-12-03,249.7256622314453,250.7091916430638,248.1252201698814,250.60190248655158,103176300
2018-12-04,241.63389587402344,249.3232686005095,241.3209510511847,248.8940847903752,177986000
2018-12-06,241.26731872558594,241.38355771877852,234.65089154569947,237.76241293319464,204185400
2018-12-07,235.66123962402344,242.50119483388949,234.82077168595902,240.92754809263727,161018900
2018-12-10,236.10821533203125,237.08279435622853,231.23529292490593,235.48232587723277,151445900
2018-12-11,236.1619110107422,239.505882632987,234.68663101776033,239.31812667035345,121504400
2018-12-12,237.3511199951172,240.51628619708956,237.27065313652687,239.1482950287529,97976700
2018-12-13,237.27059936523438,239.1661132566384,236.1529588834023,238.29882315129095,96662700
2018-12-14,232.8894805908203,236.07251886179182,232.335135214639,235.1158119519833,116961100
2018-12-17,228.320556640625,233.0504055160485,226.68432921377234,231.93276494932454,165492300
2018-12-18,228.0702667236328,230.63637942258953,226.46086115216173,229.96579490473297,134515100
2018-12-19,224.6546630859375,231.93273703475887,222.9469188742568,228.15064563222407,214992800
2018-12-20,220.997802734375,224.97660095026527,218.74463523338065,223.40296773540618,252053400
2018-12-21,216.46966552734375,224.57267269432074,215.82214402588565,221.90164993149264,255345600
2018-12-24,210.7499237060547,216.59559463503328,210.68697746264831,214.97679071015122,147311600
2018-12-26,221.39796447753906,221.39796447753906,210.22824152998547,212.21577505216038,218485400
2018-12-27,223.0977325439453,223.29557334632165,214.90480143725537,218.1513968614216,186267300
2018-12-28,222.8099365234375,226.0924992212644,221.64079990409365,224.45571893237823,153100200
2018-12-31,224.76148986816406,225.00431382380472,222.55812491820467,224.43772916822454,144299400
2019-01-02,224.99526977539062,225.92159599313865,221.1910925520753,221.21807146181402,126925200
2019-01-03,219.6263427734375,223.5474392159081,219.14069477160703,223.2416552536366,144140700
2019-01-04,226.9828643798828,227.63038583409028,222.28834069825123,222.66605925941474,142628800
2019-01-07,228.7725067138672,230.1844534606042,226.35329691052422,227.25263059368558,103139100
2019-01-08,230.9219207763672,231.40756869382054,228.4307761296597,230.96690393187473,102512600
2019-01-09,232.00112915039062,232.84650507308868,230.40031616931114,231.63239901853396,95006600
2019-01-10,232.8195343017578,233.07134666335935,229.77978172175344,230.46328417988147,96823900
2019-01-11,232.90945434570312,232.93643325921258,231.15574263112958,231.7403040541585,73858100
2019-01-14,231.4884796142578,232.2978744227249,230.5981480694925,231.0028317509834,70908200
2019-01-15,234.14151000976562,234.4562822612293,231.85719496385295,231.86619708247534,85208300
2019-01-16,234.70814514160156,235.59847682156547,234.36639390612345,234.5732231151311,77636700
2019-01-17,236.48875427246094,237.35213428373712,233.79075348956016,233.83573663656512,96118400
2019-01-18,239.63650512695312,240.10417632361575,236.52481749408827,238.3055085099725,127900300
2019-01-22,236.3988494873047,238.37739465805262,234.78005976250157,238.16156334687548,115531200
2019-01-23,236.89349365234375,238.1345785519366,234.42032597273047,237.4330993624476,86030300
2019-01-24,237.01934814453125,237.60393691339948,235.6973267169438,236.71357802838287,59204100
2019-01-25,239.0249786376953,239.8523779563822,237.1183950349971,238.87207978857583,96883400
2019-01-28,237.2082977294922,237.27123023847457,235.43660900191273,236.87554860655177,85613700
2019-01-29,236.89349365234375,237.91871980060318,236.05711989670039,237.352162622755,66136300
2019-01-30,240.6437225341797,241.4890984891939,237.64895310091936,238.41339230860103,92473700
2019-01-31,242.75718688964844,243.2428348680821,240.36495548279828,240.58081427626428,104012100
2019-02-01,242.8741455078125,243.8993994740004,242.08272717156143,242.95508227690684,85782500
2019-02-04,244.58279418945312,244.64575413764086,242.2445209960135,242.91902129534296,60744800
2019-02-05,245.60797119140625,245.91374127158036,244.51078328232083,245.01440781972278,79552800
2019-02-06,245.2842559814453,245.8238616716805,244.54682323179225,245.3292391321648,58347800
2019-02-07,242.94606018066406,244.21409676113956,241.28228706380753,243.66551628474147,95482000
2019-02-08,243.24281311035156,243.34172665416142,240.86855871304238,241.69595788208665,75788900
2019-02-11,243.377685546875,244.16010148759838,242.84708194851643,243.8993144710152,68021400
2019-02-12,246.5074462890625,246.88515118640777,244.92460972172518,244.99657180869212,72270200
2019-02-13,247.30780029296875,248.15317628594968,246.92109333429394,247.34378133078442,65277200
2019-02-14,246.7592010498047,247.89237036807685,245.4011982919063,246.2195953056042,83234400
2019-02-15,249.44822692871094,249.4842079676425,248.333061731253,248.53989095275435,97088700
2019-02-19,249.8798370361328,250.5363329748187,248.63875232261373,248.6477544408365,59120800
2019-02-20,250.38348388671875,250.8421528291193,249.34025356302394,249.84387820956835,76610800
2019-02-21,249.49319458007812,250.10473497644506,248.53090082828663,249.7450069459639,64214700
2019-02-22,251.04006958007812,251.23789668375449,249.47520998375245,250.11372934654804,78114600
2019-02-25,251.3817596435547,252.9915747390234,251.30082289960214,252.46997324061095,69030700
2019-02-26,251.20187377929688,252.0832031633799,250.82414158220126,251.03099819554936,56844100
2019-02-27,251.09397888183594,251.44470475159574,249.54712382701697,250.48241111003395,56921600
2019-02-28,250.62631225585938,251.31881677916292,250.3025652933955,250.87812459738245,69268300
2019-03-01,252.19125366210938,252.60493961951306,250.75231376555803,252.20923046182406,78880500
2019-03-04,251.2738494873047,253.49520499382757,248.9715572350569,253.25239475665288,106494600
2019-03-05,250.93211364746094,251.5976393400359,250.38353318875386,251.3997848009715,59114600
2019-03-06,249.4122772216797,251.05807375228162,249.08853016709907,251.04907163004506,75039800
2019-03-07,247.32583618164062,249.1064998217541,246.4804600804881,248.96260309756923,94885100
2019-03-08,246.83114624023438,247.00202185730376,244.99652505510414,245.4641687491686,85795800
2019-03-11,250.41053771972656,250.5724112376579,247.52368353464593,247.55066245430115,65098900
2019-03-12,251.3547821044922,251.8764110512473,250.77922277362813,250.96807517721766,79667500
2019-03-13,253.0185546875,253.95386947503115,252.08323989996887,252.24514083402346,80639200
2019-03-14,252.856689453125,253.468229837998,252.4160246824796,253.04554186261745,67518400
2019-03-15,254.10594177246094,254.91890184725528,253.22070265266606,253.41041447100844,81309000
2019-03-18,255.02735900878906,255.32546190558878,254.09696591928588,254.32278975233407,62199800
2019-03-19,255.09056091308594,256.8610118000077,254.1963074795049,256.093232927255,90268100
2019-03-20,254.32272338867188,256.0841598533682,253.21168806247826,254.87374773204436,84609200
2019-03-21,257.1951599121094,257.60162606639886,253.4555058944144,253.50068717802785,79550400
2019-03-22,252.2451934814453,256.3551757596033,252.18195619928713,255.83127665436504,122659300
2019-03-25,252.05545043945312,253.09423420057936,250.7908429230222,251.90187815664035,85575200
2019-03-26,253.93434143066406,254.8918321344022,252.52520312831808,253.81690864440495,68125900
2019-03-27,252.60646057128906,254.51242750168765,251.05279194971584,253.9252636536454,72224700
2019-03-28,253.56396484375,254.0156124027296,252.0825751848141,253.23879183314673,56238500
2019-03-29,255.16281127929688,255.48798428535605,253.9523991461117,255.0815180277821,82186800
2019-04-01,258.1888122558594,258.48691505981185,256.8971069490714,257.1681120041534,77617900
2019-04-02,258.3152770996094,258.55014262525657,257.5203730740739,258.3785143667261,40070400
2019-04-03,258.7218017578125,259.9322139170012,258.11658189502833,259.5347618568044,68243200
2019-04-04,259.4082336425781,259.66115512252776,258.3513940024355,259.0469211807035,48997500
2019-04-05,260.6638488769531,260.7180443724978,259.78765161047926,260.07671263096836,58621700
2019-04-08,260.8626403808594,260.97103139916385,259.57994900936256,260.23936445922556,53566300
2019-04-09,259.5257263183594,260.22125365722127,258.9747295108935,259.8960806363654,66142300
2019-04-10,260.4109802246094,260.50131525764226,259.5257410070982,259.94124907939124,52601500
2019-04-11,260.33868408203125,260.90776442976176,259.76960373430074,260.89872265713745,55093100
2019-04-12,262.1000671386719,262.38008636907847,260.38381223949034,261.955536638079,69727800
2019-04-15,261.92852783203125,262.27178444169795,261.1245818181926,262.1724076285074,49596700
2019-04-16,262.1000671386719,262.86787336278246,261.50388916111683,262.81367787085696,52153200
2019-04-17,261.4587707519531,263.2472773597952,261.04323516923716,263.2201796101727,58268300
2019-04-18,261.9736328125,262.244637880087,260.74516471851695,262.04591185707466,68708500
2019-04-22,262.1994934082031,262.35306572470756,261.1155556847655,261.20589071998097,40160100
2019-04-23,264.5570373535156,264.7919028688459,262.33493942801596,262.56977737697116,52246600
2019-04-24,263.969970703125,264.8100286374608,263.8254401607045,264.47581381840564,50392900
2019-04-25,263.8072509765625,264.46666614360726,262.6149227202109,263.8704882322458,57770900
2019-04-26,265.03582763671875,265.1080791179759,263.07566507367034,263.8525132206779,50916400
2019-04-29,265.4512939453125,265.97522047598136,265.0357859690539,265.12612098120803,57197700
2019-04-30,265.58685302734375,265.8759141162516,263.6899551015451,265.1081076591326,81111700
2019-05-01,263.590576171875,266.4269363970026,263.58153439842476,266.2191685723244,71671900
2019-05-02,263.021484375,264.394510693582,261.52201106550615,263.4731319658217,65030200
2019-05-03,265.5959167480469,265.8759360865708,263.12991064779754,264.5029371503766,56543700
2019-05-06,264.5027770996094,264.94538270886466,260.9618495264621,261.27800820437375,107198100
2019-05-07,260.0858154296875,262.68731036749074,258.17083375780055,262.09113214704536,144729900
2019-05-08,259.7244873046875,261.44074280060613,259.12830911984304,259.7244873046875,91568300
2019-05-09,258.93853759765625,259.5437297861548,255.9034521851628,257.64683241551785,103471100
2019-05-10,260.2393798828125,260.99814462229654,255.00025063439676,257.9991976283467,112429300
2019-05-13,253.69944763183594,256.07511814682,252.8593898078208,255.10861334378154,127290500
2019-05-14,255.9938201904297,257.52943285317116,254.59372384280758,254.7201708195066,77003200
2019-05-15,257.4932861328125,258.1346179031768,254.15108340328302,254.3588511897965,73956400
2019-05-16,259.8780822753906,261.242039503782,258.12568709745983,258.1979385959868,76749600
2019-05-17,258.1978454589844,260.6909485378402,257.54747194129925,257.5655554841976,100353000
2019-05-20,256.4906921386719,258.30629680975045,255.74094165897924,256.5900413823226,62877600
2019-05-21,258.8031311035156,259.1824996716411,257.93594781503344,258.1888693825783,46847100
2019-05-22,258.0081481933594,258.9656386618221,257.529402959128,257.84556171374305,49482500
2019-05-23,254.85568237304688,255.82218714026155,253.43750250783694,255.77703341365086,98733800
2019-05-24,255.43380737304688,256.71649864517656,254.8105314996968,256.3009630186892,55268100
2019-05-28,253.05821228027344,256.6713940442363,253.0401562953537,255.7139030820973,70029400
2019-05-29,251.35989379882812,252.34448205681608,249.95075578130627,251.93801584005564,104972900
2019-05-30,252.04640197753906,252.95873874599283,250.94438097824985,252.11865344811306,62523800
2019-05-31,248.6500244140625,250.32112580965443,248.62292666457193,249.4901097810255,86862800
2019-06-03,248.01779174804688,249.8062987607002,246.68090480919597,248.6862214342802,96428000
2019-06-04,253.4013671875,253.53685593595583,249.86948012373486,250.3211276628397,77231900
2019-06-05,255.59637451171875,255.62347226214143,253.21168977538474,255.02729418646322,71169700
2019-06-06,257.2583923339844,257.93586355069925,255.2440622254317,255.89443569613297,69430400
2019-06-07,259.83282470703125,260.9167898314945,258.1075277932227,258.2791560640357,74272200
2019-06-10,261.02520751953125,262.6963091046184,260.93487248885987,261.3865200758358,60799100
2019-06-11,260.9620056152344,263.2202438562218,260.3116318991746,262.8498894767337,58641300
2019-06-12,260.5012512207031,261.2871134387814,259.98636646872944,260.72707496458196,47096300
2019-06-13,261.5762023925781,261.93754251256837,260.70904675063946,261.41361587841106,48945200
2019-06-14,261.2872314453125,261.892423915064,260.519424856081,261.2872314453125,52324700
2019-06-17,261.386474609375,262.15428088695546,261.2148463508673,261.5219633486242,39205700
2019-06-18,264.12347412109375,265.1803414868671,262.84982475880395,263.21116484150195,85434800
2019-06-19,264.7196960449219,265.2526369189243,263.2834599472443,264.2590066596051,78674400
2019-06-20,267.2488708496094,267.65536466476567,264.78289290788814,267.41148491549893,116570000
2019-06-21,266.86041259765625,268.24008911239224,266.6425762270279,266.97841653189795,83309500
2019-06-24,266.53369140625,267.3868931981655,266.37937215743466,267.06922435138495,47582700
2019-06-25,263.9195556640625,266.61539201075107,263.81063746023005,266.58816245979295,82028700
2019-06-26,263.65625,265.3263933277902,263.54733182434325,264.81809004109107,51584900
2019-06-27,264.59112548828125,265.09942869342365,264.03744895071253,264.4186625043458,40355200
2019-06-28,265.9527282714844,266.4519458621194,265.0541255281596,265.5714869164789,59350900
2019-07-01,268.3671569824219,269.51085323616786,267.1599158922563,269.2929891827937,78705600
2019-07-02,269.06610107421875,269.12056016932945,267.4776461657612,268.32178984043225,61504500
2019-07-03,271.2174072265625,271.23557873118546,269.6017222415891,269.74695577625084,40898900
2019-07-05,270.9087219238281,271.07212691821906,268.6849015551727,269.9828895577444,51677300
2019-07-08,269.4201354980469,270.7272092912815,268.8755168007895,269.592598547186,45841800
2019-07-09,269.75592041015625,270.05544539684234,268.20378098733346,268.25824007582185,41101300
2019-07-10,271.0448303222656,271.99791979943893,270.29146110929497,270.82699396197586,58448500
2019-07-11,271.68023681640625,271.9253027339182,270.67271589951406,271.68932256535436,50826100
2019-07-12,272.89654541015625,272.9691760033225,271.86179491140507,272.17040568122405,40326000
2019-07-15,272.9872741699219,273.3322001786675,272.47897090454427,273.3322001786675,33900000
2019-07-16,272.10687255859375,273.1053355042266,271.7982617754811,272.8965571654491,36650100
2019-07-17,270.25518798828125,272.2430281874804,270.25518798828125,272.0796508917685,36036300
2019-07-18,271.24456787109375,271.62580926528136,269.3112144519757,269.7559729948134,51392600
2019-07-19,269.73773193359375,272.37002234283176,269.5652689484641,272.342792803098,58678600
2019-07-22,270.4003601074219,270.9449786699642,269.6197614047901,270.1371227237771,43638100
2019-07-23,272.3338317871094,272.3338317871094,270.69091750299555,271.52600327138504,44564500
2019-07-24,273.6135559082031,273.6135559082031,271.48048292126975,271.5712572888846,47213200
2019-07-25,272.3064880371094,273.21417633056643,271.4986321597174,273.15971724899487,55394100
2019-07-26,274.1309814453125,274.3306740005272,272.8692812781715,272.996370949877,45084100
2019-07-29,273.6318054199219,274.1310507844643,273.0781286543182,274.0130468310187,38126500
2019-07-30,272.9600830078125,273.36855390727766,271.8436161962743,272.22485754913873,45849000
2019-07-31,269.9737548828125,273.3957578882141,267.9496274737114,273.20512337938123,104245200
2019-08-01,267.622802734375,273.0961618235228,266.82403263505535,270.12803119125067,142646600
2019-08-02,265.6077880859375,266.96932075211555,264.04656285403524,266.72425484436656,116749700
2019-08-05,257.6202087402344,261.6049476556498,255.71405696522774,261.49602944572837,178745400
2019-08-06,261.2326965332031,261.45056057391236,258.0376435074531,259.51717995276283,120711700
2019-08-07,261.3870849609375,262.15862580427233,256.00449825818504,258.1466300392057,140572300
2019-08-08,266.5154113769531,266.5154113769531,262.3309819687208,262.88465848806237,87713900
2019-08-09,264.7000732421875,266.1705239429332,262.91192607759484,265.57144630550897,93730000
2019-08-12,261.47784423828125,264.6910417239846,260.5247546514729,263.1933611738068,65527600
2019-08-13,265.544189453125,266.996496209599,260.83328516644195,261.1782111374049,94299800
2019-08-14,257.69268798828125,262.08589578320374,257.5656260378326,261.47776016948006,135622100
2019-08-15,258.3735046386719,259.2721350157383,256.3221476344596,258.5822829485868,99556600
2019-08-16,262.18585205078125,262.62152484118394,258.428008030815,260.03463454679644,83018300
2019-08-19,265.3446044921875,266.0253709633341,264.536776017332,265.2175424884786,53571800
2019-08-20,263.311279296875,265.37172163796004,263.1842173469865,264.83618889821844,51596400
2019-08-21,265.4535217285156,265.82564964948455,264.7908991293272,265.4807512764025,49524700
2019-08-22,265.3717956542969,266.796873242522,263.59273395652144,266.16150791497233,51666400
2019-08-23,258.5550842285156,265.7349038503601,257.3024696205957,264.06476027328546,149161500
2019-08-26,261.414306640625,261.414306640625,259.217688125791,260.7516840162118,72423800
2019-08-27,260.3885803222656,263.1842762508869,259.626125350947,262.8121206636148,66668900
2019-08-28,262.2220458984375,262.38542311916814,258.9180476990704,259.725903457868,59696700
2019-08-29,265.5714416503906,266.0979163984972,263.7832945171419,264.7908429762012,57899400
2019-08-30,265.4535217285156,267.0782642531926,264.5186036504583,267.0601204547532,62901200
2019-09-03,263.9013366699219,264.6637916599921,262.5670335121855,263.7470451424127,69101400
2019-09-04,266.89666748046875,266.9148112737629,265.326356796421,266.0797535750682,46887300
2019-09-05,270.3277587890625,271.244505212518,266.86038254462613,269.39284086979836,83258100
2019-09-06,270.53662109375,271.18110005114613,269.96480044913864,270.6455670122336,49584300
2019-09-09,270.6727294921875,271.61670561475586,269.7287256691636,271.5259589225341,51260300
2019-09-10,270.60919189453125,270.67273674115273,268.6485813021073,269.9102539826076,57947100
2019-09-11,272.53338623046875,272.61507484566835,270.26416569566055,270.9177023177031,68821100
2019-09-12,273.4775390625,274.5395193404388,272.6787685660046,273.4412237579881,72908700
2019-09-13,273.2958984375,274.2762174267947,272.9237428675318,273.9222056527572,62104800
2019-09-16,272.4517822265625,273.34132692462055,271.80733115066425,272.16131525979404,58191200
2019-09-17,273.1416320800781,273.2323787685422,272.0796243605958,272.25208738940455,41475500
2019-09-18,273.30499267578125,273.41391085565266,270.7089893535516,272.7512883274981,73375800
2019-09-19,273.2867431640625,274.69367645363985,272.95090297184663,273.69521392242734,76560500
2019-09-20,271.99560546875,274.17501234833077,271.2022742040903,273.89230390446664,89565000
2019-09-23,271.9317626953125,272.65215578179743,271.0745931565514,271.32991847692455,43476800
2019-09-24,269.7980041503906,273.41816984308304,268.8314133151165,273.0260680157953,94869400
2019-09-25,271.393798828125,271.8406112509374,268.39370497746904,269.8800742554495,71854000
2019-09-26,270.8284912109375,271.6126950332512,269.4150876575197,271.40298034180495,56179700
2019-09-27,269.36932373046875,271.69463423150086,267.81001685383865,271.5851852648957,84746600
2019-09-30,270.6186828613281,271.3299483197672,269.843606937057,269.889189816705,51662400
2019-10-01,267.3997497558594,272.1597656698746,267.1809074057269,271.5032107911009,88242400
2019-10-02,262.6761779785156,265.8221754380826,261.3813238273113,265.81304773205215,122539500
2019-10-03,264.8282775878906,264.85563288257976,259.72174256169916,262.44825563642974,85278800
2019-10-04,268.41192626953125,268.6672515970183,265.4300603849655,265.4847987957739,65091200
2019-10-07,267.2537536621094,269.24167302948007,266.9710731142861,267.6094001871321,59610500
2019-10-08,263.10479736328125,266.13224635638005,263.0683143627302,265.3936256083809,95708100
2019-10-09,265.60333251953125,266.5425680006692,264.49996528325266,265.12916483966666,62359400
2019-10-10,267.3997497558594,268.2842746921465,265.35714694561955,265.5212787082189,55296300
2019-10-11,270.17181396484375,272.415031044953,270.0441652314956,270.1626862594724,98720400
2019-10-14,269.8709411621094,270.52749598236426,269.52442225303406,269.8526857489747,40394800
2019-10-15,272.542724609375,273.29047295885005,270.80103030537066,270.91957916911326,46754500
2019-10-16,272.1050109863281,272.79804875393893,271.66732635699213,272.0776556969946,48928200
2019-10-17,272.907470703125,273.78286779270866,272.2144329335033,273.27221717142055,45736600
2019-10-18,271.7129211425781,273.0169030385987,270.85575160138507,272.36947594373936,64304000
2019-10-21,273.55487060546875,273.75548531736456,272.5974077427296,273.03512015823924,39048600
2019-10-22,272.6612854003906,274.3847243679034,272.5700918221093,274.09291604875244,48594700
2019-10-23,273.4546813964844,273.509391990731,272.1962820720527,272.40602456891787,34352200
2019-10-24,273.9014587402344,274.539786029107,273.07164439605043,274.39388185369677,35453100
2019-10-25,275.0230407714844,275.57017439128174,273.27221875380724,273.3269293329498,45205400
2019-10-28,276.5732421875,277.0747929739586,276.21762339483763,276.2449786865809,42147000
2019-10-29,276.4912109375,277.42134663000076,276.17204727494345,276.2997238713171,44284900
2019-10-30,277.3392333984375,277.71307975913317,275.3786688753073,276.691778476006,49643900
2019-10-31,276.60064697265625,277.3301679303032,275.1416607141205,277.3301679303032,69053800
2019-11-01,279.16302490234375,279.2086077821557,277.8863703270977,278.05052991684784,71141500
2019-11-04,280.28466796875,280.8591570607333,279.9107936735167,280.7223805693994,60606900
2019-11-05,279.9746398925781,280.78622681140075,279.6828314838971,280.4852906935792,42933200
2019-11-06,280.0384216308594,280.3119745660006,279.0900584084101,279.97458333653447,46487100
2019-11-07,281.02325439453125,282.3637195020132,280.54908667325026,281.378901056775,54272300
2019-11-08,281.7162780761719,281.77098866323445,279.97458351234354,280.67672126523075,49032100
2019-11-11,281.1782531738281,281.35151263066575,280.19340701618546,280.33021130301705,35797300
2019-11-12,281.77093505859375,282.67368740176113,280.9958314514963,281.5429650464104,46484600
2019-11-13,281.8621520996094,282.2633815807318,280.549042493822,280.77701252498827,53917700
2019-11-14,282.2724914550781,282.3545851581734,280.94115421786375,281.5794814590841,51219900
2019-11-15,284.315185546875,284.36076843357273,282.9200097076864,283.6130198587448,62023600
2019-11-18,284.5248718261719,284.76196960145177,283.6221192639558,284.0780593989542,49228000
2019-11-19,284.44281005859375,285.13584797890377,283.7953828494702,285.1267202709909,67804700
2019-11-20,283.3849792480469,284.3698253767361,281.82567201072436,283.85004702150417,79406200
2019-11-21,282.92901611328125,283.60382628077144,282.1265850365531,283.4944051261436,54664700
2019-11-22,283.5582275390625,283.81355285341886,282.5460539876979,283.67677640436585,44850200
2019-11-25,285.75592041015625,285.75592041015625,284.48842128497455,284.48842128497455,48647200
2019-11-26,286.4032897949219,286.5856769464181,285.47318211038436,285.79234571131667,37569000
2019-11-27,287.6799621582031,287.6799621582031,286.66776071244107,286.8866030452009,44444600
2019-11-29,286.61309814453125,287.3608466778935,286.3851280669241,287.1146211839155,36592700
2019-12-02,284.1783142089844,286.9321819618244,283.7497294692286,286.86834367905055,75767800
2019-12-03,282.2724914550781,282.3545851581734,280.06575705912854,281.45180487949045,73941700
2019-12-04,284.0141296386719,284.61597376246,282.9746009363967,283.3211197799446,49080000
2019-12-05,284.5248718261719,284.734614306487,283.2117620111064,284.71638671930293,40709000
2019-12-06,287.123779296875,287.52500890222177,286.43074128247935,286.4398689916314,48927000
2019-12-09,286.22100830078125,287.40644162273225,286.148042288993,286.7316590697798,34838500
2019-12-10,285.9017333984375,286.8318409740811,285.2451786896394,286.1661863886341,52649800
2019-12-11,286.7134094238281,286.9687347886849,285.8197567326405,286.35776275757524,53429100
2019-12-12,289.18450927734375,289.96871272087856,286.4853522653221,286.72242214237934,96389600
2019-12-13,289.3578186035156,290.58886238329086,288.17235770032045,288.9474614007992,81503900
2019-12-16,291.3456726074219,291.9383890673967,289.2939425186372,291.09034730950793,82749700
2019-12-17,291.4095458984375,292.0296177209557,291.3274800244313,291.7287095162663,61097700
2019-12-18,291.42779541015625,292.02963969319137,291.373084823369,291.80166963878605,48133000
2019-12-19,292.6224060058594,292.6953720195615,291.36400663911246,291.6193320303089,85310500
2019-12-20,293.9053039550781,295.04158585652715,292.6773801016935,293.6578678883322,147142100
2019-12-23,294.354248046875,294.74827759131267,294.2076265492535,294.6932980253535,52990000
2019-12-24,294.36346435546875,294.6291896420127,294.0610487325802,294.58338265197284,20270000
2019-12-26,295.9303894042969,295.93956198687215,294.73912820752435,294.74827282490884,30911200
2019-12-27,295.8570861816406,296.7184700506117,295.3256076922634,296.66349048154484,42528800
2019-12-30,294.2259826660156,296.0770548487809,293.7403111256771,295.939605915703,49729100
2019-12-31,294.94073486328125,295.1881708994425,293.3737611501004,293.7219837452948,57077300
2020-01-02,297.6990051269531,297.71735029463804,295.5547178974124,296.4802539792737,59151200
2020-01-03,295.4447021484375,296.5718391025249,294.244268433237,294.2992479953691,77709700
2020-01-06,296.5718688964844,296.6543382479676,293.5661700502953,293.68530176861276,55653900
2020-01-07,295.7379455566406,296.48019761170144,295.2889085116511,296.0036707856056,40496400
2020-01-08,297.3140869140625,298.5328378108533,295.6829613419756,295.9303693680399,68296000
2020-01-09,299.3301086425781,299.4034333774434,298.29461349284884,298.88109951100057,48473300
2020-01-10,298.4687194824219,300.07235545551816,298.0013931580216,299.9165893357821,53029300
2020-01-13,300.5213623046875,300.5305069215687,298.66114588168574,299.0918377611585,47086800
2020-01-14,300.0632019042969,301.1353314053116,299.50420569698866,300.0815191045464,62832800
2020-01-15,300.7413635253906,301.50193298696496,299.8891521133961,299.97162147921523,72056600
2020-01-16,303.2430419921875,303.2430419921875,301.89598643854816,302.1250773288596,54050300
2020-01-17,304.1868591308594,304.3976048271327,303.17885374044386,303.9577682678192,95846000
2020-01-21,303.5910949707031,304.3974990026874,303.15125856429967,303.22455531030573,77742400
2020-01-22,303.6278381347656,305.10319771439003,303.4720720211028,304.4525595814496,48914900
2020-01-23,303.9760437011719,304.38841838405864,301.85924665475704,302.97721103138565,51963000
2020-01-24,301.2727966308594,304.7183320973039,299.9807208309427,304.6358627439296,87578400
2020-01-27,296.4435729980469,297.92807729720744,295.6738310638596,296.0128810624095,84062500
2020-01-28,299.550048828125,300.4297498723814,296.5352053758519,297.8730881255824,63834000
2020-01-29,299.30267333984375,301.14457311721316,299.10107223005605,300.91548221814526,53888900
2020-01-30,300.2739562988281,300.484729951174,296.48022631294674,297.231623057657,75491800
2020-01-31,294.8216552734375,299.80667522712497,293.9052917226155,299.6508811187989,113845600
2020-02-03,297.0116882324219,298.88107731999344,296.1869668001725,296.30609851158897,69083000
2020-02-04,301.53857421875,302.40913073891045,300.3106504717624,300.63138329314756,62573200
2020-02-05,305.020751953125,305.23152563303483,303.01394154526906,304.48010082486485,65951100
2020-02-06,306.04705810546875,306.23948658903026,304.9657280409619,305.9829059558844,50359700
2020-02-07,304.4158630371094,306.05613301299286,303.86603952983205,304.98400374072804,64139400
2020-02-10,306.68853759765625,306.7526897560034,303.49043784674745,303.5271002179738,42070000
2020-02-11,307.2200012207031,308.8327817820095,306.6884947902929,308.04472268441083,54864500
2020-02-12,309.19927978515625,309.4100254210768,308.29206121099236,308.65860089384944,43992700
2020-02-13,308.8694763183594,309.8408193824816,307.4949310806172,307.7698289420879,54501900
2020-02-14,309.3642883300781,309.48342004608406,308.0813851676903,309.28181898019517,64582200
2020-02-18,308.56707763671875,309.42846152545053,307.17418728122385,308.3654765571178,57226200
2020-02-19,310.0423889160156,310.72048888209537,309.25432981653825,309.53840023287927,48814700
2020-02-20,308.7686462402344,310.31730256037446,305.77212014655726,309.4925531618124,74163400
2020-02-21,305.5888977050781,307.7240122691576,304.7641482162331,307.4124520475645,113788200
2020-02-24,295.4539489746094,305.66222441007517,294.37261872884346,296.11373185118,161088400
2020-02-25,286.5010681152344,297.46076871789444,285.62136690739607,296.8468207789021,218913200
2020-02-26,285.4471740722656,291.5043221918887,284.714094602618,287.90302105729336,194773800
2020-02-27,272.6272277832031,285.50211970836045,272.6272277832031,279.912298529664,284353500
2020-02-28,271.4818420410156,272.97551892461485,261.6584248326628,264.55413666270186,384975800
2020-03-02,283.23876953125,283.3029216830661,269.8323680613231,273.26873092756443,238703600
2020-03-03,275.12896728515625,287.59151643262715,272.6822924096113,283.614502212992,300139100
2020-03-04,286.6935119628906,286.9134582505058,277.9605676844189,280.5172300433054,176613400
2020-03-05,277.1632385253906,282.6705909596621,274.91816519813835,279.4724919610875,186366800
2020-03-06,272.5814514160156,273.79105782578944,265.9561618762661,268.6319273661624,228667200
2020-03-09,251.2943572998047,260.4213293712174,250.57959493213733,252.27484493127642,309417300
2020-03-10,264.297607421875,264.3892214116597,250.62544991523072,260.83375405902194,276444100
2020-03-11,251.41343688964844,258.3594867875514,248.2245103089877,257.2232051751496,255316300
2020-03-12,227.3589324951172,244.35747701671542,226.96488894698197,234.5890394404426,392220700
2020-03-13,246.7949676513672,248.77431571099865,227.73460844780018,241.08601429467296,329566100
2020-03-16,219.78973388671875,235.4137163108471,217.5079843316122,221.0084847199583,297240000
2020-03-17,231.65667724609375,234.74483150463524,217.24228444804106,224.54568810052052,262070500
2020-03-18,219.92721557617188,227.5971727449602,208.94918598045479,216.4908528327942,327597100
2020-03-19,220.3946075439453,226.69003507385258,212.7979593440001,219.23999442522214,289322000
2020-03-20,210.89683532714844,225.340685761299,210.62030694707715,223.5524848436313,347158800
2020-03-23,205.5045928955078,211.7079795342504,201.18157403211723,210.33457814055313,326025200
2020-03-24,224.12396240234375,224.9996379339709,215.50559082451886,216.0770724853135,235494500
2020-03-25,227.47915649414062,236.29111690961022,220.99002898483698,225.7093944461487,299430300
2020-03-26,240.7615966796875,242.23637714950428,229.56230316059742,229.99552765925554,257632800
2020-03-27,233.59034729003906,240.402092757539,231.40579995163029,233.45209014133601,224341200
2020-03-30,241.1764373779297,241.89540290874632,233.6918146392636,235.69201505856847,171369500
2020-03-31,237.58157348632812,242.72493717157138,236.17129407830672,240.17169430674883,194881100
2020-04-01,226.88925170898438,237.4986263490016,224.81530968581333,228.5760595756085,189554600
2020-04-02,232.124755859375,232.9082364450092,225.45126781068453,226.00432451274554,177660400
2020-04-03,228.7696075439453,233.4981993171639,226.03200326101012,231.1385026260033,135561200
2020-04-06,244.13516235351562,246.107724660131,228.75113699725847,237.66447500035494,188061200
2020-04-07,244.38406372070312,253.5094010822831,244.16285228612495,252.75355784129687,201427200
2020-04-08,252.58775329589844,254.40360624829125,244.4947701353596,246.99271071171444,153774500
2020-04-09,256.431396484375,259.19665225611317,253.91500360542418,255.8598866626546,189999200
2020-04-13,254.09014892578125,255.795395679431,250.17270309182473,255.45435195462855,114839100
2020-04-14,261.583984375,262.6071155005401,253.9518796282053,258.99386373886557,134143400
2020-04-15,256.0257873535156,261.7222066904495,253.90574134911725,255.8506522622504,121775000
2020-04-16,257.2610168457031,258.1182395479549,254.18236820594646,257.3070931988661,131798300
2020-04-17,264.2110290527344,264.819360669929,260.3027811151515,263.0496124333535,146684800
2020-04-20,259.55615234375,264.34927418099744,259.3349408566782,260.49632929344494,100109300
2020-04-21,251.6751251220703,256.2838842278016,250.73492026153588,255.07639159247063,126385700
2020-04-22,257.2610168457031,259.0123402105221,255.2423774954704,256.5697027704081,92951600
2020-04-23,257.2425231933594,261.7222523215309,256.9383574252864,258.5421968253092,104709700
2020-04-24,260.8280944824219,261.50098338829105,256.707863024315,258.7633795586813,85063200
2020-04-27,264.5888366699219,265.71337496446637,262.34898660009674,262.8098624891784,77896600
2020-04-28,263.3721618652344,268.5984790155817,263.0679680071773,268.2482088176414,105270000
2020-04-29,270.26690673828125,271.8062450162346,267.6860122880096,268.71837006811825,118745600
2020-04-30,267.75054931640625,270.3683217990801,266.0084244155675,268.88428635062775,122901700
2020-05-01,260.6622619628906,267.9164458693108,259.49161889294606,262.98506692974644,125180000
2020-05-04,261.3812255859375,261.6853913737779,257.28864438988586,258.7726516314757,80873200
2020-05-05,263.7961730957031,266.6167316014269,261.5102183039644,264.21097269404163,79569900
2020-05-06,262.00799560546875,265.8885634952178,261.57477105747034,265.50144342317355,73632600
2020-05-07,265.1695861816406,267.105270843854,264.6626338763726,265.2341155672962,75250400
2020-05-08,269.55712890625,270.02723137851206,267.1789932426563,268.3127582106148,76452400
2020-05-11,269.61248779296875,270.9951159354968,267.1975018047624,267.62149989217136,79514200
2020-05-12,264.23858642578125,271.2162257914937,264.10030115964116,270.80145438196655,95870800
2020-05-13,259.5653381347656,264.7179278299637,257.1318996402703,263.676343692379,144721100
2020-05-14,262.67169189453125,262.8007225585791,251.6290918271061,257.1227544883689,121977900
2020-05-15,263.87908935546875,263.9251656910274,259.3256334688875,260.27503664436966,111146300
2020-05-18,271.91680908203125,273.52987489861954,269.7967909749408,270.11938163455005,119703800
2020-05-19,269.1239318847656,273.0321513534002,269.10550697148216,271.31770613996133,95189300
2020-05-20,273.6958312988281,274.5622804820352,272.44226200461213,272.6727000186642,85861700
2020-05-21,271.80615234375,274.37784752499084,270.70926554395885,273.56670150871196,78293900
2020-05-22,272.3223876953125,272.49752280932586,270.2760973212516,271.5204680309544,63958200
2020-05-26,275.67755126953125,278.5442143620378,272.3408138269783,278.30454986186453,88951400
2020-05-27,279.77935791015625,279.81623586309064,273.6404867746573,278.4796843331706,104817400
2020-05-28,279.26318359375,282.8303590651287,278.5902945576111,280.8117200863485,90405200
2020-05-29,280.5075378417969,281.09744441541864,276.0370356142998,278.79306472388765,119090800
2020-06-01,281.6412658691406,282.2496254643002,279.34611276939205,279.8622915538364,55758300
2020-06-02,283.9732971191406,284.01940158934775,281.2264946134768,282.56301791606984,74267200
2020-06-03,287.7525329589844,288.71116291644955,285.6878174779567,285.9643318264377,92567600
2020-06-04,286.9966125488281,288.50829892721924,284.8950196754381,286.76617461038785,75794400
2020-06-05,294.35223388671875,296.131208215071,292.3428215947053,292.40735097564266,150524700
2020-06-08,297.91015625,298.10371622781776,294.6194959789528,295.16332609828874,73641200
2020-06-09,295.6888122558594,297.9839655814591,294.37068560515496,295.23713467779834,77479200
2020-06-10,294.03887939453125,297.1636320853074,293.3199139807583,296.26953154628904,95000800
2020-06-11,277.0877685546875,287.7247911841083,276.53474003136586,287.0887802526586,209243600
2020-06-12,280.4060974121094,284.8950240206499,275.2350834968645,284.12075591123715,194678900
2020-06-15,283.02392578125,284.1576908095664,273.52066540074225,274.70050677483175,135782700
2020-06-16,288.471435546875,290.94175175021076,283.59538877660174,290.7942680866062,137627500
2020-06-17,287.2732238769531,289.78961689513534,286.53580541924,289.4946495120501,83398900
2020-06-18,287.3838195800781,287.86312046362997,285.2914527967437,285.7523287681102,80828700
2020-06-19,285.7414245605469,291.0555539951317,283.7879547845026,290.8611422057598,135549600
2020-06-22,287.5745849609375,287.972675770344,283.991711169422,285.1397044815443,74649400
2020-06-23,288.8984069824219,291.16664813411967,288.49104915719107,290.23157290982795,68471200
2020-06-24,281.5289611816406,287.47266118114317,279.6866122382617,286.85235736793186,132813500
2020-06-25,284.54718017578125,284.81567248762656,278.9275171419336,280.95503953303563,89468000
2020-06-26,277.7886962890625,283.6583442353024,277.2054609458412,283.44539821089415,127961000
2020-06-29,281.87158203125,282.01044762306395,276.7518633545802,279.0478780684686,79773300
2020-06-30,285.48211669921875,287.18562813532077,281.2789690841468,281.4363406086615,113394800
2020-07-01,287.48193359375,288.75031447900784,286.1395287421861,286.60243281239894,72396500
2020-07-02,289.0650329589844,292.277587748518,288.39845008972213,290.92588776838636,69344200
2020-07-06,293.5274658203125,294.1107294816476,292.1480207030375,292.89792305234755,61713800
2020-07-07,290.50006103515625,293.9625742469082,290.1204763282572,291.98135962823466,82910000
2020-07-08,292.7220153808594,292.83310783880313,289.50022108680014,291.26848979810916,54638600
2020-07-09,291.05560302734375,293.5738026050235,287.63010119071316,293.3330834182063,83354200
2020-07-10,294.02740478515625,294.29589705762123,289.55576388536076,290.990755205838,57550400
2020-07-13,291.4814453125,298.76755120134084,290.82412941270053,296.3789785176982,102997500
2020-07-14,295.2586975097656,296.03637283334564,288.8520937677715,290.05563285710343,93657000
2020-07-15,297.97137451171875,299.0730885288503,295.582773536278,298.48982484290724,87196500
2020-07-16,296.99005126953125,297.443688293604,295.4161658645114,296.0642429732671,54622500
2020-07-17,297.8510437011719,298.6379863970685,296.01793311874013,297.9991764177405,62774900
2020-07-20,300.25811767578125,301.00802004619595,296.83261608608126,297.58251845649596,56308800
2020-07-21,300.8969421386719,302.674478119921,299.9063205508765,302.2301082513212,57292200
2020-07-22,302.6095886230469,302.92438820533135,300.4246953097078,300.53578774890565,57792900
2020-07-23,298.9989929199219,302.9522118119583,297.62881493687297,302.2485885751996,75738000
2020-07-24,297.0733642578125,298.1009978829927,295.56429224670165,297.1381776179841,73766600
2020-07-27,299.23968505859375,299.41559085189874,296.9714439891893,297.76765361995194,48293000
2020-07-28,297.341796875,299.6285439888073,297.0455315052015,298.508295856773,57495000
2020-07-29,300.998779296875,301.56353703162114,298.1843142537646,298.22135449541014,48454200
2020-07-30,299.9247741699219,300.34139910240606,295.92530478380587,298.01761180775253,61861700
2020-07-31,302.29498291015625,302.3968365375013,297.4900345084739,301.7209861575509,84986800
2020-08-03,304.3964538574219,305.1648621508035,303.4150995292858,303.96132291921657,53077900
2020-08-04,305.5722351074219,305.5722351074219,303.5354458801942,303.5354458801942,41917900
2020-08-05,307.4700927734375,307.7293461463775,306.6090980821807,306.8775903231406,42697700
2020-08-06,309.525390625,309.6457501911528,306.56282183906575,306.8868603048418,43679400
2020-08-07,309.7477111816406,310.0347095142594,307.646108112777,308.5534104808994,57308300
2020-08-10,310.6734313964844,310.85857606472894,308.25705755982693,310.2012602236318,44282100
2020-08-11,308.10888671875,312.4972357886922,307.3775187516076,311.8584260174997,69601100
2020-08-12,312.4046936035156,313.1823690322383,310.5253042540805,310.55307736748404,53774400
2020-08-13,311.8399658203125,313.15462590528705,310.914157613645,311.6362868847087,41816100
2020-08-14,311.84918212890625,312.38616662319157,310.71969517068027,311.4510914457283,47260400
2020-08-17,312.8398132324219,313.2379039279469,311.8584589230985,312.86758634482084,35481000
2020-08-18,313.51568603515625,313.94154987395524,311.6362683640285,313.23792663760884,38733900
2020-08-19,312.2102966308594,314.41369632346203,311.64553896028053,313.8952460130352,68054200
2020-08-20,313.18243408203125,313.6638442321593,310.3494629127523,310.4790613844136,42207800
2020-08-21,314.29327392578125,314.51545877917744,312.5064432183378,312.84901587187653,55106600
2020-08-24,317.4781799316406,317.55223216069555,314.2656241496155,316.73751637396253,48588700
2020-08-25,318.589111328125,318.672430675208,316.8763605178446,318.04288788385406,38463400
2020-08-26,321.78314208984375,322.05160610805416,318.6354000636554,319.1816234759962,50790200
2020-08-27,322.48675537109375,323.9402810146321,320.8203119253996,322.65342231840225,58034100
2020-08-28,324.5698547363281,324.69948145731877,322.3201473942175,323.5144479877216,48588900
2020-08-31,323.3940734863281,325.2364228395973,323.1626214267345,324.3569219651967,66099200
2020-09-01,326.4399719238281,326.5417972626103,323.3292417281404,324.2272767983935,54908700
2020-09-02,331.16156005859375,332.13364723694355,327.2083414922187,328.35636271868754,69540000
2020-09-03,319.764892578125,329.93951517196746,317.1726127891446,329.4673439712891,148011100
2020-09-04,317.1540832519531,322.02381457889834,310.0253496782676,320.44995778251706,139156300
2020-09-08,308.4886169433594,317.21901185126666,308.1831125950547,311.7289464262384,114465300
2020-09-09,314.5803527832031,317.05224467136924,311.6362614536504,312.5065233571741,91462300
2020-09-10,309.11810302734375,317.1170709136093,308.15525462087976,316.4597550247516,90569500
2020-09-11,309.2754821777344,311.9695874052841,306.44251137215093,310.9049136357937,84680200
2020-09-14,313.3489990234375,315.12656299224113,309.423581752998,312.450964043728,65605700
2020-09-15,314.9321594238281,316.64488183662957,313.3582743243969,315.8116601824572,52920900
2020-09-16,313.6822814941406,317.6076984750774,313.4045221348702,316.1727073391459,82096000
2020-09-17,310.9233703613281,312.64538801635723,308.28481178308215,308.81252914941524,91523300
2020-09-18,307.3438415527344,311.8426865400238,304.852750491152,311.73114938301563,105877900
2020-09-21,303.9232482910156,304.07197396170466,299.0526031336653,302.7427755109806,99450800
2020-09-22,307.01849365234375,307.5762077815948,302.89144880901273,305.41045242560136,63612100
2020-09-23,299.8984375,307.8550757850042,299.39649195231215,307.57620454005826,93112200
2020-09-24,300.6978454589844,303.7652309903187,297.2586315522572,298.5785542052481,76681300
2020-09-25,305.5592041015625,306.3492684548765,298.9689520233032,299.8426692481497,71069400
2020-09-28,310.63433837890625,311.3500540678067,308.73812155611176,309.7327085120084,64584600
2020-09-29,308.9425964355469,311.1734245990456,308.24546086154606,310.42982466671907,51304000
2020-09-30,311.2850341796875,314.44537688918547,309.4167014996256,309.61189154534867,104081100
2020-10-01,313.2834167480469,314.86357357981365,311.3965044009991,313.8875951945023,88698700
2020-10-02,310.3089599609375,313.25553191340913,307.84575345799766,308.31981468995633,89431100
2020-10-05,315.81170654296875,315.997592335317,312.32602881311146,312.372493169569,45713100
2020-10-06,311.3221740722656,318.0518759506169,310.810952625502,315.95116484965547,90128900
2020-10-07,316.7412414550781,317.5499142029964,314.25942626677596,314.2873105557897,56999600
2020-10-08,319.54840087890625,319.6134736829767,317.76372107590106,318.6839594529064,45242500
2020-10-09,322.4019775390625,322.8667345981165,320.58013781019633,321.2028963840777,59528600
2020-10-12,327.5886535644531,329.0665776070336,324.45619552767687,324.9488368752037,80388500
2020-10-13,325.4508056640625,327.62586544984794,324.4841029704284,327.4492554856305,73255500
2020-10-14,323.40582275390625,327.1238790245569,322.6715270643458,326.02705923267933,57727900
2020-10-15,323.0061340332031,323.4894711297381,318.94416215249316,319.483267822993,60357700
2020-10-16,322.8109436035156,326.0270542862086,322.6343336640178,324.3632161877111,89501900
2020-10-19,317.903076171875,324.7070967499058,317.001446502722,324.07503406977156,68425600
2020-10-20,319.1766052246094,322.4299050743411,318.48877376223936,319.25095388276145,60051900
2020-10-21,318.5724182128906,321.3051922836969,318.2656626356345,319.1301040505876,63575000
2020-10-22,320.31988525390625,320.9054837575771,316.6390168449337,318.78619244737797,55399300
2020-10-23,321.4073486328125,321.60253862948804,318.94414221494844,321.5467700590093,49143900
2020-10-26,315.4678039550781,318.80475616946273,311.96351764417074,318.0146635113088,91473000
2020-10-27,314.3802490234375,316.1463200782655,314.16645057598026,315.8117086299166,65994100
2020-10-28,303.6350402832031,314.4081039135388,303.142399008184,308.6915986065958,127094300
2020-10-29,306.7210388183594,309.8999608015689,302.175701758934,303.86742404075585,90597700
2020-10-30,303.5235900878906,306.4515542919595,299.86130168623475,305.14093580000946,120287300
2020-11-02,306.9256286621094,308.9333545578397,304.17424595094957,306.9256286621094,86068300
2020-11-03,312.3446960449219,314.4082189715023,307.00929292148163,310.16963593850346,93294200
2020-11-04,319.3253479003906,323.41520511296255,315.65375509941384,316.83422803861566,126959700
2020-11-05,325.5530090332031,327.365572873288,324.27027503763776,324.62349493398403,82039700
2020-11-06,325.4786071777344,326.7334566798429,323.1455180928186,325.26480875791856,74973000
2020-11-09,329.56854248046875,338.6963784554097,329.10378539457383,338.3152742409933,172304200
2020-11-10,329.0852966308594,330.1449283301133,325.80411182870705,328.5740466746111,85552000
2020-11-11,331.52984619140625,332.3570990887861,330.03331356077604,331.27885919980673,58649000
2020-11-12,328.31365966796875,331.5762631602293,326.5011242351162,330.5166034949924,67546200
2020-11-13,332.8589782714844,333.6025781454265,329.7079121084805,330.22843769354336,62892200
2020-11-16,337.0138854980469,337.20907548830434,334.2439236671135,335.53596169592436,74541100
2020-11-17,335.20147705078125,336.40986278587275,333.08218536190543,334.5972983664996,66111000
2020-11-18,331.16729736328125,336.01936231897963,331.1301088549771,335.47095237920496,70591300
2020-11-19,332.5615539550781,332.9333539222123,329.1874132294605,330.53522002265584,59940900
2020-11-20,330.28424072265625,332.5057930917374,330.20989207411236,332.301298850092,70417300
2020-11-23,332.2641296386719,333.5282836694918,329.85669132516,332.0968238948421,63230600
2020-11-24,337.6181335449219,338.16654349406434,333.96514971257983,334.82028685253994,62415900
2020-11-25,337.09759521484375,337.56235227629367,336.0007753577867,337.5344679872675,45330900
2020-11-27,338.03643798828125,338.510470935988,337.0232425585529,338.1944395153429,28514100
2020-11-30,336.53985595703125,337.5251385844671,333.8535750928766,337.2555715663142,83872700
2020-12-01,340.22076416015625,341.7637610766728,339.2075971251857,339.8024998061892,74231400
2020-12-02,340.9364929199219,341.0944944354891,338.5290547467315,339.10534896401384,45927000
2020-12-03,340.843505859375,342.2377769204486,339.7373818816019,340.8342016416823,62882000
2020-12-04,343.78076171875,343.78076171875,341.33613533774013,341.42909241189386,50749900
2020-12-07,343.0743713378906,343.5670126985919,341.80094150173,343.00929853997224,48944300
2020-12-08,344.0782775878906,344.6452676235663,341.7544921304885,341.80095649302785,42458900
2020-12-09,340.99224853515625,344.89619068117054,340.1556915300474,344.73818917160975,74098300
2020-12-10,340.88067626953125,341.93100325191364,338.74277706945526,339.61652249067066,57735400
2020-12-11,340.48101806640625,340.890006557245,337.65531550527345,339.17970394397395,57698600
2020-12-14,338.95660400390625,343.73429157077305,338.77999406137144,342.656080212638,69216200
2020-12-15,343.53912353515625,343.53912353515625,340.1278225669573,341.5034853233126,63865300
2020-12-16,344.0782775878906,344.9984875517349,342.8698921301285,343.75294195055,58420500
2020-12-17,346.0023498535156,346.20684410811197,344.8962257081794,345.7235069456668,64119500
2020-12-18,344.6207275390625,346.4596767437876,342.6044155820467,346.29165786922766,136542300
2020-12-21,343.3885498046875,353.28340346844874,337.9463959577073,340.6908183330083,96386700
2020-12-22,342.80987548828125,343.82736137982727,341.68037698297826,343.71534876607024,47949000
2020-12-23,343.11798095703125,345.0315964819497,342.79125846834086,343.78074132841346,46201400
2020-12-24,344.4527282714844,344.4807314188384,343.00585151247196,343.5939176069058,26457900
2020-12-28,347.411865234375,347.80390930273,346.3850356715312,347.01044880019464,39000400
2020-12-29,346.74908447265625,349.1201221557573,346.1609898693241,348.9427593868973,53680500
2020-12-30,347.2438659667969,348.2800395515808,346.85182184412906,347.57058839397877,49455300
2020-12-31,349.0081481933594,349.7362586191651,346.53444152154736,347.0478421277476,78520700
2021-01-04,344.2566833496094,350.4736380357197,340.550781829865,350.34293769846914,110210800
2021-01-05,346.6277770996094,347.71995701585035,343.5659756645781,343.61266657677504,66426200
2021-01-06,348.7000427246094,351.9018879211181,344.56474976303986,345.1154973335199,107997700
2021-01-07,353.880859375,354.6276289954362,350.903067797057,351.08043056721175,68766800
2021-01-08,355.8971252441406,356.1118065261894,352.01386105060516,355.2716836906133,71677200
2021-01-11,353.49810791015625,355.2623631319254,352.59263484781377,352.7139913129885,51034700
2021-01-12,353.5728454589844,354.5903313155894,351.32316391848667,353.68488655633377,52547700
2021-01-13,354.5249938964844,355.52379194885276,352.7140474834026,353.4981642054425,45303600
2021-01-14,353.2834167480469,355.77581089223776,352.9473789690196,355.27172573626217,49989100
2021-01-15,350.70709228515625,352.46200397474826,348.8401394989429,351.6592279506471,107160000
2021-01-19,353.4608459472656,354.0022782318152,351.6872464206019,353.17147053179394,51233300
2021-01-20,358.3523254394531,359.1924486345871,355.3651890929283,355.75723328985055,61836100
2021-01-21,358.678955078125,359.3417438187751,357.75482257805237,358.9123241730878,47840100
2021-01-22,357.4093933105469,358.5762386300744,356.4385700282183,356.82129871151545,52860500
2021-01-25,358.8190002441406,359.1736973399445,353.2834636469898,358.14689610942855,70402000
2021-01-26,358.2588195800781,360.1817781700573,358.0254505425813,359.7710463850684,42665300
2021-01-27,349.5028381347656,355.01968606374936,347.2625008838294,354.92633274341165,123351100
2021-01-28,352.5086364746094,356.5225729048654,350.8843969357279,351.3231034198512,94198100
2021-01-29,345.4516296386719,351.6125797804302,343.77135497049784,350.641756315759,126765100
2021-02-01,351.20184326171875,352.237988412501,345.74100051485544,348.8588083348095,75817600
2021-02-02,356.1678771972656,357.7267951804312,351.2858142934959,354.3942778932452,64450700
2021-02-03,356.4479675292969,358.17490455947774,355.1691094246982,356.9987151844739,52427100
2021-02-04,360.499267578125,360.54593000501114,356.5599958734592,357.48412843034953,47142600
2021-02-05,361.9180603027344,362.62751135183896,360.45252427554254,362.3754830258099,48669800
2021-02-08,364.5318603515625,364.57852277431755,362.5155480071299,363.3743303003986,38365200
2021-02-09,364.2890930175781,364.8865314693328,363.28095123953375,363.69165456582346,35551100
2021-02-10,364.1304626464844,366.18412212748876,361.7221060618875,366.03476248455763,59154400
2021-02-11,364.7186279296875,365.6334452369145,362.28226772094706,365.2133693793998,42913300
2021-02-12,366.5201416015625,366.7628260637993,363.8410407386607,363.9157347942992,50593300
2021-02-16,366.20269775390625,367.94832215775284,365.4839313434512,367.75227164700215,50972400
2021-02-17,366.286865234375,366.53889363921144,363.43040087568227,364.44791535109175,52290600
2021-02-18,364.7279052734375,365.4746750089571,361.94613530686405,363.67307236862246,59712800
2021-02-19,364.083740234375,366.2774151168697,363.6356613794077,365.98803975869316,83241000
2021-02-22,361.28338623046875,363.7010867969079,361.01267008578844,361.3113893842329,67414200
2021-02-23,361.72210693359375,363.0756591158048,354.907740572143,359.07103736191505,107284100
2021-02-24,365.7080078125,366.1374274308675,359.64041172948737,360.62989435018375,72433900
2021-02-25,356.89605712890625,365.8107747818435,355.449179951241,364.43856318958206,146670500
2021-02-26,355.0570983886719,359.92984672810377,353.0688174261953,358.78168889571384,152701600
2021-03-01,363.6636962890625,364.9145796408334,355.2530939230072,359.9391348464769,105348800
2021-03-02,360.8259582519531,364.1211286457314,360.3218730437514,363.88775955697247,79595300
2021-03-03,356.04656982421875,361.096651920439,355.9438726099805,360.12585700592814,119940200
2021-03-04,351.6405334472656,358.45489903923504,347.1411708462989,355.85983606589633,183433000
2021-03-05,358.10955810546875,359.1643910019848,347.8506615219816,355.15042536468866,152039600
2021-03-08,356.3265686035156,361.89007928491264,356.0465371130261,359.07099116005475,123149200
2021-03-09,361.41400146484375,363.97171719755994,359.6777208781766,360.1818060146198,113633600
2021-03-10,363.6636962890625,365.3626300474982,362.3475197320477,363.7663934988811,109899400
2021-03-11,367.35089111328125,369.32985611689054,365.67996072394084,366.1373834374629,86245000
2021-03-12,367.84564208984375,367.98565782730424,365.1759137374838,365.9880335021886,64653600
2021-03-15,370.0393371582031,370.3007093782252,365.9507064763015,368.0976905345231,73427200
2021-03-16,369.5726623535156,371.3649211729853,368.7978609520479,370.655498447022,73722500
2021-03-17,370.8327941894531,371.63557011212924,367.1362076288322,368.28439370276624,97959300
2021-03-18,365.43731689453125,370.32872365366313,364.75586893126194,368.2377458306638,115349100
2021-03-19,364.7611389160156,366.71849082891276,362.57899949059845,365.13574666256363,113624500
2021-03-22,367.6737365722656,369.059816642026,365.22002301990005,365.27621275157725,73778600
2021-03-23,364.7798767089844,368.48854216406016,363.9931918294677,367.0369263591319,90686600
2021-03-24,362.925537109375,367.82361875706545,362.8787218556425,366.1846847460537,97588600
2021-03-25,364.9671630859375,365.7631937982155,359.5352509423931,361.4832568768841,116128600
2021-03-26,370.8486633300781,371.2513660035237,365.51978373718055,366.11915050544366,114409100
2021-03-29,370.6612854003906,371.5697241805581,367.87977932756746,369.36886439554,108107600
2021-03-30,369.67791748046875,370.35222281435466,368.07642444952893,369.3875943515062,76262200
2021-03-31,371.1763610839844,372.74038482195306,370.22110707024007,370.24920193591674,112734200
2021-04-01,375.1847229003906,375.24094121233566,372.90895304429756,373.1149915856355,99682900
2021-04-05,380.56982421875,381.11302977511093,377.7789720579834,377.85388217916733,91684800
2021-04-06,380.3450012207031,381.39391422507504,379.6706959206447,380.0078628610418,62021000
2021-04-07,380.7852783203125,381.1317912570408,379.7176446390616,380.1765370600538,55836300
2021-04-08,382.5927429199219,382.6489326563563,381.1036577429274,382.0401914578226,57863100
2021-04-09,385.37420654296875,385.5428043143524,382.3492212703383,382.47097521271746,61104600
2021-04-12,385.5147705078125,385.7863447199532,384.16615960757355,384.77490083514505,56704900
2021-04-13,386.6572265625,387.28471661462214,385.02766733627374,385.4116495202984,56551000
2021-04-14,385.33673095703125,387.6874106739289,384.79352550638436,386.62912321593916,61659900
2021-04-15,389.4761962890625,389.74779901658235,387.4345600439132,387.4813752883284,60229800
2021-04-16,390.7781066894531,391.3868479497779,389.34521110344514,390.7687322055155,82037300
2021-04-19,388.8581848144531,390.2910803620789,387.5283228451497,389.8415624370154,78498500
2021-04-20,386.0110778808594,388.7457400683616,384.53133874397116,387.6406372471208,81851800
2021-04-21,389.66357421875,389.8696127711152,385.2524800177592,385.3929829340343,66793000
2021-04-22,386.1047058105469,390.3284815889521,385.0370723441207,389.49498152787896,97582800
2021-04-23,390.29107666015625,391.70525180773853,386.5917853934421,386.6666955199945,73209200
2021-04-26,391.10577392578125,391.67707427054285,390.35655849541547,390.9465792226784,52182400
2021-04-27,391.0215148925781,391.6021897569146,389.87894270910715,391.40549711447903,51303100
2021-04-28,390.90911865234375,392.41695260927986,390.44085185266897,391.2931008577655,51238900
2021-04-29,393.4004211425781,394.0185369358899,390.01017305441786,393.64392909832867,78544300
2021-04-30,390.8155517578125,391.9768731298278,389.91648729298134,391.1246239237115,85527000
2021-05-03,391.6584777832031,393.19437847553263,391.1621159729036,392.8103961572638,68128300
2021-05-04,389.2421875,390.1600009463546,385.54289600428126,389.66363915758245,101591200
2021-05-05,389.3638610839844,391.12454890125105,388.8019351834701,390.89041549109834,60162200
2021-05-06,392.47320556640625,392.60430542945204,387.42527493393436,389.43881678077094,74321400
2021-05-07,395.32952880859375,395.9851137113868,392.5573975645179,393.2410773299601,67733800
2021-05-10,391.41485595703125,395.9102058149185,391.2931020158375,395.68544689624537,81852400
2021-05-11,387.9216003417969,388.91432373758846,384.03499135856697,386.882061695176,116888000
2021-05-12,379.6801452636719,386.40445062739644,378.3596292664934,385.13077846545326,134811000
2021-05-13,384.24102783203125,386.1796593623134,381.1879189629342,381.2347627942497,106394000
2021-05-14,390.14117431640625,390.9934233653557,386.9569656309203,386.98506049711693,82201600
2021-05-17,389.14849853515625,389.9633069159993,387.12558217934975,389.02677315390787,65129200
2021-05-18,385.795654296875,389.65416816422237,385.63643100900947,389.4106602818648,59810200
2021-05-19,384.78424072265625,384.9621844206521,379.60521025643015,381.0943240619195,106467100
2021-05-20,388.92376708984375,390.18809347425173,385.54289368829325,385.66461907815227,78022200
2021-05-21,388.6053466796875,391.65845608754404,388.14645425240013,390.41285009812964,76578700
2021-05-24,392.56683349609375,393.64384150721315,390.609452962444,390.85296086401064,51376700
2021-05-25,391.69586181640625,394.0091012947467,391.1152154711999,393.6532139010418,57451400
2021-05-26,392.47320556640625,392.9789132133939,391.2463486400701,392.2858873840644,43088600
2021-05-27,392.6791687011719,394.01840484734964,392.3981914816347,393.5033228159694,56707700
2021-05-28,393.3816833496094,394.51488129683867,393.1475498888991,394.2526529640729,58520200
2021-06-01,393.0351867675781,395.89160367489364,392.5950146998832,395.75112930876674,54216600
2021-06-02,393.6531982421875,394.49610143827164,392.67922377059676,393.69066759286113,49097100
2021-06-03,392.1922302246094,393.3348025487419,389.86027032089925,391.3306351753736,58138800
2021-06-04,395.7792053222656,396.0789030095524,392.2578289485074,394.0466120072731,55938800
2021-06-07,395.3951416015625,395.94769302205015,394.45860795719597,395.7697493431614,51555000
2021-06-08,395.4794921875,396.350461762709,393.64389394087016,396.25680266649715,47134300
2021-06-09,394.8894348144531,396.39726895606424,394.66467586891736,396.3223302537251,48436300
2021-06-10,396.72509765625,397.68038049220723,394.79584017681054,396.11635635888723,51020100
2021-06-11,397.380615234375,397.4929947063824,395.98518915571566,397.2776102452818,45570800
2021-06-14,398.27032470703125,398.3733296938015,396.2474085142983,397.4929857419434,42358500
2021-06-15,397.53985595703125,398.4576407391281,396.65951194675006,398.4201999673124,51508500
2021-06-16,395.3202209472656,397.90506306952614,393.2692384667754,397.68030413045653,80386100
2021-06-17,395.1890869140625,396.17243576818447,392.70727857401477,394.90813826452404,90949700
2021-06-18,389.8578796386719,392.592083637559,389.6511670033553,391.896790534333,118676300
2021-06-21,395.4390869140625,395.62701792977555,390.80687698663155,391.6243224239138,72822000
2021-06-22,397.5531005859375,398.3893561584909,394.7061211924349,395.42962964829377,57700300
2021-06-23,397.0740051269531,398.4364046264242,396.9894447724409,397.6283643449203,49445400
2021-06-24,399.42291259765625,399.84571427828763,398.9718954640753,399.22560514669493,45110300
2021-06-25,400.8417053222656,401.2927224783095,399.84573419263063,400.1745990767725,58129500
2021-06-28,401.64984130859375,401.81896201755063,400.1652895173382,401.3679734603322,53159600
2021-06-29,401.86590576171875,402.6739459356344,401.3303282468715,402.03502644822527,35970500
2021-06-30,402.2041931152344,402.8807046128434,401.3773425432404,401.40552932754713,64827900
2021-07-01,404.4309997558594,404.59074396913576,402.89945103578833,402.9652297515047,53441000
2021-07-02,407.5222473144531,407.8792989685119,404.5155237085029,405.5960838218622,57697700
2021-07-06,406.7799377441406,407.7947190990981,404.0363291087906,407.57860135192897,68710400
2021-07-07,408.217529296875,408.4994257565814,405.4457338256593,407.4658627528058,63549500
2021-07-08,404.891357421875,405.65242908433663,401.6967030605543,402.8806050573788,97595200
2021-07-09,409.2135925292969,409.5142706843359,404.6941297476529,406.4042044959093,76238600
2021-07-12,410.6792907714844,410.93300046535035,408.69675367452527,409.12896052529857,52889600
2021-07-13,409.27935791015625,411.3934527310656,409.01627170163516,409.8900906791253,52911300
2021-07-14,409.89007568359375,411.4686215512165,408.6404234073977,410.98001241451976,64130400
2021-07-15,408.49005126953125,409.22293624099797,406.5826693133908,408.54642483085615,55126400
2021-07-16,405.2860412597656,409.7209432529059,404.89142630984423,409.6739748407586,75874700
2021-07-19,399.30078125,405.3517919065615,396.4819885344928,400.4470914346093,147987000
2021-07-20,405.02294921875,406.3008168970858,399.1692457026754,399.96790941735486,99608200
2021-07-21,408.3020935058594,408.4430560741701,404.9759389088471,406.22559100192103,64724400
2021-07-22,409.1572265625,409.40153115228975,407.49414887432897,408.4807150382148,47878500
2021-07-23,413.3665771484375,413.7048185262917,410.4068503952386,411.0927383028575,63766600
2021-07-26,414.38134765625,414.39075280856224,412.72767528125456,412.774643694326,43719200
2021-07-27,412.49273681640625,413.36655567137274,409.65513381425745,413.3383688913494,67397100
2021-07-28,412.3236083984375,413.7048180381999,410.8954303476653,413.12227210530915,52472400
2021-07-29,414.0336608886719,415.11419235254596,413.2444023757315,413.25380752713005,47435300
2021-07-30,412.0229797363281,413.4793446420124,411.32765796830415,411.4592154045569,68951200
2021-08-02,411.1585388183594,414.2967915787936,410.80148711775246,413.74243239731,58783300
2021-08-03,414.50347900390625,414.6256312808162,409.7585225535521,411.9571775152014,58053900
2021-08-04,412.464599609375,414.4753237326035,412.2297001895343,413.21626628316693,46732200
2021-08-05,415.0766296386719,415.1611899786431,413.31018162796113,413.6296413592664,38969700
2021-08-06,415.7625427246094,416.1853731243509,415.1142180712691,415.3961145625114,46930000
2021-08-09,415.42425537109375,416.0537696508061,414.653778524238,415.7343099354797,41222600
2021-08-10,415.9410400390625,416.65514335880624,415.18937346245787,415.87526132819306,43339300
2021-08-11,416.97467041015625,417.06863591596345,415.8847336261346,417.01226234732843,44034300
2021-08-12,418.22430419921875,418.36526678880125,415.9223071173895,416.8243128497932,38909400
2021-08-13,418.9853515625,419.00413319074835,418.18668791120035,418.67526831383185,39470300
2021-08-16,419.971923828125,420.1034525763225,416.11956808546233,417.6793034807547,73740000
2021-08-17,417.2189636230469,418.08337743473044,414.2216447172126,417.40686595529536,92673900
2021-08-18,412.65252685546875,417.77334598687406,412.40825094257275,416.2042051509301,89351900
2021-08-19,413.2914123535156,414.4941248838144,409.77732628606446,409.9182602000073,92812200
2021-08-20,416.5799255371094,416.9087903904056,413.1504004652816,413.639009507061,72008700
2021-08-23,420.2444152832031,421.1558260664564,416.65514571004115,418.2712546656788,54973000
2021-08-24,420.9115295410156,421.44710704404645,420.3947623411215,420.9115295410156,38744700
2021-08-25,421.7948303222656,422.31159761620455,420.72367512126783,421.09953716149374,40529700
2021-08-26,419.30487060546875,421.7478016384588,419.2109051024509,421.512902218037,57829600
2021-08-27,423.0538330078125,423.4296663250528,420.05651427346226,420.1128878373361,77235100
2021-08-30,424.9142761230469,425.7035347462911,423.4860692744892,423.73037385105744,48357400
2021-08-31,424.28466796875,425.1584868096362,423.683340446527,424.82024545480607,59300200
2021-09-01,424.51019287109375,425.7410634582663,424.2752934663014,425.22429623742056,48721400
2021-09-02,425.816162109375,426.62420213651563,424.6134785444935,425.93831436330044,42501000
2021-09-03,425.712890625,426.22968653702213,424.27530736753846,424.67935614944514,47170500
2021-09-07,424.1907653808594,425.4592279980526,423.5142538966394,425.3652624941409,51671500
2021-09-08,423.6739807128906,424.3880841041836,421.74778832170443,423.65519908257835,56181900
2021-09-09,421.86053466796875,425.23368656226256,421.6162301197451,423.47664366355934,57970400
2021-09-10,418.53436279296875,424.21891687872017,418.41221051546853,423.79611515765436,89948200
2021-09-13,419.6055908203125,421.8042749995138,417.28478300826714,421.5411887512526,83738600
2021-09-14,417.341064453125,421.25917025465293,416.4484352937043,421.0524576426946,78197100
2021-09-15,420.8270263671875,421.32501200583664,416.6552102465529,417.7639286610175,78792200
2021-09-16,420.159912109375,421.27800698138066,417.20015644327026,420.30084602817857,77786700
2021-09-17,416.0670166015625,419.80917017347645,415.70882108712647,419.38501398488347,118425000
2021-09-20,409.12945556640625,411.5048166227596,404.24672580141237,409.9212425851907,166445500
2021-09-21,408.74298095703125,412.7773407564991,408.21512294709,411.4765375298209,92526100
2021-09-22,412.7302551269531,414.7757267973973,408.8561507112312,411.0241372373776,102350100
2021-09-23,417.7449035644531,419.35678355873563,414.3703804133432,414.6060323552564,76396000
2021-09-24,418.43304443359375,419.1494355881211,415.887991791221,416.104801947488,62094800
2021-09-27,417.2359619140625,418.56501369827305,416.5384125284229,417.3961891431446,61371100
2021-09-28,408.82781982421875,414.7851074945161,408.092586956221,414.4551890406225,130436300
2021-09-29,409.5159606933594,411.95731138665417,408.95039027329,410.2134812439846,82329200
2021-09-30,404.5107116699219,411.70278478161407,404.17135791481275,410.9958289550851,140506000
2021-10-01,409.3180236816406,411.0052997880748,402.7103622124351,406.2451416508228,129240100
2021-10-04,404.0394592285156,409.05411133426054,401.89028562676936,408.1492158156004,128570000
2021-10-05,408.243408203125,410.49622568957915,404.7463416257037,405.54753517269626,90682500
2021-10-06,409.9400939941406,410.1474688443581,403.00251494341944,404.6332078979385,113032200
2021-10-07,413.4843444824219,416.33100970659876,413.05075294528,413.22985073007703,72437500
2021-10-08,412.7302551269531,414.64377665813777,412.098723983002,414.2573039916996,74557400
2021-10-11,409.7421569824219,414.99248894914547,409.6761675373717,412.07039922916306,65233300
2021-10-12,408.7335205078125,411.07119781225964,407.9417335416535,410.66588343067275,71181200
2021-10-13,410.20404052734375,411.02410468083355,406.77296321895665,409.7610137268703,72974000
2021-10-14,417.10394287109375,417.2547635679065,413.4089077144482,413.88021160469805,70236800
2021-10-15,420.280517578125,420.6481484124566,418.602676915053,419.22480148892544,66260200
2021-10-18,421.5248107910156,421.86413581254226,417.8297753264415,418.48961233422193,62213200
2021-10-19,424.7767639160156,424.842724595289,422.54275941839205,423.1554774596146,46996800
2021-10-20,426.4452209472656,426.74686236318604,425.1255757102496,425.23868404969255,49571600
2021-10-21,427.5574951171875,427.7837117980896,425.40835035029045,425.8419419107225,41305400
2021-10-22,427.11444091796875,428.5755002648435,425.1632358718283,427.123876201105,58845100
2021-10-25,429.40496826171875,429.7348867422343,426.4263529523227,428.20786672133556,45214500
2021-10-26,429.7914733886719,432.1762701326921,429.41443599649216,430.96032670037073,56075100
2021-10-27,427.88739013671875,430.92258842537706,427.8119654031517,430.25334493703315,72438000
2021-10-28,432.0160217285156,432.0914176968122,429.31074189544364,429.3201484126634,51437900
2021-10-29,432.89263916015625,433.1848452815996,429.41441402054215,429.7066201419855,70162400
2021-11-01,433.63726806640625,434.2593926199993,431.9028732955281,433.88232651519985,48433600
2021-11-02,435.3905029296875,435.7015795883174,433.6749499643309,433.80692885371445,48908400
2021-11-03,438.0487060546875,438.4540205123054,434.38194783725373,434.824974662078,52509800
2021-11-04,440.113037109375,440.1978683644072,438.3032173703606,438.6519776741961,52847100
2021-11-05,441.6400146484375,443.63833850613855,440.1224299556743,442.34697047164906,66390600
2021-11-08,442.0169982910156,443.24240549534557,441.3289131170075,442.74282459162487,50405200
2021-11-09,440.5559997558594,442.6203129591669,439.14208817913396,442.3846610297126,51149100
2021-11-10,437.0118103027344,440.5560247277753,435.52250268125164,438.8593134798678,69429700
2021-11-11,437.1531677246094,438.58594985547217,437.13432592618915,438.5105251295823,34848500
2021-11-12,440.45233154296875,441.0084666869661,437.4736874755457,438.4257305483091,53466700
2021-11-15,440.6031494140625,441.9039527580955,439.4720373333301,441.7437255438924,46980500
2021-11-16,442.3470153808594,443.4875628369249,440.2638600648137,440.33925603652415,48857500
2021-11-17,441.27239990234375,442.2621265199657,440.65027534385655,442.0830287486085,47858300
2021-11-18,442.77117919921875,443.0351082367169,439.57572489933375,442.3092818090162,50625600
2021-11-19,441.9793701171875,443.9117045350223,441.61173927995986,442.65802009464244,57315600
2021-11-22,440.735107421875,446.3624767742698,440.52773256865373,443.8645720191761,72762000
2021-11-23,441.3195495605469,442.17732611315665,437.79420558269936,440.4052188410492,73206500
2021-11-24,442.497802734375,442.6203463495124,438.49171963144255,439.31178380523045,61858800
2021-11-26,432.6287536621094,437.2758037551741,431.4976126635115,435.8053377166632,112669600
2021-11-29,437.9355773925781,439.78308057442894,435.23029768476994,437.43599642318605,86268800
2021-11-30,429.41436767578125,437.39825616004947,429.16928046510924,435.4847636522218,148559600
2021-12-01,424.644775390625,438.0015393624395,424.4468358250854,435.1454391380923,131939200
2021-12-02,431.1488342285156,432.7230020293936,424.4657478783706,424.86165584108255,127637800
2021-12-03,427.39727783203125,433.8823958863184,423.15554236979483,432.81727314488893,137331600
2021-12-06,432.458984375,434.3441997298268,427.5291358663307,429.95164450114794,98977500
2021-12-07,441.40435791015625,441.9699283158001,432.3270406361957,437.7564705046071,95484700
2021-12-08,442.5732421875,443.02570432644137,440.0376246848535,441.80032558687594,72238800
2021-12-09,439.58514404296875,442.6768964113346,439.38720446363953,441.28182654086095,61272600
2021-12-10,443.7231750488281,443.87399574484607,439.73596256863544,442.29985686872703,77159800
2021-12-13,439.79254150390625,443.55353753495234,439.5097418956549,443.2047772409396,87724700
2021-12-14,436.7667236328125,439.0101347338108,433.83522726823674,436.5122298900504,97264100
2021-12-15,443.59124755859375,443.836306031787,434.29711945911913,436.8233302887185,116899300
2021-12-16,439.6794128417969,445.7309387127813,438.1240869835833,445.4481678837098,116568600
2021-12-17,434.9999694824219,439.60659254948297,433.28785760056076,436.58910721798844,135511600
2021-12-20,430.3743896484375,430.771659603725,426.742062864258,429.90142998069797,107134800
2021-12-21,438.0174255371094,438.1593076705926,431.6324697258457,433.80807275170514,69806300
2021-12-22,442.39703369140625,442.5105393973741,437.5633706863754,437.7620345389874,58890200
2021-12-23,445.149658203125,446.653666526917,443.2956643336112,443.39970160734777,56439700
2021-12-27,451.449462890625,451.4967473096525,446.4833864717361,446.5306708907636,56808600
2021-12-28,451.08056640625,452.91565229770765,450.3143740241347,451.8846036460607,47274600
2021-12-29,451.6576232910156,452.6792035816923,450.181991278277,451.1846635723899,54503000
2021-12-30,450.4089660644531,453.09537358364463,449.94547481539996,452.0832329400034,55329000
2021-12-31,449.2738952636719,451.07113645073605,448.9995994066956,449.9171424306895,65237400
2022-01-03,451.87518310546875,452.0076256878553,448.2239477980202,450.5414331852414,72668200
2022-01-04,451.7237854003906,454.02239141771696,449.86032307936296,453.3034834561525,71178700
2022-01-05,443.04974365234375,452.13057588020047,442.9551459366762,451.35491502576446,104538900
2022-01-06,442.63348388671875,445.35773611614786,440.259217182971,442.5861994681221,86858900
2022-01-07,440.883544921875,443.82536910158984,439.5214187529986,442.6429699179935,85111600
2022-01-10,440.3349609375,440.55250393034436,431.9068153934691,437.6769296616079,119362000
2022-01-11,444.34564208984375,444.44023980411635,437.0620510983953,440.07009675611505,74303100
2022-01-12,445.5469665527344,447.6090928817036,443.5794668088616,446.08614756445814,67605400
2022-01-13,439.407958984375,447.3063921299082,438.3769102525567,446.6537054029599,91173100
2022-01-14,439.587646484375,439.9376320291072,435.0283082374195,436.24855229559944,95890900
2022-01-18,431.8027038574219,435.08504507309425,430.6865259809416,434.8769416667024,109709100
2022-01-19,427.3191223144531,434.7540355227191,427.0447975842269,433.35409317640193,109357600
2022-01-20,422.58953857421875,433.9311041940373,420.46121968940173,429.2109751047605,122379700
2022-01-21,414.29376220703125,423.828616436145,414.26538578156715,421.46381809024535,202271200
2022-01-24,416.0531311035156,416.5639355956219,398.0050040098035,408.6655038635692,251783900
2022-01-25,410.9736022949219,415.93967913794035,404.0494653685355,409.6398524787366,167997300
2022-01-26,409.9425964355469,420.02610174271774,405.66702183195844,416.8856420829711,186391100
2022-01-27,407.9183044433594,417.7085767658078,406.2251293704537,414.55867762115867,149878300
2022-01-28,418.049072265625,418.0963566867088,404.6832271039297,409.2803813325248,164457400
2022-01-31,425.57861328125,425.9285988508346,416.0248212857858,417.37747913959595,152251400
2022-02-01,428.4542541503906,429.0974724898934,422.76926865051064,426.30699838494866,123155400
2022-02-02,432.6162414550781,433.3445889976843,428.548770732719,430.86628479936365,117361000
2022-02-03,422.4476013183594,428.47310315644444,421.60571921304773,426.5623563990489,118024400
2022-02-04,424.4340515136719,428.2933900112805,419.8273997309541,422.21113512307284,118454400
2022-02-07,423.0718994140625,426.60016012871563,421.738149661157,425.2002179600923,84472900
2022-02-08,426.5529479980469,427.47995951404795,421.1422872227027,422.5706349264903,81012000
2022-02-09,432.79595947265625,433.1175685965065,430.4027846055387,430.6014195917351,92589900
2022-02-10,425.0204772949219,432.9567254068863,423.01513294817045,426.9312239359051,140103700
2022-02-11,416.6396484375,427.18664391321806,415.20186134997584,425.1056385655254,153214600
2022-02-14,415.2774963378906,417.7179843894402,411.7965201108774,416.1288468336951,123006300
2022-02-15,421.9746398925781,422.14489845233356,419.2125426099258,419.7328155876255,88482700
2022-02-16,422.4476013183594,423.82863553178055,418.0396135389401,419.921983869593,84863600
2022-02-17,413.42352294921875,422.41922551305055,412.8181495554297,419.25038980867765,102259100
2022-02-18,410.7465515136719,414.9369671200802,408.46688251728386,413.6788782748005,132642900
2022-02-22,406.3385925292969,411.9478874905425,402.82921086642835,408.53313240570213,124391800
2022-02-23,399.1307373046875,409.8290843455233,398.5631798415869,409.2615268824227,132578000
2022-02-24,405.1372985839844,405.57244232576124,388.43238610030824,388.7918112514867,213942900
2022-02-25,414.0762023925781,414.1613316714428,404.72104600826754,406.376404898472,121804500
2022-02-28,413.01678466796875,414.5018850268596,407.40748965693734,408.665549734316,145615000
2022-03-01,406.72650146484375,413.5276653882751,404.01168808813594,411.5128521133461,137785900
2022-03-02,414.2086486816406,415.9396684351106,408.2304313077541,408.9871552603508,117726500
2022-03-03,412.146484375,417.25444275036347,410.33977507312505,416.6490694177286,105501700
2022-03-04,408.79791259765625,409.93299831522626,404.73991115447325,408.4006138328508,113978200
2022-03-07,396.7469177246094,408.92089427144623,396.6806964467157,408.2114548095824,137896600
2022-03-08,393.739013671875,404.1062838829853,392.6701199589549,396.9267579445968,164772700
2022-03-09,404.2954406738281,406.28187731724785,399.9536738077774,402.1482138875015,116990800
2022-03-10,402.4698181152344,403.36842427273797,397.70237600280313,399.669875757918,93972700
2022-03-11,397.3523254394531,405.5818059910525,396.8415209370115,404.9669642223323,95636300
2022-03-14,394.44842529296875,401.5901058587185,393.30387079878767,398.1280659463087,95729200
2022-03-15,403.12249755859375,403.75624741323844,395.79162195110837,397.0685900922245,106219100
2022-03-16,412.0614013671875,412.118154221395,401.82654660662627,406.64130172019,144954800
2022-03-17,417.2166748046875,417.2166748046875,409.7628253475534,410.1411873324134,102676900
2022-03-18,421.78631591796875,422.10892413881095,414.8596646232218,415.59977264911765,106345500
2022-03-21,421.6629943847656,423.6271083158259,418.1427105740209,421.6155341135983,88349800
2022-03-22,426.5970458984375,427.53640601074585,423.0577952903336,423.0577952903336,74650400
2022-03-23,421.1031799316406,425.55332638564335,421.0177861842086,424.0541434470879,79426100
2022-03-24,427.4510498046875,427.4605476512933,422.01411175984157,423.13375729905124,64736900
2022-03-25,429.53851318359375,429.8136901005225,425.4963689988191,428.08676165984116,77101300
2022-03-28,432.5939025878906,432.5939025878906,427.04307687633553,428.9407930883645,68529800
2022-03-29,437.9454040527344,438.43882875157925,433.7988991715261,436.49365245199573,86581500
2022-03-30,435.24114990234375,437.6132947591107,433.1251862656429,436.79726187082275,79666900
2022-03-31,428.5422668457031,435.29813157975457,428.086804553789,434.47262970310084,121699900
2022-04-01,429.7568359375,430.2691984775229,426.17015337307976,430.1268755497387,89048800
2022-04-04,433.4383850097656,433.54277446230515,429.1305899205864,429.95609186593896,59601000
2022-04-05,427.9634704589844,434.4156939980702,426.81536025846015,431.93918824030493,74214500
2022-04-06,423.68408203125,425.9708333848193,420.790076589019,424.0351838301639,106898000
2022-04-07,425.81903076171875,427.6408510190052,420.8470236814181,422.80166901253705,78097200
2022-04-08,424.68035888671875,427.5838618920814,423.1337157978344,425.0598962746841,79272700
2022-04-11,417.4216613769531,422.2418477063847,416.9187677503184,421.3973501116836,89770500
2022-04-12,415.875,422.95347289670224,414.3188589093481,420.42000917950406,84363600
2022-04-13,420.63824462890625,421.3973194587367,415.44799012468565,415.62827546421886,74070400
2022-04-14,415.40057373046875,421.9856509126384,415.2961842874288,420.865976406667,97869500
2022-04-18,415.5713195800781,417.26028558117775,413.33199974941584,414.4706408777996,66002500
2022-04-19,422.2797546386719,423.00086699763705,415.29614499530715,415.4669324784689,77821000
2022-04-20,421.96661376953125,424.6803625829539,420.79953701530115,424.0636107025364,65224400
2022-04-21,415.65673828125,426.9956031035997,414.745842697952,425.6007806681519,85417300
2022-04-22,404.2514953613281,415.67572553702075,403.68217473484395,414.56557782438404,132471800
2022-04-25,406.5951232910156,406.7659107697977,397.41965431182905,402.00265435707155,119647700
2022-04-26,394.81982421875,404.251475165839,394.79135963669034,404.05219413457274,103996300
2022-04-27,395.9300537109375,401.2911257473321,393.7856538532341,395.90158912299444,122030000
2022-04-28,405.93096923828125,407.6673957249043,396.24313643650856,400.69328310824267,105449100
2022-04-29,390.9294738769531,404.0901289590842,390.1798679914565,401.92673399978656,145491100
2022-05-02,393.2826843261719,394.64904219767647,384.3064665675945,390.9959330128461,158312500
2022-05-03,395.08544921875,397.5050252331432,392.21987988506135,393.78551855456294,100028200
2022-05-04,407.1170349121094,407.6863555366896,392.55205797111023,395.74970498454525,144247900
2022-05-05,392.64697265625,403.2646972365076,388.50046734364383,402.8376995037518,172929100
2022-05-06,390.30322265625,393.58626302991394,384.98014349725037,390.075506016204,151770800
2022-05-09,377.8067932128906,385.62537367241526,376.2221876512533,384.3823720398505,155586100
2022-05-10,378.6798095703125,385.3123190171552,374.6281955448996,383.8036379778536,132497200
2022-05-11,372.6639404296875,383.3765542344881,371.91433458035914,377.7118714101029,142361000
2022-05-12,372.27490234375,375.5579425463097,365.45261177508553,369.45679324266854,125090800
2022-05-13,381.1752624511719,382.5605871160499,375.3777246252647,376.42147428654954,104174400
2022-05-16,379.6285705566406,383.3101440048578,377.2659235471476,379.52421008230226,78622400
2022-05-17,387.4377136230469,387.6749281280144,381.99124889833473,385.73924965956155,83029700
2022-05-18,371.81951904296875,383.14888700880624,370.5765172556166,382.86424116317255,117674500
2022-05-19,369.542236328125,373.9829138685316,367.31241418995535,368.7451990662184,98510700
2022-05-20,369.70361328125,376.72515794543034,361.0784959937807,373.13847522235545,131432200
2022-05-23,376.6208190917969,377.38939193685314,370.4152781975878,372.7399634727729,76414900
2022-05-24,373.7457275390625,374.94126904362616,367.17011895813306,372.4837300616024,91448800
2022-05-25,377.04766845703125,379.0213091538963,371.84794556823357,372.2464496803005,91472900
2022-05-26,384.58160400390625,386.2231386417738,378.0724525251895,378.2812024273643,82168300
2022-05-27,394.0227966308594,394.13665496189145,386.84943220734834,387.0486842866544,84768700
2022-05-31,391.81195068359375,395.1614184678653,389.06026810856656,392.40023804607233,95937000
2022-06-01,388.6427307128906,394.9526303936965,386.1187650491988,393.93737437755783,86585800
2022-06-02,396.0438537597656,396.0912850769354,386.2231676872298,388.48145435599463,79609600
2022-06-03,389.544189453125,392.8651926067963,388.56686682617567,391.3090515155026,71874300
2022-06-06,390.7302551269531,395.3037288108325,389.5536514825728,393.5673313620774,57508900
2022-06-07,394.4781799316406,394.93364215486133,386.7639604571099,387.2289205256619,59272400
2022-06-08,390.1894226074219,394.5541755868327,389.39238529138436,392.76081990811025,64350000
2022-06-09,380.9095764160156,390.68280270998093,380.9095764160156,388.4055491902739,86289800
2022-06-10,369.86480712890625,375.53898793791575,369.81737581545275,374.6850215978316,132893900
2022-06-13,355.8217468261719,362.28346743198733,354.2086766578207,360.42371387649325,170004900
2022-06-14,354.7495422363281,358.6114013157457,351.6372890983715,357.5771495518812,104011800
2022-06-15,359.80694580078125,364.26656078644334,353.0890153068255,358.0610216928037,125666800
2022-06-16,347.8988342285156,351.9694437920059,345.46026183812063,351.56144173794524,134473300
2022-06-17,348.6487121582031,352.0031382377941,345.1323288130653,348.3152005903648,111113900
2022-06-21,357.4254455566406,358.81675407545026,354.31879767692817,354.3950504922188,76811900
2022-06-22,356.7774658203125,360.90375545370335,352.7654972536225,353.18480051988905,90059400
2022-06-23,360.2748718261719,361.0086381463317,355.3481010957897,358.92168935710464,79292100
2022-06-24,371.72930908203125,371.7388479545393,363.4290649855381,363.45765252113387,98050300
2022-06-27,370.3095703125,372.94925082689815,369.2136755399057,372.6538364729451,66009600
2022-06-28,362.7430419921875,374.66454224306847,362.62869181609204,371.87238547630193,86548900
2022-06-29,362.44757080078125,364.2867703688928,360.61791010649307,363.29571627695856,65676000
2022-06-30,359.5029602050781,362.75254644984545,355.0335903944629,358.5404645110338,112508300
2022-07-01,363.30523681640625,363.74361787819856,356.2152359819502,358.84540602497094,74839700
2022-07-05,363.9913635253906,364.0104412734267,355.3575774256308,358.197399099367,81438000
2022-07-06,365.220703125,367.717445353006,361.7424165306726,364.1343183853388,70426200
2022-07-07,370.6906433105469,371.49112350460933,365.2397294426553,367.0027052771426,64525900
2022-07-08,370.3857421875,372.2630682971359,367.5173328363373,369.05157936616473,72397800
2022-07-11,366.1545715332031,368.6703621550962,365.45890265708556,367.69835676876295,58366900
2022-07-12,362.91455078125,367.993827167092,361.16111363619996,365.6018961252451,62219200
2022-07-13,361.0086364746094,363.9532987804005,357.0348226323127,357.4541259795869,84224600
2022-07-14,360.13189697265625,361.2182525694564,353.585088606192,356.0341654064419,89704800
2022-07-15,367.0122375488281,367.1265877056468,362.63816955892236,364.5535928494989,79060400
2022-07-18,363.9819030761719,370.7860002847752,362.7525805204478,370.109409022233,63203600
2022-07-19,373.8163757324219,374.388155662866,367.26005698672697,367.91757046251206,78506000
2022-07-20,376.19873046875,377.6186558198573,372.6346814850552,374.00694154890255,71843800
2022-07-21,380.0296630859375,380.0772992947523,373.20648868060636,375.61746830171614,64903900
2022-07-22,376.503662109375,381.35420826114387,374.2737469034611,380.15350258530145,72197300
2022-07-25,376.9611511230469,377.8188064784601,374.7121578166086,377.1326763777424,53631500
2022-07-26,372.5012512207031,375.5221076154194,371.605469613467,375.31245598219533,52946400
2022-07-27,382.1737976074219,383.9272346038622,375.51260989744463,375.8080241745554,82342100
2022-07-28,386.96722412109375,387.6628640613991,379.4197925062167,382.9838711686013,73966600
2022-07-29,392.608642578125,393.5997257422066,387.63420717412276,388.40609981595657,87003700
2022-08-01,391.4460754394531,393.9618954868596,389.1875723544022,389.9022899930606,69997500
2022-08-02,388.8635559082031,393.5711649045606,387.6818987628926,389.8736878063429,63435400
2022-08-03,394.9529113769531,396.12502949195255,390.7122424782585,390.9981178521778,67820600
2022-08-04,394.6861267089844,395.562830670343,393.0375009919587,394.87670061792033,45656600
2022-08-05,394.01910400390625,394.66710773827515,390.33116532861703,390.3883404180062,56814900
2022-08-08,393.5616760253906,397.97387129591357,392.45624248886287,395.71536800879284,53886100
2022-08-09,391.998779296875,393.33291297938877,390.9219334767961,392.8278470466538,44931800
2022-08-10,400.2323303222656,400.3752971125264,397.11617195301557,399.07926069918796,68665700
2022-08-11,400.2323303222656,404.95901714510643,399.4890251570347,403.0912008165285,59489700
2022-08-12,407.00787353515625,407.1126848285764,401.2234185174377,402.1763753606097,61694500
2022-08-15,408.6850280761719,409.2091717509519,404.73026328105976,404.78743836093645,54048300
2022-08-16,409.4855041503906,411.42000508115757,406.79815928639016,407.6081782948637,59289000
2022-08-17,406.5790100097656,409.29494268682157,404.56828513540523,405.87383128900353,63563400
2022-08-18,407.7607116699219,408.4468126683968,405.4831308884467,406.7791382170342,49023200
2022-08-19,402.2812194824219,405.2544402076987,401.4044863824872,404.9876134524029,68016900
2022-08-22,393.90460205078125,397.6020781769497,392.99928168105004,397.4305238929457,77695600
2022-08-23,392.95172119140625,395.8773053899406,392.39898999121,393.47583577048323,49105200
2022-08-24,394.2096252441406,395.58185618674804,392.03688505227575,392.7229859826137,49177800
2022-08-25,399.77496337890625,399.8225995917219,394.6099241208532,395.70581875304526,50942300
2022-08-26,386.2428894042969,400.203699664141,386.1857143271262,399.66053643101975,103087000
2022-08-29,383.68896484375,386.7479477402549,382.3262437279595,383.2792004380671,65370800
2022-08-30,379.4769287109375,385.0898583631651,377.37090227301206,384.85161915718464,85652400
2022-08-31,376.5895080566406,382.36442465594223,376.45610921066384,381.116053419317,76029700
2022-09-01,377.7712097167969,378.11426026201076,371.69133967759535,374.4072728216257,78740100
2022-09-02,373.78778076171875,382.66934546989927,371.96762971164344,381.4495618807624,99632100
2022-09-06,372.37738037109375,375.5793010181184,370.1474651172163,374.6358831635364,76637400
2022-09-07,379.067138671875,379.8390313205994,371.84373923012936,372.0629006724015,70964200
2022-09-08,381.5448913574219,382.0022920606775,375.5793718090097,376.78964569422635,80821700
2022-09-09,387.47222900390625,388.33942315556953,383.52697401163135,383.79380074430213,76706900
2022-09-12,391.6366882324219,392.3609447639195,389.2447571690339,389.5497103488156,69256300
2022-09-13,374.6073303222656,384.1368984857324,373.48284825864073,382.92662471653426,122947100
2022-09-14,376.0367126464844,377.56144915452813,372.7204129226339,375.91282362467837,85023700
2022-09-15,371.7674255371094,377.33268861220904,370.49046717813803,374.47381880145684,87633800
2022-09-16,368.9313659667969,369.59160962495736,365.63014767599446,367.57262481623485,103084800
2022-09-19,371.7923583984375,371.7923583984375,365.69709245580265,365.7736585180336,73278500
2022-09-20,367.5247497558594,369.467197620889,364.75940646491324,368.45291622543897,77274900
2022-09-21,361.1136779785156,372.5195676498082,361.1040999209618,369.45756777486804,106746600
2022-09-22,358.0804138183594,361.98443625276843,357.3340552999548,360.33861628892794,89472600
2022-09-23,352.0807800292969,354.63560985532166,347.621756602572,354.5973268298111,122346900
2022-09-26,348.5978088378906,354.24334411898207,347.37301464402196,350.6072445688274,92581200
2022-09-27,347.7079772949219,354.4252048467339,345.3062204374486,352.1478459589722,108294100
2022-09-28,354.5495910644531,356.2432430846765,346.96160717757476,348.6648372571205,110802200
2022-09-29,347.1434020996094,351.2770645774252,344.18667281835667,350.9900148225072,112952300
2022-09-30,341.77532958984375,350.1288276674464,341.64138277467254,346.19607091427036,153711200
2022-10-03,350.79864501953125,352.6549780572887,343.7178017916793,345.50714681640204,89756500
2022-10-04,361.6687316894531,361.6974366671643,350.760402138184,356.33895028366675,103602800
2022-10-05,360.82659912109375,363.09437945569084,354.951424456926,357.2861927916206,88065700
2022-10-06,357.10443115234375,362.3863509600016,356.6068393173464,359.4200436718051,82333500
2022-10-07,347.1434020996094,357.19055234132986,345.3731840738835,353.05686066211473,107789500
2022-10-10,344.4927978515625,348.502090968868,342.24417363850046,348.26287314182775,76042800
2022-10-11,342.31121826171875,347.37307692739586,340.36877018719497,342.7896540357532,92482800
2022-10-12,341.18206787109375,344.3014780144964,340.93327195985853,342.7226460270839,76991800
2022-10-13,350.18621826171875,351.6598083555464,333.09648032022864,334.14904467296265,147254500
2022-10-14,342.2059326171875,354.2912233950089,341.5648159134059,352.6549522321895,123737000
2022-10-17,350.9995422363281,352.1095164641869,341.87098172888943,348.3107361814287,93168200
2022-10-18,355.1236572265625,359.2573483322076,351.6693365808902,358.95114250184974,97162900
2022-10-19,352.6070556640625,355.8125801921962,349.7842737956925,353.07591323216866,79746900
2022-10-20,349.650390625,356.5972865092172,348.8848759647924,352.15738908420826,88283100
2022-10-21,358.14739990234375,358.6353844531529,347.8610324838875,349.3728764279388,131038400
2022-10-24,362.5298767089844,363.6685560552677,357.0182878867323,359.67841851526555,85436900
2022-10-25,368.3189392089844,368.6346939112867,362.3384931688921,362.45331306063844,78846300
2022-10-26,365.54400634765625,370.86420906296183,364.9029188543151,365.1612636230857,104087300
2022-10-27,363.5920104980469,368.39549448506307,362.97002071766786,366.54873966390204,81971800
2022-10-28,372.24212646484375,372.7205621969107,363.3049504940016,363.486758408299,100302000
2022-10-31,369.5533142089844,371.6488650187867,368.64430385310885,369.773405154798,96631300
2022-11-01,367.9361572265625,373.5530165227909,366.75922416699274,373.3137986877374,85407600
2022-11-02,358.7023620605469,371.868921318945,358.59712022761437,367.3429092735215,126990400
2022-11-03,355.0088806152344,358.0613028304703,352.88462486045256,355.44903329915525,87100100
2022-11-04,360.1184997558594,362.5298047865152,354.0423614953232,360.74046022631575,103505200
2022-11-07,363.5633544921875,364.15661017670277,359.33396942294314,361.4199423786265,68286900
2022-11-08,365.5248718261719,368.5103058976594,361.4294634355471,364.6732422704296,84641100
2022-11-09,357.9942932128906,364.70197091504775,357.4967014075901,363.5441355230192,78495500
2022-11-10,377.66754150390625,378.00245230430266,369.0078677871435,371.3139019581526,141455800
2022-11-11,381.32281494140625,382.1265833794771,376.6341219172314,378.5287377221533,93839900
2022-11-14,378.0790100097656,382.9207767926326,377.8015091368323,379.55260009193285,71903500
2022-11-15,381.3036804199219,384.9589362297327,377.4761947639268,383.8489618853264,93194500
2022-11-16,378.3948059082031,380.62430341627146,377.76326728154146,379.6674320185533,68508500
2022-11-17,377.2369689941406,377.9163687088292,373.3138196401911,373.6199962931831,74496300
2022-11-18,378.9498291015625,380.65305924901264,376.0887925845708,380.58607123388674,92922500
2022-11-21,377.57183837890625,378.74880057674284,375.7250837996834,377.61969946418736,51243200
2022-11-22,382.6528625488281,382.8155435335424,378.1077234519333,379.5239036198899,60429000
2022-11-23,385.0641784667969,385.55216299448375,382.088293407133,382.31793318486797,68261600
2022-11-25,384.9780578613281,385.53305962661244,384.2221504796513,384.49962216089574,30545400
2022-11-28,378.8349304199219,383.52359408000194,378.0694158378015,381.8777742301874,67881600
2022-11-29,378.184326171875,380.1650279456527,376.3375420193883,378.96893859369504,52310000
2022-11-30,390.0973205566406,390.0973205566406,376.509764364217,378.4330559976652,144566700
2022-12-01,389.8102722167969,392.3172705907876,387.29369578444215,391.14030826651214,76398200
2022-12-02,389.3605041503906,390.26951436446797,384.7962385623238,384.9014803886444,85342700
2022-12-05,382.356201171875,387.46589043521953,380.99746027187206,386.52817524543025,77289800
2022-12-06,376.8446044921875,382.73893509896084,374.7490832479397,382.1935406607727,77972200
2022-12-07,376.20361328125,378.57666518211346,375.0649338273367,375.99310037712985,65927900
2022-12-08,379.15069580078125,380.22238704457504,376.30878671257267,378.0981606729528,60737900
2022-12-09,376.318359375,380.4711774858571,376.1939614285939,377.9067693033474,81447700
2022-12-12,381.74383544921875,381.74383544921875,376.4427600120724,377.11255243392947,75405800
2022-12-13,384.633544921875,392.7860776160368,381.8586240838293,392.52773288607386,123782500
2022-12-14,382.17437744140625,388.01129799880636,379.21764873640876,384.2890547608912,108111300
2022-12-15,372.8258056640625,378.2034182224786,371.16085878407677,377.29437871823495,117705900
2022-12-16,368.4241638183594,371.6059498118414,366.2805608411349,370.2601841754804,119858000
2022-12-19,365.300048828125,368.95287477023777,363.62745650152823,368.6164260296432,79878100
2022-12-20,365.7998962402344,367.42443690305714,363.2140903016816,364.54064107586714,74427200
2022-12-21,371.2695617675781,372.403847947224,367.8666738931474,368.4049801931655,78167400
2022-12-22,365.97296142578125,371.25029904353386,360.2534206059007,368.2126968828108,100120900
2022-12-23,368.07818603515625,368.22236999693916,363.38720557518013,364.94445103342724,59857300
2022-12-27,366.6265869140625,368.30880122283816,364.94437260528684,367.9627597889249,51638200
2022-12-28,362.0702819824219,368.5396096303623,361.839587640075,366.55937562839915,70911500
2022-12-29,368.5875549316406,369.4623098415616,364.39642312891414,364.92513662505775,66970900
2022-12-30,367.6166687011719,367.76085262399994,363.7716076364888,365.89602499627745,84022200
2023-01-03,366.0690612792969,371.4617455709304,363.19485806302197,369.4815413852033,74850700
2023-01-04,368.8951721191406,370.93304981286974,365.2808052899679,368.3376218305615,85934100
2023-01-05,364.68487548828125,367.04958018001776,364.08889562849737,366.9342330246392,76970500
2023-01-06,373.0478515625,374.1725449520528,364.71369723961243,367.7897288196835,104189600
2023-01-09,372.8363037109375,378.4501182538117,372.65369031289714,375.24908873294936,73978100
2023-01-10,375.45098876953125,375.51828438119253,371.3079376645078,372.24998822129896,65358100
2023-01-11,380.19964599609375,380.2765636489995,376.2200228551562,377.03710423821616,68881100
2023-01-12,381.5838623046875,383.0545970288231,377.21973899819983,381.3051164914086,90157700
2023-01-13,383.0642395019531,383.64100457532766,378.1041068077167,378.37325993055947,63903900
2023-01-17,382.3625183105469,384.7272522586673,381.68002810706065,383.0450378495243,62677300
2023-01-18,376.3257751464844,384.6215000897915,376.1239176301297,383.55450959642553,99632300
2023-01-19,373.5862121582031,375.9316728273004,372.2596611662881,374.2782951082531,86958900
2023-01-20,380.5457763671875,380.6995823616,373.33628539125715,374.9896631618236,91806400
2023-01-23,385.1117248535156,387.0534702139708,380.39190867323447,381.35317398077467,84178800
2023-01-24,384.69842529296875,385.61160982281007,382.2375882127455,383.4295479228715,59524900
2023-01-25,384.8426208496094,385.17906961727965,378.31562036458047,380.6130588238066,84800300
2023-01-26,389.0721130371094,389.2355410385258,384.53493984754374,387.5148680133813,72287400
2023-01-27,389.966064453125,392.35001274142974,387.8128397640022,388.0243192842186,68346200
2023-01-30,385.0732727050781,389.43742549092923,384.7752828014121,387.1976608576454,74202000
2023-01-31,390.73516845703125,390.78321999260135,385.24632192810753,385.5923927248843,86811800
2023-02-01,394.8878173828125,397.64667374216685,386.76514229657437,389.51434727901096,101459200
2023-02-02,400.63616943359375,402.106904238457,396.88724045408844,398.7905270630348,101654500
2023-02-03,396.37774658203125,400.818787510041,395.1665429342146,395.6471755772544,94736800
2023-02-06,393.95538330078125,395.35885189681073,392.292412944782,393.91695380659627,60295300
2023-02-07,399.1077575683594,400.3573907721146,391.7829203949697,393.032553598725,90990700
2023-02-08,394.74365234375,398.47336699446805,394.05154004428175,397.12760122758357,76227500
2023-02-09,391.3215026855469,398.51177797014213,390.091084227083,398.3579719958979,78694900
2023-02-10,392.2347412109375,392.6192415030363,389.3221082284389,390.13916034833926,70769700
2023-02-13,396.8392028808594,396.97379412491824,392.42699798489616,392.88841596174933,64913500
2023-02-14,396.65655517578125,398.9731788953455,392.6865245158335,395.31076019339895,88389300
2023-02-15,397.94464111328125,398.02152943385084,393.6093249869712,394.4552431906893,61555700
2023-02-16,392.4654235839844,396.9160869350225,392.33086168681325,392.95567830940917,76431500
2023-02-17,391.48492431640625,391.72524064683955,388.3992415120903,390.33139419613065,89257800
2023-02-21,383.63140869140625,388.50503135725484,383.3718775916629,387.4476335398875,82655900
2023-02-22,383.1026916503906,385.59236532715204,381.6415495785843,384.04471289617135,83742300
2023-02-23,385.1405334472656,386.6208901264533,380.90135023106023,386.0056662936268,96242400
2023-02-24,381.0263366699219,381.86263277047993,378.39247918807456,380.1035302143566,108194400
2023-02-27,382.3240966796875,385.74619914411034,381.38204603041686,384.3811893735747,80444700
2023-02-28,380.9110412597656,383.81405224104327,380.8052868100692,381.8434698821235,96438600
2023-03-01,379.4498596191406,381.32433871048954,378.142552876725,380.0939202853675,99706800
2023-03-02,382.4010009765625,383.24691925442625,377.13325582336086,377.4697045932603,85127800
2023-03-03,388.5338439941406,388.7837823723887,383.5737112700418,384.22736466723944,90120000
2023-03-06,388.802978515625,391.66755968109305,388.3608046899115,389.36049948409084,72795900
2023-03-07,382.8431396484375,388.9952613450141,382.22794508007405,388.75494500797566,108310600
2023-03-08,383.46795654296875,384.2273349889294,381.2281920235724,382.95848712046245,74746600
2023-03-09,376.3930969238281,385.92886308705107,375.40299468461944,384.2562412573879,111945300
2023-03-10,370.9618835449219,377.93105674639065,369.4334752872032,375.84509820468116,189253000
2023-03-13,370.4332275390625,375.2684207554977,365.9056756325139,367.0207470380733,157790000
2023-03-14,376.5564880371094,378.20986562096294,372.05774388118834,375.3741210898015,149752400
2023-03-15,374.2013854980469,374.4032430136639,368.84713029743835,370.9427111182641,172996900
2023-03-16,380.766845703125,381.11291652174896,371.3272412199818,371.83671073825275,143254200
2023-03-17,376.3145751953125,380.5699373745293,374.9250679756725,379.4313224007107,140553400
2023-03-20,379.9331359863281,380.3480800216105,376.39184439630725,377.09622742972954,93055800
2023-03-21,384.9217834472656,385.40425039458904,381.7085370875222,383.3103308863294,91524200
2023-03-22,378.36029052734375,388.3763110569279,378.32171436604824,384.74817891591067,111746600
2023-03-23,379.38311767578125,385.28850910550153,376.6619967001418,381.23577448444496,119351300
2023-03-24,381.8726501464844,381.9594906772583,375.745313041757,378.09975447868356,107682400
2023-03-27,382.586669921875,384.93148190774815,381.6892883746926,384.1595170439499,74010400
2023-03-28,381.7279052734375,382.5866812409754,379.8848777563681,381.89192756672645,62871700
2023-03-29,387.2762451171875,387.5174786036879,384.6998585244868,385.9060259569887,77497900
2023-03-30,389.5438537597656,390.1710549480257,387.67187951037874,389.9201626937426,69840000
2023-03-31,395.0343322753906,395.3334594504177,390.36402594491756,390.47018399433404,112062600
2023-04-03,396.5396423339844,396.94489812673964,394.1176485509198,394.51327502786114,67391100
2023-04-04,394.3396301269531,397.4756659402077,392.95975198905785,397.1861680428209,66601500
2023-04-05,393.3070983886719,394.3685316622369,391.64741075567434,393.60622556838814,65200200
2023-04-06,394.84136962890625,395.12120875106916,391.45444166145506,392.50621625119436,63743300
2023-04-10,395.2466125488281,395.32382376153726,391.73426800425153,392.3518104686767,63681000
2023-04-11,395.3527526855469,396.76154805541603,394.58081727814005,395.873825281643,59297900
2023-04-12,393.7413330078125,397.7168860870642,393.15273736359126,397.42738819941474,86420400
2023-04-13,398.9712829589844,399.3283038460065,393.68343376221134,394.83170763787456,85814800
2023-04-14,397.9966735839844,400.5344547422886,395.6808378490979,398.3344063770291,78161500
2023-04-17,399.4248352050781,399.44412328655056,396.6747670514419,397.90988155708993,66436400
2023-04-18,399.6853332519531,401.14239312215904,398.30548459798973,401.0072882174601,63560000
2023-04-19,399.6177673339844,400.52477817155267,397.7071874777372,397.7650811599767,55227300
2023-04-20,397.4370422363281,399.19322927918245,395.8834830992031,396.79052346430586,75840400
2023-04-21,397.7458190917969,398.2089685800001,395.7870041880718,397.73616032830944,73457400
2023-04-24,398.1607360839844,398.58530941572457,396.2019211683217,397.54316416601694,64332100
2023-04-25,391.8404235839844,396.7423052676906,391.78252989419235,396.18262700309856,97766700
2023-04-26,390.18072509765625,393.5387062510406,389.62107629581755,392.4579848078688,80447000
2023-04-27,397.94842529296875,398.2186056288377,392.47723668231237,392.72812893970786,92968400
2023-04-28,401.3449401855469,401.3545989474943,397.00273774129374,397.06063141808824,89433100
2023-05-01,400.939697265625,402.97569367535664,400.7080931035981,400.9010916640462,62122300
2023-05-02,396.43353271484375,400.2739811366578,393.51944225597487,400.2257167618957,103998500
2023-05-03,393.71240234375,399.3572727392138,393.4711688178537,396.9352787160303,91531800
2023-05-04,390.9237365722656,392.98868012756435,389.5824641073576,392.6606060841038,94901900
2023-05-05,398.1607360839844,399.21251064978856,394.3106587025835,394.5711802912855,87891800
2023-05-08,398.26690673828125,398.74937380733377,396.8581111419347,398.4888521911285,50046800
2023-05-09,396.52032470703125,397.6396516896296,396.2887499683726,396.7133232875461,49220100
2023-05-10,398.373046875,400.00378785079255,394.5325985771212,399.36692781461454,96142900
2023-05-11,397.6782531738281,397.9677215941515,395.593992205154,397.5045721216341,70157100
2023-05-12,397.1571960449219,399.1353284857044,394.72557287711214,398.923041820046,70481500
2023-05-15,398.5274353027344,398.9326911272858,395.84491972814425,397.76512913138123,54289400
2023-05-16,395.8641662597656,398.3440536617969,395.8545074967587,397.4176958365766,57705500
2023-05-17,400.66961669921875,401.27750047633117,396.2405724955376,397.8906016426063,87287000
2023-05-18,404.529296875,404.95387019652003,400.1292001314732,400.3511161080979,97177200
2023-05-19,403.940673828125,405.9670411550364,402.71521822657564,405.4363392242152,103793300
2023-05-22,404.104736328125,405.6486366872359,402.7152289496702,403.96000211108804,60745400
2023-05-23,399.56951904296875,404.0371682026997,399.1738925667831,402.45466229795704,86383500
2023-05-24,396.67474365234375,398.3440901959979,395.5071816719006,397.9581224571478,89213700
2023-05-25,400.10992431640625,401.56698425113296,397.948481325118,400.1967648529363,90961600
2023-05-26,405.29156494140625,406.0152654358038,400.6888403981192,400.76602216064424,93830000
2023-05-30,405.44598388671875,407.76181972765335,404.05647649266785,407.23111777674455,72216000
2023-05-31,403.1977233886719,404.51967840658506,401.62487607920076,403.6126379882085,110811800
2023-06-01,407.02850341796875,408.0899368025651,402.1748861409727,403.42928867439025,88865000
2023-06-02,412.91461181640625,413.70583539601955,409.08382227275683,409.6145242472178,91426200
2023-06-05,412.1233215332031,414.5549446371605,411.41890910486813,413.26193659754,65460200
2023-06-06,413.02069091796875,413.5513928288073,411.05221735044984,411.70839483792156,64022200
2023-06-07,411.59259033203125,414.5549448111663,411.1680170116852,413.41632974635155,85373300
2023-06-08,414.0821533203125,414.53567350141725,410.888223972674,411.6601594331947,61952800
2023-06-09,414.82513427734375,416.84184286960624,413.8312534027369,414.88302796344124,85742800
2023-06-12,418.58837890625,418.6655901207844,415.08569304232174,415.80939357946767,76104300
2023-06-13,421.34808349609375,421.9945727847897,419.38926865621204,420.05507547125325,95899700
2023-06-14,421.8498229980469,423.66390356059924,418.38571360357616,421.6858007148604,100612100
2023-06-15,427.0798034667969,428.33420591477267,420.9331784663069,421.0296483104209,110303100
2023-06-16,425.62506103515625,429.6444062311506,425.1504965071728,429.072983957888,114165800
2023-06-20,423.4168701171875,424.56940938616935,421.3345614533151,423.67838900347647,76160400
2023-06-21,421.2474060058594,423.2328569537705,420.6565943972341,422.4289996662733,76982300
2023-06-22,422.7679748535156,422.8744976898845,419.9495827719529,420.28857012220664,70637200
2023-06-23,419.57183837890625,421.36360329009193,418.8551442371661,419.3006544152612,92074500
2023-06-26,417.85760498046875,420.92779193386053,417.6154753664924,419.00044966479635,72823600
2023-06-27,422.438720703125,423.05855716410935,418.2837681256193,418.7389729959459,72813700
2023-06-28,422.65179443359375,423.66872701668484,420.73411719928765,421.35395365804493,75636000
2023-06-29,424.31756591796875,424.48222704472147,421.8284961877175,422.23525734843753,67882300
2023-06-30,429.3248291015625,430.3127072151387,427.2231311982605,427.542758817571,104964000
2023-07-03,429.81878662109375,430.09963567460966,428.6953017365227,428.9761803468744,32793400
2023-07-05,429.17950439453125,429.9155877356542,427.9882162856348,427.9979109264912,58418400
2023-07-06,425.8188171386719,426.2449676130774,423.30066330541297,425.5863821733005,80658300
2023-07-07,424.74371337890625,428.7049794666193,424.5015837898049,424.82121139924607,86134200
2023-07-10,425.8188171386719,425.99314336270044,423.8139768918328,424.3853992195954,62443500
2023-07-11,428.53070068359375,429.02465459228506,425.6057853622568,426.5839985361467,64463800
2023-07-12,431.97857666015625,433.3926348395561,430.90353539722554,432.33695330463644,91924500
2023-07-13,435.4071044921875,436.20129662814134,433.3635449730267,433.7993604938544,72425200
2023-07-14,435.1359558105469,437.15046112494997,434.3708179806255,436.29818974063414,69815800
2023-07-17,436.6468200683594,437.7025015489115,434.9422182723966,434.9906619251845,52680200
2023-07-18,439.8913269042969,440.54021761031777,435.88164697449844,436.317492030114,80668200
2023-07-19,440.86956787109375,442.0608265336728,439.8138568520883,440.6855470187412,65891700
2023-07-20,437.9446716308594,440.77275854863626,437.22797742622265,439.87204347142995,70591600
2023-07-21,437.9446716308594,439.87204347142995,437.9350065448764,439.66863331321855,71275600
2023-07-24,439.9010314941406,440.7145833337671,438.0608230459974,439.09714473903944,54023400
2023-07-25,441.1020202636719,442.36108235466685,439.5814392896044,439.6298829434647,55191200
2023-07-26,441.1697998046875,442.60318803571505,439.10685100534744,440.16253245222157,71052900
2023-07-27,438.244873046875,444.9760876219577,437.33446340359325,444.5692968966643,92194400
2023-07-28,442.53546142578125,443.3683731021995,438.24490224608303,441.5281939658573,80011800
2023-07-31,443.3780517578125,443.73639884087777,441.69280962360494,443.0100100324472,62040400
2023-08-01,442.10931396484375,442.8550625330218,441.1504605979434,441.9059038088372,55291500
2023-08-02,435.95916748046875,439.2424293013425,435.2037243534402,438.9809399885829,93933400
2023-08-03,434.7098083496094,436.5984311098676,433.28608507597204,433.9350054287447,64276100
2023-08-04,432.7436218261719,438.6418942161519,432.22061371349884,436.5305315984245,100128900
2023-08-07,436.5209655761719,436.6759320832471,433.8865940695707,434.5839285729898,58357500
2023-08-08,434.62255859375,436.5111809775026,431.25210449054714,433.9736383703426,71361300
2023-08-09,431.71710205078125,435.0585025489514,430.9519641941149,434.89384140631273,78789600
2023-08-10,431.87200927734375,437.47973864760297,430.7001103815545,434.0802298731548,93005500
2023-08-11,431.6202087402344,432.6371707700478,429.39262829617013,429.9931049607352,68690900
2023-08-14,434.0028076171875,434.0028076171875,430.3902525554547,430.70018556678906,47867400
2023-08-15,428.94708251953125,432.579026131367,428.37563071458953,432.22064953392635,75707500
2023-08-16,425.7994384765625,430.19649067911223,425.6928860842807,428.5306378687395,80107200
2023-08-17,422.55487060546875,427.53303945369214,422.0318624311896,427.27155014496947,95711300
2023-08-18,422.7582702636719,423.79459201752337,419.3781505964978,419.7268030238674,98852000
2023-08-21,425.50885009765625,426.2545985897725,421.6154169550539,423.77519396809026,68719000
2023-08-22,424.35626220703125,427.2908713006881,423.7945346311659,427.2908713006881,64994200
2023-08-23,429.0826721191406,429.70253803409815,425.27640219751186,425.4216740348195,68441000
2023-08-24,423.135986328125,431.2037309919438,423.1069024037369,430.6904174605944,88517300
2023-08-25,426.1190185546875,427.40713495192443,421.30548118508113,424.8696216104319,102325100
2023-08-28,428.8211669921875,429.4410033274448,426.11899269061746,428.31751856565637,61595400
2023-08-29,435.0197448730469,435.30062349579674,428.53065951997604,428.71468038762214,83081900
2023-08-30,436.8114929199219,437.4507186105633,434.65168624806546,435.35871532032854,69053900
2023-08-31,436.1722412109375,438.5741477826128,435.9882203614193,437.43130323274573,66084600
2023-09-01,436.98583984375,439.38777622934856,435.5233675326761,438.90351700653866,58944100
2023-09-05,435.09716796875,436.85987843456763,435.0293941483985,436.5402803885754,55166200
2023-09-06,432.1723327636719,434.39024843800337,429.8381995966836,434.2836960318417,70758500
2023-09-07,430.8454284667969,431.52337363207397,428.8115338572922,429.16018630397696,70355400
2023-09-08,431.49432373046875,433.03426449961563,430.53549993531846,430.8938470281792,61659700
2023-09-11,434.33209228515625,434.6419957128025,432.41441519511204,434.1286821383693,60180100
2023-09-12,431.94952392578125,434.4095690069945,431.36843651488084,432.8793228968955,67565400
2023-09-13,432.4531555175781,433.6153598507793,431.06815175751416,432.17227690873267,60199300
2023-09-14,436.1819152832031,436.87924968605284,433.6250421773107,434.9325478772583,83430800
2023-09-15,430.92669677734375,434.9213639440362,430.4893439452129,434.5909096949505,111848900
2023-09-18,431.1794128417969,432.4818018322225,430.13943555280594,430.61567408318183,55752200
2023-09-19,430.28521728515625,430.8489560404354,427.59296875309155,430.2560604296138,66514600
2023-09-20,426.3294372558594,431.9666464690887,426.1253096194747,431.54872168026867,82562600
2023-09-21,419.28289794921875,423.7343455427682,419.12738484772433,423.47193386836017,104095800
2023-09-22,418.3401184082031,421.9168307442946,417.922163972963,420.31314452968047,100829700
2023-09-25,420.0993347167969,420.13819074776075,416.68783452035365,417.12521698798207,70874500
2023-09-26,413.927490234375,417.75691472810615,413.0916110989526,417.0473918297549,96168400
2023-09-27,414.0927429199219,415.667301957409,410.4382888305996,415.1035632540751,104705800
2023-09-28,416.4934387207031,418.1748963964089,412.94588306815257,413.53877864718345,92258300
2023-09-29,415.482666015625,419.73001600884464,413.9567213820376,419.5550748773884,115111300
2023-10-02,415.3173828125,416.57118678559624,412.5473631951858,414.6467455474316,83798600
2023-10-03,409.7579345703125,415.37571578475433,408.3875031242602,413.13054906663035,103760600
2023-10-04,412.7418212890625,413.49020038088855,408.7568828162418,410.22451380445284,87453000
2023-10-05,412.5862731933594,413.4318516223271,409.34974374781166,412.45018810032917,70142700
2023-10-06,417.48486328125,419.0302359835289,408.79576419213873,410.1273100617133,113273300
2023-10-09,420.15765380859375,420.7310917141289,415.0258398518271,415.57982008053864,80374400
2023-10-10,422.3445129394531,424.94929081738496,420.39091470045764,420.7894114868797,78607300
2023-10-11,424.0745544433594,424.3272372952325,421.0226652550823,423.41364596754795,62451700
2023-10-12,421.4891662597656,425.0658785035944,419.1273722776524,424.68683942970614,81154200
2023-10-13,419.3897705078125,424.2008585345048,417.81524123684835,422.99563948795424,95143100
2023-10-16,423.8023986816406,424.8715327429623,421.4017188780287,421.64470254373396,75433200
2023-10-17,423.7829895019531,425.84351613825277,420.3132049010381,420.66308718236917,75324700
2023-10-18,418.135986328125,422.96650259633606,417.0474242949097,422.004296810028,93559800
2023-10-19,414.4620666503906,420.67274301604505,413.7817302232839,418.8552300497727,121323000
2023-10-20,409.36920166015625,414.56905852945084,409.26227341338165,414.024777439766,123919900
2023-10-23,408.65966796875,412.5377077081286,406.0743180295289,407.83351751664156,92035100
2023-10-24,411.74066162109375,412.8972661743781,408.93175637423457,410.78815502983304,78564200
2023-10-25,405.8313293457031,410.0787089756388,405.31620513197595,410.0495521205634,94223200
2023-10-26,400.9715881347656,405.61743411350494,400.04826810570256,404.7621566218401,115156800
2023-10-27,399.15411376953125,402.9641106372074,397.72536865178915,402.5656138725483,107367700
2023-10-30,403.9263610839844,404.9857664071122,400.650945706927,401.95333471869225,86562700
2023-10-31,406.46307373046875,406.7837991071731,402.58503439104294,404.4997467967024,79665200
2023-11-01,410.7978820800781,411.6143035857107,406.9004148379302,407.43499666521507,98068100
2023-11-02,418.6705627441406,418.8260758413125,414.5884255113766,414.6078535256142,94938900
2023-11-03,422.4903259277344,424.0454274860036,420.8574826390445,420.9838389044363,100167800
2023-11-06,423.46221923828125,423.909300881896,421.5086210577569,423.2483924241886,67831700
2023-11-07,424.66741943359375,425.30889989202655,422.31535408043305,423.46222990258883,64256100
2023-11-08,424.97845458984375,425.7948761919887,422.6652452198862,425.2700231402192,61746000
2023-11-09,421.6641540527344,426.1642165380997,421.23650040437826,426.1253308443145,83174400
2023-11-10,428.2441101074219,428.5551363127825,421.6543943944366,423.74407761206675,89462200
2023-11-13,427.8359375,428.943927633025,426.1156237608668,426.9028884941221,52236100
2023-11-14,436.1362609863281,437.4289210638544,433.57033918584983,433.79389484093616,97176900
2023-11-15,437.0595397949219,438.7118404641815,436.20423260900355,437.47746455042164,77327600
2023-11-16,437.5941467285156,437.9148721110953,435.54334919989805,436.6124832436495,66665800
2023-11-17,438.138427734375,438.7507513076313,436.68052576418063,437.6038458819822,83133200
2023-11-20,441.51104736328125,442.35662577021293,437.8759915717595,437.8857204098918,69936200
2023-11-21,440.54876708984375,441.38464623474823,439.2755351898342,440.46129653882275,49244600
2023-11-22,442.2497253417969,443.57157198394486,441.1514640241976,442.2108693090085,59394900
2023-11-24,442.5218200683594,442.71621885655264,441.96783987808084,442.29829408913685,29737400
2023-11-27,441.724853515625,442.70648730503876,441.3360559416218,441.8900657895949,50506000
2023-11-28,442.1622619628906,443.4646509487185,440.7724024102266,441.33611150575734,62115000
2023-11-29,441.8511962890625,445.4570951907533,441.45272918496346,444.3199186012006,63146000
2023-11-30,443.59100341796875,443.9409153434161,440.61688552658904,442.69684007944744,79752700
2023-12-01,446.2152099609375,446.7497621614447,442.385785013724,442.97865092115586,89183400
2023-12-04,443.87286376953125,446.23465798918113,441.5888112755702,442.81345849809685,72430900
2023-12-05,443.78533935546875,444.7475451072162,442.10388183818117,442.4829505652876,69793500
2023-12-06,441.99700927734375,445.9624895836762,441.5596268220381,445.9333327307286,69124700
2023-12-07,445.36962890625,446.02080851674197,443.484073297296,444.0866680393364,66995400
2023-12-08,447.28436279296875,447.818915015908,444.37825785750545,444.6212415335857,83194400
2023-12-11,449.0240783691406,449.1990491481444,446.5748137350945,446.78864054401777,65002200
2023-12-12,451.0748596191406,451.1720590126142,447.673088475197,448.67417993968536,68327600
2023-12-13,457.2952880859375,457.54800060597285,451.0943397950226,451.4539508974767,93278000
2023-12-14,458.7629089355469,460.43463781217446,456.08035966207416,459.23914744875873,119026000
2023-12-15,458.0074768066406,459.34445079528814,456.1533199545878,458.16362040636614,141553700
2023-12-18,460.5838928222656,461.5695364615582,458.5540851861991,459.61778575015273,70375300
2023-12-19,463.38458251953125,463.46266921411814,461.052256247002,461.1303131602408,55761800
2023-12-20,456.9633483886719,464.4190197192671,456.5339609015259,462.52581937540066,102921000
2023-12-21,461.2962646484375,461.5695085402511,457.5293705169891,459.9592904756651,86667500
2023-12-22,462.22332763671875,463.9116026187795,460.3203886798005,462.4282531099421,67160400
2023-12-26,464.17510986328125,465.08266680219026,462.55515318900285,462.6332398955009,55387000
2023-12-27,465.01434326171875,465.16071859872636,463.4334300593357,463.9701495554804,68000300
2023-12-28,465.1899719238281,466.02921033768064,464.77035271690187,465.3753906024884,77158100
2023-12-29,463.8432922363281,465.52179896448314,461.88177332887085,464.9948179571429,122283100
2024-01-02,461.2474670410156,462.2428789339532,459.1395727623468,460.76929766113875,123623700
2024-01-03,457.4805908203125,459.82268558708614,456.8755528985423,459.08101082809003,103585900
2024-01-04,456.00701904296875,459.59823307859364,455.78255699773547,457.00240114962037,84232200
2024-01-05,456.6315612792969,459.09075619444957,455.1774869016725,456.21191228687286,86118900
2024-01-08,463.15045166015625,463.2968270078377,457.00241902536396,457.1292875871387,74879100
2024-01-09,462.4477844238281,463.4724415596584,459.97882114615163,460.4862655726299,65931400
2024-01-10,465.0631408691406,465.9316842003945,462.4380338715852,462.7210460536215,67310600
2024-01-11,464.85821533203125,466.5855039297226,460.8668888410367,466.0682912006048,77940700
2024-01-12,465.1802062988281,467.053899879707,463.76520505733885,466.31222516082903,58026400
2024-01-16,463.4724426269531,465.1119059605971,461.64756060638337,463.79449814902443,85014900
2024-01-17,460.8961486816406,461.3840863262476,458.53451737794865,460.437486104456,68843900
2024-01-18,464.9947814941406,465.55103752597205,461.02299191896157,462.5746299698475,91856200
2024-01-19,470.79150390625,471.07451607606174,465.04361399672933,466.12682126184484,110834500
2024-01-22,471.78692626953125,473.51421483133913,471.1330767139442,472.33341405568575,75844900
2024-01-23,473.16290283203125,473.4068716669151,471.2404570032446,472.3334326185078,49945300
2024-01-24,473.6801452636719,476.97857889434994,473.1824393105692,476.0417469073494,81765000
2024-01-25,476.2563781738281,476.52962204173497,473.68008310232767,475.8172224162091,72525000
2024-01-26,475.6513671875,477.3201055543282,474.8023604707163,475.8270175879346,76641600
2024-01-29,479.418212890625,479.5646180000114,475.4171482779632,475.963636023537,61322800
2024-01-30,479.04742431640625,479.7597942015554,478.2862130177268,478.72536880060346,58618400
2024-01-31,471.2306213378906,477.28102970904195,471.21108477382825,476.83213545582225,126011100
2024-02-01,477.3982238769531,477.4274989456315,472.128473264039,472.9384664663924,91891600
2024-02-02,482.4239501953125,484.08292030102734,477.49576216688445,477.8373244708508,99228200
2024-02-05,480.6673583984375,482.45322684265506,478.4033503772612,481.7896387981956,75757100
2024-02-06,482.0628662109375,482.3946602218278,480.1794043465866,481.6139421538367,55918600
2024-02-07,486.0834655761719,486.5030847840718,483.4095471530847,484.31713376491945,70556500
2024-02-08,486.2981872558594,486.67876313703624,485.26376181906494,486.08349349833503,52343600
2024-02-09,489.1087646484375,489.5478907116506,486.464120859665,486.80568320751115,63979400
2024-02-12,488.89404296875,491.3532381264676,488.1718749593102,489.0794616675323,56502300
2024-02-13,482.1604309082031,485.0978249437322,478.8815043599049,482.5995866836909,113099200
2024-02-14,486.5421447753906,487.0300824146668,482.4727317600331,484.8050879708214,68387800
2024-02-15,489.8991394042969,490.08455808264773,486.76655843722136,487.24475755676514,61683000
2024-02-16,487.45947265625,490.73839931554534,486.71779791035453,489.5966419107854,75532900
2024-02-20,484.77581787109375,486.3860061409344,482.5215483370468,485.7126498093255,71736700
2024-02-21,485.2149658203125,485.3711094473026,481.6530268123209,483.46817041739837,59293400
2024-02-22,495.2566833496094,496.2227903053238,490.8847515615135,491.8508882985767,76402500
2024-02-23,495.59832763671875,497.8233223565238,494.86642108702824,496.9840540265747,61321800
2024-02-26,493.7830810546875,496.4765061265552,493.65621251415064,496.03735037567327,50386700
2024-02-27,494.7004699707031,494.9249320161117,492.5730689156793,494.47603770664597,48854500
2024-02-28,494.0466003417969,494.63210165101094,492.7779446820202,493.1390137498183,56506600
2024-02-29,495.8227233886719,497.4426800063986,493.1586028041446,495.81298488671405,83924800
2024-03-01,500.4776306152344,500.90701813560685,496.2911469636296,496.70102769902195,76844800
2024-03-04,499.9409484863281,501.7951355453711,499.648197782981,499.67750263466905,49799300
2024-03-05,494.94439697265625,498.3794968768046,492.72917089960293,497.9305728239268,72855600
2024-03-06,497.4524230957031,499.7164608888025,496.1545220794044,498.23311140577533,68382400
2024-03-07,502.390380859375,503.4443429029918,497.5110041646538,500.7606857208952,58652100
2024-03-08,499.3748779296875,505.71803719469176,498.7991151130881,503.02467157075245,86532500
2024-03-11,498.9455261230469,499.53105726392937,496.2325939589306,498.1648377894375,62557200
2024-03-12,504.3128356933594,504.89833701294907,498.53561138081784,501.063154462892,73114400
2024-03-13,503.52239990234375,504.81056257365884,502.0781233751302,504.6349121497578,55104100
2024-03-14,502.5269775390625,504.654378460411,499.4724832072711,504.4982050635474,110171800
2024-03-15,499.07635498046875,500.90693694327877,497.4024316630392,499.44834457853835,107646300
2024-03-18,502.0424499511719,504.6071826366265,501.63132556015915,503.15841876026013,88893300
2024-03-19,504.8323059082031,505.1161675164121,500.33909510581594,501.3473983051708,60755300
2024-03-20,509.501708984375,509.6387703610633,504.21564482581135,504.89109332775615,69594600
2024-03-21,511.1854553222656,513.0551421639301,510.90153393819924,512.3503575161087,60256100
2024-03-22,510.2163391113281,511.58677360023546,509.9813511510512,511.09731990824747,79070800
2024-03-25,508.80670166015625,509.96180518438194,508.65004302256665,508.8360378123517,48512100
2024-03-26,507.866943359375,510.5785359636074,507.465617616324,510.23588252659715,65463700
2024-03-27,512.1348876953125,512.1740822237578,508.5325161960011,510.7057213532242,82999800
2024-03-28,512.037109375,513.5446052867917,511.75324773349064,512.1741707527357,96294900
2024-04-01,511.1462707519531,513.3194762872985,509.98136853540166,512.781089157312,62477500
2024-04-02,507.89630126953125,508.03330288632185,505.58603458115783,507.3089210276351,74230300
2024-04-03,508.4542236328125,509.9617791407422,506.75093445953814,506.7998678758743,59155800
2024-04-04,502.248046875,512.8202352661735,501.94458795883435,512.4776415616462,96858100
2024-04-05,507.49493408203125,509.4625474298725,503.1681802920817,503.6087005524252,74546500
2024-04-08,507.77874755859375,509.20797367394556,506.96629754745067,508.1997302603524,48401800
2024-04-09,508.36614990234375,509.76598018179146,503.50094951713095,509.52125335501194,68049200
2024-04-10,503.2758483886719,505.2727978988181,501.288697511792,502.6493333372583,82652800
2024-04-11,507.07403564453125,508.52279948423035,501.2789205379683,504.80296329585076,70099000
2024-04-12,500.0747985839844,504.9399690444143,498.34211354923036,503.5205415143918,92561100
2024-04-15,493.809814453125,504.4309350820484,492.9581399821633,504.2645375653604,92101400
2024-04-16,492.90924072265625,495.81659688850766,491.6170757880816,494.2895037381496,73484000
2024-04-17,489.9920959472656,495.54251414976056,488.59226550978076,495.37608674425394,75910300
2024-04-18,488.9837951660156,493.49657364344756,488.0440524623093,491.39192878796825,74548100
2024-04-19,484.7157897949219,489.90398704424035,483.44319225577453,488.9055122549044,102212600
2024-04-22,489.1795959472656,491.78349315664354,484.98007493251976,487.3294466640699,67961000
2024-04-23,494.9845275878906,495.4152492396772,488.9936189979829,491.1961606780303,64633600
2024-04-24,494.74957275390625,496.66822281618226,492.5176651664761,495.87531024392956,55928100
2024-04-25,492.8700866699219,493.6336332615344,486.9966421578613,488.6509980853357,69122400
2024-04-26,497.53948974609375,499.1253149704082,495.03348916650594,495.6697730082035,64306100
2024-04-29,499.3014831542969,499.976931619229,496.55075587636594,499.33084917999474,46415400
2024-04-30,491.39190673828125,498.8120110716739,491.39190673828125,497.83310375268974,77483600
2024-05-01,489.7963562011719,497.4709871436864,489.32646986326426,490.8046296954004,80242800
2024-05-02,494.37762451171875,495.2195004467242,489.0132009719936,493.51618118246085,62550200
2024-05-03,500.50555419921875,501.73895716286734,497.83312634252997,500.37829146215523,72756700
2024-05-06,505.6742248535156,505.7133596420275,502.47317839654846,502.9136986953244,47264700
2024-05-07,506.2322082519531,507.63203872250176,505.55675972792085,506.6433326476954,52561300
2024-05-08,506.2810974121094,506.81948450790213,504.2743492835563,504.3918133863561,42047200
2024-05-09,509.1982116699219,509.23740620188596,505.8112305297066,506.4670817147218,43643700
2024-05-10,509.85418701171875,511.61620848759463,508.6305526885036,510.8036985676043,52233200
2024-05-13,509.92254638671875,511.645432696488,508.7772416401531,511.53776723906657,36716400
2024-05-14,512.2621459960938,512.7809955114608,509.5799497220426,510.11833675370696,57535900
2024-05-15,518.6055297851562,518.8991900209113,514.1025204284623,514.7388340623975,59504900
2024-05-16,517.53857421875,520.3088989892751,517.3917142043874,518.7034764563527,50244800
2024-05-17,518.282470703125,518.3510013823711,516.1973934194888,517.6559557052394,59187600
2024-05-20,518.8797607421875,520.3481221441008,518.0085186375854,518.400105577207,37764200
2024-05-21,520.1522827148438,520.3089413759618,517.9106060151925,518.1161981024949,33437000
2024-05-22,518.654541015625,520.1718355844711,516.4715368155097,519.4572522789621,48390000
2024-05-23,514.8661499023438,521.8261670726438,513.6522545564001,521.7185015997201,57211200
2024-05-24,518.2728271484375,519.0853371623223,515.7668261548077,516.7163378204198,41291100
2024-05-28,518.6349487304688,519.3201958884637,515.991886691213,519.0852676623554,36269600
2024-05-29,515.0031127929688,516.187612149335,514.2885295747019,514.5919884514224,45190300
2024-05-30,511.58673095703125,514.1221271592083,510.3337606788209,513.4564773633216,46377600
2024-05-31,516.2463989257812,516.373661669616,507.42643355259685,512.5461599640777,90785800
2024-06-03,516.6672973632812,518.1454570499837,511.5769670953754,517.8615954221938,46835700
2024-06-04,517.244873046875,517.9888521983294,513.8872279798754,515.3555890163468,34632700
2024-06-05,523.3923950195312,523.411992286524,517.577682760377,519.5746920651516,47610400
2024-06-06,523.3826293945312,524.1266086139946,521.4444117684961,523.6958869473458,30808500
2024-06-07,522.7462768554688,525.5655345515494,521.307252110627,522.4036234649075,43224500
2024-06-10,524.3614501953125,524.684506328859,521.3366601422468,521.9337792468638,35686100
2024-06-11,525.6243286132812,525.6830606660559,520.8276585615498,522.80507058457,36383400
2024-06-12,529.9412841796875,532.6430781044711,528.9036447482033,530.2056082912144,63251300
2024-06-13,531.0083618164062,531.8698051580913,528.2087008298147,531.6936089856242,44760900
2024-06-14,531.3314208984375,531.3607570534568,528.4631694567662,529.4714728215465,40089900
2024-06-17,535.5601806640625,536.9600707352853,530.1859889386527,530.6461064563005,55839500
2024-06-18,536.9209594726562,537.0482222261405,535.1980727311192,535.6189957819628,41376400
2024-06-20,535.4622802734375,538.5164661964561,533.6806618603835,537.8508164181325,70328200
2024-06-21,534.744384765625,535.8639535905671,533.2811170627399,534.6363719686153,64338600
2024-06-24,533.006103515625,537.1406199465806,532.8882604765938,534.5676136935514,45528700
2024-06-25,535.0587158203125,535.4220752279302,532.7115650972021,534.2337544994542,37936200
2024-06-26,535.7265625,536.4434511367156,533.291059231854,533.9391960904497,38550600
2024-06-27,536.5711059570312,537.1505509580609,534.8426611396433,535.589040487199,35041500
2024-06-28,534.4595947265625,540.4109684989184,533.2124124479245,537.3468693543182,76144500
2024-07-01,535.5595703125,536.08986404863,532.7901386983468,535.8443476992247,40297800
2024-07-02,539.1636962890625,539.1636962890625,533.8998405072027,533.9489317855893,40434800
2024-07-03,541.56982421875,541.9331836330194,538.8102227549504,538.8494837936086,32789900
2024-07-05,544.6927490234375,545.0953694497009,541.2358597539028,541.8742262180542,41488400
2024-07-08,545.3213500976562,546.2739248445872,544.2508723475028,545.478454201086,36110500
2024-07-09,545.8515014648438,547.1870957873554,545.5568938849522,546.2836125621862,27289700
2024-07-10,551.2529907226562,551.596689657151,546.7846048716298,547.079212521271,38701200
2024-07-11,546.4996948242188,552.244812960266,545.8613883249984,551.370760432176,53054200
2024-07-12,549.9468383789062,553.5608321512885,547.1578059832891,547.6291782325719,53084400
2024-07-15,551.459228515625,554.7098626844446,549.5932802263559,551.9502612295888,40584300
2024-07-16,554.7294921875,555.0240998431519,552.0189818744624,552.7751914744023,36475300
2024-07-17,546.9515380859375,550.4575189607175,546.6274397017427,548.7781654504558,57119000
2024-07-18,542.748291015625,549.4853058775749,540.5583041390183,548.4934101354552,56270400
2024-07-19,539.14404296875,544.1427819375705,538.0833956151523,542.5125199017892,65509100
2024-07-22,544.70263671875,545.3115125146927,541.1377342686712,543.0822047176163,43346700
2024-07-23,543.8482055664062,546.7550807862475,543.3571728667828,544.5945249198012,34439600
2024-07-24,531.5233154296875,539.3209182500651,530.6001714203044,539.0164803289134,74515300
2024-07-25,528.7538452148438,537.6415857024604,527.8111007222136,531.6411201045629,61158300
2024-07-26,534.67578125,537.3764615671039,531.7786758308198,532.5545459929423,53763800
2024-07-29,534.9899291992188,537.2388372702122,532.9864775250034,536.227341129643,39515800
2024-07-30,532.2794799804688,537.5237359172042,528.8619113563942,536.463088435743,46853600
2024-07-31,540.9315185546875,543.5732772591324,537.7594660363832,539.1343218302673,65663400
2024-08-01,533.2713623046875,544.9186439967344,529.7555512584067,542.659905480717,76428700
2024-08-02,523.3427124023438,527.3593266038325,519.1197829332602,526.1415750127649,82789100
2024-08-05,508.10107421875,514.1898925589088,501.1185726401647,502.46402760588046,146267400
2024-08-06,512.7855224609375,520.249196250666,508.58225336867037,509.9080178114113,84826300
2024-08-07,509.3580017089844,522.056159772471,508.75895621515167,518.9920606530759,70698300
2024-08-08,521.1329956054688,521.7614718670237,512.4810023749844,514.5138248770706,63276600
2024-08-09,523.4310302734375,524.9237888690128,519.0804877250338,520.3080694804698,45619600
2024-08-12,523.7060546875,526.1218973002085,521.4276556811567,524.6291985957554,42542100
2024-08-13,532.3186645507812,532.5544105776438,526.6620186567962,526.9075349868316,52333100
2024-08-14,533.998046875,535.1863675555963,530.4331447737245,533.1141640625877,42446900
2024-08-15,543.1509399414062,543.4357173403401,539.036083351339,539.644959128727,60846800
2024-08-16,544.36865234375,545.0659403343901,541.3733649561221,541.530469041351,44430700
2024-08-19,549.5736083984375,549.5736083984375,543.926732304356,544.7811244137845,39121800
2024-08-20,548.679931640625,550.7815659083177,547.3345068852593,549.1218730431605,33732300
2024-08-21,550.5654907226562,552.028758554174,544.7811112258051,549.7307591225532,41514600
2024-08-22,546.2443237304688,553.0795196886376,545.0265723682652,552.4706440075358,56121500
2024-08-23,552.0484008789062,552.9912051950074,547.2951782034337,549.4950549410031,50639400
2024-08-26,550.732421875,553.7964610598141,549.0236377073744,553.0795725146759,35788600
2024-08-27,551.4887084960938,551.9797412538522,548.3068258163023,549.455825686111,32693900
2024-08-28,548.287109375,551.5770644805714,545.085566530633,551.1449533002178,41066000
2024-08-29,548.3362426757812,553.570668523791,547.1872428351764,550.2611126158587,38715200
2024-08-30,553.5706787109375,554.0813719563913,547.1479918630939,550.7128944546577,62700100
2024-09-03,542.1786499023438,550.7520611429293,539.6547347846964,550.4181325533738,60600100
2024-09-04,541.0689697265625,544.486538299349,539.6057018017893,540.3324206417021,47224900
2024-09-05,539.7529907226562,543.8678474559043,537.2879967926923,541.0100633006934,44264300
2024-09-06,530.6688842773438,541.7072905965744,529.7654008260863,540.0770882862281,68493800
2024-09-09,536.6104125976562,537.8871457693488,532.947327264864,534.882027573912,40445800
2024-09-10,538.9476928710938,539.3012819984793,533.6347450012723,538.5254119078065,36394600
2024-09-11,544.4766845703125,545.3998284478084,530.2760571886295,538.8592992301786,75248600
2024-09-12,549.06298828125,549.367426167289,542.8268368290717,545.0561445387712,51819600
2024-09-13,551.9306030273438,552.9323289489466,549.4165179190511,549.6718645218532,39310500
2024-09-16,552.7457275390625,553.0108444429941,549.8584528057411,551.6654196124157,36656100
2024-09-17,552.9714965820312,556.4185552565623,550.7323590038546,554.9650579031731,49321000
2024-09-18,551.3314819335938,558.490716373018,550.7716975212177,553.6294811628125,59044900
2024-09-19,560.73974609375,562.6056945402063,557.8917920771589,560.7692368305202,75315500
2024-09-20,559.7703247070312,560.8145045179642,556.7362689807047,559.3664693612584,77503100
2024-09-23,561.169189453125,561.8193743965802,559.6226102686882,560.844157105768,44116900
2024-09-24,562.77490234375,562.8340046033333,559.1301026711176,561.9671313798626,46805700
2024-09-25,561.53369140625,563.3561212938423,560.4205487537844,562.6173129912877,38428600
2024-09-26,563.7599487304688,566.1340196278296,561.3957983542562,565.8089271560161,48336000
2024-09-27,562.9423217773438,565.651285439919,561.908002221962,564.8337142422162,42100900
2024-09-30,565.1981201171875,565.8088634048895,559.6028866955652,561.9079345557661,63557400
2024-10-01,560.1348266601562,565.4936512718724,557.5539281278881,564.8435265029814,72668800
2024-10-02,560.371337890625,561.3958572731079,556.8349422897517,559.2385345053339,38097800
2024-10-03,559.3468627929688,561.297297524576,557.0516147695683,558.8937053770586,40846500
2024-10-04,564.4298095703125,564.804143911743,559.6226255139783,563.8092058002762,42939100
2024-10-07,559.3271484375,563.4251056498125,558.1746242759516,562.7749206488743,49964700
2024-10-08,564.6170043945312,565.2179475242848,561.0313670329389,561.9080405471897,37398700
2024-10-09,568.5277099609375,569.0892114172115,564.0061772469245,564.6070601630827,37912200
2024-10-10,567.5328369140625,568.9612116462271,565.9172950083815,567.1782233614125,44138100
2024-10-11,570.9313354492188,571.6701437051296,567.3160570940822,567.4539823983677,42268000
2024-10-14,575.6006469726562,576.5364828744649,572.0641913408873,572.5468698259319,36217200
2024-10-15,571.1283569335938,576.1719497636773,569.9068101256781,575.8665780927906,54203600
2024-10-16,573.6107177734375,574.1328378005626,570.3205920106161,571.1283629185417,30725400
2024-10-17,573.6599731445312,577.3737353042621,573.4728059770134,577.1668473429936,34393700
2024-10-18,575.8666381835938,576.6546883722069,573.8866222523045,575.3543785050263,37416800
2024-10-21,574.9208374023438,576.1226031998164,571.9360234514867,575.1375256119741,36439000
2024-10-22,574.615478515625,575.7778628801683,571.7193479380794,572.3793331017681,34183800
2024-10-23,569.364990234375,573.0295101570803,565.8482560008526,572.5862132138965,49314600
2024-10-24,570.596435546875,571.4042065299044,567.966294746531,571.3253834738008,34979900
2024-10-25,570.3993530273438,575.7385172942365,569.4537169426869,572.832526139626,47268200
2024-10-28,572.1627197265625,574.0146706850179,571.8573480325817,573.8866057690544,30174700
2024-10-29,573.0886840820312,574.2116269876768,569.798498044357,571.1972915711463,42899700
2024-10-30,571.35498046875,574.615585559352,570.6456931929514,572.6158487794029,41435800
2024-10-31,560.1546020507812,567.0402856066526,559.957574484397,566.9713229521994,60182500
2024-11-01,562.5187377929688,566.9614477579651,562.1050220014198,562.7945884035815,45667500
2024-11-04,561.30712890625,563.9569903576214,559.4157965332372,562.6566805623088,38217000
2024-11-05,568.0942993164062,568.1336807780868,562.0065265842841,562.2232148100805,39478300
2024-11-06,582.2203369140625,583.0970705492409,576.6546836514896,580.4078275075276,68182000
2024-11-07,586.72216796875,587.7466873497708,584.1511293671531,584.2299524251648,47233200
2024-11-08,589.263671875,590.6920466620936,587.2737955457643,587.2737955457643,46444900
2024-11-11,589.8251342773438,591.214067381988,588.0913879024889,590.8594538392326,37586800
2024-11-12,587.9928588867188,590.3471487178498,585.5005836337616,589.7462657959629,43006100
2024-11-13,588.2785034179688,590.2880401081766,586.0817995759008,588.4558101737783,47388600
2024-11-14,584.4959106445312,588.8893794431573,583.8064042580049,588.406700922837,38904100
2024-11-15,577.00927734375,581.3928852443048,575.1474660138925,580.9200070517927,75988800
2024-11-18,579.37353515625,580.6935057455166,576.6054689287176,577.4722820828334,37001700
2024-11-19,581.4913940429688,582.2203419709091,575.3149973262474,575.9848429931217,49412000
2024-11-20,581.6883544921875,581.9740053669792,575.9059534750936,581.5701499836966,50032600
2024-11-21,584.81103515625,586.2394097822103,578.6838809961135,584.5451050737219,46750300
2024-11-22,586.62353515625,587.2539992113647,584.2987665929215,584.8011056335931,38226400
2024-11-25,588.613525390625,591.8937909448966,586.3182774428572,590.5738204551704,42441400
2024-11-26,591.6869506835938,592.3567963116076,589.1454333564441,589.8645208450938,45621300
2024-11-27,589.89404296875,591.883858859544,588.3671846956962,591.4997242855515,34000200
2024-11-29,593.55859375,594.3466439350991,590.4359140778026,590.7117045866185,30177400
2024-12-02,594.6224365234375,595.3021425181648,593.4797127608734,593.9722515940274,31746000
2024-12-03,594.8982543945312,595.1445238224464,593.3517352966707,594.3860548690404,26906600
2024-12-04,598.59228515625,598.8385545797807,595.9227630847732,596.5926087018526,42787600
2024-12-05,597.6071166992188,599.3999650451549,597.2525032130411,598.5921942437312,28762200
2024-12-06,598.7401123046875,599.9813199050982,597.9619225172376,598.3756383425828,31241500
2024-12-09,595.6567993164062,598.7893393078875,595.0657767234376,598.6218929272753,34742700
2024-12-10,593.8048706054688,596.7601039297737,593.1448853311992,596.3365277015484,37234500
2024-12-11,598.3953247070312,599.3508212217944,596.4645507592219,596.7404013764967,28677700
2024-12-12,595.31201171875,598.0997382660831,595.31201171875,597.5284365007215,31543800
2024-12-13,595.1937866210938,598.0701965149426,593.8146538658189,597.3511090725724,35904700
2024-12-16,597.7352905273438,598.7105679786196,596.1789110129041,596.9571007701239,43695200
2024-12-17,595.2725830078125,596.1394561956839,593.8935102993782,595.1740992873428,55773500
2024-12-18,577.5313720703125,597.3609304879477,577.1471773446116,594.9671989364094,108248700
2024-12-19,577.35400390625,584.1510639445604,577.1077344863745,582.5355221203287,85919500
2024-12-20,584.2886352539062,588.8352196171104,574.1674387147792,575.0175026728227,125716700
2024-12-23,587.7874755859375,588.3903808785561,580.839043366224,584.0315939956688,57635800
2024-12-24,594.32080078125,594.3603751171399,588.5584517113257,589.1416302251183,33160100
2024-12-26,594.3603515625,595.4870738828115,591.1381803052061,592.5416816588521,41219100
2024-12-27,588.1038818359375,590.841750463948,583.9032104912869,590.6044854076733,64969300
2024-12-30,581.3925170898438,584.8716798476681,577.6267420719552,581.0663908263399,56578800
2024-12-31,579.2774658203125,583.7845361057068,577.6366994322016,583.0629680945224,57052700
2025-01-02,577.8541259765625,584.2687872048679,573.7621642800276,582.5489929538754,50204000
2025-01-03,585.0792846679688,585.7217039617416,579.623335665357,580.7106042287589,37888500
2025-01-06,588.4497680664062,592.7394211491448,586.7101863614566,589.3492396720658,47679400
2025-01-07,581.7978515625,590.8119920606497,579.9693484070148,590.4858054370367,60393100
2025-01-08,582.6478271484375,583.7252021495292,578.4076425523384,581.867018332763,47304700
2025-01-10,573.7523193359375,579.148967552338,571.8348342474784,579.0797727939155,73105000
2025-01-13,574.6419067382812,574.9977137931114,568.6719735158341,569.0871420731995,47910100
2025-01-14,575.4325561523438,578.209938228887,571.637100270467,577.5773521941201,48420600
2025-01-15,585.8997192382812,587.0462287462195,582.3612548768964,583.4781439602939,56900200
2025-01-16,584.7728881835938,587.4513947839769,584.0711073889483,587.2734912712623,43319700
2025-01-17,590.64404296875,592.4033515473359,588.6968769367569,590.0312439926065,58070600
2025-01-21,596.0504760742188,596.0603696579795,591.7213092581105,593.6980955549004,42532900
2025-01-22,599.4011840820312,600.7651715456991,598.3337025176967,598.8872003053638,48196000
2025-01-23,602.6727294921875,602.6727294921875,598.4918457286775,598.7685644436611,41152100
2025-01-24,600.913330078125,603.6907726306447,599.7569270310084,602.7319999441287,34604700
2025-01-27,592.4132080078125,592.7295010606359,587.7381276298589,587.9061375768574,70361100
2025-01-28,597.50341796875,598.3435279756633,590.3177808049226,593.6486607361097,44433300
2025-01-29,594.8248901367188,597.1179695261326,592.2649252873389,596.7126945442042,37177400
2025-01-30,598.0173950195312,599.5592859855939,593.747529191958,596.9499738076877,39281300
2025-01-31,594.8347778320312,602.880312619884,594.0736957955036,600.4488437325783,66566900
2025-02-03,590.831787109375,593.3224968021361,583.6362560871698,585.7909458950113,65857200
2025-02-04,594.7952880859375,595.3092115270962,590.3475186916722,590.8911228856247,33457800
2025-02-05,597.2069091796875,597.3551922900909,591.6324173909024,593.6685049658528,30653100
2025-02-06,599.2825317382812,599.4110276717307,595.6353586638426,598.9563451128535,35771500
2025-02-07,593.7969970703125,601.0715564826635,593.0853226024016,599.8459585772572,50788500
2025-02-10,597.82958984375,598.4720695404235,595.7440947156747,597.0191605249602,26048700
2025-02-11,598.2842407226562,598.8278448766438,595.4376636934635,595.5562660424524,30056700
2025-02-12,596.35693359375,597.5331239679138,591.5632504880516,592.2452442399068,45076100
2025-02-13,602.6529541015625,602.860538386905,596.198778008583,597.4638899085884,40921300
2025-02-14,602.6232299804688,603.8982352451526,602.0005375583223,602.8604346504824,26910400
2025-02-18,604.3925170898438,604.3925170898438,601.3186288745633,603.7896117473091,26749000
2025-02-19,605.8157958984375,606.1123017730542,602.4849158656623,602.9988995994843,31011100
2025-02-20,603.2954711914062,604.5803703391965,599.974484380483,604.4419808070575,36554000
2025-02-21,592.9766235351562,603.2163626901448,592.5120473575615,603.0779731626286,76519800
2025-02-24,590.2781982421875,596.0306526731238,589.5665239207386,595.0323661026961,50737200
2025-02-25,587.3427734375,590.9504327968516,582.7171004383193,590.2190314712642,58266500
2025-02-26,587.6392211914062,592.620761102799,584.9903348809851,589.013102100412,43321600
2025-02-27,578.2593994140625,591.0788899188873,577.8640783507352,589.9224264999975,74196700
2025-02-28,587.2833862304688,587.8170967698634,575.6796612579947,578.7634428057255,88744100
2025-03-03,576.9942626953125,590.4067643806418,573.1691862018861,589.2601945949107,74249200
2025-03-04,570.1644897460938,578.5955127414016,565.608011549554,572.9814465763258,109648200
2025-03-05,576.29248046875,578.0913631561872,566.4283366011412,569.9964212260836,71230500
2025-03-06,566.0626220703125,573.4359958315716,563.5026574515875,568.800429877349,80094900
2025-03-07,569.2353515625,570.6883208259039,559.0648080255879,564.2736590980126,81158800
2025-03-10,554.073486328125,562.9294509409499,549.1414138289008,561.0021324297065,99326600
2025-03-11,549.4674682617188,557.473488465779,545.612771416854,552.907117228081,88102100
2025-03-12,552.3832397460938,556.574016783005,547.2633707942651,555.6449248680879,69588200
2025-03-13,545.0197143554688,552.6204598197313,543.2999199883595,552.0076609148241,74079400
2025-03-14,556.2775268554688,557.2857071377122,545.0889095501292,549.655280917059,62660300
2025-03-17,560.5671997070312,563.097483760462,555.8228643209595,556.2577597204585,49008700
2025-03-18,554.50830078125,558.4618730708418,552.5710286417288,558.2443952250169,66041400
2025-03-19,560.54736328125,564.3230320254004,555.1112014285828,556.2972851708735,66556000
2025-03-20,558.9264526367188,563.9475069089323,556.0699818531248,556.7915499004863,62958200
2025-03-21,559.1107788085938,560.0129560782987,553.2121973894178,554.4514053360011,83763000
2025-03-24,569.1236572265625,570.1844265679264,565.2771506364932,565.8719462913679,58766800
2025-03-25,570.4917602539062,571.4335099767462,568.7370222712309,570.3331077369899,38355700
2025-03-26,563.6810913085938,571.3542581528293,562.293154038674,570.2240858480267,51848300
2025-03-27,562.18408203125,565.971108987233,560.062543386952,562.2831944691987,42164200
2025-03-28,550.8626708984375,561.3811152230641,550.2777985606353,560.6475137101825,71662700
2025-03-31,554.5604248046875,555.8690356187795,542.1484990140983,545.0829651282622,95328200
2025-04-01,556.1268310546875,558.0798545049701,548.8997911229003,552.6372621541935,54609600
2025-04-02,559.6461791992188,562.5211054527999,550.019989677278,550.2579079318416,76014500
2025-04-03,532.0663452148438,543.2390031081819,532.0663452148438,540.4037097995117,125986000
2025-04-04,500.9176330566406,521.3298644038904,500.69953122991006,519.1488461365848,217965100
2025-04-07,500.0254211425781,518.6531751879934,477.64034947944,484.966562158496,256611400
2025-04-08,492.193603515625,520.4475157965463,484.93679417196097,517.3544574544211,165816600
2025-04-09,543.8834838867188,543.8834838867188,488.7932402716448,489.17988772825765,241867300
2025-04-10,520.051025390625,528.8939971161361,504.92276379554966,527.5754628052078,162331200
2025-04-11,529.3302001953125,531.7986929533369,515.5799524923516,518.4945722506925,97866300
2025-04-14,534.4654541015625,539.580938661594,529.2508571038156,539.3528832417228,68034000
2025-04-15,532.9684448242188,538.5399188279399,532.175363851926,535.0106570692674,56892900
2025-04-16,521.1216430664062,533.2460954669957,515.7980102587055,527.0896882471153,83484800
2025-04-17,521.8651733398438,526.5840872057769,519.3867572764926,523.0845951885916,79868100
2025-04-21,509.4433898925781,517.1958826970866,504.070170487947,516.6605060954281,69368100
2025-04-22,522.6979370117188,524.7302260402327,514.7075262081219,515.6493363944684,75948100
2025-04-23,530.79736328125,540.7209502963145,529.2706808590098,535.7641184612734,90590700
2025-04-24,541.9700927734375,542.7036942188355,530.8271442598516,532.086138426331,64150400
2025-04-25,545.8860473632812,546.2924809922215,538.9960382976576,541.9305048307399,61119600
2025-04-28,546.0941772460938,548.770878725811,540.3145544882295,546.6295538469604,47613800
2025-04-29,549.5342407226562,550.6544896169489,543.8140371215516,544.1709145104755,47775100
2025-04-30,549.7523193359375,551.7152660165827,536.8447695388113,542.8425243498715,93101500
2025-05-01,553.6483764648438,559.2000647311057,553.0436574695955,555.5319968692943,63186100
2025-05-02,561.8668823242188,563.4728911995644,557.5246922514075,559.8543793028188,60717300
2025-05-05,558.6448974609375,561.7578025218996,556.850526672483,557.7130106117388,38659200
2025-05-06,553.9755249023438,558.486229861133,552.151444635027,553.1130409863903,48264700
2025-05-07,556.3052978515625,558.9522292842823,551.239369394788,555.3139314189718,55588000
2025-05-08,560.1814575195312,565.3861307660613,556.8504811637198,560.3598961984284,65130800
2025-05-09,559.4677734375,562.6004648206437,557.9013974918248,561.5892516710271,37603400
2025-05-12,577.9567260742188,577.9666494201874,572.0580835025086,576.4498296839446,78993600
2025-05-13,581.7734985351562,583.9941496422729,577.8080328415324,578.3730584556538,67947200
2025-05-14,582.5170288085938,583.8949821637985,580.4846792150129,582.7351003798474,66283500
2025-05-15,585.3622436523438,585.8677897044162,580.0484736048338,580.5045239452851,71268100
2025-05-16,589.0699462890625,589.3673441171694,584.1924403834937,586.1454032115668,76052100
2025-05-19,589.7142944335938,590.3983396880136,583.0225710566098,583.0225710566098,68168500
2025-05-20,587.7315673828125,588.9212192076606,584.5096264657933,587.9695461543464,60614500
2025-05-21,577.8277587890625,587.4638708843231,576.7967595991499,583.359599797301,95197700
2025-05-22,578.0558471679688,581.5553390131786,576.3902984080268,577.629506378804,70860400
2025-05-23,574.1102294921875,576.7869310981343,570.6305234552773,571.0072475595028,76029000
2025-05-27,586.0462646484375,586.2048566469568,573.4360527249615,581.0101064535629,72588500
2025-05-28,582.6558227539062,587.6523487169525,581.9222212137981,586.4527734503207,68445500
2025-05-29,584.9557495117188,588.0785779673218,581.0101304856973,587.9397721452495,69973300
2025-05-30,584.301513671875,586.0264816938155,578.2045855174352,583.8454633007033,90601200
2025-06-02,587.5928955078125,587.6721612666921,580.0089171212081,582.6856189346104,61630500
2025-06-03,590.943603515625,591.9250465362925,586.740159298439,587.2259796444896,63606200
2025-06-04,590.7849731445312,592.7875526407612,590.3487695069823,591.8061095833268,57314200
2025-06-05,587.9298095703125,593.8284515327539,585.9470768439928,592.4702844558809,92278700
2025-06-06,593.96728515625,595.6426968087642,591.7069406984755,593.4913881340742,66588700
2025-06-09,594.5026245117188,596.0590770966814,593.322896017802,594.5422573867003,53016400
2025-06-10,597.873291015625,598.2598779419187,593.9177485918233,595.0379370041686,66247000
2025-06-11,596.1680908203125,599.8361586452579,594.0961689044454,598.9736747077318,73658200
2025-06-12,598.5374755859375,598.5374755859375,594.3440149953893,594.8297748594797,64129000
2025-06-13,591.8458251953125,596.6539287176514,590.3389286898089,593.332875007361,89506000
2025-06-16,597.4766845703125,599.2314224312138,595.0379014846701,595.2164006808653,79984100
2025-06-17,592.3712158203125,596.5547531382241,591.6078443016146,595.0280706090336,82209400
2025-06-18,592.2819213867188,596.0292547686196,591.3202645518776,593.2732877481382,76605000
2025-06-20,590.8909912109375,596.0414436168163,589.4790454395113,594.9675856083323,94051400
2025-06-23,596.7274780273438,597.1152078061239,588.5145735944315,591.6465733053511,87426000
2025-06-24,603.3196411132812,604.3834856367664,599.9688039561656,600.8836010096178,67735300
2025-06-25,603.65771484375,605.1392079707367,602.086708265907,604.4431877891288,62114800
2025-06-26,608.380615234375,608.8181084243395,604.9005750782753,605.517034479532,78548400
2025-06-27,611.4032592773438,612.8748603878714,607.3465704310272,609.3848675360332,86258400
2025-06-30,614.3264770507812,615.6886593072754,611.5325044540273,613.8591865146053,92502500
2025-07-01,614.127685546875,615.3009489521946,612.0098276707645,612.8450033281383,70030100
2025-07-02,616.9117431640625,616.9514932068568,613.0936150077308,613.7200271324969,66510400
2025-07-03,621.7738647460938,622.7085065821568,618.8804257837007,618.9003311484321,51065800
2025-07-07,617.1403198242188,620.4712515380828,614.3463473867639,619.8050287830624,74814500
2025-07-08,616.8023681640625,618.5622329876766,615.9870371559156,617.8065573856337,59024600
2025-07-09,620.5010986328125,621.1573080723725,617.3690382262929,619.2184771119485,66113300
2025-07-10,622.2510375976562,623.2950374474425,619.4570650879599,620.6402811009391,57529000
2025-07-11,620.0636596679688,621.2965785748338,617.9856123550688,619.1886732139827,63670200
2025-07-14,621.246826171875,621.5948059142781,618.2539819137044,619.6062115300674,51898500
2025-07-15,618.592041015625,624.2793915612978,618.5124802515571,623.9413645164026,74317300
2025-07-16,620.66015625,621.1672575214722,614.5253596449445,620.1829130237127,88987500
2025-07-17,624.4583740234375,624.8163671275224,620.6204015046147,620.8391784397268,68885700
2025-07-18,624.0010375976562,625.8802131347736,622.8874296174818,625.7111996075373,65621600
2025-07-21,625.1842651367188,627.9384270926762,624.7567246264017,625.1842651367188,63375000
2025-07-22,625.2737426757812,626.1387764125508,622.6189860590433,625.5123643014988,60046300
2025-07-23,630.5932006835938,630.5932006835938,626.138708302101,627.9483363497261,70511000
2025-07-24,630.802001953125,632.5221773472229,630.3744614468128,630.9809681636451,71307100
2025-07-25,633.4667358398438,633.9440397736063,631.2196750953526,631.4682494008442,56865400
2025-07-28,633.3076782226562,634.4013808975731,631.9156378299562,633.8445768779104,54917100
2025-07-29,631.6372680664062,635.0277949185313,630.722531607152,634.7096125224674,60556300
2025-07-30,630.841796875,634.0434045947875,627.9384054781906,632.2934318863223,80418900
2025-07-31,628.475341796875,636.200989166749,627.1728149946817,635.8132594113927,103385200
2025-08-01,618.1743774414062,622.7680859762785,615.7582427178595,622.7282752516747,140103600
2025-08-04,627.570556640625,627.6202593639928,622.0124691896333,622.1019219542782,73218000
2025-08-05,624.3887939453125,629.0023475949919,623.464104816374,628.187016594973,68051400
2025-08-06,629.17138671875,629.8275961427472,624.5478806448895,625.462617040701,64357500
2025-08-07,628.6444091796875,633.3474155493337,625.5223013845391,632.6116453260242,74205800
2025-08-08,633.5462646484375,634.0136158764692,630.125879949944,630.4440623273716,64051600
2025-08-11,632.29345703125,635.3062066703783,631.0406328520911,633.824713555593,58742300
2025-08-12,639.0248413085938,639.1839021511607,633.1584638161933,634.6499095494731,64730800
2025-08-13,641.2123413085938,642.5049155421342,639.0149226306152,641.2321859855442,60092800
2025-08-14,641.27197265625,641.9381347685223,638.6768716045066,639.1242567818475,59327500
2025-08-15,639.7705688476562,642.4054806038605,638.8558324502803,642.3060144753327,68592500
2025-08-18,639.6314086914062,640.3274289037191,638.5178006265407,639.1939154739885,43804900
2025-08-19,636.1612548828125,640.4367204754008,634.8388226855677,639.4523760102862,69750700
2025-08-20,634.470947265625,636.0120957287904,629.3404006137462,635.7536294439067,88890300
2025-08-21,631.9255981445312,634.3317804706619,630.195530658508,632.6514763962614,54805800
2025-08-22,641.6299438476562,642.8131599802851,633.6159105915494,634.1230118894028,84083200
2025-08-25,638.8060913085938,641.6100166878209,638.686780499868,640.3671451910226,51274300
2025-08-26,641.4807739257812,641.8288143683822,637.9112808564007,638.5376929659955,51581600
2025-08-27,642.9423828125,643.6781530071313,640.7449642231398,640.8941330732226,48341100
2025-08-28,645.2192993164062,645.7761033013204,641.6597591604225,643.548887361664,61519500
2025-08-29,641.3713989257812,644.1455269630451,639.472317969575,643.777581165663,74522200
2025-09-02,636.6187133789062,636.8374296419402,631.2991867317828,633.8644906037873,81983500
2025-09-03,640.06884765625,640.5361988813526,636.8075845104526,639.0049424066366,70820900
2025-09-04,645.418212890625,645.4480709373178,639.8402199968853,640.7450037735979,65219200
2025-09-05,643.5488891601562,648.4905776412766,639.6612139364762,647.7646994415851,85178900
2025-09-08,645.1298828125,646.1341327155172,643.5389708468488,644.9210585487652,63133100
2025-09-09,646.6212768554688,647.148222783044,643.5289666240282,645.2689866211995,66133900
2025-09-10,648.4905395507812,650.817160801947,646.9195331255914,649.8924717726807,78034500
2025-09-11,653.8796997070312,654.5757199134183,649.8627606991871,650.4493620868353,69934400
2025-09-12,653.6608276367188,655.351144838518,653.1537870945498,653.8497465125743,72780100
2025-09-15,657.1409301757812,657.2701936656516,655.5799369896564,655.8782140097094,63772400
2025-09-16,656.2361450195312,658.0060231465056,655.450672087237,657.6977327581834,61169000
2025-09-17,655.4208374023438,657.9463305061431,650.5686620900484,656.2461210913638,101952200
2025-09-18,658.4832153320312,661.098221592467,656.504573788396,658.1153302554297,90459200
2025-09-19,661.74462890625,662.5921003065068,658.4244226642126,660.3786700487054,97945600
2025-09-22,664.8753662109375,665.3239917254978,660.2190812650523,660.2490220888672,69452200
2025-09-23,661.256103515625,665.3739407705357,660.0296859026699,664.7557113987294,81708900
2025-09-24,659.1522216796875,662.6518901422049,657.7264420940938,662.5522091075384,68082200
2025-09-25,656.1112670898438,657.4672457066506,652.4819765077987,656.0016057727498,89622100
2025-09-26,659.8701782226562,660.4185456623683,655.9417836675868,657.5669862915963,69179200
2025-09-29,661.7246704101562,663.3199930316334,659.9100251593522,662.4026597035332,73499000
2025-09-30,664.21728515625,664.6859320813617,659.6607420426623,660.976860345401,86288000
2025-10-01,666.4806518554688,667.3979243492374,661.1065170498754,661.2161783670498,72545400
2025-10-02,667.248291015625,668.5943501107935,664.8155382515555,668.4747085274895,56896000
2025-10-03,667.2384033203125,670.6981508367895,666.1914481336265,668.0160736487628,70494400
2025-10-06,669.6312866210938,670.5286593813627,667.4876574687494,669.6412668959266,54623300
2025-10-07,667.1486206054688,671.0072138668005,665.7028804529681,670.5585274945992,72020100
2025-10-08,671.1268920898438,671.2266339865188,667.4477610054765,668.2753327277967,60702200
2025-10-09,669.1826171875,671.9544560264949,667.2384109165724,671.5456907353398,66501900
2025-10-10,651.0960693359375,671.9643973425017,650.9166069608107,670.1497521868876,159422600
2025-10-13,661.0865478515625,663.170417127303,657.8262232173948,658.7036354539871,79560500
2025-10-14,660.2789306640625,663.8683609233883,651.2456255038628,655.2338407773344,88779600
2025-10-15,663.2102661132812,668.2553559603689,656.988660072404,664.855429242796,81702600
2025-10-16,658.6936645507812,666.7398963555108,655.1740352792065,664.8554499895176,110563300
2025-10-17,662.4326171875,663.7985760836355,656.2010306703355,657.5570092911896,96500900
2025-10-20,669.3222045898438,670.2295576279439,665.3041094156895,665.3539499346838,60493400
2025-10-21,669.3121948242188,671.0071983826805,668.0060568363804,669.4617772299453,56249000
2025-10-22,665.83251953125,670.0201576878661,661.3457774038759,670.0201576878661,80564000
2025-10-23,669.7808837890625,670.7280970890292,665.8325287543602,666.1515932793667,65604500
2025-10-24,675.2546997070312,676.4710761570719,673.6594379369009,674.4670490970213,74356500
2025-10-27,683.2211303710938,683.5202343374859,680.1103274099472,680.7185156175003,63339800
2025-10-28,685.0357666015625,686.8802917495992,682.8123561492805,685.0257863269245,61738100
2025-10-29,685.3648071289062,687.6679989086465,680.8581046045199,686.6908448301914,85657100
2025-10-30,677.8270874023438,683.919071384824,677.8270874023438,681.8851035842282,76335800
2025-10-31,680.050537109375,683.0616591685175,677.2388379885472,683.0217380676526,87164100
2025-11-03,681.3267822265625,683.7794956694769,677.9367749059246,683.6498738048132,57315000
2025-11-04,673.2506103515625,677.9567360174515,672.5925816080086,674.1180423048241,78427000
2025-11-05,675.583740234375,678.8540450990596,672.1837526501265,672.9913638051393,74402400
2025-11-06,668.3351440429688,675.384321857154,666.7498016918889,674.4769688014325,85035300
2025-11-07,668.9931640625,669.1028862313885,659.2619700189845,665.9421818455136,100592400
2025-11-10,679.432373046875,680.1701831536659,673.0412846911101,675.2447347362015,75842900
2025-11-11,680.9877319335938,681.5560598909952,676.7302928180768,677.9467300747958,58953400
2025-11-12,681.3666381835938,682.9420002443612,678.9438047256676,682.7724572806613,62312500
2025-11-13,670.0599975585938,678.8540191634994,668.5445172010542,678.4950944095032,103457800
2025-11-14,669.9503784179688,673.669369761962,661.3159189526839,663.4196879466924,96846700
2025-11-17,663.7088012695312,671.7251529532939,660.2191128892804,667.7269573864955,90456100
2025-11-18,658.1353149414062,663.1604443809363,653.9277160969795,660.1493223141129,114467500
2025-11-19,660.6777954101562,665.3739409367662,656.8092216159307,658.8332701356088,94703000
2025-11-20,650.6075439453125,673.5696612658603,649.969414909385,670.9274443593279,165293500
2025-11-21,657.08837890625,662.5920743656175,648.9324254696204,653.1200634979649,123956200
2025-11-24,666.759765625,668.0858642133718,659.6408477705503,660.7375826041805,80437900
2025-11-25,673.03125,674.2177464111714,662.5222643995295,666.6600618545837,81077100
2025-11-26,677.6775512695312,679.6916195137131,674.7262499751725,675.6336030547216,71879600
2025-11-28,681.3765869140625,681.6557303234264,678.4950869285864,678.8540116786253,49212000
2025-12-01,678.2658081054688,680.9777652313311,676.7402865806703,676.8100876493213,61201200
2025-12-02,679.5220947265625,681.8053259843603,677.3285642303521,679.91089945233,62953800
2025-12-03,681.8751220703125,682.8920755410956,677.6874840363832,678.5648962284573,57238500
2025-12-04,682.3736572265625,683.3507504660292,679.3326553413237,683.2809493981625,61970300
2025-12-05,683.6697998046875,686.3618571461667,682.5630847287977,683.4504163312143,79241000
2025-12-08,681.6159057617188,684.6170474876437,679.5619773329797,684.5672069678625,55231500
2025-12-09,681.027587890625,683.3707007727439,680.5789623765876,681.1373100558188,58310100
2025-12-10,685.5443115234375,686.9401503769751,679.3027447895911,680.5490620813229,85671300
2025-12-11,687.1395263671875,687.2193077079016,680.1601500103427,683.1214313379483,86173700
2025-12-12,679.7514038085938,686.8504219479569,677.1690077077839,686.1424918468441,113160300
2025-12-15,678.7244262695312,683.7396361862291,677.2488060921288,683.7196756361553,90811000
2025-12-16,676.8699340820312,679.0734449717613,672.9913800472318,677.2288588584025,122030600
2025-12-17,669.4219360351562,678.4352803496147,669.2225131069573,677.8869129385677,110625200
2025-12-18,674.4769287109375,678.7343677454887,672.9116078583543,675.603604329658,108650100
2025-12-19,680.5900268554688,681.0900268554688,676.469970703125,676.5900268554688,103599500
2025-12-22,684.8300170898438,685.3599853515625,680.5900268554688,683.9400024414062,69556700
2025-12-23,687.9600219726562,688.2000122070312,683.8699951171875,683.9199829101562,64840000
2025-12-24,690.3800048828125,690.8300170898438,687.7999877929688,687.9500122070312,39445600
2025-12-26,690.3099975585938,691.6599731445312,689.27001953125,690.6400146484375,41588400
