time,close,Up Trend,Down Trend,Macro Score Heatmap,Rate Hike,Rate Cut,ATR
1499990400,0.08574069,,,1,0,0,
1500076800,0.07486424,,,1,0,0,
1500163200,0.07478285,,,1,0,0,
1500249600,0.09018601,,,1,0,0,
1500336000,0.08650331,,,1,0,0,
1500422400,0.10843142,,,1,0,0,
1500508800,0.1185254,,,1,0,0,
1500595200,0.11109801,,,1,0,0,
1500681600,0.1183121,,,1,0,0,
1500768000,0.11960399,0.044144059999999985,,1,0,0,
1500854400,0.11640894,0.051477903000000005,,1,0,0,
1500940800,0.10593918,0.051477903000000005,,1,0,0,
1501027200,0.10534822,0.051477903000000005,,1,0,0,
1501113600,0.1081641,0.051477903000000005,,1,0,0,0.029602880714285712
1501200000,0.10460803,0.052434759406300026,,1,0,0,0.028644627091836735
1501286400,0.10702982,0.05414155696567002,,1,0,0,0.027681675156705537
1501372800,0.10737212,0.05414155696567002,,1,0,0,0.026847097645512286
1501459200,0.10468795,0.05847951584219273,,1,0,0,0.026126041385118554
1501545600,0.10000555,0.05847951584219273,,1,0,0,0.025478286286181515
1501632000,0.1007273,0.05847951584219273,,1,0,0,0.024308388694311407
1501718400,0.10700469,0.06092211370395847,,1,0,0,0.023376755930432026
1501804800,0.10735867,0.06685087983356264,,1,0,0,0.022312226221115453
1501891200,0.12976713,0.08037197085020638,,1,0,0,0.024235169348178636
1501977600,0.13088988,0.08636450226518572,,1,0,0,0.023237462251880163
1502064000,0.14976989,0.09764214753866714,,1,0,0,0.023199335662460154
1502150400,0.22582676,0.13312896128480045,,1,0,0,0.02749767097228443
1502236800,0.24956494,0.1604593526563204,,1,0,0,0.031078744474264113
1502323200,0.35031005,0.21463639439068838,,1,0,0,0.037038599868959535
1502409600,0.39227419,0.2629691709516195,,1,0,0,0.04211123702117671
1502496000,0.44589312,0.2913622118564575,,1,0,0,0.049655486519664095
1502582400,0.86096804,0.5170651481708118,,1,0,0,0.0898805110539738
1502668800,1.31036199,0.7560786528537305,,1,0,0,0.1450200524072614
1502755200,1.0672509,0.7560786528537305,,1,0,0,0.17930785652102843
1502841600,1.43747174,0.7560786528537305,,1,0,0,0.20088105676952642
1502928000,1.96477883,1.0934616090253697,,1,0,0,0.25135285271456026
1503014400,2.41329199,1.4929657101228324,,1,0,0,0.3099956303778059
1503100800,2.0633152,1.4929657101228324,,1,0,0,0.34022900892224833
1503187200,2.51037841,1.4929657101228324,,1,0,0,0.37997698328494484
1503273600,2.72614053,1.659878078989545,,1,0,0,0.39621024305030594
1503360000,2.48685765,1.659878078989545,,1,0,0,0.4331478728324269
1503446400,2.61121372,1.659878078989545,,1,0,0,0.4399490890586821
1503532800,2.36897096,1.659878078989545,,1,0,0,0.4539058584116334
1503619200,2.60381768,1.659878078989545,,1,0,0,0.46082780066794526
1503705600,2.19670774,1.659878078989545,,1,0,0,0.47854626562023483
1503792000,2.00088655,1.659878078989545,,1,0,0,0.4828366309330752
1503878400,2.11616247,1.659878078989545,,1,0,0,0.4733057344378556
1503964800,2.29162652,1.659878078989545,,1,0,0,0.47078205054943734
1504051200,2.36220668,1.659878078989545,,1,0,0,0.46347693122447753
1504137600,2.25056769,1.659878078989545,,1,0,0,0.4566596168513005
1504224000,2.44157741,1.659878078989545,,1,0,0,0.4484640049333505
1504310400,2.00971438,1.659878078989545,,1,0,0,0.5021294602952541
1504396800,1.5746722,,2.851868335613431,1,0,0,0.5134762002741644
1504483200,1.04358873,,2.282949854052088,1,0,0,0.5518446781117241
1504569600,0.98949084,,2.134053345146879,1,0,0,0.5448866689608867
1504656000,1.00676488,,2.122202804132191,1,0,0,0.5454913854636805
1504742400,1.38913144,,2.122202804132191,1,0,0,0.5542967650734176
1504828800,1.01311275,,2.122202804132191,1,0,0,0.5559803404253164
1504915200,0.96900131,,2.0669299510123675,1,0,0,0.532406379680651
1505001600,0.9481624,,1.9704902244111309,1,0,0,0.5065658418463188
1505088000,1.04447956,,1.9704902244111309,1,0,0,0.4884066145715818
1505174400,1.04038941,,1.9704902244111309,1,0,0,0.4716615428164688
1505260800,0.93593538,,1.8273055562107143,1,0,0,0.45297797761529246
1505347200,0.68825994,,1.6677559700896432,1,0,0,0.4424768534999144
1505433600,0.80459028,,1.5454890260806788,1,0,0,0.4364976789642062
1505520000,0.80187755,,1.5454890260806788,1,0,0,0.4222532540381915
1505606400,0.79463777,,1.53739105397535,1,0,0,0.4006880180354635
1505692800,0.9047494,,1.53739105397535,1,0,0,0.38428681960435895
1505779200,0.8243047,,1.5175855476700333,1,0,0,0.3676925117754762
1505865600,0.77374231,,1.42110809740303,1,0,0,0.3501619552200851
1505952000,0.70204526,,1.320390359662727,1,0,0,0.3336195041329361
1506038400,0.71879055,,1.2535200666964545,1,0,0,0.31588382740915494
1506124800,0.77084512,,1.2535200666964545,1,0,0,0.2991202668799296
1506211200,0.78494467,,1.242826437674128,1,0,0,0.2838605635313632
1506297600,0.92305756,,1.242826437674128,1,0,0,0.2767891425648373
1506384000,0.8625843,,1.242826437674128,1,0,0,0.2644219159530632
1506470400,1.15120676,,1.242826437674128,1,0,0,0.2720722383849873
1506556800,1.37272207,0.7606634273470047,,1,0,0,0.281215004214631
1506643200,1.27046225,0.7606634273470047,,1,0,0,0.281636288913586
1506729600,1.28170371,0.7832368523510739,,1,0,0,0.27436767613404417
1506816000,1.51768438,0.8775084956159666,,1,0,0,0.2761856278387553
1506902400,1.96599735,1.19826149705437,,1,0,0,0.2930771851359871
1506988800,1.83964662,1.251882170848933,,1,0,0,0.3006379411977023
1507075200,1.63656316,1.251882170848933,,1,0,0,0.3053145975407236
1507161600,1.68318709,1.251882170848933,,1,0,0,0.30927342985924333
1507248000,1.60972267,1.251882170848933,,1,0,0,0.3059909084407259
1507334400,1.58852041,1.251882170848933,,1,0,0,0.29608319283781687
1507420800,1.19647389,,2.024643884872364,1,0,0,0.3153929054922585
1507507200,1.43631086,,2.024643884872364,1,0,0,0.32721807224281146
1507593600,1.40415879,,2.024643884872364,1,0,0,0.3188666527968964
1507680000,1.4406422,,2.024643884872364,1,0,0,0.3097495968828324
1507766400,1.35365061,,2.024643884872364,1,0,0,0.32204994567691575
1507852800,1.45347997,,2.0214099907183325,1,0,0,0.3334031866999932
1507939200,1.53585597,,2.0214099907183325,1,0,0,0.32186988622142226
1508025600,1.56000166,,2.0214099907183325,1,0,0,0.32604796291989213
1508112000,1.44508189,,2.0214099907183325,1,0,0,0.32297790485418554
1508198400,1.3918787,,2.0214099907183325,1,0,0,0.3109859852217437
1508284800,1.3254877,,1.9299243038210683,1,0,0,0.3081061262773334
1508371200,1.28774808,,1.8792476924389612,1,0,0,0.2988249272575239
1508457600,1.23938249,,1.8792476924389612,1,0,0,0.3006643324534151
1508544000,1.26492975,,1.7801008341755584,1,0,0,0.290635310135314
1508630400,1.20283872,,1.7801008341755584,1,0,0,0.28339972583993445
1508716800,1.178978,,1.7181082378822023,1,0,0,0.2790317104227963
1508803200,1.25084982,,1.7181082378822023,1,0,0,0.2855910753925966
1508889600,1.27523485,,1.7181082378822023,1,0,0,0.27764486143598255
1508976000,1.21731161,,1.7181082378822023,1,0,0,0.27555267990484095
1509062400,1.19599477,,1.677655937370013,1,0,0,0.2690362277687809
1509148800,1.18832024,,1.660002063133012,1,0,0,0.25733825221386797
1509235200,1.23314204,,1.660002063133012,1,0,0,0.25410379134144884
1509321600,1.33488703,,1.660002063133012,1,0,0,0.2516817219599168
1509408000,1.3483067,,1.660002063133012,1,0,0,0.253847366105637
1509494400,1.26513161,,1.660002063133012,1,0,0,0.2544527106695201
1509580800,1.29524699,,1.660002063133012,1,0,0,0.2566943134788401
1509667200,1.45878125,,1.660002063133012,1,0,0,0.2571612153732087
1509753600,1.63903621,,1.660002063133012,1,0,0,0.2668203028465509
1509840000,1.52865153,,1.660002063133012,1,0,0,0.26717596264322585
1509926400,1.57523222,,1.660002063133012,1,0,0,0.26914355031156684
1510012800,1.8001533,1.133009505364885,,1,0,0,0.27484928600359776
1510099200,2.04364532,1.3739762613283966,,1,0,0,0.2967946491461979
1510185600,2.01328026,1.4259445556955568,,1,0,0,0.30577605920718376
1510272000,1.80308282,1.4259445556955568,,1,0,0,0.3192933028352421
1510358400,1.68697298,1.4259445556955568,,1,0,0,0.3244770554898677
1510444800,1.51708398,1.4259445556955568,,1,0,0,0.3334906736691629
1510531200,1.721079,1.4259445556955568,,1,0,0,0.33773428840707986
1510617600,1.59411107,1.4259445556955568,,1,0,0,0.3317073249494313
1510704000,1.56798552,1.4259445556955568,,1,0,0,0.3393265610244719
1510790400,1.57108033,1.4259445556955568,,1,0,0,0.34812754880843816
1510876800,1.52105527,1.4259445556955568,,1,0,0,0.3361093374649783
1510963200,1.66348271,1.4259445556955568,,1,0,0,0.32916433478890844
1511049600,1.60701568,1.4259445556955568,,1,0,0,0.3248703844468435
1511136000,1.63352869,1.4259445556955568,,1,0,0,0.31117087841492613
1511222400,1.58563538,1.4259445556955568,,1,0,0,0.30291463352814574
1511308800,1.62209973,1.4259445556955568,,1,0,0,0.29039435113327816
1511395200,1.58424688,1.4259445556955568,,1,0,0,0.27818443248090113
1511481600,1.7491556,1.4259445556955568,,1,0,0,0.2859486037322653
1511568000,1.90290627,1.4259445556955568,,1,0,0,0.2948333620371035
1511654400,1.8916287,1.4259445556955568,,1,0,0,0.301619931891596
1511740800,1.97001237,1.4259445556955568,,1,0,0,0.2998057888993392
1511827200,1.91853782,1.4259445556955568,,1,0,0,0.29539733112081495
1511913600,1.77719172,1.4259445556955568,,1,0,0,0.3205144074693282
1512000000,1.9936785,1.4259445556955568,,1,0,0,0.3366229205072333
1512086400,2.07204148,1.4259445556955568,,1,0,0,0.3519572376138595
1512172800,2.06949459,1.4259445556955568,,1,0,0,0.3404098284985838
1512259200,2.30657339,1.5675810905631036,,1,0,0,0.37410640003439927
1512345600,2.55426219,1.605760234006793,,1,0,0,0.3799590000319422
1512432000,2.59883577,1.8463821676061136,,1,0,0,0.37790011074394636
1512518400,2.62149007,1.8463821676061136,,1,0,0,0.43692376926223586
1512604800,2.6877682,1.8463821676061136,,1,0,0,0.5110439286006476
1512691200,2.82431862,1.8463821676061136,,1,0,0,0.5605807165577442
1512777600,2.69877199,1.8463821676061136,,1,0,0,0.5707712060893338
1512864000,2.50945758,1.8463821676061136,,1,0,0,0.5898885113686673
1512950400,2.71757328,1.8463821676061136,,1,0,0,0.6015117748423339
1513036800,2.68599463,1.8463821676061136,,1,0,0,0.5941379466393101
1513123200,2.78032912,1.8463821676061136,,1,0,0,0.5951504690222166
1513209600,3.16813223,1.8463821676061136,,1,1,0,0.592246269806344
1513296000,4.22710406,2.152907202387465,,1,0,0,0.6695045055344623
1513382400,4.67838516,2.859898924648718,,1,0,0,0.7061377994248578
1513468800,6.0801127,3.7468922801838467,,1,0,0,0.8154472987516537
1513555200,5.99922807,3.7468922801838467,,1,0,0,0.8469870188408214
1513641600,5.83716392,3.938743640998916,,1,0,0,0.9073810589236199
1513728000,5.16345291,3.938743640998916,,1,0,0,0.9384597468576469
1513814400,5.17599139,3.938743640998916,,1,0,0,0.9648496599392435
1513900800,4.51279931,3.938743640998916,,1,0,0,1.0493213713721548
1513987200,5.02126984,3.938743640998916,,1,0,0,1.058716665559858
1514073600,5.38988375,3.938743640998916,,1,0,0,1.1352803273055825
1514160000,6.61430666,3.938743640998916,,1,0,0,1.2165844432123267
1514246400,9.3222583,5.174161169693958,,1,0,0,1.4849138029828748
1514332800,10.04028818,5.746159693724561,,1,0,0,1.633284953484098
1514419200,9.49039409,5.746159693724561,,1,0,0,1.6921401310923767
1514505600,8.78008932,5.746159693724561,,1,0,0,1.6867257545857786
1514592000,7.79086846,5.746159693724561,,1,0,0,1.6979291706867945
1514678400,8.65228603,5.746159693724561,,1,0,0,1.7178549856377376
1514764800,8.49318222,5.746159693724561,,1,0,0,1.6673199230921847
1514851200,8.75869114,5.746159693724561,,1,0,0,1.7528200785856
1514937600,9.48131149,5.746159693724561,,1,0,0,1.7796660586866284
1515024000,9.23494989,5.746159693724561,,1,0,0,1.7684590494947265
1515110400,14.92100264,7.8087784601322845,,1,0,0,2.229106828816532
1515196800,22.67564667,12.683198829119055,,1,0,0,2.8007714981867795
1515283200,18.58197132,13.315239720207153,,1,0,0,3.002120430459153
1515369600,18.16239203,13.315239720207153,,1,0,0,3.1985004975692135
1515456000,17.55170061,13.315239720207153,,1,0,0,3.2536650227428408
1515542400,17.55273513,13.315239720207153,,1,0,0,3.2584736282612092
1515628800,21.23344203,13.315239720207153,,1,0,0,3.8688457212425513
1515715200,22.18754668,13.315239720207153,,1,0,0,4.068785803296655
1515801600,22.11761071,13.315239720207153,,1,0,0,4.115296918061179
1515888000,20.79799326,13.315239720207153,,1,0,0,4.086282003199666
1515974400,19.58369833,13.315239720207153,,1,0,0,4.282554842256833
1516060800,13.88243661,13.315239720207153,,1,0,0,4.881037371381345
1516147200,14.43989241,13.315239720207153,,1,0,0,5.009438551996963
1516233600,14.43597301,13.315239720207153,,1,0,0,4.89673987042575
1516320000,15.04494291,13.315239720207153,,1,0,0,4.873681338252482
1516406400,16.19021001,13.315239720207153,,1,0,0,4.728680881234448
1516492800,14.14776683,13.315239720207153,,1,0,0,4.635749541146273
1516579200,12.94901783,,22.789907290083374,1,0,0,4.528070956064396
1516665600,13.19280249,,22.024850021575034,1,0,0,4.387695247774082
1516752000,13.85868328,,22.024850021575034,1,0,0,4.215162743647362
1516838400,13.13909046,,21.355325636875783,1,0,0,4.0807004948154075
1516924800,13.16607822,,20.698567181188203,1,0,0,3.933479152328592
1517011200,13.26694536,,20.42043080306938,1,0,0,3.743986589305121
1517097600,13.49447648,,20.194043649262444,1,0,0,3.5648917872118986
1517184000,12.69715508,,19.3926471203362,1,0,0,3.407551654553906
1517270400,11.20587938,,17.99823399180258,1,0,0,3.3090478192286272
1517356800,11.12535409,,16.712168684622323,1,0,0,3.178483927140868
1517443200,9.34005532,,15.75309092866009,1,0,0,3.1701556059165203
1517529600,9.6912244,,14.81905508629408,1,0,0,3.212385007636769
1517616000,9.77852634,,14.81905508629408,1,0,0,3.133299873519857
1517702400,8.37688343,,14.579472309648205,1,0,0,3.060117208268438
1517788800,6.67946773,,12.906621754683385,1,0,0,3.03723253696355
1517875200,8.31133696,,12.870766247715046,1,0,0,3.0645900157518677
1517961600,8.06432548,,12.870766247715046,1,0,0,3.0005832717695915
1518048000,8.74223866,,12.870766247715046,1,0,0,2.876918697357478
1518134400,9.85742079,,12.870766247715046,1,0,0,2.8387482089748013
1518220800,9.27186757,,12.870766247715046,1,0,0,2.7619798326194585
1518307200,8.69353531,,12.870766247715046,1,0,0,2.662947516718069
1518393600,9.34711971,,12.870766247715046,1,0,0,2.5780455733810643
1518480000,8.98853934,,12.870766247715046,1,0,0,2.4538101124252742
1518566400,10.44131423,,12.870766247715046,1,0,0,2.418998800823469
1518652800,10.88506806,,12.870766247715046,1,0,0,2.3782261936217926
1518739200,11.24201273,,12.870766247715046,1,0,0,2.2921407905059503
1518825600,11.73531394,,12.870766247715046,1,0,0,2.269687855469811
1518912000,10.68955774,,12.870766247715046,1,0,0,2.2274037822219674
1518998400,11.07419721,,12.870766247715046,1,0,0,2.1752091942061127
1519084800,9.90543169,,12.870766247715046,1,0,0,2.1673958560485334
1519171200,9.42703111,,12.870766247715046,1,0,0,2.1268438906164953
1519257600,8.88966383,,12.870766247715046,1,0,0,2.0745123784296027
1519344000,9.7512984,,12.870766247715046,1,0,0,2.0449868763989167
1519430400,9.1085286,,12.870766247715046,1,0,0,2.0103845852275657
1519516800,9.38551529,,12.656776999851726,1,0,0,1.9360775634255967
1519603200,9.91469955,,12.656776999851726,1,0,0,1.8952653224666256
1519689600,10.56052634,,12.656776999851726,1,0,0,1.882229155147581
1519776000,10.43770396,,12.656776999851726,1,0,0,1.8384061076370395
1519862400,10.457895,,12.656776999851726,1,0,0,1.830381849234394
1519948800,10.22645747,,12.656776999851726,1,0,0,1.7613441671462229
1520035200,10.19641562,,12.656776999851726,1,0,0,1.712959632350064
1520121600,10.38769407,,12.656776999851726,1,0,0,1.651440225039345
1520208000,10.03761103,,12.656776999851726,1,0,0,1.583574051822249
1520294400,9.40604254,,12.345475384888477,1,0,0,1.5556824874063742
1520380800,9.05125525,,12.176314330899626,1,0,0,1.6367896718773471
1520467200,8.28613518,,11.513595587309663,1,0,0,1.6243485603146794
1520553600,8.31179121,,10.713960196078698,1,0,0,1.6145525517207737
1520640000,7.6597119,,10.713960196078698,1,0,0,1.5741017215978612
1520726400,8.24952623,,10.713960196078698,1,0,0,1.5603993836265855
1520812800,8.01895545,,10.713960196078698,1,0,0,1.5345535297961153
1520899200,10.1680029,,10.713960196078698,1,0,0,1.697724318382107
1520985600,8.94641118,,10.713960196078698,1,0,0,1.7569516634976705
1521072000,9.12334396,,10.713960196078698,1,0,0,1.7372410275335513
1521158400,9.08361018,,10.713960196078698,1,0,0,1.6959682569954404
1521244800,8.95949478,,10.713960196078698,1,0,0,1.6642999836386232
1521331200,8.975621,,10.713960196078698,1,0,0,1.667035244807293
1521417600,9.02528474,,10.713960196078698,1,0,0,1.6571081273210577
1521504000,9.16685055,,10.713960196078698,1,0,0,1.6170674939409824
1521590400,9.9581872,,10.713960196078698,1,0,0,1.613016157945198
1521676800,10.07450647,,10.713960196078698,1,1,0,1.6168639395205413
1521763200,11.76599855,7.430328253815179,,1,0,0,1.7220283509833596
1521849600,13.23260962,9.169089708433662,,1,0,0,1.8876632066274053
1521936000,12.92068705,9.347034958090294,,1,0,0,1.916269386868305
1522022400,12.02518158,9.347034958090294,,1,0,0,1.9393739470919973
1522108800,11.52847725,9.347034958090294,,1,0,0,1.9132589701568545
1522195200,11.65206006,9.347034958090294,,1,0,0,1.8688813251456506
1522281600,10.16874825,9.347034958090294,,1,0,0,1.8747588362066756
1522368000,10.38742305,9.347034958090294,,1,0,0,1.861979346477627
1522454400,11.05126037,9.347034958090294,,1,0,0,1.8497801938720821
1522540800,11.08756753,9.347034958090294,,1,0,0,1.8184546850240761
1522627200,12.58887308,9.347034958090294,,1,0,0,1.8336503982366423
1522713600,13.30159463,9.347034958090294,,1,0,0,1.8730375062197393
1522800000,12.17092387,9.347034958090294,,1,0,0,1.9117035486326148
1522886400,12.50168075,9.347034958090294,,1,0,0,1.8638561630159995
1522972800,12.26918323,9.347034958090294,,1,0,0,1.7981025299434283
1523059200,12.48357,9.347034958090294,,1,0,0,1.7772780020903265
1523145600,12.12056377,9.347034958090294,,1,0,0,1.7243195197981602
1523232000,11.88888944,9.347034958090294,,1,0,0,1.7084337733840063
1523318400,12.08149655,9.347034958090294,,1,0,0,1.6584175102851486
1523404800,12.2857293,9.347034958090294,,1,0,0,1.5917857259790666
1523491200,12.99991672,9.347034958090294,,1,0,0,1.7652148898377047
1523577600,13.53906023,9.827570524489925,,1,0,0,1.7955385048492973
1523664000,13.29389562,9.862795333040932,,1,0,0,1.7712461637886332
1523750400,13.0544931,9.862795333040932,,1,0,0,1.7763095478037307
1523836800,12.21429616,9.862795333040932,,1,0,0,1.7392444493891783
1523923200,11.77109937,9.862795333040932,,1,0,0,1.6971966480042369
1524009600,12.31271598,9.862795333040932,,1,0,0,1.6829272781467914
1524096000,12.36584885,9.862795333040932,,1,0,0,1.6226961939934494
1524182400,12.5845157,9.862795333040932,,1,0,0,1.6289787201367747
1524268800,13.36010568,9.90357172807953,,1,0,0,1.6690130379841477
1524355200,12.87233871,10.009068297771577,,1,0,0,1.6262110588424226
1524441600,13.63285729,10.249947154494418,,1,0,0,1.6006595853536782
1524528000,15.16782199,11.352199998544977,,1,0,0,1.680444239256987
1524614400,13.3502164,11.352199998544977,,1,0,0,1.7881686821672023
1524700800,14.64342577,11.352199998544977,,1,0,0,1.8169549912981164
1524787200,14.275112,11.352199998544977,,1,0,0,1.7745287762053938
1524873600,15.16366497,11.352199998544977,,1,0,0,1.7507216643335801
1524960000,15.02090069,11.511543175794724,,1,0,0,1.7103641897383244
1525046400,14.32726225,11.511543175794724,,1,0,0,1.680432286185587
1525132800,14.14842169,11.511543175794724,,1,0,0,1.6427126064580446
1525219200,14.37823055,11.511543175794724,,1,0,0,1.5802834938538985
1525305600,14.61991473,11.511543175794724,,1,0,0,1.5917320071500485
1525392000,14.34091175,11.511543175794724,,1,0,0,1.5395900187821876
1525478400,14.36348283,11.511543175794724,,1,0,0,1.497549851726317
1525564800,13.93795166,11.511543175794724,,1,0,0,1.5133372323172944
1525651200,13.71646815,11.511543175794724,,1,0,0,1.4960321585803449
1525737600,13.4825229,11.511543175794724,,1,0,0,1.4607262686817488
1525824000,14.6321333,11.511543175794724,,1,0,0,1.5077229744901952
1525910400,13.82273017,11.511543175794724,,1,0,0,1.5178395934551812
1525996800,13.00712051,11.511543175794724,,1,0,0,1.5436269460655254
1526083200,12.9751085,11.511543175794724,,1,0,0,1.5226068227751308
1526169600,13.18949541,11.511543175794724,,1,0,0,1.51341550543405
1526256000,12.85186325,11.511543175794724,,1,0,0,1.4970171657601892
1526342400,12.55485797,11.511543175794724,,1,0,0,1.463104686063033
1526428800,12.29401237,11.511543175794724,,1,0,0,1.416187993487102
1526515200,12.38965912,11.511543175794724,,1,0,0,1.439459141809452
1526601600,15.13195684,11.511543175794724,,1,0,0,1.6655367345373482
1526688000,14.32834183,11.511543175794724,,1,0,0,1.7118348320703947
1526774400,14.12006697,11.511543175794724,,1,0,0,1.7276257297796522
1526860800,14.69685535,11.511543175794724,,1,0,0,1.7182460597953912
1526947200,13.89599408,11.511543175794724,,1,0,0,1.7117394362385774
1527033600,12.49060612,11.511543175794724,,1,0,0,1.7307782429358218
1527120000,13.01824218,11.511543175794724,,1,0,0,1.7021112962975486
1527206400,13.06328625,11.511543175794724,,1,0,0,1.653008860133438
1527292800,12.76092247,11.511543175794724,,1,0,0,1.602708332266764
1527379200,12.60739894,11.511543175794724,,1,0,0,1.5436966856762808
1527465600,11.90135656,11.511543175794724,,1,0,0,1.5226177702708321
1527552000,12.60353551,11.511543175794724,,1,0,0,1.5005074988229157
1527638400,12.58226915,11.511543175794724,,1,0,0,1.451814478906993
1527724800,14.21019314,11.511543175794724,,1,0,0,1.4960590882707794
1527811200,14.25400224,11.511543175794724,,1,0,0,1.4689894026800094
1527897600,14.68848588,11.635667904079906,,1,0,0,1.4447096989171517
1527984000,14.66985095,11.929277287171915,,1,0,0,1.4204991225659267
1528070400,14.27075355,11.929277287171915,,1,0,0,1.4058261830969323
1528156800,15.61202613,12.088078392359254,,1,0,0,1.4375051607328655
1528243200,17.28600837,13.270443392623324,,1,0,0,1.518667650680518
1528329600,16.27864004,13.763163298360993,,1,0,0,1.521379249203338
1528416000,16.27724,13.763163298360993,,1,0,0,1.4918292185459567
1528502400,16.02368325,13.763163298360993,,1,0,0,1.4741842293641025
1528588800,14.19618959,13.763163298360993,,1,0,0,1.5696348808380953
1528675200,15.48634811,13.763163298360993,,1,0,0,1.600185846492517
1528761600,15.23718358,13.763163298360993,,1,0,0,1.6386303788859085
1528848000,14.57850713,13.763163298360993,,1,0,0,1.6871124468226293
1528934400,14.85312767,13.763163298360993,,1,1,0,1.7051368913352987
1529020800,15.00405872,13.763163298360993,,1,0,0,1.708737764097063
1529107200,15.77504832,13.763163298360993,,1,0,0,1.680258925232987
1529193600,16.59697868,13.763163298360993,,1,0,0,1.6865557284306305
1529280000,16.8291187,13.763163298360993,,1,0,0,1.722975346399871
1529366400,16.74859767,13.763163298360993,,1,0,0,1.6972662180855946
1529452800,16.05232434,13.763163298360993,,1,0,0,1.6988848810794808
1529539200,17.08075456,13.763163298360993,,1,0,0,1.7094441760023749
1529625600,15.59365117,13.763163298360993,,1,0,0,1.795172717716491
1529712000,15.66525145,13.763163298360993,,1,0,0,1.7536019314510274
1529798400,14.45392941,13.763163298360993,,1,0,0,1.8231383199188111
1529884800,14.92324927,13.763163298360993,,1,0,0,1.8158175013531819
1529971200,14.06422918,13.763163298360993,,1,0,0,1.7883689683993833
1530057600,14.06629958,13.763163298360993,,1,0,0,1.724905668513713
1530144000,14.16169038,13.763163298360993,,1,0,0,1.7378370707627333
1530230400,14.5022019,13.763163298360993,,1,0,0,1.765318074279681
1530316800,14.661379,13.763163298360993,,1,0,0,1.7544559182597037
1530403200,14.34390899,13.763163298360993,,1,0,0,1.6882862698125822
1530489600,14.61716256,13.763163298360993,,1,0,0,1.6834410455402546
1530576000,14.16097674,13.763163298360993,,1,0,0,1.642387622287379
1530662400,14.0113715,13.763163298360993,,1,0,0,1.6304746471239948
1530748800,13.76972266,13.763163298360993,,1,0,0,1.5843224380437095
1530835200,13.39030319,,16.552390892740952,1,0,0,1.5477492460405873
1530921600,14.1496618,,16.552390892740952,1,0,0,1.556294764894831
1531008000,14.01106373,,16.552390892740952,1,0,0,1.486824897402343
1531094400,13.53024093,,16.551666053683157,1,0,0,1.4409832704450327
1531180800,12.79936256,,15.74598698931484,1,0,0,1.4312186482703875
1531267200,12.69951195,,15.172041624383358,1,0,0,1.39097225696536
1531353600,12.12752151,,14.843234256445022,1,0,0,1.3668017521821199
1531440000,12.17236517,,14.675040127300518,1,0,0,1.3253899605976827
1531526400,12.03852736,,14.471243583070466,1,0,0,1.2723670105549911
1531612800,12.30935416,,14.38101272976342,1,0,0,1.2146619690867777
1531699200,13.3750074,,14.38101272976342,1,0,0,1.2581126634377224
1531785600,13.77595542,,14.38101272976342,1,0,0,1.3673711810493134
1531872000,12.84127165,,14.38101272976342,1,0,0,1.4003743588315054
1531958400,12.9546084,,14.38101272976342,1,0,0,1.3909033132006836
1532044800,12.0791482,,14.38101272976342,1,0,0,1.4188085351149204
1532131200,12.18188678,,14.38101272976342,1,0,0,1.37483814117814
1532217600,12.14466525,,14.38101272976342,1,0,0,1.3285291568082729
1532304000,12.02516204,,14.38101272976342,1,0,0,1.3439346634648248
1532390400,12.11883993,,14.38101272976342,1,0,0,1.4097967375030518
1532476800,12.99920244,,14.38101272976342,1,0,0,1.4833526948242624
1532563200,13.33378168,,14.38101272976342,1,0,0,1.505839929479672
1532649600,13.98993045,,14.38101272976342,1,0,0,1.5174230595168383
1532736000,14.63352083,11.214943676660509,,1,0,0,1.5246437388370642
1532822400,13.97237296,11.214943676660509,,1,0,0,1.5149398717772742
1532908800,13.19423361,11.214943676660509,,1,0,0,1.5207886116503262
1532995200,13.82788294,11.214943676660509,,1,0,0,1.6093023951038745
1533081600,13.6353278,11.214943676660509,,1,0,0,1.5976982404535978
1533168000,14.17007994,11.214943676660509,,1,0,0,1.5946377947069121
1533254400,14.11730427,11.214943676660509,,1,0,0,1.561109744370704
1533340800,13.87272278,11.214943676660509,,1,0,0,1.5929584169156539
1533427200,13.68044563,11.214943676660509,,1,0,0,1.5580328949931075
1533513600,13.68344555,11.214943676660509,,1,0,0,1.5331190553507423
1533600000,13.12721853,11.214943676660509,,1,0,0,1.533092793539975
1533686400,12.15700907,11.214943676660509,,1,0,0,1.5494804232871198
1533772800,12.8216732,11.214943676660509,,1,0,0,1.5452507001951827
1533859200,12.07573198,11.214943676660509,,1,0,0,1.5420699373240982
1533945600,11.7196427,11.214943676660509,,1,0,0,1.575610335372377
1534032000,11.79702537,11.214943676660509,,1,0,0,1.5440031114172073
1534118400,10.30185528,,14.322113487505462,1,0,0,1.6076551370302639
1534204800,9.41762754,,12.822010411254915,1,0,0,1.6543473858138162
1534291200,9.55004643,,12.822010411254915,1,0,0,1.6817366175414006
1534377600,9.79995364,,12.822010411254915,1,0,0,1.6279993377170148
1534464000,10.87594441,,12.822010411254915,1,0,0,1.6012753093086567
1534550400,9.92413484,,12.822010411254915,1,0,0,1.5996303386437525
1534636800,10.147641,,12.822010411254915,1,0,0,1.54238207659777
1534723200,9.64540586,,12.735284818671754,1,0,0,1.493478438269358
1534809600,9.73009288,,12.386074301804578,1,0,0,1.4500300762501184
1534896000,9.48245887,,12.386074301804578,1,0,0,1.444921881517967
1534982400,9.75263623,,12.213790835011707,1,0,0,1.3831212978381122
1535068800,10.20706546,,12.213790835011707,1,0,0,1.3546549987068184
1535155200,10.09926542,,12.213790835011707,1,0,0,1.29213308022776
1535241600,10.21830908,,12.213790835011707,1,0,0,1.2479760366400627
1535328000,11.1753554,,12.213790835011707,1,0,0,1.2750759983086297
1535414400,11.50759716,,12.213790835011707,1,0,0,1.2494756341437276
1535500800,11.15184366,,12.213790835011707,1,0,0,1.2264668402763184
1535587200,10.76696919,,12.213790835011707,1,0,0,1.207344275970867
1535673600,10.99175908,,12.213790835011707,1,0,0,1.166612588401519
1535760000,11.50327073,,12.213790835011707,1,0,0,1.140870407087125
1535846400,11.33845959,,12.213790835011707,1,0,0,1.119123508723759
1535932800,11.30576057,,12.213790835011707,1,0,0,1.0741782616720619
1536019200,11.42233712,,12.213790835011707,1,0,0,1.0392290308383432
1536105600,9.95131837,,12.213790835011707,1,0,0,1.0933990879213185
1536192000,10.25401392,,12.051419496674523,1,0,0,1.1118984702126529
1536278400,9.95774921,,12.00015902900707,1,0,0,1.0815612844831777
1536364800,9.5888614,,11.729702686606364,1,0,0,1.0585264098772365
1536451200,9.56366924,,11.509657297945727,1,0,0,1.0332732713145767
1536537600,9.59894351,,11.452373350651156,1,0,0,1.0000766962206784
1536624000,9.43139016,,11.216406967586039,1,0,0,0.9696924657763442
1536710400,9.22368934,,11.017800681327437,1,0,0,0.9502095153637482
1536796800,9.59742026,,11.017800681327437,1,0,0,0.9236980449806234
1536883200,9.87822528,,11.017800681327437,1,0,0,0.9113236503391502
1536969600,10.09427636,,11.017800681327437,1,0,0,0.8827701446006395
1537056000,9.91803362,,11.017800681327437,1,0,0,0.8567456928434509
1537142400,9.47866437,,11.017800681327437,1,0,0,0.8517260547832045
1537228800,9.56696483,,10.969727465742913,1,0,0,0.821467489441547
1537315200,9.65158496,,10.969727465742913,1,0,0,0.8191800630528652
1537401600,10.02438569,,10.969727465742913,1,0,0,0.8018693456919461
1537488000,10.34227462,,10.969727465742913,1,0,0,0.7916762124282357
1537574400,10.16801982,,10.969727465742913,1,0,0,0.7766253543976475
1537660800,10.20105715,,10.969727465742913,1,0,0,0.7461694469406727
1537747200,9.99537508,,10.969727465742913,1,0,0,0.7239070635877675
1537833600,9.81324555,,10.969727465742913,1,0,0,0.7214876254743556
1537920000,9.72619964,,10.969727465742913,1,0,0,0.7039673607976161
1538006400,9.96110096,,10.969727465742913,1,1,0,0.689492232169215
1538092800,9.88945537,,10.969727465742913,1,0,0,0.6792757862999854
1538179200,9.92277656,,10.969727465742913,1,0,0,0.6639347979928436
1538265600,9.92725524,,10.969727465742913,1,0,0,0.6371591081362121
1538352000,9.87350017,,10.916830181939197,1,0,0,0.613588520412197
1538438400,10.25188135,,10.916830181939197,1,0,0,0.6397657518113258
1538524800,10.22647187,,10.916830181939197,1,0,0,0.6326556445390882
1538611200,10.18738553,,10.916830181939197,1,0,0,0.6152069970720105
1538697600,10.54239803,,10.916830181939197,1,0,0,0.6247044187097242
1538784000,10.3451852,,10.916830181939197,1,0,0,0.6145501266590295
1538870400,10.50731805,,10.916830181939197,1,0,0,0.5952289418976704
1538956800,10.46013387,,10.916830181939197,1,0,0,0.5793574346192655
1539043200,10.30487334,,10.916830181939197,1,0,0,0.5687406285750322
1539129600,10.23734559,,10.916830181939197,1,0,0,0.5601235865339584
1539216000,9.23357449,,10.849113953965247,1,0,0,0.61648799392439
1539302400,9.41972986,,10.51381788806872,1,0,0,0.6091905172155051
1539388800,9.47357938,,10.51381788806872,1,0,0,0.5833464595572548
1539475200,9.35962241,,10.51381788806872,1,0,0,0.5713192053031652
1539561600,10.07033526,,10.51381788806872,1,0,0,0.6563564856386532
1539648000,9.81672632,,10.51381788806872,1,0,0,0.6480058716644637
1539734400,9.78330558,,10.51381788806872,1,0,0,0.6229249822598589
1539820800,9.5973362,,10.51381788806872,1,0,0,0.6085571570984404
1539907200,9.67722341,,10.51381788806872,1,0,0,0.5854077873056946
1539993600,9.662614,,10.51381788806872,1,0,0,0.5570891389267164
1540080000,9.63485364,,10.51381788806872,1,0,0,0.5300514732890939
1540166400,9.6339544,,10.51381788806872,1,0,0,0.5039194959113015
1540252800,9.68518543,,10.51381788806872,1,0,0,0.4864477690604943
1540339200,9.64263711,,10.513199273305844,1,0,0,0.4698083155561733
1540425600,9.60029677,,10.386354545975259,1,0,0,0.44896366230216084
1540512000,9.62274228,,10.362802016877732,1,0,0,0.42906067999486364
1540598400,9.5806179,,10.27758297168996,1,0,0,0.4087742414238019
1540684800,9.58266166,,10.220488055520963,1,0,0,0.38930987632210173
1540771200,9.32763222,,10.073031007468867,1,0,0,0.3930129615848088
1540857600,9.34637402,,9.98025387522198,1,0,0,0.37706617432875095
1540944000,9.39464742,,9.97166511969978,1,0,0,0.3714147354481259
1541030400,9.50964087,,9.97166511969978,1,0,0,0.36220524791611686
1541116800,9.53418771,,9.97166511969978,1,0,0,0.3498419259221085
1541203200,9.51108964,,9.97166511969978,1,0,0,0.33709753549910076
1541289600,9.7178961,,9.97166511969978,1,0,0,0.34477809653487934
1541376000,9.65677255,,9.97166511969978,1,0,0,0.33466976535381654
1541462400,9.75916199,,9.97166511969978,1,0,0,0.32608961425711536
1541548800,9.7871566,,9.97166511969978,1,0,0,0.3204929925244643
1541635200,9.58683998,,9.97166511969978,1,0,0,0.3221386866298597
1541721600,9.47479497,,9.97166511969978,1,0,0,0.3168584811562983
1541808000,9.46126862,,9.97166511969978,1,0,0,0.3087079853594198
1541894400,9.40751911,,9.911141490999485,1,0,0,0.3062982935480326
1541980800,9.30070663,,9.839082975899537,1,0,0,0.3093861504374589
1542067200,9.10087242,,9.790252660809582,1,0,0,0.3132266789776404
1542153600,8.2189326,,9.336000080228624,1,0,0,0.4157518733363804
1542240000,8.10164616,,8.855741349205761,1,0,0,0.4460755016694961
1542326400,7.81601948,,8.855741349205761,1,0,0,0.45360907797881783
1542412800,7.66569644,,8.582632569406666,1,0,0,0.46049888312318793
1542499200,7.92654271,,8.582632569406666,1,0,0,0.459429997900103
1542585600,6.45231278,,8.2938204930694,1,0,0,0.5500678580500956
1542672000,5.64730242,,7.33136003276246,1,0,0,0.6327083796179459
1542758400,6.12689153,,7.285727515486213,1,0,0,0.6504372675023784
1542844800,5.64559158,,7.285727515486213,1,0,0,0.6580068198236371
1542931200,5.49637789,,6.918765601793833,1,0,0,0.6548234476933773
1543017600,4.99840362,,6.7114966491144505,1,0,0,0.6990383164295647
1543104000,5.09806289,,6.502114913703005,1,0,0,0.7322239702560244
1543190400,4.88393679,,6.502114913703005,1,0,0,0.7443869688091654
1543276800,4.8500826,,6.346724758149435,1,0,0,0.7292131624656536
1543363200,5.29122344,,6.346724758149435,1,0,0,0.7511177415752498
1543449600,5.32033056,,6.346724758149435,1,0,0,0.7382029364627319
1543536000,5.02449014,,6.346724758149435,1,0,0,0.7324391045725368
1543622400,5.21508255,,6.346724758149435,1,0,0,0.72078474710307
1543708800,5.20515152,,6.346724758149435,1,0,0,0.7009779051671364
1543795200,5.0607216,,6.346724758149435,1,0,0,0.7022600026551981
1543881600,5.84314915,,6.346724758149435,1,0,0,0.763063849608398
1543968000,5.95192701,,6.346724758149435,1,0,0,0.7971645903506552
1544054400,4.8013069,,6.346724758149435,1,0,0,0.8503936817541798
1544140800,4.47879171,,6.346724758149435,1,0,0,0.8580602887717383
1544227200,4.61115438,,6.3144071363480725,1,0,0,0.8422495581451857
1544313600,4.75618829,,6.3144071363480725,1,0,0,0.8245461411348153
1544400000,4.59933119,,6.3144071363480725,1,0,0,0.8032544167680429
1544486400,4.85509663,,6.3144071363480725,1,0,0,0.7866767205703254
1544572800,4.96524037,,6.3144071363480725,1,0,0,0.7661667869581592
1544659200,4.58851558,,6.2235727409202735,1,0,0,0.7483257050325764
1544745600,4.47618286,,5.959371280828247,1,0,0,0.7252754353873925
1544832000,4.4906161,,5.819450662245422,1,0,0,0.691736069288293
1544918400,4.56995483,,5.819450662245422,1,0,0,0.6613829057677006
1545004800,5.06006803,,5.819450662245422,1,0,0,0.6655168024985791
1545091200,5.55953076,,5.819450662245422,1,0,0,0.6722571308915377
1545177600,5.38401553,,5.819450662245422,1,0,0,0.6744463965421421
1545264000,5.70079728,,5.819450662245422,1,1,0,0.7088488460748462
1545350400,5.48116313,,5.819450662245422,1,0,0,0.7095974177837858
1545436800,5.88039634,4.293508635499661,,1,0,0,0.7087152322278012
1545523200,5.98402648,4.594937194949694,,1,0,0,0.6972692570686725
1545609600,6.13705322,4.814973547454726,,1,0,0,0.6995866658494815
1545696000,5.49407739,4.814973547454726,,1,0,0,0.7136458247173757
1545782400,5.65671398,4.814973547454726,,1,0,0,0.6926638522375631
1545868800,5.21298049,4.814973547454726,,1,0,0,0.6842597770777371
1545955200,5.9547515,4.814973547454726,,1,0,0,0.7094469044293275
1546041600,5.70953941,4.814973547454726,,1,0,0,0.6937715083986612
1546128000,5.93810812,4.814973547454726,,1,0,0,0.6730407942273283
1546214400,6.09644321,4.814973547454726,,1,0,0,0.6811474274968049
1546300800,6.03587134,4.814973547454726,,1,0,0,0.6997732412470332
1546387200,6.09689752,4.814973547454726,,1,0,0,0.6773370111579593
1546473600,5.83190543,4.814973547454726,,1,0,0,0.6548438753609622
1546560000,6.00970879,4.814973547454726,,1,0,0,0.6386422021208935
1546646400,5.99786565,4.865153767556299,,1,0,0,0.6141811212551155
1546732800,6.35076095,4.991854607300668,,1,0,0,0.6275643783083215
1546819200,6.2494497,5.122049454570602,,1,0,0,0.6031232791434412
1546905600,6.57645463,5.353437405613542,,1,0,0,0.6185747499189098
1546992000,6.61241734,5.454729674552189,,1,0,0,0.6180385120675592
1547078400,5.90199544,5.454729674552189,,1,0,0,0.6486678776341621
1547164800,6.0101462,5.454729674552189,,1,0,0,0.6411532470888649
1547251200,5.91501098,5.454729674552189,,1,0,0,0.6175000151539461
1547337600,5.53032408,5.454729674552189,,1,0,0,0.6192009612143785
1547424000,6.1185804,5.454729674552189,,1,0,0,0.6246652196990657
1547510400,5.84854977,5.454729674552189,,1,0,0,0.6142259232919896
1547596800,6.12129949,5.454729674552189,,1,0,0,0.6071227094854189
1547683200,6.37068395,5.454729674552189,,1,0,0,0.5994684516650318
1547769600,6.51517451,5.454729674552189,,1,0,0,0.5908489358318152
1547856000,6.55647425,5.454729674552189,,1,0,0,0.595799967558114
1547942400,6.40052675,5.454729674552189,,1,0,0,0.5988051884468203
1548028800,6.47846304,5.454729674552189,,1,0,0,0.5803579192720473
1548115200,6.47779759,5.454729674552189,,1,0,0,0.5755887328954724
1548201600,6.49387148,5.454729674552189,,1,0,0,0.5547528191172244
1548288000,6.455125,5.463318756261882,,1,0,0,0.5309155041802798
1548374400,6.67154767,5.563985035135694,,1,0,0,0.5248788667388312
1548460800,6.92522654,5.818468760622124,,1,0,0,0.5334817612574861
1548547200,7.00042042,5.8658192170599115,,1,0,0,0.5386531047390942
1548633600,6.1466272,5.8658192170599115,,1,0,0,0.5984456551148732
1548720000,6.10111907,5.8658192170599115,,1,0,0,0.5838424697495251
1548806400,6.09550185,5.8658192170599115,,1,0,0,0.566332287624559
1548892800,6.18826043,5.8658192170599115,,1,0,0,0.5566299277942334
1548979200,6.47312777,5.8658192170599115,,1,0,0,0.5634080550946453
1549065600,6.79657185,5.8658192170599115,,1,0,0,0.5587789297307422
1549152000,6.71393677,5.8658192170599115,,1,0,0,0.5499208390356892
1549238400,7.00302969,5.8658192170599115,,1,0,0,0.5502575891045687
1549324800,7.7692226,6.179268337351137,,1,0,0,0.5873702005970995
1549411200,8.03259427,6.529671996116022,,1,0,0,0.6447573648401639
1549497600,7.7164556,6.61576530350442,,1,0,0,0.6575642059230093
1549584000,8.512593,6.702335242153979,,1,0,0,0.7175815369285087
1549670400,8.79880672,7.1142565439385805,,1,0,0,0.7108412214336152
1549756800,9.07498041,7.477377566544722,,1,0,0,0.7137846227597854
1549843200,9.41577822,7.799323762890251,,1,0,0,0.7301642389912292
1549929600,9.15662217,7.799323762890251,,1,0,0,0.7500835526347128
1550016000,8.8276075,7.799323762890251,,1,0,0,0.7445491545893762
1550102400,8.68434072,7.799323762890251,,1,0,0,0.7444592128329922
1550188800,9.19819278,7.799323762890251,,1,0,0,0.7547031762020641
1550275200,9.01130436,7.799323762890251,,1,0,0,0.7335928329019167
1550361600,9.1289486,7.799323762890251,,1,0,0,0.7257299034089227
1550448000,9.53189898,7.799323762890251,,1,0,0,0.7638768995939997
1550534400,10.42992247,8.454480104163688,,1,0,0,0.8374628267658569
1550620800,10.8340925,8.98936604474732,,1,0,0,0.8568382141397243
1550707200,10.36719296,8.98936604474732,,1,0,0,0.8743379274154581
1550793600,10.7070831,8.98936604474732,,1,0,0,0.8633730776000682
1550880000,10.70670843,8.98936604474732,,1,0,0,0.8929882427714919
1550966400,9.90092422,8.98936604474732,,1,0,0,0.9723251790020997
1551052800,9.67616336,8.98936604474732,,1,0,0,0.9940203376448069
1551139200,9.4026821,8.98936604474732,,1,0,0,0.9587872585273206
1551225600,9.81149309,8.98936604474732,,1,0,0,0.9629758293467976
1551312000,10.22331784,8.98936604474732,,1,0,0,0.9704328572505977
1551398400,11.27450197,8.98936604474732,,1,0,0,0.9989323603041264
1551484800,11.73254101,9.098719256517704,,1,0,0,1.009319260282403
1551571200,11.3888204,9.366509493865932,,1,0,0,0.99351926383366
1551657600,11.35627019,9.366509493865932,,1,0,0,0.9935353292741128
1551744000,13.58529582,10.320904362781405,,1,0,0,1.1280283771831048
1551830400,14.4735612,11.201287142503265,,1,0,0,1.1885597030985973
1551916800,15.02233887,12.240657611252939,,1,0,0,1.1969647314486973
1552003200,14.2083219,12.240657611252939,,1,0,0,1.2741882106309332
1552089600,14.36871653,12.240657611252939,,1,0,0,1.277064134871581
1552176000,14.31306608,12.240657611252939,,1,0,0,1.2366454395236108
1552262400,14.33389097,12.240657611252939,,1,0,0,1.2159113581290673
1552348800,15.25614536,12.240657611252939,,1,0,0,1.2267355989769908
1552435200,14.98025385,12.626669014912324,,1,0,0,1.1804228283357772
1552521600,14.80097948,12.626669014912324,,1,0,0,1.163561256311793
1552608000,14.84094484,12.65273046562898,,1,0,0,1.125876150146665
1552694400,15.89695912,12.942377047566083,,1,0,0,1.162575915850475
1552780800,15.55839117,13.379865794309474,,1,0,0,1.121774394718298
1552867200,15.47038125,13.379865794309474,,1,0,0,1.0955853622384197
1552953600,15.4462703,13.379865794309474,,1,0,0,1.0961318499356756
1553040000,15.09497425,13.379865794309474,,1,0,0,1.0794352363688418
1553126400,14.33196245,13.379865794309474,,1,0,0,1.1119612387710673
1553212800,15.137889,13.379865794309474,,1,0,0,1.110857492430277
1553299200,15.05788668,13.379865794309474,,1,0,0,1.070975168685257
1553385600,17.02967961,13.498945717007192,,1,0,0,1.2033364623505958
1553472000,16.65345139,13.976544534306472,,1,0,0,1.226042157896982
1553558400,16.05891801,13.976544534306472,,1,0,0,1.2369121809043406
1553644800,16.55572241,13.976544534306472,,1,0,0,1.236182095839745
1553731200,16.58407408,14.145176065149416,,1,0,0,1.1782252054226203
1553817600,16.42826091,14.184106116134476,,1,0,0,1.1660092078924331
1553904000,16.91965322,14.184106116134476,,1,0,0,1.170879896614402
1553990400,17.48660687,14.856324903868929,,1,0,0,1.1647997218562303
1554076800,17.8665085,15.320784391982036,,1,0,0,1.175757013152214
1554163200,19.90532514,15.320784391982036,,1,0,0,1.5742381172127702
1554249600,18.71958885,15.537104877805447,,1,0,0,1.7921214431261439
1554336000,18.98990618,15.537104877805447,,1,0,0,1.840995627188562
1554422400,19.4796112,15.537104877805447,,1,0,0,1.8015308981036646
1554508800,19.08533282,15.537104877805447,,1,0,0,1.8366632989534026
1554595200,19.05198302,15.537104877805447,,1,0,0,1.820819987599588
1554681600,18.13250934,15.537104877805447,,1,0,0,1.8404051513424746
1554768000,18.43776736,15.537104877805447,,1,0,0,1.8482145298180124
1554854400,18.29665122,15.537104877805447,,1,0,0,1.8732253105452972
1554940800,17.62571873,15.537104877805447,,1,0,0,1.91060687836349
1555027200,18.39913383,15.537104877805447,,1,0,0,1.9534619034803835
1555113600,18.68274559,15.537104877805447,,1,0,0,1.888646784660356
1555200000,19.48706039,15.537104877805447,,1,0,0,1.9049137314703306
1555286400,19.28354368,15.537104877805447,,1,0,0,1.901140293508164
1555372800,19.74068605,15.537104877805447,,1,0,0,1.8882182782575807
1555459200,19.59418309,15.955582210542177,,1,0,0,1.8185866740963252
1555545600,22.00860619,16.924117765487956,,1,0,0,1.8983457538037307
1555632000,24.4432336,18.78372214143916,,1,0,0,2.0641309199606073
1555718400,24.99999325,20.450574863295245,,1,0,0,2.0602466735348495
1555804800,24.18391716,20.450574863295245,,1,0,0,2.1024380825680744
1555891200,23.91279819,20.450574863295245,,1,0,0,2.195151676670355
1555977600,22.68478535,20.450574863295245,,1,0,0,2.2929205569081867
1556064000,23.10472387,20.450574863295245,,1,0,0,2.3706038821290307
1556150400,22.10281167,20.450574863295245,,1,0,0,2.4964042034055285
1556236800,22.35667559,20.450574863295245,,1,0,0,2.489087125305134
1556323200,21.88744462,20.450574863295245,,1,0,0,2.3963146556404817
1556409600,22.37638477,20.450574863295245,,1,0,0,2.3107786838090187
1556496000,21.32378147,20.450574863295245,,1,0,0,2.2802829963940887
1556582400,21.82387239,20.450574863295245,,1,0,0,2.2070892823659394
1556668800,21.63671937,20.450574863295245,,1,0,0,2.128739143625515
1556755200,23.18026611,20.450574863295245,,1,0,0,2.159472792652264
1556841600,23.24595804,20.450574863295245,,1,0,0,2.275438281034245
1556928000,22.64034141,20.450574863295245,,1,0,0,2.293537989531799
1557014400,22.73280728,20.450574863295245,,1,0,0,2.2121214102795275
1557100800,21.95921224,20.450574863295245,,1,0,0,2.1767099324024186
1557187200,20.32686496,,26.066233313274942,1,0,0,2.265040687945103
1557273600,20.4857562,,25.166411077447446,1,0,0,2.372205254520453
1557360000,18.63946759,,24.629890866702702,1,0,0,2.4559354391975634
1557446400,19.55818521,,24.21906970503243,1,0,0,2.4844066685405943
1557532800,21.19502326,,24.21906970503243,1,0,0,2.757423590787695
1557619200,20.95121601,,24.21906970503243,1,0,0,2.8632820600171454
1557705600,23.62903292,,24.21906970503243,1,0,0,3.1874815571587782
1557792000,23.8451123,,24.21906970503243,1,0,0,3.235822223790294
1557878400,26.94314843,18.291145492139947,,1,0,0,3.4540154070909876
1557964800,26.31061209,19.049994701425955,,1,0,0,3.5251554472987743
1558051200,25.80775964,19.049994701425955,,1,0,0,3.784426193206005
1558137600,28.84920342,19.049994701425955,,1,0,0,3.8775090029770043
1558224000,29.25860253,19.972567805224518,,1,0,0,4.153187920621503
1558310400,29.53305338,19.972567805224518,,1,0,0,4.149234451291396
1558396800,32.57120068,21.15084192088186,,1,0,0,4.286730339770583
1558483200,30.78626789,22.07019756029367,,1,0,0,4.239065567644112
1558569600,31.55963325,22.23432138976431,,1,0,0,4.1819088428123905
1558656000,34.24143497,24.229111277787876,,1,0,0,4.222085521182934
1558742400,35.29834261,26.152838513009087,,1,0,0,4.0886263839555825
1558828800,33.58382078,26.152838513009087,,1,0,0,4.411906598673041
1558915200,33.57941501,26.152838513009087,,1,0,0,4.370892365910681
1559001600,33.12100508,26.152838513009087,,1,0,0,4.265419149059918
1559088000,33.67634715,26.152838513009087,,1,0,0,4.223290579127066
1559174400,31.66175229,26.152838513009087,,1,0,0,4.44285905204656
1559260800,32.8556554,26.152838513009087,,1,0,0,4.320166831900377
1559347200,33.3754395,26.152838513009087,,1,0,0,4.190481779621779
1559433600,33.20433364,26.152838513009087,,1,0,0,4.039303863220224
1559520000,30.76855236,26.152838513009087,,1,0,0,4.008712737275922
1559606400,29.23999781,26.152838513009087,,1,0,0,4.006172412470499
1559692800,30.89769884,26.152838513009087,,1,0,0,3.9545526787226066
1559779200,31.19685977,26.152838513009087,,1,0,0,3.889511462385277
1559865600,31.44601024,26.152838513009087,,1,0,0,3.7759321615006143
1559952000,31.87499269,26.152838513009087,,1,0,0,3.6575841199648558
1560038400,30.15746697,26.152838513009087,,1,0,0,3.5786202606816517
1560124800,32.19091756,26.152838513009087,,1,0,0,3.5476340156329624
1560211200,32.05628367,26.152838513009087,,1,0,0,3.4437935252306078
1560297600,35.04511813,26.962273077639153,,1,0,0,3.4943383077141354
1560384000,35.39984853,28.53291342487524,,1,0,0,3.5284407664488397
1560470400,32.56658115,28.53291342487524,,1,0,0,3.882516730988208
1560556800,32.81385471,28.53291342487524,,1,0,0,3.846520233060479
1560643200,32.27427863,28.53291342487524,,1,0,0,3.9103030371275875
1560729600,33.91484589,28.53291342487524,,1,0,0,3.8911234480470456
1560816000,34.42429871,28.53291342487524,,1,0,0,3.867972676043685
1560902400,35.27091667,28.53291342487524,,1,0,0,3.7552123420405645
1560988800,36.90551399,28.739173121734,,1,0,0,3.7950894090376663
1561075200,38.9681466,29.793762236560603,,1,0,0,3.8652551826778327
1561161600,37.76370282,30.448486059904543,,1,0,0,4.1745961667722735
1561248000,36.99689406,30.448486059904543,,1,0,0,4.339292233431396
1561334400,37.35322665,30.448486059904543,,1,0,0,4.256680442472011
1561420800,35.90975658,30.448486059904543,,1,0,0,4.468939655152582
1561507200,35.63379157,30.448486059904543,,1,0,0,5.1006783890702545
1561593600,33.88512865,30.448486059904543,,1,0,0,5.8593892162795225
1561680000,34.50176278,30.448486059904543,,1,0,0,6.105118097259556
1561766400,35.40919146,30.448486059904543,,1,0,0,6.144077381741016
1561852800,31.86358667,30.448486059904543,,1,0,0,6.137354905188086
1561939200,33.0042983,30.448486059904543,,1,0,0,6.181530758388937
1562025600,31.94011978,30.448486059904543,,1,0,0,6.439252331361156
1562112000,32.62377725,30.448486059904543,,1,0,0,6.436814722692502
1562198400,33.01372228,30.448486059904543,,1,0,0,6.438325999643038
1562284800,32.57738269,30.448486059904543,,1,0,0,6.241187102525679
1562371200,32.51598315,30.448486059904543,,1,0,0,6.066385185202416
1562457600,33.12728576,30.448486059904543,,1,0,0,5.829197973402244
1562544000,33.54034474,30.448486059904543,,1,0,0,5.8737910667306545
1562630400,32.54073707,30.448486059904543,,1,0,0,5.754926521964179
1562716800,31.30015282,30.448486059904543,,1,0,0,5.8617806253953075
1562803200,29.43939284,,41.98801164794435,1,0,0,5.867118253581357
1562889600,32.03063594,,41.98801164794435,1,0,0,5.895770699039831
1562976000,31.51230253,,41.98801164794435,1,0,0,5.757459045536986
1563062400,28.88241874,,41.37623325867143,1,0,0,5.676493050141486
1563148800,28.63085035,,39.65479894130428,1,0,0,5.691389255131379
1563235200,25.02558669,,38.58579837717385,1,0,0,5.69156992833628
1563321600,27.71902306,,37.65413576445647,1,0,0,5.659174217026546
1563408000,28.98564908,,37.65413576445647,1,0,0,5.83506772652465
1563494400,29.08578512,,37.65413576445647,1,0,0,5.639221338915746
1563580800,31.15285618,,37.65413576445647,1,0,0,5.541151823278907
1563667200,30.45474428,,37.65413576445647,1,0,0,5.339909543758985
1563753600,30.82115208,,37.65413576445647,1,0,0,5.276177299919056
1563840000,29.38611134,,37.65413576445647,1,0,0,5.065220743496267
1563926400,28.84998799,,37.65413576445647,1,0,0,4.867248886817962
1564012800,28.93410075,,37.65413576445647,1,0,0,4.65981496561668
1564099200,28.99124891,,36.68483054486273,1,0,0,4.417340328786916
1564185600,27.72274781,,36.33509495387646,1,0,0,4.3486438203021365
1564272000,27.69036655,,34.77407942198881,1,0,0,4.17452464956627
1564358400,26.94382095,,34.522768804289925,1,0,0,4.00311158459725
1564444800,27.02136018,,33.66426709086093,1,0,0,3.8439738328403044
1564531200,27.77162555,,33.66426709086093,1,0,0,3.767119194065997
1564617600,28.80243199,,33.66426709086093,1,0,1,3.74225475520414
1564704000,28.15068729,,33.66426709086093,1,0,0,3.6466427891181303
1564790400,27.74441622,,33.66426709086093,1,0,0,3.581755586323978
1564876800,27.49980859,,33.66426709086093,1,0,0,3.5056376294436937
1564963200,27.92732126,,33.66426709086093,1,0,0,3.564387533769145
1565049600,27.61492052,,33.66426709086093,1,0,0,3.6448977220713488
1565136000,29.67117301,,33.66426709086093,1,0,0,3.700747044066252
1565222400,31.01151501,,33.66426709086093,1,0,0,3.7395073702043775
1565308800,29.75883049,,33.66426709086093,1,0,0,3.6667400980469225
1565395200,29.58946627,,33.66426709086093,1,0,0,3.675740032472142
1565481600,30.21317247,,33.66426709086093,1,0,0,3.5738267444384175
1565568000,30.15779272,,33.66426709086093,1,0,0,3.4297790819785305
1565654400,29.33593501,,33.66426709086093,1,0,0,3.37142656469435
1565740800,26.92824981,,33.66426709086093,1,0,0,3.3934569136447537
1565827200,28.11954013,,33.60067738157811,1,0,0,3.413739105527271
1565913600,27.56093496,,33.60067738157811,1,0,0,3.410657700132466
1566000000,27.45321189,,33.595322743978265,1,0,0,3.294926210123004
1566086400,27.92823117,,33.49704278358044,1,0,0,3.189954605114218
1566172800,28.80421704,,33.49704278358044,1,0,0,3.173264009034631
1566259200,28.05240515,,33.49704278358044,1,0,0,3.0650570983893
1566345600,26.90876027,,33.06192182300014,1,0,0,3.095836287075779
1566432000,27.0283299,,32.344636113700126,1,0,0,3.0012649744275093
1566518400,26.99295682,,32.344636113700126,1,0,0,2.9361788176826873
1566604800,26.34087401,,31.804192300647102,1,0,0,2.8681203607053525
1566691200,26.0687678,,31.25748677658239,1,0,0,2.7885347099406843
1566777600,26.10386716,,31.25748677658239,1,0,0,2.7848016113734926
1566864000,25.57507284,,30.34951827528174,1,0,0,2.724681338418243
1566950400,23.34863233,,29.917921538253562,1,0,0,2.7864958763883685
1567036800,21.77341683,,27.409585268928204,1,0,0,2.745211301646343
1567123200,22.14923309,,27.020472824035387,1,0,0,2.65737373938589
1567209600,21.07213214,,26.412687304131843,1,0,0,2.6005397637154695
1567296000,21.52284976,,26.15115349371866,1,0,0,2.5077001498786506
1567382400,22.89164483,,26.15115349371866,1,0,0,2.541697439887318
1567468800,22.37413182,,26.15115349371866,1,0,0,2.5205301156096525
1567555200,21.72212297,,26.15115349371866,1,0,0,2.4903667394946774
1567641600,22.67893495,,26.15115349371866,1,0,0,2.5059782781022
1567728000,22.04811675,,26.15115349371866,1,0,0,2.5255070832377577
1567814400,22.46276664,,26.15115349371866,1,0,0,2.429345849435061
1567900800,22.4209546,,26.15115349371866,1,0,0,2.335339778046842
1567987200,22.12122877,,26.15115349371866,1,0,0,2.274211691043496
1568073600,21.76166395,,25.887986868211364,1,0,0,2.2001755959689606
1568160000,20.72562071,,25.11998636239022,1,0,0,2.1970352098283206
1568246400,20.84313291,,24.6343857816512,1,0,0,2.176799591269155
1568332800,20.82539648,,24.6343857816512,1,0,0,2.1077884833213583
1568419200,20.99823301,,24.523845548187474,1,0,0,2.007058331655547
1568505600,20.30366413,,24.12566489336873,1,0,0,1.9295048793944365
1568592000,20.26732475,,23.653805811031855,1,0,0,1.8796162815805482
1568678400,21.04294162,,23.653805811031855,1,0,0,1.8616609743247945
1568764800,22.18681428,,23.653805811031855,1,0,0,1.936544218301595
1568851200,21.56929602,,23.653805811031855,1,0,1,2.016489741280053
1568937600,21.26955369,,23.653805811031855,1,0,0,1.9563683183314777
1569024000,20.957265,,23.653805811031855,1,0,0,1.8855990348792293
1569110400,20.36473037,,23.653805811031855,1,0,0,1.8549431316735698
1569196800,19.28504034,,23.104791145422467,1,0,0,1.8208676808397435
1569283200,15.89281628,,21.212346982880224,1,0,0,2.036164570065476
1569369600,16.04066631,,19.7852282720922,1,0,0,2.037212615775085
1569456000,15.21184088,,19.439744896382983,1,0,0,2.044765692505436
1569542400,15.69335052,,19.25535907224468,1,0,0,1.992451525897905
1569628800,15.75433254,,19.25535907224468,1,0,0,1.918805535476626
1569715200,15.22130522,,18.918092085318193,1,0,0,1.85908582651401
1569801600,15.87020823,,18.773717964286373,1,0,0,1.835692244620152
1569888000,15.91044193,,18.773717964286373,1,0,0,1.7654123557187127
1569974400,15.91370771,,18.773717964286373,1,0,0,1.6814547395959474
1570060800,15.65824981,,18.618304918354767,1,0,0,1.6239291703390941
1570147200,15.64126154,,18.39935738501929,1,0,0,1.5664932796005875
1570233600,15.72409242,,18.25530736551736,1,0,0,1.4929103032005453
1570320000,15.06142837,,17.919491776465627,1,0,0,1.4573848244005063
1570406400,16.04806733,,17.919491776465627,1,0,0,1.460796635514756
1570492800,16.02524215,,17.919491776465627,1,0,0,1.408448806549416
1570579200,17.77141136,,17.919491776465627,1,0,0,1.5196497639387434
1570665600,17.59204349,,17.919491776465627,1,0,0,1.4912166858002618
1570752000,16.58111911,,17.919491776465627,1,0,0,1.513707086100243
1570838400,17.19827694,,17.919491776465627,1,0,0,1.4904353949502256
1570924800,18.27170717,14.890040860372045,,1,0,0,1.531493807453781
1571011200,18.47423842,15.384947063834844,,1,0,0,1.5120354504927964
1571097600,18.57011963,15.542183231951354,,1,0,0,1.5299769726004542
1571184000,17.75616554,15.542183231951354,,1,0,0,1.5272317724147075
1571270400,18.54887796,15.542183231951354,,1,0,0,1.519564855813657
1571356800,18.23648136,15.542183231951354,,1,0,0,1.495970965398396
1571443200,18.23107358,15.542183231951354,,1,0,0,1.4488357071556535
1571529600,18.5158691,15.542183231951354,,1,0,0,1.4631461759302495
1571616000,18.29235823,15.582878429625483,,1,0,0,1.4269917626495174
1571702400,18.23922479,15.591585729162933,,1,0,0,1.4173822938888374
1571788800,16.70071901,15.591585729162933,,1,0,0,1.4774741236110633
1571875200,16.99041639,15.591585729162933,,1,0,0,1.4374215076388446
1571961600,18.64342858,15.591585729162933,,1,0,0,1.6843617813789271
1572048000,19.01139881,15.591585729162933,,1,0,0,2.0189734555661465
1572134400,19.3463753,15.591585729162933,,1,0,0,2.076240787311422
1572220800,19.96192244,15.591585729162933,,1,0,0,2.1831093996463204
1572307200,20.80486313,15.728600271184229,,1,0,0,2.171822067528726
1572393600,20.06855437,15.728600271184229,,1,0,0,2.147804689133817
1572480000,19.92421331,15.728600271184229,,1,0,1,2.116465006338544
1572566400,20.02483405,15.7355295432383,,1,0,0,2.0342139051715056
1572652800,20.22311307,16.278365223414472,,1,0,0,1.9443543748021124
1572739200,20.19087278,16.383037519073024,,1,0,0,1.8746874073162474
1572825600,20.66744903,17.00806683566572,,1,0,0,1.8836339010793728
1572912000,20.68359263,17.00806683566572,,1,0,0,1.8281239031451317
1572998400,20.69520609,17.299896205689233,,1,0,0,1.7450528129204799
1573084800,20.40213673,17.299896205689233,,1,0,0,1.7025870341404457
1573171200,19.60720297,17.299896205689233,,1,0,0,1.7033338838446996
1573257600,19.72462837,17.299896205689233,,1,0,0,1.6255615207129355
1573344000,20.42584009,17.299896205689233,,1,0,0,1.6270095113762972
1573430400,20.07107719,17.299896205689233,,1,0,0,1.6284858577065617
1573516800,20.958488,17.299896205689233,,1,0,0,1.6196884357275216
1573603200,21.34217455,18.11767409697969,,1,0,0,1.6029412117469843
1573689600,21.28075368,18.14384276128172,,1,0,0,1.5671514444793428
1573776000,20.24297195,18.14384276128172,,1,0,0,1.5911552505879611
1573862400,20.15049944,18.14384276128172,,1,0,0,1.5452522434031069
1573948800,20.17709537,18.14384276128172,,1,0,0,1.518013092445742
1574035200,19.05786547,18.14384276128172,,1,0,0,1.5415663065567604
1574121600,18.47992403,18.14384276128172,,1,0,0,1.5220289639455635
1574208000,18.06634313,,21.23617363328652,1,0,0,1.5067336886637377
1574294400,16.76936954,,20.172503562457866,1,0,0,1.5639131673306135
1574380800,15.51301438,,19.275022720712077,1,0,0,1.6844017182355695
1574467200,16.27838721,,19.07531456664087,1,0,0,1.6710448862187428
1574553600,15.02241909,,19.07531456664087,1,0,0,1.6927317072031183
1574640000,15.18123086,,18.581855284629107,1,0,0,1.74030108168861
1574726400,15.38167911,,18.581855284629107,1,0,0,1.7038967872822808
1574812800,16.10596215,,18.581855284629107,1,0,0,1.8101276374764035
1574899200,15.55643215,,18.581855284629107,1,0,0,1.7666345476566607
1574985600,16.28083235,,18.581855284629107,1,0,0,1.7447487628240421
1575072000,15.73916484,,18.581855284629107,1,0,0,1.696914286908039
1575158400,15.45115195,,18.581855284629107,1,0,0,1.6466189049860362
1575244800,15.16256525,,18.35155145491557,1,0,0,1.5905113439156051
1575331200,15.26661349,,18.18268303292401,1,0,0,1.5225327750644906
1575417600,15.121012,,18.18268303292401,1,0,0,1.5576207339884556
1575504000,15.66457743,,18.18268303292401,1,0,0,1.5378742315607088
1575590400,15.69811698,,18.18268303292401,1,0,0,1.5104249735920867
1575676800,15.64857011,,18.18268303292401,1,0,0,1.4443562969069377
1575763200,15.63272221,,18.1446810162829,1,0,0,1.3795992864135849
1575849600,15.32726701,,18.06392342615461,1,0,0,1.3560293845269002
1575936000,14.79180271,,17.44876553453915,1,0,0,1.3311277292035502
1576022400,14.75779131,,17.094588512585233,1,0,0,1.2768523671175822
1576108800,14.7038887,,16.91595549832671,1,0,0,1.2395202894663266
1576195200,14.84991698,,16.91595549832671,1,0,0,1.183136672361589
1576281600,14.38189649,,16.662617188044635,1,0,0,1.159224987192904
1576368000,14.38293207,,16.36076352724017,1,0,0,1.119948613821982
1576454400,13.42975482,,15.896935404516155,1,0,0,1.1390088421204119
1576540800,12.34989272,,14.979431307564539,1,0,0,1.1632550369689538
1576627200,13.64576707,,14.979431307564539,1,0,0,1.2718716021854573
1576713600,13.34424317,,14.979431307564539,1,0,0,1.246576019886496
1576800000,13.49679374,,14.979431307564539,1,0,0,1.1982714841803177
1576886400,13.30631387,,14.979431307564539,1,0,0,1.1378494267388664
1576972800,13.7955658,,14.979431307564539,1,0,0,1.140907155543233
1577059200,13.29331213,,14.979431307564539,1,0,0,1.1400128951472879
1577145600,13.34076063,,14.979431307564539,1,0,0,1.1122824390653387
1577232000,13.04765932,,14.979431307564539,1,0,0,1.0724288184178146
1577318400,13.12083456,,14.979431307564539,1,0,0,1.049669310673685
1577404800,13.27134063,,14.93972573026737,1,0,0,1.0188653884827075
1577491200,13.6530544,,14.93972573026737,1,0,0,0.9867764793053713
1577577600,14.09623245,,14.93972573026737,1,0,0,0.9824273822121304
1577664000,13.79781399,,14.93972573026737,1,0,0,0.9632182106255496
1577750400,13.66545237,,14.93972573026737,1,0,0,0.9365122598665817
1577836800,13.65885453,,14.93972573026737,1,0,0,0.8984668798761116
1577923200,12.9690017,,14.903722336714592,1,0,0,0.8922693105992465
1578009600,13.6385047,,14.903722336714592,1,0,0,0.9298242798421575
1578096000,13.78972458,,14.903722336714592,1,0,0,0.8999895555677176
1578182400,14.03408417,,14.903722336714592,1,0,0,0.8882221808843093
1578268800,14.96251343,12.870156952655057,,1,0,0,0.9207051151068587
1578355200,15.03786672,13.085922826389549,,1,0,0,0.976558397599226
1578441600,14.51748182,13.085922826389549,,1,0,0,1.0355617413421385
1578528000,14.3789422,13.085922826389549,,1,0,0,1.022745946960557
1578614400,15.08330241,13.085922826389549,,1,0,0,1.0402072943205174
1578700800,14.91914135,13.085922826389549,,1,0,0,1.0327954432976232
1578787200,15.33620809,13.116023732514716,,1,0,0,1.015590602347793
1578873600,15.16042269,13.185142493763243,,1,0,0,0.9826759814658078
1578960000,16.63127144,13.65201396988692,,1,0,0,1.0776029777896787
1579046400,17.64996447,14.775223155398226,,1,0,0,1.1689647093761304
1579132800,17.03322488,14.775223155398226,,1,0,0,1.1908772844206923
1579219200,18.0497174,15.212990054172563,,1,0,0,1.2328813441049284
1579305600,17.78904917,15.37927828275531,,1,0,0,1.2150478202402906
1579392000,17.3646244,15.37927828275531,,1,0,0,1.2799443559374128
1579478400,17.28833555,15.37927828275531,,1,0,0,1.2471123512275977
1579564800,18.07306164,15.37927828275531,,1,0,0,1.2591591604256265
1579651200,17.78299684,15.37927828275531,,1,0,0,1.2436940103952245
1579737600,17.00989679,15.37927828275531,,1,0,0,1.2373363289384225
1579824000,17.06384617,15.37927828275531,,1,0,0,1.2324790897285351
1579910400,16.9154883,15.37927828275531,,1,0,0,1.196966878319354
1579996800,17.4601506,15.37927828275531,,1,0,0,1.174057129153686
1580083200,17.64526559,15.37927828275531,,1,0,0,1.1909510949284225
1580169600,18.11437979,15.37927828275531,,1,0,0,1.2355304595763923
1580256000,17.87571739,15.641059356456964,,1,0,0,1.2132338931780786
1580342400,18.52822056,15.647581720311265,,1,0,0,1.2179329022367875
1580428800,18.23514755,15.90233208128014,,1,0,0,1.2227631649341595
1580515200,18.24919607,15.918376682152127,,1,0,0,1.183170033153148
1580601600,18.41960645,15.918376682152127,,1,0,0,1.1816392386422088
1580688000,18.43131208,16.225827124043224,,1,0,0,1.1774005894534796
1580774400,18.11243494,16.225827124043224,,1,0,0,1.1558123930639452
1580860800,19.28655046,16.58075409762501,,1,0,0,1.2113037071308064
1580947200,20.64589977,17.32856534736251,,1,0,0,1.2669690551928916
1581033600,22.04321638,18.694159737626258,,1,0,0,1.3417730641076848
1581120000,21.81327074,18.81925767086363,,1,0,0,1.366192975957136
1581206400,24.39131352,19.97093289727727,,1,0,0,1.4595165498173406
1581292800,25.15666045,21.19205098004954,,1,0,0,1.611701281258959
1581379200,25.81262774,21.19205098004954,,1,0,0,1.7405966783118905
1581465600,26.48821783,22.31100445969013,,1,0,0,1.766100067718184
1581552000,25.45790405,22.31100445969013,,1,0,0,1.8538857507383137
1581638400,26.4210287,22.31100445969013,,1,0,0,1.8414297849712913
1581724800,24.24381986,22.31100445969013,,1,0,0,1.9666337924733417
1581811200,23.36346216,22.31100445969013,,1,0,0,2.0782425630109604
1581897600,23.44461816,22.31100445969013,,1,0,0,2.140081952081606
1581984000,24.12794533,22.31100445969013,,1,0,0,2.175656685504348
1582070400,22.40266849,22.31100445969013,,1,0,0,2.26013798511118
1582156800,22.1454473,,26.720782991858698,1,0,0,2.238911256174667
1582243200,22.20923868,,26.720782991858698,1,0,0,2.173127632162191
1582329600,21.99835642,,26.366467680005545,1,0,0,2.0846032377220345
1582416000,22.91533493,,26.366467680005545,1,0,0,2.0280877121704606
1582502400,22.11154177,,26.366467680005545,1,0,0,2.035151892729713
1582588800,20.28268146,,25.278711471169043,1,0,0,2.0468657753918764
1582675200,18.70996258,,23.487207308552136,1,0,0,2.0991170371495995
1582761600,19.18434989,,23.036091885696926,1,0,0,2.099307148781771
1582848000,19.02497385,,23.036091885696926,1,0,0,2.089674794583073
1582934400,19.2312545,,23.036091885696926,1,0,0,2.0863805149699965
1583020800,18.90442631,,23.036091885696926,1,0,0,2.059916036757854
1583107200,19.93772414,,23.036091885696926,1,0,0,2.019353976989436
1583193600,19.67134465,,23.036091885696926,1,0,0,1.971135398633048
1583280000,19.96604756,,23.036091885696926,1,0,1,1.8930153387306876
1583366400,20.77192636,,23.036091885696926,1,0,0,1.879462498107067
1583452800,21.39095974,,23.036091885696926,1,0,0,1.8334487310994194
1583539200,20.3003358,,23.036091885696926,1,0,0,1.842889434592318
1583625600,16.90151057,,22.529397639304523,1,0,0,1.9752547021214382
1583712000,16.60510442,,20.72092071137407,1,0,0,2.0089962655413354
1583798400,16.83744512,,20.72092071137407,1,0,0,1.9692657315740971
1583884800,16.5805863,,20.230310441062997,1,0,0,1.9574234893188043
1583971200,9.3020256,,17.698801015956697,1,0,0,2.405242588653176
1584057600,11.05536673,,15.264598776361026,1,0,0,2.6560347166065204
1584144000,10.134026,,15.264598776361026,1,0,0,2.587314063277483
1584230400,10.35446132,,15.264598776361026,1,0,0,2.56639456090052
1584316800,9.45385919,,14.705589311427188,1,0,1,2.5489389908361977
1584403200,10.29350085,,14.705589311427188,1,0,0,2.4829143950621835
1584489600,10.43071355,,14.705589311427188,1,0,0,2.385881235414885
1584576000,12.29477682,,14.705589311427188,1,0,0,2.414674756456679
1584662400,11.90140726,,14.705589311427188,1,0,0,2.522006015281202
1584748800,12.12109124,,14.705589311427188,1,0,0,2.4503417663325444
1584835200,11.1682654,,14.705589311427188,1,0,0,2.393600808737363
1584921600,12.23183581,,14.705589311427188,1,0,0,2.3784661302561227
1585008000,12.47162492,,14.705589311427188,1,0,0,2.2984195573806856
1585094400,12.35200592,,14.705589311427188,1,0,0,2.227187433282065
1585180800,13.23297445,,14.705589311427188,1,0,0,2.1693176487619175
1585267200,12.37287263,,14.705589311427188,1,0,0,2.1252083124217807
1585353600,12.21280679,,14.705589311427188,1,0,0,2.0445360515345103
1585440000,11.295717,,14.705589311427188,1,0,0,1.9721017392820452
1585526400,12.16576754,,14.705589311427188,1,0,0,1.9617735450476133
1585612800,12.56926199,,14.705589311427188,1,0,0,1.8812946546870695
1585699200,12.78268103,,14.705589311427188,1,0,0,1.8572510593522789
1585785600,13.04782315,,14.705589311427188,1,0,0,1.850430072969973
1585872000,13.39371277,,14.705589311427188,1,0,0,1.8193331734721176
1585958400,13.79976089,,14.705589311427188,1,0,0,1.7830217717955377
1586044800,13.6888926,,14.705589311427188,1,0,0,1.711999928810142
1586131200,15.2159651,11.214876005871615,,1,0,0,1.7248793603237031
1586217600,14.72373379,11.709572877784455,,1,0,0,1.6999510374434388
1586304000,15.11702653,11.931851139006008,,1,0,0,1.6480684197689075
1586390400,15.03839754,12.036769149605405,,1,0,0,1.585397167642557
1586476800,13.74914706,12.036769149605405,,1,0,0,1.5924950249538028
1586563200,13.8338773,12.036769149605405,,1,0,0,1.5255921517428168
1586649600,14.28686864,12.036769149605405,,1,0,0,1.5171933101897586
1586736000,15.06723349,12.036769149605405,,1,0,0,1.5381566651762044
1586822400,15.63391036,12.543137599691946,,1,0,0,1.526952263377904
1586908800,14.5784523,12.543137599691946,,1,0,0,1.5278413624223393
1586995200,15.75527331,12.543137599691946,,1,0,0,1.5840219036778864
1587081600,15.64702396,12.69594641661543,,1,0,0,1.5328515412723231
1587168000,16.65002301,13.362537828453886,,1,0,0,1.5110497404671572
1587254400,16.09018421,13.543605704108497,,1,0,0,1.4684438518623604
1587340800,15.0165051,13.543605704108497,,1,0,0,1.485322596015049
1587427200,15.15633314,13.543605704108497,,1,0,0,1.4394938748711168
1587513600,15.74237867,13.543605704108497,,1,0,0,1.4131222030946087
1587600000,16.11493998,13.543605704108497,,1,0,0,1.4780721200164224
1587686400,15.9486079,13.543605704108497,,1,0,0,1.431830086443821
1587772800,16.25379746,13.546895915278604,,1,0,0,1.3957856774121196
1587859200,16.38687377,13.741921762750744,,1,0,0,1.3479013868826824
1587945600,16.44952151,13.933656111975669,,1,0,0,1.3022862663910624
1588032000,16.3777567,14.0618081227781,,1,0,0,1.249023103791701
1588118400,17.39904383,14.146119491000292,,1,0,0,1.4485017699494367
1588204800,16.95647083,14.357894390400265,,1,0,0,1.5704677113816197
1588291200,17.46871216,14.362326882860234,,1,0,0,1.5698114341400753
1588377600,17.56501965,14.42481800407421,,1,0,0,1.5157013309872127
1588464000,17.12013429,14.42481800407421,,1,0,0,1.504775899488126
1588550400,17.03509237,14.42481800407421,,1,0,0,1.500016863096117
1588636800,16.90255439,14.42481800407421,,1,0,0,1.4883446985892517
1588723200,16.39593713,14.42481800407421,,1,0,0,1.5095221001185908
1588809600,17.03117587,14.42481800407421,,1,0,0,1.61630850011012
1588896000,17.14097799,14.42481800407421,,1,0,0,1.5783696486736827
1588982400,16.77514444,14.42481800407421,,1,0,0,1.5470041559112768
1589068800,15.35524778,14.42481800407421,,1,0,0,1.6816124233461858
1589155200,15.10585404,14.42481800407421,,1,0,0,1.7429211895357442
1589241600,15.81401851,14.42481800407421,,1,0,0,1.7401330674260485
1589328000,16.23562057,14.42481800407421,,1,0,0,1.7455824118956162
1589414400,16.37515124,14.42481800407421,,1,0,0,1.7591194839030722
1589500800,15.70417294,14.42481800407421,,1,0,0,1.7539270729099956
1589587200,16.07167959,14.42481800407421,,1,0,0,1.7005485698449958
1589673600,16.27966901,14.42481800407421,,1,0,0,1.684201069141782
1589760000,16.62714831,14.42481800407421,,1,0,0,1.6615654134887976
1589846400,17.22225082,14.42481800407421,,1,0,0,1.6424647953824552
1589932800,16.89923161,14.42481800407421,,1,0,0,1.6230459478551371
1590019200,16.07735249,14.42481800407421,,1,0,0,1.64457711157977
1590105600,16.58801204,14.42481800407421,,1,0,0,1.6152332414669295
1590192000,16.47389859,14.42481800407421,,1,0,0,1.548107741362149
1590278400,15.96613366,14.42481800407421,,1,0,0,1.5498367262648525
1590364800,16.37311371,14.42481800407421,,1,0,0,1.5026191851030772
1590451200,16.21506934,14.42481800407421,,1,0,0,1.4526743318814288
1590537600,16.48054,14.42481800407421,,1,0,0,1.4401208067470412
1590624000,17.03467266,14.42481800407421,,1,0,0,1.4327008334079667
1590710400,16.99714887,14.42481800407421,,1,0,0,1.393406823878826
1590796800,17.73273209,14.798293624494107,,1,0,0,1.3816494743160526
1590883200,17.08842608,14.874749213544696,,1,0,0,1.3851926925791915
1590969600,17.94785692,14.878528527690229,,1,0,0,1.475273263823535
1591056000,17.27345676,14.878528527690229,,1,0,0,1.5444044214075683
1591142400,17.58362726,14.878528527690229,,1,0,0,1.4997722834498848
1591228800,17.51680147,14.878528527690229,,1,0,0,1.486226531774893
1591315200,17.68012328,14.878528527690229,,1,0,0,1.455512502362401
1591401600,17.55428524,14.89220808064395,,1,0,0,1.402399270050801
1591488000,17.42593228,14.89220808064395,,1,0,0,1.3920920971900295
1591574400,17.45004134,14.918226163271598,,1,0,0,1.3431477181050275
1591660800,17.39406347,14.918226163271598,,1,0,0,1.3036149232403829
1591747200,17.4124588,14.966063882399993,,1,0,0,1.2792120172946413
1591833600,16.22246327,14.966063882399993,,1,0,0,1.3357756946307384
1591920000,16.63056253,14.966063882399993,,1,0,0,1.3004837500142572
1592006400,16.81412451,14.966063882399993,,1,0,0,1.2448576178703816
1592092800,16.54248664,14.966063882399993,,1,0,0,1.1961346844510687
1592179200,16.3902959,14.966063882399993,,1,0,0,1.216128864133135
1592265600,16.43270445,14.966063882399993,,1,0,0,1.1824489459807683
1592352000,16.38310039,14.966063882399993,,1,0,0,1.1585639926964277
1592438400,16.13828962,14.966063882399993,,1,0,0,1.1330207075038257
1592524800,15.94560859,14.966063882399993,,1,0,0,1.0954088191106952
1592611200,16.05867175,14.966063882399993,,1,0,0,1.0583914827456455
1592697600,15.96629252,14.966063882399993,,1,0,0,1.0182650889780993
1592784000,16.52149523,14.966063882399993,,1,0,0,1.0328574633368066
1592870400,16.38906329,14.966063882399993,,1,0,0,0.9861452045270347
1592956800,15.97654242,14.966063882399993,,1,0,0,1.0039717127751036
1593043200,15.89451754,14.966063882399993,,1,0,0,0.9871036425768818
1593129600,15.75348089,14.966063882399993,,1,0,0,0.9649124202499617
1593216000,15.11998698,14.966063882399993,,1,0,0,0.976818755946393
1593302400,15.38182332,14.966063882399993,,1,0,0,0.9541429833787936
1593388800,15.46375749,14.966063882399993,,1,0,0,0.9324475145660226
1593475200,15.38990187,14.966063882399993,,1,0,0,0.8932585656684495
1593561600,15.82008023,14.966063882399993,,1,0,0,0.8855361445492747
1593648000,15.37768386,14.966063882399993,,1,0,0,0.8941743813671836
1593734400,15.28250253,14.966063882399993,,1,0,0,0.852132777698099
1593820800,15.56364003,14.966063882399993,,1,0,0,0.8237645857196635
1593907200,15.49766523,14.966063882399993,,1,0,0,0.8038837588825446
1593993600,16.31790456,14.966063882399993,,1,0,0,0.8230344182480772
1594080000,16.79487531,14.966063882399993,,1,0,0,0.8438865548017861
1594166400,17.27857001,15.497432269194361,,1,0,0,0.8619173166016587
1594252800,16.83256339,15.497432269194361,,1,0,0,0.8856425597015402
1594339200,17.30211019,15.497432269194361,,1,0,0,0.9003702482942872
1594425600,17.62570167,15.66961340806269,,1,0,0,0.8946687412732667
1594512000,18.3173263,16.26735099675642,,1,0,0,0.9239317018966048
1594598400,18.39434039,16.354466927580777,,1,0,0,0.964560734618276
1594684800,18.07823353,16.354466927580777,,1,0,0,0.9831457900026849
1594771200,17.62393664,16.354466927580777,,1,0,0,0.9728960435739218
1594857600,17.16055843,16.354466927580777,,1,0,0,0.9952804054614989
1594944000,17.06962521,16.354466927580777,,1,0,0,0.9801415872142492
1595030400,17.15964222,16.354466927580777,,1,0,0,0.9491575324132314
1595116800,18.02348584,16.354466927580777,,1,0,0,0.9875412000980005
1595203200,17.47112433,16.354466927580777,,1,0,0,1.0006301186624291
1595289600,17.72164895,16.354466927580777,,1,0,0,1.0073819680436842
1595376000,18.12794551,16.354466927580777,,1,0,0,1.0027658024691355
1595462400,18.7902046,16.395496639603223,,1,0,0,1.0016830530070544
1595548800,19.21030362,16.8188192691429,,1,0,0,1.0363963477922649
1595635200,19.86277825,17.56423450322861,,1,0,0,1.0437037208071032
1595721600,19.58044466,17.56423450322861,,1,0,0,1.1388112114637388
1595808000,19.77435308,17.56423450322861,,1,0,0,1.4504629456449005
1595894400,20.23006485,17.56423450322861,,1,0,0,1.5220559552416932
1595980800,19.90886002,17.56423450322861,,1,0,0,1.5563623312958579
1596067200,20.03836873,17.56423450322861,,1,0,0,1.5212130804890107
1596153600,20.68600291,17.56423450322861,,1,0,0,1.5550614868826529
1596240000,21.64232707,17.56423450322861,,1,0,0,1.5821905471053206
1596326400,20.95152286,17.56423450322861,,1,0,0,1.7653944073120833
1596412800,22.08692632,17.657193892320596,,1,0,0,1.825222258218363
1596499200,22.31033894,18.122731923088534,,1,0,0,1.8013944712027656
1596585600,23.31147874,19.026355308779678,,1,0,0,1.8688350575454251
1596672000,22.76702607,19.026355308779678,,1,0,0,1.8403797962921804
1596758400,22.3555493,19.026355308779678,,1,0,0,1.8455280444141675
1596844800,22.9371994,19.026355308779678,,1,0,0,1.8057869919560126
1596931200,22.42190909,19.026355308779678,,1,0,0,1.7523445968162972
1597017600,22.6493271,19.026355308779678,,1,0,0,1.7528955770437045
1597104000,21.29213547,19.026355308779678,,1,0,0,1.7950824751120111
1597190400,21.52178565,19.026355308779678,,1,0,0,1.7934616797468674
1597276800,21.80835698,19.026355308779678,,1,0,0,1.7721025040506626
1597363200,23.13600093,19.026355308779678,,1,0,0,1.8163128616184725
1597449600,23.11098485,19.387102007910396,,1,0,0,1.8144833879314388
1597536000,23.54050767,19.51266382661936,,1,0,0,1.7953020759363358
1597622400,23.53333162,19.518124884957423,,1,0,0,1.8581139097980262
1597708800,23.00360855,19.518124884957423,,1,0,0,1.8539017526695958
1597795200,22.38347008,19.518124884957423,,1,0,0,1.8315711903360532
1597881600,23.09043105,19.518124884957423,,1,0,0,1.806251671026335
1597968000,22.08400653,19.518124884957423,,1,0,0,1.7950260552387398
1598054400,22.22624404,19.518124884957423,,1,0,0,1.7507789455788298
1598140800,21.86191295,19.518124884957423,,1,0,0,1.6968459323231992
1598227200,22.62035727,19.518124884957423,,1,0,0,1.671577297871542
1598313600,21.40270281,19.518124884957423,,1,0,0,1.6985912987378602
1598400000,22.23133328,19.518124884957423,,1,0,0,1.6937271002565844
1598486400,23.0958905,19.518124884957423,,1,0,0,1.7296658409525427
1598572800,23.0959699,19.70497506384126,,1,0,0,1.7177601951702182
1598659200,22.96591629,19.825980578457134,,1,0,0,1.6663233576580598
1598745600,23.6311389,20.08260603111142,,1,0,0,1.6412018292539126
1598832000,23.16881916,20.312807081000276,,1,0,0,1.6125419521643476
1598918400,24.72246844,20.48395069540025,,1,0,0,1.7359697598668942
1599004800,24.7343061,20.913354001860228,,1,0,0,1.8372414848764016
1599091200,20.43995077,,27.367842842825798,1,0,0,2.1129281123852297
1599177600,21.06471284,,25.362657736043218,1,0,0,2.168374389357713
1599264000,19.4894345,,24.67764636393889,1,0,0,2.2720119229750195
1599350400,23.17507693,,24.67764636393889,1,0,0,2.471572657762518
1599436800,22.45983593,,24.67764636393889,1,0,0,2.5630899372080522
1599523200,23.26889574,,24.67764636393889,1,0,0,2.602073499550334
1599609600,24.52296823,,24.67764636393889,1,0,0,2.59068584172531
1599696000,24.57510626,,24.67764636393889,1,0,0,2.5583823866020734
1599782400,25.42926387,18.951179546107248,,1,0,0,2.572637607559068
1599868800,28.51697172,21.21934511949653,,1,0,0,2.643428759876277
1599955200,31.15936836,23.96908680054687,,1,0,0,2.806821128456543
1600041600,31.28804895,24.561954275492184,,1,0,0,3.014727765709647
1600128000,27.10316991,24.561954275492184,,1,0,0,3.2085086231589584
1600214400,27.86390713,24.561954275492184,,1,0,0,3.2079231829333184
1600300800,27.11053588,24.561954275492184,,1,0,0,3.203805419866652
1600387200,27.65747856,24.561954275492184,,1,0,0,3.14751782273332
1600473600,27.19118965,24.561954275492184,,1,0,0,3.070606637538083
1600560000,26.33625677,24.561954275492184,,1,0,0,3.0424483027139346
1600646400,23.11611784,,31.066246856791064,1,0,0,3.1725503368057963
1600732800,24.06223692,,30.130105950111957,1,0,0,3.0924497970339537
1600819200,22.81275065,,29.63097126510076,1,0,0,3.0148421265315286
1600905600,24.61209066,,29.63097126510076,1,0,0,2.974603843207848
1600992000,24.69279871,,29.63097126510076,1,0,0,2.869158868693002
1601078400,26.20524242,,29.63097126510076,1,0,0,2.826279082357788
1601164800,26.23790234,,29.63097126510076,1,0,0,2.754245800760803
1601251200,26.99258357,,29.63097126510076,1,0,0,2.747015452135031
1601337600,28.90065757,,29.63097126510076,1,0,0,2.723656169125386
1601424000,29.28276793,,29.63097126510076,1,0,0,2.67189311061643
1601510400,27.47613749,,29.63097126510076,1,0,0,2.7417593698581135
1601596800,27.37299372,,29.63097126510076,1,0,0,2.743112742011106
1601683200,28.229224,,29.63097126510076,1,0,0,2.659473552581741
1601769600,28.99476079,,29.63097126510076,1,0,0,2.5696167202544737
1601856000,28.63893384,,29.63097126510076,1,0,0,2.5015542959505828
1601942400,27.71858499,,29.63097126510076,1,0,0,2.4739925162398273
1602028800,27.70376975,,29.63097126510076,1,0,0,2.384621903651268
1602115200,27.74234037,,29.63097126510076,1,0,0,2.3628145083904633
1602201600,28.40945112,,29.63097126510076,1,0,0,2.2970840727911446
1602288000,28.40783463,,29.63097126510076,1,0,0,2.304243359734634
1602374400,28.54283376,,29.63097126510076,1,0,0,2.217216869753589
1602460800,30.65151511,25.44909395586751,,1,0,0,2.334987204056904
1602547200,30.74571741,26.44381759078076,,1,0,0,2.3182567159099823
1602633600,30.86054994,26.599774549202685,,1,0,0,2.258379597630698
1602720000,31.36780259,26.988795990282416,,1,0,0,2.2402020763713626
1602806400,30.04427314,26.988795990282416,,1,0,0,2.2749131452019795
1602892800,30.25105698,26.988795990282416,,1,0,0,2.1921267612589808
1602979200,30.6813468,26.988795990282416,,1,0,0,2.1175483147404823
1603065600,29.93253933,26.988795990282416,,1,0,0,2.1482657208304476
1603152000,28.85327837,26.988795990282416,,1,0,0,2.2243267921997014
1603238400,29.78966246,26.988795990282416,,1,0,0,2.4923867313282946
1603324800,30.6636647,26.988795990282416,,1,0,0,2.5207627798048446
1603411200,30.67716026,26.988795990282416,,1,0,0,2.439125058390213
1603497600,30.68271292,26.988795990282416,,1,0,0,2.370146532076626
1603584000,30.16771621,26.988795990282416,,1,0,0,2.3554026976425813
1603670400,31.0860892,26.988795990282416,,1,0,0,2.362385513525254
1603756800,31.53769375,26.988795990282416,,1,0,0,2.465014670416307
1603843200,30.38011059,26.988795990282416,,1,0,0,2.502862144672285
1603929600,29.86448518,26.988795990282416,,1,0,0,2.5239320607671223
1604016000,28.52242436,26.988795990282416,,1,0,0,2.5878881585694704
1604102400,28.5339224,26.988795990282416,,1,0,0,2.5814168293859368
1604188800,28.54008623,26.988795990282416,,1,0,0,2.493081292286941
1604275200,27.83728773,26.988795990282416,,1,0,0,2.505923249266445
1604361600,26.8939094,,32.39606147280118,1,0,0,2.5727461664616986
1604448000,26.99132607,,31.683661970021063,1,0,0,2.5651077667144344
1604534400,27.72847375,,31.683661970021063,1,0,0,2.8653665005205466
1604620800,29.10484543,,31.683661970021063,1,0,0,2.896502016911936
1604707200,27.78596196,,31.683661970021063,1,0,0,2.9730167221325123
1604793600,28.43978422,,31.683661970021063,1,0,0,2.9590896384087615
1604880000,28.09772225,,31.683661970021063,1,0,0,2.9433934592367073
1604966400,28.23782343,,31.683661970021063,1,0,0,2.8226333550055136
1605052800,28.04090864,,31.683661970021063,1,0,0,2.8123933703622623
1605139200,27.72102257,,31.683661970021063,1,0,0,2.8457149781935294
1605225600,28.23757507,,31.683661970021063,1,0,0,2.792080306893991
1605312000,27.95935607,,31.683661970021063,1,0,0,2.712661594258706
1605398400,27.70272099,,31.683661970021063,1,0,0,2.6314959918116556
1605484800,27.98142215,,31.683661970021063,1,0,0,2.660279627396537
1605571200,28.6023172,,31.683661970021063,1,0,0,2.7866040561539274
1605657600,28.12116479,,31.683661970021063,1,0,0,2.8440002135715043
1605744000,28.15785088,,31.683661970021063,1,0,0,2.7944594468878257
1605830400,29.00610017,,31.683661970021063,1,0,0,2.7991669349672668
1605916800,30.52258906,,31.683661970021063,1,0,0,2.8522731167553195
1606003200,30.07314357,,31.683661970021063,1,0,0,2.8551585334156537
1606089600,31.04621325,,31.683661970021063,1,0,0,2.8213781631716786
1606176000,33.96139041,27.05334835358884,,1,0,0,3.0959676672308447
1606262400,31.2957592,27.05334835358884,,1,0,0,3.273943654571499
1606348800,28.26569601,27.05334835358884,,1,0,0,3.4611395956735342
1606435200,28.47727778,27.05334835358884,,1,0,0,3.3928973895539962
1606521600,29.19654549,27.05334835358884,,1,0,0,3.3608831053001396
1606608000,30.12383939,27.05334835358884,,1,0,0,3.2965576627787008
1606694400,31.49978683,27.05334835358884,,1,0,0,3.4366608411516504
1606780800,30.22878166,27.05334835358884,,1,0,0,3.495872749640818
1606867200,30.31761143,27.05334835358884,,1,0,0,3.43568700538076
1606953600,30.75025633,27.05334835358884,,1,0,0,3.3247447549964204
1607040000,29.06686062,27.05334835358884,,1,0,0,3.2789191589252473
1607126400,29.74574863,27.05334835358884,,1,0,0,3.174968576859158
1607212800,29.53469922,27.05334835358884,,1,0,0,3.086566301369218
1607299200,29.37508428,27.05334835358884,,1,0,0,2.966106616271417
1607385600,27.65639562,27.05334835358884,,1,0,0,2.9555094336806014
1607472000,28.15749706,27.05334835358884,,1,0,0,2.905144329846273
1607558400,27.68565319,27.05334835358884,,1,0,0,2.8117117477143965
1607644800,27.34675102,27.05334835358884,,1,0,0,2.7165212328776542
1607731200,28.17131395,27.05334835358884,,1,0,0,2.678859897672108
1607817600,29.12475036,27.05334835358884,,1,0,0,2.6144897749812435
1607904000,30.02333176,27.05334835358884,,1,0,0,2.5672650067682974
1607990400,29.5191454,27.05334835358884,,1,0,0,2.5249822441419907
1608076800,30.60736718,27.05334835358884,,1,0,0,2.731378922417563
1608163200,30.24653045,27.05334835358884,,1,0,0,3.054531702959166
1608249600,31.02490528,27.05334835358884,,1,0,0,3.0085682563192258
1608336000,33.34964788,27.05334835358884,,1,0,0,3.1358064037249953
1608422400,34.31455119,27.732229678228954,,1,0,0,3.236389554887496
1608508800,32.0764878,27.732229678228954,,1,0,0,3.390585440966961
1608595200,33.54178874,27.732229678228954,,1,0,0,3.4334470773264636
1608681600,31.18364653,27.732229678228954,,1,0,0,3.5708756639460018
1608768000,32.49412637,27.732229678228954,,1,0,0,3.5135813165212872
1608854400,33.18951312,27.732229678228954,,1,0,0,3.527592098198338
1608940800,33.60554097,27.732229678228954,,1,0,0,3.7204777747556
1609027200,33.61430271,27.732229678228954,,1,0,0,3.9403241629873427
1609113600,35.86587384,27.732229678228954,,1,0,0,3.963769454202533
1609200000,39.01918878,28.645254219298852,,1,0,0,4.184563505330924
1609286400,38.13964396,28.645254219298852,,1,0,0,4.386012097807287
1609372800,37.43405049,28.645254219298852,,1,0,0,4.3077503001067665
1609459200,37.84593345,29.18392420697387,,1,0,0,4.211354742241998
1609545600,38.29789122,29.18392420697387,,1,0,0,4.602228639224712
1609632000,41.33399093,29.18392420697387,,1,0,0,4.91475986928009
1609718400,41.12744051,29.18392420697387,,1,0,0,5.464429124331512
1609804800,41.94945646,29.18392420697387,,1,0,0,5.769033960450691
1609891200,42.36365969,29.18392420697387,,1,0,0,5.916075436132784
1609977600,43.65679532,30.086563534200202,,1,0,0,6.133697594266157
1610064000,42.43134366,30.086563534200202,,1,0,0,6.370706545390003
1610150400,44.02845248,30.086563534200202,,1,0,0,6.308717766433574
1610236800,42.45639431,30.086563534200202,,1,0,0,6.62297640811689
1610323200,38.21387063,30.086563534200202,,1,0,0,7.030656096108542
1610409600,38.25451948,30.086563534200202,,1,0,0,7.036417881386503
1610496000,40.12956961,30.086563534200202,,1,0,0,7.1828363698588955
1610582400,41.84817793,30.086563534200202,,1,0,0,7.087899799154688
1610668800,40.93667376,30.086563534200202,,1,0,0,7.236025862072211
1610755200,43.10402386,30.086563534200202,,1,0,0,7.189185410495624
1610841600,45.84580827,30.086563534200202,,1,0,0,7.242887782603079
1610928000,45.33091412,30.086563534200202,,1,0,0,7.246458623845717
1611014400,42.57450338,30.086563534200202,,1,0,0,7.23282889071388
1611100800,42.61365375,30.086563534200202,,1,0,0,7.129701080662889
1611187200,38.61457619,30.086563534200202,,1,0,0,7.32960024061554
1611273600,40.9221917,30.086563534200202,,1,0,0,7.4294715777144305
1611360000,40.93954737,30.086563534200202,,1,0,0,7.206915799306257
1611446400,41.88143997,30.086563534200202,,1,0,0,6.987350065784382
1611532800,41.81739674,30.086563534200202,,1,0,0,6.9429026189426395
1611619200,41.88667826,30.086563534200202,,1,0,0,6.770208059018166
1611705600,40.97970986,30.086563534200202,,1,0,0,6.772454038374012
1611792000,42.64907195,30.086563534200202,,1,0,0,6.897216315633011
1611878400,42.86661934,30.086563534200202,,1,0,0,7.457779504516367
1611964800,44.84454703,30.086563534200202,,1,0,0,7.348477275622342
1612051200,44.39593649,30.086563534200202,,1,0,0,7.167196298792173
1612137600,51.47179301,32.79351516705829,,1,0,0,7.483413018164161
1612224000,51.04832669,35.441554889852455,,1,0,0,7.588072524009577
1612310400,52.24808395,36.297985498867206,,1,0,0,7.483510460866037
1612396800,56.06577376,38.45834534198049,,1,0,0,7.641755580804177
1612483200,67.69749939,42.645653590782445,,1,0,0,8.418900836461022
1612569600,72.99678086,49.68725805970419,,1,0,0,9.055078875999522
1612656000,68.5447232,50.052334525233775,,1,0,0,9.20924597128527
1612742400,79.98246264,51.6355037532104,,1,0,0,10.595718891907751
1612828800,107.58099286,67.48545474388935,,1,0,0,12.950147048200055
1612915200,128.84857763,89.05349026850043,,1,0,0,15.579878879042909
1613001600,124.15762538,89.05349026850043,,1,0,0,16.69830967982556
1613088000,137.0983921,89.44700654958535,,1,0,0,17.581265808409448
1613174400,133.43639259,92.0600311396268,,1,0,0,17.517473202808773
1613260800,136.03515402,92.0600311396268,,1,0,0,17.657923874751003
1613347200,130.04983218,92.0600311396268,,1,0,0,18.17470179512593
1613433600,130.15209667,92.0600311396268,,1,0,0,18.13030886190265
1613520000,165.47051478,103.74314053495665,,1,0,0,20.714259723909603
1613606400,195.70850482,129.80973727596097,,1,0,0,22.301604842916056
1613692800,333.60339997,198.50412530986486,,1,0,0,33.30886071270777
1613779200,253.91871155,198.50412530986486,,1,0,0,39.69741313108579
1613865600,295.32511107,198.50412530986486,,1,0,0,41.69402546529394
1613952000,267.63518757,198.50412530986486,,1,0,0,45.069305313487234
1614038400,231.63648012,198.50412530986486,,1,0,0,47.90986736966671
1614124800,254.72543964,198.50412530986486,,1,0,0,49.45636854254766
1614211200,234.77701035,198.50412530986486,,1,0,0,49.34099303450854
1614297600,221.99652608,198.50412530986486,,1,0,0,48.35592399132936
1614384000,225.59354388,198.50412530986486,,1,0,0,46.725379498377265
1614470400,210.66729875,198.50412530986486,,1,0,0,45.88377810349318
1614556800,255.10836363,198.50412530986486,,1,0,0,46.85238319967224
1614643200,240.00739577,198.50412530986486,,1,0,0,46.25862583398136
1614729600,240.72574794,198.50412530986486,,1,0,0,45.608569542268405
1614816000,229.63646317,198.50412530986486,,1,0,0,44.6244658606778
1614902400,225.45388521,198.50412530986486,,1,0,0,43.120796897057964
1614988800,226.45489056,198.50412530986486,,1,0,0,41.27527295726811
1615075200,239.99086232,198.50412530986486,,1,0,0,40.2466797546061
1615161600,240.68035912,198.50412530986486,,1,0,0,39.126579016419946
1615248000,293.59673626,198.50412530986486,,1,0,0,41.24880300096138
1615334400,278.45469728,198.50412530986486,,1,0,0,41.98000483946414
1615420800,290.12888728,207.07770892062084,,1,0,0,42.69356243878813
1615507200,263.11561239,207.07770892062084,,1,0,0,43.22302023030327
1615593600,276.11749541,207.07770892062084,,1,0,0,43.169963141710184
1615680000,263.39375837,207.07770892062084,,1,0,0,41.48323376587375
1615766400,254.31277066,207.07770892062084,,1,0,0,41.525998528311334
1615852800,258.62822343,207.07770892062084,,1,0,0,40.356994133431954
1615939200,269.92981612,207.07770892062084,,1,0,0,39.644599948901096
1616025600,261.36977031,207.07770892062084,,1,0,0,39.08719943897959
1616112000,263.310352,207.07770892062084,,1,0,0,37.81716616190961
1616198400,264.37060477,207.07770892062084,,1,0,0,36.35248918105892
1616284800,264.84253095,207.07770892062084,,1,0,0,35.55709785526899
1616371200,255.13648784,207.07770892062084,,1,0,0,35.62681124274978
1616457600,255.56790233,207.07770892062084,,1,0,0,34.65970812826766
1616544000,248.43844254,207.07770892062084,,1,0,0,34.64692203624854
1616630400,234.0790579,207.07770892062084,,1,0,0,34.25640446723079
1616716800,255.25783352,207.07770892062084,,1,0,0,33.816300288857164
1616803200,269.39610047,207.07770892062084,,1,0,0,33.58208368036737
1616889600,268.67919415,209.59296815686758,,1,0,0,32.715206014626844
1616976000,275.03937416,210.32415192718082,,1,0,0,32.560497245010644
1617062400,311.40936699,227.16545402546274,,1,0,0,33.48883802465274
1617148800,302.70831715,237.1452649589165,,1,0,0,33.71152764289183
1617235200,334.68995724,250.6472726380248,,1,0,0,34.62200685411384
1617321600,338.5535385,275.16640964522236,,1,0,0,34.956002950962855
1617408000,322.20770772,275.16640964522236,,1,0,0,35.195473968036936
1617494400,349.12600871,275.16640964522236,,1,0,0,35.49320420389144
1617580800,368.03860361,286.22547593870206,,1,0,0,36.47485631361348
1617667200,403.51827602,308.3469350698319,,1,0,0,38.70102836335537
1617753600,375.0838807,308.3469350698319,,1,0,0,40.467461605972844
1617840000,418.58058973,311.5211355613138,,1,0,0,41.31155009483192
1617926400,453.42610472,341.5289960426824,,1,0,0,42.47157258734393
1618012800,471.44608888,375.86210549391416,,1,0,0,44.77981152610507
1618099200,525.75529954,389.05181890702283,,1,0,0,47.85965793995471
1618185600,596.64245045,456.6747130053204,,1,0,0,53.98831168424366
1618272000,551.42637195,456.6747130053204,,1,0,0,59.80814116751196
1618358400,549.87690836,456.6747130053204,,1,0,0,61.627796873403966
1618444800,542.46786577,456.6747130053204,,1,0,0,59.70829455601796
1618531200,509.14939661,456.6747130053204,,1,0,0,61.07436195773097
1618617600,514.84966959,456.6747130053204,,1,0,0,60.81578781575019
1618704000,482.42999588,456.6747130053204,,1,0,0,64.94784053176804
1618790400,504.49321783,456.6747130053204,,1,0,0,66.5041982444989
1618876800,587.619552,456.6747130053204,,1,0,0,71.01947690274896
1618963200,544.24282067,456.6747130053204,,1,0,0,72.7162407332669
1619049600,505.14913027,456.6747130053204,,1,0,0,75.29197430446212
1619136000,527.39047216,456.6747130053204,,1,0,0,77.49809608771481
1619222400,497.23470639,456.6747130053204,,1,0,0,75.90567806716376
1619308800,505.64004043,456.6747130053204,,1,0,0,75.16917710165207
1619395200,535.84120842,456.6747130053204,,1,0,0,76.37861400153406
1619481600,569.59083718,456.6747130053204,,1,0,0,75.48209338713878
1619568000,563.17257544,456.6747130053204,,1,0,0,73.82487453591457
1619654400,600.27113885,456.6747130053204,,1,0,0,74.8145756704921
1619740800,623.60171948,456.6747130053204,,1,0,0,76.92303079759982
1619827200,620.89509662,469.8657686264873,,1,0,0,74.62878940634268
1619913600,622.20393329,469.8657686264873,,1,0,0,72.80769799874678
1620000000,676.90860168,501.3531866743548,,1,0,0,74.66911783455056
1620086400,609.80434532,501.3531866743548,,1,0,0,75.20756661565409
1620172800,652.1850594,501.3531866743548,,1,0,0,77.64728058525021
1620259200,634.55261519,501.3531866743548,,1,0,0,75.80434792630378
1620345600,624.9205809,501.3531866743548,,1,0,0,74.9355405865678
1620432000,647.37183665,501.3531866743548,,1,0,0,74.03157971324153
1620518400,662.73477622,503.7256616137123,,1,0,0,74.97544721086715
1620604800,631.99621193,503.7256616137123,,1,0,0,77.65904997009092
1620691200,672.83194351,503.7256616137123,,1,0,0,76.77041718294156
1620777600,592.03329727,503.7256616137123,,1,0,0,81.1553626498743
1620864000,571.18016826,503.7256616137123,,1,0,0,84.54761640059756
1620950400,603.37008329,503.7256616137123,,1,0,0,83.1751991848406
1621036800,563.27444115,503.7256616137123,,1,0,0,81.79790074378056
1621123200,564.16740204,503.7256616137123,,1,0,0,82.8323190442248
1621209600,512.55476176,503.7256616137123,,1,0,0,82.99356918892303
1621296000,508.24508332,503.7256616137123,,1,0,0,81.63899207328566
1621382400,335.6281677,,590.2528678523717,1,0,0,94.55173398733669
1621468800,392.03378979,,564.8936304086345,1,0,0,98.29481566252693
1621555200,326.57191283,,564.8936304086345,1,0,0,101.86307339234644
1621641600,299.99629644,,521.6125980311939,1,0,0,99.54989028932168
1621728000,261.175522,,473.9077325035745,1,0,0,99.81602933222726
1621814400,346.18479637,,473.9077325035745,1,0,0,99.98777043492531
1621900800,343.84819424,,473.9077325035745,1,0,0,98.1410419795735
1621987200,379.62865687,,473.9077325035745,1,0,0,95.42173187174683
1622073600,369.948264,,473.9077325035745,1,0,0,92.30815059090777
1622160000,329.12457654,,473.9077325035745,1,0,0,90.42912034655721
1622246400,305.20425572,,473.9077325035745,1,0,0,88.22803203394598
1622332800,325.90674585,,473.9077325035745,1,0,0,85.54864429580698
1622419200,353.87095651,,473.9077325035745,1,0,0,83.11886309967791
1622505600,362.30350431,,473.9077325035745,1,0,0,80.04080065827235
1622592000,401.62224243,,473.9077325035745,1,0,0,79.36172652196719
1622678400,428.46276956,,473.9077325035745,1,0,0,76.83914593254096
1622764800,390.91526705,,473.9077325035745,1,0,0,76.45267113378804
1622851200,390.3024866,,473.9077325035745,1,0,0,75.15916660566032
1622937600,393.76353861,,473.9077325035745,1,0,0,71.58510749239886
1623024000,358.07745921,,473.9077325035745,1,0,0,70.66229001365608
1623110400,352.8324888,,470.9883000179493,1,0,0,69.27028716768064
1623196800,375.66297612,,470.9883000179493,1,0,0,69.66201713427488
1623283200,352.07328671,,470.9883000179493,1,0,0,67.89498668968382
1623369600,345.73675395,,470.9883000179493,1,0,0,65.7090829347064
1623456000,343.77170051,,459.05206134267604,1,0,0,64.3014465857988
1623542400,365.95172493,,459.05206134267604,1,0,0,64.33082896252746
1623628800,370.40668257,,459.05206134267604,1,0,0,62.55330521448979
1623715200,366.83545963,,459.05206134267604,1,0,0,60.3431350284548
1623801600,347.28897416,,459.05206134267604,1,0,0,58.22115532570803
1623888000,352.79931764,,452.5921040043544,1,0,0,56.24291283887174
1623974400,337.2545412,,440.49250590841893,1,0,0,55.01368293038091
1624060800,333.95321232,,430.429185727577,1,0,0,52.63279858321084
1624147200,339.05220217,,419.1874607663193,1,0,0,51.50593694083864
1624233600,270.93148703,,404.4360265331874,1,0,0,53.54552867863588
1624320000,262.20052495,,360.99358369836864,1,0,0,54.61528519730475
1624406400,296.24959738,,360.99358369836864,1,0,0,54.914169427497264
1624492800,308.56794066,,360.99358369836864,1,0,0,54.17087614910459
1624579200,280.9699552,,360.99358369836864,1,0,0,53.98100231702569
1624665600,279.76357893,,360.99358369836864,1,0,0,52.62330004652385
1624752000,290.95322829,,360.99358369836864,1,0,0,51.75907417177215
1624838400,290.01251413,,360.99358369836864,1,0,0,49.74879153021699
1624924800,300.86959187,,360.99358369836864,1,0,0,48.527273822344355
1625011200,303.6662376,,360.99358369836864,1,0,0,47.40005355146262
1625097600,287.723865,,360.99358369836864,1,0,0,45.91622493564386
1625184000,287.37843375,,360.99358369836864,1,0,0,43.90685249452644
1625270400,298.35789693,,360.99358369836864,1,0,0,42.34901089848883
1625356800,307.7577068,,360.99358369836864,1,0,0,41.1366784521682
1625443200,302.09586866,,360.99358369836864,1,0,0,40.358216079870466
1625529600,320.07279975,,360.99358369836864,1,0,0,39.82473551630829
1625616000,327.88339594,,360.99358369836864,1,0,0,38.95152465800056
1625702400,310.25320429,,360.99358369836864,1,0,0,38.25773057314338
1625788800,317.18063988,,360.99358369836864,1,0,0,37.23961382220456
1625875200,316.22204318,,360.99358369836864,1,0,0,35.88579820633281
1625961600,321.9684005,,360.99358369836864,1,0,0,34.76625337802332
1626048000,316.16851994,,360.99358369836864,1,0,0,34.44229560030737
1626134400,308.922466,,360.99358369836864,1,0,0,33.214444275999696
1626220800,309.35262452,,360.31946875765505,1,0,0,32.68182987771401
1626307200,315.8599737,,360.31946875765505,1,0,0,33.69820666359158
1626393600,303.08144106,,360.31946875765505,1,0,0,33.48446269762075
1626480000,300.57949058,,360.2627924530005,1,0,0,32.267338494933554
1626566400,302.17191405,,360.2627924530005,1,0,0,31.318873725295443
1626652800,280.49281843,,346.5540900894304,1,0,0,31.100748170631483
1626739200,264.46373935,,326.36462739748737,1,0,0,31.020947530586376
1626825600,293.17102612,,326.36462739748737,1,0,0,31.819530626973062
1626912000,293.43410996,,326.36462739748737,1,0,0,30.707171078617847
1626998400,299.4927526,,326.36462739748737,1,0,0,30.771286041573717
1627084800,301.84795965,,326.36462739748737,1,0,0,29.930682970032734
1627171200,302.94711539,,326.36462739748737,1,0,0,29.46728278145897
1627257600,304.038075,,326.36462739748737,1,0,0,32.33604730492619
1627344000,313.7466181,,326.36462739748737,1,0,0,32.88565000028861
1627430400,314.00732374,,326.36462739748737,1,0,0,32.39839422169656
1627516800,317.15707597,,326.36462739748737,1,0,0,31.373710640861095
1627603200,322.6257782,,326.36462739748737,1,0,0,32.84259299722816
1627689600,332.73930344,263.50594570559673,,1,0,0,32.58349096028329
1627776000,332.69572701,270.077705426037,,1,0,0,33.23616941097735
1627862400,330.59659869,270.077705426037,,1,0,0,32.60930501947896
1627948800,323.19615485,270.077705426037,,1,0,0,31.973044386659033
1628035200,334.78897258,270.077705426037,,1,0,0,31.565061476183388
1628121600,338.11868646,270.077705426037,,1,0,0,33.11838768717029
1628208000,342.46070169,271.72924483885754,,1,0,0,34.12162570880098
1628294400,356.6366064,283.8356293004718,,1,0,0,33.56750627031519
1628380800,342.19161008,283.8356293004718,,1,0,0,33.28313428600696
1628467200,354.54410933,283.8356293004718,,1,0,0,33.77707770414933
1628553600,372.090288,292.439810440009,,1,0,0,34.51938520385294
1628640000,391.21571235,318.79620821600804,,1,0,0,34.8722829100063
1628726400,385.82825895,318.79620821600804,,1,0,0,35.17742653500584
1628812800,411.02759724,324.8296780207165,,1,0,0,36.328446164648284
1628899200,409.14733301,333.9645940731449,,1,0,0,35.98195806574484
1628985600,414.5954648,333.9645940731449,,1,0,0,35.29521606462021
1629072000,415.96946344,346.2295701941474,,1,0,0,36.21803065214734
1629158400,401.59242354,346.2295701941474,,1,0,0,36.4274832948511
1629244800,396.48568825,346.2295701941474,,1,0,0,36.11641649521888
1629331200,431.30483315,346.2295701941474,,1,0,0,38.12648768627467
1629417600,455.09207997,361.8666622047556,,1,0,0,38.20503939654077
1629504000,449.23634172,376.40737895778,,1,0,0,37.64636391750214
1629590400,449.07114512,376.40737895778,,1,0,0,36.80637370268056
1629676800,499.66338136,400.2176431418518,,1,0,0,39.58381857820338
1629763200,471.8816689,400.2176431418518,,1,0,0,40.14333791976028
1629849600,503.52664607,404.4801326616,,1,0,0,40.66846579263454
1629936000,478.1924212,408.24667137743995,,1,0,0,41.41867913101779
1630022400,494.71796357,408.24667137743995,,1,0,0,41.363729272373654
1630108800,486.46154843,408.24667137743995,,1,0,0,39.72261750006125
1630195200,480.14391333,408.24667137743995,,1,0,0,39.268843027199736
1630281600,460.27505331,408.24667137743995,,1,0,0,38.71516309454262
1630368000,464.24102272,408.24667137743995,,1,0,0,38.12650146993243
1630454400,489.98871945,408.24667137743995,,1,0,0,38.583609429222975
1630540800,483.76153536,415.3257712726744,,1,0,0,39.25265190070705
1630627200,488.72126607,415.3257712726744,,1,0,0,39.50923355565654
1630713600,497.80752111,417.72968764571624,,1,0,0,39.082067365252506
1630800000,505.02025726,417.72968764571624,,1,0,0,42.16323892202019
1630886400,496.36300359,417.72968764571624,,1,0,0,41.948665221161605
1630972800,418.81010682,417.72968764571624,,1,0,0,49.647026980364345
1631059200,415.25369685,,513.7230854034791,1,0,0,49.59785624248118
1631145600,421.28904386,,513.7230854034791,1,0,0,48.64163598373251
1631232000,401.48088131,,513.7230854034791,1,0,0,48.93175523489448
1631318400,404.94723816,,505.3732040214512,1,0,0,46.85054718168773
1631404800,416.46782156,,504.25288061980615,1,0,0,45.45743496799576
1631491200,399.35150698,,495.6850495213255,1,0,0,45.42036024171035
1631577600,414.60344571,,493.4351822351929,1,0,0,44.64839115587389
1631664000,431.4260384,,493.4351822351929,1,0,0,43.81181013259719
1631750400,424.44787626,,493.4351822351929,1,0,0,42.31123638312596
1631836800,406.60851239,,493.4351822351929,1,0,0,41.44962943075983
1631923200,410.96889982,,488.8505757669121,1,0,0,40.08400533427698
1632009600,408.56510783,,487.21923574522083,1,0,0,39.24679740397148
1632096000,363.96697282,,461.36273334319884,1,0,0,40.4559983886878
1632182400,344.11914312,,435.6453365093789,1,0,0,40.81617778806724
1632268800,379.01808987,,435.6453365093789,1,0,0,41.236635246776736
1632355200,383.77972696,,435.6453365093789,1,0,0,40.114218178435536
1632441600,355.35344416,,435.6453365093789,1,0,0,41.23701844640443
1632528000,349.94068592,,429.3125728593625,1,0,0,39.85202603308982
1632614400,344.39222013,,417.6312269054262,1,0,0,40.15529427715483
1632700800,335.65069366,,417.6312269054262,1,0,0,39.17016954592949
1632787200,333.18845568,,411.3322068742453,1,0,0,38.22412228407739
1632873600,367.69780184,,411.3322068742453,1,0,0,39.102772957357566
1632960000,387.51715013,,411.3322068742453,1,0,0,39.01889619111774
1633046400,421.65321768,323.84124362072527,,1,0,0,40.81730484532362
1633132800,427.36713071,345.87745966115267,,1,0,0,40.015698079229075
1633219200,430.74386335,353.95107143803745,,1,0,0,39.32633563856986
1633305600,426.53281808,353.95107143803745,,1,0,0,39.27885303081486
1633392000,442.45290881,360.78255855266036,,1,0,0,39.39092114004237
1633478400,434.91776731,360.78255855266036,,1,0,0,42.876521081467914
1633564800,438.51165501,360.78255855266036,,1,0,0,42.8401475749345
1633651200,419.25158153,360.78255855266036,,1,0,0,43.37748995029632
1633737600,421.98144788,360.78255855266036,,1,0,0,42.04324450884659
1633824000,404.2103127,360.78255855266036,,1,0,0,41.91838275535755
1633910400,413.25993558,360.78255855266036,,1,0,0,42.342231014974864
1633996800,444.25103391,360.78255855266036,,1,0,0,45.629084336762375
1634083200,470.7727056,360.78255855266036,,1,0,0,47.242211509850776
1634169600,472.79311217,372.2385623362198,,1,0,0,46.80423163843285
1634256000,474.29310646,372.2385623362198,,1,0,0,49.725285649259085
1634342400,465.66664987,372.2385623362198,,1,0,0,48.67875641431201
1634428800,471.09027438,372.2385623362198,,1,0,0,47.55891479686117
1634515200,485.15913716,375.15171479734636,,1,0,0,47.38309313994251
1634601600,488.08079246,389.23400820661175,,1,0,0,48.03398069637519
1634688000,501.37944038,395.49353183445055,,1,0,0,47.46615782091982
1634774400,470.99194786,395.49353183445055,,1,0,0,49.16307634871125
1634860800,479.23542198,395.49353183445055,,1,0,0,49.70459791808901
1634947200,485.6271156,395.49353183445055,,1,0,0,47.90205434608265
1635033600,475.86220056,395.49353183445055,,1,0,0,46.36106058493389
1635120000,485.1,395.49353183445055,,1,0,0,45.57098482886719
1635206400,478.14958497,395.49353183445055,,1,0,0,45.55956519537667
1635292800,449.0785536,395.49353183445055,,1,0,0,46.14717002213548
1635379200,492.25489661,395.49353183445055,,1,0,0,48.55496096841152
1635465600,530.37139169,410.30091000341076,,1,0,0,49.064047447096414
1635552000,528.68441954,428.53826087956963,,1,0,0,47.99204842016096
1635638400,525.28267043,430.53653465111273,,1,0,0,47.22128108729232
1635724800,551.57123238,435.7991362300014,,1,0,0,48.405294689628576
1635811200,554.71718672,450.9338374860013,,1,0,0,49.321932115369385
1635897600,568.76250492,450.9338374860013,,1,0,0,49.93224033998586
1635984000,559.38704204,459.48924643011105,,1,0,0,48.88230497641545
1636070400,607.96499333,488.3396712796,,1,0,0,51.39053729810006
1636156800,638.39344841,512.20237790864,,1,0,0,50.94541243537862
1636243200,649.90555839,550.5998512657759,,1,0,0,51.54656314285158
1636329600,653.87900054,550.5998512657759,,1,0,0,54.38766317479075
1636416000,634.99345691,550.5998512657759,,1,0,0,53.87388252016284
1636502400,614.94640587,550.5998512657759,,1,0,0,57.8934286451512
1636588800,628.96854521,550.5998512657759,,1,0,0,56.37811047692611
1636675200,627.22708297,550.5998512657759,,1,0,0,55.34574060928854
1636761600,649.80181944,550.5998512657759,,1,0,0,54.43264974362507
1636848000,650.63603451,550.5998512657759,,1,0,0,53.74383846622328
1636934400,634.01113297,550.5998512657759,,1,0,0,53.12065105220733
1637020800,589.48792665,550.5998512657759,,1,0,0,56.013099196335375
1637107200,578.0744499,550.5998512657759,,1,0,0,55.432248016597136
1637193600,532.02546823,,670.4392815911376,1,0,0,56.96970011112591
1637280000,581.08244818,,670.4392815911376,1,0,0,58.76080624604549
1637366400,604.68035954,,670.4392815911376,1,0,0,57.2075969741851
1637452800,585.8853988,,670.4392815911376,1,0,0,55.33289047888616
1637539200,559.91431749,,670.4392815911376,1,0,0,54.79036097825144
1637625600,591.33669953,,670.4392815911376,1,0,0,55.063268666233476
1637712000,590.78719539,,670.4392815911376,1,0,0,53.50870813650251
1637798400,639.255667,,670.4392815911376,1,0,0,54.75347600175233
1637884800,588.86704366,,670.4392815911376,1,0,0,59.11295336305573
1637971200,600.56028142,,670.4392815911376,1,0,0,58.28577406283746
1638057600,611.7,,670.4392815911376,1,0,0,58.722504486920506
1638144000,624.3,,670.4392815911376,1,0,0,57.84946845214047
1638230400,623.3,,670.4392815911376,1,0,0,57.36736356270187
1638316800,627.8,,670.4392815911376,1,0,0,57.47683759393745
1638403200,620.8,,670.4392815911376,1,0,0,55.66420633722763
1638489600,596,,670.4392815911376,1,0,0,57.46676302742566
1638576000,569.6,,670.4392815911376,1,0,0,65.6977085254667
1638662400,558,,670.4392815911376,1,0,0,64.90501505936193
1638748800,588.7,,670.4392815911376,1,0,0,65.89037112655036
1638835200,579.3,,670.4392815911376,1,0,0,64.04105890322533
1638921600,607.8,,670.4392815911376,1,0,0,64.1095546958521
1639008000,571.7,,670.4392815911376,1,0,0,63.48744364614838
1639094400,553.4,,670.4392815911376,1,0,0,62.802626242852064
1639180800,564.2,,670.4392815911376,1,0,0,61.92386722550549
1639267200,570.9,,670.4392815911376,1,0,0,60.22930528082653
1639353600,521,,662.921429083246,1,0,0,60.54149776076749
1639440000,528.4,,645.1392861749214,1,0,0,59.70996220642695
1639526400,541.5,,641.7603575574293,1,0,0,58.83782204882503
1639612800,526.4,,641.7603575574293,1,0,0,57.24226333105181
1639699200,526.4,,634.6323896215176,1,0,0,56.446387378833826
1639785600,534.7,,634.184150659366,1,0,0,54.65021685177426
1639872000,530.2,,634.184150659366,1,0,0,53.053772790933245
1639958400,524.1,,621.0846620340864,1,0,0,51.728503305866575
1640044800,529.1,,621.0846620340864,1,0,0,51.6336102125904
1640131200,533.9,,621.0846620340864,1,0,0,50.145495197405374
1640217600,548.9,,621.0846620340864,1,0,0,50.3493883975907
1640304000,542.3,,621.0846620340864,1,0,0,48.560146369191365
1640390400,547.7,,621.0846620340864,1,0,0,46.584421628534834
1640476800,546.7,,621.0846620340864,1,0,0,45.414105797925195
1640563200,563.7,,621.0846620340864,1,0,0,45.24166966950197
1640649600,534.3,,621.0846620340864,1,0,0,45.51012183596611
1640736000,514.5,,610.5188670849956,1,0,0,45.116541704825686
1640822400,518.6,,599.336980376496,1,0,0,44.17964586876671
1640908800,511.3,,599.336980376496,1,0,0,44.34538544956909
1640995200,527.7,,599.336980376496,1,0,0,43.2635722031713
1641081600,531.4,,599.336980376496,1,0,0,42.080459902944774
1641168000,511.8,,598.219832825019,1,0,0,41.54614133844872
1641254400,507,,588.4978495425171,1,0,0,40.78570267141667
1641340800,474.1,,571.8630645882654,1,0,0,42.46529533774405
1641427200,472.9,,550.4217581294389,1,0,0,41.49634567076233
1641513600,447.9,,532.0545823164949,1,0,0,41.539463837136445
1641600000,430,,515.4341240848455,1,0,0,42.650930705912415
1641686400,438.7,,515.4341240848455,1,0,0,41.29014994120439
1641772800,424.9,,504.95414050872483,1,0,0,41.56228208826122
1641859200,463.6,,504.95414050872483,1,0,0,42.464976224813995
1641945600,488.1,,504.95414050872483,1,0,0,42.18890649447014
1642032000,475.3,,504.95414050872483,1,0,0,41.67541317343655
1642118400,478.8,,504.95414050872483,1,0,0,40.02002651819108
1642204800,494.9,,504.95414050872483,1,0,0,38.76859605260601
1642291200,499,,504.95414050872483,1,0,0,37.20655347741987
1642377600,475.7,,504.95414050872483,1,0,0,36.8346568004613
1642464000,471.6,,504.95414050872483,1,0,0,35.80360988614264
1642550400,462.3,,504.95414050872483,1,0,0,34.63192346570388
1642636800,440.1,,504.95414050872483,1,0,0,35.01535750386789
1642723200,384,,483.54030142691107,1,0,0,37.35711768216304
1642809600,358.3,,439.42627128422,1,0,0,38.274466419151395
1642896000,384.4,,439.42627128422,1,0,0,37.840575960640585
1642982400,371.6,,437.1702797402182,1,0,0,38.480534820594826
1643068800,385.5,,437.1702797402182,1,0,0,37.91763947626662
1643155200,375.4,,437.1702797402182,1,0,0,37.737808085104724
1643241600,390.4,,437.1702797402182,1,0,0,37.449393221882964
1643328000,386.1,,437.1702797402182,1,0,0,36.16015084889132
1643414400,389.4,,437.1702797402182,1,0,0,34.727282931113365
1643500800,377.6,,437.1702797402182,1,0,0,33.44676272174812
1643587200,374.6,,436.7179307918791,1,0,0,32.49342252733754
1643673600,384.4,,436.7179307918791,1,0,0,31.179606632527715
1643760000,367.2,,432.19002394142206,1,0,0,30.373920444490018
1643846400,372.4,,418.9260215472799,1,0,0,29.118640412740735
1643932800,399.9,,418.9260215472799,1,0,0,29.188737526116395
1644019200,414.2,,418.9260215472799,1,0,0,29.582399131393796
1644105600,420.4,362.6805302920329,,1,0,0,28.597942050579952
1644192000,433.7,373.9624772628296,,1,0,0,28.39094618982424
1644278400,408.4,373.9624772628296,,1,0,0,29.01302146197965
1644364800,422.7,373.9624772628296,,1,0,0,28.42637707183825
1644451200,416.5,373.9624772628296,,1,0,0,27.888778709564093
1644537600,404.4,373.9624772628296,,1,0,0,27.518151658880946
1644624000,408.3,373.9624772628296,,1,0,0,26.316855111818022
1644710400,398.1,373.9624772628296,,1,0,0,25.38707974668816
1644796800,403.5,373.9624772628296,,1,0,0,24.58085976478186
1644883200,432.8,374.7234360485187,,1,0,0,25.71079835301173
1644969600,427.4,382.7810924436668,,1,0,0,24.645741327796607
1645056000,402.7,382.7810924436668,,1,0,0,25.14247409009685
1645142400,399.3,382.7810924436668,,1,0,0,24.668011655089934
1645228800,399.9,382.7810924436668,,1,0,0,23.834582251154938
1645315200,380.7,,432.53923524771017,1,0,0,23.91068351892958
1645401600,356.8,,422.6003117229391,1,0,0,24.967063267577466
1645488000,374.4,,410.75528055064524,1,0,0,25.06227303417907
1645574400,365.7,,410.75528055064524,1,0,0,24.636396388880566
1645660800,361.4,,399.53727724602265,1,0,0,26.255225218246242
1645747200,375.1,,399.53727724602265,1,0,0,25.815566274085793
1645833600,373.8,,399.53727724602265,1,0,0,25.04302582593681
1645920000,360.2,,399.53727724602265,1,0,0,24.925666838369896
1646006400,395.8,,399.53727724602265,1,0,0,26.173833492772044
1646092800,408.9,353.88661265899606,,1,0,0,26.697131100431186
1646179200,409.5,359.4629513930965,,1,0,0,25.754478878971813
1646265600,402.7,359.4629513930965,,1,0,0,25.072016101902395
1646352000,374.3,359.4629513930965,,1,0,0,25.516872094623654
1646438400,384.6,359.4629513930965,,1,0,0,25.094238373579106
1646524800,375.1,359.4629513930965,,1,0,0,24.35179277546632
1646611200,380.8,359.4629513930965,,1,0,0,24.362379005790153
1646697600,381.6,359.4629513930965,,1,0,0,23.429351933948
1646784000,393.5,359.4629513930965,,1,0,0,23.348683938666
1646870400,372.2,359.4629513930965,,1,0,0,23.959492228761288
1646956800,371.9,359.4629513930965,,1,0,0,23.36952849813548
1647043200,372.3,359.4629513930965,,1,0,0,22.271705033982947
1647129600,361.4,359.4629513930965,,1,0,0,21.859440388698452
1647216000,373.4,359.4629513930965,,1,0,0,21.34805178950571
1647302400,371.9,359.4629513930965,,1,0,0,20.758905233112447
1647388800,385.6,359.4629513930965,,1,0,0,20.626126287890127
1647475200,392.1,359.4629513930965,,1,1,0,19.995688695897975
1647561600,397.4,359.4629513930965,,1,0,0,19.753139503333834
1647648000,400,365.47587901497974,,1,0,0,19.135058110238557
1647734400,390.9,365.47587901497974,,1,0,0,18.79683967379295
1647820800,396.2,365.47587901497974,,1,0,0,18.454208268522024
1647907200,404.4,369.56946580192016,,1,0,0,18.328907677913303
1647993600,408.6,371.8975192217282,,1,0,0,17.991128558062353
1648080000,414.3,379.18776729955533,,1,0,0,17.506047946772185
1648166400,410.5,382.02899056959984,,1,0,0,17.355615950574173
1648252800,416.3,382.02899056959984,,1,0,0,16.744500525533162
1648339200,430.9,390.43848236137586,,1,0,0,16.977036202280793
1648425600,430.2,403.7946341252383,,1,0,0,16.692962187832165
1648512000,434.4,405.64517071271445,,1,0,0,16.393464888701295
1648598400,442.1,405.64517071271445,,1,0,0,16.94393168236549
1648684800,429,405.64517071271445,,1,0,0,17.747936562196525
1648771200,447.9,405.64517071271445,,1,0,0,18.930226807753918
1648857600,437.3,407.34521150461194,,1,0,0,18.970924892914354
1648944000,450.2,407.34521150461194,,1,0,0,19.33014454342047
1649030400,447.8,407.34521150461194,,1,0,0,19.14227707603329
1649116800,444.7,414.04760918686213,,1,0,0,18.946400142030914
1649203200,420.2,414.04760918686213,,1,0,0,19.471657274742995
1649289600,436.3,414.04760918686213,,1,0,0,19.60939604083278
1649376000,421.6,414.04760918686213,,1,0,0,19.808724895059008
1649462400,426.8,414.04760918686213,,1,0,0,19.00810168826908
1649548800,418.1,414.04760918686213,,1,0,0,18.52180871053557
1649635200,394.6,,444.2486619261248,1,0,0,19.220250945497316
1649721600,413.8,,444.2486619261248,1,0,0,19.583090163676076
1649808000,423.3,,444.2486619261248,1,0,0,19.21286943769922
1649894400,414.8,,444.2486619261248,1,0,0,18.96195019214928
1649980800,417.4,,444.2486619261248,1,0,0,18.150382321281477
1650067200,417.2,,444.2486619261248,1,0,0,17.39678358404709
1650153600,406.8,,444.2486619261248,1,0,0,17.025584756615153
1650240000,416.9,,440.92046880341354,1,0,0,17.409471559714074
1650326400,422.5,,440.92046880341354,1,0,0,16.88736644830593
1650412800,418.4,,440.92046880341354,1,0,0,16.852554559141222
1650499200,404.9,,440.92046880341354,1,0,0,17.41308637634542
1650585600,406.6,,440.92046880341354,1,0,0,16.912151635177885
1650672000,401,,434.7804906237277,1,0,0,16.461283661236603
1650758400,399,,430.9624415613549,1,0,0,16.03547768543399
1650844800,404.4,,426.3411974052194,1,0,0,16.51151499361728
1650931200,386.1,,426.3411974052194,1,0,0,17.20354963693033
1651017600,391.6,,422.52986989822773,1,0,0,16.803296091435307
1651104000,407.1,,422.52986989822773,1,0,0,17.00306065633278
1651190400,392.8,,422.52986989822773,1,0,0,17.252842038023296
1651276800,377.3,,422.52986989822773,1,0,0,17.64192474959306
1651363200,390,,418.7955776402272,1,0,0,17.438930124622125
1651449600,389.4,,418.7955776402272,1,0,0,16.94329225857769
1651536000,383.6,,418.46541788858406,1,0,0,16.61162852582214
1651622400,402.4,,418.46541788858406,1,0,0,16.87508363112056
1651708800,378.2,,418.46541788858406,1,1,0,18.698291943183374
1651795200,379.1,,414.24723964077776,1,0,0,18.326985375813134
1651881600,365.3,,408.09751567669997,1,0,0,18.460772134683623
1651968000,355.6,,395.41776410903,1,0,0,18.335002696491934
1652054400,296.2,,373.59098769812704,1,0,0,21.561073932456793
1652140800,318.9,,361.3468889283143,1,0,0,23.08528293728131
1652227200,270.5,,348.89720003548285,1,0,0,25.979191298904077
1652313600,268,,313.0174800319346,1,0,0,29.573534777553785
1652400000,290.2,,313.0174800319346,1,0,0,30.903996579157084
1652486400,296.6,,313.0174800319346,1,0,0,30.63942539493158
1652572800,312,,313.0174800319346,1,0,0,30.415180723865035
1652659200,296.8,,313.0174800319346,1,0,0,29.806953529303247
1652745600,305.9,,313.0174800319346,1,0,0,28.713599705781586
1652832000,287.2,,313.0174800319346,1,0,0,28.21262829822576
1652918400,306.5,,313.0174800319346,1,0,0,27.790297705495345
1653004800,302,,313.0174800319346,1,0,0,27.33384786938853
1653091200,312.1,,313.0174800319346,1,0,0,26.431430164432207
1653177600,319.1,266.38155748263716,,1,0,0,25.40775658125848
1653264000,316.8,275.8084017343735,,1,0,0,25.11434539688287
1653350400,328.1,275.8084017343735,,1,0,0,24.613320725676953
1653436800,325.2,283.8983054048425,,1,0,0,23.8052263881286
1653523200,302.7,283.8983054048425,,1,0,0,24.619138788976556
1653609600,301.2,283.8983054048425,,1,0,0,24.167771732621084
1653696000,307.5,283.8983054048425,,1,0,0,23.412930894576725
1653782400,305.7,283.8983054048425,,1,0,0,22.3977215449641
1653868800,321.6,283.8983054048425,,1,0,0,22.226455720323806
1653955200,320.7,283.8983054048425,,1,0,0,21.41028031172925
1654041600,300.3,283.8983054048425,,1,0,0,21.7738317180343
1654128000,308.2,283.8983054048425,,1,0,0,21.032843738174712
1654214400,298.2,283.8983054048425,,1,0,0,20.737640614019373
1654300800,301.2,283.8983054048425,,1,0,0,19.82066628444656
1654387200,298.9,283.8983054048425,,1,0,0,18.91919012127181
1654473600,294.9,283.8983054048425,,1,0,0,19.2892479697524
1654560000,290,283.8983054048425,,1,0,0,19.51858740048437
1654646400,288.3,283.8983054048425,,1,0,0,18.888688300449775
1654732800,289.6,283.8983054048425,,1,0,0,18.039496278989077
1654819200,286,283.8983054048425,,1,0,0,17.85096083048986
1654905600,269.6,,312.4043719265426,1,0,0,18.35446362831201
1654992000,254.6,,296.60893473388836,1,0,0,18.514859083432583
1655078400,222.6,,275.98804126049953,1,0,0,20.285226291758825
1655164800,222.8,,259.23423713444953,1,0,0,20.707710128061766
1655251200,233.4,,259.23423713444953,1,0,0,21.785730833200212
1655337600,210,,259.23423713444953,1,1,0,22.30817863082877
1655424000,215.5,,258.9689588710137,1,0,0,21.74330872862672
1655510400,196.7,,248.16206298391234,1,0,0,22.73307239086767
1655596800,214.8,,248.16206298391234,1,0,0,23.073567220091405
1655683200,216.3,,248.16206298391234,1,0,0,22.461169561513447
1655769600,219.9,,248.16206298391234,1,0,0,21.9282288785482
1655856000,214.1,,248.16206298391234,1,0,0,21.054783958651903
1655942400,228.8,,248.16206298391234,1,0,0,20.858013675891048
1656028800,240,,248.16206298391234,1,0,0,20.4252984133274
1656115200,239.5,,248.16206298391234,1,0,0,19.837777098089727
1656201600,233.9,,248.16206298391234,1,0,0,19.249364448226174
1656288000,233.5,,248.16206298391234,1,0,0,18.660124130495735
1656374400,226.7,,248.16206298391234,1,0,0,18.512972406888895
1656460800,219.4,,248.16206298391234,1,0,0,18.197760092111118
1656547200,219.6,,247.17554690392288,1,0,0,17.95506294267461
1656633600,216.5,,247.17554690392288,1,0,0,17.629701303912135
1656720000,217.9,,247.17554690392288,1,0,0,16.79186549648984
1656806400,218.9,,246.05387369295977,1,0,0,16.04958938959771
1656892800,231.1,,246.05387369295977,1,0,0,16.131761576055016
1656979200,230.6,,246.05387369295977,1,0,0,15.936635749193941
1657065600,238.4,,246.05387369295977,1,0,0,15.576876052822945
1657152000,241.4,,246.05387369295977,1,0,0,15.08567062047845
1657238400,240.5,,246.05387369295977,1,0,0,14.808122719015703
1657324800,243.2,,246.05387369295977,1,0,0,14.136113953371725
1657411200,234.5,,246.05387369295977,1,0,0,13.94782009955946
1657497600,225.5,,246.05387369295977,1,0,0,13.665832949590927
1657584000,220.4,,246.05387369295977,1,0,0,13.261130596048718
1657670400,230.3,,246.05387369295977,1,0,0,13.40676412490238
1657756800,238.4,,246.05387369295977,1,0,0,13.406280973123641
1657843200,238.5,,246.05387369295977,1,0,0,12.970118046471953
1657929600,249.7,217.69243699738416,,1,0,0,13.293681043152528
1658016000,247.7,226.87819329764574,,1,0,0,13.02270382578449
1658102400,264.1,231.1553739678812,,1,0,0,13.3782249810856
1658188800,268.6,239.22983657109302,,1,0,0,13.85835176815091
1658275200,258.2,239.22983657109302,,1,0,0,13.961326641854416
1658361600,265.7,239.22983657109302,,1,0,0,14.07123188172196
1658448000,262.5,239.29660086032683,,1,0,0,13.801858175884675
1658534400,259.3,239.29660086032683,,1,0,0,14.208868306178625
1658620800,261.5,239.29660086032683,,1,0,0,13.851091998594438
1658707200,244.6,239.29660086032683,,1,0,0,14.16172828440912
1658793600,249.6,239.29660086032683,,1,0,0,13.85731912123704
1658880000,271.6,239.29660086032683,,1,0,0,14.596082041148678
1658966400,277.3,242.73236360781294,,1,1,0,14.810647609638059
1659052800,293.8,256.05912724703165,,1,0,0,15.688458494663914
1659139200,287.8,260.54821452232846,,1,0,0,15.639282887902207
1659225600,283.7,260.54821452232846,,1,0,0,15.550762681623477
1659312000,283.4,260.54821452232846,,1,0,0,15.3685653472218
1659398400,283.9,260.54821452232846,,1,0,0,15.477953536705959
1659484800,297.8,260.54821452232846,,1,0,0,16.33667114122696
1659571200,311.8,271.6819241932897,,1,0,0,16.29833748828218
1659657600,316,282.04373177396076,,1,0,0,16.06274195340488
1659744000,315.2,286.2293585965647,,1,0,0,15.629688956733105
1659830400,322.9,286.2293585965647,,1,0,0,15.756139745537881
1659916800,325,296.4557804632174,,1,0,0,15.502129763713745
1660003200,324.6,296.4557804632174,,1,0,0,15.523406209162763
1660089600,328.9,296.4557804632174,,1,0,0,16.057448622793995
1660176000,323.8,296.5462639576855,,1,0,0,15.80334514973728
1660262400,328.1,296.5462639576855,,1,0,0,15.424534781898902
1660348800,324.3,298.1979738057252,,1,0,0,15.044210868906125
1660435200,317.7,298.1979738057252,,1,0,0,15.091052949698545
1660521600,319.5,298.1979738057252,,1,0,0,14.977406310434363
1660608000,316.2,298.1979738057252,,1,0,0,14.650448716831907
1660694400,306.9,298.1979738057252,,1,0,0,15.096845237058202
1660780800,298,,332.9735279474573,1,0,0,15.082784862982615
1660867200,279.2,,317.41117515271156,1,0,0,15.841157372769574
1660953600,283.7,,314.7650576374404,1,0,0,15.538217560428892
1661040000,301.5,,314.7650576374404,1,0,0,15.928344877541113
1661126400,300,,314.7650576374404,1,0,0,15.926320243431036
1661212800,299.2,,314.7650576374404,1,0,0,15.338725940328818
1661299200,296.3,,314.7650576374404,1,0,0,14.728816944591046
1661385600,301.3,,314.7650576374404,1,0,0,14.476758591405973
1661472000,279.5,,314.7650576374404,1,0,0,15.199847263448405
1661558400,277.8,,308.5780245463091,1,0,0,14.907001030344949
1661644800,276.3,,307.98522209167817,1,0,0,14.435072385320307
1661731200,285.9,,307.7816998825104,1,0,0,14.411138643511716
1661817600,281.6,,307.7816998825104,1,0,0,14.481771597546595
1661904000,279.3,,307.7816998825104,1,0,0,14.311645054864695
1661990400,278.3,,302.70370921435006,1,0,0,13.967956122374359
1662076800,277.4,,302.70370921435006,1,0,0,13.963102113633331
1662163200,277.8,,301.9065044636235,1,0,0,13.272880534088094
1662249600,279,,301.80085401726114,1,0,0,12.710531924510375
1662336000,276.7,,300.510768615535,1,0,0,12.374065358473919
1662422400,262.4,,299.5196917539816,1,0,0,13.247346404297213
1662508800,278.9,,296.98772257858343,1,0,0,13.815393089704555
1662595200,280.5,,296.98772257858343,1,0,0,13.342865011868515
1662681600,293.5,,296.98772257858343,1,0,0,13.518374653877903
1662768000,296.7,,296.98772257858343,1,0,0,13.145633607172334
1662854400,295.4,,296.98772257858343,1,0,0,12.770945492374311
1662940800,294.1,,296.98772257858343,1,0,0,12.501592242919003
1663027200,277.5,,296.98772257858343,1,0,0,13.265764225567645
1663113600,279.5,,296.98772257858343,1,0,0,12.989638209455673
1663200000,271,,296.98772257858343,1,0,0,13.218949765923124
1663286400,274.8,,296.98772257858343,1,0,0,12.853310496928616
1663372800,279.1,,296.98772257858343,1,0,0,12.313788318576572
1663459200,266.3,,296.4992833175168,1,0,0,12.612803438678245
1663545600,272,,290.29435498576515,1,0,0,12.8761746216298
1663632000,266.3,,290.29435498576515,1,0,0,12.542162148656242
1663718400,264.2,,290.29435498576515,1,0,0,12.960579138037938
1663804800,275.3,,290.29435498576515,1,1,0,12.956252056749511
1663891200,276.6,,290.29435498576515,1,0,0,12.645091195553116
1663977600,274.5,,290.29435498576515,1,0,0,12.541870395870754
1664064000,274.3,,290.29435498576515,1,0,0,12.260308224737127
1664150400,276.1,,290.29435498576515,1,0,0,11.798857637255905
1664236800,272.3,,290.29435498576515,1,0,0,12.391796377451909
1664323200,281.5,,290.29435498576515,1,0,0,12.828096636205345
1664409600,284.2,,290.29435498576515,1,0,0,12.511804019333537
1664496000,284.8,,290.29435498576515,1,0,0,12.325246589381143
1664582400,282.9,,290.29435498576515,1,0,0,11.973443261568203
1664668800,284.7,,290.29435498576515,1,0,0,11.711054457170475
1664755200,287.1,,290.29435498576515,1,0,0,11.260264853086872
1664841600,296.3,270.6297731475765,,1,0,0,11.377388792152093
1664928000,294.2,270.88179583281885,,1,0,0,11.186146735569801
1665014400,286.9,270.88179583281885,,1,0,0,11.758564825886243
1665100800,282.3,270.88179583281885,,1,0,0,11.475810195465797
1665187200,276.4,270.88179583281885,,1,0,0,11.177538038646812
1665273600,278.3,270.88179583281885,,1,0,0,10.686285321600607
1665360000,271.5,270.88179583281885,,1,0,0,10.501550655771991
1665446400,271.3,270.88179583281885,,1,0,0,10.208582751788276
1665532800,270.9,270.88179583281885,,1,0,0,9.729398269517684
1665619200,271.7,270.88179583281885,,1,0,0,10.370155535980706
1665705600,269.5,,292.2090866668011,1,0,0,10.300858711982086
1665792000,268.2,,288.08817800012105,1,0,0,9.83651166112622
1665878400,272.5,,288.08817800012105,1,0,0,9.562475113902918
1665964800,275.6,,288.08817800012105,1,0,0,9.329441177195568
1666051200,273.2,,288.08817800012105,1,0,0,9.084481093110169
1666137600,271.9,,287.93310358587945,1,0,0,8.678446729316587
1666224000,269,,286.0497932272915,1,0,0,8.487129105793974
1666310400,270.1,,282.7648139045623,1,0,0,8.43804845538012
1666396800,270.4,,282.7648139045623,1,0,0,8.0281878514244
1666483200,276,,282.7648139045623,1,0,0,8.047603004894087
1666569600,274.1,,282.7648139045623,1,0,0,7.865631361687368
1666656000,284.3,264.62527559721667,,1,0,0,8.589514835852556
1666742400,290.4,271.84274803749497,,1,0,0,8.540263776148802
1666828800,286.8,272.4434732337455,,1,0,0,8.551673506423887
1666915200,298,275.50412591037093,,1,0,0,9.02655397025075
1667001600,304.6,279.30371331933384,,1,0,0,9.717514400947124
1667088000,313.6,289.4883419874004,,1,0,0,10.20197765802233
1667174400,325.7,297.05450778866043,,1,0,0,11.687550682449304
1667260800,323.8,299.80905700979434,,1,0,0,12.074154205131498
1667347200,320.2,299.80905700979434,,1,0,0,12.21885747619353
1667433600,329.6,300.5478361779334,,1,1,0,12.788939085036848
1667520000,354.7,312.6330525601401,,1,0,0,14.068300578962791
1667606400,349.2,322.70474730412604,,1,0,0,14.113421966179734
1667692800,338.1,322.70474730412604,,1,0,0,14.376748968595468
1667779200,336.6,322.70474730412604,,1,0,0,14.61412404226722
1667865600,327.3,322.70474730412604,,1,0,0,20.698829467819557
1667952000,266.5,,355.09982029376283,1,0,0,24.37034164868959
1668038400,303.2,,349.4348382643866,1,0,0,26.129602959497475
1668124800,289.1,,349.4348382643866,1,0,0,26.206059890961942
1668211200,282.3,,341.5652189941531,1,0,0,25.91991275589323
1668297600,276.1,,335.7386970947378,1,0,0,25.011347559043713
1668384000,278.5,,334.9548273852641,1,0,0,24.974822733397733
1668470400,276.6,,328.44434464673765,1,0,0,24.04804968101218
1668556800,271.5,,322.5399101820638,1,0,0,23.416046132368454
1668643200,267.7,,315.2759191638575,1,0,0,22.44347140862785
1668729600,273.7,,314.82832724747175,1,0,0,21.347509165154435
1668816000,272.2,,311.3604945227246,1,0,0,20.401258510500547
1668902400,263.9,,306.9294450704521,1,0,0,19.794025759750504
1668988800,253.7,,295.5015005634069,1,0,0,19.43730963405404
1669075200,266.2,,295.5015005634069,1,0,0,19.127501803050173
1669161600,298.6,241.76678454364043,,1,0,0,20.35410881711802
1669248000,300,259.9351060892764,,1,0,0,19.59310104446673
1669334400,300.6,262.6965954803487,,1,0,0,19.00787954129053
1669420800,311.2,271.63693593231386,,1,0,0,18.914459574055495
1669507200,307.5,276.0482423390825,,1,0,0,18.313426747337246
1669593600,293.4,276.0482423390825,,1,0,0,18.555324836813156
1669680000,295.3,276.0482423390825,,1,0,0,18.394230205612217
1669766400,300.6,276.0482423390825,,1,0,0,17.980356619497062
1669852800,292.3,276.0482423390825,,1,0,0,17.53890257524727
1669939200,293.5,276.0482423390825,,1,0,0,16.893266677015323
1670025600,290.6,276.0482423390825,,1,0,0,16.072319057228512
1670112000,291.9,276.0482423390825,,1,0,0,15.26715341028362
1670198400,288.6,276.0482423390825,,1,0,0,15.00521388097765
1670284800,290.2,276.0482423390825,,1,0,0,14.226270032336389
1670371200,284.2,276.0482423390825,,1,0,0,13.881536458598077
1670457600,290.5,276.0482423390825,,1,0,0,13.575712425841074
1670544000,286,276.0482423390825,,1,0,0,13.113161538281
1670630400,288.2,276.0482423390825,,1,0,0,12.447935714118072
1670716800,284.5,276.0482423390825,,1,0,0,12.158797448823922
1670803200,276.1,276.0482423390825,,1,0,0,12.26174048819364
1670889600,272,,293.0651958739981,1,0,0,13.400187596179807
1670976000,267.7,,293.0651958739981,1,0,0,13.357317053595535
1671062400,258.8,,287.3888086579385,1,1,0,13.231794406910142
1671148800,231.2,,275.27992779214463,1,0,0,15.072380520702271
1671235200,242.3,,264.7319350129302,1,0,0,15.760067626366396
1671321600,251.2,,264.7319350129302,1,0,0,15.648634224483084
1671408000,240.5,,264.7319350129302,1,0,0,15.688017494162866
1671494400,251.5,,264.7319350129302,1,0,0,15.524587673151233
1671580800,246.1,,264.7319350129302,1,0,0,14.858545696497572
1671667200,245.8,,264.7319350129302,1,0,0,14.361506718176315
1671753600,246.1,,264.7319350129302,1,0,0,13.664256238306578
1671840000,244.7,,264.7319350129302,1,0,0,12.881095078427535
1671926400,243.1,,264.7319350129302,1,0,0,12.261016858539852
1672012800,244.2,,264.22607936097563,1,0,0,11.57808708292986
1672099200,246.5,,264.22607936097563,1,0,0,11.179652291292014
1672185600,244.4,,263.36962428239025,1,0,0,10.766819984771157
1672272000,246.2,,262.87266185415126,1,0,0,10.233475700144643
1672358400,245.6,,261.3403956687361,1,0,0,9.788227435848597
1672444800,246.1,,261.3403956687361,1,0,0,9.303354047573697
1672531200,244.3,,259.6507204916763,1,0,0,8.86025732988986
1672617600,245.3,,259.0206484425086,1,0,0,8.727381806326298
1672704000,246,,259.0206484425086,1,0,0,8.289711677302991
1672790400,258.9,,259.0206484425086,1,0,0,8.804732271781349
1672876800,256.5,,259.0206484425086,1,0,0,8.461537109511253
1672963200,259.9,242.93170255687008,,1,0,0,8.285713030260448
1673049600,261.3,247.7385323011831,,1,0,0,7.993876385241843
1673136000,274.8,252.6546790710648,,1,0,0,8.572885214867423
1673222400,272.6,260.8942111639583,,1,0,0,8.846250556662605
1673308800,277.3,260.8942111639583,,1,0,0,8.792946945472421
1673395200,284.8,263.0313110428062,,1,0,0,9.007736449367249
1673481600,287.8,266.4281799385256,,1,0,0,9.142898131555304
1673568000,293.8,272.32036194467304,,1,0,0,9.26840540787278
1673654400,305.3,283.3833257502057,,1,0,0,10.106376450167582
1673740800,302.3,283.3833257502057,,1,0,0,10.377349560869897
1673827200,299.1,283.3833257502057,,1,0,0,10.728967449379192
1673913600,299.4,283.3833257502057,,1,0,0,10.64832691728068
1674000000,286.8,283.3833257502057,,1,0,0,11.587732137474918
1674086400,294.7,283.3833257502057,,1,0,0,11.410036984798136
1674172800,305.2,283.3833257502057,,1,0,0,11.952177200169698
1674259200,299.2,283.3833257502057,,1,0,0,11.91273597158615
1674345600,303.1,283.3833257502057,,1,0,0,12.011826259329997
1674432000,305.2,283.3833257502057,,1,0,0,11.603838669377854
1674518400,300.4,284.4854383965219,,1,0,0,12.560707335850864
1674604800,306.9,284.4854383965219,,1,0,0,13.127799669004373
1674691200,304.8,284.4854383965219,,1,0,0,12.711528264075492
1674777600,308.1,284.4854383965219,,1,0,0,12.603561959498672
1674864000,306.3,284.4854383965219,,1,0,0,12.396164676677339
1674950400,317.2,286.70866651876224,,1,0,0,12.625010056914673
1675036800,307.1,286.70866651876224,,1,0,0,13.130366481420767
1675123200,312.1,286.70866651876224,,1,0,0,12.821054589890712
1675209600,317,286.70866651876224,,1,0,0,12.869550690612803
1675296000,323.6,297.9236161029599,,1,1,0,13.228868498426177
1675382400,332.3,298.92625449266393,,1,0,0,13.476806462824305
1675468800,330.5,304.01862904339754,,1,0,0,12.999891715479711
1675555200,327.8,304.3267661390577,,1,0,0,13.035613735802588
1675641600,324.3,304.3267661390577,,1,0,0,12.833069897530978
1675728000,333.1,304.3267661390577,,1,0,0,12.652136333421623
1675814400,328.2,304.7552625153731,,1,0,0,12.598412309605791
1675900800,306.2,304.7552625153731,,1,0,0,13.684240001776809
1675987200,305.9,304.7552625153731,,1,0,0,13.185365715935607
1676073600,310.5,304.7552625153731,,1,0,0,12.686411021940206
1676160000,312.7,304.7552625153731,,1,0,0,12.837381663230191
1676246400,294.5,,329.1094655372973,1,0,0,14.234711544428038
1676332800,296.3,,324.9185189835676,1,0,0,14.032232148397465
1676419200,317.4,,324.9185189835676,1,0,0,14.715644137797648
1676505600,304.3,,324.9185189835676,1,0,0,15.364526699383532
1676592000,313.2,,324.9185189835676,1,0,0,15.295631935141854
1676678400,316.6,,324.9185189835676,1,0,0,14.631658225488865
1676764800,311.5,,324.9185189835676,1,0,0,14.207968352239659
1676851200,315.5,,324.9185189835676,1,0,0,14.007399184222544
1676937600,311.6,,324.9185189835676,1,0,0,13.564013528206646
1677024000,312.5,,324.9185189835676,1,0,0,13.266583990477598
1677110400,308.4,,324.9185189835676,1,0,0,13.018970848300627
1677196800,302.3,,324.9185189835676,1,0,0,13.046187216279156
1677283200,302.4,,323.92456488959436,1,0,0,12.65003098654493
1677369600,308.7,,323.92456488959436,1,0,0,12.40360020179172
1677456000,304.8,,323.92456488959436,1,0,0,12.189057330235167
1677542400,301.4,,323.92456488959436,1,0,0,11.725553235218369
1677628800,302.8,,323.92456488959436,1,0,0,11.338013718417058
1677715200,299.9,,320.8861788216566,1,0,0,11.113869881387268
1677801600,290.9,,314.32756093949087,1,0,0,11.362879175573894
1677888000,289.6,,310.47480484554177,1,0,0,11.072673520175758
1677974400,288.8,,310.0723243609877,1,0,0,10.653196840163204
1678060800,288,,305.7250919248889,1,0,0,10.33511135158012
1678147200,289.3,,305.56258273239996,1,0,0,10.061174826467253
1678233600,287,,305.56258273239996,1,0,0,9.971090910291016
1678320000,276.9,,301.93919201324394,1,0,0,10.67315584527023
1678406400,278.4,,293.2252728119195,1,0,0,10.925073284893784
1678492800,279.5,,293.2252728119195,1,0,0,10.794710907401369
1678579200,291.4,,293.2252728119195,1,0,0,11.07366012830127
1678665600,309.3,276.55367612011065,,1,0,0,12.239827261994035
1678752000,309.5,286.4283085080996,,1,0,0,12.59412531470875
1678838400,307.5,286.4283085080996,,1,0,0,12.70883064937241
1678924800,330.1,289.20592989156063,,1,0,0,13.91534274584581
1679011200,339.7,304.3953369024046,,1,0,0,13.928532549713964
1679097600,331.9,307.8208032121641,,1,0,0,14.226494510448683
1679184000,337.5,307.8208032121641,,1,0,0,14.038887759702346
1679270400,333.5,308.40735060185295,,1,0,0,13.607538634009321
1679356800,335.4,308.40735060185295,,1,0,0,13.507000160151511
1679443200,321.8,308.40735060185295,,1,0,0,14.22078586299783
1679529600,329.9,308.40735060185295,,1,1,0,14.140729729926559
1679616000,322.4,308.40735060185295,,1,0,0,14.109249034931803
1679702400,322.7,308.40735060185295,,1,0,0,13.551445532436672
1679788800,328.9,308.40735060185295,,1,0,0,13.140627994405481
1679875200,310.7,308.40735060185295,,1,0,0,13.952011709090803
1679961600,313.4,308.40735060185295,,1,0,0,13.598296587012888
1680048000,313.7,308.40735060185295,,1,0,0,13.16984683079768
1680134400,316.2,308.40735060185295,,1,0,0,13.000572057169276
1680220800,316.9,308.40735060185295,,1,0,0,12.64338833880004
1680307200,315,308.40735060185295,,1,0,0,12.168860600314323
1680393600,314,308.40735060185295,,1,0,0,11.713941986006159
1680480000,308.8,308.40735060185295,,1,0,0,11.977231844148578
1680566400,310.8,308.40735060185295,,1,0,0,11.450286712423678
1680652800,314,308.40735060185295,,1,0,0,11.196694804393417
1680739200,312.4,308.40735060185295,,1,0,0,10.739788032651031
1680825600,310.6,308.40735060185295,,1,0,0,10.215517458890242
1680912000,310.8,308.40735060185295,,1,0,0,9.678694783255224
1680998400,312.9,308.40735060185295,,1,0,0,9.308788013022708
1681084800,318.7,308.40735060185295,,1,0,0,9.1581602978068
1681171200,322.7,308.40735060185295,,1,0,0,9.7540059908206
1681257600,320.1,308.40735060185295,,1,0,0,9.557291277190558
1681344000,324.9,308.40735060185295,,1,0,0,9.460341900248375
1681430400,329.2,311.4469622151038,,1,0,0,9.67031747880206
1681516800,333.4,313.41226599359334,,1,0,0,9.629580516030485
1681603200,347.9,320.436039394234,,1,0,0,10.498896193456877
1681689600,340.1,322.7524354548106,,1,0,0,10.68468932249567
1681776000,343.2,322.7524354548106,,1,0,0,10.592925799460263
1681862400,322.6,,356.0040272816034,1,0,0,11.507716813784528
1681948800,318.1,,344.723624553443,1,0,0,11.521451327085632
1682035200,321.3,,344.723624553443,1,0,0,11.955633375150947
1682121600,332.3,,344.723624553443,1,0,0,12.05880241978302
1682208000,330.7,,344.723624553443,1,0,0,11.561745104084233
1682294400,331.3,,344.723624553443,1,0,0,11.228763310935358
1682380800,338.4,,344.723624553443,1,0,0,11.255280217297122
1682467200,330.7,,344.723624553443,1,0,0,12.087045916061616
1682553600,330.9,,344.723624553443,1,0,0,11.87368549348579
1682640000,324.3,,344.723624553443,1,0,0,11.982707958236803
1682726400,322.1,,344.723624553443,1,0,0,11.376800246934176
1682812800,337.7,,344.723624553443,1,0,0,11.89274308643888
1682899200,328.6,,344.723624553443,1,0,0,12.064690008836104
1682985600,321.9,,344.723624553443,1,0,0,11.731497865347809
1683072000,326.1,,344.723624553443,1,0,0,11.443533732108678
1683158400,324.2,,344.723624553443,1,1,0,10.990424179815204
1683244800,327.1,,344.723624553443,1,0,0,10.676822452685547
1683331200,323.2,,344.723624553443,1,0,0,10.585620848922291
1683417600,322.8,,343.6712481907442,1,0,0,10.143790788284983
1683504000,315.3,,338.27412337166976,1,0,0,10.290662874836055
1683590400,312.9,,333.9267110345028,1,0,0,9.998472669490623
1683676800,314.8,,331.24403993105255,1,0,0,10.062867478812723
1683763200,307.7,,327.8046359379473,1,0,0,10.451234087468958
1683849600,308.7,,325.2791723441526,1,0,0,10.304717366935463
1683936000,310.9,,325.2791723441526,1,0,0,9.925808983582929
1684022400,312.3,,325.2791723441526,1,0,0,9.588251199041292
1684108800,313.5,,325.2791723441526,1,0,0,9.339090399109768
1684195200,311.5,,325.2791723441526,1,0,0,9.014869656316213
1684281600,314.3,,325.2791723441526,1,0,0,8.892378966579342
1684368000,309.3,,325.2791723441526,1,0,0,8.907209040395104
1684454400,309.1,,325.2791723441526,1,0,0,8.578122680366883
1684540800,310.8,,325.2791723441526,1,0,0,8.265399631769247
1684627200,306.5,,323.86823522318684,1,0,0,8.110728229500017
1684713600,309.3,,322.64641170086816,1,0,0,8.002819070250014
1684800000,313.5,,322.64641170086816,1,0,0,7.895474850946442
1684886400,306,,322.64641170086816,1,0,0,8.045798075878839
1684972800,304.7,,319.1331341299329,1,0,0,7.821098213316063
1685059200,307,,319.1331341299329,1,0,0,7.7695911980791985
1685145600,307.7,,319.1331341299329,1,0,0,7.528906112502115
1685232000,314.3,,319.1331341299329,1,0,0,7.562555675894822
1685318400,311.8,,319.1331341299329,1,0,0,7.493801699045193
1685404800,311.6,,319.1331341299329,1,0,0,7.201387291970534
1685491200,306.8,,319.1331341299329,1,0,0,7.201288199686924
1685577600,305,,318.5281852666311,1,0,0,7.015481899709288
1685664000,307.4,,318.52536673996804,1,0,0,6.942947478301482
1685750400,306.7,,318.52536673996804,1,0,0,6.682736944137091
1685836800,305.1,,317.8935470593741,1,0,0,6.412541448127298
1685923200,277,,305.8091923534367,1,0,0,8.30450277326106
1686009600,281.3,,297.543273118093,1,0,0,8.618466860885269
1686096000,259.4,,289.7439458062837,1,0,0,10.017147799393465
1686182400,262.1,,284.0095512256553,1,0,0,10.03020867086536
1686268800,260.6,,281.40859610308985,1,0,0,9.942336622946405
1686355200,239,,270.5477364927808,1,0,0,11.432169721307375
1686441600,235.4,,260.5529628435027,1,0,0,11.037014741213993
1686528000,231.3,,255.20266655915245,1,0,0,11.584370831127279
1686614400,244.2,,255.20266655915245,1,0,0,11.985487200332472
1686700800,237.9,,255.20266655915245,1,0,0,12.522238114594439
1686787200,236.3,,255.20266655915245,1,0,0,12.384935392123408
1686873600,239.3,,255.20266655915245,1,0,0,12.307440006971737
1686960000,244.6,,255.20266655915245,1,0,0,12.299765720759469
1687046400,244.1,,255.20266655915245,1,0,0,11.871211026419505
1687132800,243,,255.20266655915245,1,0,0,11.4661245245324
1687219200,247.8,,255.20266655915245,1,0,0,11.361401344208657
1687305600,248.9,,255.20266655915245,1,0,0,11.214158391050896
1687392000,241,,255.20266655915245,1,0,0,11.663147077404403
1687478400,244.6,,255.20266655915245,1,0,0,11.57292228616123
1687564800,236.5,,255.20266655915245,1,0,0,12.024856408578286
1687651200,239,,255.20266655915245,1,0,0,11.658795236536978
1687737600,236.1,,255.20266655915245,1,0,0,11.361738433927195
1687824000,237.5,,255.20266655915245,1,0,0,11.014471402932397
1687910400,230.6,,253.49111825319278,1,0,0,11.163437731294367
1687996800,233.1,,253.49111825319278,1,0,0,10.801763607630482
1688083200,240.4,,253.49111825319278,1,0,0,10.830209064228304
1688169600,247.9,,253.49111825319278,1,0,0,10.68519413106914
1688256000,246.5,,253.49111825319278,1,0,0,10.300537407421345
1688342400,246.5,,253.49111825319278,1,0,0,10.26478473546268
1688428800,242.5,,253.49111825319278,1,0,0,9.967300111501059
1688515200,238.9,,253.49111825319278,1,0,0,9.791064389250982
1688601600,232.4,,253.49111825319278,1,0,0,10.041702647161628
1688688000,235.7,,252.4275535706588,1,0,0,9.67443817236437
1688774400,236.3,,252.4275535706588,1,0,0,9.204835445766914
1688860800,234.2,,251.5758183922336,1,0,0,8.840204342497849
1688947200,246.2,,251.5758183922336,1,0,0,9.387332603748003
1689033600,248.7,,251.5758183922336,1,0,0,9.04538027490886
1689120000,244,,251.5758183922336,1,0,0,8.970710255272513
1689206400,256.4,232.0321205528555,,1,0,0,9.40137380846733
1689292800,248.2,232.66890849757,,1,0,0,10.015561393576807
1689379200,251.1,232.66890849757,,1,0,0,9.671592722607034
1689465600,242.5,232.66890849757,,1,0,0,9.680764670992245
1689552000,244.3,232.66890849757,,1,0,0,9.32499576592137
1689638400,240.3,232.66890849757,,1,0,0,9.316067496926987
1689724800,241,232.66890849757,,1,0,0,8.950634104289344
1689811200,242.8,232.66890849757,,1,0,0,8.668445953982962
1689897600,243.8,232.66890849757,,1,0,0,8.270699814412753
1689984000,241.1,232.66890849757,,1,0,0,8.022792684811844
1690070400,242.5,232.66890849757,,1,0,0,7.699736064468141
1690156800,239,232.66890849757,,1,0,0,7.685469202720417
1690243200,237.8,232.66890849757,,1,0,0,7.379364259668959
1690329600,239.1,232.66890849757,,1,0,0,7.12369538397832
1690416000,240.7,232.66890849757,,1,1,0,7.036288570837011
1690502400,242,232.66890849757,,1,0,0,6.776553672920082
1690588800,242.6,232.66890849757,,1,0,0,6.413942696282932
1690675200,242.6,232.66890849757,,1,0,0,6.212946789405582
1690761600,241,232.66890849757,,1,0,0,6.062022018733755
1690848000,247.8,232.66890849757,,1,0,0,6.357591874538487
1690934400,240.6,232.66890849757,,1,0,0,6.839192454928595
1691020800,241,232.66890849757,,1,0,0,6.6149644224336965
1691107200,241.6,232.66890849757,,1,0,0,6.356752677974147
1691193600,243.1,232.66890849757,,1,0,0,6.138413200975992
1691280000,242.9,233.19427571376377,,1,0,0,5.885669400906278
1691366400,241.9,233.19427571376377,,1,0,0,5.822407300841545
1691452800,245.1,233.7383633281487,,1,0,0,5.8850924936385764
1691539200,243.8,233.7383633281487,,1,0,0,5.686157315521535
1691625600,241.3,233.7383633281487,,1,0,0,5.544288935841424
1691712000,239.6,233.7383633281487,,1,0,0,5.433982583281322
1691798400,240.2,233.7383633281487,,1,0,0,5.181555255904084
1691884800,240.1,233.7383633281487,,1,0,0,4.954301309053792
1691971200,240.4,233.7383633281487,,1,0,0,4.878994072692807
1692057600,236.7,233.7383633281487,,1,0,0,4.987637353214749
1692144000,231.8,,243.3340222126655,1,0,0,5.095663256556553
1692230400,218.1,,234.94561999139898,1,0,0,6.110258738231083
1692316800,216,,229.48605799225905,1,0,0,6.166668828357436
1692403200,216.9,,228.86245219303316,1,0,0,6.111906769189046
1692489600,216.6,,228.31620697372983,1,0,0,5.868199142818399
1692576000,210.4,,224.43958627635686,1,0,0,6.177613489759941
1692662400,210.9,,221.18562764872115,1,0,0,6.37921252620566
1692748800,216.6,,221.18562764872115,1,0,0,6.480697345762398
1692835200,218.9,,221.18562764872115,1,0,0,6.403504678207942
1692921600,218.4,,221.18562764872115,1,0,0,6.3461114869073745
1693008000,216.5,,221.18562764872115,1,0,0,6.121389237842561
1693094400,218.3,,221.18562764872115,1,0,0,5.9555757208538065
1693180800,218.7,,221.18562764872115,1,0,0,5.8087488836499634
1693267200,227,212.0254157010624,,1,0,0,6.672409677674966
1693353600,223.9,212.0254157010624,,1,0,0,6.588666129269611
1693440000,216.6,212.0254157010624,,1,0,0,6.939475691464638
1693526400,213.6,212.0254157010624,,1,0,0,6.950941713502878
1693612800,214.5,212.0254157010624,,1,0,0,6.633017305395531
1693699200,214.3,212.0254157010624,,1,0,0,6.323516069295849
1693785600,215.2,212.0254157010624,,1,0,0,6.114693492917574
1693872000,214.5,212.0254157010624,,1,0,0,5.870786814852033
1693958400,215.2,212.0254157010624,,1,0,0,5.85144489950546
1694044800,217.1,212.0254157010624,,1,0,0,5.7477702638264985
1694131200,214.6,212.0254157010624,,1,0,0,5.722929530696033
1694217600,214.2,212.0254157010624,,1,0,0,5.392720278503461
1694304000,212.3,212.0254157010624,,1,0,0,5.214668830038926
1694390400,206.1,,218.7617660812104,1,0,0,5.463621056464716
1694476800,210.7,,218.7617660812104,1,0,0,5.723362409574379
1694563200,212.6,,218.7617660812104,1,0,0,5.585979380319067
1694649600,212.3,,218.7617660812104,1,0,0,5.479837996010561
1694736000,214.1,,218.7617660812104,1,0,0,5.374135282009807
1694822400,214.8,,218.7617660812104,1,0,0,5.154554190437679
1694908800,216.5,,218.7617660812104,1,0,0,5.022086033977845
1694995200,216,,218.7617660812104,1,0,0,5.099079888693715
1695081600,217.3,,218.7617660812104,1,0,0,5.063431325215592
1695168000,214.4,,218.7617660812104,1,0,0,5.037471944843048
1695254400,210.8,,218.7617660812104,1,0,0,5.084795377354259
1695340800,211.1,,218.7617660812104,1,0,0,4.900167136114669
1695427200,210.6,,218.7617660812104,1,0,0,4.678726626392191
1695513600,208.4,,218.0424141118275,1,0,0,4.6445318673641784
1695600000,210,,217.42817270064475,1,0,0,4.58420816255245
1695686400,212.5,,217.42817270064475,1,0,0,4.599621865227273
1695772800,212,,217.42817270064475,1,0,0,4.671077446282467
1695859200,215.1,,217.42817270064475,1,0,0,4.737429057262291
1695945600,215.2,,217.42817270064475,1,0,0,4.634755553172126
1696032000,214.7,,217.42817270064475,1,0,0,4.66084444223126
1696118400,218.2,207.35185287179667,,1,0,0,4.849355553500454
1696204800,214.6,207.35185287179667,,1,0,0,5.138687299678994
1696291200,213.4,207.35185287179667,,1,0,0,5.0073524925590664
1696377600,213.4,207.35185287179667,,1,0,0,4.8639701716619905
1696464000,210.6,207.35185287179667,,1,0,0,4.802258016543277
1696550400,213.4,207.35185287179667,,1,0,0,4.830668158218758
1696636800,212.3,207.35185287179667,,1,0,0,4.649906146917418
1696723200,211.4,207.35185287179667,,1,0,0,4.596341422137603
1696809600,205.9,,217.3357411574472,1,0,0,4.960888463413488
1696896000,208.6,,217.3357411574472,1,0,0,5.13511071602681
1696982400,206.6,,216.90045033753225,1,0,0,5.082602807739181
1697068800,205.2,,215.100405303779,1,0,0,4.998131178614954
1697155200,206.1,,215.100405303779,1,0,0,4.905407522999599
1697241600,206.6,,215.100405303779,1,0,0,4.676449842785341
1697328000,209.9,,215.100405303779,1,0,0,4.763846282586388
1697414400,214.8,,215.100405303779,1,0,0,5.25214297668736
1697500800,211.5,,215.100405303779,1,0,0,5.2912756212096905
1697587200,210.4,,215.100405303779,1,0,0,5.241898791123283
1697673600,211.3,,215.100405303779,1,0,0,5.117477448900191
1697760000,212.2,,215.100405303779,1,0,0,5.194800488264464
1697846400,214.3,,215.100405303779,1,0,0,5.130886167674147
1697932800,217.9,205.73797648104556,,1,0,0,5.085822869983136
1698019200,228.7,212.439178832941,,1,0,0,5.801121236412911
1698105600,225.2,215.4102609496469,,1,0,0,6.529612576669131
1698192000,222.1,215.4102609496469,,1,0,0,6.606068821192766
1698278400,223.3,215.4102609496469,,1,0,0,6.755635333964711
1698364800,224.4,215.4102609496469,,1,0,0,7.10166138153866
1698451200,225.7,215.4102609496469,,1,0,0,6.922971282857326
1698537600,227.1,215.4102609496469,,1,0,0,6.7427590483675175
1698624000,228.2,215.4102609496469,,1,0,0,6.603990544912696
1698710400,226.4,215.4102609496469,,1,0,0,6.510848363133219
1698796800,228.1,215.4102609496469,,1,0,0,6.567216337195132
1698883200,231.8,217.3200556731298,,1,0,0,6.533843741681196
1698969600,230.4,217.3200556731298,,1,0,0,6.545712045846824
1699056000,237.3,220.27574509523512,,1,0,0,6.735304042572053
1699142400,244.2,226.75817058571164,,1,0,0,6.918496610959764
1699228800,255.2,233.01735352714047,,1,0,0,7.417175424462636
1699315200,246.3,233.01735352714047,,1,0,0,7.83737717985816
1699401600,246.7,233.01735352714047,,1,0,0,7.584707381296864
1699488000,251.6,233.01735352714047,,1,0,0,8.078656854061373
1699574400,251.2,235.83207064915683,,1,0,0,8.215895650199844
1699660800,251.6,235.83207064915683,,1,0,0,8.257617389471282
1699747200,247.5,235.83207064915683,,1,0,0,8.182073290223332
1699833600,241.2,235.83207064915683,,1,0,0,8.269068055207379
1699920000,242.2,235.83207064915683,,1,0,0,8.764134622692568
1700006400,254,235.83207064915683,,1,0,0,9.038125006785958
1700092800,242.6,235.83207064915683,,1,0,0,9.506830363444106
1700179200,244.9,235.83207064915683,,1,0,0,9.356342480340956
1700265600,244.9,235.83207064915683,,1,0,0,9.159460874602315
1700352000,246.6,235.83207064915683,,1,0,0,8.862356526416436
1700438400,253.2,235.83207064915683,,1,0,0,10.343616774529547
1700524800,225.7,,278.8307309911911,1,0,0,13.311929862063149
1700611200,236.2,,261.94265789207196,1,0,0,13.332506300487209
1700697600,233.8,,261.94265789207196,1,0,0,13.008755850452406
1700784000,232.8,,261.45055289257834,1,0,0,12.443844718277234
1700870400,234.5,,259.20049760332046,1,0,0,11.790712952686004
1700956800,231.8,,255.18544784298842,1,0,0,11.391376313208431
1701043200,227.3,,251.21690305868958,1,0,0,11.313420862264973
1701129600,229.6,,250.8402127528206,1,0,0,11.048176514960332
1701216000,227.3,,249.96619147753856,1,0,0,10.666163906748881
1701302400,227.6,,247.6045723297847,1,0,0,10.132866484838246
1701388800,228.5,,247.2741150968062,1,0,0,9.630518878778371
1701475200,229.1,,245.8117035871256,1,0,0,9.264053244579916
1701561600,228,,245.8117035871256,1,0,0,9.03090658425278
1701648000,233.4,,245.8117035871256,1,0,0,9.342984685377582
1701734400,231.2,,245.8117035871256,1,0,0,9.168485779279182
1701820800,229.5,,245.8117035871256,1,0,0,8.992165366473525
1701907200,232.7,,245.8117035871256,1,0,0,8.842724983153987
1701993600,239,,245.8117035871256,1,0,0,8.768244627214417
1702080000,237.8,,245.8117035871256,1,0,0,8.791941439556243
1702166400,239.9,,245.8117035871256,1,0,0,8.485374193873655
1702252800,246.4,218.30759463570274,,1,0,0,9.450704608596965
1702339200,254.5,232.11683517213248,,1,0,0,9.589939993697184
1702425600,252.1,232.11683517213248,,1,0,0,9.762087137004528
1702512000,253.3,232.11683517213248,,1,0,0,9.59336662721849
1702598400,244.9,232.11683517213248,,1,0,0,9.622411868131454
1702684800,244.3,232.11683517213248,,1,0,0,9.299382448979205
1702771200,238.9,232.11683517213248,,1,0,0,9.03514084548069
1702857600,241.7,232.11683517213248,,1,0,0,9.08977364223207
1702944000,252.9,232.11683517213248,,1,0,0,9.404789810644063
1703030400,260.4,236.82050259657777,,1,0,0,9.575876252740917
1703116800,272.2,244.6884523369199,,1,0,0,10.234742234687996
1703203200,271.3,249.549607103228,,1,0,0,10.32511778935314
1703289600,271.3,249.549607103228,,1,0,0,10.044752232970776
1703376000,264.8,249.549607103228,,1,0,0,10.070127073472865
1703462400,267,249.549607103228,,1,0,0,9.807975139653374
1703548800,297.9,258.6148922204279,,1,0,0,11.90740548682099
1703635200,324.4,274.03340299838504,,1,0,0,13.856876523476632
1703721600,322.9,297.8800626985465,,1,0,0,14.167099628942585
1703808000,313.9,297.8800626985465,,1,0,0,14.526592512589547
1703894400,317.2,297.8800626985465,,1,0,0,14.074693047404578
1703980800,311.8,297.8800626985465,,1,0,0,14.376500686875682
1704067200,313.6,297.8800626985465,,1,0,0,13.978179209241702
1704153600,312.5,297.8800626985465,,1,0,0,14.022594980010155
1704240000,316,297.8800626985465,,1,0,0,15.820981052866571
1704326400,324.1,297.8800626985465,,1,0,0,16.176625263376103
1704412800,317.8,297.8800626985465,,1,0,0,16.306866315992096
1704499200,307.6,297.8800626985465,,1,0,0,16.37066157913552
1704585600,302.5,297.8800626985465,,1,0,0,15.922757180625837
1704672000,303.9,297.8800626985465,,1,0,0,16.163988810581134
1704758400,301.1,297.8800626985465,,1,0,0,15.902275324111054
1704844800,305.8,297.8800626985465,,1,0,0,16.21639851524598
1704931200,308.3,297.8800626985465,,1,0,0,16.158084335585553
1705017600,296.7,,336.2051429925464,1,0,0,16.682506883043725
1705104000,302,,331.1996286932918,1,0,0,16.383756391397746
1705190400,299.3,,331.1996286932918,1,0,0,15.792059506297905
1705276800,317.4,,331.1996286932918,1,0,0,16.149769541562343
1705363200,315.2,,331.1996286932918,1,0,0,15.439071717165035
1705449600,309.2,,331.1996286932918,1,0,0,15.286280880224677
1705536000,312.8,,331.1996286932918,1,0,0,14.937260817351484
1705622400,314.6,,331.1996286932918,1,0,0,14.627456473254949
1705708800,317.2,,331.1996286932918,1,0,0,13.954066725165308
1705795200,318.7,,331.1996286932918,1,0,0,13.357347673367784
1705881600,305.7,,331.1996286932918,1,0,0,13.567537125270084
1705968000,298.6,,328.71596862054116,1,0,0,14.098427330607935
1706054400,293.1,,322.49437175848703,1,0,0,13.841396806993084
1706140800,292,,318.16993458263835,1,0,0,13.488439892207863
1706227200,302,,318.16993458263835,1,0,0,13.503551328478734
1706313600,305.7,,318.16993458263835,1,0,0,12.960440519301681
1706400000,305.2,,318.16993458263835,1,0,0,12.4489804822087
1706486400,310.7,,318.16993458263835,1,0,0,12.031196162050938
1706572800,307.7,,318.16993458263835,1,0,0,11.686110721904441
1706659200,300.2,,318.16993458263835,1,0,0,11.56567424176841
1706745600,300.2,,318.16993458263835,1,0,0,11.168126081642095
1706832000,301.3,,318.16993458263835,1,0,0,10.770402790096233
1706918400,299.6,,318.16993458263835,1,0,0,10.386802590803642
1707004800,304.6,,318.16993458263835,1,0,0,10.33060240574624
1707091200,301,,318.16993458263835,1,0,0,10.121273662478648
1707177600,302.8,,318.16993458263835,1,0,0,9.634039829444456
1707264000,307.3,,318.16993458263835,1,0,0,9.54589412734128
1707350400,319.2,296.0196315295921,,1,0,0,9.84261597538833
1707436800,324.2,304.1576683766329,,1,0,0,9.739571977146303
1707523200,323.4,304.95190153896965,,1,0,0,9.493888264492996
1707609600,320.9,305.99171138507273,,1,0,0,9.158610531314926
1707696000,328,305.99171138507273,,1,0,0,9.825852636221002
1707782400,325,305.99171138507273,,1,0,0,9.902577447919501
1707868800,334.1,309.86065759971797,,1,0,0,9.98096477306811
1707955200,354.6,326.0945918397462,,1,0,0,11.625181574991815
1708041600,360.6,334.4051326557715,,1,0,0,11.916240033920971
1708128000,352.9,334.4051326557715,,1,0,0,12.157937174355189
1708214400,349.6,334.4051326557715,,1,0,0,11.925227376186958
1708300800,351.6,334.4051326557715,,1,0,0,11.55913970645932
1708387200,354.4,334.4051326557715,,1,0,0,11.876344013140796
1708473600,379.3,337.62151728190656,,1,0,0,13.05660515505931
1708560000,382.4,352.96936555371593,,1,0,0,13.073990501126504
1708646400,375.5,352.96936555371593,,1,0,0,13.42584832247461
1708732800,381.7,352.96936555371593,,1,0,0,13.416859156583568
1708819200,388.5,356.6366174886589,,1,0,0,13.358512073970457
1708905600,401.7,364.11295573979305,,1,0,0,14.640046925829711
1708992000,394.8,366.21666016581366,,1,0,0,14.694329288270444
1709078400,414.9,376.23499414923236,,1,0,0,16.16616291053684
1709164800,399.5,376.23499414923236,,1,0,0,17.068579845498498
1709251200,407.7,376.23499414923236,,1,0,0,16.770824142248603
1709337600,411.1,376.2806607347904,,1,0,0,16.20147956065942
1709424000,414.8,376.2806607347904,,1,0,0,16.094231020612316
1709510400,418.9,382.82433519518014,,1,0,0,16.12321451914001
1709596800,394.4,382.82433519518014,,1,0,0,19.464413482058582
1709683200,429.4,382.82433519518014,,1,0,0,21.574098233340113
1709769600,474.9,395.88129035728633,,1,0,0,23.854519788101534
1709856000,486.7,420.8481613215577,,1,0,0,24.264911231808572
1709942400,488.8,435.3233451894019,,1,0,0,23.553131858107964
1710028800,529.2,454.32601067046176,,1,0,0,25.592193868243108
1710115200,522.8,463.51840960341553,,1,0,0,25.621322877654315
1710201600,537.1,477.39656864307403,,1,0,0,25.884085529250438
1710288000,630.6,510.60191177876663,,1,0,0,31.35665084858969
1710374400,603,521.0767206008899,,1,0,0,33.81689007369042
1710460800,633,521.0767206008899,,1,0,0,37.79425506842682
1710547200,575.9,521.0767206008899,,1,0,0,40.62323684925348
1710633600,571.4,521.0767206008899,,1,0,0,40.68586278859252
1710720000,555.3,521.0767206008899,,1,0,0,41.129729732264494
1710806400,507.5,,625.8979782523805,1,0,0,42.656177608531316
1710892800,556.9,,625.8979782523805,1,0,0,43.85216492220765
1710979200,553.8,,625.8979782523805,1,0,0,42.819867427764244
1711065600,554,,625.8979782523805,1,0,0,43.51844832578108
1711152000,552,,625.8979782523805,1,0,0,42.145702016796726
1711238400,567.8,,625.8979782523805,1,0,0,40.892437587025526
1711324800,587.1,,625.8979782523805,1,0,0,40.4001206165237
1711411200,580.3,,625.8979782523805,1,0,0,39.32868342962915
1711497600,574.1,,625.8979782523805,1,0,0,38.06949175608422
1711584000,583.4,,625.8979782523805,1,0,0,36.62881377350677
1711670400,612.9,,625.8979782523805,1,0,0,36.77675564682772
1711756800,601.1,,625.8979782523805,1,0,0,35.292701672054314
1711843200,607,,625.8979782523805,1,0,0,33.35750869547901
1711929600,576.3,,625.8979782523805,1,0,0,33.839115217230514
1712016000,551.4,,625.8979782523805,1,0,0,33.7220355588569
1712102400,561.8,,619.040390531818,1,0,0,33.29903301893855
1712188800,585.8,,619.040390531818,1,0,0,33.62053066044294
1712275200,578.2,,619.040390531818,1,0,0,33.176207041839874
1712361600,585.6,,619.040390531818,1,0,0,31.942192253137023
1712448000,583.7,,619.040390531818,1,0,0,30.60346423505581
1712534400,586.4,,619.040390531818,1,0,0,30.096073932551825
1712620800,580.5,,619.040390531818,1,0,0,29.20349722308384
1712707200,609.9,,619.040390531818,1,0,0,29.953247421434988
1712793600,604.9,,619.040390531818,1,0,0,29.663729748475344
1712880000,595.8,,619.040390531818,1,0,0,31.723463337869962
1712966400,554.1,,619.040390531818,1,0,0,35.407501670879256
1713052800,567,,619.040390531818,1,0,0,35.28553726581645
1713139200,552.9,,619.040390531818,1,0,0,35.68657031825813
1713225600,538.1,,611.3360849066811,1,0,0,35.36610100981112
1713312000,534.3,,602.9224764160131,1,0,0,35.311379509110324
1713398400,552.3,,602.9224764160131,1,0,0,34.839138115602445
1713484800,554.5,,602.9224764160131,1,0,0,35.25777110734512
1713571200,571.5,,602.9224764160131,1,0,0,34.53221602824903
1713657600,580,,602.9224764160131,1,0,0,33.20848631194553
1713744000,604.9,528.6951739011084,,1,0,0,32.97216586109227
1713830400,606.3,546.3206565109977,,1,0,0,31.988439728157108
1713916800,608.8,546.3206565109977,,1,0,0,31.617836890431597
1714003200,613.3,550.4277317739081,,1,0,0,30.65941996968649
1714089600,598,550.4277317739081,,1,0,0,29.78374711470888
1714176000,596.2,550.4277317739081,,1,0,0,28.670622320801098
1714262400,600.2,551.249516463179,,1,0,0,27.47986358360102
1714348800,592.9,551.249516463179,,1,0,0,27.031301899058086
1714435200,578.4,551.249516463179,,1,0,0,28.643351763411083
1714521600,561.3,551.249516463179,,1,0,0,29.697398066024583
1714608000,560.8,551.249516463179,,1,0,0,29.46186963273712
1714694400,587.6,551.249516463179,,1,0,0,29.607450373255897
1714780800,585.9,551.249516463179,,1,0,0,28.28548963230904
1714867200,592.5,551.249516463179,,1,0,0,27.40795465857268
1714953600,588.4,551.249516463179,,1,0,0,26.800243611531776
1715040000,576.9,551.249516463179,,1,0,0,26.643083353565224
1715126400,588.5,551.249516463179,,1,0,0,25.80429168545342
1715212800,596.9,551.249516463179,,1,0,0,25.439699422206754
1715299200,585.6,551.249516463179,,1,0,0,24.74400660633484
1715385600,592.2,551.249516463179,,1,0,0,23.98372042016806
1715472000,594.8,551.3227428324627,,1,0,0,23.134883247298905
1715558400,591.8,551.3354685492166,,1,0,0,22.43953444392041
1715644800,567.1,551.3354685492166,,1,0,0,23.04385341221181
1715731200,581.5,551.3354685492166,,1,0,0,23.362149597053822
1715817600,569.4,551.3354685492166,,1,0,0,23.264853197264266
1715904000,581.5,551.3354685492166,,1,0,0,22.845935111745387
1715990400,580.5,551.3354685492166,,1,0,0,21.956939746620716
1716076800,574.6,551.3354685492166,,1,0,0,21.13144405043352
1716163200,599.6,551.3354685492166,,1,0,0,21.993483761116842
1716249600,618.5,567.2118548164239,,1,0,0,23.122520635322786
1716336000,614.4,574.1506693347817,,1,0,0,22.692340589942585
1716422400,599.2,574.1506693347817,,1,0,0,23.66431626208954
1716508800,600.3,574.1506693347817,,1,0,0,23.152579386225998
1716595200,602.4,574.1506693347817,,1,0,0,23.87025228720986
1716681600,600.2,574.1506693347817,,1,0,0,22.758091409552016
1716768000,603.6,574.1506693347817,,1,0,0,22.15394202315544
1716854400,601.4,574.1506693347817,,1,0,0,21.428660450072908
1716940800,595.2,574.1506693347817,,1,0,0,20.676613275067705
1717027200,595.1,574.1506693347817,,1,0,0,20.342569469705726
1717113600,593.5,574.1506693347817,,1,0,0,19.610957364726747
1717200000,601.4,574.1506693347817,,1,0,0,19.288746124389125
1717286400,602.8,574.1506693347817,,1,0,0,18.61097854407561
1717372800,626.3,581.5043823052447,,1,0,0,19.938765790927352
1717459200,686,609.5539440747202,,1,0,0,23.043139663003966
1717545600,698.8,651.9985496672483,,1,0,0,23.61862968707511
1717632000,711,658.3036947005234,,1,0,0,24.238727566569747
1717718400,683.8,658.3036947005234,,1,0,0,26.14310416895762
1717804800,682.6,658.3036947005234,,1,0,0,25.504311014032073
1717891200,673,658.3036947005234,,1,0,0,24.6968602273155
1717977600,625,,701.8202209069866,1,0,0,27.26851306822153
1718064000,602.6,,671.2131988162879,1,0,0,27.670762134777135
1718150400,619.3,,671.2131988162879,1,0,0,28.794279125150194
1718236800,599.4,,667.6591910411931,1,0,0,28.444687759068035
1718323200,603,,659.428271937074,1,0,0,27.977210061991745
1718409600,607.9,,659.3904447433665,1,0,0,26.535980771849484
1718496000,610.4,,656.9514002690298,1,0,0,25.38341071671738
1718582400,604.4,,651.786260242127,1,0,0,25.04173852266614
1718668800,588.7,,640.8776342179143,1,0,0,25.424471485332845
1718755200,599.2,,640.8776342179143,1,0,0,24.972723522094785
1718841600,587.8,,640.8776342179143,1,0,0,24.831814699088017
1718928000,586.3,,630.0668953448594,1,0,0,23.922399363438867
1719014400,591.1,,630.0668953448594,1,0,0,22.97794226605038
1719100800,577.5,,627.6076852293362,1,0,0,22.608089247046788
1719187200,568.2,,611.5169167064025,1,0,0,23.171797157972016
1719273600,578.3,,611.5169167064025,1,0,0,22.445240218116872
1719360000,572.9,,611.5169167064025,1,0,0,22.042008773965666
1719446400,581.4,,611.5169167064025,1,0,0,21.746151004396697
1719532800,566.8,,611.5169167064025,1,0,0,21.614283075511217
1719619200,569.7,,608.8577126459636,1,0,0,20.60611999868899
1719705600,581.8,,608.8577126459636,1,0,0,20.35568285592549
1719792000,576.5,,608.8577126459636,1,0,0,19.765991223359386
1719878400,579.5,,608.8577126459636,1,0,0,18.932706135976577
1719964800,556.3,,602.7231202670167,1,0,0,19.75894141197825
1720051200,513.5,,577.4258082403151,1,0,0,21.704731311122657
1720137600,498,,536.4332274162836,1,0,0,24.482964788899608
1720224000,526.4,,536.4332274162836,1,0,0,25.21989587540678
1720310400,490.9,,536.4332274162836,1,0,0,26.111331884306303
1720396800,510.8,,536.4332274162836,1,0,0,28.04623674971299
1720483200,517.2,,536.4332274162836,1,0,0,27.13579126759063
1720569600,525,,536.4332274162836,1,0,0,26.46180617704844
1720656000,525.2,,536.4332274162836,1,0,0,26.307391450116405
1720742400,534.2,,536.4332274162836,1,0,0,25.87829206082237
1720828800,532.8,,536.4332274162836,1,0,0,24.965556913620777
1720915200,545.2,491.49144808043525,,1,0,0,24.325159991219294
1721001600,585.7,513.7123032723918,,1,0,0,25.65193427756077
1721088000,576.8,518.4460729451525,,1,0,0,26.119653257735003
1721174400,569.1,522.6014656506372,,1,0,0,25.732535167896792
1721260800,571.9,522.6014656506372,,1,0,0,25.151639798761305
1721347200,594,530.0606871770161,,1,0,0,25.747951241706925
1721433600,593.6,543.8796184593145,,1,0,0,24.730240438727858
1721520000,602.6,544.5466566133831,,1,0,0,24.48522326453301
1721606400,587.8,548.9369909520449,,1,0,0,24.064850174209223
1721692800,582.3,548.9369909520449,,1,0,0,23.474503733194286
1721779200,574.8,548.9369909520449,,1,0,0,23.133467752251843
1721865600,570.8,548.9369909520449,,1,0,0,23.088220055662426
1721952000,581.4,548.9369909520449,,1,0,0,22.353347194543687
1722038400,581.9,548.9369909520449,,1,0,0,22.228108109219132
1722124800,584.3,548.9369909520449,,1,0,0,21.35467181570348
1722211200,574.5,548.9369909520449,,1,0,0,21.62219525743895
1722297600,588.4,548.9369909520449,,1,0,0,21.627752739050457
1722384000,576.4,548.9369909520449,,1,0,0,21.36148468626114
1722470400,575.1,548.9369909520449,,1,0,0,21.564235780099633
1722556800,542.5,,603.99051309014,1,0,0,22.738218938663945
1722643200,529.7,,578.5214617811259,1,0,0,22.81406044304509
1722729600,496.7,,559.5893156030133,1,0,0,24.370198982827585
1722816000,464.6,,515.570384042712,1,0,0,29.493756198339902
1722902400,485.4,,515.570384042712,1,0,0,29.529916469887052
1722988800,474.9,,515.570384042712,1,0,0,29.4992081506094
1723075200,517.4,427.268240032863,,1,0,0,31.227836139851593
1723161600,509.1,444.21641602957664,,1,0,0,30.340133558433628
1723248000,523.5,454.94477442661895,,1,0,0,29.451552589974085
1723334400,503.7,457.8252969839571,,1,0,0,29.790727404975932
1723420800,518.4,457.8252969839571,,1,0,0,29.412818304620508
1723507200,524.4,464.6364905570052,,1,0,0,28.661902711433328
1723593600,523.6,468.48784150130473,,1,0,0,27.83605251775951
1723680000,519.3,468.48784150130473,,1,0,0,27.719191623633833
1723766400,520.1,468.48784150130473,,1,0,0,26.7963922219457
1723852800,542,479.5764864544511,,1,0,0,26.953792777521006
1723939200,531.5,485.968837809006,,1,0,0,25.91423615055522
1724025600,559.1,493.12195402810545,,1,0,0,26.341790711229855
1724112000,569.8,516.4947586252949,,1,0,0,25.653091374713437
1724198400,570.3,516.4947586252949,,1,0,0,25.927870562233903
1724284800,583.3,522.7932544864889,,1,0,0,26.268736950645764
1724371200,592.2,534.56892903784,,1,0,0,26.156684311313917
1724457600,580.9,534.56892903784,,1,0,0,25.538349717648636
1724544000,574.4,534.56892903784,,1,0,0,24.76418188067373
1724630400,548.7,534.56892903784,,1,0,0,25.09531174633989
1724716800,533.8,,591.8640706582731,1,0,0,25.874218050172754
1724803200,537.2,,585.8776635924459,1,0,0,25.726059618017562
1724889600,536.7,,585.8776635924459,1,0,0,24.967055359587736
1724976000,535.4,,581.4209075098812,1,0,0,24.67655140533147
1725062400,533.3,,581.4209075098812,1,0,0,23.656797733522087
1725148800,512.8,,567.0414350830038,1,0,0,23.75988360969908
1725235200,526.7,,562.7122915747034,1,0,0,24.03417763757772
1725321600,519.1,,562.7122915747034,1,0,0,23.774593520607887
1725408000,508,,557.4209561755098,1,0,0,24.040693983421612
1725494400,502.5,,550.6838605579588,1,0,0,23.459215841748637
1725580800,487.5,,539.310474502163,1,0,0,24.51212899590945
1725667200,493.8,,538.6494270519465,1,0,0,23.92554835334449
1725753600,503.5,,538.6494270519465,1,0,0,23.352294899534172
1725840000,518.9,,538.6494270519465,1,0,0,23.41284526385316
1725926400,517.3,,538.6494270519465,1,0,0,22.483356316435085
1726012800,530.5,,538.6494270519465,1,0,0,22.91311657954687
1726099200,544.8,496.00870132009595,,1,0,0,22.633608252436378
1726185600,557,505.81283118808636,,1,0,0,22.481207662976637
1726272000,553.8,512.5665480692778,,1,0,0,21.668264258478306
1726358400,553.8,517.9148932623499,,1,0,0,20.820531097158433
1726444800,533.9,517.9148932623499,,1,0,0,21.3262074473614
1726531200,546.5,517.9148932623499,,1,0,0,21.47433548683559
1726617600,559.7,517.9148932623499,,1,0,0,21.640454380633052
1726704000,567,521.3168114694279,,1,0,1,21.451850496302118
1726790400,569.1,527.1451303224851,,1,0,0,21.169575460851966
1726876800,589,537.0056172902365,,1,0,0,21.371748642219682
1726963200,588.8,544.5350555612129,,1,0,0,21.09519516777542
1727049600,604.9,556.1665500050916,,1,0,0,21.938395512934324
1727136000,606.3,564.6348950045824,,1,0,0,21.31422440486759
1727222400,587.6,564.6348950045824,,1,0,0,21.563208375948474
1727308800,596.7,564.6348950045824,,1,0,0,22.044407777666436
1727395200,607.4,564.6348950045824,,1,0,0,21.784092936404544
1727481600,601.5,564.6348950045824,,1,0,0,21.89951486951851
1727568000,595.9,564.6348950045824,,1,0,0,21.049549521695756
1727654400,567.6,564.6348950045824,,1,0,0,21.810295984431775
1727740800,547.5,,608.4042386974827,1,0,0,23.502417699829504
1727827200,542.7,,595.3088148277345,1,0,0,23.495102149841678
1727913600,545,,589.3379333449609,1,0,0,22.974023424852984
1728000000,555.7,,589.3379333449609,1,0,0,22.4830217516492
1728086400,563.1,,589.3379333449609,1,0,0,21.79852019795997
1728172800,570.4,,589.3379333449609,1,0,0,21.334340183819968
1728259200,564.3,,589.3379333449609,1,0,0,21.09617302783283
1728345600,580.7,,589.3379333449609,1,0,0,21.482160668701912
1728432000,570.1,,589.3379333449609,1,0,0,21.312006335223206
1728518400,563.4,,589.3379333449609,1,0,0,21.28972016842155
1728604800,573.5,,589.3379333449609,1,0,0,21.05474015639144
1728691200,576.7,,589.3379333449609,1,0,0,19.97225871664919
1728777600,572.2,,589.3379333449609,1,0,0,19.502811665459962
1728864000,589.3,,589.3379333449609,1,0,0,19.68118226078425
1728950400,594.6,550.5729477193912,,1,0,0,19.86109781358537
1729036800,600.9,559.8856529474521,,1,0,0,19.5495908269007
1729123200,592.7,559.8856529474521,,1,0,0,19.667477196407795
1729209600,599,560.5838788874362,,1,0,0,19.041228825235812
1729296000,597.8,564.2404909986925,,1,0,0,18.095426766290394
1729382400,605.8,566.8064418988233,,1,0,0,17.767181997269653
1729468800,598.6,567.300797708941,,1,0,0,17.926668997464677
1729555200,593.4,567.300797708941,,1,0,0,17.58904978336006
1729641600,584.5,567.300797708941,,1,0,0,17.918403370262908
1729728000,594.1,567.300797708941,,1,0,0,17.74566027238699
1729814400,574.6,567.300797708941,,1,0,0,18.706684538645067
1729900800,582.8,567.300797708941,,1,0,0,18.470492785884705
1729987200,588.8,567.300797708941,,1,0,0,17.808314729750077
1730073600,600.8,567.300797708941,,1,0,0,17.922006534767927
1730160000,606.1,572.2268066705423,,1,0,0,17.541863210855933
1730246400,595.6,572.2268066705423,,1,0,0,17.2031586957948
1730332800,576,572.2268066705423,,1,0,0,17.84579021752374
1730419200,573,572.2268066705423,,1,0,0,17.84251948770061
1730505600,568.3,,603.9744521434573,1,0,0,17.575196667150568
1730592000,557.8,,593.3620069291117,1,0,0,17.91982547663981
1730678400,552.2,,590.0758062362004,1,0,0,18.125552228308393
1730764800,563.5,,590.0758062362004,1,0,0,18.373727069143502
1730851200,592.5,539.4405969486777,,1,0,0,19.382746564204677
1730937600,598.6,558.99153725381,,1,0,0,19.69826466676148
1731024000,597.9,558.99153725381,,1,0,1,19.526960047707096
1731110400,624.9,574.135145175586,,1,0,0,21.032177187156588
1731196800,627.6,582.2516306580274,,1,0,0,21.844164530931117
1731283200,660.1,587.6364675922248,,1,0,0,23.969581350150325
1731369600,625.8,587.6364675922248,,1,0,0,26.186039825139584
1731456000,621.5,587.6364675922248,,1,0,0,27.208465551915328
1731542400,622.6,587.6364675922248,,1,0,0,28.793575155349945
1731628800,619.3,587.6364675922248,,1,0,0,28.615462644253515
1731715200,622.8,587.6364675922248,,1,0,0,27.757215312521115
1731801600,618.7,587.6364675922248,,1,0,0,28.781699933055325
1731888000,619.2,587.6364675922248,,1,0,0,28.190149937837088
1731974400,616.3,587.6364675922248,,1,0,0,27.369424942277288
1732060800,605.8,587.6364675922248,,1,0,0,26.878751732114626
1732147200,622.5,587.6364675922248,,1,0,0,27.630269465535008
1732233600,633.3,587.6364675922248,,1,0,0,27.535250217996797
1732320000,650.6,595.7555037297328,,1,0,0,29.28273234528274
1732406400,660.1,597.3999533567595,,1,0,0,30.776822892048262
1732492800,636.2,597.3999533567595,,1,0,0,32.14990697118767
1732579200,613.5,597.3999533567595,,1,0,0,33.103485044674265
1732665600,644.8,597.3999533567595,,1,0,0,33.51037897005468
1732752000,654.1,597.3999533567595,,1,0,0,32.77392332933649
1732838400,655,597.3999533567595,,1,0,0,31.547214520098173
1732924800,653.9,597.9754515118697,,1,0,0,31.386699197234012
1733011200,656.5,597.9754515118697,,1,0,0,30.494792111717295
1733097600,648,597.9754515118697,,1,0,0,31.08087838945178
1733184000,735.5,604.4386541521529,,1,0,0,37.80367279020522
1733270400,740.4,669.4247887369377,,1,0,0,40.281981876619135
1733356800,717.6,669.4247887369377,,1,0,0,42.11184031400349
1733443200,731.1,669.4247887369377,,1,0,0,42.075280291574664
1733529600,750.2,669.4247887369377,,1,0,0,41.3127602707479
1733616000,742.6,669.4247887369377,,1,0,0,40.54042025140877
1733702400,690.1,669.4247887369377,,1,0,0,44.00896166202243
1733788800,677.3,669.4247887369377,,1,0,0,44.82975011473511
1733875200,711.5,669.4247887369377,,1,0,0,45.48476796368261
1733961600,706.1,669.4247887369377,,1,0,0,44.114427394848136
1734048000,725.8,669.4247887369377,,1,0,0,43.28482543807327
1734134400,715.6,669.4247887369377,,1,0,0,42.150195049639464
1734220800,718.3,669.4247887369377,,1,0,0,40.63232397466521
1734307200,720.4,669.4247887369377,,1,0,0,39.65144369076056
1734393600,717.5,669.4247887369377,,1,0,0,38.64776914142052
1734480000,686.1,669.4247887369377,,1,0,0,38.7086427741762
1734566400,665.2,,757.3057153115446,1,0,1,39.979454004592185
1734652800,678.5,,733.8301437803901,1,0,0,41.56663586140702
1734739200,663.2,,733.8301437803901,1,0,0,41.54044758559223
1734825600,649.5,,733.8301437803901,1,0,0,40.71612990090707
1734912000,693.4,,733.8301437803901,1,0,0,42.1292634794137
1734998400,696.7,,733.8301437803901,1,0,0,40.36288751659844
1735084800,702.5,,733.8301437803901,1,0,0,38.71553840826998
1735171200,688.9,,733.8301437803901,1,0,0,38.628714236250694
1735257600,691.2,,733.8301437803901,1,0,0,37.726663219375645
1735344000,721.7,,733.8301437803901,1,0,0,37.867615846563105
1735430400,694.2,,733.8301437803901,1,0,0,37.65564328609431
1735516800,704.6,,733.8301437803901,1,0,0,36.823097337087574
1735603200,701.5,,733.8301437803901,1,0,0,35.40716181300989
1735689600,707.1,,733.8301437803901,1,0,0,33.642364540652046
1735776000,705.7,,733.8301437803901,1,0,0,32.53219564489119
1735862400,714.6,,733.8301437803901,1,0,0,31.551324527398968
1735948800,713.4,,733.8301437803901,1,0,0,30.26194420401333
1736035200,709.2,,733.8301437803901,1,0,0,28.9360910465838
1736121600,729.8,,733.8301437803901,1,0,0,29.683513114684956
1736208000,698.1,,733.8301437803901,1,0,0,30.59897646363603
1736294400,696.2,,733.8301437803901,1,0,0,30.66333528766203
1736380800,685.6,,733.8301437803901,1,0,0,30.423097052829025
1736467200,693,,733.8301437803901,1,0,0,29.585732977626954
1736553600,696.8,,733.8301437803901,1,0,0,28.27246633636789
1736640000,693.1,,733.8301437803901,1,0,0,26.874433026627333
1736726400,688.6,,731.2535750855878,1,0,0,27.983402096153952
1736812800,699.1,,731.2535750855878,1,0,0,26.991730517857242
1736899200,714.7,,731.2535750855878,1,0,0,26.970892623724577
1736985600,708.2,,731.2535750855878,1,0,0,26.25154315060139
1737072000,721.8,,731.2535750855878,1,0,0,25.940718639844143
1737158400,708.8,,731.2535750855878,1,0,0,26.137810165569565
1737244800,682.5,,731.2535750855878,1,0,0,27.206538010886025
1737331200,681.7,,731.2535750855878,1,0,0,28.527499581537025
1737417600,692.2,,731.2535750855878,1,0,0,28.26839246857009
1737504000,695.1,,731.2535750855878,1,0,0,27.249221577957943
1737590400,690,,731.2535750855878,1,0,0,26.895705750960953
1737676800,680.3,,731.2535750855878,1,0,0,25.9745839116066
1737763200,686.2,,730.6266240615697,1,0,0,24.954970775063266
1737849600,667.2,,725.3289616554129,1,0,0,25.08675857684446
1737936000,680.1,,710.8860654898716,1,0,0,26.43056153564128
1738022400,661.2,,710.8860654898716,1,0,0,26.256949997381188
1738108800,667.9,,710.8860654898716,1,0,0,25.810024997568245
1738195200,677.6,,710.8860654898716,1,0,0,25.237880354884794
1738281600,677.4,,710.8860654898716,1,0,0,24.628031758107305
1738368000,653.1,,710.8860654898716,1,0,0,25.06888663252821
1738454400,617.4,,688.0180583800028,1,0,0,27.74968044449048
1738540800,617.6,,636.6262525420026,1,0,0,33.7104175555983
1738627200,572.9,,636.6262525420026,1,0,0,35.70253058734128
1738713600,569.5,,636.6262525420026,1,0,0,34.42377840253119
1738800000,572.2,,636.6262525420026,1,0,0,33.48636565949325
1738886400,578,,636.6262525420026,1,0,0,32.50162525524374
1738972800,612.8,,636.6262525420026,1,0,0,34.472937737012046
1739059200,616.2,,636.6262525420026,1,0,0,35.260585041511185
1739145600,618.8,,636.6262525420026,1,0,0,34.584828967117524
1739232000,642.3,559.8249903644888,,1,0,0,34.371626898037704
1739318400,697.2,586.3124913280399,,1,0,0,37.52365354817787
1739404800,665.2,609.3862421952359,,1,0,0,40.06482115187945
1739491200,659.8,609.3862421952359,,1,0,0,39.56019106960235
1739577600,662.3,609.3862421952359,,1,0,0,37.99874885034503
1739664000,673.4,609.3862421952359,,1,0,0,37.60598107532038
1739750400,667.8,609.3862421952359,,1,0,0,36.619839569940346
1739836800,648.1,609.3862421952359,,1,0,0,36.754136743516035
1739923200,653.9,609.3862421952359,,1,0,0,36.0645555475506
1740009600,656.8,609.3862421952359,,1,0,0,34.41708729415412
1740096000,647.4,609.3862421952359,,1,0,0,34.38015248742882
1740182400,668.9,609.3862421952359,,1,0,0,34.4315701668982
1740268800,658.4,609.3862421952359,,1,0,0,33.57217229783404
1740355200,614.8,609.3862421952359,,1,0,0,34.63130284798875
1740441600,623.2,609.3862421952359,,1,0,0,35.12906693027527
1740528000,611.2,609.3862421952359,,1,0,0,35.2769907209699
1740614400,605.5,,676.0894212330118,1,0,0,34.478634240900625
1740700800,588.3,,654.0754791097107,1,0,0,35.32301750940773
1740787200,608.3,,654.0754791097107,1,0,0,34.44994483016432
1740873600,624.3,,654.0754791097107,1,0,0,34.5035201994383
1740960000,576.1,,654.0754791097107,1,0,0,36.196125899478425
1741046400,584.1,,643.8918068438812,1,0,0,36.639259763801384
1741132800,598.6,,643.8918068438812,1,0,0,35.865026923529854
1741219200,596.7,,643.8918068438812,1,0,0,34.98895357184915
1741305600,594.9,,643.8918068438812,1,0,0,34.87545688814564
1741392000,593.4,,643.8918068438812,1,0,0,33.3129242532781
1741478400,554.8,,639.2519210232434,1,0,0,34.01200109232966
1741564800,531.5,,618.4317289209191,1,0,0,35.06828672859182
1741651200,551.9,,612.5385560288272,1,0,0,36.72055196226383
1741737600,570,,612.5385560288272,1,0,0,36.24765539353071
1741824000,580,,612.5385560288272,1,0,0,36.86568000827851
1741910400,588.2,,612.5385560288272,1,0,0,35.16813143625862
1741996800,620.1,534.6124333894866,,1,0,0,34.94183633366872
1742083200,602.5,539.891190050538,,1,0,0,34.54599088126381
1742169600,632.3,553.192071045484,,1,0,0,35.0427058183164
1742256000,628.3,564.8178639409356,,1,0,0,34.15394111700809
1742342400,619.2,564.8178639409356,,1,0,0,33.385802465793226
1742428800,630.4,564.8178639409356,,1,0,0,32.529673718236566
1742515200,635.1,572.212722812942,,1,0,0,31.098982738362526
1742601600,626.9,574.2264505316479,,1,0,0,29.741912542765203
1742688000,624.4,574.2264505316479,,1,0,0,28.2960616468534
1742774400,637.4,577.8029249306348,,1,0,0,27.782057243506728
1742860800,630.4,586.1076324375713,,1,0,0,27.14048172611339
1742947200,618.3,586.1076324375713,,1,0,0,26.587590174248145
1743033600,637.6,586.1076324375713,,1,0,0,26.467048018944702
1743120000,619.8,586.1076324375713,,1,0,0,26.305116017591512
1743206400,603.1,586.1076324375713,,1,0,0,26.333322016334968
1743292800,602.3,586.1076324375713,,1,0,0,25.88094187231104
1743379200,605,586.1076324375713,,1,0,0,25.553731738574534
1743465600,611.2,586.1076324375713,,1,0,0,24.73560804296207
1743552000,590.4,586.1076324375713,,1,0,0,25.040207468464782
1743638400,592.4,586.1076324375713,,1,0,0,25.480192649288732
1743724800,597.4,586.1076324375713,,1,0,0,24.738750317196683
1743811200,593.2,586.1076324375713,,1,0,0,23.67169672311121
1743897600,555.2,,618.4474971636356,1,0,0,25.516575528603266
1743984000,554.6,,597.1577474472721,1,0,0,27.143962990845893
1744070400,553.3,,597.1577474472721,1,0,0,26.576537062928328
1744156800,582.2,,597.1577474472721,1,0,0,28.4067844155763
1744243200,577.6,,597.1577474472721,1,0,0,27.62772838589228
1744329600,585.8,,597.1577474472721,1,0,0,26.74717635832854
1744416000,597.2,541.2116832098603,,1,0,0,26.03666376130508
1744502400,584,541.2116832098603,,1,0,0,25.562616349783287
1744588800,584.3,541.3164633999869,,1,0,0,24.543858039084487
1744675200,579.6,541.3164633999869,,1,0,0,23.733582464864167
1744761600,582.7,541.3164633999869,,1,0,0,22.77404086023102
1744848000,590.3,546.2772518185903,,1,0,0,22.01160937021452
1744934400,591.6,552.9745266367314,,1,0,0,21.075065843770624
1745020800,591.5,554.7620739730582,,1,0,0,20.091132569215574
1745107200,592.5,556.9208665757524,,1,0,0,19.227480242843033
1745193600,597.3,566.3987799181772,,1,0,0,18.989803082639963
1745280000,618.6,572.1239019263594,,1,0,0,19.583388576737114
1745366400,605.7,574.9065117337235,,1,0,0,19.527432249827317
1745452800,601.7,574.9065117337235,,1,0,0,19.096901374839653
1745539200,600.4,574.9065117337235,,1,0,0,18.675694133779675
1745625600,607.4,574.9065117337235,,1,0,0,18.063144552795414
1745712000,603.8,574.9065117337235,,1,0,0,17.565777084738603
1745798400,606.4,574.9065117337235,,1,0,0,16.989650150114418
1745884800,601.2,574.9065117337235,,1,0,0,16.65467513939196
1745971200,600.1,574.9065117337235,,1,0,0,16.336484058006814
1746057600,599.9,574.9065117337235,,1,0,0,15.719592339577758
1746144000,601.1,574.9065117337235,,1,0,0,15.196764315322202
1746230400,599.7,574.9065117337235,,1,0,0,14.511281149942047
1746316800,586.6,574.9065117337235,,1,0,0,14.560475353517617
1746403200,598,574.9065117337235,,1,0,0,14.663298542552074
1746489600,602.7,574.9065117337235,,1,0,0,14.373062932369786
1746576000,603,577.7495592667858,,1,0,0,14.196415580057657
1746662400,629.2,586.4196033401072,,1,0,0,15.21810018148211
1746748800,666.3,611.5126430060964,,1,0,0,17.502521597090535
1746835200,663.9,626.1113787054868,,1,0,0,18.4094843401555
1746921600,650.7,626.1113787054868,,1,0,0,18.494521173001537
1747008000,660.3,627.1922167514443,,1,0,0,20.366341089215716
1747094400,664.4,627.1922167514443,,1,0,0,21.07588815427173
1747180800,652.7,627.1922167514443,,1,0,0,20.934753286109466
1747267200,651.7,627.1922167514443,,1,0,0,20.73941376567307
1747353600,646.4,627.1922167514443,,1,0,0,20.379455639553566
1747440000,640,627.1922167514443,,1,0,0,19.74520880815688
1747526400,651.7,627.1922167514443,,1,0,0,19.76340817900282
1747612800,649.8,627.1922167514443,,1,0,0,19.758879023359764
1747699200,650.1,627.1922167514443,,1,0,0,19.304673378834064
1747785600,673.8,627.1922167514443,,1,0,0,20.04719670891734
1747872000,686.3,641.1283460971797,,1,0,0,19.793825515423244
1747958400,656.9,641.1283460971797,,1,0,0,21.051409407178735
1748044800,667.9,641.1283460971797,,1,0,0,21.112023020951682
1748131200,669.5,641.1283460971797,,1,0,0,20.689735662312273
1748217600,674.3,641.1283460971797,,1,0,0,19.97618311500425
1748304000,687.1,641.1283460971797,,1,0,0,20.813598606789665
1748390400,687,644.6015649282314,,1,0,0,19.962627277733258
1748476800,675.2,644.6015649282314,,1,0,0,19.86529675789517
1748563200,655.7,644.6015649282314,,1,0,0,20.2606327037598
1748649600,658.4,644.6015649282314,,1,0,0,19.934873224919816
1748736000,661.2,644.6015649282314,,1,0,0,19.5466679945684
1748822400,666.3,644.6015649282314,,1,0,0,19.379048852099224
1748908800,661.6,644.6015649282314,,1,0,0,19.13768821980642
1748995200,663.3,644.6015649282314,,1,0,0,18.549281918391674
1749081600,634,,689.8471114582104,1,0,0,20.46004749564941
1749168000,643.5,,682.9274003123894,1,0,0,20.548615531674454
1749254400,651.4,,682.9274003123894,1,0,0,20.038000136554846
1749340800,652.3,,682.9274003123894,1,0,0,19.31385726965807
1749427200,665.8,,682.9274003123894,1,0,0,19.37715317896821
1749513600,673.6,,682.9274003123894,1,0,0,19.15735652332763
1749600000,667.7,,682.9274003123894,1,0,0,18.588973914518508
1749686400,655.2,,682.9274003123894,1,0,0,18.504047206338612
1749772800,655.6,,682.9274003123894,1,0,0,18.589472405885857
1749859200,646.2,,682.9274003123894,1,0,0,18.418795805465443
1749945600,648.5,,681.9721038829747,1,0,0,17.746024676503627
1750032000,651,,681.9721038829747,1,0,0,17.44988005675336
1750118400,648.6,,681.9721038829747,1,0,0,17.53917433841384
1750204800,645.2,,679.9735637306884,1,0,0,17.472090457098567
1750291200,644.8,,674.8462073576196,1,0,0,16.781226853020105
1750377600,641.9,,674.8462073576196,1,0,0,16.503996363518667
1750464000,629.5,,666.4494279596719,1,0,0,16.975139480410192
1750550400,616.4,,655.3694851637048,1,0,0,18.105486660380897
1750636800,641.1,,655.3694851637048,1,0,0,18.833666184639405
1750723200,643.8,,655.3694851637048,1,0,0,18.06697574287945
1750809600,646.3,,655.3694851637048,1,0,0,17.540763189816627
1750896000,642.5,,655.3694851637048,1,0,0,16.944994390544004
1750982400,646.2,,655.3694851637048,1,0,0,16.391780505505142
1751068800,648.9,,655.3694851637048,1,0,0,15.57808189796906
1751155200,655.1,,655.3694851637048,1,0,0,15.093933190971267
1751241600,657.1,628.7258951604435,,1,0,0,14.651509391616175
1751328000,646.7,628.7258951604435,,1,0,0,14.662115863643589
1751414400,660.2,628.7258951604435,,1,0,0,15.150536159097618
1751500800,663.9,633.1589275719634,,1,0,0,14.711212147733502
1751587200,654.1,633.1589275719634,,1,0,0,14.646125565752532
1751673600,656.5,633.1589275719634,,1,0,0,13.942830882484499
1751760000,663.6,633.9842581999613,,1,0,0,13.775485819449894
1751846400,661.3,636.6958323799652,,1,0,0,13.49152254663205
1751932800,660.8,636.6958323799652,,1,0,0,12.913556650444045
1752019200,669.3,642.0436242277718,,1,0,0,12.884016889698042
1752105600,685.8,652.7242618049946,,1,0,0,13.57087282614818
1752192000,689.9,663.8268356244952,,1,0,0,13.615810481423313
1752278400,685.8,663.8268356244952,,1,0,0,13.871824018464508
1752364800,691.8,663.8268356244952,,1,0,0,13.56669373143133
1752451200,689.3,669.0653631702569,,1,0,0,14.111929893471952
1752537600,690.1,669.0653631702569,,1,0,0,14.461077758223954
1752624000,709,669.0653631702569,,1,0,0,15.585286489779381
1752710400,721.3,684.9445497511174,,1,0,0,15.93633745479514
1752796800,730.3,703.6450947760056,,1,0,0,18.098027636595493
1752883200,733.5,703.6450947760056,,1,0,0,18.433882805410096
1752969600,757,705.4035267685646,,1,0,0,19.231462605023662
1753056000,766.7,719.6331740917079,,1,0,0,20.40064384752197
1753142400,786.9,719.6331740917079,,1,0,0,22.029169286984683
1753228800,777,726.6458710142834,,1,0,0,24.51280005220007
1753315200,771,726.6458710142834,,1,0,0,25.790457191328635
1753401600,785.7,726.6458710142834,,1,0,0,26.319710249090868
1753488000,793.7,731.4878399694127,,1,0,0,25.85401665987009
1753574400,844.3,757.1590559724715,,1,0,0,28.000158327022227
1753660800,824.2,777.1681503752243,,1,0,0,28.8358613036635
1753747200,805.4,777.1681503752243,,1,0,0,29.269014067687543
1753833600,793.8,777.1681503752243,,1,0,0,30.34979877713844
1753920000,783.5,777.1681503752243,,1,0,0,30.689098864485693
1754006400,757.1,,841.2889315388154,1,0,0,32.0970203741653
1754092800,737,,822.7600383849338,1,0,0,32.48294749029635
1754179200,751.8,,812.4790345464404,1,0,0,32.06987981241803
1754265600,769,,812.4790345464404,1,0,0,31.129174111531025
1754352000,755.1,,812.4790345464404,1,0,0,30.641375960707375
1754438400,770.1,,812.4790345464404,1,0,0,30.48842053494256
1754524800,789,,812.4790345464404,1,0,0,30.06067621101809
1754611200,793.8,,812.4790345464404,1,0,0,29.349199338802503
1754697600,799.1,,812.4790345464404,1,0,0,29.102827957459464
1754784000,807.2,,812.4790345464404,1,0,0,28.538340246212353
1754870400,805.5,,812.4790345464404,1,0,0,28.992744514340043
1754956800,832.4,757.7073237974203,,1,0,0,29.900405620458606
1755043200,847.6,782.1815914176782,,1,0,0,29.907519504711562
1755129600,841.1,782.1815914176782,,1,0,0,31.128410968660738
1755216000,828.5,782.1815914176782,,1,0,0,31.81923875661354
1755302400,839.3,782.1815914176782,,1,0,0,30.546435988284003
1755388800,855.8,790.5280121291387,,1,0,0,30.20026198912086
1755475200,847.4,790.5280121291387,,1,0,0,30.414528989897946
1755561600,824.1,790.5280121291387,,1,0,0,30.327776919190942
1755648000,869.3,790.5280121291387,,1,0,0,32.61864999639159
1755734400,839.8,790.5280121291387,,1,0,0,33.874460710935054
1755820800,899.9,794.1203643821351,,1,0,0,35.8191420887254
1755907200,880.4,814.7533279439216,,1,0,0,34.96777479667359
1755993600,876.8,814.7533279439216,,1,0,0,35.12721945405405
1756080000,839.9,814.7533279439216,,1,0,0,35.98241806447876
1756166400,864.3,814.7533279439216,,1,0,0,36.10510248844456
1756252800,855.8,814.7533279439216,,1,0,0,34.504738024984235
1756339200,874,814.7533279439216,,1,0,0,34.12582816605679
1756425600,862.8,814.7533279439216,,1,0,0,33.652554725624164
1756512000,862.1,814.7533279439216,,1,0,0,32.10594367379387
1756598400,858.1,814.7533279439216,,1,0,0,30.584090554237168
1756684800,846.1,814.7533279439216,,1,0,0,30.470941228934514
1756771200,852.1,814.7533279439216,,1,0,0,29.47301685543919
1756857600,855.3,814.7533279439216,,1,0,0,28.439229937193534
1756944000,844.1,814.7533279439216,,1,0,0,27.522142084536856
1757030400,850.1,814.7533279439216,,1,0,0,26.66341764992708
1757116800,861.3,814.7533279439216,,1,0,0,25.84460210350372
1757203200,880.3,824.9689423166315,,1,0,0,25.64141623896774
1757289600,877.9,832.0020480849684,,1,0,0,24.92417222189862
1757376000,880.1,834.0718432764713,,1,0,0,24.115302777477293
1757462400,893.6,846.6446589488243,,1,0,0,24.528495436228923
1757548800,902.8,852.3551930539419,,1,0,0,23.919317190784
1757635200,925.3,870.2396737485477,,1,0,0,24.225080248585137
1757721600,934.1,889.925706373693,,1,0,0,24.409003087971918
1757808000,927.3,889.925706373693,,1,0,0,24.258360010259633
1757894400,920.1,889.925706373693,,1,0,0,24.318477152383945
1757980800,956,889.925706373693,,1,0,0,25.61001449864224
1758067200,990.6,916.0998959517799,,1,0,0,27.259299177310655
1758153600,981.3,938.4549063566019,,1,0,1,27.240777807502752
1758240000,984.9,938.4549063566019,,1,0,0,27.316436535538276
1758326400,1044.7,953.6504741488476,,1,0,0,29.97240535442841
1758412800,1049.1,998.2904267339628,,1,0,0,31.174376400540663
1758499200,993.7,,1088.1186159394335,1,0,0,34.169063800502045
1758585600,1016.6,,1074.74175434549,1,0,0,36.31413067189476
1758672000,1019.1,,1074.74175434549,1,0,0,36.784549909616565
1758758400,946.4,,1068.016821019847,1,0,0,39.92136777321538
1758844800,961.7,,1036.0201389178624,1,0,0,39.46269864655714
1758931200,969.5,,1036.0201389178624,1,0,0,38.77964874323163
1759017600,993.6,,1036.0201389178624,1,0,0,38.173959547286515
1759104000,1030.6,,1036.0201389178624,1,0,0,38.6401052939089
1759190400,1008.4,,1036.0201389178624,1,0,0,38.808669201486836
1759276800,1027.1,,1036.0201389178624,1,0,0,38.386621401380644
1759363200,1090.8,973.7967313033523,,1,0,0,41.10186272985345
1759449600,1189.7,1038.207058173017,,1,0,0,45.894586820578205
1759536000,1151,1062.236352355715,,1,0,0,46.49497347625118
1759622400,1167.5,1066.217717120144,,1,0,0,46.29533251366182
1759708800,1223.7,1096.0609454081296,,1,0,0,48.467094476971674
1759795200,1304.8,1155.7098508673166,,1,0,0,55.690873442902266
1759881600,1308.2,1173.858865780585,,1,0,0,56.66295391126639
1759968000,1255.9,1173.858865780585,,1,0,0,59.3084572033188
1760054400,1104.3,,1282.8788187177263,1,0,0,82.91499597451032
1760140800,1136.8,,1282.8788187177263,1,0,0,84.52821054775958
1760227200,1304.7,994.3081568386418,,1,0,0,93.6261955086339
1760313600,1295.7,1090.5523411547779,,1,0,0,95.77432440087433
1760400000,1209.6,1090.5523411547779,,1,0,0,101.4190155150976
1760486400,1163.1,1090.5523411547779,,1,0,0,99.37480012116205
1760572800,1145.4,1090.5523411547779,,1,0,0,97.56945725536477
1760659200,1072.4,,1313.1642539683505,1,0,0,100.33592459426727
1760745600,1093.3,,1313.1642539683505,1,0,0,97.51192998039103
1760832000,1110.8,,1306.8805457143637,1,0,0,95.14679212464883
1760918400,1101,,1306.8805457143637,1,0,0,92.22916411574533
1761004800,1058.1,,1272.9752420286347,1,0,0,90.06993810747781
1761091200,1072.3,,1245.8477178257713,1,0,0,85.88637109980083
1761177600,1127.3,,1245.8477178257713,1,0,0,86.05877316410078
1761264000,1109.8,,1245.8477178257713,1,0,0,83.22600365237929
1761350400,1116.7,,1245.8477178257713,1,0,0,78.65271767720935
1761436800,1137.8,,1245.8477178257713,1,0,0,75.48466641455154
1761523200,1139.2,,1245.8477178257713,1,0,0,73.67147595636929
1761609600,1103.9,,1245.8477178257713,1,0,0,73.65208481662863
1761696000,1108.4,,1238.618381483141,1,0,0,71.02693590115516
1761782400,1079.5,,1225.951543334827,1,0,1,72.06786905107263
1761868800,1089.3,,1220.4863890013444,1,0,0,69.34159269028171
1761955200,1094.8,,1210.6727501012097,1,0,0,65.43147892669018
1762041600,1083.4,,1197.9154750910889,1,0,0,62.40065900335516
1762128000,993.1,,1152.40392758198,1,0,0,66.92204050311551
1762214400,936.5,,1080.898534823782,1,0,0,70.68475189575011
1762300800,959.5,,1072.8486813414038,1,0,0,70.43584104605368
1762387200,950,,1072.8486813414038,1,0,0,68.26185239990699
1762473600,990.7,,1072.8486813414038,1,0,0,68.37172008562791
1762560000,990.8,,1072.8486813414038,1,0,0,65.55945436522592
1762646400,996.8,,1072.8486813414038,1,0,0,63.0123504819955
1762732800,991.7,,1072.8486813414038,1,0,0,61.54718259042439
1762819200,958.1,,1072.8486813414038,1,0,0,60.86524097682265
1762905600,953.2,,1069.3941434946814,1,0,0,59.239152335621036
1762992000,926.9,,1051.3697291452131,1,0,0,59.65064145450525
1763078400,915.3,,1021.2927562306918,1,0,0,58.65416706489773
1763164800,932,,1021.2927562306918,1,0,0,56.56458370311932
1763251200,927.1,,1021.2927562306918,1,0,0,55.41711343861079
1763337600,907.3,,1017.6484692921742,1,0,0,54.83731962156717
1763424000,932.9,,1015.2486223629569,1,0,0,54.7632253628838
1763510400,897.3,,1013.1437601266612,1,0,0,55.76585212267781
1763596800,866.2,,995.6693841139951,1,0,0,55.36829125677226
1763683200,830.3,,946.0324457025955,1,0,0,57.4562704527171
1763769600,833.8,,934.759201132336,1,0,0,55.39510827752302
1763856000,843.7,,934.759201132336,1,0,0,53.06688625769994
1763942400,865.5,,934.759201132336,1,0,0,52.56210866786423
1764028800,862.7,,934.759201132336,1,0,0,51.021958048731065
1764115200,892,,934.759201132336,1,0,0,50.64896104525027
1764201600,895.6,,934.759201132336,1,0,0,48.44546382773239
1764288000,887.6,,934.759201132336,1,0,0,47.106502125751504
1764374400,873.5,,934.759201132336,1,0,0,45.17032340248354
1764460800,875.6,,934.759201132336,1,0,0,44.086728873734714
1764547200,827.1,,926.4899763188389,1,0,0,46.24481966846794
1764633600,876.9,,926.4899763188389,1,0,0,47.5201896921488
1764720000,920.8,,926.4899763188389,1,0,0,47.590176142709595
1764806400,900.2,,926.4899763188389,1,0,0,47.11230641823034
1764892800,883.9,,926.4899763188389,1,0,0,46.382855959785324
1764979200,890.8,,926.4899763188389,1,0,0,44.4626519626578
1765065600,894.6,,926.4899763188389,1,0,0,43.77960539389653
1765152000,897.4,,926.4899763188389,1,0,0,42.34534786576106
1765238400,897.7,,926.4899763188389,1,0,0,42.59925158963527
1765324800,893.7,,926.4899763188389,1,0,0,41.78501933323275
1765411200,886,,926.4899763188389,1,0,1,41.3003750951447
1765497600,881.8,,926.4899763188389,1,0,0,40.15034830263437
1765584000,896.9,,926.4899763188389,1,0,0,38.96818056673192
1765670400,877.4,,926.4899763188389,1,0,0,38.26331052625107
1765756800,858.8,,926.4899763188389,1,0,0,39.33021691723314
1765843200,875.6,,926.4899763188389,1,0,0,38.613772851716476
1765929600,843.2,,926.4899763188389,1,0,0,38.86993193373673
1766016000,830.2,,908.9042781029674,1,0,0,38.52207965275553
1766102400,856.2,,908.9042781029674,1,0,0,38.59193110613013
1766188800,854.2,,908.9042781029674,1,0,0,36.435364598549405
1766275200,858.7,,908.9042781029674,1,0,0,34.83998141293873
1766361600,858.4,,908.9042781029674,1,0,0,33.615697026300246
1766448000,843.9,,908.9042781029674,1,0,0,32.871718667278806
1766534400,846.3,,899.043197859319,1,0,0,31.566595905330324
1766620800,829.2,,892.5188780733872,1,0,0,30.776124769235302
1766707200,834.3,,888.4019902660484,1,0,0,30.39925871428992
1766793600,844.8,,888.4019902660484,1,0,0,29.05645452041207
1766880000,859.2,,888.4019902660484,1,0,0,28.952422054668354
1766966400,851.5,,888.4019902660484,1,0,0,28.720106193620616
1767052800,860.9,,888.4019902660484,1,0,0,27.811527179790573
1767139200,863.4,,888.4019902660484,1,0,0,27.21784666694839
1767225600,863.7,,888.4019902660484,1,0,0,26.538000476452073
1767312000,881,,888.4019902660484,1,0,0,26.99957187099121
1767398400,878.4,,888.4019902660484,1,0,0,26.121031023063264
1767484800,895,842.7464496022043,,1,0,0,26.00524309284446
1767571200,909.9,856.0268046419839,,1,0,0,25.90486858621271
1767657600,917.2,857.7441241777855,,1,0,0,26.23309225862609
1767744000,899.4,857.7441241777855,,1,0,0,26.273585668724223
1767830400,891.7,857.7441241777855,,1,0,0,26.518329549529636
1767916800,895.8,857.7441241777855,,1,0,0,25.74559172456323
1768003200,906.9,857.7441241777855,,1,0,0,25.249478029951575
1768089600,903.1,860.6481643857405,,1,0,0,24.745943884955036
1768176000,905,860.6481643857405,,1,0,0,24.11409075031539
1768262400,942.8,878.3130131524499,,1,0,0,26.491655696721434
1768348800,948.2,888.6917118372048,,1,0,0,26.477966004098473
1768435200,930.8,888.6917118372048,,1,0,0,26.32953986094859
1768521600,937.5,888.6917118372048,,1,0,0,25.527429870880827
1768608000,946.8,897.7616079293223,,1,0,0,25.396899165817906
1768694400,932.2,897.7616079293223,,1,0,0,25.111406368259484
1768780800,922.9,897.7616079293223,,1,0,0,25.432020199098094
1768867200,883.5,,961.3460378195239,1,0,0,27.372590184876803
1768953600,882.8,,934.2214340375716,1,0,0,27.48883374309989
1769040000,887.4,,934.2214340375716,1,0,0,26.925345618592758
1769126400,890.8,,934.2214340375716,1,0,0,26.602106645836137
1769212800,886,,934.2214340375716,1,0,0,25.25909902827641
1769299200,865.3,,921.4480928720508,1,0,0,25.662020526256665
1769385600,878.8,,921.4480928720508,1,0,0,25.03616191723833
1769472000,897.3,,921.4480928720508,1,0,0,25.012150351721314
1769558400,901.4,,921.4480928720508,1,0,0,24.296996755169793
1769644800,867.5,,921.4480928720508,1,0,0,26.37578270122909
1769731200,857.6,,905.2594968600172,1,0,0,27.09179822256987
1769817600,780.9,,875.5735471740155,1,0,0,33.10666977810059
1769904000,757.8,,838.9711924566141,1,0,0,34.21333622252198
1769990400,773.5,,832.5840732109525,1,0,0,35.49809792091326
1770076800,754.3,,832.5840732109525,1,0,0,36.43394806941945
1770163200,696.3,,812.4780993008715,1,0,0,39.39580892160377
1770249600,607.7,,749.5952893707845,1,0,0,43.78182257006065
1770336000,657.2,,729.505760433706,1,0,0,47.4759781007706
1770422400,646.9,,729.505760433706,1,0,0,46.499122522144134
1770508800,639.7,,729.505760433706,1,0,0,44.606328056276695
1770595200,636.1,,724.3566493561716,1,0,0,43.56301890939979
1770681600,619.7,,717.4209844205545,1,0,0,42.42280327301409
1770768000,608.1,,693.568885978499,1,0,0,42.006888753513074
1770854400,614,,693.5419973806491,1,0,0,40.46353955683357
1770940800,618.7,,688.4077976425842,1,0,0,39.7161438742026
1771027200,632.6,,688.4077976425842,1,0,0,38.42213359747384
1771113600,615,,688.4077976425842,1,0,0,38.03483834051143
1771200000,627.1,,688.4077976425842,1,0,0,37.16806417333204
1771286400,617.6,,688.4077976425842,1,0,0,36.084631018094036
1771372800,604.7,,682.4558464299697,1,0,0,35.26430023108732
1771459200,607.8,,670.8202617869728,1,0,0,34.07399307172394
1771545600,625.8,,670.8202617869728,1,0,0,33.68299356660079
1771632000,625.6,,670.8202617869728,1,0,0,32.055636883272165
1771718400,614.8,,670.8202617869728,1,0,0,31.00166282018129
1771804800,596.3,,658.3519137584327,1,0,0,30.958686904454055
1771891200,583.9,,647.1967223825894,1,0,0,30.568780696993052
1771977600,629.6,,647.1967223825894,1,0,0,32.58529636149355
1772064000,626,,647.1967223825894,1,0,0,31.693489478529717
1772150400,614.2,,647.1967223825894,1,0,0,31.493954515777602
1772236800,617.1,,647.1967223825894,1,0,0,31.644386336079204
1772323200,618,,647.1967223825894,1,0,0,30.905501597787836
1772409600,638.9,,647.1967223825894,1,0,0,31.540822912231558
1772496000,634.25,,647.1967223825894,1,0,0,31.140764132786444
1772582400,657.19,584.1555878493222,,1,0,0,31.758566694730266
1772668800,648.78,595.97052906439,,1,0,0,30.75795478796382
1772755200,628.62,595.97052906439,,1,0,0,30.401672303109258
1772841600,620.54,595.97052906439,,1,0,0,28.988695710030026
1772928000,612.75,595.97052906439,,1,0,0,27.957360302170734
1773014400,634.6,595.97052906439,,1,0,0,28.077548852015678
1773100800,641.66,595.97052906439,,1,0,0,27.34343821972885
1773187200,651.7,595.97052906439,,1,0,0,26.72247834689108
1773273600,652.71,601.2470111163576,,1,0,0,25.830872750684573
1773360000,655.47,615.7683100047219,,1,0,0,25.874381839921387
1773446400,657.66,615.7683100047219,,1,0,0,24.537640279927
1773532800,674.51,621.8329311038246,,1,0,0,24.50852311707507
1773619200,679.16,635.3521379934423,,1,0,0,23.865771465855424
1773705600,668.27,635.3521379934423,,1,0,0,23.646073504008605
1773792000,651.95,635.3521379934423,,1,0,0,24.088496825150852
1773878400,638.73,635.3521379934423,,1,0,0,23.737889909068645
1773964800,641.16,635.3521379934423,,1,0,0,22.797326344135175
1774051200,628.44,,678.5088869862523,1,0,0,22.40037446241123
1774137600,628.44,,669.2929982876271,1,0,0,21.662490572239
1774224000,637.65,,669.2929982876271,1,0,0,22.15088410279336
1774310400,638.73,,669.2929982876271,1,0,0,21.471535238308117
1774396800,646.85,,669.2929982876271,1,0,0,20.994997007000393
1774483200,629.26,,669.2929982876271,1,0,0,21.07106864935751
1774569600,612.28,,659.2581628088609,1,0,0,21.331706602974833
1774656000,612.08,,652.3433465279747,1,0,0,20.35087041704805
1774742400,606.15,,643.2390118751773,1,0,0,20.13080824440176
1774828800,609.08,,643.2390118751773,1,0,0,19.720750512658775
1774915200,616.99,,643.2390118751773,1,0,0,19.80426833318315
1775001600,610.78,,643.2390118751773,1,0,0,19.140392023670074
1775088000,583.05,,631.9814241913039,1,0,0,20.7682211648365
1775174400,588.44,,623.7997817721734,1,0,0,19.731205367348178
1775260800,592.92,,623.7997817721734,1,0,0,18.902547841109023
1775347200,601.5,,623.7997817721734,1,0,0,18.71379442388695
1775433600,600.54,,623.7997817721734,1,0,0,18.23066625075216
1775520000,621.82,,623.7997817721734,1,0,0,19.09204723284129
1775606400,602,,623.7997817721734,1,0,0,19.144043859066915
1775692800,602.43,,623.7997817721734,1,0,0,18.78018358341928
1775779200,606.27,,623.7997817721734,1,0,0,18.363741898889334
1775865600,607.25,,623.7997817721734,1,0,0,17.734903191825804
1775952000,591.75,,623.7997817721734,1,0,0,17.670267249552534
1776038400,616.61,,623.7997817721734,1,0,0,18.28739101744164
1776124800,614.91,,623.7997817721734,1,0,0,17.86329165905295
1776211200,622.79,,623.7997817721734,1,0,0,17.706627969120603
1776297600,635.55,591.5510804292813,,1,0,0,17.895440257040555
1776384000,642.2,601.8354723863532,,1,0,0,17.876480238680514
1776470400,630.71,603.571425147718,,1,0,0,18.02458879306048
1776556800,615.92,603.571425147718,,1,0,0,17.793546736413308
1776643200,629.57,603.571425147718,,1,0,0,17.646864826669503
1776729600,628.44,603.571425147718,,1,0,0,17.381374481907393
1776816000,638.73,607.4233455394177,,1,0,0,17.95770487605686
1776902400,639.12,607.4233455394177,,1,0,0,17.28715452776708
1776988800,636.47,607.4233455394177,,1,0,0,16.588072061498004
1777075200,629.57,607.4233455394177,,1,0,0,16.22392405710529
1777161600,635.28,607.4233455394177,,1,0,0,15.770072338740627
1777248000,626.17,607.4233455394177,,1,0,0,16.010781457402018
1777334400,624.73,607.4233455394177,,1,0,0,15.375725639016158
1777420800,617.53,607.4233455394177,,1,0,0,15.618888093372153
1777507200,614.81,607.4233455394177,,1,0,0,14.92253894384557
1777593600,613.86,607.4233455394177,,1,0,0,14.469500447856603
1777680000,618.83,607.4233455394177,,1,0,0,13.913107558723985
1777766400,621.67,607.4233455394177,,1,0,0,13.370028447386554
1777852800,623.76,607.4233455394177,,1,0,0,13.980740701144654
1777939200,630.71,607.4233455394177,,1,0,0,13.736402079634328
1778025600,646.95,616.9711000592241,,1,0,0,15.268801931089014
1778112000,636.43,616.9711000592241,,1,0,0,15.48603036458266
1778198400,649.19,616.9711000592241,,1,0,0,15.513456767112471
1778284800,650.2,621.5068269431745,,1,0,0,15.003209855175866
1778371200,664.6,625.169644248857,,1,0,0,15.473694865520448
1778457600,670.44,628.8971798239713,,1,0,0,15.914859517983272
1778544000,664.36,628.8971798239713,,1,0,0,16.24522669527018
1778630400,671.93,640.2633656574167,,1,0,0,16.57199621703659
1778716800,677.93,642.0820290916752,,1,0,0,16.814710772962545
1778803200,672.18,645.4033261825075,,1,0,0,16.996517146322365
1778889600,656.17,645.4033261825075,,1,0,0,17.444623064442194
1778976000,648.02,645.4033261825075,,1,0,0,17.372149988410605
1779062400,643.36,,677.792105212952,1,0,0,17.169853560666986
1779148800,639.88,,674.5988946916567,1,0,0,16.57557830633362
1779235200,648.25,,674.5988946916567,1,0,0,16.304465570166933
1779321600,657.74,,674.5988946916567,1,0,0,16.000575172297864
1779408000,649.19,,674.5988946916567,1,0,0,15.912676945705158
1779494400,655.86,,674.5988946916567,1,0,0,16.659628592440505
1779580800,656.26,,674.5988946916567,1,0,0,16.31608369298047
1779667200,662.92,,674.5988946916567,1,0,0,16.22850628633901
1779753600,656.26,,674.5988946916567,1,0,0,16.06004155160051
1779840000,648.02,,674.5988946916567,1,0,0,15.754324297914758
1779926400,637.58,,669.752617678366,1,0,0,15.996872562349418
1780012800,641.98,,668.0868559105296,1,0,0,15.747095950753032
1780099200,718.21,640.0758296805234,,1,0,0,20.536589097127813
1780185600,705.97,676.1792467124711,,1,0,0,21.528261304475823
1780272000,694.53,676.1792467124711,,1,0,0,23.831242639870403
1780358400,650.29,,726.4622101628984,1,0,0,25.853296737022514
1780444800,623.26,,695.9094891466086,1,0,0,26.63520411294948
1780531200,604.4,,666.0695402319478,1,0,0,27.279832390595946
1780617600,567.45,,645.2165862087529,1,0,0,28.784844362696226
1780704000,574.64,,634.4214275878776,1,0,0,28.213069765360782
1780790400,604.66,,634.4214275878776,1,0,0,28.712136210692147
1780876800,600.86,,634.4214275878776,1,0,0,27.89912648135699
1780963200,591.08,,634.4214275878776,1,0,0,27.224903161260055
1781049600,586.76,,634.4214275878776,1,0,0,26.435981506884332
1781136000,605.13,,634.4214275878776,1,0,0,25.89769711353545
1781222400,602.91,,634.4214275878776,1,0,0,25.180004462568625
1781308800,610.09,,634.4214275878776,1,0,0,24.24714700095658
1781395200,614.97,,634.4214275878776,1,0,0,23.4494936437454
1781481600,617.75,,634.4214275878776,1,0,0,23.087386954906442
1781568000,605,,634.4214275878776,1,0,0,22.610430743841704
1781654400,600.45,,634.4214275878776,1,0,0,22.08611426213872
1781740800,578.1,,632.7953014948145,1,0,0,22.65424895770024
1781827200,581.5,,618.615771345333,1,0,0,21.84465974643593
1781913600,587.45,,618.615771345333,1,0,0,20.894326907404793
1782000000,583.61,,618.615771345333,1,0,0,19.99258927116159
1782086400,588.92,,618.615771345333,1,0,0,19.87311860893576
1782172800,576.47,,618.615771345333,1,0,0,19.89718156544035
1782259200,563.44,,603.8647793217058,1,0,0,20.743097167908896
1782345600,559.6,,598.4113013895351,1,0,0,21.457875941629688
1782432000,567.74,,598.4113013895351,1,0,0,21.178741945799
1782518400,556.54,,598.4113013895351,1,0,0,20.587403235384784
1782604800,550.85,,590.2682937129711,1,0,0,20.029017290000155
1782691200,558.86,,590.2682937129711,1,0,0,19.694087483571575
1782777600,544.65,,588.1591679075066,1,0,0,19.419509806173608
1782864000,550.85,,585.2807511167559,1,0,0,19.530259105732636
1782950400,558.25,,585.2807511167559,1,0,0,19.523812026751727
1783036800,573.74,,585.2807511167559,1,0,0,19.319968310555172
1783123200,575.18,,585.2807511167559,1,0,0,18.543542002658377
1783209600,589.69,544.3659256922964,,1,0,0,18.76757471675421
1783296000,585.74,544.3659256922964,,1,0,0,18.927747951271765
1783382400,577.32,545.8946998107601,,1,0,0,18.275051669038067
1783468800,567.93,545.8946998107601,,1,0,0,18.21969083553535
1783555200,568.82,545.8946998107601,,1,0,0,17.637570061568542
1783641600,575.24,545.8946998107601,,1,0,0,17.00845791431364
1783728000,575.02,547.3720630458397,,1,0,0,16.419282349005524
1783814400,573.56,547.3720630458397,,1,0,0,16.069333609790842
1783900800,564.84,547.3720630458397,,1,0,0,16.057238351948637
1783987200,582.43,547.3720630458397,,1,0,0,16.24957846966659
1784073600,579.67,551.0704485643754,,1,0,0,15.694608578976121
1784160000,572.02,551.0704485643754,,1,0,0,15.476422251906397
1784246400,567.93,551.0704485643754,,1,0,0,15.638106376770226
1784332800,570.8,551.0704485643754,,1,0,0,14.914670207000924
1784419200,570.36,551.0704485643754,,1,0,0,14.22076519221514
1784505600,569.72,551.0704485643754,,1,0,0,13.990710535628343
1784592000,573.17,551.0704485643754,,1,0,0,13.619945497369173
1784678400,570.27,551.0704485643754,,1,0,0,13.22709224755709
1784764800,567.22,551.0704485643754,,1,0,0,12.850157087017303
1784851200,564.22,551.0704485643754,,1,0,0,12.829431580801785
1784937600,568.46,551.0704485643754,,1,0,0,12.288757896458801
1785024000,573.43,551.2966763479695,,1,0,0,11.958132332426027
1785110400,565.97,551.2966763479695,,1,0,0,11.848265737252737
1785196800,569.4,551.2966763479695,,1,0,0,11.73553247030612
1785283200,570.36,551.2966763479695,,1,0,0,11.337280150998538
1785369600,591.94,559.8849058519028,,1,0,0,12.306760140212926
1785456000,586.72,565.7509152667125,,1,0,0,12.21842013019772
1785542400,575.16,565.7509152667125,,1,0,0,12.6106758351836
1785628800,587.92,565.7509152667125,,1,0,0,12.815627561241914
1785715200,589.31,565.7509152667125,,1,0,0,12.739511306867493
1785801600,593.67,568.09604400649,,1,0,0,12.46811764209124
1785888000,593.16,573.4044396058412,,1,0,0,12.388966381941867
1785974400,592.05,573.4044396058412,,1,0,0,11.97618306894602
1786060800,592.34,573.4044396058412,,1,0,0,11.652169992592729
1786147200,600.88,576.6734764726581,,1,0,0,12.241300707407532
1786233600,602.13,581.5611288253923,,1,0,0,12.127636371164135
1786320000,598.78,581.5611288253923,,1,0,0,11.882090916080978
1786406400,616.38,583.3330643485679,,1,0,0,12.290512993503768
1786492800,609.9,589.9512579137111,,1,0,0,12.202619208253495
1786579200,609.95,589.9512579137111,,1,0,0,11.953146407663963
1786665600,607.57,589.9512579137111,,1,0,0,11.70863594997368
1786752000,607.9,589.9512579137111,,1,0,0,11.193733382118415
1786838400,602.34,589.9512579137111,,1,0,0,10.89918099768138
1786924800,605.51,589.9512579137111,,1,0,0,10.609239497846989
1787011200,603.11,589.9512579137111,,1,0,0,10.278579533715062
1787097600,626.24,594.2724220182286,,1,0,0,11.982252424163987
1787184000,657.27,611.6026798164056,,1,0,0,13.62137725100942
1787270400,687.83,638.9309118347651,,1,0,0,15.23627887593732
1787356800,696.94,665.6393206512886,,1,0,0,17.167258956227517
1787443200,701.68,665.6393206512886,,1,0,0,18.139597602211264
1787529600,713.31,665.6393206512886,,1,0,0,18.428197773481884