time,close,Up Trend,Down Trend,Macro Score Heatmap,Rate Hike,Rate Cut,ATR
1437350400,280,,298.42075651513835,1,0,0,10.481552584363456
1437436800,277.32,,298.42075651513835,1,0,0,10.048584542623205
1437523200,277.89,,295.89471277726204,1,0,0,9.582971361007264
1437609600,277.39,,295.89471277726204,1,0,0,9.146330549506747
1437696000,289.12,,295.89471277726204,1,0,0,9.57087836739912
1437782400,289.7,,295.89471277726204,1,0,0,9.233672769727756
1437868800,293.89,,295.89471277726204,1,0,0,8.991267571890061
1437955200,294.21,,295.89471277726204,1,0,0,9.04617703104077
1438041600,295.76,,295.89471277726204,1,0,0,8.710735814537859
1438128000,290.19,,295.89471277726204,1,0,0,8.62925468492801
1438214400,288.49,,295.89471277726204,1,0,0,8.370022207433154
1438300800,285.19,,295.89471277726204,1,0,0,8.287163478330784
1438387200,281.53,,295.89471277726204,1,0,0,8.290937515592875
1438473600,282.62,,295.36304484183364,1,0,0,8.07658483590767
1438560000,280.95,,295.36304484183364,1,0,0,7.898971633342839
1438646400,285.51,,295.36304484183364,1,0,0,7.789045088104066
1438732800,282.77,,295.36304484183364,1,0,0,7.535541867525205
1438819200,279.65,,294.248638220727,1,0,0,7.270146019844832
1438905600,279.94,,292.05577439865436,1,0,0,7.045135589855916
1438992000,262.02,,285.7841969587889,1,0,0,7.976911619151925
1439078400,267.63,,280.55327726291,1,0,0,7.9664179320696435
1439164800,265.15,,280.55327726291,1,0,0,7.805959508350382
1439251200,271.99,,280.55327726291,1,0,0,7.754105257753925
1439337600,266.94,,280.55327726291,1,0,0,7.672383453628641
1439424000,264.67,,279.80669271219523,1,0,0,7.472927492655167
1439510400,266.17,,279.3200234409757,1,0,0,7.3305755288940855
1439596800,262.46,,278.5860210968782,1,0,0,7.22982013397308
1439683200,259.2,,273.3414189871903,1,0,0,7.244118695832149
1439769600,257.31,,272.3337770884713,1,0,0,7.1545387889869945
1439856000,221.99,,253.0108993796242,1,0,0,10.78921458977364
1439942400,227.34,,253.0108993796242,1,0,0,11.738556404789808
1440028800,235.56,,253.0108993796242,1,0,0,11.675802375876248
1440115200,232.85,,253.0108993796242,1,0,0,11.258959349027945
1440201600,231.15,,253.0108993796242,1,0,0,11.372605109811662
1440288000,229.21,,253.0108993796242,1,0,0,11.0674190305394
1440374400,211.16,,244.69776859720687,1,0,0,11.6511748140723
1440460800,223.73,,242.61899173748617,1,0,0,13.066805184495708
1440547200,226.81,,242.61899173748617,1,0,0,12.977033385603159
1440633600,225.8,,242.61899173748617,1,0,0,12.477959572345792
1440720000,231.55,,242.61899173748617,1,0,0,12.656676745749666
1440806400,230.61,,242.61899173748617,1,0,0,12.177628406767544
1440892800,229.39,,242.61899173748617,1,0,0,11.799226377712719
1440979200,230.75,,242.61899173748617,1,0,0,11.511424493590383
1441065600,228.22,,242.61899173748617,1,0,0,11.194894172619641
1441152000,229.97,,242.61899173748617,1,0,0,10.752401731718237
1441238400,227.25,,242.61899173748617,1,0,0,10.292230179452648
1441324800,231.39,,242.61899173748617,1,0,0,9.932070880920318
1441411200,236.01,,242.61899173748617,1,0,0,9.731208675140294
1441497600,241.29,,242.61899173748617,1,0,0,9.698979484058844
1441584000,241.31,,242.61899173748617,1,0,0,9.27548094948321
1441670400,244.14,226.837291905434,,1,0,0,9.149375167377267
1441756800,238.75,226.837291905434,,1,0,0,8.930848369707462
1441843200,238.52,226.837291905434,,1,0,0,8.629359200442645
1441929600,240.9,226.837291905434,,1,0,0,8.230119257553884
1442016000,236.5,226.837291905434,,1,0,0,8.060825024871464
1442102400,230.82,226.837291905434,,1,0,0,7.998623237380646
1442188800,231.01,226.837291905434,,1,0,0,7.8544358632820295
1442275200,230.6,226.837291905434,,1,0,0,7.448404730190457
1442361600,229.73,226.837291905434,,1,0,0,7.284232963748281
1442448000,233.34,226.837291905434,,1,0,0,7.258216323480548
1442534400,233.78,226.837291905434,,1,0,0,6.96905801466051
1442620800,232.88,226.837291905434,,1,0,0,6.636268156470473
1442707200,232.24,226.837291905434,,1,0,0,6.316534716722582
1442793600,227.31,226.837291905434,,1,0,0,6.348925094099539
1442880000,231.28,226.837291905434,,1,0,0,6.470430444521002
1442966400,230.26,226.837291905434,,1,0,0,6.274685412769501
1443052800,235.27,226.837291905434,,1,0,0,6.247922169000252
1443139200,235.89,226.837291905434,,1,0,0,6.058784871214519
1443225600,234.69,226.837291905434,,1,0,0,5.818871666127768
1443312000,233.58,226.837291905434,,1,0,0,5.533952261404357
1443398400,239.99,226.90438840506093,,1,0,0,5.637955671304047
1443484800,236.89,228.86144956455485,,1,0,0,5.549530266210901
1443571200,237.14,228.86144956455485,,1,0,0,5.330992390052979
1443657600,238.34,229.2490741472894,,1,0,0,5.161635790763482
1443744000,238.28,229.48116673256047,,1,0,0,4.96651894856609
1443830400,239.92,230.76355005930444,,1,0,0,4.818196166525657
1443916800,239.87,231.86269505337398,,1,0,0,4.560467868916682
1444003200,240.95,231.86269505337398,,1,0,0,4.4832915925654895
1444089600,246.64,235.66263299323293,,1,0,0,4.712342193096526
1444176000,244,235.66263299323293,,1,0,0,4.930032036446775
1444262400,242.94,235.66263299323293,,1,0,0,4.805029748129149
1444348800,244.35,235.66263299323293,,1,0,0,4.731813337548496
1444435200,246.07,236.5911900068601,,1,0,0,4.558112384866459
1444521600,249.02,239.4180710061741,,1,0,0,4.544675785947427
1444608000,246.39,239.4180710061741,,1,0,0,4.4521989440940395
1444694400,250.99,239.46548751500103,,1,0,0,4.6084704480873215
1444780800,253.27,243.83193876350092,,1,0,0,4.61857970179537
1444867200,254.99,246.34324488715083,,1,0,0,4.545109723095699
1444953600,263.43,250.91342039843576,,1,0,0,5.130459028588864
1445040000,272.87,257.2930783585922,,1,0,0,5.603997669403944
1445126400,265,257.2930783585922,,1,0,0,5.957997835875092
1445212800,265.17,257.2930783585922,,1,0,0,5.973855133312585
1445299200,271.14,257.2930783585922,,1,0,0,6.159294052361686
1445385600,268.77,257.2930783585922,,1,0,0,6.280058762907281
1445472000,275.84,260.1654469399651,,1,0,0,6.635054565556762
1445558400,278.76,264.3424022459686,,1,0,0,6.5732649537312815
1445644800,284.29,267.92366202137174,,1,0,0,6.5137460284647615
1445731200,284.97,274.74829581923456,,1,0,0,6.952049883574424
1445817600,287.1,274.74829581923456,,1,0,0,6.858332034747678
1445904000,295.61,277.17086961357995,,1,0,0,7.161308317979988
1445990400,304.09,285.88378265222195,,1,0,0,7.601214866695703
1446076800,316.08,292.7914043869998,,1,0,0,8.428985233360295
1446163200,329.11,305.4777639482998,,1,0,0,9.33191485954885
1446249600,314.85,305.4777639482998,,1,0,0,10.664635226723927
1446336000,329.46,305.4777639482998,,1,0,0,11.371446996243646
1446422400,365.21,316.28199491831055,,1,0,0,13.827057925083386
1446508800,404.1,350.74229542647953,,1,0,0,17.14155378757743
1446595200,410,370.40356588383156,,1,0,0,25.334299945607615
1446681600,387.21,370.40356588383156,,1,0,0,29.47756423520707
1446768000,374.09,370.40356588383156,,1,0,0,30.51488107554942
1446854400,384.81,370.40356588383156,,1,0,0,29.804532427295893
1446940800,373.83,370.40356588383156,,1,0,0,29.4913515396319
1447027200,379.53,370.40356588383156,,1,0,0,29.25339785822962
1447113600,337.14,,425.4378667331307,1,0,0,31.466012296927506
1447200000,313.2,,393.2115800598176,1,0,0,32.67772570428983
1447286400,336.49,,393.2115800598176,1,0,0,32.68288815398341
1447372800,338.07,,393.2115800598176,1,0,0,31.634110428698882
1447459200,334.71,,393.2115800598176,1,0,0,30.10095968379182
1447545600,322.93,,390.6619541772463,1,0,0,29.134462563520977
1447632000,332.89,,384.94425875952174,1,0,0,28.337715237555194
1447718400,336.49,,384.94425875952174,1,0,0,27.072164149158397
1447804800,335.49,,384.94425875952174,1,0,0,25.7098667099328
1447891200,326.41,,379.7156146356913,1,0,0,24.693447659223317
1447977600,322.39,,366.46505317212217,1,0,0,24.05891568356451
1448064000,327,,366.46505317212217,1,0,0,23.173993134738478
1448150400,323.71,,365.63794306941895,1,0,0,21.947279339400016
1448236800,323,,362.27414876247707,1,0,0,20.665330815157155
1448323200,321,,356.0657338862294,1,0,0,19.558521471217357
1448409600,328.98,,356.0657338862294,1,0,0,19.147198508987547
1448496000,352.57,,356.0657338862294,1,0,0,20.579541472631295
1448582400,358.19,317.75294499693877,,1,0,0,20.28814565315763
1448668800,357.24,319.04065049724494,,1,0,0,19.448992392217804
1448755200,372.24,327.38358544752043,,1,0,0,19.44335007848796
1448841600,376.86,339.2057269027684,,1,0,0,19.152396501453104
1448928000,362.68,339.2057269027684,,1,0,0,19.52293960849217
1449014400,360,339.2057269027684,,1,0,0,19.236301065028442
1449100800,361.77,339.2057269027684,,1,0,0,18.824422417526414
1449187200,363.98,339.2057269027684,,1,0,0,18.152677959131672
1449273600,387.99,341.20060622881573,,1,0,0,18.715343819193695
1449360000,387.57,350.75104560593417,,1,0,0,19.220676403537002
1449446400,394.73,353.7434410453407,,1,0,0,18.88848523185579
1449532800,418.94,363.4775969408067,,1,0,0,19.84287914386609
1449619200,418.39,372.796337246726,,1,0,0,20.139816347875655
1449705600,415.68,375.2667035220534,,1,0,0,19.52268660874168
1449792000,452.95,392.273033169848,,1,0,0,20.803923279545845
1449878400,436.87,392.273033169848,,1,0,0,24.05650018814971
1449964800,433.83,392.273033169848,,1,0,0,24.08175017471044
1450051200,444.01,392.273033169848,,1,0,0,23.853053733659692
1450137600,464.27,405.09230506273735,,1,0,0,23.662835609826857
1450224000,453.97,405.09230506273735,,1,1,0,23.73906163769637
1450310400,455.5,405.09230506273735,,1,0,0,22.780557235003773
1450396800,463.17,415.0496353907355,,1,0,0,21.997660289646365
1450483200,461.29,416.05967185166196,,1,0,0,21.427827411814487
1450569600,442.22,416.05967185166196,,1,0,0,22.132982596684883
1450656000,436.81,416.05967185166196,,1,0,0,21.96491241120739
1450742400,433.92,416.05967185166196,,1,0,0,21.068847238978293
1450828800,442.43,416.05967185166196,,1,0,0,20.76535815047984
1450915200,455.74,416.05967185166196,,1,0,0,20.53783256830271
1451001600,455.84,416.5469648785191,,1,0,0,19.712273099138233
1451088000,419.41,416.5469648785191,,1,0,0,21.753539306342645
1451174400,424.72,416.5469648785191,,1,0,0,21.616143641603887
1451260800,421.94,416.5469648785191,,1,0,0,20.92213338148932
1451347200,433.89,416.5469648785191,,1,0,0,20.469838139954366
1451433600,427.95,416.5469648785191,,1,0,0,19.91056398710048
1451520000,430.35,416.5469648785191,,1,0,0,19.556952273736158
1451606400,435.66,416.5469648785191,,1,0,0,18.819312825612144
1451692800,435.4,416.5469648785191,,1,0,0,17.842933338068416
1451779200,431.91,416.5469648785191,,1,0,0,17.33486667106353
1451865600,433.85,416.5469648785191,,1,0,0,16.412376194558995
1451952000,433.34,416.5469648785191,,1,0,0,15.642920752090493
1452038400,430.87,416.5469648785191,,1,0,0,14.904854984084029
1452124800,459.08,416.5469648785191,,1,0,0,15.948079628078025
1452211200,454.44,426.03000732339854,,1,0,0,16.013931083215308
1452297600,450.38,426.03000732339854,,1,0,0,15.465793148699927
1452384000,449.99,426.03000732339854,,1,0,0,14.963236495221361
1452470400,449.19,426.03000732339854,,1,0,0,14.378005316991263
1452556800,434.01,426.03000732339854,,1,0,0,14.608862080063318
1452643200,432.76,426.03000732339854,,1,0,0,14.45822907434451
1452729600,430.03,426.03000732339854,,1,0,0,13.944784140462758
1452816000,357.53,,431.3823213267412,1,0,0,18.162299559001134
1452902400,388.7,,412.8045891940671,1,0,0,19.72784959050105
1452988800,378.46,,412.8045891940671,1,0,0,19.675860334036688
1453075200,384.89,,412.8045891940671,1,0,0,19.4132988816055
1453161600,375.27,,412.8045891940671,1,0,0,19.133777532919392
1453248000,418.54,350.2235650297726,,1,0,0,21.774221994853722
1453334400,409.38,367.5372085267953,,1,0,0,21.759634709507026
1453420800,382.9,367.5372085267953,,1,0,0,23.071803658827953
1453507200,387.5,367.5372085267953,,1,0,0,22.57881768319739
1453593600,403.05,367.5372085267953,,1,0,0,22.35461642011186
1453680000,391.4,367.5372085267953,,1,0,0,21.946429532961012
1453766400,391.54,367.5372085267953,,1,0,0,21.037398852035228
1453852800,394.79,367.5372085267953,,1,0,0,19.997584648318426
1453939200,379.61,367.5372085267953,,1,0,0,19.84632860200997
1454025600,378.68,367.5372085267953,,1,0,0,19.985876559009256
1454112000,378.46,367.5372085267953,,1,0,0,19.061171090508598
1454198400,367.95,367.5372085267953,,1,0,0,18.949658869757986
1454284800,371.33,367.5372085267953,,1,0,0,18.506111807632415
1454371200,372.93,367.5372085267953,,1,0,0,17.415675249944385
1454457600,368.87,367.5372085267953,,1,0,0,16.69884130351979
1454544000,387.99,367.5372085267953,,1,0,0,17.069638353268374
1454630400,384.5,367.5372085267953,,1,0,0,16.305378470892062
1454716800,375.44,367.5372085267953,,1,0,0,16.17570858011406
1454803200,377.49,367.5372085267953,,1,0,0,15.48958653867734
1454889600,371.14,367.5372085267953,,1,0,0,15.015330357343245
1454976000,372.68,367.5372085267953,,1,0,0,14.2856639032473
1455062400,378.44,367.5372085267953,,1,0,0,14.084545053015349
1455148800,378.23,367.5372085267953,,1,0,0,14.392791834942823
1455235200,382.05,367.5372085267953,,1,0,0,13.692592418161196
1455321600,390.99,367.5372085267953,,1,0,0,13.685978674006822
1455408000,406.59,373.1930452101385,,1,0,0,13.846265911577763
1455494400,398.95,375.35774068912457,,1,0,0,13.932961203607922
1455580800,407.42,375.35774068912457,,1,0,0,14.173463974778786
1455667200,415.2,385.6841699581909,,1,0,0,14.192502262294585
1455753600,421.19,392.96375296237187,,1,0,0,13.763752100702115
1455840000,420.72,394.27287766613466,,1,0,0,13.209198379223393
1455926400,437.46,405.0175898995211,,1,0,0,13.975684209278866
1456012800,438.56,408.47883090956907,,1,0,0,14.598135337187518
1456099200,437.55,408.47883090956907,,1,0,0,14.130411384531268
1456185600,419.97,408.47883090956907,,1,0,0,15.031096285636172
1456272000,423.94,408.47883090956907,,1,0,0,15.07173226523359
1456358400,423.54,408.47883090956907,,1,0,0,14.555179960574048
1456444800,430.85,408.47883090956907,,1,0,0,14.324095677675905
1456531200,433.12,408.47883090956907,,1,0,0,13.645945986413341
1456617600,433.73,408.47883090956907,,1,0,0,13.604806987383816
1456704000,436.44,410.69194197915397,,1,0,0,13.409463631142115
1456790400,433.08,410.69194197915397,,1,0,0,13.185930514631963
1456876800,420.39,410.69194197915397,,1,0,0,13.458364049301109
1456963200,418.8,410.69194197915397,,1,0,0,13.509195188636744
1457049600,407.35,,440.9757373674771,1,0,0,13.737824103734116
1457136000,396.08,,424.9166636307294,1,0,0,14.737979524895966
1457222400,403.24,,424.9166636307294,1,0,0,15.418123844546255
1457308800,412.21,,424.9166636307294,1,0,0,16.012543569935808
1457395200,411.18,,424.9166636307294,1,0,0,15.506647600654679
1457481600,412.8,,424.9166636307294,1,0,0,14.77402991489363
1457568000,415.98,,424.9166636307294,1,0,0,14.1337420638298
1457654400,419.39,,424.9166636307294,1,0,0,13.554903344984812
1457740800,410.58,,424.9166636307294,1,0,0,13.642410248914471
1457827200,412.52,,424.9166636307294,1,0,0,13.122952373992009
1457913600,415.02,,424.9166636307294,1,0,0,12.487741490135434
1458000000,415.41,,424.9166636307294,1,0,0,11.914331383697187
1458086400,416.07,,424.9166636307294,1,0,0,11.305450570575958
1458172800,418.41,,424.9166636307294,1,0,0,10.787204101249104
1458259200,409.65,,424.9166636307294,1,0,0,11.405975236874172
1458345600,410.2,,424.9166636307294,1,0,0,11.039834148526014
1458432000,411.27,,424.9166636307294,1,0,0,10.678417423631297
1458518400,412,,424.9166636307294,1,0,0,10.289959036229062
1458604800,416.66,,424.9166636307294,1,0,0,10.039961962212702
1458691200,417.53,,424.9166636307294,1,0,0,9.682821822054652
1458777600,412.95,,424.9166636307294,1,0,0,9.542620263336463
1458864000,416.41,,424.9166636307294,1,0,0,9.280290244526716
1458950400,416.97,,424.9166636307294,1,0,0,8.860269512774806
1459036800,425.3,405.32998083480385,,1,0,0,8.952393119005176
1459123200,423,406.8634827513235,,1,0,0,8.722222181933379
1459209600,416.39,406.8634827513235,,1,0,0,9.304206311795282
1459296000,412.79,406.8634827513235,,1,0,0,9.271763003809907
1459382400,416.03,406.8634827513235,,1,0,0,8.956637074966343
1459468800,417.68,406.8634827513235,,1,0,0,8.571162998183032
1459555200,419.95,406.8634827513235,,1,0,0,8.206079926884243
1459641600,420.16,406.8634827513235,,1,0,0,7.796359932106799
1459728000,419.47,406.8634827513235,,1,0,0,7.483762794099171
1459814400,422.36,407.79141259129534,,1,0,0,7.336351165949231
1459900800,421.46,409.6912713321658,,1,0,0,6.983040368381428
1459987200,421.99,409.6912713321658,,1,0,0,6.722108913497039
1460073600,419.48,409.6912713321658,,1,0,0,6.880529705390108
1460160000,419.46,409.6912713321658,,1,0,0,6.694777583576531
1460246400,423.4,410.16698862103397,,1,0,0,6.5401506133210665
1460332800,423.94,410.90278975893057,,1,0,0,6.3479969980838495
1460419200,427.8,415.0740107830375,,1,0,0,6.3681400696492885
1460505600,425.58,415.1021097047337,,1,0,0,6.3311300646743405
1460592000,426.32,415.29239873426036,,1,0,0,6.127477917197603
1460678400,430.93,417.46315886083437,,1,0,0,6.074086637397774
1460764800,433.39,421.5378429747509,,1,0,0,5.997366163297933
1460851200,431,421.5378429747509,,1,0,0,5.981840008776653
1460937600,430.97,421.5378429747509,,1,0,0,5.9845657224354625
1461024000,437.06,421.98281752859344,,1,0,0,6.1985253136900695
1461110400,442.96,427.9855357757341,,1,0,0,6.320059219855063
1461196800,452.25,434.61198219816066,,1,0,0,6.712197847008272
1461283200,448.41,435.4792839783446,,1,0,0,6.795612286507681
1461369600,455.69,437.4953555805101,,1,0,0,6.939497123185704
1461456000,464.46,445.1393200224591,,1,0,0,7.190247328672439
1461542400,466.17,446.7968880202132,,1,0,0,7.943086805195838
1461628800,470.59,451.3936992181919,,1,0,0,7.9542948905389945
1461715200,445.31,,476.8346707036273,1,0,0,9.51827382692907
1461801600,451.68,,465.6257036332646,1,0,0,10.059111410719849
1461888000,458.82,,465.6257036332646,1,0,0,10.122032024239859
1461974400,454.02,,465.6257036332646,1,0,0,10.05617259393701
1462060800,456.98,,465.6257036332646,1,0,0,9.732160265798651
1462147200,446.42,,465.6257036332646,1,0,0,10.29486310395589
1462233600,452.23,,465.6257036332646,1,0,0,10.250944310816184
1462320000,448.68,,465.6257036332646,1,0,0,9.980876860043603
1462406400,449.98,,465.6257036332646,1,0,0,9.593671370040488
1462492800,462.31,,465.6257036332646,1,0,0,9.971980557894742
1462579200,461.91,,465.6257036332646,1,0,0,9.577553375187975
1462665600,462.79,,465.6257036332646,1,0,0,9.42915670553169
1462752000,464.16,,465.6257036332646,1,0,0,9.219216940850853
1462838400,452.78,,465.6257036332646,1,0,0,9.760701445075792
1462924800,454.37,,465.6257036332646,1,0,0,9.50279419899895
1463011200,456.48,,465.6257036332646,1,0,0,9.345451756213311
1463097600,457.98,,465.6257036332646,1,0,0,8.977205202198075
1463184000,458.9,,465.6257036332646,1,0,0,8.609547687755354
1463270400,461.47,,465.6257036332646,1,0,0,8.3610085672014
1463356800,455.66,,465.6257036332646,1,0,0,8.485936526687011
1463443200,454.19,,465.6257036332646,1,0,0,8.257655346209368
1463529600,455.56,,465.6257036332646,1,0,0,7.973537107194411
1463616000,438.38,,463.66086261625884,1,0,0,8.933284456680527
1463702400,445.65,,458.9052763546329,1,0,0,9.034478424060492
1463788800,446.28,,458.9052763546329,1,0,0,8.754158536627601
1463875200,442.48,,458.9052763546329,1,0,0,8.526004355439916
1463961600,445.67,,458.9052763546329,1,0,0,8.310575472908493
1464048000,446.99,,458.9052763546329,1,0,0,8.288391510557886
1464134400,451.49,,458.9052763546329,1,0,0,8.093506402660894
1464220800,454.97,,458.9052763546329,1,0,0,7.943255945327975
1464307200,471.27,447.2824155514358,,1,0,0,8.975880520661688
1464393600,523.25,474.4971739962922,,1,0,0,13.289031912042997
1464480000,525.22,482.752456596663,,1,0,0,16.416958204039926
1464566400,532.55,490.7722109369967,,1,0,0,16.815746903751357
1464652800,531.34,492.17198984329696,,1,0,0,17.392479267769115
1464739200,534.84,493.26829085896725,,1,0,0,17.372302177214177
1464825600,537.87,498.95296177307057,,1,0,0,16.798566307413164
1464912000,571.25,514.7526655957636,,1,0,0,18.60152585688365
1464998400,576.31,535.3903990361871,,1,0,0,19.440702581391964
1465084800,575.17,535.3903990361871,,1,0,0,19.107795254149682
1465171200,586.77,540.5841732193117,,1,0,0,18.682238450281847
1465257600,579.71,540.5841732193117,,1,0,0,24.05779284669029
1465344000,583.21,540.5841732193117,,1,0,0,23.12723621478384
1465430400,577.46,540.5841732193117,,1,0,0,22.152433628013565
1465516800,580.31,540.5841732193117,,1,0,0,21.105831226012594
1465603200,609.5,548.1915858942713,,1,0,0,21.71898613844027
1465689600,677.86,587.5459273048442,,1,0,0,26.075487128551682
1465776000,706.01,627.5568345743598,,1,0,0,28.245095190797993
1465862400,684.95,627.5568345743598,,1,0,0,30.25830267716957
1465948800,698.78,627.5568345743598,,1,0,0,29.97556677165746
1466035200,769.76,661.7452974047083,,1,0,0,33.471597716539065
1466121600,752.26,661.7452974047083,,1,0,0,36.044340736786275
1466208000,758.99,675.4522908978136,,1,0,0,37.066173541301545
1466294400,768.76,676.8445618080324,,1,0,0,36.357875431208576
1466380800,703.12,676.8445618080324,,1,0,0,38.51231290040797
1466467200,667.66,,769.3509549354939,1,0,0,42.1657191218074
1466553600,604.5,,732.7548594419444,1,0,0,47.145310613106865
1466640000,631.1,,707.5963734977499,1,0,0,50.47493128359923
1466726400,669.98,,707.5963734977499,1,0,0,51.797436191913576
1466812800,673.71,,707.5963734977499,1,0,0,51.59761932106261
1466899200,638.56,,707.5963734977499,1,0,0,51.49636079812957
1466985600,657.87,,707.5963734977499,1,0,0,49.95947788397746
1467072000,648.43,,707.5963734977499,1,0,0,48.214515177979074
1467158400,639.42,,707.5963734977499,1,0,0,46.085621236694855
1467244800,673.49,,707.5963734977499,1,0,0,45.640934005502366
1467331200,678.19,,707.5963734977499,1,0,0,43.95158157653791
1467417600,704.95,,707.5963734977499,1,0,0,42.832897178213784
1467504000,663.55,,707.5963734977499,1,0,0,43.64840452262708
1467590400,681.98,,707.5963734977499,1,0,0,42.711375628153725
1467676800,669.87,,707.5963734977499,1,0,0,41.079134511857035
1467763200,678.79,,707.5963734977499,1,0,0,39.27276776101011
1467849600,641.97,,707.5963734977499,1,0,0,41.574712920937955
1467936000,667.33,,707.5963734977499,1,0,0,40.69723342658525
1468022400,657.61,,707.5963734977499,1,0,0,42.02814532468631
1468108800,652.44,,707.5963734977499,1,0,0,40.21256351578014
1468195200,650.97,,707.5963734977499,1,0,0,38.49452326465298
1468281600,666.56,,707.5963734977499,1,0,0,37.666343031463484
1468368000,655.34,,707.5963734977499,1,0,0,36.160889957787525
1468454400,661.65,,707.5963734977499,1,0,0,35.29154067508842
1468540800,667.48,,707.5963734977499,1,0,0,33.435002055439256
1468627200,666.32,,707.5963734977499,1,0,0,31.616787622907882
1468713600,680,,707.5963734977499,1,0,0,30.432731364128745
1468800000,675.5,,707.5963734977499,1,0,0,29.32610769526241
1468886400,673.98,,707.5963734977499,1,0,0,27.9956714313151
1468972800,666.92,,707.5963734977499,1,0,0,26.738123471935445
1469059200,667.28,,707.5963734977499,1,0,0,25.343257509654336
1469145600,654.67,,701.9099916556927,1,0,0,25.129453401821884
1469232000,657.5,,698.6514924901234,1,0,0,23.936635301691755
1469318400,661,,698.6514924901234,1,0,0,23.038304208713775
1469404800,657.79,,695.885158917,1,0,0,22.132711050948505
1469491200,654.06,,688.0346430252999,1,0,0,21.551088833023613
1469577600,657.35,,687.6966787227699,1,0,0,20.899582487807645
1469664000,657.4,,687.6966787227699,1,0,0,19.826040881535672
1469750400,657,,685.9431597654436,1,0,0,18.981323675711696
1469836800,655.87,,685.0198437888994,1,0,0,18.056229127446574
1469923200,626.97,,672.4603594100093,1,0,0,19.311498475486104
1470009600,605.2,,650.1858234690085,1,0,0,20.099248584379957
1470096000,537.47,,606.6802411221076,1,0,0,27.976445114067104
1470182400,573.36,,606.6802411221076,1,0,0,30.028127605919458
1470268800,587.5,,606.6802411221076,1,0,0,30.58611849121093
1470355200,583,,606.6802411221076,1,0,0,30.007110027553008
1470441600,591.71,,606.6802411221076,1,0,0,29.09374502558494
1470528000,595.14,,606.6802411221076,1,0,0,27.83347752375744
1470614400,591.48,,606.6802411221076,1,0,0,26.27322912920334
1470700800,586.45,,606.6802411221076,1,0,0,25.015141334260242
1470787200,594.94,,606.6802411221076,1,0,0,24.4997740960988
1470873600,587.91,,606.6802411221076,1,0,0,23.777647374948884
1470960000,587.74,,606.6802411221076,1,0,0,22.54138684816682
1471046400,586.45,,606.6802411221076,1,0,0,21.181287787583475
1471132800,574.99,,606.6802411221076,1,0,0,21.18976723132751
1471219200,567.79,,606.1119900947101,1,0,0,20.63549814337555
1471305600,579.02,,606.1119900947101,1,0,0,20.29724827599158
1471392000,574.45,,606.1119900947101,1,0,0,19.727444827706474
1471478400,574.09,,606.1119900947101,1,0,0,18.60334162572744
1471564800,573.67,,605.5606702011394,1,0,0,17.5823886524612
1471651200,581.87,,605.5606702011394,1,0,0,17.150789462999686
1471737600,581.29,,605.5606702011394,1,0,0,16.25787592992828
1471824000,585.2,,605.5606702011394,1,0,0,15.651599077790545
1471910400,582.39,,605.5606702011394,1,0,0,15.19791342937693
1471996800,578.47,,603.7311897970707,1,0,0,14.640205327278577
1472083200,575.58,,599.5075708173637,1,0,0,14.014476375330107
1472169600,579.29,,599.4598137356273,1,0,0,13.371299491377956
1472256000,570.84,,596.1943323620646,1,0,0,13.166206670565245
1472342400,575.41,,593.4768991258582,1,0,0,12.637191908382013
1472428800,573.21,,593.4768991258582,1,0,0,12.198106772069012
1472515200,574.95,,593.4768991258582,1,0,0,11.633956288349802
1472601600,572.89,,590.4636694627507,1,0,0,11.22724512489624
1472688000,573.02,,588.2083025164754,1,0,0,10.796013330260791
1472774400,576.21,,588.2083025164754,1,0,0,10.594155235242166
1472860800,600.91,566.9618249616548,,1,0,0,11.7174298612963
1472947200,611.92,584.6216424654893,,1,0,0,12.281184871203708
1473033600,605.69,584.6216424654893,,1,0,0,12.143957380403444
1473120000,612.99,587.4714803970464,,1,0,0,11.813674710374626
1473206400,615.21,592.4233323573418,,1,0,0,11.635555088205006
1473292800,627.97,599.4889991216075,,1,0,0,12.080872581904648
1473379200,622.07,600.7935992094468,,1,0,0,11.963667397482892
1473465600,623.74,601.9662392885022,,1,0,0,11.53411972623411
1473552000,607.94,601.9662392885022,,1,0,0,13.446682602931677
1473638400,606.74,601.9662392885022,,1,0,0,12.946919559865133
1473724800,608.63,601.9662392885022,,1,0,0,12.36713959130334
1473811200,608.43,601.9662392885022,,1,0,0,11.768772477638818
1473897600,605.44,601.9662392885022,,1,0,0,11.368145872093185
1473984000,607.93,601.9662392885022,,1,0,0,10.909706881229388
1474070400,607.92,601.9662392885022,,1,0,0,10.486870675427289
1474156800,611.4,601.9662392885022,,1,0,0,10.074237055753906
1474243200,608.6,601.9662392885022,,1,0,0,9.716077266057203
1474329600,605.6,601.9662392885022,,1,0,0,9.330643175624541
1474416000,597,,616.6339250755966,1,0,0,9.590597234508506
1474502400,596.21,,613.179032568037,1,0,0,9.174126003472184
1474588800,602.96,,613.179032568037,1,0,0,9.101688431795598
1474675200,603.68,,613.179032568037,1,0,0,8.798710686667341
1474761600,601.67,,613.179032568037,1,0,0,8.639517066191106
1474848000,607.08,,613.179032568037,1,0,0,8.591694418606028
1474934400,605.71,,613.179032568037,1,0,0,8.418001960134166
1475020800,605.04,,613.179032568037,1,0,0,8.018144677267443
1475107200,605.99,,613.179032568037,1,0,0,7.683277200319772
1475193600,608.99,,613.179032568037,1,0,0,7.419471686011216
1475280000,615.65,599.7590755171642,,1,0,0,7.475937994153275
1475366400,612.4,599.7590755171642,,1,0,0,7.459085280285185
1475452800,612.99,599.964801168903,,1,0,0,7.250579188836241
1475539200,610.34,599.964801168903,,1,0,0,7.182680675347943
1475625600,613.16,599.964801168903,,1,0,0,7.0282034842516605
1475712000,611.88,599.964801168903,,1,0,0,6.746903235376544
1475798400,617.98,601.7123090469173,,1,0,0,6.894267289992508
1475884800,619.5,606.9605781422255,,1,0,0,6.576819626421618
1475971200,617.42,607.144020328003,,1,0,0,6.292046795962933
1476057600,618.72,607.144020328003,,1,0,0,6.109757739108439
1476144000,642.12,617.0945064656823,,1,0,0,7.737632186314976
1476230400,635.79,621.4740558191141,,1,0,0,8.018515601578198
1476316800,635.66,621.4740558191141,,1,0,0,8.006478772894043
1476403200,638.03,621.4740558191141,,1,0,0,8.57101600340161
1476489600,638.16,621.4740558191141,,1,0,0,8.24380057458721
1476576000,641.92,624.5664835229207,,1,0,0,8.086386247830978
1476662400,639.56,624.5664835229207,,1,0,0,8.023072944414483
1476748800,635.11,624.5664835229207,,1,0,0,8.010710591242022
1476835200,629.79,624.5664835229207,,1,0,0,8.252088406153305
1476921600,628.05,624.5664835229207,,1,0,0,7.946939234285213
1477008000,630.83,624.5664835229207,,1,0,0,7.801443574693409
1477094400,652.75,624.5664835229207,,1,0,0,9.292769033643877
1477180800,651.04,630.7764685319141,,1,0,0,9.376856959812164
1477267200,649.98,630.7764685319141,,1,0,0,9.215652891254154
1477353600,654.3,634.2326895108505,,1,0,0,9.165249113307429
1477440000,674,643.0459205597654,,1,0,0,10.331302748071185
1477526400,691.21,659.2128285037887,,1,0,0,10.94120969463753
1477612800,689.95,664.20704565341,,1,0,0,10.731837573591992
1477699200,714.28,679.575841088069,,1,0,0,12.554563461192563
1477785600,697.41,679.575841088069,,1,0,0,13.29638035682167
1477872000,696.9,679.575841088069,,1,0,0,14.39449604562012
1477958400,730.7,679.575841088069,,1,0,0,16.349174899504398
1478044800,744.6,693.543125837882,,1,0,0,16.938519549539798
1478131200,690,,758.8111867459061,1,0,0,21.021482438858385
1478217600,706.32,,745.7020680713156,1,0,0,21.27209083608279
1478304000,706.99,,745.7020680713156,1,0,0,20.486227204934018
1478390400,717.02,,745.7020680713156,1,0,0,20.02078240458159
1478476800,706.42,,745.7020680713156,1,0,0,19.731440804254333
1478563200,711.15,,745.7020680713156,1,0,0,19.199909318236173
1478649600,720.97,,745.7020680713156,1,0,0,20.48634436693359
1478736000,712.91,,745.7020680713156,1,0,0,20.292319769295478
1478822400,716.9,,745.7020680713156,1,0,0,19.306439785774376
1478908800,704.53,,745.7020680713156,1,0,0,18.96812265821907
1478995200,704.01,,735.6153475466555,1,0,0,19.058971039774853
1479081600,708.32,,735.6153475466555,1,0,0,18.661901679790933
1479168000,712.29,,735.6153475466555,1,0,0,20.361051559805862
1479254400,739.85,681.3011916384883,,1,0,0,21.320976448391153
1479340800,730.71,694.2710724746394,,1,0,0,21.298049559220356
1479427200,748.54,694.8079652271754,,1,0,0,21.356046019276047
1479513600,750.77,701.666668704458,,1,0,0,20.852042732184895
1479600000,731.99,701.666668704458,,1,0,0,22.134753965600254
1479686400,736.4,701.666668704458,,1,0,0,21.15870011091452
1479772800,746.66,701.666668704458,,1,0,0,21.246650102992053
1479859200,741.52,701.666668704458,,1,0,0,20.666175095635477
1479945600,737.99,701.666668704458,,1,0,0,20.403591160232942
1480032000,739.74,701.666668704458,,1,0,0,19.731191791644875
1480118400,735.7,701.666668704458,,1,0,0,19.320392377955955
1480204800,729.24,701.666668704458,,1,0,0,18.650364350959105
1480291200,729.77,701.666668704458,,1,0,0,17.849624040176316
1480377600,732.37,701.666668704458,,1,0,0,17.014650894449435
1480464000,742.69,705.0265331557648,,1,0,0,16.930032973417337
1480550400,754,716.7303798401883,,1,0,0,16.67145918960181
1480636800,769.25,733.1078418561694,,1,0,0,17.37135496177311
1480723200,766.98,733.1078418561694,,1,0,0,17.053401035932172
1480809600,767.99,735.3211019034974,,1,0,0,16.330300961937013
1480896000,752,735.3211019034974,,1,0,0,16.548850893227225
1480982400,759.8,735.3211019034974,,1,0,0,16.051075829425283
1481068800,764.34,735.3211019034974,,1,0,0,16.23599898446633
1481155200,767.89,736.9868034588847,,1,0,0,15.869856199861593
1481241600,773.22,740.8946231129961,,1,0,0,15.254152185585765
1481328000,775.87,746.2666608016965,,1,0,0,14.66385560090107
1481414400,771.05,746.2666608016965,,1,0,0,14.407865915122425
1481500800,778.94,750.1666452493743,,1,0,0,14.173018349756537
1481587200,776.18,754.3879807244367,,1,0,0,14.416374181916789
1481673600,777.66,754.3879807244367,,1,1,0,14.00091888320844
1481760000,776.16,754.3879807244367,,1,0,0,13.357996105836408
1481846400,780.98,755.7656879481143,,1,0,0,13.132424955419525
1481932800,788.57,761.520119153303,,1,0,0,13.085108887175275
1482019200,790.72,766.8276072379726,,1,0,0,12.491172538091325
1482105600,790.81,770.3243465141754,,1,0,0,12.026803071084801
1482192000,798.99,772.2654118627578,,1,0,0,11.927031423150172
1482278400,834.5,790.0993706764821,,1,0,0,13.61938632149659
1482364800,856.02,821.4594336088339,,1,0,0,15.744430155675404
1482451200,917.26,845.0199902479505,,1,0,0,19.123399430270013
1482537600,891.5,853.7674912231554,,1,0,0,20.478156613822158
1482624000,896.12,853.7674912231554,,1,0,0,22.321859712834858
1482710400,902.09,853.7674912231554,,1,0,0,22.030298304775226
1482796800,925.2,865.6456161016804,,1,0,0,23.910991283005565
1482883200,982.17,893.6220544915124,,1,0,0,26.45377761993374
1482969600,970.72,907.9393490423611,,1,0,0,27.30565064708133
1483056000,960.81,907.9393490423611,,1,0,0,28.242389886575523
1483142400,973.37,907.9393490423611,,1,0,0,27.965790608962987
1483228800,992.95,919.1081354518811,,1,0,0,28.5132341368942
1483315200,1011.45,946.9118219066931,,1,0,0,29.61014598425891
1483401600,1020.67,956.8051397160237,,1,0,0,29.657992699668988
1483488000,1130.3,998.1596257444214,,1,0,0,36.753850363978344
1483574400,1007,998.1596257444214,,1,0,0,55.200003909408466
1483660800,895.71,,1106.6687031470187,1,0,0,62.506432201593576
1483747200,909,,1015.2433328323168,1,0,0,65.75097275862261
1483833600,923.33,,1015.2433328323168,1,0,0,64.95733184729242
1483920000,902.66,,1015.2433328323168,1,0,0,62.9718081439144
1484006400,907,,1015.2433328323168,1,0,0,59.623107562206236
1484092800,795.77,,997.6252191712831,1,0,0,66.72002845062008
1484179200,812.25,,946.2136972541547,1,0,0,69.48002641843293
1484265600,831.42,,946.2136972541547,1,0,0,68.24288167425915
1484352000,828,,946.2136972541547,1,0,0,65.16696155466921
1484438400,833.31,,946.2136972541547,1,0,0,61.655035729335694
1484524800,834.41,,946.2136972541547,1,0,0,58.24896174866886
1484611200,906,,946.2136972541547,1,0,0,59.724035909478225
1484697600,887.99,,946.2136972541547,1,0,0,60.22231905880121
1484784000,902.92,,946.2136972541547,1,0,0,57.62929626888683
1484870400,894.31,,946.2136972541547,1,0,0,54.55434653539492
1484956800,925.06,,946.2136972541547,1,0,0,53.423321782866715
1485043200,931.22,,946.2136972541547,1,0,0,52.76737022694766
1485129600,910.7,,946.2136972541547,1,0,0,50.46898663930854
1485216000,887,,946.2136972541547,1,0,0,49.93548759364364
1485302400,896.01,,946.2136972541547,1,0,0,47.582238479811956
1485388800,917.02,,946.2136972541547,1,0,0,46.03707858839682
1485475200,922.63,,946.2136972541547,1,0,0,43.71085868922562
1485561600,924.98,,946.2136972541547,1,0,0,40.852225925709504
1485648000,916.54,,946.2136972541547,1,0,0,38.82492407387311
1485734400,923.23,,946.2136972541547,1,0,0,36.71314378288218
1485820800,970.01,880.5658851036691,,1,0,0,37.61649065553344
1485907200,992.39,912.3222965933022,,1,0,0,36.94174132299533
1485993600,1008.38,928.7335669339719,,1,0,0,36.53590265706709
1486080000,1018.01,944.3152102405749,,1,0,0,36.08048103870515
1486166400,1035.54,955.9016892165172,,1,0,0,36.526160964511924
1486252800,1016.32,955.9016892165172,,1,0,0,36.29429232418964
1486339200,1022.58,958.250368265379,,1,0,0,34.634700015318955
1486425600,1053.95,976.0753314388412,,1,0,0,34.76865001422475
1486512000,1056.7,976.0753314388412,,1,0,0,36.103746441780125
1486598400,994.24,976.0753314388412,,1,0,0,44.5249074102244
1486684800,1001.98,976.0753314388412,,1,0,0,44.70169973806552
1486771200,1018.65,976.0753314388412,,1,0,0,43.537292613917984
1486857600,1010,976.0753314388412,,1,0,0,41.20462885578098
1486944000,1002.82,976.0753314388412,,1,0,0,40.82001250893949
1487030400,1013.92,976.0753314388412,,1,0,0,39.81144018687239
1487116800,1014.53,976.0753314388412,,1,0,0,37.56348017352436
1487203200,1038.94,976.0753314388412,,1,0,0,36.90466016112977
1487289600,1057.3,981.246490573597,,1,0,0,36.290755863906206
1487376000,1062.15,998.7813415162371,,1,0,0,34.998559016484336
1487462400,1059.88,998.7813415162371,,1,0,0,33.67866194387831
1487548800,1089.82,1008.0842866281521,,1,0,0,34.39018609074415
1487635200,1128.31,1038.663857965337,,1,0,0,35.57660136997671
1487721600,1128.72,1053.5224721688035,,1,0,0,35.542558414978366
1487808000,1186.9,1086.8192249519232,,1,0,0,37.916661385337044
1487894400,1186.91,1086.8192249519232,,1,0,0,43.68047128638441
1487980800,1158,1086.8192249519232,,1,0,0,46.23829476592839
1488067200,1184.91,1086.8192249519232,,1,0,0,46.96770228264778
1488153600,1195.81,1092.8389544909567,,1,0,0,45.25500926245865
1488240000,1195.08,1105.039559041861,,1,0,0,44.54393717228303
1488326400,1230,1105.039559041861,,1,0,0,51.668655945691384
1488412800,1269.17,1142.8879428239072,,1,0,0,53.59303766385627
1488499200,1292.86,1162.6486485415166,,1,0,0,52.57782068786655
1488585600,1273.97,1162.6486485415166,,1,0,0,53.684404924447506
1488672000,1278.97,1162.6486485415166,,1,0,0,52.12694742984412
1488758400,1284.99,1175.6574247867654,,1,0,0,49.77645118485526
1488844800,1237.36,1175.6574247867654,,1,0,0,63.22099038593702
1488931200,1150.22,,1336.6533859227197,1,0,0,67.13377678694152
1489017600,1197.3,,1324.486047330448,1,0,0,68.32707844501714
1489104000,1109.02,,1324.486047330448,1,0,0,92.2430014132302
1489190400,1188.08,,1324.486047330448,1,0,0,93.65421559799948
1489276800,1235.57,,1324.486047330448,1,0,0,93.67891448385667
1489363200,1245.49,,1324.486047330448,1,0,0,89.91756344929549
1489449600,1247.82,,1324.486047330448,1,0,0,86.95559463148867
1489536000,1263.01,,1324.486047330448,1,0,0,82.4980521578109
1489622400,1175.11,,1324.486047330448,1,1,0,87.99819128939585
1489708800,1069.57,,1314.2001859789657,1,0,0,89.524749054439
1489795200,970,,1217.4296673810693,1,0,0,95.74155269340763
1489881600,1019.49,,1217.4296673810693,1,0,0,96.14072750102137
1489968000,1044.97,,1217.4296673810693,1,0,0,92.19996125094842
1490054400,1114.42,,1217.4296673810693,1,0,0,91.13710687588068
1490140800,1034.57,,1217.4296673810693,1,0,0,93.89802781331777
1490227200,1025.14,,1217.4296673810693,1,0,0,90.36316868379507
1490313600,934.87,,1166.324305082663,1,0,0,91.78008520638114
1490400000,963.89,,1120.8198745743966,1,0,0,91.22007912021107
1490486400,973.08,,1120.8198745743966,1,0,0,89.06864489733887
1490572800,1042.08,,1120.8198745743966,1,0,0,88.76374169038611
1490659200,1045.39,,1120.8198745743966,1,0,0,86.21918871250139
1490745600,1043.27,,1120.8198745743966,1,0,0,83.80281809017988
1490832000,1042.34,,1120.8198745743966,1,0,0,80.0269025123099
1490918400,1088.99,,1120.8198745743966,1,0,0,78.33783804714491
1491004800,1092,,1120.8198745743966,1,0,0,75.56370675806313
1491091200,1113.99,,1120.8198745743966,1,0,0,72.95201341820147
1491177600,1152.44,1005.1323755710486,,1,0,0,71.77544103118709
1491264000,1143.99,1014.9151380139436,,1,0,0,69.44576667181659
1491350400,1132.99,1014.9151380139436,,1,0,0,66.63464048097254
1491436800,1192.3,1044.7484617912944,,1,0,0,67.16002330376021
1491523200,1193.99,1070.8781156121652,,1,0,0,64.34430735349163
1491609600,1184.5,1071.9733040509484,,1,0,0,61.7482853996708
1491696000,1210.97,1088.5359736458538,,1,0,0,60.566265013980036
1491782400,1210,1107.756376281268,,1,0,0,57.58153179869574
1491868800,1223.99,1117.8297386531415,,1,0,0,55.89713667021748
1491955200,1214.17,1125.8317647878273,,1,0,0,53.208055479487655
1492041600,1177.05,1125.8317647878273,,1,0,0,54.443908659524254
1492128000,1173.74,1125.8317647878273,,1,0,0,52.46791518384395
1492214400,1178.85,1125.8317647878273,,1,0,0,69.50520695642652
1492300800,1177.99,1125.8317647878273,,1,0,0,65.84269217382463
1492387200,1189.91,1125.8317647878273,,1,0,0,63.050357018551445
1492473600,1201.94,1125.8317647878273,,1,0,0,59.75318866008349
1492560000,1214.21,1125.8317647878273,,1,0,0,57.2158180415061
1492646400,1236.15,1125.8317647878273,,1,0,0,55.17111675282708
1492732800,1249.99,1150.185289534598,,1,0,0,52.84603698476799
1492819200,1247,1150.185289534598,,1,0,0,51.32060577157028
1492905600,1251.98,1157.0792845230244,,1,0,0,48.926276787886685
1492992000,1257.29,1171.5463560707221,,1,0,0,46.49225701732336
1493078400,1281.16,1191.4422204636498,,1,0,0,45.37423865894311
1493164800,1298.44,1219.5259984172849,,1,0,0,45.02607875473289
1493251200,1349.26,1242.5713985755565,,1,0,0,46.42493027225196
1493337600,1353.34,1247.8317587180009,,1,0,0,48.881006681376824
1493424000,1365.43,1262.3020828462008,,1,0,0,47.80807763270705
1493510400,1384.55,1270.9258745615805,,1,0,0,48.71392923037083
1493596800,1436.5,1315.6877871054226,,1,0,0,52.07079142820148
1493683200,1471.99,1353.6035083948802,,1,0,0,53.095734897615664
1493769600,1533,1381.9711575553924,,1,0,0,54.96889669064311
1493856000,1563.39,1436.7100417998531,,1,0,0,64.10968978416861
1493942400,1551.3,1440.4390376198676,,1,0,0,66.30828337101372
1494028800,1585.39,1440.4390376198676,,1,0,0,64.97126313022703
1494115200,1609.57,1456.5218704720928,,1,0,0,64.21903004949652
1494201600,1713,1518.3886834248835,,1,0,0,67.13195647453249
1494288000,1720.43,1551.509815082395,,1,0,0,74.1011024406373
1494374400,1794.99,1579.1508335741555,,1,0,0,76.57173798059179
1494460800,1837.93,1656.52025021674,,1,0,0,79.53447098197809
1494547200,1695.61,1656.52025021674,,1,0,0,87.2098659118368
1494633600,1792.73,1656.52025021674,,1,0,0,94.04916120384847
1494720000,1799.99,1656.52025021674,,1,0,0,92.02207826071644
1494806400,1747.81,1656.52025021674,,1,0,0,92.63264409923669
1494892800,1777.48,1656.52025021674,,1,0,0,92.27459809214835
1494979200,1813.23,1656.52025021674,,1,0,0,92.46569822842346
1495065600,1899.16,1656.52025021674,,1,0,0,93.00386264067893
1495152000,1976.23,1738.401394201352,,1,0,0,92.73715816634471
1495238400,2058.91,1819.4607547812168,,1,0,0,92.46736115446295
1495324800,2057,1847.270679303095,,1,0,0,94.0111210720013
1495411200,2123.29,1893.3676113727856,,1,0,0,110.36746956685836
1495497600,2272.75,1936.6828502355074,,1,0,0,115.49407888351132
1495584000,2432.97,2099.2415652119566,,1,0,0,122.11450182040336
1495670400,2355,2174.7824086907603,,1,0,0,152.881323118946
1495756800,2272.7,2174.7824086907603,,1,0,0,187.04480003902128
1495843200,2099.99,,2622.2945989604837,1,0,0,205.1244571790912
1495929600,2232.78,,2622.2945989604837,1,0,0,207.83913880915608
1496016000,2279.48,,2622.2945989604837,1,0,0,208.4749146085021
1496102400,2191.58,,2622.2945989604837,1,0,0,209.6245635650377
1496188800,2303.29,,2622.2945989604837,1,0,0,206.4449518818207
1496275200,2419.99,,2622.2945989604837,1,0,0,204.98459817597637
1496361600,2478.99,,2622.2945989604837,1,0,0,197.4535554491209
1496448000,2548.05,,2622.2945989604837,1,0,0,194.13544434561226
1496534400,2521.36,,2622.2945989604837,1,0,0,186.4200554637828
1496620800,2698,2217.937526309041,,1,0,0,186.0314800735126
1496707200,2871.29,2403.2327736781363,,1,0,0,191.5906600682617
1496793600,2685.64,2403.2327736781363,,1,0,0,198.35561292052876
1496880000,2799.73,2403.2327736781363,,1,0,0,198.2852119976339
1496966400,2811.39,2432.8375120113615,,1,0,0,189.5062682835172
1497052800,2931.15,2491.5397608102253,,1,0,0,186.02653483469453
1497139200,2998.98,2574.3022847292027,,1,0,0,181.16678234650206
1497225600,2655.71,2574.3022847292027,,1,0,0,206.5191550360376
1497312000,2709.01,2574.3022847292027,,1,0,0,202.44778681917776
1497398400,2432.21,,3058.251789432411,1,0,0,223.4872306178079
1497484800,2409.98,,2814.27661048917,1,1,0,241.4524284308216
1497571200,2480.43,,2814.27661048917,1,0,0,241.12082640004863
1497657600,2634.94,,2814.27661048917,1,0,0,242.84648165718798
1497744000,2515.25,,2814.27661048917,1,0,0,240.8567329673888
1497830400,2596.98,,2814.27661048917,1,0,0,231.87268061257532
1497916800,2725.08,,2814.27661048917,1,0,0,228.9910605688199
1498003200,2643.35,,2814.27661048917,1,0,0,228.49741338533275
1498089600,2679.99,,2814.27661048917,1,0,0,221.2254552863804
1498176000,2690.76,,2814.27661048917,1,0,0,210.99506562306752
1498262400,2574.84,,2814.27661048917,1,0,0,211.3039895071341
1498348800,2505.61,,2814.27661048917,1,0,0,210.13584739948166
1498435200,2407.91,,2814.27661048917,1,0,0,216.9518582995187
1498521600,2575.75,,2814.27661048917,1,0,0,223.72315413526738
1498608000,2553.12,,2814.27661048917,1,0,0,218.3143574113197
1498694400,2530,,2814.27661048917,1,0,0,208.8547604533683
1498780800,2455.19,,2814.27661048917,1,0,0,201.63727756384202
1498867200,2423.63,,2814.27661048917,1,0,0,195.44890059499616
1498953600,2516.66,,2814.27661048917,1,0,0,192.91683626678216
1499040000,2542.41,,2814.27661048917,1,0,0,186.63920510486918
1499126400,2602,,2814.27661048917,1,0,0,180.01640474023566
1499212800,2616.96,,2814.27661048917,1,0,0,172.8138044016474
1499299200,2604.84,,2814.27661048917,1,0,0,163.5306755158154
1499385600,2501.15,,2814.27661048917,1,0,0,161.53634155040004
1499472000,2561.11,,2800.8500819319643,1,0,0,156.58946001108575
1499558400,2508.99,,2800.8500819319643,1,0,0,151.10735572457966
1499644800,2331.05,,2685.0981663648913,1,0,0,159.81397317282398
1499731200,2310.01,,2635.238349728402,1,0,0,158.755832231908
1499817600,2383.42,,2633.464514755562,1,0,0,159.20184421534313
1499904000,2340,,2633.464514755562,1,0,0,155.59099819996146
1499990400,2217.24,,2552.8342569520055,1,0,0,158.7116411856785
1500076800,1964.31,,2419.541831256805,1,0,0,165.98295252955862
1500163200,1911.78,,2250.6971481311243,1,0,0,174.53702734887585
1500249600,2235.19,,2250.6971481311243,1,0,0,185.5336682525276
1500336000,2308.15,1869.7618100137888,,1,0,0,190.78554909163276
1500422400,2258.99,1915.2756290124103,,1,0,0,190.0151527279447
1500508800,2873.48,2116.741066111169,,1,0,0,226.30049896166295
1500595200,2657.45,2247.6604595000526,,1,0,0,229.5454633215442
1500681600,2825.27,2267.001913550047,,1,0,0,229.0729302271482
1500768000,2754.28,2295.828222195042,,1,0,0,223.92486378235188
1500854400,2762.26,2322.2153999755383,,1,0,0,213.10165922646956
1500940800,2564,2322.2153999755383,,1,0,0,221.64796928172174
1501027200,2525.99,2322.2153999755383,,1,0,0,220.88740004731306
1501113600,2664.99,2322.2153999755383,,1,0,0,217.40258575821926
1501200000,2786.07,2322.2153999755383,,1,0,0,213.98525820406073
1501286400,2700.21,2322.2153999755383,,1,0,0,208.3427397609135
1501372800,2723.99,2322.2153999755383,,1,0,0,210.6025440637054
1501459200,2856.88,2376.51842569056,,1,0,0,209.84521948772644
1501545600,2732.59,2376.51842569056,,1,0,0,212.6412752386031
1501632000,2699.9,2376.51842569056,,1,0,0,205.17118415013144
1501718400,2787.02,2376.51842569056,,1,0,0,197.5953852822649
1501804800,2857.34,2445.842477095576,,1,0,0,191.895000619246
1501891200,3243.49,2664.890729386019,,1,0,0,212.30678628929985
1501977600,3222.22,2800.374656447417,,1,0,0,206.3148729829213
1502064000,3398.23,2885.348190802675,,1,0,0,207.72095348414118
1502150400,3422.43,3015.7503717224076,,1,0,0,202.81874252098825
1502236800,3342.8,3015.7503717224076,,1,0,0,202.30811805520338
1502323200,3444.98,3015.7503717224076,,1,0,0,197.21468105126027
1502409600,3656.15,3159.7227859856353,,1,0,0,205.13791811902738
1502496000,3874,3358.1225073870714,,1,0,0,215.56592396766828
1502582400,4060.47,3558.7187566483644,,1,0,0,225.1683579699777
1502668800,4320.6,3668.2538809835282,,1,0,0,233.5841895435507
1502755200,4159.93,3668.2538809835282,,1,0,0,261.70531886186853
1502841600,4370.01,3668.2538809835282,,1,0,0,275.6320818003065
1502928000,4280.01,3726.943174236992,,1,0,0,276.5869331002846
1503014400,4101.72,3726.943174236992,,1,0,0,284.6542950216929
1503100800,4157.41,3726.943174236992,,1,0,0,277.61470252014345
1503187200,4050.99,3726.943174236992,,1,0,0,268.19150948299034
1503273600,4002,3726.943174236992,,1,0,0,258.9714016627767
1503360000,4092,3726.943174236992,,1,0,0,280.5834444011498
1503446400,4143.49,3726.943174236992,,1,0,0,274.0860555153534
1503532800,4312.03,3726.943174236992,,1,0,0,271.45348012139954
1503619200,4360,3829.953864265942,,1,0,0,264.1989458270138
1503705600,4344.32,3829.953864265942,,1,0,0,253.4975925536557
1503792000,4340.11,3877.3296800554126,,1,0,0,241.25705022839458
1503878400,4384.99,3877.3296800554126,,1,0,0,238.02440378350926
1503964800,4599,4023.1486908448846,,1,0,0,242.93908922754432
1504051200,4581.98,4108.708321760396,,1,0,0,235.204868568434
1504137600,4743.94,4224.042489584356,,1,0,0,231.84666367068868
1504224000,4947.99,4372.796740625921,,1,0,0,232.57190197992523
1504310400,4649.99,4372.796740625921,,1,0,0,250.24533755278773
1504396800,4626.05,4372.796740625921,,1,0,0,248.51281344187433
1504483200,4498.25,4372.796740625921,,1,0,0,258.8968981960262
1504569600,4432.51,4372.796740625921,,1,0,0,259.8735483248814
1504656000,4616.18,4372.796740625921,,1,0,0,259.95400915881845
1504742400,4624.18,4372.796740625921,,1,0,0,254.98800850461708
1504828800,4350,,4980.930665748518,1,0,0,275.3452936114301
1504915200,4334.36,,4882.807099173666,1,0,0,274.95991549632794
1505001600,4251.36,,4797.741889256299,1,0,0,270.3906358180188
1505088000,4210.72,,4786.764200330669,1,0,0,269.20987611673166
1505174400,4164.52,,4780.583780297602,1,0,0,271.07845639410795
1505260800,3855.32,,4537.579902267842,1,0,0,283.75356665167163
1505347200,3250.4,,4243.698412041058,1,0,0,312.98188331940935
1505433600,3740.02,,4219.095070836952,1,0,0,356.3024630823087
1505520000,3726.51,,4219.095070836952,1,0,0,362.4937157192866
1505606400,3719.97,,4219.095070836952,1,0,0,362.69845031076613
1505692800,4100,,4219.095070836952,1,0,0,366.2514181457114
1505779200,3910.11,,4219.095070836952,1,0,0,359.71774542101775
1505865600,3872.06,,4219.095070836952,1,0,0,347.88004931951644
1505952000,3617.47,,4219.095070836952,1,0,0,346.78647436812247
1506038400,3619.01,,4219.095070836952,1,0,0,340.4431547703994
1506124800,3787.33,,4219.095070836952,1,0,0,333.18935800108517
1506211200,3669.01,,4219.095070836952,1,0,0,320.7722610010077
1506297600,3919.78,,4219.095070836952,1,0,0,319.3142423580785
1506384000,3885.09,,4219.095070836952,1,0,0,304.0567964753586
1506470400,4200,,4219.095070836952,1,0,0,307.19773958426157
1506556800,4189.42,,4219.095070836952,1,0,0,295.82290104252854
1506643200,4156.99,,4219.095070836952,1,0,0,288.822693825205
1506729600,4339,3705.514760079026,,1,0,0,283.38964426626177
1506816000,4394.81,3808.9942840711237,,1,0,0,273.1525268186716
1506902400,4392.71,3922.796355664011,,1,0,0,261.9109177601951
1506988800,4307.99,3922.796355664011,,1,0,0,256.0565664916097
1507075200,4214.84,3922.796355664011,,1,0,0,249.816811742209
1507161600,4320.04,3922.796355664011,,1,0,0,247.3441823320512
1507248000,4362.99,3922.796355664011,,1,0,0,237.3203121654761
1507334400,4425,3967.554534706042,,1,0,0,229.61314701079922
1507420800,4603.49,4102.167081235438,,1,0,0,226.9257793671707
1507507200,4769.55,4282.862873111893,,1,0,0,233.17322369808707
1507593600,4750,4376.967085800705,,1,0,0,232.5265648625094
1507680000,4814.99,4376.967085800705,,1,0,0,226.61466737233016
1507766400,5440,4618.3676394985705,,1,0,0,255.5229054171637
1507852800,5624.8,5076.901375548714,,1,0,0,271.34269788736634
1507939200,5819.13,5153.003237993842,,1,0,0,271.3853623239831
1508025600,5693.7,5153.003237993842,,1,0,0,280.1671221579843
1508112000,5754.9,5153.003237993842,,1,0,0,275.1373277181283
1508198400,5594,5153.003237993842,,1,0,0,272.9839471668334
1508284800,5574.44,5153.003237993842,,1,0,0,289.05652236920247
1508371200,5704.01,5153.003237993842,,1,0,0,284.1639136285452
1508457600,5989.1,5237.275753432686,,1,0,0,294.86577694079193
1508544000,6024.86,5415.764678089417,,1,0,0,296.72107858787825
1508630400,6005.05,5415.764678089417,,1,0,0,298.8374301173156
1508716800,5905.99,5415.764678089417,,1,0,0,306.4947565375074
1508803200,5525.43,5415.764678089417,,1,0,0,316.3029882133998
1508889600,5739.97,5415.764678089417,,1,0,0,321.4449176267284
1508976000,5891.61,5415.764678089417,,1,0,0,319.8417092248192
1509062400,5780,5415.764678089417,,1,0,0,317.65301570876073
1509148800,5752.01,5415.764678089417,,1,0,0,307.7492288724207
1509235200,6140.01,5415.764678089417,,1,0,0,326.5521410958192
1509321600,6124.16,5469.001538355909,,1,0,0,315.51270244611777
1509408000,6445.01,5628.312384520318,,1,0,0,319.84536655710934
1509494400,6783.69,5899.553646068287,,1,0,0,327.028554660173
1509580800,7039.98,6357.982781461458,,1,0,0,352.66937218444633
1509667200,7170.01,6434.504503315313,,1,0,0,362.7715598855572
1509753600,7412.55,6465.578052983781,,1,0,0,371.6378770365888
1509840000,7392,6695.9252476854035,,1,0,0,367.949457248261
1509926400,6969.76,6695.9252476854035,,1,0,0,379.65021030195663
1510012800,7126.63,6695.9252476854035,,1,0,0,371.4144809946741
1510099200,7467.96,6695.9252476854035,,1,0,0,406.7663037807688
1510185600,7156,6695.9252476854035,,1,0,0,405.6408535107139
1510272000,6577.62,,7848.932057694246,1,0,0,442.6665068313772
1510358400,6346.7,,7551.634851924822,1,0,0,460.61747062913594
1510444800,5886.35,,7096.80436673234,1,0,0,497.35122272705485
1510531200,6535.87,,7096.80436673234,1,0,0,532.6439925322652
1510617600,6605,,7096.80436673234,1,0,0,515.883707351389
1510704000,7294,5813.321311652124,,1,0,0,532.1777282548612
1510790400,7838.53,6339.300180486911,,1,0,0,555.2628905223711
1510876800,7714.71,6575.203662438221,,1,0,0,547.9226840564875
1510963200,7777.01,6575.203662438221,,1,0,0,533.4982066238812
1511049600,8031.82,6795.802066574958,,1,0,0,523.8640490078897
1511136000,8256.01,7073.117859917463,,1,0,0,509.6059026501833
1511222400,8109,7073.117859917463,,1,0,0,514.0633381751702
1511308800,8250,7201.937416533146,,1,0,0,491.33381401980085
1511395200,8031.16,7205.100174879831,,1,0,0,473.6542558755294
1511481600,8215.01,7205.100174879831,,1,0,0,470.10752331299153
1511568000,8795.5,7537.260441652663,,1,0,0,478.77984307634927
1511654400,9401.11,8169.418397487397,,1,0,0,501.75985428518146
1511740800,9768.71,8595.501557738657,,1,0,0,494.06272183624
1511827200,9949,8888.929401964791,,1,0,0,479.0553845622229
1511913600,9935.98,8888.929401964791,,1,0,0,651.2264285220642
1512000000,9903,8888.929401964791,,1,0,0,727.1673979133453
1512086400,10869.84,8888.929401964791,,1,0,0,776.655440919535
1512172800,10930.24,9236.858853629099,,1,0,0,749.6800522824253
1512259200,11290,9490.72296826619,,1,0,0,788.2743342622522
1512345600,11643.98,9580.25067143957,,1,0,0,781.9690246720913
1512432000,11718.35,10087.125604295614,,1,0,0,750.6140943383706
1512518400,14090,11075.013043866053,,1,0,0,890.391659028487
1512604800,17390.01,13562.486739479446,,1,0,0,1269.4351119550236
1512691200,16367.03,13562.486739479446,,1,0,0,1463.6683182439504
1512777600,15309.98,13562.486739479446,,1,0,0,1569.7634383693824
1512864000,15290.01,13562.486739479446,,1,0,0,1657.5660499144265
1512950400,16885.76,13562.486739479446,,1,0,0,1702.9541892062532
1513036800,17730.12,13562.486739479446,,1,0,0,1708.0996042629497
1513123200,16689.61,13562.486739479446,,1,0,0,1743.2353468155961
1513209600,16749.78,13562.486739479446,,1,1,0,1686.1185363287677
1513296000,17738.67,13672.810067414714,,1,0,0,1648.1100694481413
1513382400,19650.01,14995.829060673243,,1,0,0,1685.1736359161312
1513468800,19378.99,15928.69315460592,,1,0,0,1627.8033762078362
1513555200,19039.01,15928.69315460592,,1,0,0,1596.1745636215621
1513641600,17838.73,15928.69315460592,,1,0,0,1646.3763805057363
1513728000,16496.89,15928.69315460592,,1,0,0,1806.5637818981836
1513814400,15758.8,,20256.712240763056,1,0,0,1835.635654619742
1513900800,14210.57,,17901.499516686752,1,0,0,2102.7295364326174
1513987200,15075.89,,17901.499516686752,1,0,0,2131.891712401716
1514073600,14221.94,,17901.499516686752,1,0,0,2115.275875801594
1514160000,14171.98,,17901.499516686752,1,0,0,2058.7561703871943
1514246400,15790.88,,17901.499516686752,1,0,0,2052.846443930966
1514332800,15367.08,,17901.499516686752,1,0,0,2046.6166979358968
1514419200,14450.01,,17901.499516686752,1,0,0,2042.501219511904
1514505600,14565.05,,17901.499516686752,1,0,0,1972.5747038324823
1514592000,12839.99,,17685.054024763747,1,0,0,1984.5186535587338
1514678400,13863.13,,17489.96512228737,1,0,0,1960.3716068759672
1514764800,13480.01,,17237.691610058635,1,0,0,1887.237920670541
1514851200,14781.51,,17237.691610058635,1,0,0,1914.5780691940738
1514937600,15098.14,,17237.691610058635,1,0,0,1832.9653499659257
1515024000,15144.99,,17237.691610058635,1,0,0,1785.6106821112169
1515110400,16960.01,,17237.691610058635,1,0,0,1826.5113476747013
1515196800,17098.99,,17237.691610058635,1,0,0,1761.9741085550797
1515283200,16174.22,,17237.691610058635,1,0,0,1733.2616722297166
1515369600,14993.74,,17237.691610058635,1,0,0,1771.957267070451
1515456000,14480.99,,17237.691610058635,1,0,0,1727.8174622797046
1515542400,14875.18,,17237.691610058635,1,0,0,1699.0569292597258
1515628800,13308.06,,17237.691610058635,1,0,0,1732.695005741174
1515715200,13820,,16799.581313161823,1,0,0,1693.2760767596617
1515801600,14187.95,,16799.581313161823,1,0,0,1622.8813569911144
1515888000,13656.23,,16773.814713661075,1,0,0,1594.3076886346062
1515974400,13590,,16749.05074229497,1,0,0,1540.2142823035629
1516060800,11570.01,,15152.243668065472,1,0,0,1695.5589764247368
1516147200,11200.01,,14382.216301258924,1,0,0,1814.0111923943984
1516233600,11305.53,,14382.216301258924,1,0,0,1787.0025357947986
1516320000,11498.99,,14382.216301258924,1,0,0,1725.3587832380274
1516406400,12762.8,,14382.216301258924,1,0,0,1708.3017272924537
1516492800,11518.17,,14382.216301258924,1,0,0,1703.7658896287069
1516579200,10766.7,,14346.795148480382,1,0,0,1712.3540403695135
1516665600,10824.94,,14011.315633632345,1,0,0,1691.828751771691
1516752000,11356.79,,14011.315633632345,1,0,0,1642.4124123594272
1516838400,11118,,14011.315633632345,1,0,0,1585.025811476611
1516924800,11086.89,,13948.45159691798,1,0,0,1562.1668249425672
1517011200,11319,,13948.45159691798,1,0,0,1496.5891945895269
1517097600,11536,,13948.45159691798,1,0,0,1422.7513949759891
1517184000,11123.01,,13733.639474153208,1,0,0,1373.2691524777042
1517270400,9995,,12994.108526737888,1,0,0,1377.956355872154
1517356800,10099.99,,12397.4691740641,1,0,0,1329.4544733098573
1517443200,9014.23,,11838.660756657688,1,0,0,1360.654153787725
1517529600,8787.52,,10925.03818099192,1,0,0,1374.1845713743157
1517616000,9240,,10925.03818099192,1,0,0,1374.851387704722
1517702400,8167.91,,10925.03818099192,1,0,0,1383.1477171543847
1517788800,6905.19,,10167.335913943109,1,0,0,1421.7378802147857
1517875200,7688.46,,9828.015822548798,1,0,0,1468.4630316280152
1517961600,7575.75,,9828.015822548798,1,0,0,1466.2285293688712
1518048000,8218.1,,9828.015822548798,1,0,0,1438.2836344139519
1518134400,8671.01,,9828.015822548798,1,0,0,1403.4062319558125
1518220800,8547.49,,9828.015822548798,1,0,0,1369.948643958969
1518307200,8072.99,,9828.015822548798,1,0,0,1321.8444551047567
1518393600,8872.28,,9828.015822548798,1,0,0,1290.070565454417
1518480000,8520.01,,9828.015822548798,1,0,0,1235.9155250648157
1518566400,9472.98,,9828.015822548798,1,0,0,1216.3858447030432
1518652800,10031.23,7567.891693206951,,1,0,0,1194.311855795683
1518739200,10167.49,7897.591023886258,,1,0,0,1150.2967232388485
1518825600,11121.5,8475.664921497631,,1,0,0,1146.1326715789307
1518912000,10380.04,8586.428429347867,,1,0,0,1145.70176646615
1518998400,11140,8662.046586413082,,1,0,0,1133.6316402899965
1519084800,11235.57,9321.166927771774,,1,0,0,1108.015094554997
1519171200,10454.27,9321.166927771774,,1,0,0,1102.4418735153542
1519257600,9830,9321.166927771774,,1,0,0,1108.319596835686
1519344000,10144.99,9321.166927771774,,1,0,0,1087.3210542045656
1519430400,9688.62,9321.166927771774,,1,0,0,1089.756693189954
1519516800,9597.99,9321.166927771774,,1,0,0,1049.4347865335287
1519603200,10300,9321.166927771774,,1,0,0,1049.028016066848
1519689600,10566.57,9321.166927771774,,1,0,0,1024.936014919216
1519776000,10307.27,9321.166927771774,,1,0,0,1007.5120138535576
1519862400,10895.92,9321.166927771774,,1,0,0,997.0475842925891
1519948800,11000,9321.166927771774,,1,0,0,953.2584711288328
1520035200,11432.5,9563.965888545386,,1,0,0,920.4950089053447
1520121600,11469.9,9659.812799690848,,1,0,0,886.6025082692486
1520208000,11377.54,9987.253519721762,,1,0,0,845.183757678588
1520294400,10700,9987.253519721762,,1,0,0,844.0834892729745
1520380800,9920,,11814.304749025372,1,0,0,890.5060971820477
1520467200,9304.9,,11284.174274122835,1,0,0,901.7556616690443
1520553600,9255,,10637.156846710552,1,0,0,911.6302572641126
1520640000,8795.44,,10637.156846710552,1,0,0,903.5630960309618
1520726400,9533.88,,10637.156846710552,1,0,0,927.8800177430359
1520812800,9120,,10637.156846710552,1,0,0,940.6964450471047
1520899200,9145.41,,10637.156846710552,1,0,0,917.63812754374
1520985600,8207.03,,10525.760568214113,1,0,0,952.7354041477586
1521072000,8259.99,,9881.034511392701,1,0,0,937.1114467086329
1521158400,8275,,9881.034511392701,1,0,0,919.3892005151591
1521244800,7865.02,,9791.101954228088,1,0,0,896.491400478362
1521331200,8192,,9571.533758805279,1,0,0,903.365586158479
1521417600,8589,,9571.533758805279,1,0,0,885.2101871471592
1521504000,8900,,9571.533758805279,1,0,0,874.1316023509336
1521590400,8891.81,,9571.533758805279,1,0,0,842.3364878972955
1521676800,8715.09,,9571.533758805279,1,1,0,825.5024530474886
1521763200,8927.1,,9571.533758805279,1,0,0,812.8072778298108
1521849600,8531.34,,9571.533758805279,1,0,0,789.8210436991101
1521936000,8452.96,,9571.533758805279,1,0,0,755.5873977206021
1522022400,8145,,9564.506294586272,1,0,0,747.6168693119877
1522108800,7793.61,,9330.748665127645,1,0,0,727.2863786468457
1522195200,7942.72,,9187.95629861488,1,0,0,701.0687801720711
1522281600,7079.99,,8793.468668753392,1,0,0,726.1352958740661
1522368000,6848.01,,8298.966801878052,1,0,0,722.5077747402041
1522454400,6928.5,,8298.966801878052,1,0,0,700.9000765444753
1522540800,6816.01,,8044.368359521222,1,0,0,693.2972139341556
1522627200,7045.01,,8044.368359521222,1,0,0,666.8274129388586
1522713600,7424.9,,8044.368359521222,1,0,0,655.1397405860831
1522800000,6791.68,,8044.368359521222,1,0,0,659.5190448299343
1522886400,6785.85,,7932.353453681873,1,0,0,638.4441130563674
1522972800,6619.01,,7811.894608313687,1,0,0,616.2781049809125
1523059200,6894.01,,7811.894608313687,1,0,0,605.0839546251331
1523145600,7020.01,,7811.894608313687,1,0,0,577.5772435804807
1523232000,6771.13,,7811.894608313687,1,0,0,575.7881547533035
1523318400,6824.99,,7766.464746514609,1,0,0,551.2390008423533
1523404800,6942.99,,7766.464746514609,1,0,0,523.8640722107567
1523491200,7916,6320.928755323166,,1,0,0,578.0330670528455
1523577600,7893.19,6918.83937979085,,1,0,0,569.6021336919279
1523664000,8003.11,6961.955441811765,,1,0,0,551.7734098567902
1523750400,8355.25,7194.704897630588,,1,0,0,540.1788805813052
1523836800,8048.93,7194.704897630588,,1,0,0,536.8082462540691
1523923200,7892.1,7194.704897630588,,1,0,0,522.7862286644928
1524009600,8152.05,7194.704897630588,,1,0,0,511.457926617029
1524096000,8274,7310.2821978354295,,1,0,0,489.1059318586698
1524182400,8866.27,7629.710478051886,,1,0,0,505.3383652973363
1524268800,8915.42,7888.939430246697,,1,0,0,499.8263392046694
1524355200,8795.01,7990.045987222029,,1,0,0,482.7666006900501
1524441600,8931.3,8034.856888499824,,1,0,0,463.70470064076073
1524528000,9645.1,8406.19419964984,,1,0,0,487.6229363092778
1524614400,8865.98,8406.19419964984,,1,0,0,535.7255837157579
1524700800,9272.12,8406.19419964984,,1,0,0,544.4594705932038
1524787200,8922.55,8406.19419964984,,1,0,0,538.3552226936893
1524873600,9329.99,8406.19419964984,,1,0,0,541.5855639298543
1524960000,9389.01,8406.19419964984,,1,0,0,526.6515950777218
1525046400,9243.83,8406.19419964984,,1,0,0,513.0421954293132
1525132800,9072.29,8406.19419964984,,1,0,0,505.97918147007664
1525219200,9190.48,8406.19419964984,,1,0,0,488.4842399364997
1525305600,9725.74,8486.747031190866,,1,0,0,501.3782227981783
1525392000,9685,8658.672328071778,,1,0,0,486.52977831259415
1525478400,9800,8901.012095264601,,1,0,0,472.337651290266
1525564800,9600,8901.012095264601,,1,0,0,473.5992476266756
1525651200,9356.25,8901.012095264601,,1,0,0,472.3921585104844
1525737600,9177.81,8901.012095264601,,1,0,0,468.1591471883069
1525824000,9300.08,8901.012095264601,,1,0,0,464.0049223891421
1525910400,9010.51,8901.012095264601,,1,0,0,458.3838565042033
1525996800,8403.33,,9606.454431280486,1,0,0,472.750009611046
1526083200,8475,,9361.157488152438,1,0,0,470.0635803531141
1526169600,8686.1,,9361.157488152438,1,0,0,467.15332461360595
1526256000,8670,,9361.157488152438,1,0,0,475.9438014269198
1526342400,8477.46,,9361.157488152438,1,0,0,472.4156727535683
1526428800,8344.01,,9219.703823976815,1,0,0,467.00526755688486
1526515200,8059,,9164.970941579131,1,0,0,468.11060558853586
1526601600,8238.51,,9004.620847421218,1,0,0,459.873419475069
1526688000,8235.6,,9004.620847421218,1,0,0,443.9867466554212
1526774400,8516.86,,9004.620847421218,1,0,0,442.84483618003395
1526860800,8393.44,,9004.620847421218,1,0,0,430.86734788146003
1526947200,7987.7,,9004.620847421218,1,0,0,432.23396588992716
1527033600,7505,,8602.177668943756,1,0,0,443.99368261207525
1527120000,7584.15,,8378.69040204938,1,0,0,445.56484813978415
1527206400,7459.11,,8350.402861844443,1,0,0,437.6609304155139
1527292800,7337.95,,8304.898075659998,1,0,0,431.6301496715487
1527379200,7346.64,,8100.540768093998,1,0,0,412.49156755215233
1527465600,7107.94,,8048.177191284598,1,0,0,408.5850270127129
1527552000,7460,,8048.177191284598,1,0,0,412.75681079751905
1527638400,7380.01,,8048.177191284598,1,0,0,403.6363243119819
1527724800,7485,,8048.177191284598,1,0,0,394.0901582896975
1527811200,7514.32,,8048.177191284598,1,0,0,383.72514698329053
1527897600,7636.42,,8048.177191284598,1,0,0,374.6797793416269
1527984000,7706.37,,8048.177191284598,1,0,0,361.75693796008215
1528070400,7487.37,,8048.177191284598,1,0,0,357.34287096293343
1528156800,7612.51,,8048.177191284598,1,0,0,354.85409446558106
1528243200,7655,,8048.177191284598,1,0,0,344.2930877180396
1528329600,7684.93,,8048.177191284598,1,0,0,327.7007243096082
1528416000,7618.8,,8048.177191284598,1,0,0,315.2521011446362
1528502400,7496.4,,8048.177191284598,1,0,0,307.87695106287646
1528588800,6770.31,,7741.464964277822,1,0,0,346.200740272671
1528675200,6881,,7440.2129678500405,1,0,0,339.1271159674802
1528761600,6544.99,,7340.059171065036,1,0,0,346.03517911266016
1528848000,6302.32,,7078.690253958533,1,0,0,355.88623774747015
1528934400,6638.49,,7078.690253958533,1,1,0,364.8229350512223
1529020800,6391.22,,7078.690253958533,1,0,0,359.4784396904207
1529107200,6484.29,,7078.690253958533,1,0,0,349.51497971253355
1529193600,6447.16,,7078.690253958533,1,0,0,334.6831954473526
1529280000,6709.02,,7078.690253958533,1,0,0,340.9658243439703
1529366400,6736.41,,7078.690253958533,1,0,0,327.9718368908296
1529452800,6756.1,,7078.690253958533,1,0,0,323.0695628271989
1529539200,6719.01,,7078.690253958533,1,0,0,307.4717369109704
1529625600,6059.82,,7004.518327807374,1,0,0,342.92304141732967
1529712000,6178.29,,6800.274995026636,1,0,0,333.4278241732347
1529798400,6149.99,,6701.902995523972,1,0,0,343.8115510180036
1529884800,6246,,6701.902995523972,1,0,0,338.53072594528913
1529971200,6074.95,,6701.902995523972,1,0,0,333.2506740920542
1530057600,6132.17,,6701.902995523972,1,0,0,323.15205451405035
1530144000,5851.66,,6624.519439363278,1,0,0,324.7033363344753
1530230400,6202.36,,6624.519439363278,1,0,0,337.93738373915556
1530316800,6383.19,,6624.519439363278,1,0,0,337.73828490064443
1530403200,6349.5,,6624.519439363278,1,0,0,325.56983597916985
1530489600,6611.79,,6624.519439363278,1,0,0,330.8848476949434
1530576000,6502.62,,6624.519439363278,1,0,0,322.1780728595903
1530662400,6587.47,,6624.519439363278,1,0,0,326.67321051247666
1530748800,6532.95,,6624.519439363278,1,0,0,321.2322669044426
1530835200,6600,,6624.519439363278,1,0,0,311.62996212555385
1530921600,6753.28,6066.407070235828,,1,0,0,313.03210768801426
1531008000,6701.97,6153.092363212246,,1,0,0,298.3376714245847
1531094400,6664.01,6167.83962689102,,1,0,0,290.65783775140005
1531180800,6303.7,6167.83962689102,,1,0,0,298.5015636263001
1531267200,6390.04,6167.83962689102,,1,0,0,285.6793090815643
1531353600,6249.75,6167.83962689102,,1,0,0,287.77578700430973
1531440000,6216.29,6167.83962689102,,1,0,0,282.4746593611448
1531526400,6248.65,6167.83962689102,,1,0,0,272.06075512106304
1531612800,6348.73,6167.83962689102,,1,0,0,263.49141546955855
1531699200,6728.81,6167.83962689102,,1,0,0,274.6491715074472
1531785600,7315.01,6432.047348192518,,1,0,0,312.81637354262955
1531872000,7378.99,6764.016113373267,,1,0,0,315.8266325752989
1531958400,7470.01,6792.27550203594,,1,0,0,314.6661588199204
1532044800,7334.46,6812.890951832346,,1,0,0,322.70714747564034
1532131200,7408,6812.890951832346,,1,0,0,316.8316369416661
1532217600,7397.8,6822.0548709842,,1,0,0,311.4822343029756
1532304000,7720.09,6943.48338388578,,1,0,0,320.00064613847735
1532390400,8385.5,7348.461045497203,,1,0,0,353.715599985729
1532476800,8157.15,7505.071440947482,,1,0,0,359.9387714153198
1532563200,7931.99,7505.071440947482,,1,0,0,366.3717163142255
1532649600,8184.21,7505.071440947482,,1,0,0,375.1494508632094
1532736000,8228.9,7505.071440947482,,1,0,0,360.13877580155156
1532822400,8216.34,7505.071440947482,,1,0,0,345.99243467286925
1532908800,8170.01,7505.071440947482,,1,0,0,351.6301179105215
1532995200,7727.27,7505.071440947482,,1,0,0,365.37725234548424
1533081600,7603.99,7505.071440947482,,1,0,0,361.6360200350925
1533168000,7533.92,7505.071440947482,,1,0,0,353.34344717544303
1533254400,7414.08,,8108.0972884703715,1,0,0,346.21391523433994
1533340800,7005,,7955.1990596233345,1,0,0,361.1272070033156
1533427200,7030.01,,7688.493153661002,1,0,0,350.0838350745074
1533513600,6938,,7688.493153661002,1,0,0,348.1492754263283
1533600000,6718.22,,7629.899854465411,1,0,0,359.34789861016196
1533686400,6282.5,,7196.39436901887,1,0,0,376.33590585229325
1533772800,6546.45,,7195.587932116984,1,0,0,382.0047697199866
1533859200,6146.01,,7125.065138905285,1,0,0,395.41871473998754
1533945600,6235.56,,7083.580625014757,1,0,0,401.6573779728456
1534032000,6316.01,,7083.580625014757,1,0,0,395.2918509747852
1534118400,6253.67,,7083.580625014757,1,0,0,396.01529019087195
1534204800,6195.01,,6886.208335635758,1,0,0,393.3227694629525
1534291200,6269.01,,6886.208335635758,1,0,0,397.1568573584559
1534377600,6315.9,,6886.208335635758,1,0,0,388.4320818328519
1534464000,6585.49,,6886.208335635758,1,0,0,381.76621884479107
1534550400,6396.64,,6886.208335635758,1,0,0,376.0136317844488
1534636800,6489.53,,6886.208335635758,1,0,0,364.79051522841684
1534723200,6258.74,,6886.208335635758,1,0,0,359.9690498549585
1534809600,6475.89,,6886.208335635758,1,0,0,351.4626891510329
1534896000,6359.99,,6886.208335635758,1,0,0,372.1189256402448
1534982400,6526.36,,6886.208335635758,1,0,0,361.2304309516559
1535068800,6690.88,,6886.208335635758,1,0,0,354.96040016939475
1535155200,6737.52,,6886.208335635758,1,0,0,338.32037158586655
1535241600,6709.98,,6886.208335635758,1,0,0,328.5117736154475
1535328000,6911.9,6177.415321228767,,1,0,0,326.00878978577276
1535414400,7071.01,6382.76728910589,,1,0,0,321.511019086789
1535500800,7030.9,6418.552560195301,,1,0,0,313.6588034377327
1535587200,6983,6418.552560195301,,1,0,0,309.7303174778946
1535673600,7015.01,6418.552560195301,,1,0,0,302.3188662294736
1535760000,7191.08,6577.703206382374,,1,0,0,299.5832329273684
1535846400,7295,6680.938885744137,,1,0,0,292.3980020039849
1535932800,7256.98,6743.248497169723,,1,0,0,281.97885900370034
1536019200,7360,6811.00214745275,,1,0,0,274.1632262177218
1536105600,6687.96,,7622.717067292524,1,0,0,306.0037100593131
1536192000,6495,,7113.2438605632715,1,0,0,314.9320164836478
1536278400,6395.01,,7031.012474506944,1,0,0,307.0797295919587
1536364800,6188,,6899.96122705625,1,0,0,309.71689176396166
1536451200,6235.01,,6899.96122705625,1,0,0,309.2371137808215
1536537600,6300,,6879.266593915562,1,0,0,298.12303422504857
1536624000,6282.53,,6848.888934524006,1,0,0,292.0599603518308
1536710400,6326,,6804.946041071606,1,0,0,281.9013917552714
1536796800,6485.99,,6804.946041071606,1,0,0,276.50557805846626
1536883200,6478.04,,6804.946041071606,1,0,0,271.18017962571867
1536969600,6518.68,,6804.946041071606,1,0,0,258.59588108102446
1537056000,6498,,6804.946041071606,1,0,0,254.27260386095125
1537142400,6250.7,,6804.946041071606,1,0,0,259.12456072802615
1537228800,6335.7,,6778.440316473136,1,0,0,251.7613778188814
1537315200,6386.94,,6778.440316473136,1,0,0,262.68056511753275
1537401600,6493.11,,6778.440316473136,1,0,0,257.7033818948518
1537488000,6750,,6778.440316473136,1,0,0,259.62456890236245
1537574400,6707.33,,6778.440316473136,1,0,0,255.00781398076512
1537660800,6696.99,,6778.440316473136,1,0,0,245.1465415535676
1537747200,6582.09,,6778.440316473136,1,0,0,239.07678858545563
1537833600,6436.89,,6778.440316473136,1,0,0,240.68558940078023
1537920000,6455.66,,6778.440316473136,1,0,0,234.68233301501024
1538006400,6680.01,,6778.440316473136,1,1,0,239.6900235139381
1538092800,6620.01,,6778.440316473136,1,0,0,241.0407361200853
1538179200,6581,,6778.440316473136,1,0,0,235.82282639722206
1538265600,6605,,6778.440316473136,1,0,0,227.49833879742047
1538352000,6572.83,,6778.440316473136,1,0,0,222.9934574547476
1538438400,6498.46,,6778.440316473136,1,0,0,217.02035335083707
1538524800,6466.03,,6778.440316473136,1,0,0,209.303899540063
1538611200,6547.45,,6778.440316473136,1,0,0,204.97004957291566
1538697600,6593.94,,6778.440316473136,1,0,0,199.64504603199313
1538784000,6552.43,,6778.440316473136,1,0,0,189.5553998868508
1538870400,6570,,6778.440316473136,1,0,0,182.6728713235043
1538956800,6608.07,,6778.440316473136,1,0,0,179.30766622896823
1539043200,6589.48,,6778.440316473136,1,0,0,170.8114043554705
1539129600,6524.56,,6778.440316473136,1,0,0,169.02773261579406
1539216000,6154.69,,6647.159281328966,1,0,0,192.04146600038024
1539302400,6188.01,,6529.619353196069,1,0,0,187.12636128606732
1539388800,6196,,6522.230917876462,1,0,0,176.18876405134824
1539475200,6183.49,,6522.230917876462,1,0,0,173.42170947625192
1539561600,6440.42,,6522.230917876462,1,0,0,208.0644445136625
1539648000,6457.11,,6522.230917876462,1,0,0,201.63912704840087
1539734400,6443.7,,6522.230917876462,1,0,0,190.72204654494368
1539820800,6394.96,,6522.230917876462,1,0,0,186.72975750601913
1539907200,6382.99,,6522.230917876462,1,0,0,177.37406054130346
1539993600,6414,,6522.230917876462,1,0,0,168.34734193121037
1540080000,6415.88,,6522.230917876462,1,0,0,159.7011032218382
1540166400,6407.65,,6522.230917876462,1,0,0,151.855310134564
1540252800,6395.14,,6522.230917876462,1,0,0,144.68707369638088
1540339200,6415.98,,6522.230917876462,1,0,0,139.77156843235366
1540425600,6395.58,,6522.230917876462,1,0,0,132.96645640147125
1540512000,6404.87,,6522.230917876462,1,0,0,128.2159952299376
1540598400,6409.12,,6522.230917876462,1,0,0,121.32628128494207
1540684800,6403.62,,6522.230917876462,1,0,0,115.15940405030334
1540771200,6266,,6522.230917876462,1,0,0,121.5044466181388
1540857600,6267.63,,6465.739326016041,1,0,0,116.2869861454146
1540944000,6304.18,,6465.739326016041,1,0,0,118.8072014207421
1541030400,6344,,6465.739326016041,1,0,0,115.0752584621177
1541116800,6349.8,,6465.739326016041,1,0,0,110.05774000053793
1541203200,6331.96,,6465.739326016041,1,0,0,104.75290142907093
1541289600,6423.28,,6465.739326016041,1,0,0,108.05483704128012
1541376000,6404,,6465.739326016041,1,0,0,105.19306296690296
1541462400,6448.5,,6465.739326016041,1,0,0,102.09570132640988
1541548800,6503.12,6313.718298975695,,1,0,0,101.3388655173806
1541635200,6406.24,6313.718298975695,,1,0,0,102.94894655185341
1541721600,6334.89,6313.718298975695,,1,0,0,103.45259322672102
1541808000,6347.42,6313.718298975695,,1,0,0,99.38740799624095
1541894400,6357.6,6313.718298975695,,1,0,0,98.63473599650948
1541980800,6327.87,6313.718298975695,,1,0,0,97.13511199675882
1542067200,6259.34,,6465.664559964059,1,0,0,95.6054611398475
1542153600,5605.46,,6147.4191039676525,1,0,0,161.09435677271554
1542240000,5579.52,,5832.137693570887,1,0,0,182.230474146093
1542326400,5512.24,,5832.137693570887,1,0,0,183.49329742137206
1542412800,5504.17,,5832.137693570887,1,0,0,177.0416333198455
1542499200,5560,,5832.137693570887,1,0,0,175.9429452255708
1542585600,4733.5,,5639.054108751859,1,0,0,226.94344913803002
1542672000,4349.23,,5104.426197876673,1,0,0,271.73320277102783
1542758400,4545.11,,5089.171578089006,1,0,0,280.0765454302401
1542844800,4265.36,,5074.2094202801045,1,0,0,285.09322075665153
1542931200,4283.8,,4876.281978252095,1,0,0,284.7522764168907
1543017600,3774.99,,4740.150780426885,1,0,0,315.8371138156842
1543104000,3936.69,,4577.440702384197,1,0,0,340.6501771145639
1543190400,3731.32,,4577.440702384197,1,0,0,356.90730732066646
1543276800,3775,,4491.286068931199,1,0,0,350.49249965490463
1543363200,4225.03,,4491.286068931199,1,0,0,367.6001782509829
1543449600,4248,,4491.286068931199,1,0,0,365.4151655187698
1543536000,3976,,4491.286068931199,1,0,0,369.936225124572
1543622400,4142.01,,4491.286068931199,1,0,0,369.72078047281684
1543708800,4103.19,,4491.286068931199,1,0,0,359.7407247247585
1543795200,3833.47,,4491.286068931199,1,0,0,361.04710153013286
1543881600,3901.84,,4491.286068931199,1,0,0,356.87730856369484
1543968000,3694.39,,4491.286068931199,1,0,0,349.4239293805737
1544054400,3433.26,,4373.953723315963,1,0,0,356.5365058533899
1544140800,3380.01,,4123.108350984367,1,0,0,355.2124697210049
1544227200,3401,,4090.4955158859298,1,0,0,347.07872188379025
1544313600,3531.18,,4090.4955158859298,1,0,0,341.9102417492339
1544400000,3410.15,,4090.4955158859298,1,0,0,334.32665305286
1544486400,3349.36,,3994.513501080843,1,0,0,319.8340349776558
1544572800,3430.24,,3994.513501080843,1,0,0,308.4587467649661
1544659200,3265,,3919.633285875483,1,0,0,301.54526485318286
1544745600,3195.71,,3774.1844572879345,1,0,0,291.42774593509836
1544832000,3183,,3702.061011559141,1,0,0,277.7400497968771
1544918400,3195,,3702.061011559141,1,0,0,263.384331954243
1545004800,3496.82,,3702.061011559141,1,0,0,273.2618796717971
1545091200,3667.77,,3702.061011559141,1,0,0,271.7074596952402
1545177600,3682.51,,3702.061011559141,1,0,0,273.08406971700873
1545264000,4075.34,3344.808367184443,,1,1,0,290.2566361657938
1545350400,3839.06,3375.0835304659986,,1,0,0,297.18616215395144
1545436800,3980.46,3375.0835304659986,,1,0,0,291.3042934286692
1545523200,3944.93,3428.0721096774587,,1,0,0,280.95398675519283
1545609600,4034,3539.399898709713,,1,0,0,281.91798770125047
1545696000,3780,3539.399898709713,,1,0,0,288.17741715116114
1545782400,3809.88,3539.399898709713,,1,0,0,279.32045878322106
1545868800,3589.89,3539.399898709713,,1,0,0,278.955426012991
1545955200,3888.06,3539.399898709713,,1,0,0,287.2771812977773
1546041600,3729.31,3539.399898709713,,1,0,0,283.7809540622218
1546128000,3829,3539.399898709713,,1,0,0,275.8001716292059
1546214400,3691.86,3539.399898709713,,1,0,0,271.12873079854836
1546300800,3826.1,3539.399898709713,,1,0,0,265.3445357415092
1546387200,3890.79,3539.399898709713,,1,0,0,256.8556403314014
1546473600,3787.57,3539.399898709713,,1,0,0,248.20380887915843
1546560000,3820.25,3539.399898709713,,1,0,0,238.97496538778998
1546646400,3798.62,3539.399898709713,,1,0,0,228.98532500294783
1546732800,4040.99,3539.399898709713,,1,0,0,236.34280178845157
1546819200,4006.01,3597.9599037738562,,1,0,0,226.6904588035622
1546905600,3993.86,3615.500413396471,,1,0,0,222.7439974604506
1546992000,4004.12,3615.500413396471,,1,0,0,212.55371192756124
1547078400,3626.12,3615.500413396471,,1,0,0,231.31487536130686
1547164800,3635.69,3615.500413396471,,1,0,0,223.64881283549923
1547251200,3619.41,3615.500413396471,,1,0,0,214.237469061535
1547337600,3514.24,,3954.398905693518,1,0,0,210.38622127142534
1547424000,3664.19,,3954.398905693518,1,0,0,209.77791975203783
1547510400,3580.76,,3954.398905693518,1,0,0,205.20449691260657
1547596800,3609.71,,3954.398905693518,1,0,0,197.27631856170612
1547683200,3640.65,,3949.851698025517,1,0,0,191.47086723586997
1547769600,3607.85,,3940.397528222966,1,0,0,182.33223386187927
1547856000,3682.65,,3940.397528222966,1,0,0,180.80850287174505
1547942400,3536.19,,3931.718747860602,1,0,0,183.77789552376322
1548028800,3531.76,,3850.0428730745416,1,0,0,176.4780458434944
1548115200,3577.03,,3845.2445857670878,1,0,0,177.19389971181621
1548201600,3553.01,,3845.2445857670878,1,0,0,171.02504973240076
1548288000,3568.97,,3845.2445857670878,1,0,0,163.503974751515
1548374400,3562.17,,3823.080913024207,1,0,0,156.73797655497816
1548460800,3556.07,,3823.080913024207,1,0,0,153.95383537247972
1548547200,3531.02,,3782.000339549608,1,0,0,149.58284713158832
1548633600,3429.95,,3726.2793055946468,1,0,0,150.46335805076055
1548720000,3397.42,,3652.4238750351824,1,0,0,146.89668961856339
1548806400,3437.55,,3652.4238750351824,1,0,0,142.57835464580884
1548892800,3411.5,,3652.4238750351824,1,0,0,137.8699007425368
1548979200,3437.5,,3652.136669900648,1,0,0,134.35347926092706
1549065600,3468.43,,3652.136669900648,1,0,0,129.6682307422894
1549152000,3414.78,,3651.4831026195247,1,0,0,126.49978568926876
1549238400,3409.57,,3623.1702923575726,1,0,0,120.31408671146384
1549324800,3428.4,,3607.930263121815,1,0,0,113.82450908921643
1549411200,3367.36,,3584.8202368096336,1,0,0,112.8513298685581
1549497600,3359,,3548.32921312867,1,0,0,107.01409202080391
1549584000,3621.99,3291.421208184197,,1,0,0,125.58451401931792
1549670400,3623.73,3398.653087365777,,1,0,0,119.97704873222378
1549756800,3648.84,3401.5987786292,,1,0,0,116.81368810849351
1549843200,3590.36,3407.8134007662798,,1,0,0,113.65699610074397
1549929600,3588.06,3407.8134007662798,,1,0,0,110.45078209354797
1550016000,3576.68,3407.8134007662798,,1,0,0,107.20501194400882
1550102400,3561.5,3407.8134007662798,,1,0,0,103.39751109086534
1550188800,3566.59,3407.8134007662798,,1,0,0,101.32126029866068
1550275200,3582.37,3414.695289518481,,1,0,0,97.07402742018493
1550361600,3625.08,3438.1397605666325,,1,0,0,98.53802546160031
1550448000,3867,3546.1582845099692,,1,0,0,112.98673792862887
1550534400,3888.01,3681.5514560589722,,1,0,0,114.05911379086966
1550620800,3938.99,3695.5583104530747,,1,0,0,113.05917709152183
1550707200,3897.71,3705.5734794077675,,1,0,0,113.45137872784171
1550793600,3942.02,3706.397631466991,,1,0,0,110.36770881871016
1550880000,4110,3791.336868320292,,1,0,0,119.97001533165944
1550966400,3734.22,,4264.131818511738,1,0,0,145.39715709368375
1551052800,3818.79,,4103.312136660564,1,0,0,144.21950301556348
1551139200,3799.48,,4084.5624229945074,1,0,0,138.39382422873751
1551225600,3799.91,,4033.2611806950567,1,0,0,140.5178367838277
1551312000,3792.14,,4033.2611806950567,1,0,0,141.5972770135543
1551398400,3806.17,,4033.2611806950567,1,0,0,135.17532865544328
1551484800,3809.7,,4033.2611806950567,1,0,0,129.45423375148303
1551571200,3786.93,,4033.2611806950567,1,0,0,123.91178848351997
1551657600,3700.72,,3985.1458333386236,1,0,0,124.53237502041141
1551744000,3844.59,,3985.1458333386236,1,0,0,128.80077680466772
1551830400,3851.89,,3985.1458333386236,1,0,0,125.50786417576286
1551916800,3857.05,,3985.1458333386236,1,0,0,120.84373102035123
1552003200,3843.12,,3985.1458333386236,1,0,0,122.20346451889758
1552089600,3917,,3985.1458333386236,1,0,0,121.52750276754773
1552176000,3900.93,,3985.1458333386236,1,0,0,116.3583954270086
1552262400,3849.68,,3985.1458333386236,1,0,0,114.81993861079368
1552348800,3860,,3985.1458333386236,1,0,0,112.23422871002269
1552435200,3851.02,,3985.1458333386236,1,0,0,107.32606951644964
1552521600,3853.95,,3985.1458333386236,1,0,0,108.28277883670322
1552608000,3902.8,,3985.1458333386236,1,0,0,105.06329463408156
1552694400,3990,3763.4119615084965,,1,0,0,107.3144878745043
1552780800,3967.01,3767.518765357647,,1,0,0,103.55631016918255
1552867200,3970.5,3784.5748888218823,,1,0,0,101.73157372852664
1552953600,4000.85,3796.4308999396944,,1,0,0,98.57431846220332
1553040000,4031.85,3823.274309945725,,1,0,0,97.20401000061739
1553126400,3972.76,3823.274309945725,,1,0,0,100.34586642914472
1553212800,3983.78,3823.274309945725,,1,0,0,95.77187596992012
1553299200,3983.43,3823.274309945725,,1,0,0,91.55674197206869
1553385600,3969.52,3823.274309945725,,1,0,0,87.69054611692091
1553472000,3907.53,3823.274309945725,,1,0,0,89.88907853714083
1553558400,3921.45,3823.274309945725,,1,0,0,86.55843007020222
1553644800,4026.53,3823.274309945725,,1,0,0,89.01139935090207
1553731200,4011.17,3852.8198753315614,,1,0,0,84.97772796869478
1553817600,4091.01,3894.1908877984056,,1,0,0,85.60217597093084
1553904000,4094.14,3924.913799018565,,1,0,0,85.8705919730072
1553990400,4094.99,3938.7584191167084,,1,0,0,81.5934068320781
1554076800,4137,3944.799077205038,,1,0,0,82.76316348692966
1554163200,4901.93,4288.569669484534,,1,0,0,147.4929375235775
1554249600,4975.97,4650.330702536081,,1,0,0,176.80701341475054
1554336000,4906.49,4650.330702536081,,1,0,0,185.1307981708398
1554422400,5040.66,4650.330702536081,,1,0,0,184.71074115863695
1554508800,5049.22,4650.330702536081,,1,0,0,194.3056882187343
1554595200,5194.79,4699.897616433922,,1,0,0,197.61456763168187
1554681600,5285.54,4793.24035479053,,1,0,0,199.22924137227602
1554768000,5187.21,4793.24035479053,,1,0,0,195.14143841711345
1554854400,5318.58,4872.171787380329,,1,0,0,204.31062138731963
1554940800,5041.3,4872.171787380329,,1,0,0,216.53843414536823
1555027200,5078.19,4872.171787380329,,1,0,0,216.54068884927054
1555113600,5066.22,4872.171787380329,,1,0,0,207.2549253600369
1555200000,5164.27,4872.171787380329,,1,0,0,205.12100212003423
1555286400,5029.99,4872.171787380329,,1,0,0,208.1459305400318
1555372800,5202.9,4872.171787380329,,1,0,0,208.52979264431525
1555459200,5227,4872.171787380329,,1,0,0,200.72123602686415
1555545600,5280.49,4874.608267843873,,1,0,0,193.2354334535167
1555632000,5290.36,4889.480441059486,,1,0,0,191.05933106397984
1555718400,5319.89,4940.417896953537,,1,0,0,184.53652170226698
1555804800,5297.64,4940.417896953537,,1,0,0,181.05677015210503
1555891200,5387.6,4983.668796532365,,1,0,0,181.72342942695468
1555977600,5532.75,5121.931416879129,,1,0,0,189.38604161074363
1556064000,5441.9,5121.931416879129,,1,0,0,193.74918149569052
1556150400,5134.81,5121.931416879129,,1,0,0,219.1328113888555
1556236800,5159.51,5121.931416879129,,1,0,0,221.6154677182229
1556323200,5170.6,5121.931416879129,,1,0,0,213.19864859549267
1556409600,5155,5121.931416879129,,1,0,0,206.07731655295748
1556496000,5148.25,5121.931416879129,,1,0,0,199.7525082277462
1556582400,5270.69,5121.931416879129,,1,0,0,196.82375764005005
1556668800,5321.15,5121.931416879129,,1,0,0,189.3920606657608
1556755200,5390.01,5121.931416879129,,1,0,0,184.21405633249213
1556841600,5657.4,5169.38827615044,,1,0,0,202.05090945159986
1556928000,5770.01,5242.944948535397,,1,0,0,211.53870163362848
1557014400,5715.86,5280.965453681856,,1,0,0,207.4909372312264
1557100800,5687.9,5280.965453681856,,1,0,0,206.15087028613877
1557187200,5748.45,5396.617767482304,,1,0,0,211.89795097998604
1557273600,5948.41,5396.617767482304,,1,0,0,220.60095448141558
1557360000,6153.09,5593.3841416606665,,1,0,0,221.7444577327431
1557446400,6343.14,5791.6972274946,,1,0,0,228.84771075183284
1557532800,7219.95,6249.38800474514,,1,0,0,292.58358855527337
1557619200,6979.76,6414.295704270626,,1,0,0,330.7433322298967
1557705600,7824.93,6585.248133843564,,1,0,0,402.12380849918975
1557792000,7990.92,6989.643820459207,,1,0,0,425.45282217781903
1557878400,8203.32,7078.294938413286,,1,0,0,429.0911920222605
1557964800,7878.96,7078.294938413286,,1,0,0,450.38896402067047
1558051200,7363.69,7078.294938413286,,1,0,0,513.9861808763369
1558137600,7262.4,7078.294938413286,,1,0,0,497.75859652802717
1558224000,8200,7078.294938413286,,1,0,0,538.0915539188824
1558310400,7999.54,7078.294938413286,,1,0,0,544.6343000675336
1558396800,7951.7,7078.294938413286,,1,0,0,527.7068500627097
1558483200,7626.48,7078.294938413286,,1,0,0,528.4563607725162
1558569600,7881.98,7078.294938413286,,1,0,0,527.6951921459079
1558656000,8001.7,7078.294938413286,,1,0,0,517.1648212783431
1558742400,8063.81,7078.294938413286,,1,0,0,495.06376261560433
1558828800,8731.72,7214.881558230891,,1,0,0,524.8642081430611
1558915200,8772.29,7701.713902407802,,1,0,0,511.40533613284236
1559001600,8715.36,7701.713902407802,,1,0,0,494.6949549804964
1559088000,8662.44,7701.713902407802,,1,0,0,483.24102962474666
1559174400,8279.69,7701.713902407802,,1,0,0,528.580956080122
1559260800,8554.06,7701.713902407802,,1,0,0,524.396602074399
1559347200,8558.95,7701.713902407802,,1,0,0,498.78184478337056
1559433600,8736.55,7716.709082069505,,1,0,0,483.44028444170124
1559520000,8107.96,7716.709082069505,,1,0,0,499.7674069815797
1559606400,7670.96,,8820.3162435237,1,0,0,512.709735054324
1559692800,7789.48,,8772.91611917133,1,0,0,502.00689683615803
1559779200,7805,,8666.609007254197,1,0,0,496.4835470621468
1559865600,7998.13,,8666.609007254197,1,0,0,487.98472227199346
1559952000,7930.14,,8666.609007254197,1,0,0,472.6986706811368
1560038400,7634.58,,8666.609007254197,1,0,0,471.1651942039127
1560124800,8015.69,,8666.609007254197,1,0,0,478.97125176077606
1560211200,7918.17,,8666.609007254197,1,0,0,470.0704480635777
1560297600,8176.02,,8666.609007254197,1,0,0,470.45327320189364
1560384000,8239.04,,8666.609007254197,1,0,0,456.9380394017584
1560470400,8697.46,7541.430307831815,,1,0,0,464.21675087306136
1560556800,8860.23,7860.816277048635,,1,0,0,454.48198295355684
1560643200,8975,8173.526149343772,,1,0,0,464.04041274258844
1560729600,9333.14,8297.098534409393,,1,0,0,466.6089546895464
1560816000,9078.48,8297.098534409393,,1,0,0,464.69117221172166
1560902400,9277.54,8297.098534409393,,1,0,0,451.7668027680273
1560988800,9531.21,8527.869401584448,,1,0,0,447.26203114173967
1561075200,10236.2,8956.244461426002,,1,0,0,466.299743203044
1561161600,10666.86,9582.092515283402,,1,0,0,514.1276186885408
1561248000,10833.02,9769.064763755065,,1,0,0,534.1499316393594
1561334400,11032.32,9769.064763755065,,1,0,0,534.6935079508337
1561420800,11755.53,10231.3414586416,,1,0,0,553.0639716686312
1561507200,12927.44,11060.093312777442,,1,0,0,693.4479736923004
1561593600,11159.29,11060.093312777442,,1,0,0,862.3931184285647
1561680000,12360.45,11060.093312777442,,1,0,0,922.71503854081
1561766400,11865.29,11060.093312777442,,1,0,0,932.5961072164664
1561852800,10761.26,,13664.86236348672,1,0,0,976.6920995581474
1561939200,10577.63,,12849.11312713805,1,0,0,996.751235303994
1562025600,10829.18,,12583.417814424243,1,0,0,1016.5547184965659
1562112000,11976.42,,12583.417814424243,1,0,0,1028.6165243182397
1562198400,11136,,12583.417814424243,1,0,0,1028.6617725812225
1562284800,11004.51,,12583.417814424243,1,0,0,1004.3080745397067
1562371200,11237.77,,12583.417814424243,1,0,0,985.6796406440134
1562457600,11474.42,,12583.417814424243,1,0,0,953.5375234551553
1562544000,12293.53,,12583.417814424243,1,0,0,961.6412717797872
1562630400,12571.11,,12583.417814424243,1,0,0,944.7126095098023
1562716800,12097.96,,12583.417814424243,1,0,0,995.0488516876736
1562803200,11349,,12583.417814424243,1,0,0,1007.1853622814112
1562889600,11802,,12583.417814424243,1,0,0,997.4156935470247
1562976000,11370.08,,12583.417814424243,1,0,0,999.7860011508086
1563062400,10185.03,,12583.417814424243,1,0,0,1027.1491439257509
1563148800,10854.47,,12583.417814424243,1,0,0,1041.1199193596258
1563235200,9422.72,,12495.706039953428,1,0,0,1087.468496548224
1563321600,9696.31,,11790.535435958085,1,0,0,1076.0064610804936
1563408000,10649.07,,11790.535435958085,1,0,0,1106.863142431887
1563494400,10538.06,,11790.535435958085,1,0,0,1075.3879179724663
1563580800,10761.03,,11790.535435958085,1,0,0,1052.2644952601472
1563667200,10590.7,,11790.535435958085,1,0,0,1013.8884598844224
1563753600,10323.39,,11790.535435958085,1,0,0,986.3349984641065
1563840000,9840.12,,11790.535435958085,1,0,0,953.3146414309562
1563926400,9772.6,,11483.392934688902,1,0,0,914.627881328745
1564012800,9883.33,,11483.392934688902,1,0,0,881.4694612338346
1564099200,9843,,11340.68977709801,1,0,0,835.7087854314179
1564185600,9479.98,,11340.68977709801,1,0,0,844.3303007577452
1564272000,9533,,10939.281319449388,1,0,0,824.0374221321921
1564358400,9495.01,,10939.281319449388,1,0,0,791.8290348370356
1564444800,9589.01,,10939.281319449388,1,0,0,768.6891037772474
1564531200,10087.3,,10939.281319449388,1,0,0,754.1477392217297
1564617600,10405.94,,10939.281319449388,1,0,1,744.2800435630346
1564704000,10533.01,,10939.281319449388,1,0,0,716.0157547371035
1564790400,10820.76,,10939.281319449388,1,0,0,695.0203436844532
1564876800,10977.51,9594.501200650946,,1,0,0,682.3574619927066
1564963200,11819.49,10156.760080585853,,1,0,0,703.0812147075133
1565049600,11465.49,10350.513072527268,,1,0,0,733.8182707998337
1565136000,11975.03,10350.513072527268,,1,0,0,737.1698228855599
1565222400,11981,10353.585388747088,,1,0,0,727.3005498223057
1565308800,11856.1,10511.099849872378,,1,0,0,703.0726534064268
1565395200,11280.95,10511.099849872378,,1,0,0,709.9953210202533
1565481600,11540.76,10511.099849872378,,1,0,0,694.7185123759494
1565568000,11389.28,10511.099849872378,,1,0,0,668.8921900633816
1565654400,10854.92,10511.099849872378,,1,0,0,670.5706050588543
1565740800,10025.86,,11712.765196498858,1,0,0,692.0362761260791
1565827200,10300.01,,11357.006176848974,1,0,0,712.247970688502
1565913600,10352.78,,11357.006176848974,1,0,0,718.509544210752
1566000000,10217.79,,11357.006176848974,1,0,0,702.7460053385554
1566086400,10315.48,,11357.006176848974,1,0,0,684.4634335286586
1566172800,10920,,11357.006176848974,1,0,0,683.6989025623259
1566259200,10769.09,,11357.006176848974,1,0,0,663.2418380935882
1566345600,10130,,11357.006176848974,1,0,0,684.3252782297604
1566432000,10107.15,,11300.901398139715,1,0,0,669.6256154990633
1566518400,10410.85,,11300.901398139715,1,0,0,653.3780715348445
1566604800,10147.96,,11300.901398139715,1,0,0,645.4753521394985
1566691200,10138.72,,11300.901398139715,1,0,0,633.2913984152485
1566777600,10361.65,,11300.901398139715,1,0,0,626.7191556713022
1566864000,10171.85,,11300.901398139715,1,0,0,607.6899302662093
1566950400,9714.31,,11088.273524543769,1,0,0,618.1456495329086
1567036800,9495,,10667.917672089394,1,0,0,602.2281031377008
1567123200,9582.42,,10624.374904880453,1,0,0,584.9996671992936
1567209600,9600.86,,10621.396914392408,1,0,0,562.5911195422011
1567296000,9766.52,,10621.396914392408,1,0,0,543.8646110034725
1567382400,10381.26,,10621.396914392408,1,0,0,557.1764245032244
1567468800,10628.48,9487.763569407934,,1,0,0,553.8066798958513
1567555200,10581.84,9573.429212467141,,1,0,0,546.6162027604333
1567641600,10574.73,9586.607291220429,,1,0,0,522.8779025632596
1567728000,10308.92,9586.607291220429,,1,0,0,539.6251952373125
1567814400,10484.37,9586.607291220429,,1,0,0,520.7576812917902
1567900800,10398.97,9586.607291220429,,1,0,0,509.5514183423766
1567987200,10310,9586.607291220429,,1,0,0,507.5663170322069
1568073600,10093.01,9586.607291220429,,1,0,0,505.1158658156207
1568160000,10160.2,9586.607291220429,,1,0,0,500.8325896859336
1568246400,10423.72,9586.607291220429,,1,0,0,495.0588332797955
1568332800,10365.93,9586.607291220429,,1,0,0,480.80463090266727
1568419200,10360.25,9586.607291220429,,1,0,0,461.86430012390525
1568505600,10304.46,9586.607291220429,,1,0,0,437.2032786864835
1568592000,10262.54,9586.607291220429,,1,0,0,428.22875878030607
1568678400,10185.39,9586.607291220429,,1,0,0,407.69384743885564
1568764800,10155.26,9586.607291220429,,1,0,0,391.7100011932231
1568851200,10275.01,9586.607291220429,,1,0,1,420.3942868222785
1568937600,10168.85,9586.607291220429,,1,0,0,408.47612347783013
1569024000,9973.99,9586.607291220429,,1,0,0,397.3571146579851
1569110400,10026.8,9586.607291220429,,1,0,0,386.7337493252718
1569196800,9693.74,9586.607291220429,,1,0,0,390.6656243734666
1569283200,8530.01,,9942.533820182136,1,0,0,478.31879406107606
1569369600,8438.35,,9464.155938163924,1,0,0,481.4281659138564
1569456000,8060,,9121.68984434753,1,0,0,500.72829692000954
1569542400,8193.99,,9091.388359912777,1,0,0,495.60341856858025
1569628800,8217.47,,9091.388359912777,1,0,0,483.6138886708245
1569715200,8052.4,,9025.55347152935,1,0,0,473.63503948005143
1569801600,8304.96,,9025.55347152935,1,0,0,489.2489652314763
1569888000,8321.52,,9025.55347152935,1,0,0,478.2311820006566
1569974400,8381.72,,9025.55347152935,1,0,0,459.9396690006097
1570060800,8240.41,,9025.55347152935,1,0,0,452.8532640719947
1570147200,8156.67,,8971.547631653366,1,0,0,437.5880309239951
1570233600,8147.63,,8910.850868488029,1,0,0,419.1746001437097
1570320000,7859.79,,8778.256781639226,1,0,0,417.471414419159
1570406400,8209,,8778.256781639226,1,0,0,426.81059910350467
1570492800,8180,,8778.256781639226,1,0,0,413.1605563103971
1570579200,8590,,8778.256781639226,1,0,0,425.89551657394026
1570665600,8587.5,,8778.256781639226,1,0,0,410.2958368186588
1570752000,8267.33,,8778.256781639226,1,0,0,423.8461341887546
1570838400,8309.03,,8778.256781639226,1,0,0,405.2528388895579
1570924800,8282.97,,8778.256781639226,1,0,0,399.3454932545895
1571011200,8355,,8778.256781639226,1,0,0,384.63081516497596
1571097600,8162.44,,8778.256781639226,1,0,0,381.03932836747765
1571184000,7993.54,,8743.878064815497,1,0,0,372.58866205551504
1571270400,8076.2,,8701.484758333947,1,0,0,359.3616147658354
1571356800,7954.16,,8630.355782500552,1,0,0,355.38507085399004
1571443200,7965.28,,8630.011704250497,1,0,0,346.18042293584784
1571529600,8236.12,,8630.011704250497,1,0,0,352.4525355832872
1571616000,8209.92,,8630.011704250497,1,0,0,341.12306875590957
1571702400,8024.72,,8630.011704250497,1,0,0,339.4885638447731
1571788800,7474.85,,8397.25670915875,1,0,0,368.9936664272894
1571875200,7430.87,,8116.920038242875,1,0,0,353.38769025391156
1571961600,8668,7199.000465581412,,1,0,0,428.8735695214893
1572048000,9259.78,8407.24991902327,,1,0,0,533.6311716985257
1572134400,9548.84,8407.24991902327,,1,0,0,547.2568022914882
1572220800,9226.5,8407.24991902327,,1,0,0,562.3884592706676
1572307200,9430.8,8407.24991902327,,1,0,0,558.4185693227627
1572393600,9164.44,8407.24991902327,,1,0,0,549.9622429425654
1572480000,9159.48,8407.24991902327,,1,0,1,545.179225589525
1572566400,9253.12,8407.24991902327,,1,0,0,523.5749951902732
1572652800,9308.52,8407.24991902327,,1,0,0,499.24820981953934
1572739200,9206.52,8407.24991902327,,1,0,0,485.85190911814374
1572825600,9412.53,8407.24991902327,,1,0,0,484.9339156097049
1572912000,9322.09,8407.24991902327,,1,0,0,472.08506449472594
1572998400,9341.27,8464.483417757741,,1,0,0,452.3889884593884
1573084800,9198.84,8464.483417757741,,1,0,0,441.5154892837177
1573171200,8763.01,8464.483417757741,,1,0,0,451.8358114777379
1573257600,8807.89,8464.483417757741,,1,0,0,431.05896780075653
1573344000,9032.23,8464.483417757741,,1,0,0,430.166898672131
1573430400,8721.54,8464.483417757741,,1,0,0,433.536405909836
1573516800,8810,8464.483417757741,,1,0,0,424.9580912019906
1573603200,8758.34,8464.483417757741,,1,0,0,404.16108468756266
1573689600,8630,8464.483417757741,,1,0,0,391.4781500670225
1573776000,8457.48,,9312.568586367495,1,0,0,392.95971077652086
1573862400,8481,,9169.533727730744,1,0,0,372.607588578198
1573948800,8500.01,,9169.533727730744,1,0,0,364.9920465368981
1574035200,8168.84,,8964.025369461904,1,0,0,373.6361860699768
1574121600,8123.36,,8767.913332515713,1,0,0,362.5014584935499
1574208000,8082.96,,8767.913332515713,1,0,0,350.34849717258203
1574294400,7616.46,,8477.418149337727,1,0,0,378.2143188031119
1574380800,7283.03,,8096.0558344039555,1,0,0,418.6654388886039
1574467200,7329.29,,8047.138750963559,1,0,0,407.27505039656074
1574553600,6908.64,,7934.095875867203,1,0,0,412.39826108252066
1574640000,7127.01,,7870.429288280483,1,0,0,443.9405281480549
1574726400,7162.67,,7870.429288280483,1,0,0,434.998347566051
1574812800,7523.72,,7870.429288280483,1,0,0,463.12417988276167
1574899200,7432.41,,7870.429288280483,1,0,0,450.7724527482787
1574985600,7760,,7870.429288280483,1,0,0,451.3672775519731
1575072000,7555.92,,7870.429288280483,1,0,0,445.3410434411179
1575158400,7404.27,,7870.429288280483,1,0,0,436.2995403381809
1575244800,7305.01,,7870.429288280483,1,0,0,424.6117160283108
1575331200,7302.94,,7870.429288280483,1,0,0,406.8244505977172
1575417600,7198.99,,7870.429288280483,1,0,0,427.408418412166
1575504000,7393.54,,7870.429288280483,1,0,0,420.957102811297
1575590400,7540.08,,7870.429288280483,1,0,0,412.5851668962044
1575676800,7502.19,,7870.429288280483,1,0,0,394.25765497504693
1575763200,7520,,7870.429288280483,1,0,0,379.90639390540076
1575849600,7337.51,,7870.429288280483,1,0,0,381.0923657693007
1575936000,7219.37,,7870.429288280483,1,0,0,371.1550539286364
1576022400,7201.23,,7859.524515853321,1,0,0,354.562550076591
1576108800,7185.91,,7830.533064267989,1,0,0,345.2002250711202
1576195200,7249.9,,7830.533064267989,1,0,0,328.82306613746874
1576281600,7062.91,,7729.765832057072,1,0,0,323.64284712764953
1576368000,7111,,7690.037248851364,1,0,0,315.8112151899603
1576454400,6877.03,,7556.196523966228,1,0,0,317.09327124782027
1576540800,6616.62,,7347.515871569604,1,0,0,321.3873233015474
1576627200,7285.53,,7347.515871569604,1,0,0,371.162514494294
1576713600,7149.12,,7347.515871569604,1,0,0,368.02590631613015
1576800000,7190,,7347.515871569604,1,0,0,352.1911987221209
1576886400,7143.01,,7347.515871569604,1,0,0,333.4939702419694
1576972800,7513.06,6666.641176646864,,1,0,0,337.997972367543
1577059200,7310.79,6797.159558982177,,1,0,0,344.5552600555757
1577145600,7255.01,6797.159558982177,,1,0,0,339.5920271944631
1577232000,7192.12,6797.159558982177,,1,0,0,326.0225966805729
1577318400,7194.13,6797.159558982177,,1,0,0,323.59955406053206
1577404800,7245.83,6797.159558982177,,1,0,0,314.8195859133512
1577491200,7302.67,6797.159558982177,,1,0,0,300.43604406239757
1577577600,7384.89,6846.562716235047,,1,0,0,297.0427552007977
1577664000,7218,6846.562716235047,,1,0,0,289.13112982931216
1577750400,7165.72,6846.562716235047,,1,0,0,281.88390627007556
1577836800,7174.33,6846.562716235047,,1,0,0,269.0414843936416
1577923200,6945.02,6846.562716235047,,1,0,0,270.0513783655244
1578009600,7334.45,6846.562716235047,,1,0,0,289.7998513394155
1578096000,7348.63,6846.562716235047,,1,0,0,278.71986195802873
1578182400,7355.4,6888.911615033303,,1,0,0,271.42915753245524
1578268800,7764.63,7021.248953529973,,1,0,0,285.0292177087084
1578355200,8158.52,7373.347558176975,,1,0,0,299.8842735866578
1578441600,8045.51,7495.779802359278,,1,0,0,323.0632540447536
1578528000,7813.78,7495.779802359278,,1,0,0,321.7151644701284
1578614400,8198.09,7495.779802359278,,1,0,0,336.50479557940497
1578700800,8020,7495.779802359278,,1,0,0,333.182310180876
1578787200,8180.81,7495.779802359278,,1,0,0,325.2228594536706
1578873600,8104.5,7495.779802359278,,1,0,0,312.9826552069798
1578960000,8815.69,7778.910573930616,,1,0,0,346.9974655493384
1579046400,8808.81,8006.505516537555,,1,0,0,347.2119322958142
1579132800,8714.76,8014.3549648838,,1,0,0,341.69679427468463
1579219200,8899.42,8139.288468395419,,1,0,0,342.0991661122072
1579305600,8909.32,8224.028121555877,,1,0,0,330.5135113899067
1579392000,8697.53,8224.028121555877,,1,0,0,359.0475462906276
1579478400,8628.89,8224.028121555877,,1,0,0,349.88557869844
1579564800,8722.03,8224.028121555877,,1,0,0,346.9873230771228
1579651200,8660.38,8224.028121555877,,1,0,0,338.39965714304265
1579737600,8385.22,8224.028121555877,,1,0,0,341.8711102042539
1579824000,8427.26,8224.028121555877,,1,0,0,338.4003166182359
1579910400,8326.81,8224.028121555877,,1,0,0,327.44529400264764
1579996800,8595,8224.028121555877,,1,0,0,326.65063014531563
1580083200,8895.96,8224.028121555877,,1,0,0,333.9184422777931
1580169600,9394.5,8440.411612594049,,1,0,0,348.4985535436649
1580256000,9288.44,8650.743451334645,,1,0,0,338.9686568619745
1580342400,9503.08,8678.78910620118,,1,0,0,343.5830385146906
1580428800,9334.98,8678.78910620118,,1,0,0,342.39925004935554
1580515200,9380.18,8715.843426022957,,1,0,0,330.30430361725865
1580601600,9323.5,8715.843426022957,,1,0,0,330.996853358883
1580688000,9280.49,8747.666725078594,,1,0,0,335.9220781189629
1580774400,9164.33,8747.666725078594,,1,0,0,331.35264396760846
1580860800,9613.82,8747.666725078594,,1,0,0,351.9488836842079
1580947200,9763.01,8976.414367582296,,1,0,0,350.77610627819314
1581033600,9808.05,9123.754430824065,,1,0,0,337.9356701154651
1581120000,9905.64,9135.762487741658,,1,0,0,335.33526510721765
1581206400,10168.35,9374.179738967492,,1,0,0,332.1077461709878
1581292800,9851.78,9374.179738967492,,1,0,0,341.45719287306014
1581379200,10270.01,9374.179738967492,,1,0,0,366.6388219535558
1581465600,10351.13,9639.343314707303,,1,0,0,357.1546203854447
1581552000,10236.49,9639.343314707303,,1,0,0,363.0300046436272
1581638400,10371.33,9639.343314707303,,1,0,0,358.0392900262253
1581724800,9911.22,9639.343314707303,,1,0,0,378.89362645292346
1581811200,9921,9639.343314707303,,1,0,0,382.9883674205717
1581897600,9700,9639.343314707303,,1,0,0,391.5163411762451
1581984000,10188.04,9639.343314707303,,1,0,0,412.69231680651325
1582070400,9600.08,,10788.237999698773,1,0,0,457.0728656060481
1582156800,9610.05,,10497.910199728894,1,0,0,446.18980377704474
1582243200,9695.66,,10497.910199728894,1,0,0,428.79624636439866
1582329600,9668.23,,10486.318211780404,1,0,0,408.7365144812273
1582416000,9965.01,,10486.318211780404,1,0,0,405.1503348754254
1582502400,9660,,10486.318211780404,1,0,0,415.872453812895
1582588800,9305,,10314.532926387914,1,0,0,418.421564254831
1582675200,8778.3,,9916.229633749124,1,0,0,443.7743096652003
1582761600,8812.49,,9671.83867037421,1,0,0,444.42757326054317
1582848000,8708.89,,9591.43880333679,1,0,0,446.335603741933
1582934400,8525.07,,9549.862923003111,1,0,0,434.3352034746521
1583020800,8522.31,,9447.6631307028,1,0,0,428.4784032264626
1583107200,8915,,9447.6631307028,1,0,0,432.59566013885814
1583193600,8757.84,,9447.6631307028,1,0,0,422.5631129860826
1583280000,8760.66,,9447.6631307028,1,0,1,404.9821763442196
1583366400,9070.17,,9447.6631307028,1,0,0,405.64416374820394
1583452800,9158.51,,9447.6631307028,1,0,0,389.6745806233322
1583539200,8901.37,,9447.6631307028,1,0,0,387.8549677216657
1583625600,8037.76,,9313.221566890445,1,0,0,424.37747002726104
1583712000,7934.52,,8795.2139102014,1,0,0,433.85265073959954
1583798400,7894.68,,8795.2139102014,1,0,0,433.198175686771
1583884800,7938.05,,8661.230317263135,1,0,0,431.16259170914446
1583971200,4857.1,,7759.864285536821,1,0,0,637.8974065870627
1584057600,5637.6,,6661.725356983139,1,0,0,744.9761632594154
1584144000,5165.25,,6661.725356983139,1,0,0,735.977865883743
1584230400,5345.35,,6661.725356983139,1,0,0,747.6287326063328
1584316800,5037.61,,6601.993485240708,1,0,1,759.7981088487377
1584403200,5331.71,,6601.993485240708,1,0,0,750.8011010738277
1584489600,5413.64,,6601.993485240708,1,0,0,729.4453081399828
1584576000,6186.26,,6601.993485240708,1,0,0,761.6049289871269
1584662400,6206.1,,6601.993485240708,1,0,0,802.4188626309035
1584748800,6198.78,,6601.993485240708,1,0,0,789.3175153001247
1584835200,5818.25,,6601.993485240708,1,0,0,781.651978492973
1584921600,6490.63,,6601.993485240708,1,0,0,794.593265743475
1585008000,6766.64,5008.710963660056,,1,0,0,770.9037467617982
1585094400,6690.96,5160.665867294052,,1,0,0,752.5041934216697
1585180800,6758.18,5193.200780564646,,1,0,0,718.3874653201219
1585267200,6372.36,5193.200780564646,,1,0,0,711.3597892258275
1585353600,6251.82,5193.200780564646,,1,0,0,685.0026614239827
1585440000,5877.21,5193.200780564646,,1,0,0,665.3238998936982
1585526400,6406.4,5193.200780564646,,1,0,0,673.3886213298626
1585612800,6424.35,5193.200780564646,,1,0,0,638.9237198063009
1585699200,6666.11,5218.991815659056,,1,0,0,635.0713112487081
1585785600,6804.52,5677.12413409315,,1,0,0,641.2226461595146
1585872000,6741.99,5677.12413409315,,1,0,0,627.1310285766922
1585958400,6874.77,5677.12413409315,,1,0,0,608.5766693926427
1586044800,6778.25,5701.704178753907,,1,0,0,582.5354787217397
1586131200,7341.56,5962.140760878516,,1,0,0,583.7893730987582
1586217600,7200.01,6190.834184790665,,1,0,0,570.1615607345612
1586304000,7370.11,6266.154766311599,,1,0,0,549.1343063963783
1586390400,7293.24,6266.740289680439,,1,0,0,528.9818559394942
1586476800,6871.91,6266.740289680439,,1,0,0,530.9052948009588
1586563200,6889.65,6266.740289680439,,1,0,0,505.84063088660463
1586649600,6908.13,6266.740289680439,,1,0,0,499.1777286804186
1586736000,6861.21,6266.740289680439,,1,0,0,488.74574806038873
1586822400,6877.37,6266.740289680439,,1,0,0,469.97605177036104
1586908800,6624.12,6266.740289680439,,1,0,0,460.2713337867638
1586995200,7112.64,6266.740289680439,,1,0,0,481.77123851628073
1587081600,7037.46,6266.740289680439,,1,0,0,458.54900719368925
1587168000,7261.76,6348.160613718277,,1,0,0,446.2955066798543
1587254400,7130.71,6391.908552346449,,1,0,0,429.55868477415044
1587340800,6838.19,6391.908552346449,,1,0,0,433.0466358617111
1587427200,6853.68,6391.908552346449,,1,0,0,415.18616187158887
1587513600,7136.84,6391.908552346449,,1,0,0,409.91357888076107
1587600000,7488.83,6583.599878194505,,1,0,0,433.7668946749924
1587686400,7514.64,6719.148890375055,,1,0,0,418.6578307696358
1587772800,7547.61,6818.784001337549,,1,0,0,408.90084285751897
1587859200,7706.4,6873.332601203794,,1,0,0,395.7650683676962
1587945600,7789.77,7032.029341083415,,1,0,0,380.0175634842893
1588032000,7755.01,7086.642406975074,,1,0,0,361.64059466398294
1588118400,8793.75,7518.345166277566,,1,0,0,426.3805521879841
1588204800,8624.28,7976.408649649809,,1,0,0,472.47194131741384
1588291200,8829.42,7976.408649649809,,1,0,0,471.09965979474146
1588377600,8985.58,7976.518906216346,,1,0,0,456.2346840951171
1588464000,8909.95,8047.4755155947105,,1,0,0,457.3972066597516
1588550400,8883.53,8047.4755155947105,,1,0,0,455.8702633269122
1588636800,9028.79,8053.150917631716,,1,0,0,448.7781016607042
1588723200,9155.79,8265.544825868543,,1,0,0,452.1418086849397
1588809600,10004.77,8529.85484328169,,1,0,0,494.8538223503012
1588896000,9810,8904.018858953521,,1,0,0,482.2928350395654
1588982400,9537.21,8904.018858953521,,1,0,0,476.3954896795964
1589068800,8729.86,,9994.187124247648,1,0,0,546.1729547024823
1589155200,8572.4,,9928.124411822882,1,0,0,578.4220293665907
1589241600,8821.42,,9928.124411822882,1,0,0,569.1097415546913
1589328000,9321.26,,9928.124411822882,1,0,0,572.4740457293562
1589414400,9795.34,,9928.124411822882,1,0,0,580.638756748688
1589500800,9312.1,,9928.124411822882,1,0,0,591.2359884094959
1589587200,9383.16,,9928.124411822882,1,0,0,576.1462749516747
1589673600,9676.63,,9928.124411822882,1,0,0,575.7208267408408
1589760000,9728.52,,9928.124411822882,1,0,0,571.7607676879237
1589846400,9783.76,,9928.124411822882,1,0,0,561.9764271387863
1589932800,9509.41,,9928.124411822882,1,0,0,560.5816823431586
1590019200,9061.96,,9928.124411822882,1,0,0,575.3972764615044
1590105600,9168.84,,9928.124411822882,1,0,0,558.8574709999683
1590192000,9181.76,,9928.124411822882,1,0,0,534.9190802142563
1590278400,8715.73,,9928.124411822882,1,0,0,541.3912887703807
1590364800,8899.31,,9848.282380645589,1,0,0,527.2969110010678
1590451200,8844.42,,9848.282380645589,1,0,0,512.6871316438486
1590537600,9208.53,,9848.282380645589,1,0,0,505.96233652643093
1590624000,9580.19,,9848.282380645589,1,0,0,506.465026774543
1590710400,9423.84,,9848.282380645589,1,0,0,490.2182391477899
1590796800,9700.33,,9848.282380645589,1,0,0,486.4576506372335
1590883200,9446.57,,9848.282380645589,1,0,0,475.7121041631454
1590969600,10208.96,8898.478756769095,,1,0,0,513.9169538657778
1591056000,9522.46,8898.478756769095,,1,0,0,546.322885732508
1591142400,9668.07,8898.478756769095,,1,0,0,529.4269653230432
1591228800,9788.03,8898.478756769095,,1,0,0,522.8964677999687
1591315200,9613.21,8898.478756769095,,1,0,0,504.80100581425665
1591401600,9671.7,8898.478756769095,,1,0,0,483.67950539895253
1591488000,9750.12,8898.478756769095,,1,0,0,481.41668358474163
1591574400,9781.51,8898.478756769095,,1,0,0,460.0447776144029
1591660800,9779.41,8898.478756769095,,1,0,0,449.94657921337415
1591747200,9894.04,9020.248403202804,,1,0,0,441.28396641241886
1591833600,9268.16,9020.248403202804,,1,0,0,475.71011166867464
1591920000,9464.17,9020.248403202804,,1,0,0,465.0072465494836
1592006400,9475,9020.248403202804,,1,0,0,442.396014653092
1592092800,9325,9020.248403202804,,1,0,0,428.010585035014
1592179200,9432.53,9020.248403202804,,1,0,0,440.5805432467987
1592265600,9526.25,9020.248403202804,,1,0,0,424.1847901577417
1592352000,9457.51,9020.248403202804,,1,0,0,417.56087657504577
1592438400,9376.14,9020.248403202804,,1,0,0,403.12652824825676
1592524800,9301.91,9020.248403202804,,1,0,0,388.688919087667
1592611200,9355.74,9020.248403202804,,1,0,0,377.404710581405
1592697600,9286.14,9020.248403202804,,1,0,0,360.9008026827333
1592784000,9690.74,9020.248403202804,,1,0,0,372.5807453482524
1592870400,9623.56,9020.248403202804,,1,0,0,356.84712068052016
1592956800,9285.91,9020.248403202804,,1,0,0,364.81375491762583
1593043200,9243.51,9020.248403202804,,1,0,0,364.1792009949383
1593129600,9155.42,9020.248403202804,,1,0,0,357.0314009238712
1593216000,9002.46,,9679.493195490715,1,0,0,358.18130085788033
1593302400,9113.24,,9679.493195490715,1,0,0,350.97049365374596
1593388800,9184.45,,9679.493195490715,1,0,0,341.81188696419264
1593475200,9136.2,,9679.493195490715,1,0,0,327.49675218103596
1593561600,9239.97,,9679.493195490715,1,0,0,319.04698416810487
1593648000,9091.53,,9679.493195490715,1,0,0,319.61505672752594
1593734400,9063.87,,9632.55364726978,1,0,0,303.16969553270275
1593820800,9138.51,,9632.55364726978,1,0,0,292.657574423224
1593907200,9074.39,,9547.742154288522,1,0,0,288.8363191072794
1593993600,9343.31,,9547.742154288522,1,0,0,290.6558677424737
1594080000,9253.94,,9547.742154288522,1,0,0,282.59259147515417
1594166400,9435.28,,9547.742154288522,1,0,0,279.7502635126431
1594252800,9236.95,,9547.742154288522,1,0,0,280.61310183316857
1594339200,9291.05,,9547.742154288522,1,0,0,275.1571659879422
1594425600,9235,,9547.742154288522,1,0,0,264.1237969888035
1594512000,9303.37,,9547.742154288522,1,0,0,258.70066863246046
1594598400,9236.92,,9547.742154288522,1,0,0,250.6570494444276
1594684800,9256.94,,9547.742154288522,1,0,0,245.6101173412542
1594771200,9190.16,,9547.742154288522,1,0,0,236.63582324545027
1594857600,9130.11,,9533.847576044767,1,0,0,234.806121585061
1594944000,9154.29,,9525.59381844029,1,0,0,227.17711290041376
1595030400,9175.85,,9525.59381844029,1,0,0,217.18946197895568
1595116800,9212.87,,9525.59381844029,1,0,0,211.65164326617312
1595203200,9161.05,,9525.59381844029,1,0,0,203.1415258900179
1595289600,9394.14,,9525.59381844029,1,0,0,208.69998832644515
1595376000,9536.18,9026.751596249194,,1,0,0,214.5621320174134
1595462400,9613.24,9164.757936624275,,1,0,0,216.0905511590267
1595548800,9551.21,9164.757936624275,,1,0,0,212.78765464766752
1595635200,9711.33,9242.760728665662,,1,0,0,212.66853645854846
1595721600,9941,9448.449655799095,,1,0,0,232.3814981400807
1595808000,11048.91,9968.997190219186,,1,0,0,321.8542482729321
1595894400,10934.23,10142.547471197267,,1,0,0,347.7218019677227
1595980800,11110.12,10298.421724077542,,1,0,0,359.065244684314
1596067200,11115.95,10298.421724077542,,1,0,0,360.392727206863
1596153600,11351.62,10405.889246502808,,1,0,0,369.29324669208705
1596240000,11810.07,10702.424321852528,,1,0,0,389.35658621408083
1596326400,11068.54,10702.424321852528,,1,0,0,474.9839729130751
1596412800,11233.13,10702.424321852528,,1,0,0,482.11797484785546
1596499200,11197.04,10702.424321852528,,1,0,0,477.0345480730087
1596585600,11756.75,10702.424321852528,,1,0,0,494.7585089249366
1596672000,11773.89,10702.424321852528,,1,0,0,483.45361543029827
1596758400,11606.52,10702.424321852528,,1,0,0,489.6355000424198
1596844800,11774.98,10702.424321852528,,1,0,0,475.2851071822469
1596931200,11688.48,10702.424321852528,,1,0,0,461.20759952637206
1597017600,11899.73,10776.35328737993,,1,0,0,472.2791995602025
1597104000,11388.53,10776.35328737993,,1,0,0,497.33068530590236
1597190400,11566.45,10776.35328737993,,1,0,0,495.83992206976643
1597276800,11795.95,10776.35328737993,,1,0,0,498.13349906478317
1597363200,11779,10776.35328737993,,1,0,0,477.8903919887272
1597449600,11859.24,10885.422498314974,,1,0,0,465.3253639895324
1597536000,11918.84,10904.360248483477,,1,0,0,450.19283799028005
1597622400,12304.26,11170.46872363513,,1,0,0,468.8654924195458
1597708800,11950,11170.46872363513,,1,0,0,476.4465286752925
1597795200,11758.87,11170.46872363513,,1,0,0,474.97391948420017
1597881600,11864.26,11170.46872363513,,1,0,0,456.8100680924716
1597968000,11529.22,11170.46872363513,,1,0,0,453.10863465729506
1598054400,11672.93,11170.46872363513,,1,0,0,443.82658932463113
1598140800,11650.01,11170.46872363513,,1,0,0,425.6518329443003
1598227200,11753.85,11170.46872363513,,1,0,0,411.72741630542174
1598313600,11324.92,11170.46872363513,,1,0,0,429.9633151407488
1598400000,11463.27,11170.46872363513,,1,0,0,419.6159354878382
1598486400,11330.06,11170.46872363513,,1,0,0,423.42336866727834
1598572800,11535,11170.46872363513,,1,0,0,412.3516994767584
1598659200,11474.31,11170.46872363513,,1,0,0,394.1687209427043
1598745600,11716.01,11170.46872363513,,1,0,0,384.30881230393965
1598832000,11655,11170.46872363513,,1,0,0,371.7624685679439
1598918400,11924.22,11170.46872363513,,1,0,0,385.2730065273765
1599004800,11395.48,11170.46872363513,,1,0,0,414.1820774897067
1599091200,10172.52,,11776.876812057511,1,0,0,489.59692909758485
1599177600,10500.05,,11348.59763085176,1,0,0,507.7057198763288
1599264000,10168.36,,11312.895867766585,1,0,0,525.1410255994481
1599350400,10257.86,,11262.812280989925,1,0,0,513.2652380566303
1599436800,10375,,11226.665052890934,1,0,0,514.5248639097282
1599523200,10125.69,,11226.665052890934,1,0,0,522.1359450590334
1599609600,10224.56,,11226.665052890934,1,0,0,511.0298061262452
1599696000,10343.23,,11226.665052890934,1,0,0,493.998391402942
1599782400,10394.41,,11226.665052890934,1,0,0,473.81564915987474
1599868800,10446.52,,11226.665052890934,1,0,0,454.76024564845505
1599955200,10336.76,,11226.665052890934,1,0,0,448.80308524499407
1600041600,10679.95,,11226.665052890934,1,0,0,453.00429344178025
1600128000,10783.75,,11226.665052890934,1,0,0,444.7054153387959
1600214400,10959.61,,11226.665052890934,1,0,0,444.2214571003105
1600300800,10943.61,,11226.665052890934,1,0,0,434.52349587885976
1600387200,10937.52,,11226.665052890934,1,0,0,419.69181760179833
1600473600,11080,,11226.665052890934,1,0,0,410.29383063024125
1600560000,10920.89,,11226.665052890934,1,0,0,403.9871284423669
1600646400,10416.82,,11226.665052890934,1,0,0,433.273762125055
1600732800,10531.13,,11226.665052890934,1,0,0,418.16992197326533
1600819200,10235.1,,11153.186854621905,1,0,0,417.3027846894607
1600905600,10740.01,,11153.186854621905,1,0,0,430.5890143544993
1600992000,10690.53,,11153.186854621905,1,0,0,415.123370472035
1601078400,10730,,11153.186854621905,1,0,0,397.8588440097468
1601164800,10778.2,,11153.186854621905,1,0,0,384.5174980090506
1601251200,10695.55,,11153.186854621905,1,0,0,380.9726767226899
1601337600,10840.73,,11153.186854621905,1,0,0,369.80748552821217
1601424000,10779.63,,11153.186854621905,1,0,0,356.9612365619113
1601510400,10617.63,,11153.186854621905,1,0,0,367.48043395034614
1601596800,10573.12,,11153.186854621905,1,0,0,363.0032600967499
1601683200,10551.65,,11153.186854621905,1,0,0,344.8130272326963
1601769600,10671.11,,11153.186854621905,1,0,0,332.6928110017894
1601856000,10795,,11153.186854621905,1,0,0,321.7061816445186
1601942400,10602.66,,11153.186854621905,1,0,0,318.4414543841958
1602028800,10670.47,,11153.186854621905,1,0,0,305.4792076424675
1602115200,10933.09,,11153.186854621905,1,0,0,314.4485499537198
1602201600,11057.07,,11153.186854621905,1,0,0,311.7465106713113
1602288000,11299.5,10665.481947647013,,1,0,0,321.1381884805033
1602374400,11374.01,10775.97625288231,,1,0,0,310.19760358903875
1602460800,11535.46,10826.26612759408,,1,0,0,327.2134890469646
1602547200,11428.22,10826.26612759408,,1,0,0,321.61681125789573
1602633600,11427.7,10826.26612759408,,1,0,0,317.6113247394747
1602720000,11509.34,10826.26612759408,,1,0,0,321.94123011522646
1602806400,11328.95,10826.26612759408,,1,0,0,323.8747136784246
1602892800,11367.89,10826.26612759408,,1,0,0,311.90151984425137
1602979200,11514.2,10860.360347824728,,1,0,0,301.95355414109054
1603065600,11760.45,11022.435813042253,,1,0,0,310.1683002738697
1603152000,11923.83,11252.624231738027,,1,0,0,314.0848502543076
1603238400,12808,11751.630808564227,,1,0,0,388.08093237899993
1603324800,12987.02,12107.559227707803,,1,0,0,396.2165800662142
1603411200,12937.09,12107.559227707803,,1,0,0,390.3639672043418
1603497600,13126.24,12233.371474443318,,1,0,0,383.2443981183174
1603584000,13045,12315.17682699899,,1,0,0,389.4583696812947
1603670400,13068.79,12315.17682699899,,1,0,0,394.8542004183451
1603756800,13698.18,12540.64242986918,,1,0,0,418.9674718170346
1603843200,13281.05,12540.64242986918,,1,0,0,458.49122383010365
1603929600,13460,12540.64242986918,,1,0,0,473.86399355652475
1604016000,13571.51,12540.64242986918,,1,0,0,479.7672797310587
1604102400,13804.81,12694.04558823717,,1,0,0,493.65461689312593
1604188800,13771.59,12752.055529413452,,1,0,0,478.15714425790264
1604275200,13563.22,12752.055529413452,,1,0,0,488.64591966805244
1604361600,14035.8,12752.055529413452,,1,0,0,510.2747825489059
1604448000,14161.48,12768.464525942407,,1,0,0,526.940155223984
1604534400,15608.21,13592.993573348165,,1,0,0,607.8730012794138
1604620800,15599.95,14209.74721601335,,1,0,0,620.6899297594556
1604707200,14834.09,14209.74721601335,,1,0,0,681.3006490623517
1604793600,15482.9,14209.74721601335,,1,0,0,700.0720312721838
1604880000,15342.25,14209.74721601335,,1,0,0,724.3354576098851
1604966400,15315.03,14209.74721601335,,1,0,0,700.5243534948933
1605052800,15705.79,14209.74721601335,,1,0,0,700.9840425309723
1605139200,16310.81,14354.11107909035,,1,0,0,716.91875377876
1605225600,16339.56,14730.806471181315,,1,0,0,702.6331285088484
1605312000,16082.01,14730.806471181315,,1,0,0,697.5421907582164
1605398400,15966.89,14730.806471181315,,1,0,0,674.8256057040581
1605484800,16726.64,14916.87345749118,,1,0,0,698.9809195823398
1605571200,17679.36,15645.03011174206,,1,0,0,742.2379967550298
1605657600,17782.91,16165.502100567857,,1,0,0,780.862425558242
1605744000,17821.58,16165.502100567857,,1,0,0,784.8929665897962
1605830400,18675.25,16572.093401459962,,1,0,0,804.9391832619536
1605916800,18721.21,16986.107061313967,,1,0,0,792.4435273146712
1606003200,18437.66,16986.107061313967,,1,0,0,818.8968467921948
1606089600,18384.82,16986.107061313967,,1,0,0,815.887786307038
1606176000,19172.84,16986.107061313967,,1,0,0,858.8229444279639
1606262400,18721.93,17149.450420928093,,1,0,0,868.7641626831092
1606348800,17170,17149.450420928093,,1,0,0,1000.6724367771728
1606435200,17153.95,17149.450420928093,,1,0,0,1005.9815484359461
1606521600,17739.85,17149.450420928093,,1,0,0,1009.3578664048072
1606608000,18202.04,17149.450420928093,,1,0,0,996.0994473758925
1606694400,19713.94,17149.450420928093,,1,0,0,1044.3609154204717
1606780800,18782.97,17149.450420928093,,1,0,0,1098.7737071761524
1606867200,19225.63,17149.450420928093,,1,0,0,1092.0755852349987
1606953600,19448.64,17149.450420928093,,1,0,0,1066.9730434324988
1607040000,18658.1,17149.450420928093,,1,0,0,1060.0756831873202
1607126400,19158.96,17149.450420928093,,1,0,0,1033.5688486739402
1607212800,19375.6,17149.450420928093,,1,0,0,999.188930911516
1607299200,19177.71,17219.343125117804,,1,0,0,965.7875787035506
1607385600,18316.22,17219.343125117804,,1,0,0,975.3391802247254
1607472000,18546.55,17219.343125117804,,1,0,0,977.6956673515308
1607558400,18253.44,17219.343125117804,,1,0,0,954.3902625407071
1607644800,18042.15,17219.343125117804,,1,0,0,937.1538152163711
1607731200,18821.28,17219.343125117804,,1,0,0,936.7692569866304
1607817600,19166.65,17261.980951990732,,1,0,0,919.2164529161566
1607904000,19272.37,17450.18935679166,,1,0,0,880.8652777078597
1607990400,19444.6,17667.612421112495,,1,0,0,854.6413293001553
1608076800,21359.65,18504.511679001247,,1,0,0,955.7340914930013
1608163200,22826.48,20272.076511101117,,1,0,0,1067.8195135292156
1608249600,23137.76,20596.14135999101,,1,0,0,1059.475262562843
1608336000,23849.99,21211.477223991908,,1,0,0,1085.9413152369257
1608422400,23476.51,21413.829501592714,,1,0,0,1094.0883641485739
1608508800,22729.4,21413.829501592714,,1,0,0,1173.4327667093899
1608595200,23823.27,21413.829501592714,,1,0,0,1193.8825690872904
1608681600,23228.35,21413.829501592714,,1,0,0,1215.033814152484
1608768000,23717.96,21413.829501592714,,1,0,0,1204.8249702844494
1608854400,24704.71,21536.00745819548,,1,0,0,1215.5481866927028
1608940800,26475.35,22887.88621237593,,1,0,0,1295.294030500367
1609027200,26258.65,24065.57809113834,,1,0,0,1389.519456893198
1609113600,27040.36,24065.57809113834,,1,0,0,1389.6116385436837
1609200000,27366.35,24065.57809113834,,1,0,0,1401.9993786477064
1609286400,28897.42,25119.681033439847,,1,0,0,1423.751565887156
1609372800,28990.08,25655.787430095865,,1,0,0,1416.4764540380734
1609459200,29412.84,26292.01768708628,,1,0,0,1385.933850178211
1609545600,32225.91,27705.11991837765,,1,0,0,1591.2957180226244
1609632000,33080.66,29731.091926539884,,1,0,0,1677.730309592437
1609718400,32019.99,29731.091926539884,,1,0,0,1985.677430335834
1609804800,34030.64,29731.091926539884,,1,0,0,2173.024756740417
1609891200,36859.26,29965.60344444758,,1,0,0,2278.3415598303873
1609977600,39505.56,32777.90010000282,,1,0,0,2417.3885912710734
1610064000,40665.15,33210.327090002545,,1,0,0,2631.952977608854
1610150400,40257.43,34123.22388100228,,1,0,0,2630.166336351079
1610236800,38171.57,34123.22388100228,,1,0,0,2942.877312326002
1610323200,35452.59,34123.22388100228,,1,0,0,3316.5203614455736
1610409600,34038.98,,42339.37026074934,1,0,0,3372.805335628033
1610496000,37393.66,,42339.37026074934,1,0,0,3530.3878116546016
1610582400,39125.14,,42339.37026074934,1,0,0,3519.399396536416
1610668800,36754.67,,42339.37026074934,1,0,0,3653.590153926672
1610755200,36006.94,,42339.37026074934,1,0,0,3576.5772857890524
1610841600,35820,,42339.37026074934,1,0,0,3536.1053368041203
1610928000,36624.23,,42339.37026074934,1,0,0,3473.9220984609688
1611014400,35917.28,,42339.37026074934,1,0,0,3365.919805713757
1611100800,35503.09,,41950.763933657996,1,0,0,3341.806248162774
1611187200,30855.95,,40287.69804029218,1,0,0,3504.3372304368613
1611273600,32984.93,,39047.77023626297,1,0,0,3620.8131425485144
1611360000,32112.01,,39047.77023626297,1,0,0,3509.083632366478
1611446400,32288.56,,39047.77023626297,1,0,0,3412.386230054587
1611532800,32261.87,,39047.77023626297,1,0,0,3380.587213622116
1611619200,32510.82,,38588.00922201214,1,0,0,3291.2859840776796
1611705600,30407.13,,37579.57579981092,1,0,0,3301.0955566435596
1611792000,33488.99,,37579.57579981092,1,0,0,3358.007302597591
1611878400,34262.11,,37579.57579981092,1,0,0,3588.15892384062
1611964800,34315.63,,37579.57579981092,1,0,0,3478.0861435662896
1612051200,33137.74,,37579.57579981092,1,0,0,3385.9192761686973
1612137600,33533.19,,37579.57579981092,1,0,0,3315.1800421566477
1612224000,35512.67,,37579.57579981092,1,0,0,3260.524324859744
1612310400,37678.37,30236.418609882418,,1,0,0,3194.052587369762
1612396800,36975,31250.10774889417,,1,0,0,3152.516688271922
1612483200,38311.49,31537.453474004753,,1,0,0,3051.8462105382127
1612569600,39265.43,33729.01662660428,,1,0,0,3030.2857669283403
1612656000,38871.42,33729.01662660428,,1,0,0,2982.871069290602
1612742400,46448.1,35463.19406754947,,1,0,0,3390.736707198416
1612828800,46514.73,39727.72016079452,,1,0,0,3375.6840852556716
1612915200,44850,39727.72016079452,,1,0,0,3394.7873648802665
1613001600,47997.91,39727.72016079452,,1,0,0,3486.5168388173906
1613088000,47408.34,40634.01093721921,,1,0,0,3424.051350330434
1613174400,47232.45,40634.01093721921,,1,0,0,3315.1191110211175
1613260800,48680.69,41890.95985914756,,1,0,0,3264.0298888053235
1613347200,47936.37,41890.95985914756,,1,0,0,3268.383468176372
1613433600,49158.71,42258.48243590952,,1,0,0,3291.626077592345
1613520000,52170.01,44121.44919231857,,1,0,0,3320.6156434786058
1613606400,51601.73,45374.35227308671,,1,0,0,3203.0709546587054
1613692800,55983.56,46714.186545778044,,1,0,0,3377.498029325941
1613779200,55923.52,48919.136391200234,,1,0,0,3390.781741516945
1613865600,57489.16,50205.53225208022,,1,0,0,3351.1380456943057
1613952000,54142.13,50205.53225208022,,1,0,0,3894.7488995732842
1614038400,48899.99,,58846.18422581503,1,0,0,4282.133978175193
1614124800,49737.82,,58460.517803233524,1,0,0,4291.510836876965
1614211200,47058.48,,58460.517803233524,1,0,0,4371.247919957182
1614297600,46326.2,,55637.62577061915,1,0,0,4367.204497103097
1614384000,46180.75,,55637.62577061915,1,0,0,4291.108461595733
1614470400,45231.75,,53715.88247420151,1,0,0,4244.600714338895
1614556800,49639.4,,53715.88247420151,1,0,0,4283.33423474326
1614643200,48511.6,,53715.88247420151,1,0,0,4204.159646547313
1614729600,50360,,53715.88247420151,1,0,0,4225.594671793934
1614816000,48368.52,,53715.88247420151,1,0,0,4230.647195237225
1614902400,48769.47,,53715.88247420151,1,0,0,4160.934538434566
1614988800,48909.84,,53715.88247420151,1,0,0,4016.082071403526
1615075200,50978.61,,53715.88247420151,1,0,0,3911.302637731845
1615161600,52415.23,,53715.88247420151,1,0,0,3853.0938778938557
1615248000,54916.38,45921.712723317585,,1,0,0,3798.657886615723
1615334400,55890.69,47616.228950985824,,1,0,0,3839.9780375717423
1615420800,57815.47,48594.39305588724,,1,0,0,3839.265320602332
1615507200,57225.91,49111.52975029852,,1,0,0,3780.4549405593084
1615593600,61178.5,51093.36577526867,,1,0,0,3917.901730519358
1615680000,58972.7,52710.5436977418,,1,0,0,3833.051606910832
1615766400,55636.15,52710.5436977418,,1,0,0,3990.1957778457727
1615852800,56927.11,52710.5436977418,,1,0,0,3972.967507999646
1615939200,58925.54,52710.5436977418,,1,0,0,4036.2105431425284
1616025600,57644.95,52710.5436977418,,1,0,0,3969.6133614894907
1616112000,58039.66,52710.5436977418,,1,0,0,3914.783121383098
1616198400,58116.7,52710.5436977418,,1,0,0,3785.1578984271623
1616284800,57363.32,52710.5436977418,,1,0,0,3736.7416199680797
1616371200,54110.07,52710.5436977418,,1,0,0,3804.2729328275027
1616457600,54345.54,52710.5436977418,,1,0,0,3736.68200905411
1616544000,52276.16,,62165.23397845285,1,0,0,3865.2154369788163
1616630400,51325.01,,59309.105080607565,1,0,0,3798.628620051758
1616716800,55072.44,,59309.105080607565,1,0,0,3804.0930043337753
1616803200,55856.53,,59309.105080607565,1,0,0,3723.3720754527917
1616889600,55778.82,,59309.105080607565,1,0,0,3592.136927206164
1616976000,57613.48,,59309.105080607565,1,0,0,3585.5557181200093
1617062400,58786.46,,59309.105080607565,1,0,0,3500.6931668257234
1617148800,58800,,59309.105080607565,1,0,0,3459.6579406238857
1617235200,58726.48,,59309.105080607565,1,0,0,3322.8923734364653
1617321600,58981.04,,59309.105080607565,1,0,0,3200.767203905289
1617408000,57094.34,,59309.105080607565,1,0,0,3172.7838321977683
1617494400,58215.94,,59309.105080607565,1,0,0,3090.547129897928
1617580800,59123.02,,59309.105080607565,1,0,0,3043.659477762362
1617667200,58019.98,,59309.105080607565,1,0,0,2979.231657922193
1617753600,55955.75,,59309.105080607565,1,0,0,2997.143682356322
1617840000,58083.1,,59309.105080607565,1,0,0,2958.204847902299
1617926400,58092.68,,59309.105080607565,1,0,0,2832.5602159092778
1618012800,59778.6,54157.05337266178,,1,0,0,2869.0602004871866
1618099200,59985.26,54770.486035395596,,1,0,0,2769.9723290238167
1618185600,59839.82,55285.25993185604,,1,0,0,2702.8314483792587
1618272000,63588.22,56492.75793867043,,1,0,0,2793.7277734950258
1618358400,62971.8,57599.68914480339,,1,0,0,2852.825075388238
1618444800,63229.04,57635.36773032306,,1,0,0,2777.2725700033634
1618531200,61427.27,57635.36773032306,,1,0,0,2832.8895292888374
1618617600,60058.86,57635.36773032306,,1,0,0,2835.7174200539203
1618704000,56274.41,,62652.586219594494,1,0,0,3285.8783186214973
1618790400,55696.83,,62652.586219594494,1,0,0,3294.8977244342473
1618876800,56499.29,,62115.60698787154,1,0,0,3322.4757441175148
1618963200,53800.86,,62014.256789084386,1,0,0,3312.988190966263
1619049600,51701.59,,60067.65561017595,1,0,0,3438.4876058972445
1619136000,51187.27,,57150.20004915836,1,0,0,3526.16206261887
1619222400,50089.15,,57117.81454424252,1,0,0,3455.274772431808
1619308800,49121,,55938.836089818265,1,0,0,3461.8530029723925
1619395200,54053.6,,55938.836089818265,1,0,0,3613.319217045793
1619481600,55069.62,,55938.836089818265,1,0,0,3511.5385586853786
1619568000,54894.03,,55938.836089818265,1,0,0,3445.6550902078516
1619654400,53580,,55938.836089818265,1,0,0,3403.6261551930047
1619740800,57798.77,48380.10369227322,,1,0,0,3518.1228583935044
1619827200,57859.28,51028.20332304589,,1,0,0,3373.904082793968
1619913600,56625.2,51028.20332304589,,1,0,0,3268.6437911658277
1620000000,57212.73,51418.21719166717,,1,0,0,3212.740663225411
1620086400,53241.92,51418.21719166717,,1,0,0,3282.512044423596
1620172800,57515.69,51418.21719166717,,1,0,0,3410.0354698219103
1620259200,56440.66,51418.21719166717,,1,0,0,3388.7472219774877
1620345600,57380.39,51418.21719166717,,1,0,0,3392.118848979095
1620432000,58958.05,51607.98048870755,,1,0,0,3334.0982169091594
1620518400,58312.57,51607.98048870755,,1,0,0,3312.749772844219
1620604800,55866.41,51607.98048870755,,1,0,0,3504.1390747839173
1620691200,56753.19,51607.98048870755,,1,0,0,3428.8855694422086
1620777600,49498.77,,61403.979469858976,1,0,0,3865.4651716249077
1620864000,49690.11,,57870.13152287308,1,0,0,4053.646230794557
1620950400,49893.48,,57870.13152287308,1,0,0,3955.1400714520887
1621036800,46775.51,,56947.03333352719,1,0,0,3969.6000663483683
1621123200,46450.79,,55479.01500017448,1,0,0,4113.434347323485
1621209600,43580.5,,53078.74250015702,1,0,0,4144.271179657522
1621296000,42857.15,,52620.350750141326,1,0,0,4101.894666824842
1621382400,36731.75,,47204.555675127194,1,0,0,4779.737904908782
1621468800,40623.33,,47204.555675127194,1,0,0,4981.542340272441
1621555200,37340.77,,47204.555675127194,1,0,0,5252.464315967266
1621641600,37476.83,,47204.555675127194,1,0,0,5136.73400768389
1621728000,34758.67,,46170.076893450954,1,0,0,5284.707292849327
1621814400,38878.56,,46170.076893450954,1,0,0,5304.349629074374
1621900800,38361.81,,46170.076893450954,1,0,0,5168.128226997634
1621987200,39293.23,,46170.076893450954,1,0,0,5017.736210783517
1622073600,38556.88,,46170.076893450954,1,0,0,4891.395052870409
1622160000,35680.47,,46170.076893450954,1,0,0,4842.8668348082365
1622246400,34627.82,,45143.76088755247,1,0,0,4759.386346607648
1622332800,35669.44,,44240.14779879722,1,0,0,4645.644464707102
1622419200,37279.31,,44240.14779879722,1,0,0,4553.176288656595
1622505600,36685,,44240.14779879722,1,0,0,4388.651553752553
1622592000,37577.91,,44240.14779879722,1,0,0,4240.702871341657
1622678400,39248.55,,44240.14779879722,1,0,0,4102.434094817253
1622764800,36856.52,,44240.14779879722,1,0,0,4073.5473737588773
1622851200,35539.49,,44017.460855260586,1,0,0,4003.235418490386
1622937600,35800.48,,42988.532769734535,1,0,0,3804.4228885982156
1623024000,33575.91,,42177.115492761084,1,0,0,3781.206253698343
1623110400,33402.13,,39543.763443484975,1,0,0,3729.9808070056047
1623196800,37403.86,,39543.763443484975,1,0,0,3832.515035076633
1623283200,36694.05,,39543.763443484975,1,0,0,3746.311818285445
1623369600,37338.44,,39543.763443484975,1,0,0,3603.7895455507705
1623456000,35557.33,,39543.763443484975,1,0,0,3547.2710065828583
1623542400,39015.24,,39543.763443484975,1,0,0,3623.5680775412256
1623628800,40539.47,33224.221370325904,,1,0,0,3531.2560720025663
1623715200,40162.37,34036.86323329331,,1,0,0,3408.4213525738114
1623801600,38351,34036.86323329331,,1,0,0,3335.962684532825
1623888000,38095.17,34036.86323329331,,1,0,0,3254.0617784947667
1623974400,35841.81,34036.86323329331,,1,0,0,3240.4187943165693
1624060800,35484.79,34036.86323329331,,1,0,0,3124.9545947225283
1624147200,35585.78,34036.86323329331,,1,0,0,3101.2206950994905
1624233600,31609.82,,39569.68408180037,1,0,0,3199.8863597352415
1624320000,32538.37,,37448.87267362033,1,0,0,3296.4659054684385
1624406400,33688.35,,37448.87267362033,1,0,0,3287.6461979349783
1624492800,34654.58,,37448.87267362033,1,0,0,3266.790755225337
1624579200,31594.63,,37448.87267362033,1,0,0,3333.448558423527
1624665600,32275.19,,37448.87267362033,1,0,0,3276.6443756789895
1624752000,34709.23,,37448.87267362033,1,0,0,3238.797634559062
1624838400,34493.22,,37448.87267362033,1,0,0,3110.057803519129
1624924800,35904.28,,37448.87267362033,1,0,0,3062.3143889820485
1625011200,35060,,37448.87267362033,1,0,0,2990.8219326261874
1625097600,33516.11,,37448.87267362033,1,0,0,2945.98179458146
1625184000,33805.02,,37448.87267362033,1,0,0,2826.0780949684986
1625270400,34682.16,,37448.87267362033,1,0,0,2740.863231042177
1625356800,35284.05,,37448.87267362033,1,0,0,2656.5494288248788
1625443200,33697.78,,37448.87267362033,1,0,0,2619.2216124802444
1625529600,34225.73,,37448.87267362033,1,0,0,2560.70578301737
1625616000,33878.56,,37448.87267362033,1,0,0,2471.1875128018432
1625702400,32875.95,,37428.72951450802,1,0,0,2424.9326904588547
1625788800,33824.26,,37428.72951450802,1,0,0,2383.4917839975074
1625875200,33515.35,,37428.72951450802,1,0,0,2301.764513711971
1625961600,34259.23,,37428.72951450802,1,0,0,2228.3556198754018
1626048000,33091.1,,37428.72951450802,1,0,0,2212.401647027159
1626134400,32734.14,,36588.36969932184,1,0,0,2135.550815096648
1626220800,32816.39,,36104.989229389656,1,0,0,2091.9793283040303
1626307200,31868.68,,35918.743806450686,1,0,0,2094.182947710885
1626393600,31388.06,,35302.34092580562,1,0,0,2032.7227371601075
1626480000,31533.91,,35012.74183322506,1,0,0,1942.5982559343859
1626566400,31788.25,,35012.74183322506,1,0,0,1898.4412376533585
1626652800,30842.03,,34481.9388849123,1,0,0,1866.9690063924043
1626739200,29796.16,,33518.053496421075,1,0,0,1858.6919345072326
1626825600,32135.19,,33518.053496421075,1,0,0,1963.355367756716
1626912000,32287.74,,33518.053496421075,1,0,0,1886.127127202665
1626998400,33647.26,29361.355986109036,,1,0,0,1869.0659038310457
1627084800,34283.01,30638.738887498133,,1,0,0,1814.1540535574
1627171200,35428.26,31355.03499874832,,1,0,0,1796.153764017586
1627257600,37262.77,33870.81999887349,,1,0,0,2049.456352302044
1627344000,39470.48,33870.81999887349,,1,0,0,2127.1194699947546
1627430400,40035.1,35593.341649087524,,1,0,0,2126.7695078522725
1627516800,40039.44,35810.08648417878,,1,0,0,2075.9559715771097
1627603200,42237.95,35821.2048357609,,1,0,0,2211.856973607316
1627689600,41495.01,37410.18785218481,,1,0,0,2150.3314754925077
1627776000,39865.41,37410.18785218481,,1,0,0,2223.853512957329
1627862400,39149.59,37410.18785218481,,1,0,0,2191.412547746091
1627948800,38191.44,37410.18785218481,,1,0,0,2189.032365764228
1628035200,39722.41,37410.18785218481,,1,0,0,2208.1086253524973
1628121600,40888.74,37410.18785218481,,1,0,0,2346.664437827319
1628208000,42869.58,37410.18785218481,,1,0,0,2430.6541208396534
1628294400,44637.34,38580.20977144565,,1,0,0,2420.802397922536
1628380800,43829.14,39280.445294301084,,1,0,0,2407.3065123566403
1628467200,46285.48,39453.42676487098,,1,0,0,2497.9360471883087
1628553600,45595.66,40585.381088383874,,1,0,0,2467.2384723891446
1628640000,45553.49,41190.768479545484,,1,0,0,2393.175010075634
1628726400,44422.14,41190.768479545484,,1,0,0,2401.4903664988024
1628812800,47833.64,41190.768479545484,,1,0,0,2494.545340320317
1628899200,47109.65,42050.104806588664,,1,0,0,2469.3342445831513
1628985600,47014.49,42050.104806588664,,1,0,0,2426.868227112926
1629072000,45902.46,42050.104806588664,,1,0,0,2424.9212108905735
1629158400,44671.58,42050.104806588664,,1,0,0,2449.5146958269615
1629244800,44707.98,42050.104806588664,,1,0,0,2404.463646125035
1629331200,46765.87,42050.104806588664,,1,0,0,2456.5076714018182
1629417600,49342.4,42986.05927921328,,1,0,0,2477.8321234445457
1629504000,48867.02,44213.497851291955,,1,0,0,2410.6041146270777
1629590400,49284.63,44213.497851291955,,1,0,0,2340.078106439429
1629676800,49506.5,45283.82205954648,,1,0,0,2279.5125274080415
1629763200,47682.45,45283.82205954648,,1,0,0,2279.2544897360385
1629849600,48987.33,45283.82205954648,,1,0,0,2270.3777404691787
1629936000,46851.47,45283.82205954648,,1,0,0,2326.037901864237
1630022400,49077.57,45283.82205954648,,1,0,0,2361.614480302506
1630108800,48942.94,45283.82205954648,,1,0,0,2260.0584459951842
1630195200,48802.58,45283.82205954648,,1,0,0,2231.9185569955284
1630281600,46993.71,45283.82205954648,,1,0,0,2218.246517210134
1630368000,47112.5,45283.82205954648,,1,0,0,2170.568194552267
1630454400,48839.86,45283.82205954648,,1,0,0,2200.340466369962
1630540800,49279.37,45283.82205954648,,1,0,0,2169.706147343536
1630627200,50025,45349.218871053556,,1,0,0,2208.6399939618545
1630713600,49942.98,45825.576983948195,,1,0,0,2133.6478515360077
1630800000,51789.17,46483.70578555338,,1,0,0,2153.178719283436
1630886400,52698.81,47756.81420699804,,1,0,0,2126.6623821917615
1630972800,46894.5,,53649.51971370176,1,0,0,2697.200069178064
1631059200,46060.36,,51679.565242331584,1,0,0,2715.827207093917
1631145600,46400,,51679.565242331584,1,0,0,2656.7095494443515
1631232000,44851.45,,51189.98744628859,1,0,0,2674.107438769755
1631318400,45171.83,,50651.475701659736,1,0,0,2573.0747645719157
1631404800,46024.23,,50651.475701659736,1,0,0,2511.3315671024934
1631491200,44947.72,,50463.06276834438,1,0,0,2577.30788373803
1631577600,47127.22,,50463.06276834438,1,0,0,2578.57160632817
1631664000,48148.12,,50463.06276834438,1,0,0,2520.816491590444
1631750400,47753.16,,50463.06276834438,1,0,0,2446.413170762555
1631836800,47303.5,,50463.06276834438,1,0,0,2373.3815157080867
1631923200,48314.56,,50463.06276834438,1,0,0,2330.6842645860806
1632009600,47255.92,,50463.06276834438,1,0,0,2273.3725314013604
1632096000,43012.97,,49876.23169475453,1,0,0,2458.0544934441205
1632182400,40719.6,,46880.01052527908,1,0,0,2571.042029626683
1632268800,43575.1,,46880.01052527908,1,0,0,2634.8975989390633
1632355200,44897.59,,46880.01052527908,1,0,0,2582.63848472913
1632441600,42848.92,,46880.01052527908,1,0,0,2720.786450105621
1632528000,42705.51,,46880.01052527908,1,0,0,2620.998846526648
1632614400,43178.02,,46880.01052527908,1,0,0,2657.641786060459
1632700800,42171.76,,46880.01052527908,1,0,0,2628.9502299132832
1632787200,41026.07,,46880.01052527908,1,0,0,2575.618070633763
1632873600,41522.16,,46738.70861550172,1,0,0,2526.5646370170653
1632960000,43824.43,,46738.70861550172,1,0,0,2538.988591515846
1633046400,48165.76,40279.35357144361,,1,0,0,2729.9579778361426
1633132800,47657.69,42670.56921429925,,1,0,0,2599.84169370499
1633219200,48233.99,43062.940792869325,,1,0,0,2569.845144154634
1633305600,49245.54,43062.940792869325,,1,0,0,2571.163348143589
1633392000,51493.99,45276.83849222415,,1,0,0,2591.0123947047614
1633478400,55339.48,47333.960143001736,,1,0,0,2787.447223654421
1633564800,53797.82,48795.01512870156,,1,0,0,2729.618850536248
1633651200,53963.82,49362.36811583141,,1,0,0,2711.6882183550874
1633737600,54962.29,49362.36811583141,,1,0,0,2648.3533456154387
1633824000,54690.53,50049.95412382344,,1,0,0,2632.9202495000504
1633910400,57487.44,50686.820211441096,,1,0,0,2689.2609459643327
1633996800,56005.1,50686.820211441096,,1,0,0,2768.6544498240232
1634083200,57367.32,50686.820211441096,,1,0,0,2823.410560550879
1634169600,57359.51,52124.24232914056,,1,0,0,2742.3376633686735
1634256000,61695.39,53682.9315962265,,1,0,0,2978.0914016994825
1634342400,60877.42,55217.24593660385,,1,0,0,2923.2984444352337
1634428800,61527.11,55217.24593660385,,1,0,0,2914.5156984041455
1634515200,62042.41,55337.83395864911,,1,0,0,2905.439577089564
1634601600,64303.14,56933.832062784204,,1,0,0,2924.122464440309
1634688000,66026.54,59182.79885650579,,1,0,0,2963.399431266001
1634774400,62204.02,59182.79885650579,,1,0,0,3080.360186175573
1634860800,60687.64,59182.79885650579,,1,0,0,3128.1916014487465
1634947200,61300.01,59182.79885650579,,1,0,0,3054.7493442024074
1635033600,60854.48,59182.79885650579,,1,0,0,2977.200819616521
1635120000,63083.54,59182.79885650579,,1,0,0,2984.0493325010552
1635206400,60337.62,59182.79885650579,,1,0,0,3017.5758087509794
1635292800,58455.47,,65993.25359237974,1,0,0,3044.0346795544806
1635379200,60591.65,,65993.25359237974,1,0,0,3171.145773872018
1635465600,62276.72,,65993.25359237974,1,0,0,3143.583218595445
1635552000,61892.41,,65993.25359237974,1,0,0,3037.19798869577
1635638400,61343.68,,65993.25359237974,1,0,0,2993.5424180746436
1635724800,60949.54,,65993.25359237974,1,0,0,2994.0036739264547
1635811200,63266.51,,65993.25359237974,1,0,0,3039.277697217422
1635897600,62935.41,,65993.25359237974,1,0,0,3072.0692902733203
1635984000,61444.5,,65993.25359237974,1,0,0,3023.0193409680833
1636070400,61006.15,,65993.25359237974,1,0,0,2940.0601023275053
1636156800,61539.31,,65993.25359237974,1,0,0,2835.3593807326833
1636243200,63309.13,,65993.25359237974,1,0,0,2770.6979963946346
1636329600,67554.84,59812.954782897184,,1,0,0,2893.051710937875
1636416000,66944.66,61789.716804607466,,1,0,0,2851.1951601565993
1636502400,64912.2,61789.716804607466,,1,0,0,3090.3955058596994
1636588800,64807.59,61789.716804607466,,1,0,0,2974.382969726864
1636675200,64147.9,61789.716804607466,,1,0,0,2988.859900460659
1636761600,64400.01,61789.716804607466,,1,0,0,2889.3577647134694
1636848000,65505.02,61789.716804607466,,1,0,0,2820.6964958053645
1636934400,63624.59,61789.716804607466,,1,0,0,2831.282460390695
1637020800,60107.98,,67147.79308574635,1,0,0,2985.2337132199314
1637107200,60351.51,,65505.90977717171,1,0,0,2946.601305132793
1637193600,56898,,64951.63379945454,1,0,0,3054.9212119090225
1637280000,58122.16,,63161.35141950908,1,0,0,3035.7925539155212
1637366400,59760.76,,63161.35141950908,1,0,0,2995.8538000644126
1637452800,58671.21,,63161.35141950908,1,0,0,2893.314957202668
1637539200,56280.81,,63161.35141950908,1,0,0,2964.183888831049
1637625600,57566.85,,62476.85864033991,1,0,0,2931.672896771688
1637712000,57162.66,,62348.89127630593,1,0,0,2846.050547002282
1637798400,58987.27,,62348.89127630593,1,0,0,2814.829079359262
1637884800,53757.67,,62348.89127630593,1,0,0,3018.1270022621716
1637971200,54759.05,,60311.46843042701,1,0,0,2922.124359243445
1638057600,57317.17,,60311.46843042701,1,0,0,3010.7583335831987
1638144000,57838.06,,60311.46843042701,1,0,0,2951.294881184399
1638230400,56987.97,,60311.46843042701,1,0,0,2979.0195325283703
1638316800,57226.5,,60311.46843042701,1,0,0,2955.7388516334863
1638403200,56521.46,,60311.46843042701,1,0,0,2857.378219373952
1638489600,53638.04,,60311.46843042701,1,0,0,3084.042632275813
1638576000,49241.12,,56068.534759918606,1,0,0,3688.2603013989687
1638662400,49484.22,,56068.534759918606,1,0,0,3564.5274227276136
1638748800,50529.56,,56068.534759918606,1,0,0,3588.846892532784
1638835200,50625.48,,56068.534759918606,1,0,0,3470.2078287804425
1638921600,50519.68,,56068.534759918606,1,0,0,3408.048698153268
1639008000,47568.43,,56068.534759918606,1,0,0,3416.1616482851773
1639094400,47170.94,,55485.9254500009,1,0,0,3404.185101979093
1639180800,49407.75,,54963.57240500081,1,0,0,3356.0575946948725
1639267200,50089.64,,54963.57240500081,1,0,0,3270.817766502382
1639353600,46727.89,,54777.94584805066,1,0,0,3357.937926037926
1639440000,48367.43,,54095.1352632456,1,0,0,3288.578788463789
1639526400,48884.78,,54095.1352632456,1,0,0,3265.8231607163757
1639612800,47634.22,,54095.1352632456,1,0,0,3170.745077808063
1639699200,46166.5,,52882.81231190604,1,0,0,3125.0261436789156
1639785600,46859.46,,52346.16408071544,1,0,0,3034.1678477018504
1639872000,46687.19,,52346.16408071544,1,0,0,2953.999430008861
1639958400,46926.07,,52080.9674553795,1,0,0,2884.494470722514
1640044800,48914.7,,52080.9674553795,1,0,0,2870.906294242334
1640131200,48608.62,,52080.9674553795,1,0,0,2747.6272732250245
1640217600,50842.2,,52080.9674553795,1,0,0,2791.7724679946655
1640304000,50851.38,,52080.9674553795,1,0,0,2694.7208631379035
1640390400,50428.31,,52080.9674553795,1,0,0,2572.2293729137677
1640476800,50801.79,,52080.9674553795,1,0,0,2519.5937034199274
1640563200,50717.77,,52080.9674553795,1,0,0,2455.337010318504
1640649600,47543.09,,52080.9674553795,1,0,0,2524.250081010039
1640736000,46471.24,,51815.128309821754,1,0,0,2490.772218080751
1640822400,47122.08,,51553.83247883957,1,0,0,2454.839202503554
1640908800,46211.24,,51553.83247883957,1,0,0,2488.4006880390143
1640995200,47733.43,,51553.83247883957,1,0,0,2436.5234960362277
1641081600,47299.07,,51553.83247883957,1,0,0,2359.3889606050684
1641168000,46459.56,,51006.60163986665,1,0,0,2325.3847491332776
1641254400,45814.61,,50855.96597587998,1,0,0,2303.4208384809003
1641340800,43436.04,,49602.40387829198,1,0,0,2465.7872071608363
1641427200,43083.76,,47718.76299046278,1,0,0,2386.910263792205
1641513600,41565.18,,46517.27919141651,1,0,0,2400.2159592356193
1641600000,41684.84,,45968.10777227486,1,0,0,2358.3198192902178
1641686400,41876.52,,45968.10777227486,1,0,0,2305.696260769488
1641772800,41824.07,,45452.224145542634,1,0,0,2326.7179564288103
1641859200,42753.44,,45452.224145542634,1,0,0,2293.038102398181
1641945600,43920.37,,45452.224145542634,1,0,0,2263.7939522268825
1642032000,42581.65,,45452.224145542634,1,0,0,2254.110098496391
1642118400,43090.72,,45452.224145542634,1,0,0,2216.100805746649
1642204800,43098.2,,45452.224145542634,1,0,0,2146.5250339076024
1642291200,43104.34,,45452.224145542634,1,0,0,2057.290388628488
1642377600,42218.01,,45452.224145542634,1,0,0,2026.9382180121677
1642464000,42369.74,,45452.224145542634,1,0,0,1982.5083452970127
1642550400,41674.27,,45452.224145542634,1,0,0,1945.1884634900832
1642636800,40670.97,,45452.224145542634,1,0,0,2017.46000181222
1642723200,36456.94,,42877.96733250991,1,0,0,2280.9121445399187
1642809600,35066.43,,40133.18409925891,1,0,0,2319.3019913584963
1642896000,36282.47,,40133.18409925891,1,0,0,2291.5339919757466
1642982400,36693.32,,40133.18409925891,1,0,0,2459.374421120336
1643068800,36980,,40133.18409925891,1,0,0,2416.823391040312
1643155200,36840.63,,40133.18409925891,1,0,0,2437.409577394575
1643241600,37188.37,,40133.18409925891,1,0,0,2386.3546075806767
1643328000,37741.9,,40133.18409925891,1,0,0,2348.847849896342
1643414400,38191.1,,40133.18409925891,1,0,0,2284.5322891894602
1643500800,37901.35,,40133.18409925891,1,0,0,2194.1199828187846
1643587200,38491.93,,40133.18409925891,1,0,0,2190.5471269031573
1643673600,38716.88,,40133.18409925891,1,0,0,2125.398760695789
1643760000,36923.39,,40133.18409925891,1,0,0,2138.198134931804
1643846400,37329.91,,40133.18409925891,1,0,0,2070.593982436675
1643932800,41614.64,34880.14818583208,,1,0,0,2261.0836979769124
1644019200,41404.85,37173.836867248865,,1,0,0,2172.0491481214185
1644105600,42415.16,37750.77518052398,,1,0,0,2130.0842089698886
1644192000,43868.07,38775.85666247159,,1,0,0,2181.8074797577533
1644278400,44085.59,39640.33749622442,,1,0,0,2228.1955169179137
1644364800,44416.35,39651.53374660198,,1,0,0,2191.17869428092
1644451200,43527.71,40080.448371941784,,1,0,0,2223.5945018322827
1644537600,42386.47,40080.448371941784,,1,0,0,2204.9184659871194
1644624000,42244.97,40080.448371941784,,1,0,0,2140.281432702325
1644710400,42074.99,40080.448371941784,,1,0,0,2051.4291875093018
1644796800,42548.71,40080.448371941784,,1,0,0,1998.194959830066
1644883200,44583.52,40080.448371941784,,1,0,0,2022.8010341279185
1644969600,43895.56,40174.84107199311,,1,0,0,1967.9652459759247
1645056000,40536.73,40174.84107199311,,1,0,0,2119.9412998347875
1645142400,39983.56,,44322.83653168558,1,0,0,2080.36192127516
1645228800,40101.94,,43928.740378517025,1,0,0,1989.9660697555057
1645315200,38389.03,,42981.94634066532,1,0,0,2001.1163504872552
1645401600,37023,,42216.157206598786,1,0,0,2050.744468309594
1645488000,38251.48,,41484.82398593891,1,0,0,2055.624149144623
1645574400,37268.19,,41484.82398593891,1,0,0,2067.497424205721
1645660800,38347.3,,41484.82398593891,1,0,0,2305.3904653338836
1645747200,39238.48,,41484.82398593891,1,0,0,2262.1168606671777
1645833600,39137.8,,41484.82398593891,1,0,0,2222.5699420480933
1645920000,37717.08,,41484.82398593891,1,0,0,2267.7942319018007
1646006400,43192.66,35316.13391951864,,1,0,0,2590.456072480243
1646092800,44439.95,38514.04052756677,,1,0,0,2558.503495874512
1646179200,43912.34,39100.6794748101,,1,0,0,2524.6311033120464
1646265600,42464.41,39100.6794748101,,1,0,0,2507.5467387897575
1646352000,39166.51,39100.6794748101,,1,0,0,2610.4262574476315
1646438400,39402.43,39100.6794748101,,1,0,0,2496.3050962013726
1646524800,38408.38,,43860.30603707709,1,0,0,2435.1033036155604
1646611200,37994,,43292.76143336938,1,0,0,2432.217353357307
1646697600,38749.38,,43292.76143336938,1,0,0,2367.423970974642
1646784000,41953.97,,43292.76143336938,1,0,0,2479.883687333596
1646870400,39433.71,,43292.76143336938,1,0,0,2552.2484239526248
1646956800,38732.04,,43292.76143336938,1,0,0,2514.047107956009
1647043200,38813.02,,43292.76143336938,1,0,0,2392.9116002448654
1647129600,37793.01,,43099.60379046126,1,0,0,2346.0843430845175
1647216000,39674.17,,43099.60379046126,1,0,0,2346.077604292766
1647302400,39298.1,,43099.60379046126,1,0,0,2304.572061128997
1647388800,41127.97,,43099.60379046126,1,0,0,2344.793342476926
1647475200,40950.33,,43099.60379046126,1,1,0,2246.2366751571453
1647561600,41774.98,,43099.60379046126,1,0,0,2247.6511983602063
1647648000,42232.26,,43099.60379046126,1,0,0,2150.96968419162
1647734400,41287.24,,43099.60379046126,1,0,0,2098.1418496065044
1647820800,41017.71,,43099.60379046126,1,0,0,2024.6552889203256
1647907200,42378.26,,43099.60379046126,1,0,0,2058.937053997445
1647993600,42899.71,,43099.60379046126,1,0,0,2002.5958358547703
1648080000,44012.29,39690.80494791671,,1,0,0,1974.8047047222865
1648166400,44331.85,40694.24145312504,,1,0,0,1942.6836543849804
1648252800,44539.42,41003.23480781253,,1,0,0,1856.0269647860534
1648339200,46850.01,42083.71382703128,,1,0,0,1902.9378958727636
1648425600,47144.92,43886.68944432815,,1,0,0,1879.7080461675664
1648512000,47454.19,43886.68944432815,,1,0,0,1855.153185727026
1648598400,47078.03,43886.68944432815,,1,0,0,1806.3651010322387
1648684800,45528.45,43886.68944432815,,1,0,0,1849.7025938156498
1648771200,46296.34,43886.68944432815,,1,0,0,1896.6081228288174
1648857600,45826.27,43886.68944432815,,1,0,0,1873.7482569124732
1648944000,46422.16,43886.68944432815,,1,0,0,1876.8612385615822
1649030400,46596.83,43886.68944432815,,1,0,0,1869.2332929500405
1649116800,45506.5,43886.68944432815,,1,0,0,1866.3480577393232
1649203200,43166.7,,48081.00103826379,1,0,0,1905.0367679008
1649289600,43452.18,,46941.984434437414,1,0,0,1852.8119987650284
1649376000,42262.02,,46691.914490993666,1,0,0,1855.3254274246694
1649462400,42766.93,,45879.4770418943,1,0,0,1772.6178968943357
1649548800,42165.96,,45879.4770418943,1,0,0,1757.2494756875972
1649635200,39535.87,,44502.181503934386,1,0,0,1861.6995131384833
1649721600,40086.23,,43588.010853540945,1,0,0,1832.6981193428776
1649808000,41146.68,,43588.010853540945,1,0,0,1846.1396822469576
1649894400,39954.08,,43588.010853540945,1,0,0,1852.7461335150317
1649980800,40554.58,,43588.010853540945,1,0,0,1797.5342668353865
1650067200,40387.6,,43588.010853540945,1,0,0,1718.781104918573
1650153600,39683.54,,43269.36747490739,1,0,0,1671.181740281532
1650240000,40803.58,,43206.09222741665,1,0,0,1733.9544731185654
1650326400,41503.85,,43206.09222741665,1,0,0,1695.882725038668
1650412800,41377.61,,43206.09222741665,1,0,0,1668.289673250192
1650499200,40480.81,,43206.09222741665,1,0,0,1789.4632680180355
1650585600,39712.25,,43206.09222741665,1,0,0,1777.9194631596042
1650672000,39465.87,,42967.655212367266,1,0,0,1700.7559300767753
1650758400,39464.56,,42652.40319113053,1,0,0,1646.8262207855769
1650844800,40439.22,,42652.40319113053,1,0,0,1700.2714907294646
1650931200,38113.82,,42652.40319113053,1,0,0,1801.4778128202174
1651017600,39251.11,,42260.81721633416,1,0,0,1786.1701119044876
1651104000,39743.22,,42260.81721633416,1,0,0,1766.8843896255955
1651190400,38593.1,,42260.81721633416,1,0,0,1766.7462189380533
1651276800,37644.1,,41609.8397557076,1,0,0,1726.6214890139067
1651363200,38473.05,,41368.66478013684,1,0,0,1694.3178112271994
1651449600,38510.89,,41368.66478013684,1,0,0,1654.7429675681135
1651536000,37719.59,,41204.87622191085,1,0,0,1617.866327027534
1651622400,39669.56,,41204.87622191085,1,0,0,1672.79658938271
1651708800,36537.22,,41204.87622191085,1,1,0,1860.2075472839454
1651795200,35999.1,,39683.985340773004,1,0,0,1827.9784367636637
1651881600,35458,,39074.6768066957,1,0,0,1793.1228341376877
1651968000,34027.91,,38217.96012602613,1,0,0,1793.5376316992813
1652054400,30078.27,,36220.82361342352,1,0,0,1966.9663722921898
1652140800,31002.39,,35462.40625208117,1,0,0,2034.3573456998909
1652227200,28972.34,,34679.76662687305,1,0,0,2210.726106721327
1652313600,28941.95,,32936.46296418575,1,0,0,2392.293527669804
1652400000,29232.18,,32936.46296418575,1,0,0,2387.6511328362467
1652486400,30041.88,,32936.46296418575,1,0,0,2340.1903376336577
1652572800,31290.05,,32936.46296418575,1,0,0,2314.6260278026816
1652659200,29839.89,,32936.46296418575,1,0,0,2309.174882959633
1652745600,30412.12,,32936.46296418575,1,0,0,2239.5902484625167
1652832000,28672.94,,32936.46296418575,1,0,0,2227.542373572337
1652918400,30274.59,,32936.46296418575,1,0,0,2200.91791831717
1653004800,29155.75,,32936.46296418575,1,0,0,2189.345924151658
1653091200,29408.26,,32936.46296418575,1,0,0,2082.969786712254
1653177600,30260.87,,32936.46296418575,1,0,0,2023.2505162328073
1653264000,29082.52,,32936.46296418575,1,0,0,2006.4233365018922
1653350400,29626.44,,32936.46296418575,1,0,0,1948.178812466043
1653436800,29503.49,,32936.46296418575,1,0,0,1873.0203258613258
1653523200,29166.06,,32522.714710908815,1,0,0,1871.376016871231
1653609600,28598.31,,32252.723239817933,1,0,0,1818.806301380429
1653696000,29008.99,,32136.18491583614,1,0,0,1741.7144227103984
1653782400,29447.07,,32136.18491583614,1,0,0,1670.174821088227
1653868800,31711.42,,32136.18491583614,1,0,0,1762.1987624390679
1653955200,31784.05,,32136.18491583614,1,0,0,1721.1888508362772
1654041600,29788.79,,32136.18491583614,1,0,0,1788.000361490829
1654128000,30433.75,,32136.18491583614,1,0,0,1738.5996213843412
1654214400,29670.85,,32136.18491583614,1,0,0,1718.805362714031
1654300800,29843.18,,32136.18491583614,1,0,0,1631.5949796630287
1654387200,29901.54,,32136.18491583614,1,0,0,1561.6803382585263
1654473600,31343.61,,32136.18491583614,1,0,0,1584.3145998114887
1654560000,31106.9,,32136.18491583614,1,0,0,1638.9499855392394
1654646400,30177,,32136.18491583614,1,0,0,1627.3349865721507
1654732800,30079.62,,32136.18491583614,1,0,0,1566.5053446741401
1654819200,29063.11,,32136.18491583614,1,0,0,1562.9463914831301
1654905600,28388.63,,31695.419037571337,1,0,0,1546.385934948621
1654992000,26555.2,,30576.189133814205,1,0,0,1577.5997967380056
1655078400,22460.97,,28130.939220432785,1,0,0,1818.4390969710053
1655164800,22120.25,,25917.011798389507,1,0,0,1865.8948757587907
1655251200,22562.33,,25432.965618550552,1,0,0,1925.3395274903055
1655337600,20372,,25432.965618550552,1,1,0,1985.9652755267123
1655424000,20447.86,,24749.80055102595,1,0,0,1924.7513272748042
1655510400,18948.89,,23373.261995923353,1,0,0,2014.5940896123182
1655596800,20552.44,,23373.261995923353,1,0,0,2075.0409403542953
1655683200,20549.75,,23373.261995923353,1,0,0,2029.525158900417
1655769600,20696.96,,23373.261995923353,1,0,0,1983.3426475503873
1655856000,19968.46,,23373.261995923353,1,0,0,1921.818887011074
1655942400,21104.45,,23373.261995923353,1,0,0,1880.4432522245686
1656028800,21223.72,,23373.261995923353,1,0,0,1805.0487342085278
1656115200,21478.04,,23373.261995923353,1,0,0,1725.7238246222043
1656201600,21027.92,,23373.261995923353,1,0,0,1668.2664085777612
1656288000,20725.17,,23373.261995923353,1,0,0,1621.9616651079211
1656374400,20252.89,,23373.261995923353,1,0,0,1579.3422604573555
1656460800,20094.79,,22909.91195789342,1,0,0,1508.4949561389728
1656547200,19985.62,,22194.838762104075,1,0,0,1510.7831735576176
1656633600,19252.76,,22194.838762104075,1,0,0,1541.5600897320735
1656720000,19224.03,,21916.893547304302,1,0,0,1464.805797608354
1656806400,19291.33,,21817.892192573872,1,0,0,1422.0753834934717
1656892800,20211.35,,21817.892192573872,1,0,0,1413.5292846725092
1656979200,20153.51,,21817.892192573872,1,0,0,1416.8443357673298
1657065600,20542.67,,21817.892192573872,1,0,0,1380.4268832125204
1657152000,21614.6,,21817.892192573872,1,0,0,1398.3192486973405
1657238400,21582.2,,21817.892192573872,1,0,0,1392.6207309332447
1657324800,21583.99,,21817.892192573872,1,0,0,1339.4521072951557
1657411200,20850.65,,21817.892192573872,1,0,0,1312.2926710597874
1657497600,19942.43,,21817.892192573872,1,0,0,1289.5717659840884
1657584000,19303.65,,21817.892192573872,1,0,0,1255.387354128082
1657670400,20220.23,,21817.892192573872,1,0,0,1268.481828833219
1657756800,20577.02,,21817.892192573872,1,0,0,1269.775269630846
1657843200,20827.55,,21817.892192573872,1,0,0,1238.1984646572141
1657929600,21189.68,,21817.892192573872,1,0,0,1228.810717181699
1658016000,20791.74,,21817.892192573872,1,0,0,1206.5385230972918
1658102400,22427.56,19323.76923597539,,1,0,0,1264.717914304628
1658188800,23395.06,20046.56381237785,,1,0,0,1333.0544918542976
1658275200,23226.99,20936.98993114007,,1,0,0,1336.988456721848
1658361600,23153.96,20936.98993114007,,1,0,0,1319.6735669560019
1658448000,22687.68,20936.98993114007,,1,0,0,1315.267597887716
1658534400,22450.69,20936.98993114007,,1,0,0,1297.4020551814506
1658620800,22583.43,20936.98993114007,,1,0,0,1259.9169083827758
1658707200,21313.41,20936.98993114007,,1,0,0,1270.6921292125776
1658793600,21261.57,20936.98993114007,,1,0,0,1224.8876914116793
1658880000,22962.59,20936.98993114007,,1,0,0,1284.8957134537025
1658966400,23851.7,20936.98993114007,,1,1,0,1309.2067339212952
1659052800,23784.5,21383.780689401014,,1,0,0,1288.5698243554884
1659139200,23650.13,21560.610120460915,,1,0,0,1278.6641226158106
1659225600,23307.44,21560.610120460915,,1,0,0,1255.3431138575384
1659312000,23273.86,21560.610120460915,,1,0,0,1213.453605724857
1659398400,22989.4,21560.610120460915,,1,0,0,1184.3433481730815
1659484800,22825,21560.610120460915,,1,0,0,1168.0616804464328
1659571200,22623.94,21560.610120460915,,1,0,0,1144.7294175574018
1659657600,23320.81,21560.610120460915,,1,0,0,1126.4451734461588
1659744000,22960.93,21560.610120460915,,1,0,0,1077.391946771433
1659830400,23177.39,21560.610120460915,,1,0,0,1039.9275220020447
1659916800,23815.65,21750.49179136208,,1,0,0,1043.7012704304702
1660003200,23158.27,21750.49179136208,,1,0,0,1044.7004653997224
1660089600,23962.18,21750.49179136208,,1,0,0,1081.3961464425993
1660176000,23944.86,22306.37623590296,,1,0,0,1080.3914216966994
1660262400,24415.18,22306.37623590296,,1,0,0,1064.863463004078
1660348800,24456.49,22633.1265010814,,1,0,0,1031.4125013609296
1660435200,24316.71,22651.613350973257,,1,0,0,1022.2023226922917
1660521600,24097.82,22651.613350973257,,1,0,0,1051.871442499985
1660608000,23857.93,22651.613350973257,,1,0,0,1018.5934823214146
1660694400,23341.17,22651.613350973257,,1,0,0,1036.433233584171
1660780800,23189.46,22651.613350973257,,1,0,0,997.5972883281587
1660867200,20834.94,,24199.8815056338,1,0,0,1099.5096248761472
1660953600,21139.23,,23174.105855070422,1,0,0,1064.6875088135653
1661040000,21518.62,,23174.105855070422,1,0,0,1040.6205438983106
1661126400,21398.25,,23174.105855070422,1,0,0,1012.7412193341457
1661212800,21528.34,,23174.105855070422,1,0,0,996.818989381707
1661299200,21367.12,,23174.105855070422,1,0,0,981.1597758544422
1661385600,21561.86,,23174.105855070422,1,0,0,947.576934721982
1661472000,20240.72,,22972.69493529448,1,0,0,1005.9835822418405
1661558400,20036.69,,21991.94994176503,1,0,0,976.2090406531377
1661644800,19554.03,,21676.745947588526,1,0,0,952.945537749342
1661731200,20286.97,,21676.745947588526,1,0,0,947.8508564815318
1661817600,19813.17,,21676.745947588526,1,0,0,954.6115095899938
1661904000,20048.26,,21676.745947588526,1,0,0,935.6414017621371
1661990400,20133.65,,21639.36971221283,1,0,0,914.8470159219844
1662076800,19953.74,,21639.36971221283,1,0,0,898.7150862132712
1662163200,19835.47,,21480.690766892396,1,0,0,863.0140086266091
1662249600,20004.73,,21358.437690203154,1,0,0,832.6508651532798
1662336000,19794.58,,21328.01542118284,1,0,0,803.6679462137598
1662422400,18790.91,,21058.191379064556,1,0,0,854.5923786270627
1662508800,19293.52,,20657.3357411581,1,0,0,860.6279230108439
1662595200,19321.87,,20657.3357411581,1,0,0,831.0309285100694
1662681600,21364.5,18565.436899661938,,1,0,0,937.5087193307785
1662768000,21651.52,19632.593209695744,,1,0,0,919.6902393785803
1662854400,21831.72,19854.47838872617,,1,0,0,890.3759365658245
1662940800,22402.71,20254.632049853553,,1,0,0,893.566941096837
1663027200,20174.78,,23507.603655131803,1,0,0,1040.0978738756344
1663113600,20227.77,,22231.09328961862,1,0,0,1031.519454313089
1663200000,19703.67,,22016.977960656757,1,0,0,1017.583779005011
1663286400,19801.04,,21604.056164591082,1,0,0,986.7527947903674
1663372800,20113.37,,21604.056164591082,1,0,0,947.2883094481983
1663459200,19417.64,,21587.117743318777,1,0,0,935.5898587733271
1663545600,19540.38,,20933.047468986897,1,0,0,971.2348688609466
1663632000,18876.91,,20933.047468986897,1,0,0,967.3223782280218
1663718400,18462.64,,20933.047468986897,1,0,0,1026.57363692602
1663804800,19401.25,,20933.047468986897,1,1,0,1036.3305200027328
1663891200,19286.01,,20933.047468986897,1,0,0,1031.664054288252
1663977600,18923.2,,20933.047468986897,1,0,0,993.9216218390911
1664064000,18808.61,,20818.484505135868,1,0,0,963.2429345648701
1664150400,19228,,20818.484505135868,1,0,0,940.1427249530936
1664236800,19077.57,,20818.484505135868,1,0,0,984.5325303135871
1664323200,19412.07,,20818.484505135868,1,0,0,1006.1137781483309
1664409600,19595.57,,20818.484505135868,1,0,0,991.488508280593
1664496000,19426.11,,20818.484505135868,1,0,0,994.1207576891221
1664582400,19315.27,,20818.484505135868,1,0,0,946.4285607113277
1664668800,19059.17,,20818.484505135868,1,0,0,912.7643778033755
1664755200,19633.46,,20818.484505135868,1,0,0,901.8083508174199
1664841600,20345.19,,20818.484505135868,1,0,0,907.687040044747
1664928000,20161.62,,20818.484505135868,1,0,0,887.2201086129795
1665014400,19965.64,,20818.484505135868,1,0,0,866.7472437120525
1665100800,19533.05,,20818.484505135868,1,0,0,857.712440589763
1665187200,19419.39,,20818.484505135868,1,0,0,823.502980547637
1665273600,19443.47,,20818.484505135868,1,0,0,781.9870533656629
1665360000,19132.83,,20684.478717466063,1,0,0,761.842263839544
1665446400,19058.11,,20408.316845719455,1,0,0,736.7463878510051
1665532800,19155.92,,20369.224161147507,1,0,0,702.9609315759334
1665619200,19378.65,,20235.01624503276,1,0,0,751.1944364633666
1665705600,19178,,20235.01624503276,1,0,0,760.2026910016974
1665792000,19070.24,,20235.01624503276,1,0,0,723.4824987872904
1665878400,19264.44,,20235.01624503276,1,0,0,697.5380345881985
1665964800,19550.4,,20235.01624503276,1,0,0,685.1953178318984
1666051200,19328.76,,20235.01624503276,1,0,0,679.8927951296199
1666137600,19124.18,,20235.01624503276,1,0,0,652.6790240489329
1666224000,19042.48,,20235.01624503276,1,0,0,637.7762366168663
1666310400,19166.45,,20123.84451010658,1,0,0,634.7579340013759
1666396800,19209.1,,20123.84451010658,1,0,0,599.9323672869921
1666483200,19572.44,,20123.84451010658,1,0,0,601.8786267664927
1666569600,19330.41,,20123.84451010658,1,0,0,590.6172962831719
1666656000,20086.28,,20123.84451010658,1,0,0,632.7246322629455
1666742400,20775.4,19261.64259962717,,1,0,0,656.5985871013069
1666828800,20296.97,19261.64259962717,,1,0,0,658.4244023083564
1666915200,20597.91,19261.64259962717,,1,0,0,665.3290878577596
1667001600,20823.53,19538.979765128202,,1,0,0,654.8627244393482
1667088000,20630.68,19538.979765128202,,1,0,0,637.7603869793948
1667174400,20489.94,19538.979765128202,,1,0,0,635.111787909438
1667260800,20479.63,19538.979765128202,,1,0,0,615.7788030587639
1667347200,20151.4,19538.979765128202,,1,0,0,625.042459983138
1667433600,20206.88,19538.979765128202,,1,1,0,606.0251414129137
1667520000,21144.2,19538.979765128202,,1,0,0,642.5340598834198
1667606400,21300.45,20057.603346117547,,1,0,0,624.9430556060325
1667692800,20909.17,20057.603346117547,,1,0,0,614.5635516341732
1667779200,20593.49,20057.603346117547,,1,0,0,618.8890122317322
1667865600,18550.25,,20813.337250680306,1,0,0,801.4683685008941
1667952000,15891.96,,19220.091525612275,1,0,0,964.102056465116
1668038400,17553.89,,19220.091525612275,1,0,0,1068.1390524318933
1668124800,17013.62,,19220.091525612275,1,0,0,1085.0769772581866
1668211200,16783.33,,19134.197832171347,1,0,0,1041.3179074540305
1668297600,16301.39,,18785.534548954216,1,0,0,1017.7680569215997
1668384000,16590.73,,18749.148094058794,1,0,0,1043.6010528557713
1668470400,16877.93,,18749.148094058794,1,0,0,1012.2745490803592
1668556800,16645.24,,18749.148094058794,1,0,0,985.3727955746193
1668643200,16680.47,,18501.15633556886,1,0,0,939.3247387478608
1668729600,16680.59,,18501.15633556886,1,0,0,904.9301145515852
1668816000,16683.02,,18371.44613181078,1,0,0,859.3758206550434
1668902400,16252.53,,18092.356018629696,1,0,0,839.3161191796831
1668988800,15760.14,,17517.585416766728,1,0,0,837.93568209542
1669075200,16199.71,,17517.585416766728,1,0,0,827.9602762314615
1669161600,16587,,17517.585416766728,1,0,0,808.6066850720715
1669248000,16587.61,,17517.585416766728,1,0,0,775.6104932812093
1669334400,16510.9,,17517.585416766728,1,0,0,740.0011723325516
1669420800,16450.93,,17517.585416766728,1,0,0,709.7925171659408
1669507200,16419.88,,17517.585416766728,1,0,0,672.9809087969451
1669593600,16206.3,,17432.905429285234,1,0,0,659.6022724543062
1669680000,16438,,17432.905429285234,1,0,0,644.5728244218559
1669766400,17167.33,,17432.905429285234,1,0,0,658.246194106009
1669852800,16980.08,,17432.905429285234,1,0,0,644.2857516698656
1669939200,17094.71,,17432.905429285234,1,0,0,620.9246265505896
1670025600,16888.53,,17432.905429285234,1,0,0,597.6328675112616
1670112000,17108.9,,17432.905429285234,1,0,0,577.5969484033144
1670198400,16966.05,,17432.905429285234,1,0,0,576.2950235173632
1670284800,17089.05,,17432.905429285234,1,0,0,549.93895040898
1670371200,16840,,17432.905429285234,1,0,0,543.5647396654814
1670457600,17226.01,,17432.905429285234,1,0,0,544.9236868322328
1670544000,17130.59,,17432.905429285234,1,0,0,526.8527092013591
1670630400,17128.1,,17432.905429285234,1,0,0,498.80751568697633
1670716800,17085.21,,17432.905429285234,1,0,0,477.37340742362085
1670803200,17211.66,,17432.905429285234,1,0,0,469.6181640362193
1670889600,17773.18,16621.78801326352,,1,0,0,501.13258089077533
1670976000,17804.97,17047.746211937163,,1,0,0,517.0823965414343
1671062400,17357.96,17047.746211937163,,1,1,0,521.6650825027602
1671148800,16632.64,,18121.055218330897,1,0,0,555.5082908954203
1671235200,16782.25,,17720.096196497812,1,0,0,531.1398415457476
1671321600,16741.16,,17720.096196497812,1,0,0,508.28985286390855
1671408000,16439.74,,17528.128969163223,1,0,0,511.2291490879151
1671494400,16897.65,,17528.128969163223,1,0,0,522.0442098673497
1671580800,16826.56,,17528.128969163223,1,0,0,499.0603377339676
1671667200,16815.51,,17528.128969163223,1,0,0,485.4117421815413
1671753600,16777.21,,17528.128969163223,1,0,0,466.7194748828598
1671840000,16837.12,,17528.128969163223,1,0,0,439.64951239122684
1671926400,16829.02,,17528.128969163223,1,0,0,417.7452615061393
1672012800,16917.96,,17528.128969163223,1,0,0,398.7520285414151
1672099200,16698.73,,17486.62322854787,1,0,0,397.48616935988537
1672185600,16539.66,,17321.26940569308,1,0,0,391.7621572627506
1672272000,16627.54,,17234.551965123774,1,0,0,376.30128888683987
1672358400,16600.1,,17153.498268611398,1,0,0,372.5533396806372
1672444800,16530.35,,17153.498268611398,1,0,0,358.22310113202
1672531200,16611.58,,17151.640247575233,1,0,0,341.99287962259
1672617600,16666.95,,17151.640247575233,1,0,0,335.2412453638336
1672704000,16669.47,,17151.640247575233,1,0,0,323.6025849807026
1672790400,16844.42,,17151.640247575233,1,0,0,324.9259717677954
1672876800,16825.69,,17151.640247575233,1,0,0,310.43554521295295
1672963200,16948.06,,17151.640247575233,1,0,0,313.7108634120278
1673049600,16942.37,,17151.640247575233,1,0,0,296.60151602545415
1673136000,17125.18,,17151.640247575233,1,0,0,293.78069345220746
1673222400,17177.98,16725.683263288982,,1,0,0,293.74492963419254
1673308800,17443.5,16778.346936960083,,1,0,0,297.7110060888931
1673395200,17944.27,17032.706743264076,,1,0,0,325.22593422540064
1673481600,18847.75,17706.68606893767,,1,0,0,388.4969389235861
1673568000,19934.88,18377.071462043903,,1,0,0,452.54715757190144
1673654400,20957.02,19439.57331583951,,1,0,0,522.2745034596227
1673740800,20879.7,19658.06448425556,,1,0,0,520.4791817839352
1673827200,21187.5,19832.102035830005,,1,0,0,544.3142402279398
1673913600,21136.33,19984.021332247,,1,0,0,559.0253659259441
1674000000,20674.29,19984.021332247,,1,0,0,610.5378397883768
1674086400,21084.22,19984.021332247,,1,0,0,605.5337083749213
1674172800,22669.81,20226.758166208063,,1,0,0,697.2163006338554
1674259200,22789.37,21290.310849587262,,1,0,0,714.7829934457228
1674345600,22714.87,21290.310849587262,,1,0,0,719.7749224853139
1674432000,22920.29,21290.310849587262,,1,0,0,716.9724280220772
1674518400,22636.17,21290.310849587262,,1,0,0,716.1451117347862
1674604800,23062.36,21365.3855799142,,1,0,0,772.0218894680156
1674691200,23010.47,21444.683021922785,,1,0,0,747.8610402203002
1674777600,23084.4,21444.683021922785,,1,0,0,763.8095373474218
1674864000,23028.95,21486.184097757454,,1,0,0,731.6081418226061
1674950400,23745.8,21873.245187981705,,1,0,0,750.1539888352771
1675036800,22836.03,21873.245187981705,,1,0,0,789.6422753470432
1675123200,23128.86,21873.245187981705,,1,0,0,775.6356842508258
1675209600,23735.97,21873.245187981705,,1,0,0,795.4881353757667
1675296000,23493.84,22112.5124883348,,1,1,0,802.5468399917835
1675382400,23433.54,22112.5124883348,,1,0,0,781.7927799923706
1675468800,23328.87,22112.5124883348,,1,0,0,749.6618671357727
1675555200,22936.34,22112.5124883348,,1,0,0,744.3424480546463
1675641600,22764.07,22112.5124883348,,1,0,0,728.7137017650288
1675728000,23244.67,22112.5124883348,,1,0,0,719.5641516389552
1675814400,22964.38,22112.5124883348,,1,0,0,724.0181408076012
1675900800,21800.63,,23929.02296793868,1,0,0,765.9582736070582
1675987200,21628.97,,23216.005671144812,1,0,0,745.174111206554
1676073600,21863.73,,23174.38210403033,1,0,0,713.2795318346574
1676160000,21789.8,,23174.38210403033,1,0,0,695.2509938464676
1676246400,21789.14,,22974.977154264565,1,0,0,683.9173514288626
1676332800,22206.27,,22974.977154264565,1,0,0,691.2153977553725
1676419200,24329.04,21526.780705045698,,1,0,0,808.4378693442746
1676505600,23516.15,22510.361134541126,,1,0,0,875.4137358196838
1676592000,24577.6,22510.361134541126,,1,0,0,932.9470404039921
1676678400,24636.23,22729.140318978312,,1,0,0,899.9979660894215
1676764800,24281.31,22771.966287080482,,1,0,0,907.6623970830342
1676851200,24844.97,22771.966287080482,,1,0,0,934.7600830056745
1676937600,24454.43,22771.966287080482,,1,0,0,949.0572199338407
1677024000,24184.44,22771.966287080482,,1,0,0,945.4359899385663
1677110400,23943.32,22771.966287080482,,1,0,0,948.5019906572403
1677196800,23186.88,22771.966287080482,,1,0,0,995.9425627531516
1677283200,23159.71,22771.966287080482,,1,0,0,960.8102368422122
1677369600,23556.83,22771.966287080482,,1,0,0,937.6802199249115
1677456000,23489.52,22771.966287080482,,1,0,0,926.8780613588461
1677542400,23145.32,22771.966287080482,,1,0,0,901.4396284046427
1677628800,23631.52,22771.966287080482,,1,0,0,906.681083518597
1677715200,23468.24,22771.966287080482,,1,0,0,884.9560061244114
1677801600,22358.18,,24624.487062933575,1,0,0,928.1205771155247
1677888000,22350.95,,24034.740356640217,1,0,0,880.3341073215587
1677974400,22432.69,,24034.740356640217,1,0,0,850.2752425128758
1678060800,22410.31,,24003.248838878575,1,0,0,813.488439476242
1678147200,22198.48,,23783.54295499072,1,0,0,799.9742652279389
1678233600,21698.37,,23456.129159491644,1,0,0,792.8839605688003
1678320000,20367.01,,22665.31174354248,1,0,0,863.0729633853144
1678406400,20230.08,,21684.194069188234,1,0,0,858.6577517149346
1678492800,20620.54,,21684.194069188234,1,0,0,873.3250551638679
1678579200,22219.08,19414.669303957533,,1,0,0,941.6911226521628
1678665600,24220,20978.724873561783,,1,0,0,1076.382471034151
1678752000,24762.65,22716.738886205603,,1,0,0,1178.205151674569
1678838400,24377.16,22716.738886205603,,1,0,0,1191.8326408406715
1678924800,25051.85,22716.738886205603,,1,0,0,1180.1117379234804
1679011200,27453.62,23521.046518043884,,1,0,0,1302.080899500375
1679097600,26980.35,24408.026866239492,,1,0,0,1289.6144066789195
1679184000,28054.46,24848.821679615547,,1,0,0,1309.9276633447112
1679270400,27823.32,25068.480511653994,,1,0,0,1313.5235445343747
1679356800,28207.33,25224.92196048859,,1,0,0,1304.7397199247764
1679443200,27325.15,25224.92196048859,,1,0,0,1372.9418827872923
1679529600,28352.94,25224.92196048859,,1,1,0,1392.766748302486
1679616000,27489.24,25224.92196048859,,1,0,0,1393.6734091380224
1679702400,27488.18,25224.92196048859,,1,0,0,1339.4031656281636
1679788800,27992.9,25224.92196048859,,1,0,0,1299.8229395118663
1679875200,27142.87,25224.92196048859,,1,0,0,1316.1398724038756
1679961600,27274.15,25224.92196048859,,1,0,0,1284.986310089313
1680048000,28359.54,25314.899974310203,,1,0,0,1293.1044307972195
1680134400,28035.48,25766.745976879185,,1,0,0,1307.6212571688466
1680220800,28474.4,25766.745976879185,,1,0,0,1295.4504530853574
1680307200,28471.46,26033.01514127214,,1,0,0,1245.9675635792607
1680393600,28188.34,26033.01514127214,,1,0,0,1205.6498804664564
1680480000,27811.77,26033.01514127214,,1,0,0,1212.2027461474238
1680566400,28179.64,26033.01514127214,,1,0,0,1181.313978565465
1680652800,28175.37,26033.01514127214,,1,0,0,1167.1251229536463
1680739200,28053.46,26033.01514127214,,1,0,0,1118.2118998855287
1680825600,27931.94,26033.01514127214,,1,0,0,1061.9467641794195
1680912000,27958.81,26168.635974565022,,1,0,0,1007.1562810237467
1680998400,28340.99,26360.26837710852,,1,0,0,987.6215466649076
1681084800,29660.41,27013.574039397674,,1,0,0,1033.647150474557
1681171200,30227.19,28135.568635457905,,1,0,0,1029.2637825835175
1681257600,29912.2,28161.015771912113,,1,0,0,1015.8877981132663
1681344000,30406.78,28361.285194720906,,1,0,0,996.8222411051756
1681430400,30492.92,28612.84817524881,,1,0,0,1000.620652454806
1681516800,30324.11,28628.00935772393,,1,0,0,957.0491772794629
1681603200,30326.09,28656.271421951536,,1,0,0,918.9613789023584
1681689600,29449.91,28656.271421951536,,1,0,0,931.0712804093329
1681776000,30393.4,28656.271421951536,,1,0,0,964.2883318086663
1681862400,28809.72,28656.271421951536,,1,0,0,1026.5134509651903
1681948800,28248.18,,30602.472299057594,1,0,0,1032.5746330391053
1682035200,27253.85,,29850.13656915184,1,0,0,1047.3107306791692
1682121600,27821.41,,29549.27291223665,1,0,0,1026.4156784877998
1682208000,27592.98,,29509.73162101299,1,0,0,987.9724157386712
1682294400,27515.05,,29428.91495891169,1,0,0,991.3215289001947
1682380800,28304.42,,29428.91495891169,1,0,0,1006.6192768358952
1682467200,28426.08,,29428.91495891169,1,0,0,1136.1386142047597
1682553600,29483.72,26719.19394495338,,1,0,0,1163.0522846187055
1682640000,29338.63,26930.02805045804,,1,0,0,1130.4378357173694
1682726400,29249.35,27090.23274541224,,1,0,0,1079.170847451843
1682812800,29247.14,27402.065470871014,,1,0,0,1064.5207869195688
1682899200,28077.27,27402.065470871014,,1,0,0,1108.7900164253138
1682985600,28684.4,27402.065470871014,,1,0,0,1103.0585866806487
1683072000,29038.75,27402.065470871014,,1,0,0,1106.7058304891736
1683158400,28857.23,27402.065470871014,,1,1,0,1078.2925568828039
1683244800,29536.76,27402.065470871014,,1,0,0,1065.3123742483178
1683331200,28902.66,27402.065470871014,,1,0,0,1093.2186332305807
1683417600,28474.53,27402.065470871014,,1,0,0,1069.4594451426822
1683504000,27695.06,27402.065470871014,,1,0,0,1092.8351990610622
1683590400,27647.29,27402.065470871014,,1,0,0,1048.1062562709865
1683676800,27624.01,27402.065470871014,,1,0,0,1082.8665236802017
1683763200,26986.56,,29321.060070329942,1,0,0,1073.2224862744729
1683849600,26808.84,,28643.068563296947,1,0,0,1088.6501658262962
1683936000,26789.48,,28643.068563296947,1,0,0,1036.6208682672752
1684022400,26929.98,,28643.068563296947,1,0,0,1008.2900919624698
1684108800,27171.13,,28643.068563296947,1,0,0,1003.2536568222932
1684195200,27037.68,,28643.068563296947,1,0,0,963.2262527635583
1684281600,27407.77,,28643.068563296947,1,0,0,963.9036632804472
1684368000,26820.49,,28643.068563296947,1,0,0,975.4955444747009
1684454400,26890.27,,28643.068563296947,1,0,0,945.6472912979364
1684540800,27113.61,,28643.068563296947,1,0,0,902.5853419195125
1684627200,26752.65,,28637.843329659467,1,0,0,882.4285317824044
1684713600,26854.73,,28429.05449669352,1,0,0,860.0150652265183
1684800000,27223.22,,28429.05449669352,1,0,0,848.3382748531957
1684886400,26321.4,,28306.162242321752,1,0,0,870.2398266493959
1684972800,26479.06,,27890.234018089574,1,0,0,862.4784104601534
1685059200,26714.86,,27890.234018089574,1,0,0,844.849238284428
1685145600,26867.99,,27890.234018089574,1,0,0,811.9057212641117
1685232000,28070.04,25861.277720812697,,1,0,0,860.8731697452466
1685318400,27744.82,26315.74444873143,,1,0,0,866.4622290491576
1685404800,27700.15,26315.74444873143,,1,0,0,840.445641259932
1685491200,27223.08,26315.74444873143,,1,0,0,851.9816668842226
1685577600,26828.42,26315.74444873143,,1,0,0,844.3622621067782
1685664000,27250.69,26315.74444873143,,1,0,0,841.1535290991511
1685750400,27077.6,26315.74444873143,,1,0,0,810.9125627349262
1685836800,27122.04,26315.74444873143,,1,0,0,789.2652368252886
1685923200,25741.5,,27966.679070418548,1,0,0,857.626291337768
1686009600,27243.63,,27966.679070418548,1,0,0,940.4208419564987
1686096000,26346.41,,27966.679070418548,1,0,0,964.8000675310344
1686182400,26508.32,,27966.679070418548,1,0,0,939.2907769931032
1686268800,26482.81,,27966.679070418548,1,0,0,907.6914357793103
1686355200,25856.1,,27834.58628419145,1,0,0,924.9584760807882
1686441600,25937.02,,27734.686155772302,1,0,0,899.682870646446
1686528000,25905.82,,27582.16454019507,1,0,0,870.5383798859856
1686614400,25930.23,,27582.16454019507,1,0,0,860.1449241798439
1686700800,25123.34,,27232.48257755801,1,0,0,889.348858166998
1686787200,25569.99,,27049.27731980221,1,0,0,897.2517968693554
1686873600,26329.6,,27049.27731980221,1,0,0,929.1138113786872
1686960000,26506.56,,27049.27731980221,1,0,0,906.8356819944953
1687046400,26336.46,,27049.27731980221,1,0,0,874.0502761377456
1687132800,26837.78,,27049.27731980221,1,0,0,868.0923992707638
1687219200,28320.43,25627.735376579996,,1,0,0,933.2072278942808
1687305600,29995.08,27320.596838921992,,1,0,0,1047.144568758975
1687392000,29886.31,27837.959655029794,,1,0,0,1041.8970995619054
1687478400,30707.61,28325.350689526815,,1,0,0,1084.6915924503405
1687564800,30547.18,28362.863620574135,,1,0,0,1046.5021929896018
1687651200,30480.24,28558.956258516722,,1,0,0,1026.718464918916
1687737600,30272.18,28558.956258516722,,1,0,0,1007.8571459961362
1687824000,30697.38,28616.33881939854,,1,0,0,992.4459212821266
1687910400,30074.94,28616.33881939854,,1,0,0,984.194784047689
1687996800,30446.47,28616.33881939854,,1,0,0,971.1680137585683
1688083200,30466.72,28616.33881939854,,1,0,0,1034.6460127758135
1688169600,30587.21,28616.33881939854,,1,0,0,985.4948690061127
1688256000,30613.51,28616.33881939854,,1,0,0,959.842378362819
1688342400,31161.8,29101.98138088998,,1,0,0,950.5736370511892
1688428800,30771.25,29145.857242800983,,1,0,0,933.0112344046757
1688515200,30499.27,29145.857242800983,,1,0,0,915.8954319471989
1688601600,29899.38,29145.857242800983,,1,0,0,970.1243296652559
1688688000,30352.08,29145.857242800983,,1,0,0,953.6961632605947
1688774400,30291.69,29145.857242800983,,1,0,0,909.9414373134094
1688860800,30168.38,29145.857242800983,,1,0,0,872.4334775053086
1688947200,30419.89,29145.857242800983,,1,0,0,888.7418005406437
1689033600,30626.55,29145.857242800983,,1,0,0,861.4888147877407
1689120000,30381.81,29145.857242800983,,1,0,0,857.0967565886164
1689206400,31471.83,29247.29533479992,,1,0,0,910.9812739751438
1689292800,30330.52,29247.29533479992,,1,0,0,969.1504686912049
1689379200,30301.65,29247.29533479992,,1,0,0,910.7540066418333
1689465600,30247.64,29247.29533479992,,1,0,0,872.921577595988
1689552000,30143.08,29247.29533479992,,1,0,0,858.9178934819887
1689638400,29861.93,29247.29533479992,,1,0,0,849.3023296618466
1689724800,29916.72,29247.29533479992,,1,0,0,819.9807346860006
1689811200,29809.13,29247.29533479992,,1,0,0,822.6321107798578
1689897600,29907.98,29247.29533479992,,1,0,0,787.5012457241537
1689984000,29795.03,29247.29533479992,,1,0,0,758.0740138867142
1690070400,30081.61,29247.29533479992,,1,0,0,748.008012894806
1690156800,29176.98,,30983.781901615956,1,0,0,783.8638691166058
1690243200,29225.14,,30635.265211454353,1,0,0,751.481449893991
1690329600,29353.23,,30635.265211454353,1,0,0,740.437774901563
1690416000,29214.92,,30635.265211454353,1,1,0,723.0079338371654
1690502400,29316.15,,30631.46298415023,1,0,0,701.1595099916537
1690588800,29355.71,,30540.6151857352,1,0,0,662.3374021351071
1690675200,29281.39,,30412.415167161682,1,0,0,644.8133019825995
1690761600,29230.67,,30412.415167161682,1,0,0,629.0652089838424
1690848000,29697.27,,30376.633485400962,1,0,0,673.3984083421393
1690934400,29164.22,,30376.633485400962,1,0,0,705.9563791748435
1691020800,29174.18,,30376.633485400962,1,0,0,688.4623520909262
1691107200,29076.48,,30337.951445857303,1,0,0,679.6564697987171
1691193600,29047.12,,30239.59530127157,1,0,0,642.9452933845231
1691280000,29040.01,,30190.28577114442,1,0,0,611.8949152856287
1691366400,29179.21,,30088.408194029973,1,0,0,610.0074213366553
1691452800,29770.01,,30088.408194029973,1,0,0,646.2461769554656
1691539200,29562.76,,30088.408194029973,1,0,0,656.1371643157896
1691625600,29424.03,,30088.408194029973,1,0,0,638.0830811503762
1691712000,29400.45,,30088.408194029973,1,0,0,615.4021467824922
1691798400,29416.96,,30088.408194029973,1,0,0,580.5398505837428
1691884800,29275.94,,30088.408194029973,1,0,0,553.3905755420467
1691971200,29405.49,,30088.408194029973,1,0,0,556.1705344319006
1692057600,29170.14,,30088.408194029973,1,0,0,546.3040676867646
1692144000,28700.51,,29978.36118802441,1,0,0,545.9644914234242
1692230400,26627.57,,28612.21056922197,1,0,0,758.1870277503227
1692316800,26048.89,,27924.078512299773,1,0,0,791.4858114824425
1692403200,26096.42,,27658.014161069797,1,0,0,768.951110662268
1692489600,26189.14,,27658.014161069797,1,0,0,737.0096027578203
1692576000,26125.18,,27502.085970466534,1,0,0,716.2410597036903
1692662400,26042.11,,27220.057873419886,1,0,0,721.3659840105696
1692748800,26427.54,,27220.057873419886,1,0,0,742.8262708669573
1692835200,26163.49,,27220.057873419886,1,0,0,741.0086800907462
1692921600,26049.39,,27220.057873419886,1,0,0,726.9744886556929
1693008000,26009.61,,27220.057873419886,1,0,0,685.3334537517148
1693094400,26091.16,,27220.057873419886,1,0,0,651.3853499123064
1693180800,26101.04,,27220.057873419886,1,0,0,632.2063963471418
1693267200,27717.98,25492.97266795618,,1,0,0,750.0280823223459
1693353600,27306.06,25847.56890116056,,1,0,0,750.6867907278927
1693440000,25932.45,25847.56890116056,,1,0,0,833.9505913901861
1693526400,25794.88,,27490.478340059944,1,0,0,834.0191205766014
1693612800,25867.83,,27489.014006053952,1,0,0,794.1020405354157
1693699200,25969.83,,27489.014006053952,1,0,0,761.0026090686002
1693785600,25816.13,,27344.5172449037,1,0,0,739.9359941351288
1693872000,25783.91,,27120.270020413333,1,0,0,710.846280268334
1693958400,25747.63,,27087.759018371995,1,0,0,707.7701173920243
1694044800,26276.3,,27087.759018371995,1,0,0,717.5543947211654
1694131200,25906.34,,27087.759018371995,1,0,0,724.8940808125109
1694217600,25897.82,,27087.759018371995,1,0,0,683.9187893259028
1694304000,25831.76,,27087.759018371995,1,0,0,666.916018659767
1694390400,25152.14,,26753.57526965848,1,0,0,690.1077316126408
1694476800,25840.61,,26753.57526965848,1,0,0,743.396465068881
1694563200,26226.65,,26753.57526965848,1,0,0,736.736717563961
1694649600,26532.76,,26753.57526965848,1,0,0,737.0276663093924
1694736000,26602.42,,26753.57526965848,1,0,0,732.860690144436
1694822400,26569.69,,26753.57526965848,1,0,0,703.6334979912621
1694908800,26530.95,,26753.57526965848,1,0,0,669.1918195633149
1694995200,26764.49,25528.385653315687,,1,0,0,696.0502610230781
1695081600,27216.13,25678.136587984118,,1,0,0,705.8373852357154
1695168000,27123.94,25712.6244291857,,1,0,0,697.9061434331642
1695254400,26564.54,25712.6244291857,,1,0,0,705.4685617593667
1695340800,26578.4,25712.6244291857,,1,0,0,674.7150930622693
1695427200,26579.6,25712.6244291857,,1,0,0,635.4911578435359
1695513600,26250.24,25712.6244291857,,1,0,0,633.8303608547118
1695600000,26296.08,25712.6244291857,,1,0,0,621.4974779365183
1695686400,26208.44,25712.6244291857,,1,0,0,599.7898009410527
1695772800,26357.62,25712.6244291857,,1,0,0,609.9212437309776
1695859200,27027.14,25712.6244291857,,1,0,0,637.2475834644792
1695945600,26907,25712.6244291857,,1,0,0,632.9577560741594
1696032000,26961,25834.11084791606,,1,0,0,602.9172020688623
1696118400,27995.46,26246.211263124453,,1,0,0,638.9495447782291
1696204800,27504.04,26559.16963681201,,1,0,0,686.9581487226413
1696291200,27428.96,26559.16963681201,,1,0,0,674.4361380995954
1696377600,27786.75,26559.16963681201,,1,0,0,671.5285568067671
1696464000,27412.96,26559.16963681201,,1,0,0,679.415802749141
1696550400,27945.17,26559.16963681201,,1,0,0,710.5625311242023
1696636800,27976.43,26602.197042691125,,1,0,0,672.6394931867592
1696723200,27933.55,26615.06133842201,,1,0,0,653.2609579591335
1696809600,27596.67,26615.06133842201,,1,0,0,659.1044609620525
1696896000,27393.29,26615.06133842201,,1,0,0,644.03485660762
1696982400,26869.19,26615.06133842201,,1,0,0,666.4102239927901
1697068800,26750.51,26615.06133842201,,1,0,0,647.5116365647335
1697155200,26863.53,26615.06133842201,,1,0,0,634.0908053815384
1697241600,26851.71,26615.06133842201,,1,0,0,602.4500335685714
1697328000,27186.13,26615.06133842201,,1,0,0,594.797174027959
1697414400,28520.24,26967.170333750088,,1,0,0,756.8888044545336
1697500800,28408.83,26967.170333750088,,1,0,0,742.398175564924
1697587200,28326.51,27009.750770337574,,1,0,0,749.9683058817153
1697673600,28735.34,27009.750770337574,,1,0,0,754.7127126044498
1697760000,29684.73,27673.253023973433,,1,0,0,819.1010902755606
1697846400,29924.84,28171.237221576088,,1,0,0,824.4467266844491
1697932800,30004.15,28275.786499418482,,1,0,0,808.7719604927028
1698019200,33087.58,29896.58084947663,,1,0,0,1115.9389633146525
1698105600,33922.52,31249.206264528966,,1,0,0,1200.9276087921778
1698192000,34506.35,31647.216638076075,,1,0,0,1218.939208164165
1698278400,34154.71,31647.216638076075,,1,0,0,1210.9564075810104
1698364800,33906.09,31647.216638076075,,1,0,0,1185.1730927537953
1698451200,34085.42,31705.30087415746,,1,0,0,1145.705014699953
1698537600,34534.48,31954.46678674171,,1,0,0,1122.846799364242
1698624000,34493.79,32159.710608067537,,1,0,0,1099.2934565525104
1698710400,34656.4,32163.541547260786,,1,0,0,1070.3003525130455
1698796800,35440.1,32550.029892534705,,1,0,0,1105.8310416192567
1698883200,34950,32735.585403281235,,1,0,0,1147.2766815035955
1698969600,34731.27,32735.585403281235,,1,0,0,1126.3712042533384
1699056000,35087.01,32735.585403281235,,1,0,0,1094.3839753781
1699142400,35035.42,32748.833873992022,,1,0,0,1081.2136914225216
1699228800,35059.46,32930.24848659282,,1,0,0,1042.5884277494843
1699315200,35416.28,33076.09163793354,,1,0,0,1070.427111481664
1699401600,35639.13,33452.605974140184,,1,0,0,1066.1430320901165
1699488000,36706.59,34348.128876726165,,1,0,0,1164.5499583693938
1699574400,37324.83,34512.70598905355,,1,0,0,1168.1063899144374
1699660800,37139.12,34732.2273901482,,1,0,0,1136.279504920549
1699747200,37086.03,34795.246151133375,,1,0,0,1091.2666831405097
1699833600,36475.67,34795.246151133375,,1,0,0,1091.281920059045
1699920000,35554.09,34795.246151133375,,1,0,0,1156.0132114833991
1700006400,37885.35,34795.246151133375,,1,0,0,1261.1944106631565
1700092800,36161.15,34795.246151133375,,1,0,0,1345.9405241872169
1700179200,36630.38,34795.246151133375,,1,0,0,1318.5869153167012
1700265600,36594.89,34795.246151133375,,1,0,0,1270.920707079794
1700352000,37391.19,34795.246151133375,,1,0,0,1261.7192280026663
1700438400,37475.64,34795.246151133375,,1,0,0,1247.601426002476
1700524800,35751.89,34795.246151133375,,1,0,0,1296.406324145156
1700611200,37424.31,34795.246151133375,,1,0,0,1363.9487295633592
1700697600,37304.05,34795.246151133375,,1,0,0,1321.2145345945478
1700784000,37745.84,35154.92176736056,,1,0,0,1312.3020678377945
1700870400,37805.99,35276.445590624506,,1,0,0,1240.3062058493801
1700956800,37462.79,35276.445590624506,,1,0,0,1200.6736197172813
1701043200,37241.63,35276.445590624506,,1,0,0,1176.5769325946183
1701129600,37838.26,35276.445590624506,,1,0,0,1203.4221516950024
1701216000,37863.84,35697.352853008735,,1,0,0,1181.6112837167877
1701302400,37732.27,35697.352853008735,,1,0,0,1143.794763451303
1701388800,38703.54,36025.15676093708,,1,0,0,1160.7915660619242
1701475200,39478.95,36928.44958484337,,1,0,0,1155.018597057501
1701561600,39984.81,37527.07112635903,,1,0,0,1138.8172686962512
1701648000,41987.24,38704.61401372313,,1,0,0,1230.8203209322332
1701734400,44084.39,40225.646612350814,,1,0,0,1401.1881551513595
1701820800,43764.05,40975.679451115735,,1,0,0,1366.9154297834054
1701907200,43280.95,40975.679451115735,,1,0,0,1355.7571847988768
1701993600,44192.87,41057.84550540375,,1,0,0,1378.0473858846713
1702080000,43723.25,41248.790954863376,,1,0,0,1336.6540011786235
1702166400,43793.68,41248.790954863376,,1,0,0,1275.996572523008
1702252800,41229.61,,45017.66942656067,1,0,0,1446.4118173427928
1702339200,41477.39,,44386.0329839046,1,0,0,1446.8145446754502
1702425600,42885.54,,44386.0329839046,1,0,0,1552.174220055775
1702512000,43027.77,,44386.0329839046,1,0,0,1585.2610614803627
1702598400,41933.89,,44386.0329839046,1,0,0,1575.9709856603367
1702684800,42237.29,,44386.0329839046,1,0,0,1538.654486684598
1702771200,41349.59,,44386.0329839046,1,0,0,1510.594880492841
1702857600,42650.01,,44386.0329839046,1,0,0,1563.1795318862094
1702944000,42266.22,,44386.0329839046,1,0,0,1571.6567081800515
1703030400,43674.77,,44386.0329839046,1,0,0,1612.2798004529047
1703116800,43875.32,,44386.0329839046,1,0,0,1565.275528991983
1703203200,44013.73,,44386.0329839046,1,0,0,1525.7229912068415
1703289600,43726.35,,44386.0329839046,1,0,0,1466.77777754921
1703376000,43025.03,,44386.0329839046,1,0,0,1459.9722220099807
1703462400,43589.67,,44386.0329839046,1,0,0,1431.6127775806965
1703548800,42515.53,,44386.0329839046,1,0,0,1472.5211506106468
1703635200,43474.4,,44386.0329839046,1,0,0,1481.5203541384578
1703721600,42581.23,,44386.0329839046,1,0,0,1487.5017574142819
1703808000,42063.45,,44386.0329839046,1,0,0,1512.473060456119
1703894400,42141.03,,44386.0329839046,1,0,0,1481.2635561378247
1703980800,42288.06,,44386.0329839046,1,0,0,1438.6961592708374
1704067200,44220.78,,44386.0329839046,1,0,0,1483.4428621800635
1704153600,44972.8,42034.910573235335,,1,0,0,1501.1033720243447
1704240000,42862.44,42034.910573235335,,1,0,0,1743.4274168797488
1704326400,44193.29,42034.910573235335,,1,0,0,1772.4683156740523
1704412800,44186.59,42034.910573235335,,1,0,0,1788.2470074116202
1704499200,43992.44,42034.910573235335,,1,0,0,1719.404364025076
1704585600,43950.28,42034.910573235335,,1,0,0,1659.4690523089994
1704672000,46995.1,42034.910573235335,,1,0,0,1835.9041200012136
1704758400,46124.08,42172.50718548019,,1,0,0,1933.3009685725556
1704844800,46666.11,42172.50718548019,,1,0,0,2038.95732796023
1704931200,46342.66,42661.02592023895,,1,0,0,2146.656090248785
1705017600,42773.03,42661.02592023895,,1,0,0,2355.982798088157
1705104000,42839.33,42661.02592023895,,1,0,0,2246.484026796146
1705190400,41697.33,,47022.6560441458,1,0,0,2184.835167739278
1705276800,42490.16,,47021.54043973122,1,0,0,2146.76908432933
1705363200,43130.45,,47021.54043973122,1,0,0,2103.5148640200923
1705449600,42739.49,,46812.87100618229,1,0,0,2026.5116594472288
1705536000,41293.5,,45920.19140556407,1,0,0,2044.4158266295694
1705622400,41624.07,,45346.01176500766,1,0,0,2035.745410441743
1705708800,41666.67,,45346.01176500766,1,0,0,1920.8778811244754
1705795200,41554.05,,45179.6134796562,1,0,0,1811.2508896155844
1705881600,39524.27,,44134.99813169058,1,0,0,1845.1301117858998
1705968000,39878.3,,42909.24331852152,1,0,0,1830.7272466583352
1706054400,40077.78,,42909.24331852152,1,0,0,1781.7545861827398
1706140800,39941.66,,42909.24331852152,1,0,0,1710.1914014554015
1706227200,41814.8,,42909.24331852152,1,0,0,1762.119872780016
1706313600,42126.55,,42909.24331852152,1,0,0,1694.543453295729
1706400000,42034.59,,42909.24331852152,1,0,0,1660.7574923460343
1706486400,43306.18,39398.174402926605,,1,0,0,1652.0905286070317
1706572800,42942.78,40195.03996263394,,1,0,0,1619.283347992244
1706659200,42548.08,40195.03996263394,,1,0,0,1609.0609659927984
1706745600,43078.81,40195.03996263394,,1,0,0,1596.2816112790272
1706832000,43181.66,40195.03996263394,,1,0,0,1566.0057819019537
1706918400,43010.67,40332.19125398413,,1,0,0,1489.4732260518138
1707004800,42568.55,40332.19125398413,,1,0,0,1445.367281333827
1707091200,42657.67,40332.19125398413,,1,0,0,1433.9124755242678
1707177600,43095.79,40374.87774915443,,1,0,0,1392.6844415582489
1707264000,44343.61,40948.71097423899,,1,0,0,1412.4612671612308
1707350400,45305.2,42343.85587681509,,1,0,0,1404.598319506857
1707436800,47160.41,43767.95628913358,,1,0,0,1516.9191538277955
1707523200,47767.06,44600.333160220216,,1,0,0,1500.7034999829532
1707609600,48316.3,45256.6778441982,,1,0,0,1466.631821412742
1707696000,49941.81,45949.07005977838,,1,0,0,1550.997405597546
1707782400,49725.36,46175.06555380054,,1,0,0,1589.8983051977214
1707868800,51858.59,47230.549498420485,,1,0,0,1680.411283397884
1707955200,51934.29,48707.72354857843,,1,0,0,1670.1326202980351
1708041600,52162.64,48828.3496937206,,1,0,0,1623.0038617053178
1708128000,51666.22,48828.3496937206,,1,0,0,1619.3385858692238
1708214400,52153.63,48828.3496937206,,1,0,0,1591.215829735708
1708300800,51787.05,49069.418031722314,,1,0,0,1535.6311276117287
1708387200,52277.52,49069.418031722314,,1,0,0,1585.656761353748
1708473600,51851.67,49069.418031722314,,1,0,0,1598.560564114195
1708560000,51258.7,49069.418031722314,,1,0,0,1567.9740952488953
1708646400,50747.05,49069.418031722314,,1,0,0,1527.38094558826
1708732800,51570.65,49069.418031722314,,1,0,0,1498.2565923319557
1708819200,51731,49069.418031722314,,1,0,0,1440.7246928796728
1708905600,54533.48,49626.30634011339,,1,0,0,1629.1565005311245
1708992000,57077.07,52454.72520610205,,1,0,0,1738.217464778901
1709078400,62518.9,55683.76418549185,,1,0,0,2140.9533601518365
1709164800,61179.03,57096.392766942656,,1,0,0,2225.1616915695627
1709251200,62436.72,57104.7479902484,,1,0,0,2243.2822850288794
1709337600,62045.78,57455.66669122355,,1,0,0,2145.6628360982454
1709424000,63154.49,57804.174522101195,,1,0,0,2126.1154906626566
1709510400,68360.14,60123.05106989108,,1,0,0,2424.4629556153236
1709596800,63800.78,60123.05106989108,,1,0,0,2972.708458785658
1709683200,66122.28,60123.05106989108,,1,0,0,3104.777140300968
1709769600,66938.21,60123.05106989108,,1,0,0,3061.4687731366125
1709856000,68289.16,61170.27545795553,,1,0,0,3131.5002893411406
1709942400,68480,61936.464412159985,,1,0,0,2954.4495543882026
1710028800,69032.12,62960.995470943984,,1,0,0,2870.4795862176165
1710115200,72110.98,63327.12842384959,,1,0,0,3082.000330059215
1710201600,71475.93,63899.519081464634,,1,0,0,3177.9024493407
1710288000,73135.04,65824.89067331816,,1,0,0,3120.3872743877932
1710374400,71364.58,65824.89067331816,,1,0,0,3281.8667547886657
1710460800,69506.88,65824.89067331816,,1,0,0,3536.6805580180476
1710547200,65254.22,,75455.21190415106,1,0,0,3660.914089588187
1710633600,68343.64,,74804.84221373596,1,0,0,3711.7645117604598
1710720000,67613.04,,74804.84221373596,1,0,0,3615.9999037775706
1710806400,61906.27,,73145.94389312612,1,0,0,3831.3134820791724
1710892800,67858.8,,73145.94389312612,1,0,0,4084.7096619306603
1710979200,65484.7,,73145.94389312612,1,0,0,4057.913257507041
1711065600,63814.56,,73145.94389312612,1,0,0,4081.8294533993953
1711152000,63998.86,,73053.66745678005,1,0,0,4005.691635299438
1711238400,67204.93,,73053.66745678005,1,0,0,3994.7158042066217
1711324800,69890.28,,73053.66745678005,1,0,0,4058.527532477577
1711411200,69992.4,,73053.66745678005,1,0,0,3933.8662801577507
1711497600,69435.96,,73053.66745678005,1,0,0,3897.177974432198
1711584000,70801.18,,73053.66745678005,1,0,0,3818.449547687042
1711670400,69903.75,,73053.66745678005,1,0,0,3681.7567228522535
1711756800,69626.87,,73053.66745678005,1,0,0,3475.5040997913784
1711843200,71288.9,,73053.66745678005,1,0,0,3356.68594980628
1711929600,69681.82,,73053.66745678005,1,0,0,3349.683381962975
1712016000,65464.14,,73053.66745678005,1,0,0,3481.090997537048
1712102400,65987.92,,72414.57291343309,1,0,0,3407.0173548558305
1712188800,68525.23,,72414.57291343309,1,0,0,3470.3189723661285
1712275200,67856.51,,72414.57291343309,1,0,0,3421.2954743399764
1712361600,68919.89,,72414.57291343309,1,0,0,3335.1893690299776
1712448000,69350.34,,72414.57291343309,1,0,0,3201.659414099265
1712534400,71622.53,,72414.57291343309,1,0,0,3240.0887416636033
1712620800,69117.01,,72414.57291343309,1,0,0,3263.0374029733457
1712707200,70634.04,,72414.57291343309,1,0,0,3294.001159903821
1712793600,70020.73,,72414.57291343309,1,0,0,3185.562505624977
1712880000,67148.61,,72414.57291343309,1,0,0,3397.695898080336
1712966400,64024.77,,72414.57291343309,1,0,0,3746.2883339317405
1713052800,65777.05,,71764.18662058617,1,0,0,3745.9041672223307
1713139200,63452.18,,71764.18662058617,1,0,0,3807.8924409921647
1713225600,63814.94,,70676.4228126748,1,0,0,3732.6794094927245
1713312000,61279.36,,69949.88703140731,1,0,0,3814.3315945289582
1713398400,63513.85,,69949.88703140731,1,0,0,3784.302909205461
1713484800,63848.37,,69949.88703140731,1,0,0,3937.2577014050707
1713571200,64968.87,,69949.88703140731,1,0,0,3823.3057227332797
1713657600,64952.92,,69949.88703140731,1,0,0,3655.6274568237595
1713744000,66859.17,,69949.88703140731,1,0,0,3591.1347813363477
1713830400,66414.16,,69949.88703140731,1,0,0,3434.768011240894
1713916800,64255.78,,69949.88703140731,1,0,0,3441.9567247236873
1714003200,64484.44,,69949.88703140731,1,0,0,3377.56767295771
1714089600,63742.39,,69949.88703140731,1,0,0,3245.044267746445
1714176000,63422,,69052.70256008819,1,0,0,3121.183962907413
1714262400,63108.94,,69052.70256008819,1,0,0,3011.779394128312
1714348800,63844.85,,68534.06067367144,1,0,0,2972.294437404861
1714435200,60622.1,,68028.7571063043,1,0,0,3166.2384061616567
1714521600,58265.59,,65030.07489567386,1,0,0,3246.184948578681
1714608000,59071.89,,64568.45490610648,1,0,0,3209.831737965918
1714694400,62913.03,,64568.45490610648,1,0,0,3305.1773281112096
1714780800,63902.88,,64568.45490610648,1,0,0,3210.534661817552
1714867200,64023.45,,64568.45490610648,1,0,0,3104.6686145448703
1714953600,63162.24,,64568.45490610648,1,0,0,3084.260856363094
1715040000,62315.76,,64568.45490610648,1,0,0,3018.4150809085872
1715126400,61169.53,,64568.45490610648,1,0,0,2957.243289415117
1715212800,63073.57,,64568.45490610648,1,0,0,2947.6216258854656
1715299200,60787.47,,64568.45490610648,1,0,0,2974.2200811793614
1715385600,60814.63,,64568.45490610648,1,0,0,2835.48078966655
1715472000,61453.02,,64568.45490610648,1,0,0,2723.475018976082
1715558400,62932.37,,64568.45490610648,1,0,0,2723.0603747635046
1715644800,61539.84,,64568.45490610648,1,0,0,2677.0210622803966
1715731200,66244.69,58313.724311113016,,1,0,0,2855.8359864032254
1715817600,65252.18,60225.34438000172,,1,0,0,2807.8712730887096
1715904000,67046.33,60919.633442001534,,1,0,0,2777.7761821538015
1715990400,66923.87,62010.79209780137,,1,0,0,2635.3443119999583
1716076800,66261.62,62010.79209780137,,1,0,0,2579.24043257139
1716163200,71432.17,63321.05314921912,,1,0,0,2788.1425445305763
1716249600,70142.84,65057.086334297215,,1,0,0,2791.4173627783925
1716336000,69109.93,65057.086334297215,,1,0,0,2718.635408294222
1716422400,67940.45,65057.086334297215,,1,0,0,2796.4435934160633
1716508800,68547.8,65057.086334297215,,1,0,0,2788.90047960063
1716595200,69289.67,65057.086334297215,,1,0,0,2669.5211596291565
1716681600,68473.72,65057.086334297215,,1,0,0,2580.599648227074
1716768000,69368.72,65057.086334297215,,1,0,0,2567.933244782283
1716854400,68321.98,65057.086334297215,,1,0,0,2551.607298726406
1716940800,67569.45,65057.086334297215,,1,0,0,2496.66749167452
1717027200,68338.58,65057.086334297215,,1,0,0,2492.904099412054
1717113600,67472.41,65057.086334297215,,1,0,0,2489.1423780254795
1717200000,67719.29,65057.086334297215,,1,0,0,2344.6357795950885
1717286400,67735.52,65057.086334297215,,1,0,0,2259.3760810525823
1717372800,68791,65057.086334297215,,1,0,0,2292.833503834541
1717459200,70542.32,65415.95235599027,,1,0,0,2312.383253560645
1717545600,71121.11,66822.06762039124,,1,0,0,2250.615878306313
1717632000,70773.64,66822.06762039124,,1,0,0,2201.0418869987193
1717718400,69324.53,66822.06762039124,,1,0,0,2306.359609355953
1717804800,69304.05,66822.06762039124,,1,0,0,2171.6453515448134
1717891200,69637.87,66822.06762039124,,1,0,0,2068.309969291612
1717977600,69497.73,66822.06762039124,,1,0,0,1995.2892571993543
1718064000,67316.53,66822.06762039124,,1,0,0,2104.8493102565435
1718150400,68248.6,66822.06762039124,,1,0,0,2179.4086452382185
1718236800,66738.85,,71600.50220087233,1,0,0,2186.2001705783464
1718323200,66004.39,,70464.33548078511,1,0,0,2195.5944441084644
1718409600,66192,,70110.6849327066,1,0,0,2083.602698100717
1718496000,66628.75,,70110.6849327066,1,0,0,2001.358219664951
1718582400,66481.81,,70012.00004549236,1,0,0,2017.3297754031694
1718668800,65152.8,,69269.60204094311,1,0,0,2056.4005057315144
1718755200,64943.79,,68966.81483684879,1,0,0,1986.2133267506913
1718841600,64840.88,,68966.81483684879,1,0,0,1984.0209462684993
1718928000,64120.28,,67927.74291784753,1,0,0,1964.8887358207492
1719014400,64235.01,,67731.59512606278,1,0,0,1868.3895404049815
1719100800,63171.43,,67250.8616134565,1,0,0,1833.0902875189113
1719187200,60263,,64959.23145211085,1,0,0,2054.271695553275
1719273600,61789.71,,64959.23145211085,1,0,0,2063.4408601566124
1719360000,60816.68,,64959.23145211085,1,0,0,2045.5665130025684
1719446400,61615.39,,64959.23145211085,1,0,0,2027.9703335023848
1719532800,60313.35,,64959.23145211085,1,0,0,2047.5881668236432
1719619200,60885.67,,64533.99759440694,1,0,0,1961.9647263362401
1719705600,62668.26,,64533.99759440694,1,0,0,1988.371531597937
1719792000,62830.13,,64533.99759440694,1,0,0,1942.9735650552273
1719878400,62040.22,,64533.99759440694,1,0,0,1963.0161675512825
1719964800,60145.01,,64533.99759440694,1,0,0,2027.390012726191
1720051200,57042.14,,62957.37241202135,1,0,0,2148.2578689600336
1720137600,56639.43,,60259.97517081921,1,0,0,2281.6465926057454
1720224000,58244.75,,60259.97517081921,1,0,0,2294.503978848192
1720310400,55854.09,,60259.97517081921,1,0,0,2325.729408930464
1720396800,56699.43,,60259.97517081921,1,0,0,2439.6823082925735
1720483200,58047.86,,60259.97517081921,1,0,0,2409.629286271675
1720569600,57712.59,,60259.97517081921,1,0,0,2403.55933725227
1720656000,57340.77,,60259.97517081921,1,0,0,2410.2086703056784
1720742400,57909.03,,60259.97517081921,1,0,0,2381.741622426701
1720828800,59224.58,,60259.97517081921,1,0,0,2361.908649396222
1720915200,60808.42,55531.81744551901,,1,0,0,2351.7344601536347
1721001600,64757.16,57641.29020096711,,1,0,0,2489.254855856947
1721088000,65088.99,58661.5691808704,,1,0,0,2525.419509010022
1721174400,64085.81,59817.60626278335,,1,0,0,2508.247401223592
1721260800,63982.86,59817.60626278335,,1,0,0,2465.392586850478
1721347200,66707.61,60015.28072285452,,1,0,0,2590.3695449325865
1721433600,67163.83,61836.93615056907,,1,0,0,2502.7717202945446
1721520000,68181.28,61983.66853551216,,1,0,0,2506.8465974163632
1721606400,67558.22,62542.31468196094,,1,0,0,2465.327554743766
1721692800,65939.24,62542.31468196094,,1,0,0,2456.557015119211
1721779200,65366.4,62542.31468196094,,1,0,0,2426.842942610696
1721865600,65795.42,62542.31468196094,,1,0,0,2449.891303852789
1721952000,67924.08,62542.31468196094,,1,0,0,2454.260496434733
1722038400,67899.41,63021.34292685112,,1,0,0,2477.732603832252
1722124800,68244.3,63021.34292685112,,1,0,0,2392.68170355852
1722211200,66771.45,63193.992020749414,,1,0,0,2478.918010447197
1722297600,66169.68,63193.992020749414,,1,0,0,2424.0288668438257
1722384000,64609.62,63193.992020749414,,1,0,0,2417.8410906406943
1722470400,65288.18,63193.992020749414,,1,0,0,2486.6202984520737
1722556800,61418.06,,68756.52744168631,1,0,0,2623.851705705497
1722643200,60674.93,,66328.18269751768,1,0,0,2604.465869583676
1722729600,58130.95,,64694.054927765916,1,0,0,2701.239736041985
1722816000,54029.12,,60545.24843498932,1,0,0,3167.781183467557
1722902400,56048.08,,60545.24843498932,1,0,0,3164.767527505589
1722988800,55148.1,,60545.24843498932,1,0,0,3166.7841326837615
1723075200,61705.58,51046.94449089278,,1,0,0,3513.293837492064
1723161600,60862.13,53286.6340418035,,1,0,0,3420.338563385488
1723248000,60935.02,53994.31963762316,,1,0,0,3264.9136660008107
1723334400,58722.49,53994.31963762316,,1,0,0,3285.709832715039
1723420800,59358.78,53994.31963762316,,1,0,0,3270.1919875211074
1723507200,60603.19,53994.31963762316,,1,0,0,3266.136845555314
1723593600,58690.62,53994.31963762316,,1,0,0,3273.815642301363
1723680000,57543.61,53994.31963762316,,1,0,0,3308.79238213698
1723766400,58888.99,53994.31963762316,,1,0,0,3270.667926270053
1723852800,59497.49,53994.31963762316,,1,0,0,3101.8752172507634
1723939200,58437.9,53994.31963762316,,1,0,0,3013.3834160185656
1724025600,59452.67,53994.31963762316,,1,0,0,2928.1281720172396
1724112000,59017.59,54261.377200585666,,1,0,0,2925.0525883017226
1724198400,61163.28,54532.9109805271,,1,0,0,2934.4124034230285
1724284800,60383.29,55044.022382474395,,1,0,0,2844.8458031785267
1724371200,64086.72,56744.74414422695,,1,0,0,2973.342531522918
1724457600,64179.63,58525.56772980426,,1,0,0,2829.929493556995
1724544000,64251.93,59201.35295682384,,1,0,0,2717.53024401721
1724630400,62840,59201.35295682384,,1,0,0,2645.032369444552
1724716800,59439.64,59201.35295682384,,1,0,0,2827.58505734137
1724803200,59045.88,,64539.11140447543,1,0,0,2795.997553245558
1724889600,59364.47,,64539.11140447543,1,0,0,2772.3334422994462
1724976000,59112.77,,64155.1842376251,1,0,0,2733.5689107066282
1725062400,58968.37,,64041.01831386258,1,0,0,2588.862559941869
1725148800,57299,,62962.46648247633,1,0,0,2537.5545199460216
1725235200,59139.83,,62962.46648247633,1,0,0,2520.871339949877
1725321600,57468.84,,62962.46648247633,1,0,0,2514.4669585248857
1725408000,57971,,61968.26177072524,1,0,0,2547.4514614873938
1725494400,56156.82,,61949.319093652724,1,0,0,2558.2106428097227
1725580800,53950.01,,60130.51518428745,1,0,0,2694.409882609028
1725667200,54156.33,,59344.043665858706,1,0,0,2581.516319565526
1725753600,54881.11,,59344.043665858706,1,0,0,2517.9794395965596
1725840000,57053.9,,59344.043665858706,1,0,0,2592.010193911091
1725926400,57645.59,,59344.043665858706,1,0,0,2526.3373229174417
1726012800,57352.79,,59344.043665858706,1,0,0,2523.0232284233384
1726099200,58137.54,,59344.043665858706,1,0,0,2434.8679978216715
1726185600,60543.35,54312.26915402239,,1,0,0,2478.0909979772664
1726272000,60012.35,55449.79773862015,,1,0,0,2388.4559266931756
1726358400,59122.33,55449.79773862015,,1,0,0,2339.7512176436626
1726444800,58208.75,55449.79773862015,,1,0,0,2296.7082735262584
1726531200,60312.6,55449.79773862015,,1,0,0,2400.739111131526
1726617600,61769.18,55739.20273430868,,1,0,0,2416.793460336417
1726704000,62960.14,57992.715460877815,,1,0,1,2410.0696417409586
1726790400,63210.69,58616.20391479003,,1,0,0,2366.5410959023184
1726876800,63362.74,58839.47102331103,,1,0,0,2256.1188747664382
1726963200,63577.66,58973.12542097993,,1,0,0,2210.6425265688354
1727049600,63338.87,59422.86237888193,,1,0,0,2207.9816318139187
1727136000,64272.93,59485.30364099374,,1,0,0,2193.9008009700674
1727222400,63130.89,59707.91577689437,,1,0,0,2171.3507437579196
1727308800,65177.21,59869.00719920493,,1,0,0,2245.683547775211
1727395200,65789,61393.50597928444,,1,0,0,2208.288294362696
1727481600,65858.99,61794.039881356,,1,0,0,2112.438416193932
1727568000,65600.01,61985.7633932204,,1,0,0,2006.2435293229369
1727654400,63301.25,61985.7633932204,,1,0,0,2062.297562942727
1727740800,60790,,66468.28110149148,1,0,0,2197.552022732532
1727827200,60631.37,,65562.51299134233,1,0,0,2212.8083068230653
1727913600,60744.99,,64928.8736922081,1,0,0,2172.611284907132
1728000000,62090.71,,64928.8736922081,1,0,0,2162.1747645566224
1728086400,62051.29,,64928.8736922081,1,0,0,2057.2837099454355
1728172800,62810.86,,64928.8736922081,1,0,0,1994.113444949333
1728259200,62200.28,,64928.8736922081,1,0,0,2019.8010560243804
1728345600,62122.02,,64928.8736922081,1,0,0,1973.1416948797817
1728432000,60578.28,,64928.8736922081,1,0,0,1993.108716674083
1728518400,60279.53,,64017.17283354918,1,0,0,2022.7216654830768
1728604800,62518.75,,64017.17283354918,1,0,0,2120.150117948571
1728691200,63187.47,,64017.17283354918,1,0,0,2040.860823809387
1728777600,62845.3,,64017.17283354918,1,0,0,1983.455050680145
1728864000,66065.65,60177.33702240838,,1,0,0,2132.7318327744206
1728950400,67056.6,61870.93782016755,,1,0,0,2206.5595590048188
1729036800,67608.44,63198.20403815079,,1,0,0,2167.23387621876
1729123200,67402.33,63198.20403815079,,1,0,0,2105.0757422031347
1729209600,68426.11,63929.22567090213,,1,0,0,2086.9546177600528
1729296000,68363.73,64479.73410381193,,1,0,0,1986.7050022057626
1729382400,69014.86,64991.18269343073,,1,0,0,1937.4275020482087
1729468800,67346.15,64991.18269343073,,1,0,0,1991.611251901908
1729555200,67380.08,64991.18269343073,,1,0,0,1939.7104481946287
1729641600,66601.11,64991.18269343073,,1,0,0,1963.0268447521546
1729728000,68156.84,64991.18269343073,,1,0,0,1991.0020701270003
1729814400,66564.51,64991.18269343073,,1,0,0,2080.3854936893576
1729900800,67012.56,64991.18269343073,,1,0,0,2005.5886727115462
1729987200,67943.19,64991.18269343073,,1,0,0,1964.088767517864
1730073600,69924.5,64991.18269343073,,1,0,0,2016.9038555523023
1730160000,72724.35,67266.82929130975,,1,0,0,2152.7835801557094
1730246400,72322.91,67905.90036217879,,1,0,0,2109.626895858874
1730332800,70197.83,67905.90036217879,,1,0,0,2182.131403297526
1730419200,69467.29,67905.90036217879,,1,0,0,2233.4077316334174
1730505600,69358.94,67905.90036217879,,1,0,0,2137.5871793738875
1730592000,68738.18,67905.90036217879,,1,0,0,2122.0916665614664
1730678400,67807.48,,72496.38911638706,1,0,0,2161.240118949933
1730764800,69380.73,,72496.38911638706,1,0,0,2230.447253310652
1730851200,75646.55,67343.7141657265,,1,0,0,2587.111020931319
1730937600,75920,70225.89374915385,,1,0,0,2583.3916622933675
1731024000,76566.73,71196.60837423847,,1,0,1,2517.2865435581266
1731110400,76716.06,71358.85653681462,,1,0,0,2422.772504732546
1731196800,80428.92,73537.92338313315,,1,0,0,2606.7851829659353
1731283200,88770.73,78146.74454481984,,1,0,0,3091.204812754083
1731369600,88035.43,80394.56709033786,,1,0,0,3233.9758975573627
1731456000,90493.82,81958.46038130407,,1,0,0,3522.5847620175514
1731542400,87340.4,81958.46038130407,,1,0,0,3639.48442187344
1731628800,91058.36,81958.46038130407,,1,0,0,3724.791963168194
1731715200,90636.24,83130.21450797067,,1,0,0,3583.843965799036
1731801600,89886.69,83130.21450797067,,1,0,0,3522.582253956248
1731888000,90520.3,83542.63065145625,,1,0,0,3506.837092959374
1731974400,92435.89,84781.03508631063,,1,0,0,3520.8201577479895
1732060800,94393.15,85890.84257767955,,1,0,0,3511.475146480276
1732147200,98439.09,88947.36181991159,,1,0,0,3613.9647788745424
1732233600,99024.03,91116.96113792044,,1,0,0,3545.1444375263604
1732320000,97778.77,91116.96113792044,,1,0,0,3422.569834845907
1732406400,98028.18,91116.96113792044,,1,0,0,3386.61698949977
1732492800,93000.01,91116.96113792044,,1,0,0,3606.4350616783586
1732579200,91929.54,91116.96113792044,,1,0,0,3657.571128701333
1732665600,95951.19,91116.96113792044,,1,0,0,3799.073190936951
1732752000,95665.53,91116.96113792044,,1,0,0,3670.9051058700256
1732838400,97490.56,91116.96113792044,,1,0,0,3649.1647411650233
1732924800,96465.42,91116.96113792044,,1,0,0,3487.0722596532364
1733011200,97263.18,91116.96113792044,,1,0,0,3391.029955392291
1733097600,95862.89,91116.96113792044,,1,0,0,3420.197101435698
1733184000,95924.52,91116.96113792044,,1,0,0,3371.525879904577
1733270400,98746.24,91116.96113792044,,1,0,0,3461.2990313399637
1733356800,97044.23,91116.96113792044,,1,0,0,4067.216243387109
1733443200,99891.35,91116.96113792044,,1,0,0,4182.4093688594585
1733529600,99929.32,91449.7977327613,,1,0,0,3995.8472710837837
1733616000,101174.99,92027.89495948519,,1,0,0,3903.671751720656
1733702400,97324.81,92027.89495948519,,1,0,0,4129.833055169181
1733788800,96660.76,92027.89495948519,,1,0,0,4125.187122657096
1733875200,101202.11,92027.89495948519,,1,0,0,4277.830185324447
1733961600,100030.47,92186.35579341823,,1,0,0,4207.743029229843
1734048000,101428.75,92186.35579341823,,1,0,0,4102.784241427712
1734134400,101399.99,93626.22764266876,,1,0,0,3956.1567956114473
1734220800,104447.76,95186.04287840189,,1,0,0,3950.62131021063
1734307200,106099.81,97482.61959056169,,1,0,0,3994.7612166241556
1734393600,106136.99,98971.45063150553,,1,0,0,3927.3432725795733
1734480000,100150.73,98971.45063150553,,1,0,0,4117.412324538175
1734566400,97372.21,,108197.65003848053,1,0,1,4341.63644421402
1734652800,97765,,104454.16153463247,1,0,0,4461.291698198733
1734739200,97230.08,,104454.16153463247,1,0,0,4373.240148327395
1734825600,95087.75,,104454.16153463247,1,0,0,4289.794423446867
1734912000,94764.56,,103110.89771374706,1,0,0,4274.035536057805
1734998400,98594.47,,103110.89771374706,1,0,0,4398.586569196533
1735084800,99346.28,,103110.89771374706,1,0,0,4222.076099968209
1735171200,95669.49,,103110.89771374706,1,0,0,4263.575664256195
1735257600,94171.89,,103110.89771374706,1,0,0,4252.331688237895
1735344000,95130.82,,102808.96919544051,1,0,0,4057.982996220902
1735430400,93563.35,,101707.95777589644,1,0,0,3934.454210776552
1735516800,92620.71,,100750.66199830681,1,0,0,3913.371052863941
1735603200,93354.22,,100750.66199830681,1,0,0,3938.2595490879453
1735689600,94383.59,,100750.66199830681,1,0,0,3815.3324384388065
1735776000,96903.19,,100750.66199830681,1,0,0,3799.950835693178
1735862400,98136.51,,100750.66199830681,1,0,0,3739.475061715093
1735948800,98209.85,,100750.66199830681,1,0,0,3561.253271592587
1736035200,98345.33,,100750.66199830681,1,0,0,3418.592323621688
1736121600,102279.41,93515.40373529155,,1,0,0,3502.978586220139
1736208000,96941.98,93515.40373529155,,1,0,0,3726.4001157758435
1736294400,95036.63,93515.40373529155,,1,0,0,3799.8251075061407
1736380800,92547.44,,100913.43823697246,1,0,0,3826.7133141128443
1736467200,94701.18,,100913.43823697246,1,0,0,3814.353077390498
1736553600,94565.02,,100913.43823697246,1,0,0,3626.156429005462
1736640000,94509.62,,100913.43823697246,1,0,0,3489.5409697907858
1736726400,94506.45,,99882.32352027764,1,0,0,3731.0994719485866
1736812800,96534.96,,99882.32352027764,1,0,0,3681.8730810951156
1736899200,100510.23,91138.80474857513,,1,0,0,3727.2000038740357
1736985600,99981.78,91680.82777371761,,1,0,0,3718.287146454462
1737072000,104107,95089.30099634585,,1,0,0,3883.565921707715
1737158400,104435,95965.21639671126,,1,0,0,3799.004070157164
1737244800,101211.13,95965.21639671126,,1,0,0,4013.1066365745096
1737331200,102145.43,95965.21639671126,,1,0,0,4436.580448247759
1737417600,106159.26,95965.21639671126,,1,0,0,4636.831844801491
1737504000,103667.11,95965.21639671126,,1,0,0,4543.5824273156695
1737590400,103926.36,95965.21639671126,,1,0,0,4624.102253935979
1737676800,104850.27,95965.21639671126,,1,0,0,4611.529235797695
1737763200,104733.56,95965.21639671126,,1,0,0,4367.134290383574
1737849600,102563,95965.21639671126,,1,0,0,4271.378983927604
1737936000,102062.42,95965.21639671126,,1,0,0,4360.096913647061
1738022400,101290,95965.21639671126,,1,0,0,4302.736419815128
1738108800,103747.25,95965.21639671126,,1,0,0,4249.258104114047
1738195200,104742.64,96556.26639341886,,1,0,0,4173.956096677329
1738281600,102411.26,96556.26639341886,,1,0,0,4203.244946914662
1738368000,100623.85,96556.26639341886,,1,0,0,4083.845307849329
1738454400,97676.52,96556.26639341886,,1,0,0,4169.344928717234
1738540800,101460.2,96556.26639341886,,1,0,0,4687.380290951719
1738627200,97795.05,96556.26639341886,,1,0,0,4757.3152701694535
1738713600,96638.33,96556.26639341886,,1,0,0,4636.755608014493
1738800000,96564.62,96556.26639341886,,1,0,0,4556.072350299171
1738886400,96537.08,,107220.49731458677,1,0,0,4560.697896706372
1738972800,96476.25,,104913.64408312809,1,0,0,4323.270904084488
1739059200,96475.82,,104310.45567481528,1,0,0,4201.009410935597
1739145600,97444.41,,104310.45567481528,1,0,0,4123.082310154483
1739232000,95774.08,,104310.45567481528,1,0,0,4090.642859429162
1739318400,97862.53,,104100.02617194034,1,0,0,4087.958369469936
1739404800,96625.29,,104100.02617194034,1,0,0,4001.6756287935123
1739491200,97509.03,,104100.02617194034,1,0,0,3903.095226736833
1739577600,97596.94,,104100.02617194034,1,0,0,3679.5055676842026
1739664000,96119.88,,103470.87892641006,1,0,0,3536.7223128496175
1739750400,95781.8,,102411.08403376906,1,0,0,3416.287861931788
1739836800,95607.4,,101368.08763039215,1,0,0,3414.910157508089
1739923200,96632.03,,101368.08763039215,1,0,0,3305.273003400369
1740009600,98347.2,,101368.08763039215,1,0,0,3237.0013603003417
1740096000,96157.03,,101368.08763039215,1,0,0,3348.3298345646035
1740182400,96582.12,,101368.08763039215,1,0,0,3195.9184178099895
1740268800,96265.98,,101368.08763039215,1,0,0,3070.211387966418
1740355200,91510.82,,100003.07239930323,1,0,0,3223.439860254531
1740441600,88583.74,,96021.6776593729,1,0,0,3472.752013093494
1740528000,84111.78,,93293.04539343562,1,0,0,3738.595440729673
1740614400,84625.19,,92488.12285409204,1,0,0,3788.678623534696
1740700800,84297.73,,89974.39556868286,1,0,0,4014.3715789965036
1740787200,86018.76,,89974.39556868286,1,0,0,3924.94646621104
1740873600,94265.48,80794.5329893669,,1,0,0,4367.845290053108
1740960000,86161.1,80794.5329893669,,1,0,0,4727.8991979064585
1741046400,87249.96,80794.5329893669,,1,0,0,4928.2828266274255
1741132800,90603.73,80794.5329893669,,1,0,0,4909.889767582609
1741219200,89921.85,80794.5329893669,,1,0,0,4918.239784183852
1741305600,86756.98,80794.5329893669,,1,0,0,5043.489085313578
1741392000,86206.69,80794.5329893669,,1,0,0,4802.052722076894
1741478400,80699.17,,93586.29060636158,1,0,0,4921.9060990714015
1741564800,78544.71,,91351.92354572543,1,0,0,5044.95994913773
1741651200,82914.51,,91063.03419115288,1,0,0,5187.819952770749
1741737600,83659.43,,91063.03419115288,1,0,0,5093.724241858553
1741824000,81073.43,,91063.03419115288,1,0,0,5045.658224582942
1741910400,83980.49,,91063.03419115288,1,0,0,5010.071208541303
1741996800,84351.46,,91063.03419115288,1,0,0,4729.222550788351
1742083200,82562.57,,91063.03419115288,1,0,0,4614.485940017755
1742169600,84011.4,,91063.03419115288,1,0,0,4452.12837287363
1742256000,82698.76,,91027.38293800842,1,0,0,4341.595631954085
1742342400,86877.96,,91027.38293800842,1,0,0,4353.618801100221
1742428800,84183.42,,91027.38293800842,1,0,0,4320.940315307348
1742515200,84061.96,,91027.38293800842,1,0,0,4134.42457849968
1742601600,83852.03,,91027.38293800842,1,0,0,3900.398537178274
1742688000,86092.94,,91027.38293800842,1,0,0,3787.821498808398
1742774400,87523.62,,91027.38293800842,1,0,0,3750.9471060363694
1742860800,87427.88,,91027.38293800842,1,0,0,3644.620169890914
1742947200,86926.01,,91027.38293800842,1,0,0,3559.5830148987066
1743033600,87217.48,,91027.38293800842,1,0,0,3448.62137097737
1743120000,84381.8,,91027.38293800842,1,0,0,3485.487701621844
1743206400,82616.83,,89515.70672017423,1,0,0,3449.034294363141
1743292800,82379.98,,88695.1820481568,1,0,0,3343.3961304800587
1743379200,82534.32,,88678.23484334114,1,0,0,3294.270692588626
1743465600,85170.37,,88678.23484334114,1,0,0,3284.9092145465806
1743552000,82490.08,,88678.23484334114,1,0,0,3496.4864135075395
1743638400,83174.33,,88678.23484334114,1,0,0,3445.0052411141437
1743724800,83860.16,,88678.23484334114,1,0,0,3418.7284381774193
1743811200,83498.25,,88678.23484334114,1,0,0,3309.657835450461
1743897600,78370.75,,87430.16833158006,1,0,0,3552.867275775428
1743984000,79140.01,,85495.27099842204,1,0,0,3785.0181846486116
1744070400,76251.64,,85495.27099842204,1,0,0,3849.1333143165675
1744156800,82594.75,,85495.27099842204,1,0,0,4219.219506151099
1744243200,79552.34,,85495.27099842204,1,0,0,4228.110255711735
1744329600,83380.47,,85495.27099842204,1,0,0,4310.320951732325
1744416000,85271.01,,85495.27099842204,1,0,0,4227.063026608588
1744502400,83733.07,,85495.27099842204,1,0,0,4145.343524707975
1744588800,84590.36,,85495.27099842204,1,0,0,4003.7325586574048
1744675200,83629.78,,85495.27099842204,1,0,0,3924.7966616104463
1744761600,84028.72,,85495.27099842204,1,0,0,3818.624042923985
1744848000,84961.97,,85495.27099842204,1,0,0,3673.2401827151293
1744934400,84466.47,,85495.27099842204,1,0,0,3472.5715982354777
1745020800,85074.99,,85495.27099842204,1,0,0,3315.3557697900865
1745107200,85177.34,,85495.27099842204,1,0,0,3174.715357662223
1745193600,87522.07,80896.31154219604,,1,0,0,3193.6385464006357
1745280000,93489.1,83776.26538797644,,1,0,0,3456.62507880059
1745366400,93740.92,86672.5663491788,,1,0,0,3408.566858886262
1745452800,94021.96,86672.5663491788,,1,0,0,3334.800654680101
1745539200,94708.79,88017.81959283481,,1,0,0,3317.7670364886653
1745625600,94666.64,88544.84313355135,,1,0,0,3178.677248168047
1745712000,93780.57,88724.59232019621,,1,0,0,3072.796016156043
1745798400,95042.57,88724.59232019621,,1,0,0,3054.9691578591833
1745884800,94271.09,89093.94077935893,,1,0,0,2960.881360869242
1745971200,94182.54,89093.94077935893,,1,0,0,2917.379835092868
1746057600,96524.98,90252.20193128072,,1,0,0,2952.581275443378
1746144000,96929.81,91812.63173815266,,1,0,0,2854.4590414831364
1746230400,95861.33,91812.63173815266,,1,0,0,2736.972681377197
1746316800,94272.55,91812.63173815266,,1,0,0,2695.8203469931113
1746403200,94733.99,91812.63173815266,,1,0,0,2626.0338936364615
1746489600,96839.17,91812.63173815266,,1,0,0,2692.2436155195714
1746576000,97058.32,91832.60162881175,,1,0,0,2638.3726429824596
1746662400,103253.49,94631.80896593058,,1,0,0,2970.474597055141
1746748800,102986.96,97627.00506933752,,1,0,0,2902.714982979775
1746835200,104821.19,98337.87956240377,,1,0,0,2850.0631984812194
1746921600,104137.62,98827.72810616338,,1,0,0,2762.249398589704
1747008000,102800.21,98827.72810616338,,1,0,0,2928.0644415475813
1747094400,104131.06,98827.72810616338,,1,0,0,2975.3991242941825
1747180800,103545.38,98827.72810616338,,1,0,0,2889.279901130312
1747267200,103786.43,98827.72810616338,,1,0,0,2882.9020510495757
1747353600,103500.03,98827.72810616338,,1,0,0,2783.4947616888926
1747440000,103161.07,98827.72810616338,,1,0,0,2665.3865644254
1747526400,106473.46,99594.27168252932,,1,0,0,2729.431809823586
1747612800,105616.18,99594.27168252932,,1,0,0,2893.949537693329
1747699200,106883.24,99939.71606284875,,1,0,0,2911.940285000949
1747785600,109699.54,102268.25545656387,,1,0,0,3036.8616932151667
1747872000,111722.53,104480.78691090748,,1,0,0,3018.712286556941
1747958400,107329.61,104480.78691090748,,1,0,0,3161.951408945732
1748044800,107794.01,104480.78691090748,,1,0,0,3123.3848797353216
1748131200,109048.68,104480.78691090748,,1,0,0,3095.9066740399403
1748217600,109464.32,104480.78691090748,,1,0,0,3001.082625894231
1748304000,108978.46,104480.78691090748,,1,0,0,3021.9345811875
1748390400,107819.29,104480.78691090748,,1,0,0,2988.5628253883924
1748476800,105572.58,104480.78691090748,,1,0,0,3034.2619092892223
1748563200,104033.26,,111054.39275273809,1,0,0,3013.4703443399926
1748649600,104645.87,,109852.34347746428,1,0,0,2930.757462601422
1748736000,105697.94,,109852.34347746428,1,0,0,2874.0355009870354
1748822400,105904.94,,109852.34347746428,1,0,0,2834.0879652022477
1748908800,105447.82,,109852.34347746428,1,0,0,2773.915253402087
1748995200,104753.38,,109852.34347746428,1,0,0,2708.3834495876517
1749081600,101570.2,,109021.01516905788,1,0,0,2916.5467746171053
1749168000,104397.99,,109021.01516905788,1,0,0,3015.8005764301683
1749254400,105619.02,,109021.01516905788,1,0,0,2945.407678113728
1749340800,105784.4,,109021.01516905788,1,0,0,2843.6357011056034
1749427200,110301.15,101895.86412208114,,1,0,0,3017.865293883774
1749513600,110300.24,103477.07420987301,,1,0,0,2949.2992014635047
1749600000,108669.37,103477.07420987301,,1,0,0,2906.0142585018257
1749686400,105721.05,103477.07420987301,,1,0,0,2923.224668608839
1749772800,106118.7,103477.07420987301,,1,0,0,2963.4936208510653
1749859200,105465.42,103477.07420987301,,1,0,0,2888.432647933132
1749945600,105599.25,103477.07420987301,,1,0,0,2802.0503159379086
1750032000,106853.38,103477.07420987301,,1,0,0,2888.885293370916
1750118400,104590.44,103477.07420987301,,1,0,0,2998.936343844421
1750204800,104915.6,103477.07420987301,,1,0,0,2934.101604998391
1750291200,104671.9,103477.07420987301,,1,0,0,2820.968633212792
1750377600,103317.8,,110299.49523040328,1,0,0,2919.2287308404498
1750464000,102160.03,,108344.85120736297,1,0,0,2931.744535780417
1750550400,100996.87,,107149.99558662667,1,0,0,3093.1906403675307
1750636800,105419.39,,107149.99558662667,1,0,0,3333.562737484135
1750723200,106141,,107149.99558662667,1,0,0,3215.769684806696
1750809600,107400.22,100611.00226234917,,1,0,0,3152.5718501776464
1750896000,107029.64,101341.06803611426,,1,0,0,3051.6110037363856
1750982400,107113.38,101341.06803611426,,1,0,0,2932.9537891837867
1751068800,107352.2,101869.08590925255,,1,0,0,2775.6620899563727
1751155200,108386.44,102797.23981832729,,1,0,0,2671.6862263880603
1751241600,107173.21,102797.23981832729,,1,0,0,2629.082924503199
1751328000,105711.78,102797.23981832729,,1,0,0,2606.8127156101136
1751414400,108888.32,102797.23981832729,,1,0,0,2756.567521637963
1751500800,109628.83,104313.07605280454,,1,0,0,2703.647698663823
1751587200,108028.6,104313.07605280454,,1,0,0,2692.2514344735505
1751673600,108246.65,104313.07605280454,,1,0,0,2547.8827605825823
1751760000,109217.98,104313.07605280454,,1,0,0,2501.5297062552554
1751846400,108269.84,104313.07605280454,,1,0,0,2482.4661558084513
1751932800,108958.04,104313.07605280454,,1,0,0,2434.9800018221335
1752019200,111282.85,105322.00793162349,,1,0,0,2534.1271445491248
1752105600,116031.3,108004.46513846114,,1,0,0,2803.127348509902
1752192000,117582.16,111202.41712461504,,1,0,0,2867.0468236163374
1752278400,117472.65,112059.43641215353,,1,0,0,2755.378479072312
1752364800,119130.81,112937.17727093818,,1,0,0,2720.0878734242897
1752451200,119863.71,115344.79604384436,,1,0,0,2831.6451681796984
1752537600,117781.64,115344.79604384436,,1,0,0,2934.8083704525775
1752624000,118681.68,115344.79604384436,,1,0,0,2946.719915420251
1752710400,119273.69,115344.79604384436,,1,0,0,2988.365635747375
1752796800,118023.05,115344.79604384436,,1,0,0,3062.500947479705
1752883200,117914.17,115344.79604384436,,1,0,0,2931.39373694544
1752969600,117312.7,115344.79604384436,,1,0,0,2893.205612877908
1753056000,117428.79,115344.79604384436,,1,0,0,2913.756640529486
1753142400,120026.42,115344.79604384436,,1,0,0,2999.5597376345227
1753228800,118810.44,115344.79604384436,,1,0,0,2988.0711849463414
1753315200,118397.04,115344.79604384436,,1,0,0,2943.758957450174
1753401600,117633.27,115344.79604384436,,1,0,0,3002.64760334659
1753488000,117969.63,115344.79604384436,,1,0,0,2879.2884888218346
1753574400,119465.52,115344.79604384436,,1,0,0,2812.9114539059888
1753660800,118070.59,115344.79604384436,,1,0,0,2787.5892071984176
1753747200,117933.39,115344.79604384436,,1,0,0,2758.817120969959
1753833600,117830.15,115344.79604384436,,1,0,0,2781.825898043532
1753920000,115761.13,115344.79604384436,,1,0,0,2827.409762468994
1754006400,113248.73,,120112.26554940609,1,0,0,2868.7462080069226
1754092800,112542.74,,118591.69099446549,1,0,0,2808.377193149285
1754179200,114215.73,,118591.69099446549,1,0,0,2814.3009650671943
1754265600,115051.85,,118591.69099446549,1,0,0,2730.270896133824
1754352000,114112.95,,118591.69099446549,1,0,0,2713.1522606956937
1754438400,115028.83,,118591.69099446549,1,0,0,2690.935670646002
1754524800,117515.49,,118591.69099446549,1,0,0,2742.8974084570013
1754611200,116683.79,,118591.69099446549,1,0,0,2681.761879281501
1754697600,116492.51,,118591.69099446549,1,0,0,2604.103887904251
1754784000,119309.37,112780.13338165243,,1,0,0,2621.2450387682334
1754870400,118701.84,114721.02604348717,,1,0,0,2738.9518217133595
1754956800,120113.18,114721.02604348717,,1,0,0,2695.897405876691
1755043200,123365.63,115564.02519522462,,1,0,0,2846.826162599785
1755129600,118389.79,115564.02519522462,,1,0,0,3166.6264366998003
1755216000,117436.96,115564.02519522462,,1,0,0,3117.5995483641004
1755302400,117455.68,115564.02519522462,,1,0,0,2952.533152052379
1755388800,117488.6,115564.02519522462,,1,0,0,2841.0743554772093
1755475200,116286.76,115564.02519522462,,1,0,0,2847.464758657409
1755561600,112856.19,,120692.37266555463,1,0,0,2936.6679901818798
1755648000,114276,,119295.28389899917,1,0,0,2889.995990883174
1755734400,112480.3,,119186.18950909926,1,0,0,2886.9962772486615
1755820800,116908.68,,119186.18950909926,1,0,0,3092.709400302328
1755907200,115383.87,,119186.18950909926,1,0,0,3049.9465859950187
1755993600,113478,,119186.18950909926,1,0,0,3187.9168298525174
1756080000,110127.74,,118280.17208092002,1,0,0,3272.3213420059087
1756166400,111788.01,,117418.67087282802,1,0,0,3305.0119604340584
1756252800,111253.21,,117418.67087282802,1,0,0,3235.53110611734
1756339200,112574.85,,117418.67087282802,1,0,0,3191.6517413946735
1756425600,108378.32,,116958.35867129163,1,0,0,3333.2051884379107
1756512000,108827.93,,114673.33580416245,1,0,0,3206.4833892637735
1756598400,108247.95,,114673.33580416245,1,0,0,3079.5202900306467
1756684800,109240.55,,114651.9946013716,1,0,0,3049.3766978856
1756771200,111247.94,,114651.9946013716,1,0,0,3074.554076608057
1756857600,111756.41,,114651.9946013716,1,0,0,3002.53092827891
1756944000,110720.79,,114651.9946013716,1,0,0,2996.2501476875595
1757030400,110670.02,,114651.9946013716,1,0,0,3009.9208514241623
1757116800,110212.6,,114651.9946013716,1,0,0,2889.544362036722
1757203200,111129.61,,114651.9946013716,1,0,0,2783.147621891242
1757289600,112072.57,,114651.9946013716,1,0,0,2751.5542203275813
1757376000,111549.32,,114651.9946013716,1,0,0,2735.531776018469
1757462400,113983.97,,114651.9946013716,1,0,0,2786.0330777314352
1757548800,115540,109182.88748153864,,1,0,0,2738.5028578934757
1757635200,116106.03,110611.70423338478,,1,0,0,2689.971225186799
1757721600,115968.35,110864.8688100463,,1,0,0,2583.581137673456
1757808000,115314.13,111062.55842904166,,1,0,0,2474.7974849824946
1757894400,115381.08,111062.55842904166,,1,0,0,2469.8948074837454
1757980800,116832.56,111238.55647752376,,1,0,0,2454.188035520621
1758067200,116484.4,111332.57182977138,,1,0,0,2464.7938901262905
1758153600,117117.99,112463.00714679423,,1,0,1,2422.529326545841
1758240000,115690.55,112463.00714679423,,1,0,0,2419.752231792566
1758326400,115752.4,112463.00714679423,,1,0,0,2299.156358093097
1758412800,115282.27,112463.00714679423,,1,0,0,2182.2780468007327
1758499200,112736.59,112463.00714679423,,1,0,0,2289.26890060068
1758585600,112017.21,,116705.19430713948,1,0,0,2258.2439791292027
1758672000,113348.17,,116705.19430713948,1,0,0,2306.50583776283
1758758400,109035.72,,116071.43878878297,1,0,0,2494.4447064940573
1758844800,109697.29,,114333.52140990467,1,0,0,2439.4822274587673
1758931200,109681.16,,113948.77076891421,1,0,0,2315.167782640284
1759017600,112197.67,,113948.77076891421,1,0,0,2375.145798165978
1759104000,114365.07,108255.56327717949,,1,0,0,2413.1603840112657
1759190400,114067.71,109039.40944946154,,1,0,0,2394.6596422961748
1759276800,118659.97,111138.32600451539,,1,0,0,2562.419667846448
1759363200,120621.32,114480.56540406385,,1,0,0,2577.6032630002737
1759449600,122318.4,116009.87836365747,,1,0,0,2726.987315643111
1759536000,122458.56,116882.45052729173,,1,0,0,2626.728221668603
1759622400,123520.79,118445.01347456254,,1,0,0,2693.0133486922746
1759708800,124720.09,119094.9751271063,,1,0,0,2727.8145380713977
1759795200,121393.95,119094.9751271063,,1,0,0,2860.8520710662974
1759881600,123343.25,119094.9751271063,,1,0,0,2882.523351704419
1759968000,121714.51,119094.9751271063,,1,0,0,2970.0881122969613
1760054400,112980.28,,123522.71543960556,1,0,0,3872.2246757043213
1760140800,110768.89,,120163.62489564501,1,0,0,3863.925056011155
1760227200,115067.98,,120163.62489564501,1,0,0,4027.897552010358
1760313600,115274.03,,120163.62489564501,1,0,0,3909.9934411524746
1760400000,113068,,120163.62489564501,1,0,0,4028.4974810701556
1760486400,110804.12,,120163.62489564501,1,0,0,3989.756232422288
1760572800,108198,,118417.84037767943,1,0,0,4030.240787249268
1760659200,106463.3,,115351.54033991147,1,0,0,4153.310731017178
1760745600,107208.91,,115244.64530592033,1,0,0,3940.7878216588074
1760832000,108676.78,,115244.64530592033,1,0,0,3902.713691540321
1760918400,110568.06,,115244.64530592033,1,0,0,3930.9977135731556
1761004800,108362.27,,115244.64530592033,1,0,0,4124.332876889358
1761091200,107585.98,,115244.64530592033,1,0,0,4011.8283856829757
1761177600,110116.03,,115244.64530592033,1,0,0,3998.9220724199063
1761264000,111042.13,,115244.64530592033,1,0,0,3887.061924389913
1761350400,111666.21,,115244.64530592033,1,0,0,3700.522501219206
1761436800,114548.09,,115244.64530592033,1,0,0,3742.0330368464056
1761523200,114087.06,,115244.64530592033,1,0,0,3658.812105643091
1761609600,112906.75,,115244.64530592033,1,0,0,3676.8348123828705
1761696000,110032.13,,115244.64530592033,1,0,0,3749.215897212665
1761782400,108308.18,,115244.64530592033,1,0,1,3863.5483331260452
1761868800,109555.27,,115244.64530592033,1,0,0,3787.5798807598994
1761955200,110052.25,,115244.64530592033,1,0,0,3599.7191749913354
1762041600,110536.01,,115244.64530592033,1,0,0,3515.595662491955
1762128000,106557.98,,115244.64530592033,1,0,0,3655.71954374253
1762214400,101468.15,,111307.8380470214,1,0,0,3992.9452906180636
1762300800,103869,,110273.78524231927,1,0,0,4107.734912716774
1762387200,101290.5,,110273.78524231927,1,0,0,4096.908847522718
1762473600,103284.27,,110196.7696462786,1,0,0,4152.271786985381
1762560000,102285.57,,110196.7696462786,1,0,0,3993.3423736292825
1762646400,104694.95,,110196.7696462786,1,0,0,4000.8507755129044
1762732800,105979.38,,110196.7696462786,1,0,0,3887.3785772619826
1762819200,103009.35,,110196.7696462786,1,0,0,3971.106536028984
1762905600,101639.01,,110196.7696462786,1,0,0,4009.8446405983423
1762992000,99614.54,,109510.66947347295,1,0,0,4164.855737698461
1763078400,94503.96,,105766.26852612566,1,0,0,4287.707470719999
1763164800,95544.94,,103974.87667351309,1,0,0,4161.786937097143
1763251200,94183.97,,103116.11600616178,1,0,0,4122.786441590204
1763337600,92100.6,,102040.4614055456,1,0,0,4170.562410048046
1763424000,92914.46,,100035.20176499103,1,0,0,4200.630809330329
1763510400,91461.6,,99308.90158849194,1,0,0,4219.50575152102
1763596800,86536.88,,98684.85442964274,1,0,0,4425.27034069809
1763683200,85068.88,,93573.19048667846,1,0,0,4599.985316362512
1763769600,84684,,93567.16043801063,1,0,0,4421.7863651937605
1763856000,86808.28,,93567.16043801063,1,0,0,4354.936624822777
1763942400,88266.2,,93567.16043801063,1,0,0,4330.471865906865
1764028800,87325.01,,93567.16043801063,1,0,0,4193.995304056375
1764115200,90468.84,,93567.16043801063,1,0,0,4205.96563948092
1764201600,91316.7,,93567.16043801063,1,0,0,4038.2245223751393
1764288000,90902.7,,93567.16043801063,1,0,0,3959.8770564912006
1764374400,90828.06,,93567.16043801063,1,0,0,3748.4565524561153
1764460800,90369.51,,93567.16043801063,1,0,0,3596.912512994964
1764547200,86282.36,,93567.16043801063,1,0,0,3813.825904923895
1764633600,91308.05,,93567.16043801063,1,0,0,3981.454054572188
1764720000,93453.84,,93567.16043801063,1,0,0,3922.5601935313175
1764806400,92093.54,,93567.16043801063,1,0,0,3869.685893993367
1764892800,89345.29,,93567.16043801063,1,0,0,3923.091901565269
1764979200,89267.97,,93567.16043801063,1,0,0,3740.322480024893
1765065600,90402.29,,93567.16043801063,1,0,0,3762.2144457374015
1765152000,90653.86,,93567.16043801063,1,0,0,3685.8391281847303
1765238400,92690,,93567.16043801063,1,0,0,3787.072761885821
1765324800,92035.99,,93567.16043801063,1,0,0,3726.807564608262
1765411200,92542,,93567.16043801063,1,0,1,3770.3770242791
1765497600,90278,,93567.16043801063,1,0,0,3736.1543796877354
1765584000,90255.32,,93567.16043801063,1,0,0,3532.0869239957547
1765670400,88171.61,,93567.16043801063,1,0,0,3489.1364294246296
1765756800,86417.5,,93567.16043801063,1,0,0,3592.420255894299
1765843200,87854.01,,93567.16043801063,1,0,0,3542.818809044706
1765929600,86209.77,,93567.16043801063,1,0,0,3651.8081798272274
1766016000,85460.02,,93567.16043801063,1,0,0,3751.5183098395682
1766102400,88092.65,,93567.16043801063,1,0,0,3791.629144851028
1766188800,88324,,93567.16043801063,1,0,0,3574.4127773616688
1766275200,88639.95,,93567.16043801063,1,0,0,3429.4854361215503
1766361600,88556.77,,93567.16043801063,1,0,0,3377.067190684297
1766448000,87429.32,,93567.16043801063,1,0,0,3304.6173913497046
1766534400,87609.03,,93191.42148194938,1,0,0,3186.51614911044
1766620800,87171.68,,93191.42148194938,1,0,0,3075.7221384596937
1766707200,87296.01,,93191.42148194938,1,0,0,3065.0662714268587
1766793600,87808,,92800.75186034109,1,0,0,2915.4458234677963
1766880000,87877.29,,92639.045674307,1,0,0,2753.6625503629534
1766966400,87110.78,,92639.045674307,1,0,0,2817.686653908457
1767052800,88397.5,,92639.045674307,1,0,0,2804.890464343568
1767139200,87497.94,,92639.045674307,1,0,0,2748.6382883190277
1767225600,88738.34,,92639.045674307,1,0,0,2654.96769629624
1767312000,89957.99,,92639.045674307,1,0,0,2655.5514322750796
1767398400,90598.02,,92639.045674307,1,0,0,2566.788472826859
1767484800,91494,,92639.045674307,1,0,0,2466.7771533392265
1767571200,93870.06,88462.5061136301,,1,0,0,2529.578070957854
1767657600,93722.01,88462.5061136301,,1,0,0,2580.072494460864
1767744000,91279.73,88462.5061136301,,1,0,0,2620.47945914223
1767830400,91026,88462.5061136301,,1,0,0,2603.303069203499
1767916800,90515.45,88462.5061136301,,1,0,0,2585.991421403249
1768003200,90385.54,88462.5061136301,,1,0,0,2433.1756055887317
1768089600,90872.01,88462.5061136301,,1,0,0,2335.3859194752504
1768176000,91188.09,88462.5061136301,,1,0,0,2340.204068084161
1768262400,95384.23,88598.98194387554,,1,0,0,2553.3916346495785
1768348800,96955.16,91062.384249488,,1,0,0,2617.077232174608
1768435200,95587.65,91062.384249488,,1,0,0,2580.8738584478497
1768521600,95504,91062.384249488,,1,0,0,2510.9150114158615
1768608000,95109.99,91062.384249488,,1,0,0,2375.8410820290146
1768694400,93633.53,91062.384249488,,1,0,0,2343.653861884085
1768780800,92559.66,91062.384249488,,1,0,0,2297.552157463793
1768867200,88310.6,,95215.34891873287,1,0,0,2493.4741462163793
1768953600,89363.71,,93931.63002685957,1,0,0,2554.225992915209
1769040000,89463.5,,93931.63002685957,1,0,0,2504.9741362784093
1769126400,89474.93,,93931.63002685957,1,0,0,2519.3588408299515
1769212800,89082.17,,93931.63002685957,1,0,0,2398.3839236278122
1769299200,86561.94,,92432.02704062258,1,0,0,2454.057929082968
1769385600,88250.01,,92432.02704062258,1,0,0,2448.5016484341845
1769472000,89116.96,,92432.02704062258,1,0,0,2435.551530688887
1769558400,89162.4,,92432.02704062258,1,0,0,2388.04713563968
1769644800,84513.2,,91621.89356335247,1,0,0,2645.611625951132
1769731200,84110.99,,88387.17370701722,1,0,0,2713.7022240974798
1769817600,78648,,86618.6973363155,1,0,0,3126.5699223762317
1769904000,76895.53,,84275.27810268395,1,0,0,3169.33207077793
1769990400,78666.85,,84007.88029241556,1,0,0,3288.436208579506
1770076800,75661.49,,83622.872763174,1,0,0,3501.0300508238274
1770163200,72998,,82193.04198685661,1,0,0,3620.443618622125
1770249600,62791,,76988.88778817095,1,0,0,4147.0055030062595
1770336000,70527.7,,76575.30050935384,1,0,0,4686.946538505812
1770422400,69244.74,,76575.30050935384,1,0,0,4663.221071469683
1770508800,70279.33,,76575.30050935384,1,0,0,4572.372423507562
1770595200,70101.99,,76575.30050935384,1,0,0,4470.568678971309
1770681600,68803.65,,76575.30050935384,1,0,0,4339.313059044787
1770768000,67024.93,,76564.91714946835,1,0,0,4282.579983398731
1770854400,66208,,75568.16893452151,1,0,0,4213.64069887025
1770940800,68812,,75568.16893452151,1,0,0,4172.272791808088
1771027200,69786.96,,75568.16893452151,1,0,0,4005.246163821796
1771113600,68792,,75568.16893452151,1,0,0,3927.8464378345243
1771200000,68858.13,,75568.16893452151,1,0,0,3850.013120846345
1771286400,67466.7,,75361.29517129561,1,0,0,3762.864326500177
1771372800,66419.79,,74380.03415416605,1,0,0,3681.6790174644493
1771459200,66972.5,,73312.03923874945,1,0,0,3538.9583733598456
1771545600,67984.42,,73312.03923874945,1,0,0,3419.577775262714
1771632000,67955.78,,73312.03923874945,1,0,0,3258.632219886807
1771718400,67617.98,,73312.03923874945,1,0,0,3105.0577756091775
1771804800,64625.78,,71681.3172360435,1,0,0,3154.797934494236
1771891200,64068.33,,69585.25351243916,1,0,0,3104.7202248875046
1771977600,67992.68,,69585.25351243916,1,0,0,3319.2223516812546
1772064000,67490.51,,69585.25351243916,1,0,0,3251.130755132594
1772150400,65859.94,,69585.25351243916,1,0,0,3253.207129765981
1772236800,66967.85,,69585.25351243916,1,0,0,3359.545906211268
1772323200,65769,,69585.25351243916,1,0,0,3347.551198624749
1772409600,68832.01,,69585.25351243916,1,0,0,3456.9132558658384
1772496000,68335.99,,69585.25351243916,1,0,0,3432.645166161136
1772582400,72683.26,63234.746750717255,,1,0,0,3666.658368578198
1772668800,70887.6,64764.02457564553,,1,0,0,3615.4134851083277
1772755200,68108.24,64764.02457564553,,1,0,0,3621.6882361720186
1772841600,67259.62,64764.02457564553,,1,0,0,3478.957647874017
1772928000,65970.56,64764.02457564553,,1,0,0,3414.9356730258733
1773014400,68432.17,64764.02457564553,,1,0,0,3436.8738392383116
1773100800,69960.83,64764.02457564553,,1,0,0,3435.4185650070035
1773187200,70208,64764.02457564553,,1,0,0,3359.870096077931
1773273600,70531.56,64764.02457564553,,1,0,0,3237.010089215222
1773360000,70944.33,65806.53400886252,,1,0,0,3260.794368556992
1773446400,71232.02,65806.53400886252,,1,0,0,3105.021913660064
1773532800,72830.01,66214.78909717865,,1,0,0,3051.2624912557735
1773619200,74886.47,67820.64068746078,,1,0,0,3021.7044561660755
1773705600,73934.11,68989.89511871469,,1,0,0,2993.1962807256423
1773792000,71245.02,68989.89511871469,,1,0,0,3081.1944035309534
1773878400,69918.3,68989.89511871469,,1,0,0,3065.053374707314
1773964800,70497.01,68989.89511871469,,1,0,0,2990.736705085363
1774051200,68912.02,,75518.60704911128,1,0,0,2956.6690832935515
1774137600,67844.94,,74033.13884420015,1,0,0,2905.8320059154403
1774224000,70874.23,,74033.13884420015,1,0,0,3011.5582912071945
1774310400,70533.49,,74033.13884420015,1,0,0,2975.0184132638237
1774396800,71301.53,,74033.13884420015,1,0,0,2882.030669459264
1774483200,68769.02,,74033.13884420015,1,0,0,2912.7406216407458
1774569600,66353.34,,73141.10798886175,1,0,0,2963.9734343806927
1774656000,66320.15,,72082.36018997557,1,0,0,2850.3353319249286
1774742400,65956.94,,71402.15417097801,1,0,0,2799.412093930291
1774828800,66737.18,,71402.15417097801,1,0,0,2770.3612300781274
1774915200,68221.85,,71402.15417097801,1,0,0,2757.7125707868327
1775001600,68112.35,,71402.15417097801,1,0,0,2686.4759585877737
1775088000,66894.48,,71402.15417097801,1,0,0,2705.6591044029324
1775174400,66959.99,,71402.15417097801,1,0,0,2591.0184540884375
1775260800,67291.73,,71402.15417097801,1,0,0,2460.5571359392634
1775347200,69005,,71402.15417097801,1,0,0,2464.631626229316
1775433600,68853.61,,71402.15417097801,1,0,0,2434.7636529272218
1775520000,71910.2,65110.86175468798,,1,0,0,2621.134820575278
1775606400,71085.99,66728.65357921919,,1,0,0,2589.391619105616
1775692800,71798.01,66732.53572129726,,1,0,0,2595.7972177409288
1775779200,72997.88,67477.28064916754,,1,0,0,2556.5488450451476
1775865600,73086,68462.24358425078,,1,0,0,2463.838213256208
1775952000,70755.35,68462.24358425078,,1,0,0,2477.809769452193
1776038400,74446,68462.24358425078,,1,0,0,2612.2969287770356
1776124800,74179.04,69871.36604291883,,1,0,0,2588.038576721533
1776211200,74836.31,69871.36604291883,,1,0,0,2539.8793926699946
1776297600,75163.09,69871.36604291883,,1,0,0,2518.595150336424
1776384000,77098.01,71262.07126528784,,1,0,0,2612.39478245525
1776470400,75736.82,71375.88163875903,,1,0,0,2566.9622979941605
1776556800,73823.14,71375.88163875903,,1,0,0,2562.2149909945774
1776643200,75864.86,71375.88163875903,,1,0,0,2583.3760630663933
1776729600,76348.58,71375.88163875903,,1,0,0,2549.499201418793
1776816000,78208.52,72614.1278251898,,1,0,0,2608.677829888879
1776902400,78281.32,72804.99604267083,,1,0,0,2546.8415563253875
1776988800,77461.8,73142.68293840374,,1,0,0,2459.094302302146
1777075200,77650.72,73142.68293840374,,1,0,0,2335.722566423421
1777161600,78673.83,73801.20708010704,,1,0,0,2282.9252402503193
1777248000,77364.42,73801.20708010704,,1,0,0,2337.608437375297
1777334400,76317.99,73801.20708010704,,1,0,0,2301.5042632770624
1777420800,75752.88,73801.20708010704,,1,0,0,2350.8853873287007
1777507200,76305.78,73801.20708010704,,1,0,0,2280.5257168052217
1777593600,78234.05,73801.20708010704,,1,0,0,2309.4974513191346
1777680000,78682.31,74320.61268331917,,1,0,0,2224.584776224911
1777766400,78558.89,74633.06241498723,,1,0,0,2162.5137207802754
1777852800,79852.37,75262.53167348851,,1,0,0,2189.8341692959702
1777939200,80907.72,76599.05850613967,,1,0,0,2176.9960143462586
1778025600,81438.1,77558.0886555257,,1,0,0,2172.537013321525
1778112000,80005.38,77558.0886555257,,1,0,0,2178.2965123699873
1778198400,80188.82,77558.0886555257,,1,0,0,2091.771761486417
1778284800,80655.96,77558.0886555257,,1,0,0,2010.2159213802445
1778371200,82199.99,77558.0886555257,,1,0,0,2022.0676412816556
1778457600,81727.06,77558.0886555257,,1,0,0,2017.7256669043943
1778544000,80484.72,77558.0886555257,,1,0,0,2014.708833554081
1778630400,79288.26,77558.0886555257,,1,0,0,2056.093916871646
1778716800,81079.39,77558.0886555257,,1,0,0,2136.4300656665287
1778803200,79058.51,77558.0886555257,,1,0,0,2202.2572038332046
1778889600,78105.45,77558.0886555257,,1,0,0,2157.3152607022616
1778976000,77407.59,,81865.18433397426,1,0,0,2138.682742080672
1779062400,76943.98,,81051.66890057684,1,0,0,2112.5111176463383
1779148800,76767.48,,80719.56801051917,1,0,0,2053.6860378144574
1779235200,77475.99,,80719.56801051917,1,0,0,2003.3577493991386
1779321600,77547.62,,80719.56801051917,1,0,0,1967.7364815849137
1779408000,75443.91,,80478.70705966846,1,0,0,2010.4903043288489
1779494400,76650,,79908.58185370162,1,0,0,2088.875996876788
1779580800,76975.99,,79908.58185370162,1,0,0,2040.5505685284465
1779667200,77249.07,,79908.58185370162,1,0,0,1968.1905279192724
1779753600,75826.1,,79908.58185370162,1,0,0,2003.3526330678962
1779840000,74315.98,,79000.75604471363,1,0,0,1997.3781592773325
1779926400,73512.56,,77391.46894024228,1,0,0,1998.8004336146655
1780012800,73366.77,,77210.56954621804,1,0,0,1988.9368312136173
1780099200,73770.69,,77210.56954621804,1,0,0,1912.7106289840724
1780185600,73575.17,,77210.56954621804,1,0,0,1838.1305840566383
1780272000,71314.42,,76111.96257419296,1,0,0,1951.3726851954502
1780358400,66658.35,,73211.65431677365,1,0,0,2184.536064824347
1780444800,64040,,70440.48588509629,1,0,0,2273.604203051179
1780531200,63806.02,,67945.03279658666,1,0,0,2353.043188547523
1780617600,61032,,66904.73401692799,1,0,0,2530.1836750798425
1780704000,60850.48,,65757.8191152352,1,0,0,2495.95341257414
1780790400,63302.73,,65757.8191152352,1,0,0,2569.6745973902725
1780876800,63062.98,,65757.8191152352,1,0,0,2517.1685547195384
1780963200,61685.8,,65757.8191152352,1,0,0,2535.727229382428
1781049600,61449.46,,65757.8191152352,1,0,0,2504.6124272836832
1781136000,63563.42,,65757.8191152352,1,0,0,2498.380111049134
1781222400,63538.43,,65757.8191152352,1,0,0,2434.7465316884814
1781308800,64429.99,,65757.8191152352,1,0,0,2355.5753508535895
1781395200,65706.62,,65757.8191152352,1,0,0,2339.045682935476
1781481600,66276.8,61672.35170767351,,1,0,0,2312.108134154371
1781568000,65616.64,61672.35170767351,,1,0,0,2264.383981714773
1781654400,64446.04,61672.35170767351,,1,0,0,2283.5701258780036
1781740800,62879.01,61672.35170767351,,1,0,0,2305.6544026010033
1781827200,63475.2,61672.35170767351,,1,0,0,2237.371230986646
1781913600,64222.99,61672.35170767351,,1,0,0,2161.941143059029
1782000000,63235.63,61672.35170767351,,1,0,0,2103.0317756976697
1782086400,63950.61,61672.35170767351,,1,0,0,2118.3709345764078
1782172800,62644.86,61672.35170767351,,1,0,0,2134.893010678093
1782259200,60983.13,,65666.15354680065,1,0,0,2278.5149384868005
1782345600,59703.65,,64832.22519212058,1,0,0,2392.0774428806003
1782432000,60002.53,,64343.23517290853,1,0,0,2393.8319112462714
1782518400,59934.84,,64343.23517290853,1,0,0,2299.545346157252
1782604800,59474.01,,64116.98029005591,1,0,0,2252.7842500031625
1782691200,60162.73,,64116.98029005591,1,0,0,2227.773232145794
1782777600,58523.93,,63526.05088494528,1,0,0,2221.2172869925225
1782864000,59961.45,,63526.05088494528,1,0,0,2317.543195064485
1782950400,61484.02,,63526.05088494528,1,0,0,2339.7093954170223
1783036800,62520.22,,63526.05088494528,1,0,0,2296.673010030092
1783123200,63086.45,,63526.05088494528,1,0,0,2213.7563664565137
1783209600,63580.44,58914.27544289866,,1,0,0,2166.824483138191
1783296000,64001.84,58914.27544289866,,1,0,0,2255.540591485463
1783382400,63323.27,59035.37375874791,,1,0,0,2215.139120665073
1783468800,62237.7,59035.37375874791,,1,0,0,2218.8998977604247
1783555200,63175.25,59035.37375874791,,1,0,0,2189.864905063251
1783641600,64128.49,59510.521850127225,,1,0,0,2162.3324118444475
1783728000,63773.04,60145.4741651145,,1,0,0,2057.0843824269873
1783814400,63740.32,60214.99174860305,,1,0,0,1957.4612122536312
1783900800,62264.94,60214.99174860305,,1,0,0,2006.0075542355148
1783987200,64988.64,60214.99174860305,,1,0,0,2067.338443218692
1784073600,64716.63,61126.280944731625,,1,0,0,2000.2706972745
1784160000,63770.6,61126.280944731625,,1,0,0,1947.0577903263215
1784246400,63894,61126.280944731625,,1,0,0,1943.7708053030128
1784332800,64796.36,61126.280944731625,,1,0,0,1875.3286049242265
1784419200,64681.78,61235.40515533842,,1,0,0,1789.992276001067
1784505600,65213.05,61309.54763980459,,1,0,0,1808.8556848581334
1784592000,66516.18,62574.38587582412,,1,0,0,1809.4488502254094
1784678400,66086.61,62751.4792882417,,1,0,0,1766.956075209309
1784764800,65051.23,62751.4792882417,,1,0,0,1763.8627841229302
1784851200,64083.32,62751.4792882417,,1,0,0,1789.4282995427207
1784937600,64295.61,62751.4792882417,,1,0,0,1708.428421003955
1785024000,65341.07,62751.4792882417,,1,0,0,1677.9521052179584
1785110400,63694.43,62751.4792882417,,1,0,0,1712.3898119881044
1785196800,63847.12,62751.4792882417,,1,0,0,1689.7641111318112
1785283200,63896.14,62751.4792882417,,1,0,0,1674.1273889081108
1785369600,64721.9,62751.4792882417,,1,0,0,1669.9161468432455
1785456000,62825.9,62751.4792882417,,1,0,0,1764.9964220687282
1785542400,62764.2,62751.4792882417,,1,0,0,1702.0102490638194
1785628800,63499.49,62751.4792882417,,1,0,0,1650.9109455592607
1785715200,63466.51,62751.4792882417,,1,0,0,1663.1523065907422
1785801600,64050.51,62751.4792882417,,1,0,0,1633.4442846914033
1785888000,64603.03,62751.4792882417,,1,0,0,1600.6254072134454
1785974400,64267.3,62751.4792882417,,1,0,0,1547.4914495553421
1786060800,64891.61,62751.4792882417,,1,0,0,1526.2149174442463
1786147200,64908.72,62751.4792882417,,1,0,0,1442.9331376268003
1786233600,64848.69,62751.4792882417,,1,0,0,1393.4936277963145
1786320000,63911.88,62751.4792882417,,1,0,0,1408.8726543822922
1786406400,63531.75,62751.4792882417,,1,0,0,1399.7660362121283
1786492800,63411.72,62751.4792882417,,1,0,0,1384.0984621969767
1786579200,63425.35,62751.4792882417,,1,0,0,1369.3100006114787
1786665600,62975.19,62751.4792882417,,1,0,0,1349.5907148535157
1786752000,63018.75,62751.4792882417,,1,0,0,1274.1678066496931
1786838400,62836.66,62751.4792882417,,1,0,0,1232.220820460429
1786924800,64484.18,62751.4792882417,,1,0,0,1280.532190427541
1787011200,64681.33,62751.4792882417,,1,0,0,1263.397033968431
1787097600,69300.01,63756.2938814652,,1,0,0,1595.3258172564003
1787184000,73011.87,67234.83149331868,,1,0,0,1805.531830309514
1787270400,78325.54,71454.54584398681,,1,0,0,2140.5152710016914
1787356800,77054.44,72860.67725958813,,1,0,0,2155.9548945015704
1787443200,77729.36,72860.67725958813,,1,0,0,2181.7531163228873
1787529600,79874.12,73323.93383026638,,1,0,0,2265.0557508712527