time,close,Up Trend,Down Trend,Macro Score Heatmap,Rate Hike,Rate Cut,ATR
1463961600,13.61,,,1,0,0,
1464048000,12.77,,,1,0,0,
1464134400,12.61,,,1,0,0,
1464220800,12.47,,,1,0,0,
1464307200,10.98,,,1,0,0,
1464393600,12.02,,,1,0,0,
1464480000,12.34,,,1,0,0,
1464566400,12.88,,,1,0,0,
1464652800,14.16,,,1,0,0,
1464739200,13.93,11.466999999999999,,1,0,0,
1464825600,14.03,11.628799999999998,,1,0,0,
1464912000,13.98,11.628799999999998,,1,0,0,
1464998400,13.95,11.691227999999999,,1,0,0,
1465084800,14.04,11.984605199999999,,1,0,0,1.022857142857143
1465171200,14.22,12.22014468,,1,0,0,0.9833673469387756
1465257600,14.52,12.525630212,,1,0,0,0.9645553935860057
1465344000,14.64,12.9170671908,,1,0,0,0.9292300083298624
1465430400,14.71,13.09386047172,,1,0,0,0.8842850077348722
1465516800,13.91,13.09386047172,,1,0,0,0.8911217928966672
1465603200,14.1,13.09386047172,,1,0,0,0.8581845219754767
1465689600,15.58,13.10996428388388,,1,0,0,0.9390284846915141
1465776000,17.89,14.597467855495493,,1,0,0,1.0462407357849774
1465862400,18.79,15.694721069945942,,1,0,0,1.1229378260860503
1465948800,18.42,16.07324896295135,,1,0,0,1.1084422670799037
1466035200,20.99,17.289924066656216,,1,0,0,1.2385535337170535
1466121600,15.65,,21.89656834000941,1,0,0,1.7393711384515496
1466208000,11.64,,17.63741150600847,1,0,0,2.0251303428478673
1466294400,12.35,,16.88667035540762,1,0,0,2.0719067469301624
1466380800,11.81,,16.50200331986686,1,0,0,2.0624848364351505
1466467200,13.89,,16.50200331986686,1,0,0,2.107307348118354
1466553600,13.18,,16.50200331986686,1,0,0,2.1582139661099005
1466640000,13.81,,16.50200331986686,1,0,0,2.134055825673479
1466726400,14.55,,16.50200331986686,1,0,0,2.0923375524110877
1466812800,14.37,,16.50200331986686,1,0,0,1.995742012953153
1466899200,14.02,,16.50200331986686,1,0,0,1.9167604405993564
1466985600,14.1,,16.50200331986686,1,0,0,1.8327061234136879
1467072000,12.23,,16.50200331986686,1,0,0,1.896798543169853
1467158400,12.74,,16.226267074712442,1,0,0,1.869170075800578
1467244800,12.49,,16.226267074712442,1,0,0,1.7978007846719655
1467331200,12.34,,15.594126330517078,1,0,0,1.7222435857668248
1467417600,12.09,,15.396713697465369,1,0,0,1.6313690439263373
1467504000,12.02,,14.861542327718833,1,0,0,1.5512712550744558
1467590400,11.48,,14.482888094946947,1,0,0,1.4840375939977088
1467676800,10.6,,13.333599285452253,1,0,0,1.5330349087121584
1467763200,10.61,,13.333599285452253,1,0,0,1.477818129518433
1467849600,10.08,,12.932065421216326,1,0,0,1.4401168345528306
1467936000,11.43,,12.932065421216326,1,0,0,1.4622513463704856
1468022400,11.01,,12.932065421216326,1,0,0,1.4213762502011653
1468108800,11.02,,12.932065421216326,1,0,0,1.348420803758225
1468195200,10.72,,12.932065421216326,1,0,0,1.327105032061209
1468281600,10.57,,12.932065421216326,1,0,0,1.2665975297711225
1468368000,10.49,,12.678922854516625,1,0,0,1.1875548490731853
1468454400,11.62,,12.678922854516625,1,0,0,1.2063009312822435
1468540800,11.99,,12.678922854516625,1,0,0,1.2165651504763688
1468627200,11.8,,12.678922854516625,1,0,0,1.1732390682994855
1468713600,11.33,,12.678922854516625,1,0,0,1.1537219919923793
1468800000,11.05,,12.678922854516625,1,0,0,1.1377418497072094
1468886400,11.75,,12.678922854516625,1,0,0,1.1229031461566943
1468972800,12.5,,12.678922854516625,1,0,0,1.1698386357169304
1469059200,12.76,10.410190911710991,,1,0,0,1.1569930188800068
1469145600,14.83,11.477671820539893,,1,0,0,1.2443506603885777
1469232000,14.52,12.218904638485904,,1,0,0,1.2547541846465364
1469318400,12.78,12.218904638485904,,1,0,0,1.3451288857432124
1469404800,13.91,12.218904638485904,,1,0,0,1.3490482510472686
1469491200,12,,15.794313518543774,1,0,0,1.4005448045438922
1469577600,13.1,,15.496382166689397,1,0,0,1.4183630327907568
1469664000,12.93,,15.496382166689397,1,0,0,1.3606228161628455
1469750400,12.84,,15.312119555018413,1,0,0,1.290578329294071
1469836800,12.49,,15.05990759951657,1,0,0,1.2262513057730657
1469923200,11.99,,14.489416839564914,1,0,0,1.214376212503561
1470009600,10.95,,13.838475155608423,1,0,0,1.2219207687533067
1470096000,8.78,,12.061627640047583,1,0,0,1.465354999556642
1470182400,10.68,,12.061627640047583,1,0,0,1.520686785302596
1470268800,11.32,,12.061627640047583,1,0,0,1.4927805863524104
1470355200,11.18,,12.061627640047583,1,0,0,1.4282962587558097
1470441600,11.01,,12.061627640047583,1,0,0,1.380560811701823
1470528000,10.99,,12.061627640047583,1,0,0,1.3112350394374073
1470614400,11.34,,12.061627640047583,1,0,0,1.251861108049021
1470700800,12.28,9.432657398310926,,1,0,0,1.2510138860455196
1470787200,12.21,9.997391658479835,,1,0,0,1.2359414656136967
1470873600,11.73,9.997391658479835,,1,0,0,1.2040885037841471
1470960000,11.81,9.997391658479835,,1,0,0,1.148796467799565
1471046400,11.61,9.997391658479835,,1,0,0,1.089596720099596
1471132800,11.28,9.997391658479835,,1,0,0,1.0517683829496247
1471219200,11.3,9.997391658479835,,1,0,0,1.01235635559608
1471305600,11.18,9.997391658479835,,1,0,0,0.9671880444820743
1471392000,10.82,9.997391658479835,,1,0,0,0.9388174698762118
1471478400,10.77,9.997391658479835,,1,0,0,0.8931876505993397
1471564800,10.77,9.997391658479835,,1,0,0,0.8443885326993869
1471651200,11.3,9.997391658479835,,1,0,0,0.831932208935145
1471737600,11.21,9.997391658479835,,1,0,0,0.7953656225826347
1471824000,11.1,9.997391658479835,,1,0,0,0.7599823638267322
1471910400,11,9.997391658479835,,1,0,0,0.73069790926768
1471996800,11.01,9.997391658479835,,1,0,0,0.6913623443199884
1472083200,11.34,10.07579604549198,,1,0,0,0.6676936054399892
1472169600,11.28,10.296216440942782,,1,0,0,0.639286919337133
1472256000,11.18,10.296216440942782,,1,0,0,0.6014807108130521
1472342400,11.01,10.296216440942782,,1,0,0,0.5742320886121197
1472428800,10.95,10.296216440942782,,1,0,0,0.5589297965683968
1472515200,11.21,10.296216440942782,,1,0,0,0.5404348110992256
1472601600,11.7,10.500778496212304,,1,0,0,0.5454037531635666
1472688000,12.05,11.044200646591074,,1,0,0,0.5728749136518834
1472774400,12.15,11.178280581931965,,1,0,0,0.5605267055338917
1472860800,11.88,11.178280581931965,,1,0,0,0.5826319408528996
1472947200,11.77,11.178280581931965,,1,0,0,0.5653010879348355
1473033600,11.76,11.178280581931965,,1,0,0,0.5406367245109187
1473120000,11.71,11.178280581931965,,1,0,0,0.5205912441887103
1473206400,11.58,11.178280581931965,,1,0,0,0.5098347267466596
1473292800,11.39,11.178280581931965,,1,0,0,0.5012751034076125
1473379200,11.64,11.178280581931965,,1,0,0,0.49046973887849726
1473465600,12.21,11.178280581931965,,1,0,0,0.5025790432443189
1473552000,11.65,11.178280581931965,,1,0,0,0.5102519687268676
1473638400,11.86,11.178280581931965,,1,0,0,0.4959482566749484
1473724800,11.92,11.178280581931965,,1,0,0,0.4776662383410235
1473811200,11.91,11.178280581931965,,1,0,0,0.45997579274523603
1473897600,11.96,11.224202903234698,,1,0,0,0.4406918075491477
1473984000,12.58,11.427282612911227,,1,0,0,0.4734995355813515
1474070400,12.79,11.789554351620104,,1,0,0,0.48110671161125496
1474156800,12.64,11.789554351620104,,1,0,0,0.4931705179247368
1474243200,13.17,11.932539024812284,,1,0,0,0.5000869095015413
1474329600,14.56,12.869785122331058,,1,0,0,0.6179378445371455
1474416000,13.76,12.869785122331058,,1,0,0,0.7195137127844922
1474502400,13.2,12.869785122331058,,1,0,0,0.7709770190141713
1474588800,13.37,12.869785122331058,,1,0,0,0.7380500890845875
1474675200,12.97,12.869785122331058,,1,0,0,0.7417607970071171
1474761600,13.12,12.869785122331058,,1,0,0,0.7159207400780373
1474848000,12.84,,14.419099419803262,1,0,0,0.6876406872153203
1474934400,13.09,,14.418189477822935,1,0,0,0.6678092095570831
1475020800,13.32,,14.418189477822935,1,0,0,0.6551085517315772
1475107200,13.11,,14.418189477822935,1,0,0,0.6290293694650361
1475193600,13.23,,14.418189477822935,1,0,0,0.6062415573603906
1475280000,13.22,,14.315891116399627,1,0,0,0.5786528746917915
1475366400,13.28,,14.278302004759665,1,0,0,0.5458919550709493
1475452800,13.51,,14.278302004759665,1,0,0,0.5290425297087388
1475539200,13.32,,14.278302004759665,1,0,0,0.5155394918724003
1475625600,13.09,,14.200052161469797,1,0,0,0.5051438138815145
1475712000,12.86,,13.871546945322816,1,0,0,0.5047763986042635
1475798400,12.7,,13.753392250790533,1,0,0,0.5101495129896733
1475884800,12.26,,13.40305302571148,1,0,0,0.522281690633268
1475971200,12.1,,13.209747723140332,1,0,0,0.5142615698737488
1476057600,11.78,,12.898272950826298,1,0,0,0.5175286005970525
1476144000,11.77,,12.898272950826298,1,0,0,0.519133700554406
1476230400,11.92,,12.886801090169303,1,0,0,0.5127670076576627
1476316800,11.87,,12.885620981152371,1,0,0,0.5039979356821153
1476403200,11.92,,12.874558883037135,1,0,0,0.4844266545619642
1476489600,11.95,,12.740602994733422,1,0,0,0.46339617923610976
1476576000,11.95,,12.740602994733422,1,0,0,0.44101073786210193
1476662400,11.96,,12.670138425734072,1,0,0,0.42093854230052324
1476748800,12.54,,12.670138425734072,1,0,0,0.4615857892790573
1476835200,12.01,,12.670138425734072,1,0,0,0.4836153757591246
1476921600,12.06,,12.670138425734072,1,0,0,0.47335713463347284
1477008000,12.05,,12.670138425734072,1,0,0,0.451688767873939
1477094400,12.03,,12.670138425734072,1,0,0,0.4387109987400863
1477180800,11.94,,12.670138425734072,1,0,0,0.42094592740150877
1477267200,11.92,,12.667073430599489,1,0,0,0.39802121830140097
1477353600,11.33,,12.334366087539538,1,0,0,0.43387684556558653
1477440000,11.49,,12.334366087539538,1,0,0,0.4300284994537589
1477526400,11.48,,12.209236530907026,1,0,0,0.4243121780642046
1477612800,11.13,,12.152812877816324,1,0,0,0.44400416534533294
1477699200,10.47,,11.58653159003469,1,0,0,0.5430038678206663
1477785600,11.19,,11.58653159003469,1,0,0,0.5827893058334759
1477872000,10.97,,11.58653159003469,1,0,0,0.583304355416799
1477958400,10.84,,11.58653159003469,1,0,0,0.6052111871727419
1478044800,10.83,,11.58653159003469,1,0,0,0.5941246738032603
1478131200,10.87,,11.58653159003469,1,0,0,0.5781157685315989
1478217600,11.15,,11.58653159003469,1,0,0,0.5618217850650561
1478304000,11.16,,11.58653159003469,1,0,0,0.5381202289889807
1478390400,11.01,,11.58653159003469,1,0,0,0.5196830697754821
1478476800,10.93,,11.58653159003469,1,0,0,0.49399142193437623
1478563200,10.84,,11.58653159003469,1,0,0,0.47299203465334927
1478649600,10.62,,11.503043107589253,1,0,0,0.4806354607495386
1478736000,10.51,,11.447738796830325,1,0,0,0.463447213553143
1478822400,10.29,,11.350964917147296,1,0,0,0.47034384115649
1478908800,9.95,,10.952868425432566,1,0,0,0.4860335667881692
1478995200,10.14,,10.952868425432566,1,0,0,0.49345974058901426
1479081600,10.02,,10.952868425432566,1,0,0,0.4767840448326561
1479168000,10.27,,10.952868425432566,1,0,0,0.4777280416303235
1479254400,10,,10.952868425432566,1,0,0,0.48646175294244326
1479340800,9.91,,10.899319526533676,1,0,0,0.47528591344655446
1479427200,9.51,,10.654887573880309,1,0,0,0.4784797767718007
1479513600,9.68,,10.531398816492276,1,0,0,0.4678740784309578
1479600000,9.6,,10.526758934843048,1,0,0,0.4530259299716036
1479686400,9.54,,10.367083041358745,1,0,0,0.43780979211648907
1479772800,9.87,,10.367083041358745,1,0,0,0.4579662355367399
1479859200,9.8,,10.367083041358745,1,0,0,0.4395400758555441
1479945600,9.18,,10.240873537150526,1,0,0,0.48957292758014814
1480032000,9.4,,10.240873537150526,1,0,0,0.4960320041815662
1480118400,9.33,,10.240873537150526,1,0,0,0.4763154324543115
1480204800,8.98,,9.984906808582734,1,0,0,0.4901500444218607
1480291200,8.67,,9.77991612772446,1,0,0,0.48156789839172776
1480377600,8.14,,9.309424514952013,1,0,0,0.5135987627923186
1480464000,8.61,,9.309424514952013,1,0,0,0.5204845654500101
1480550400,8.45,,9.309424514952013,1,0,0,0.5104499536321522
1480636800,7.73,,9.038895471400018,1,0,0,0.5589892426584271
1480723200,7.86,,8.942505924260015,1,0,0,0.5747757253256822
1480809600,7.37,,8.840255331834014,1,0,0,0.5744346020881335
1480896000,6.75,,8.358729798650613,1,0,0,0.6062607019389811
1480982400,7.83,,8.358729798650613,1,0,0,0.7186706518004825
1481068800,8.35,,8.358729798650613,1,0,0,0.7580513195290194
1481155200,8.2,,8.358729798650613,1,0,0,0.7574762252769466
1481241600,8.47,6.669880379105333,,1,0,0,0.7519422091857361
1481328000,8.14,6.716892341194799,,1,0,0,0.7346606228153264
1481414400,8.23,6.734703107075318,,1,0,0,0.6928991497570889
1481500800,8.5,7.0067327963677855,,1,0,0,0.6748349247744396
1481587200,8.41,7.162059516731009,,1,0,0,0.6423467158619797
1481673600,8.24,7.162059516731009,,1,1,0,0.6171790933004097
1481760000,7.83,7.162059516731009,,1,0,0,0.621666300921809
1481846400,7.84,7.162059516731009,,1,0,0,0.5901187079988226
1481932800,7.85,7.162059516731009,,1,0,0,0.5779673717131925
1482019200,7.92,7.162059516731009,,1,0,0,0.5566839880193929
1482105600,7.64,7.162059516731009,,1,0,0,0.5440637031608648
1482192000,7.64,7.162059516731009,,1,0,0,0.5209162957922316
1482278400,7.91,7.162059516731009,,1,0,0,0.507279417521358
1482364800,7.55,7.162059516731009,,1,0,0,0.5031880305555467
1482451200,7.13,,8.316904564370873,1,0,0,0.5143888855158648
1482537600,7.22,,8.225214107933784,1,0,0,0.5047896794075888
1482624000,7.19,,8.133692697140408,1,0,0,0.48444755944990386
1482710400,7.26,,8.050323427426365,1,0,0,0.47198701948919647
1482796800,7.16,,8.050323427426365,1,0,0,0.46113080381139676
1482883200,7.62,,8.050323427426365,1,0,0,0.47605003211058267
1482969600,8.29,7.068449221406179,,1,0,0,0.5084750298169696
1483056000,8.21,7.266104299265562,,1,0,0,0.5085839562586145
1483142400,8.16,7.266104299265562,,1,0,0,0.4929708165258563
1483228800,8.18,7.374694482405105,,1,0,0,0.4949014724882951
1483315200,8.38,7.374694482405105,,1,0,0,0.4938370815962739
1483401600,9.59,7.905702530748134,,1,0,0,0.5857058614822542
1483488000,11.17,8.78713227767332,,1,0,0,0.6745840142335217
1483574400,10.23,8.78713227767332,,1,0,0,0.8206851560739844
1483660800,10.14,8.78713227767332,,1,0,0,0.8292076449258428
1483747200,9.92,8.78713227767332,,1,0,0,0.8171213845739969
1483833600,10.5,8.78713227767332,,1,0,0,0.8080412856758542
1483920000,10.39,8.85114838864332,,1,0,0,0.8010383366990074
1484006400,10.63,8.902533549778987,,1,0,0,0.7731070269347926
1484092800,9.95,8.902533549778987,,1,0,0,0.8157422392965931
1484179200,9.8,8.902533549778987,,1,0,0,0.8324749364896936
1484265600,9.84,8.902533549778987,,1,0,0,0.8015838695975727
1484352000,9.86,8.902533549778987,,1,0,0,0.7621850217691746
1484438400,9.9,8.902533549778987,,1,0,0,0.7256003773570906
1484524800,9.66,8.902533549778987,,1,0,0,0.7216289218315841
1484611200,10.34,8.902533549778987,,1,0,0,0.7329411417007565
1484697600,10.23,8.902533549778987,,1,0,0,0.7177310601507025
1484784000,10.42,8.98259370014928,,1,0,0,0.6893216987113666
1484870400,10.63,9.315334330134354,,1,0,0,0.6679415773748405
1484956800,10.93,9.554300897120918,,1,0,0,0.6545171789909234
1485043200,10.77,9.643870807408826,,1,0,0,0.6370516662058574
1485129600,10.8,9.643870807408826,,1,0,0,0.6058336900482961
1485216000,10.57,9.643870807408826,,1,0,0,0.5918455693305607
1485302400,10.55,9.643870807408826,,1,0,0,0.5659994572355206
1485388800,10.6,9.643870807408826,,1,0,0,0.5377137817186977
1485475200,10.55,9.643870807408826,,1,0,0,0.5150199401673622
1485561600,10.58,9.675948080760154,,1,0,0,0.48608994444112197
1485648000,10.49,9.731853272684138,,1,0,0,0.4599406626953275
1485734400,10.6,9.762667945415723,,1,0,0,0.45137347250280424
1485820800,10.7,9.94340115087415,,1,0,0,0.4341325101811753
1485907200,10.72,9.947561035786736,,1,0,0,0.42812304516823424
1485993600,10.82,10.032304932208064,,1,0,0,0.41325711337050314
1486080000,10.99,10.129074438987256,,1,0,0,0.40659589098689575
1486166400,11.41,10.490166995088531,,1,0,0,0.41112475591640313
1486252800,11.26,10.584650295579678,,1,0,0,0.40247298763666
1486339200,11.34,10.64068526602171,,1,0,0,0.38801063137689856
1486425600,11.51,10.768616739419539,,1,0,0,0.38172415770712015
1486512000,11.41,10.768616739419539,,1,0,0,0.39017243215661157
1486598400,11.02,10.768616739419539,,1,0,0,0.428731544145425
1486684800,11.43,10.768616739419539,,1,0,0,0.4409650052778947
1486771200,11.52,10.768616739419539,,1,0,0,0.42232464775804507
1486857600,11.5,10.768616739419539,,1,0,0,0.4021586014896132
1486944000,11.43,10.768616739419539,,1,0,0,0.3970044156689264
1487030400,13.15,11.711848227752474,,1,0,0,0.6050755288354316
1487116800,12.98,11.711848227752474,,1,0,0,0.6004272767757578
1487203200,12.89,11.711848227752474,,1,0,0,0.5868253284346323
1487289600,12.75,11.711848227752474,,1,0,0,0.5620520906893013
1487376000,12.89,11.7509671222284,,1,0,0,0.5347626556400654
1487462400,12.9,11.848870410005558,,1,0,0,0.5079938945229179
1487548800,12.61,11.848870410005558,,1,0,0,0.49956575919985224
1487635200,12.83,11.848870410005558,,1,0,0,0.5045967763998627
1487721600,12.75,11.862816528894054,,1,0,0,0.4906970066570154
1487808000,13.21,12.047034876004648,,1,0,0,0.5013615061815142
1487894400,13.19,12.063331388404183,,1,0,0,0.5026928271685488
1487980800,13.65,12.396998249563765,,1,0,0,0.5246433395136524
1488067200,14.74,12.87079842460739,,1,0,0,0.5900259581198201
1488153600,15.66,13.830718582146648,,1,0,0,0.6871669611112615
1488240000,16.24,14.366146723931987,,1,0,0,0.7616550353175999
1488326400,17.37,14.712032051538785,,1,0,0,0.8429653899377713
1488412800,19.27,16.086828846384908,,1,0,0,1.0048964335136448
1488499200,19.67,17.073645961746415,,1,0,0,1.1681181168340988
1488585600,18.65,17.073645961746415,,1,0,0,1.209681108488806
1488672000,19.4,17.073645961746415,,1,0,0,1.2139896007396054
1488758400,19.67,17.073645961746415,,1,0,0,1.2037046292582048
1488844800,18.96,17.073645961746415,,1,0,0,1.2020114414540473
1488931200,16.67,,20.703997846048356,1,0,0,1.2811534813501868
1489017600,17.82,,20.27209806144352,1,0,0,1.3389282326823164
1489104000,19.2,,20.27209806144352,1,0,0,1.4354333589192938
1489190400,21.65,16.867850570230747,,1,0,0,1.5457595475679156
1489276800,23.39,19.02706551320767,,1,0,0,1.643919579884493
1489363200,28.64,22.309358961886907,,1,0,0,2.077925324178458
1489449600,28.69,23.574423065698213,,1,0,0,2.1323592295942824
1489536000,35.65,26.202980759128394,,1,0,0,2.5057621417661196
1489622400,45.96,33.684682683215556,,1,1,0,3.139636274497111
1489708800,44.62,34.939214414893996,,1,0,0,4.531805112033032
1489795200,33.64,,50.984207026595406,1,0,0,5.229533318316387
1489881600,43.21,,50.984207026595406,1,0,0,5.7131380812937875
1489968000,42.32,,50.984207026595406,1,0,0,5.618628218344232
1490054400,42.37,,50.984207026595406,1,0,0,5.354440488462501
1490140800,41.37,,50.984207026595406,1,0,0,5.281266167858037
1490227200,42.98,,50.984207026595406,1,0,0,5.164032870153892
1490313600,52.93,35.17211608357911,,1,0,0,5.576601950857184
1490400000,50.5,37.604904475221204,,1,0,0,5.614701811510242
1490486400,50.68,37.94091402769908,,1,0,0,5.4272231106880815
1490572800,48.97,38.451322624929176,,1,0,0,5.284564317067504
1490659200,50.3,38.69969036243625,,1,0,0,5.04495258013411
1490745600,53.11,41.57022132619263,,1,0,0,4.960313110124531
1490832000,51.87,42.64319919357337,,1,0,0,4.736005030829921
1490918400,50.18,42.64319919357337,,1,0,0,4.785576100056355
1491004800,50.71,42.64319919357337,,1,0,0,4.65803495005233
1491091200,48.74,42.64319919357337,,1,0,0,4.543175310762877
1491177600,44.26,42.64319919357337,,1,0,0,4.688662788565529
1491264000,44.47,42.64319919357337,,1,0,0,4.696615446525134
1491350400,44.78,42.64319919357337,,1,0,0,4.606142914630482
1491436800,43.3,42.64319919357337,,1,0,0,4.624989849299733
1491523200,42.32,,52.12591837136822,1,0,0,4.513919145778323
1491609600,44.45,,52.12591837136822,1,0,0,4.419353492508443
1491696000,43.92,,52.01514388080826,1,0,0,4.247971100186412
1491782400,43.92,,51.52062949272743,1,0,0,4.081687450173097
1491868800,43.83,,51.27156654345469,1,0,0,3.857995489446447
1491955200,46.48,,51.27156654345469,1,0,0,3.8895672402002726
1492041600,49.77,,51.27156654345469,1,0,0,3.9610267230431107
1492128000,47.2,,51.27156654345469,1,0,0,3.926667671397174
1492214400,48.94,,51.27156654345469,1,0,0,5.6604771234402325
1492300800,48.13,,51.27156654345469,1,0,0,5.381157328908787
1492387200,47.94,,51.27156654345469,1,0,0,5.053217519701016
1492473600,49.79,,51.27156654345469,1,0,0,4.8515591254366575
1492560000,47.78,,51.27156654345469,1,0,0,4.724304902191181
1492646400,49.38,,51.27156654345469,1,0,0,4.522568837748954
1492732800,48.37,,51.27156654345469,1,0,0,4.288813920766886
1492819200,48.61,,51.27156654345469,1,0,0,4.043898640712109
1492905600,48.96,,51.27156654345469,1,0,0,3.8086201663755297
1492992000,50.12,,51.27156654345469,1,0,0,3.643718725920135
1493078400,50.31,,51.27156654345469,1,0,0,3.4370245312115535
1493164800,53.42,46.10751675455029,,1,0,0,3.5200942075535857
1493251200,63.67,50.260765079095265,,1,0,0,4.077944621299759
1493337600,73.14,58.962188571185735,,1,0,0,4.672377148349776
1493424000,70.4,61.47096971406715,,1,0,0,4.81363592346765
1493510400,80.87,64.78537274266044,,1,0,0,5.3912333575056754
1493596800,79.35,65.63283546839439,,1,0,0,5.932573831969556
1493683200,77.55,66.01605192155498,,1,0,0,6.046675701114587
1493769600,81.29,66.01605192155498,,1,0,0,6.0083417224635465
1493856000,95.97,73.45915205645952,,1,0,0,6.747031599430436
1493942400,91.93,78.47073685081358,,1,0,0,6.977957913756834
1494028800,95.84,79.31466316573221,,1,0,0,6.800246634202773
1494115200,93.82,79.31466316573221,,1,0,0,6.882371874616861
1494201600,89.25,79.31466316573221,,1,0,0,7.079345312144228
1494288000,86.58,79.31466316573221,,1,0,0,7.5872492184196405
1494374400,88.36,79.31466316573221,,1,0,0,7.516017131389667
1494460800,88.3,79.31466316573221,,1,0,0,7.263444479147547
1494547200,85.17,79.31466316573221,,1,0,0,7.323198444922722
1494633600,88.42,79.31466316573221,,1,0,0,7.281541413142527
1494720000,89.39,79.31466316573221,,1,0,0,6.96214559791806
1494806400,91,79.31466316573221,,1,0,0,6.851992340923913
1494892800,87.98,79.31466316573221,,1,0,0,6.735421459429348
1494979200,86.88,79.31466316573221,,1,0,0,6.78860564089868
1495065600,96.2,79.31466316573221,,1,0,0,6.996562380834489
1495152000,125.14,93.39139229250532,,1,0,0,8.91109363934631
1495238400,123.63,105.78225306325479,,1,0,0,8.87030123653586
1495324800,148.78,112.64202775692932,,1,0,0,10.163136862497584
1495411200,160.1,126.56132498123638,,1,0,0,13.222912800890613
1495497600,169.95,134.31719248311276,,1,0,0,13.864133315112714
1495584000,196.06,148.75547323480146,,1,0,0,15.323838078318948
1495670400,181.51,148.75547323480146,,1,0,0,18.21570678701045
1495756800,163.8,148.75547323480146,,1,0,0,21.19958487365256
1495843200,159.91,148.75547323480146,,1,0,0,23.708900239820235
1495929600,175.48,148.75547323480146,,1,0,0,23.830407365547362
1496016000,194.82,148.75547323480146,,1,0,0,24.413949696579692
1496102400,228.69,148.75547323480146,,1,0,0,26.105096146824003
1496188800,229.14,166.00485567923852,,1,0,0,25.62187499347943
1496275200,221.91,166.00485567923852,,1,0,0,26.145312493945188
1496361600,222.04,166.6850331001832,,1,0,0,25.224218744377676
1496448000,224.95,170.44602979016489,,1,0,0,24.061060262636413
1496534400,245.5,184.18642681114838,,1,0,0,24.130984529590958
1496620800,248,196.43378413003353,,1,0,0,22.963057063191602
1496707200,264.22,209.91740571703022,,1,0,0,22.919981558677915
1496793600,255.68,209.91740571703022,,1,0,0,22.75784001877235
1496880000,258.64,210.49029863079446,,1,0,0,21.91799430314575
1496966400,279.38,224.34926876771502,,1,0,0,21.835280424349627
1497052800,340.2,261.9643418909435,,1,0,0,26.020617536896083
1497139200,343.01,277.78240770184914,,1,0,0,26.87271628426065
1497225600,397.37,287.8586669316643,,1,0,0,33.088236549670604
1497312000,388,306.9203002384978,,1,0,0,33.31693393897985
1497398400,341.7,306.9203002384978,,1,0,0,36.613581514767006
1497484800,343.71,306.9203002384978,,1,1,0,41.376182835140796
1497571200,354.26,306.9203002384978,,1,0,0,41.99216977548788
1497657600,368.98,306.9203002384978,,1,0,0,40.94630050581018
1497744000,351.85,306.9203002384978,,1,0,0,40.98942189825232
1497830400,358.71,306.9203002384978,,1,0,0,39.17732033409144
1497916800,350.94,306.9203002384978,,1,0,0,39.2925117387992
1498003200,325.41,306.9203002384978,,1,0,0,60.700189471742114
1498089600,320.02,306.9203002384978,,1,0,0,58.62731879518911
1498176000,326.99,306.9203002384978,,1,0,0,55.603224595532744
1498262400,304.5,,433.2404758016936,1,0,0,54.14227998156612
1498348800,278.49,,400.49392822152424,1,0,0,54.46783141145425
1498435200,252.99,,374.90953539937186,1,0,0,56.755843453493235
1498521600,287.23,,374.90953539937186,1,0,0,58.23828320681515
1498608000,315.32,,374.90953539937186,1,0,0,58.61983440632836
1498694400,292.95,,374.90953539937186,1,0,0,57.0527033773049
1498780800,280.04,,374.90953539937186,1,0,0,55.54893885035455
1498867200,263.12,,374.90953539937186,1,0,0,53.63472893247208
1498953600,285,,374.90953539937186,1,0,0,52.520105437295506
1499040000,276.37,,374.90953539937186,1,0,0,49.6208121917744
1499126400,269.2,,367.0862029480638,1,0,0,47.35003989236194
1499212800,266.27,,352.13408265325745,1,0,0,45.560751328621805
1499299200,266.01,,350.45967438793167,1,0,0,43.26426909086312
1499385600,241.28,,331.3302069491385,1,0,0,42.45682129865861
1499472000,246.64,,316.3311862542247,1,0,0,40.72776263446871
1499558400,238.81,,316.3311862542247,1,0,0,39.055065303435235
1499644800,202.86,,288.488310865922,1,0,0,40.189703496047
1499731200,190.57,,272.2834797793298,1,0,0,40.243296103472225
1499817600,224.04,,272.2834797793298,1,0,0,40.78877495322421
1499904000,205,,272.2834797793298,1,0,0,40.29886245656534
1499990400,197.23,,269.28174675913147,1,0,0,39.12537228109638
1500076800,167.72,,256.1830720832183,1,0,0,38.61427426101807
1500163200,155.68,,225.5662648748965,1,0,0,38.85896895665964
1500249600,190.87,,225.5662648748965,1,0,0,38.815471174041086
1500336000,227.01,131.32012545133384,,1,0,0,41.24936609018101
1500422400,194.74,131.32012545133384,,1,0,0,42.437982798025224
1500508800,226.06,131.32012545133384,,1,0,0,42.42526974102343
1500595200,216.6,140.85319645402237,,1,0,0,41.502036188093186
1500681600,230.69,147.7138768086201,,1,0,0,40.14974788894368
1500768000,228.31,154.3409891277581,,1,0,0,38.22119446830484
1500854400,225.96,159.70639021498232,,1,0,0,35.91896629199735
1500940800,203.78,159.70639021498232,,1,0,0,35.75261155685468
1501027200,203.23,159.70639021498232,,1,0,0,34.37671073136506
1501113600,202.94,159.70639021498232,,1,0,0,32.360517107696126
1501200000,190.72,159.70639021498232,,1,0,0,31.09262302857497
1501286400,205.9,159.70639021498232,,1,0,0,31.13886424081962
1501372800,196.95,159.70639021498232,,1,0,0,30.103231080761077
1501459200,200.82,159.70639021498232,,1,0,0,28.75300028927814
1501545600,225.73,164.4787699888647,,1,0,0,28.978500268615417
1501632000,217.92,172.33239298997825,,1,0,0,27.86789310657146
1501718400,224,175.62665369098042,,1,0,0,26.604472170387787
1501804800,220.72,179.5709883218824,,1,0,0,25.22629558678866
1501891200,251.85,192.13738948969413,,1,0,0,26.241560187732325
1501977600,263.96,215.18265054072475,,1,0,0,25.93930588860859
1502064000,269.9,220.2818854866523,,1,0,0,25.35149832513655
1502150400,295.95,235.62919693798705,,1,0,0,25.85853415905537
1502236800,295.26,245.16177724418833,,1,0,0,26.737210290551413
1502323200,300.51,249.35659951976947,,1,0,0,26.360266698369173
1502409600,309.65,255.31093956779253,,1,0,0,25.492390505628517
1502496000,308.35,265.6113456110133,,1,0,0,24.820791183797905
1502582400,296.66,265.6113456110133,,1,0,0,24.687163242098052
1502668800,299.16,265.6113456110133,,1,0,0,23.951651581948195
1502755200,286.71,265.6113456110133,,1,0,0,24.539390754666183
1502841600,300.45,265.6113456110133,,1,0,0,24.493719986475742
1502928000,300.67,265.6113456110133,,1,0,0,23.559168558870336
1503014400,292.87,265.6113456110133,,1,0,0,23.23994223323674
1503100800,293.58,265.6113456110133,,1,0,0,22.4156606451484
1503187200,297.79,265.6113456110133,,1,0,0,21.45739917049494
1503273600,322,274.76152325317173,,1,0,0,23.429727801173872
1503360000,314.19,274.76152325317173,,1,0,0,24.468318672518595
1503446400,317.5,274.76152325317173,,1,0,0,23.498438767338694
1503532800,324.56,278.6519654515622,,1,0,0,22.677121712528788
1503619200,330.14,289.149768906406,,1,0,0,21.958041590205305
1503705600,332.99,290.5412920157654,,1,0,0,21.061752905190637
1503792000,348.2,301.8306628141889,,1,0,0,20.683056269105588
1503878400,347.54,305.80159653277,,1,0,0,20.17998082131233
1503964800,372.48,322.11943687949304,,1,0,0,20.69355361979002
1504051200,384.1,340.21499319154367,,1,0,0,20.908299789805017
1504137600,389.2,347.8894938723894,,1,0,0,20.041278376247522
1504224000,392.87,356.0240444851504,,1,0,0,19.3169013493727
1504310400,354.87,,407.8473599633646,1,0,0,22.277122681560364
1504396800,353.06,,403.62062396702817,1,0,0,22.685899632877483
1504483200,316.86,,373.76356157032535,1,0,0,25.93333537338623
1504569600,320.08,,363.7197054132928,1,0,0,26.580954275287215
1504656000,339.38,,363.7197054132928,1,0,0,26.518028969909555
1504742400,335.56,,363.7197054132928,1,0,0,25.775312614916015
1504828800,307.96,,363.7197054132928,1,0,0,26.994933142422013
1504915200,304.99,,358.8662487216614,1,0,0,26.48600934653473
1505001600,300.33,,349.48812384949525,1,0,0,26.12986582178225
1505088000,298.47,,349.48812384949525,1,0,0,25.68987540594066
1505174400,294.5,,349.48812384949525,1,0,0,26.011312876944903
1505260800,275.71,,330.91743228628206,1,0,0,26.874076242877408
1505347200,223.85,,312.83118905765383,1,0,0,29.200927939814736
1505433600,260.88,,305.30057015188845,1,0,0,31.954433086970827
1505520000,255.84,,305.30057015188845,1,0,0,31.87911643790148
1505606400,259.66,,305.30057015188845,1,0,0,31.87703669233709
1505692800,298,,305.30057015188845,1,0,0,32.75224835717015
1505779200,282.8,,305.30057015188845,1,0,0,32.25208776022943
1505865600,283.55,,305.30057015188845,1,0,0,31.06765292021304
1505952000,258.11,,305.30057015188845,1,0,0,31.308534854483536
1506038400,263.88,,305.30057015188845,1,0,0,30.35721093630614
1506124800,286.03,,305.30057015188845,1,0,0,30.089553012284274
1506211200,283.21,,305.30057015188845,1,0,0,29.27315636854968
1506297600,294.41,,305.30057015188845,1,0,0,28.18507377079613
1506384000,288.77,,305.30057015188845,1,0,0,26.848997072882124
1506470400,309.85,248.78866195890606,,1,0,0,26.681211567676257
1506556800,302.33,255.12979576301547,,1,0,0,25.625410741413667
1506643200,291.88,255.12979576301547,,1,0,0,25.55216711702698
1506729600,301.57,255.12979576301547,,1,0,0,24.687012322953624
1506816000,303.25,255.93277111123825,,1,0,0,23.459368585599794
1506902400,296.72,257.4504940001145,,1,0,0,22.481556543771237
1506988800,292.36,257.4504940001145,,1,0,0,21.686445362073293
1507075200,292,257.4504940001145,,1,0,0,20.52169926478234
1507161600,294.89,257.4504940001145,,1,0,0,19.809435031583604
1507248000,307.73,267.0635776134751,,1,0,0,19.415189672184773
1507334400,311.12,276.7227198521276,,1,0,0,18.746247552743004
1507420800,309.2,280.52894786691485,,1,0,0,17.762944156118504
1507507200,297,280.52894786691485,,1,0,0,18.168448144967183
1507593600,297.99,280.52894786691485,,1,0,0,17.925701848898097
1507680000,302,280.52894786691485,,1,0,0,17.03600885969109
1507766400,302.12,280.52894786691485,,1,0,0,16.297722512570296
1507852800,335.89,286.9237917259345,,1,0,0,18.470028047386702
1507939200,338.37,305.5729125533411,,1,0,0,18.18931175828765
1508025600,336.89,305.5729125533411,,1,0,0,18.390075204124248
1508112000,334.36,305.5729125533411,,1,0,0,18.44506983240109
1508198400,316.37,305.5729125533411,,1,0,0,18.853279130086726
1508284800,313.59,305.5729125533411,,1,0,0,19.587330620794813
1508371200,308.02,305.5729125533411,,1,0,0,18.9646641478809
1508457600,303.15,,342.01589790973986,1,0,0,18.290759565889402
1508544000,300,,331.75780811876587,1,0,0,17.86713388261159
1508630400,295.14,,331.75780811876587,1,0,0,17.643767176710764
1508716800,285.83,,319.5964245762003,1,0,0,17.789926664088565
1508803200,296.99,,319.5964245762003,1,0,0,18.762074759510806
1508889600,296.76,,319.5964245762003,1,0,0,18.344783705260035
1508976000,295.98,,319.5964245762003,1,0,0,17.473013440598603
1509062400,297.59,,319.5964245762003,1,0,0,16.757083909127278
1509148800,295.11,,319.5964245762003,1,0,0,15.873720772761043
1509235200,303.38,,319.5964245762003,1,0,0,15.86202643184954
1509321600,306.87,,319.5964245762003,1,0,0,15.24045311528886
1509408000,303.51,,319.5964245762003,1,0,0,14.612563607053941
1509494400,290.82,,319.5964245762003,1,0,0,14.675237635121517
1509580800,285.4,,315.20214847479633,1,0,0,14.849863518327124
1509667200,306,,315.20214847479633,1,0,0,15.407730409875189
1509753600,301.66,,315.20214847479633,1,0,0,15.092892523455532
1509840000,296.57,,315.20214847479633,1,0,0,14.469114486065852
1509926400,297.32,,315.20214847479633,1,0,0,14.35703487991829
1510012800,292.42,,315.20214847479633,1,0,0,14.545818102781269
1510099200,307.91,,315.20214847479633,1,0,0,15.570402524011175
1510185600,320.72,286.0923026351652,,1,0,0,16.062516629438953
1510272000,298.04,286.0923026351652,,1,0,0,17.330908298764744
1510358400,315.69,286.0923026351652,,1,0,0,17.68370056313869
1510444800,307.1,286.0923026351652,,1,0,0,17.52843623720021
1510531200,315.56,286.0923026351652,,1,0,0,17.169262220257338
1510617600,335.04,290.49265978303873,,1,0,0,17.47217206166753
1510704000,331.81,298.31089380473475,,1,0,0,17.284159771548417
1510790400,330.21,298.31089380473475,,1,0,0,16.968862645009246
1510876800,332.31,298.31089380473475,,1,0,0,16.316801027508586
1510963200,346.6,305.36332158365167,,1,0,0,16.635600954115112
1511049600,354.59,323.2879894252865,,1,0,0,17.64020088596403
1511136000,368.24,327.6371904827579,,1,0,0,17.773757965538028
1511222400,361.51,327.6371904827579,,1,0,0,18.110632396571027
1511308800,381.73,334.0899742910339,,1,0,0,18.385587225387383
1511395200,406.61,357.70697686193057,,1,0,0,20.826616709288285
1511481600,470.98,384.5152791757374,,1,0,0,24.974001230053407
1511568000,466.77,415.2632512581637,,1,0,0,25.47585828504959
1511654400,473.99,415.2632512581637,,1,0,0,25.50186840754605
1511740800,477.53,420.7590335191126,,1,0,0,25.886734949864184
1511827200,468.52,420.7590335191126,,1,0,0,25.423396739159596
1511913600,434.01,420.7590335191126,,1,0,0,31.89458268636248
1512000000,434,420.7590335191126,,1,0,0,34.5092553516223
1512086400,463.82,420.7590335191126,,1,0,0,35.39145139793499
1512172800,460.34,420.7590335191126,,1,0,0,34.55991915522535
1512259200,464.76,420.7590335191126,,1,0,0,34.49206778699497
1512345600,468.22,420.7590335191126,,1,0,0,33.714062945066765
1512432000,457.3,420.7590335191126,,1,0,0,32.591629877562
1512518400,432.49,420.7590335191126,,1,0,0,32.90508488630757
1512604800,433.28,420.7590335191126,,1,0,0,32.97472168014274
1512691200,463.45,420.7590335191126,,1,0,0,34.84009870298969
1512777600,485.04,420.7590335191126,,1,0,0,38.43009165277614
1512864000,447.51,420.7590335191126,,1,0,0,39.122942249006414
1512950400,518,420.7590335191126,,1,0,0,41.63273208836309
1513036800,686.82,482.4181256377761,,1,0,0,53.865394082051445
1513123200,711.94,547.0078130739985,,1,0,0,62.787151647619204
1513209600,705.01,556.6245317665987,,1,1,0,65.28664081564641
1513296000,693.5,556.6245317665987,,1,0,0,66.9090236145288
1513382400,703.59,559.4526707309449,,1,0,0,65.77266478491961
1513468800,732.18,581.1364036578503,,1,0,0,64.21247444313964
1513555200,785.65,596.6972632920654,,1,0,0,67.04086912577252
1513641600,826.65,666.3340369628588,,1,0,0,69.75009275964591
1513728000,802.86,666.3340369628588,,1,0,0,74.23937184824263
1513814400,772.58,666.3340369628588,,1,0,0,74.44513100193957
1513900800,682.11,666.3340369628588,,1,0,0,91.45476450180104
1513987200,732.8,666.3340369628588,,1,0,0,92.4208527516724
1514073600,697.04,666.3340369628588,,1,0,0,92.5136489836958
1514160000,740.5,666.3340369628588,,1,0,0,90.64695977057467
1514246400,755.07,666.3340369628588,,1,0,0,86.5243197869622
1514332800,739.99,666.3340369628588,,1,0,0,84.70115408789346
1514419200,719.5,666.3340369628588,,1,0,0,83.38535736732965
1514505600,748.89,666.3340369628588,,1,0,0,80.63568898394897
1514592000,710.58,666.3340369628588,,1,0,0,79.00456834223833
1514678400,741.27,666.3340369628588,,1,0,0,77.07567060350702
1514764800,759.03,666.3340369628588,,1,0,0,74.27240841754224
1514851200,865,666.3340369628588,,1,0,0,77.5015221020035
1514937600,938.31,738.18561388357,,1,0,0,79.09927052328898
1515024000,949,787.000552495213,,1,0,0,79.79789405733975
1515110400,969.27,811.8954972456917,,1,0,0,79.8123301961012
1515196800,1006.68,828.7999475211225,,1,0,0,77.53144946780824
1515283200,1118.3,896.87095276901,,1,0,0,80.22777450582193
1515369600,1137.01,896.87095276901,,1,0,0,94.42507632683464
1515456000,1290.01,989.6866717428982,,1,0,0,100.4361423034893
1515542400,1246.94,1064.6810045686084,,1,0,0,106.07498928181151
1515628800,1137.01,1064.6810045686084,,1,0,0,116.28534719025355
1515715200,1260,1064.6810045686084,,1,0,0,121.97925096237829
1515801600,1386.02,1064.6810045686084,,1,0,0,124.69287589363698
1515888000,1365.46,1064.6810045686084,,1,0,0,125.00838475837718
1515974400,1278.63,1064.6810045686084,,1,0,0,124.07635727563594
1516060800,1080,1064.6810045686084,,1,0,0,146.18304604166195
1516147200,1028.06,,1338.7716613599487,1,0,0,164.81282846725753
1516233600,1025.78,,1338.7716613599487,1,0,0,163.6833407195963
1516320000,1037.45,,1338.7716613599487,1,0,0,159.1059592396251
1516406400,1150.02,,1338.7716613599487,1,0,0,156.94767643679475
1516492800,1047.13,,1338.7716613599487,1,0,0,155.8078424055951
1516579200,999.68,,1334.797473316436,1,0,0,156.3215679480526
1516665600,984.03,,1287.4677259847927,1,0,0,153.298598808906
1516752000,1056.99,,1287.4677259847927,1,0,0,149.84798460826985
1516838400,1040,,1287.4677259847927,1,0,0,145.13455713625058
1516924800,1045.57,,1287.4677259847927,1,0,0,140.78280305508983
1517011200,1100,,1287.4677259847927,1,0,0,137.0840314082977
1517097600,1215.01,,1287.4677259847927,1,0,0,137.010886307705
1517184000,1162.27,,1287.4677259847927,1,0,0,133.25796585715463
1517270400,1054.39,,1287.4677259847927,1,0,0,134.16811115307215
1517356800,1105.01,,1287.4677259847927,1,0,0,132.28253178499557
1517443200,1017.48,,1287.4677259847927,1,0,0,138.04806522892446
1517529600,911.99,,1182.8566639432138,1,0,0,149.19106056971557
1517616000,969.4,,1182.8566639432138,1,0,0,149.6702705290216
1517702400,826,,1182.8566639432138,1,0,0,152.34596549123435
1517788800,693.54,,1069.288013014603,1,0,0,158.77482509900332
1517875200,783.83,,1031.6147117131425,1,0,0,165.42233759193167
1517961600,750.04,,1031.6147117131425,1,0,0,164.0678849067937
1518048000,812,,1031.6147117131425,1,0,0,159.14732169916556
1518134400,875.99,,1031.6147117131425,1,0,0,154.86537014922513
1518220800,849.47,,1031.6147117131425,1,0,0,150.5007008528519
1518307200,811.35,,1031.6147117131425,1,0,0,144.8770793633625
1518393600,864.4,,1031.6147117131425,1,0,0,139.0315736945509
1518480000,840.49,,1031.6147117131425,1,0,0,132.06360414494011
1518566400,920.26,,1031.6147117131425,1,0,0,128.7197752774444
1518652800,929.3,,1031.6147117131425,1,0,0,122.57836275762693
1518739200,936.02,,1031.6147117131425,1,0,0,116.2599082749393
1518825600,974.99,,1031.6147117131425,1,0,0,110.99777196958648
1518912000,912.41,,1031.6147117131425,1,0,0,108.33435968604458
1518998400,939.01,,1031.6147117131425,1,0,0,103.8104768513271
1519084800,884.76,,1031.6147117131425,1,0,0,102.32401421908945
1519171200,840.34,,1031.6147117131425,1,0,0,101.52658463201162
1519257600,806,,1009.8770451663786,1,0,0,99.9882571582965
1519344000,854.01,,1009.8770451663786,1,0,0,99.79623878984675
1519430400,833.2,,1009.8770451663786,1,0,0,97.3936503048577
1519516800,841.96,,998.34712092629,1,0,0,92.74910385451072
1519603200,867.09,,998.34712092629,1,0,0,89.14488215061711
1519689600,871.07,,998.34712092629,1,0,0,85.13453342557304
1519776000,849.99,,998.34712092629,1,0,0,81.85992389517496
1519862400,868.74,,995.2811205397388,1,0,0,78.33135790266246
1519948800,854.31,,985.099008485765,1,0,0,74.68411805247229
1520035200,854.34,,975.0686076371885,1,0,0,70.4695381915814
1520121600,861.74,,961.0497468734696,1,0,0,67.46457117789701
1520208000,848.83,,960.0737721861226,1,0,0,63.87210180804722
1520294400,815.43,,927.6388949675105,1,0,0,62.81552310747242
1520380800,751.38,,886.6880054707594,1,0,0,65.54298574265296
1520467200,698.83,,848.5692049236834,1,0,0,67.14705818960633
1520553600,728.82,,812.992284431315,1,0,0,68.95083974749159
1520640000,683.6,,812.992284431315,1,0,0,68.94006547981361
1520726400,719.8,,812.992284431315,1,0,0,68.94434651696979
1520812800,696.51,,812.992284431315,1,0,0,68.37689319432909
1520899200,690.39,,812.992284431315,1,0,0,65.89782939473416
1520985600,614.62,,776.3615280338472,1,0,0,69.54655586653887
1521072000,610.99,,725.4933752304626,1,0,0,68.17251616178609
1521158400,600.77,,725.4933752304626,1,0,0,66.24090786451566
1521244800,549.79,,701.3288839366747,1,0,0,66.42584301705025
1521331200,538,,659.6414955430073,1,0,0,71.51971137297524
1521417600,555.55,,659.6414955430073,1,0,0,69.58973198919129
1521504000,558,,659.6414955430073,1,0,0,68.26689398996334
1521590400,559.98,,659.6414955430073,1,0,0,66.57283013353738
1521676800,539.89,,659.6414955430073,1,1,0,66.18405655257042
1521763200,543.04,,647.1099564031903,1,0,0,63.970909655958245
1521849600,519.57,,646.9709607628713,1,0,0,61.4187018233898
1521936000,522.55,,631.8958646865842,1,0,0,58.87450883600483
1522022400,486.75,,605.2462782179257,1,0,0,58.87632963343305
1522108800,449,,577.3266503961331,1,0,0,58.099448945330685
1522195200,445.47,,554.6709853565199,1,0,0,55.785916877807054
1522281600,383.29,,519.7023868208679,1,0,0,56.72263710082084
1522368000,394.46,,492.7371481387811,1,0,0,55.95673445076221
1522454400,394.54,,492.7371481387811,1,0,0,55.523396275707775
1522540800,378.18,,482.27228999241265,1,0,0,54.461010827442934
1522627200,384,,480.13256099317135,1,0,0,51.899510054054154
1522713600,416.28,,480.13256099317135,1,0,0,51.09954505019315
1522800000,378.43,,480.13256099317135,1,0,0,50.87243468946507
1522886400,381.26,,465.8204969640219,1,0,0,48.714403640217554
1522972800,370.32,,459.4014472676197,1,0,0,46.86908909448773
1523059200,384.61,,459.4014472676197,1,0,0,45.42843987345288
1523145600,399.9,,459.4014472676197,1,0,0,43.59712273963481
1523232000,398.8,,459.4014472676197,1,0,0,43.625899686803756
1523318400,415.45,,459.4014472676197,1,0,0,42.36762113774635
1523404800,430.81,,459.4014472676197,1,0,0,41.03564819933589
1523491200,493.41,373.1418986326489,,1,0,0,44.04667332795475
1523577600,495.22,421.597208769384,,1,0,0,44.34191094738656
1523664000,502.4,421.597208769384,,1,0,0,43.021774451144665
1523750400,533.74,439.62123910320105,,1,0,0,42.246647704634334
1523836800,511.28,439.62123910320105,,1,0,0,42.029744297160455
1523923200,502.42,439.62123910320105,,1,0,0,40.5640482759347
1524009600,525.89,441.0714983062336,,1,0,0,39.47304482765365
1524096000,567.29,470.31484847561023,,1,0,0,40.137113054249824
1524182400,617.17,509.1208636280491,,1,0,0,41.90017640751769
1524268800,605.16,514.7697772652443,,1,0,0,42.66444952126643
1524355200,620.07,531.7047995387198,,1,0,0,43.38627455546168
1524441600,642.85,550.4888195848479,,1,0,0,42.34225494435727
1524528000,703.33,588.958437626363,,1,0,0,44.18566530547461
1524614400,617.49,588.958437626363,,1,0,0,49.97597492651214
1524700800,661.13,588.958437626363,,1,0,0,51.191976717475555
1524787200,643.11,588.958437626363,,1,0,0,50.93397838051301
1524873600,682,588.958437626363,,1,0,0,51.18512278190493
1524960000,687.51,588.958437626363,,1,0,0,49.71975686891172
1525046400,669.81,588.958437626363,,1,0,0,48.33548852113232
1525132800,670.75,588.958437626363,,1,0,0,48.29795362676572
1525219200,685.02,588.958437626363,,1,0,0,46.94452836771103
1525305600,775.51,629.9916312630565,,1,0,0,50.788490627160236
1525392000,783.01,677.6134681367508,,1,0,0,50.60431272522021
1525478400,812,699.1186213230759,,1,0,0,50.28757610199019
1525564800,784.33,699.1186213230759,,1,0,0,52.28632066613375
1525651200,752.42,699.1186213230759,,1,0,0,55.3280120471242
1525737600,746.99,699.1186213230759,,1,0,0,55.37601118661532
1525824000,750,699.1186213230759,,1,0,0,55.04201038757137
1525910400,723.51,699.1186213230759,,1,0,0,54.324009645602
1525996800,678.05,,813.9106066104432,1,0,0,55.65872324234472
1526083200,684.66,,779.671045949399,1,0,0,55.59310015360581
1526169600,729.29,,779.671045949399,1,0,0,56.57287871406253
1526256000,726.9,,779.671045949399,1,0,0,56.96481594877235
1526342400,706.08,,779.671045949399,1,0,0,55.98518623814575
1526428800,707.45,,779.671045949399,1,0,0,54.335530078278204
1526515200,668.56,,779.671045949399,1,0,0,54.466563644115475
1526601600,694.5,,779.671045949399,1,0,0,53.30538052667866
1526688000,695.96,,779.671045949399,1,0,0,52.27785334620161
1526774400,714,,779.671045949399,1,0,0,51.065149535758636
1526860800,696.77,,779.671045949399,1,0,0,49.62835314034731
1526947200,640.5,,767.6344336295078,1,0,0,50.4406136303225
1527033600,577.2,,712.123990266557,1,0,0,52.922712656728045
1527120000,602.64,,685.6880912399015,1,0,0,53.70323318124747
1527206400,584.02,,685.6880912399015,1,0,0,53.276573668301225
1527292800,584.99,,685.6880912399015,1,0,0,51.49610412056542
1527379200,570.75,,671.3111135138881,1,0,0,50.21066811195361
1527465600,511.33,,643.3050021624992,1,0,0,51.48133467538549
1527552000,566.66,,643.3050021624992,1,0,0,52.28481077000082
1527638400,557.22,,643.3050021624992,1,0,0,51.74232428642932
1527724800,577.1,,643.3050021624992,1,0,0,50.57501540882722
1527811200,578.89,,643.3050021624992,1,0,0,48.883228593910985
1527897600,590.46,,643.3050021624992,1,0,0,47.40942655148877
1527984000,618.63,,643.3050021624992,1,0,0,46.69232465495386
1528070400,591.5,,643.3050021624992,1,0,0,46.95715860817143
1528156800,607.6,,643.3050021624992,1,0,0,46.295218707587765
1528243200,606.18,,643.3050021624992,1,0,0,44.34984594276007
1528329600,603.56,,643.3050021624992,1,0,0,42.699856946848634
1528416000,598.59,,643.3050021624992,1,0,0,40.79272430778802
1528502400,593.4,,643.3050021624992,1,0,0,39.035386857231735
1528588800,525.25,,630.7124225917911,1,0,0,42.56214493885803
1528675200,531.68,,602.1426803326121,1,0,0,41.441991728939605
1528761600,494.14,,593.6524122993509,1,0,0,42.338278034015346
1528848000,476.02,,560.2046710694158,1,0,0,43.04911531729996
1528934400,519.75,,560.2046710694158,1,1,0,45.0134642232071
1529020800,487.45,,560.2046710694158,1,0,0,44.61464535012088
1529107200,497.31,,560.2046710694158,1,0,0,42.77431353939796
1529193600,496.5,,560.2046710694158,1,0,0,40.75471971515525
1529280000,517.47,,560.2046710694158,1,0,0,40.48652544978701
1529366400,538.5,,560.2046710694158,1,0,0,39.94820220337365
1529452800,535.99,,560.2046710694158,1,0,0,38.88975918884695
1529539200,525.49,,560.2046710694158,1,0,0,37.73549067535789
1529625600,462.01,,560.2046710694158,1,0,0,40.51366991283232
1529712000,475.17,,545.888905086242,1,0,0,39.32483634763001
1529798400,454.79,,528.6355145776178,1,0,0,40.50163375137072
1529884800,458.41,,528.6355145776178,1,0,0,39.62794562627281
1529971200,429.08,,520.7973668078704,1,0,0,39.063092367253326
1530057600,441.41,,506.72663012708335,1,0,0,38.13644291244952
1530144000,420,,501.951467114375,1,0,0,37.32526841870312
1530230400,434.6,,495.07132040293754,1,0,0,37.3577492459386
1530316800,453.29,,495.07132040293754,1,0,0,36.68862429980013
1530403200,451.43,,495.07132040293754,1,0,0,34.85515113552869
1530489600,476.34,,495.07132040293754,1,0,0,35.16549748299093
1530576000,461.66,,495.07132040293754,1,0,0,34.62867623420586
1530662400,466.9,,495.07132040293754,1,0,0,34.345199360334014
1530748800,467.25,,495.07132040293754,1,0,0,33.330542263167295
1530835200,469.3,,495.07132040293754,1,0,0,32.61478924436963
1530921600,484.48,,495.07132040293754,1,0,0,32.0487328697718
1531008000,486.08,,495.07132040293754,1,0,0,30.861680521930957
1531094400,471.6,,495.07132040293754,1,0,0,30.014417627507317
1531180800,432.59,,495.07132040293754,1,0,0,31.093387796971083
1531267200,446.25,,494.3626027887146,1,0,0,30.529574382901725
1531353600,431.46,,490.16834250984317,1,0,0,30.4160333555516
1531440000,432.8,,488.86850825885887,1,0,0,29.472745258726487
1531526400,434.13,,486.0861574329729,1,0,0,28.215406311674595
1531612800,449.41,,486.0861574329729,1,0,0,27.837163003697835
1531699200,478.18,,486.0861574329729,1,0,0,28.41093707486228
1531785600,499.01,431.4139362313628,,1,0,0,29.573727283800686
1531872000,478.81,431.6310426082265,,1,0,0,30.82060390638635
1531958400,468.39,431.6310426082265,,1,0,0,30.176989341644465
1532044800,448.21,431.6310426082265,,1,0,0,30.002204388669863
1532131200,461.5,431.6310426082265,,1,0,0,29.777046932336305
1532217600,456.9,431.6310426082265,,1,0,0,28.845829294312285
1532304000,449,431.6310426082265,,1,0,0,28.473984344718552
1532390400,478.79,431.6310426082265,,1,0,0,29.006556891524372
1532476800,470.81,431.6310426082265,,1,0,0,28.426088542129776
1532563200,461.42,431.6310426082265,,1,0,0,28.10136793197765
1532649600,469.3,431.6310426082265,,1,0,0,27.456984508264956
1532736000,468.12,431.6310426082265,,1,0,0,26.192914186246032
1532822400,466.01,431.6310426082265,,1,0,0,24.99127745865703
1532908800,456.46,431.6310426082265,,1,0,0,24.849043354467245
1532995200,432.35,431.6310426082265,,1,0,0,25.214825972005304
1533081600,419.6,,470.0729903377513,1,0,0,25.39233840257636
1533168000,410.71,,463.0126913039762,1,0,0,24.815742802392332
1533254400,417.8,,455.0454221735786,1,0,0,24.848189745078592
1533340800,407,,455.0454221735786,1,0,0,24.37046190614441
1533427200,408.83,,451.1522419605986,1,0,0,23.546143198562667
1533513600,404.99,,449.3325177645388,1,0,0,22.733561541522477
1533600000,378.08,,435.7527659880849,1,0,0,24.031164288556585
1533686400,355.7,,412.2754893892764,1,0,0,24.713938267945398
1533772800,363.99,,408.53344045034873,1,0,0,24.383656963092154
1533859200,330.99,,397.0615964053139,1,0,0,25.531967180014142
1533945600,318.02,,369.6904367647825,1,0,0,25.626826667155992
1534032000,318.15,,369.67939308830427,1,0,0,24.855624762359135
1534118400,284.11,,354.08895377947385,1,0,0,25.998794422190624
1534204800,279.4,,321.6080584015264,1,0,0,26.62173767774844
1534291200,281.21,,321.6080584015264,1,0,0,26.82518498648069
1534377600,286.67,,321.6080584015264,1,0,0,26.41267177316064
1534464000,317.54,,321.6080584015264,1,0,0,26.924623789363448
1534550400,296.61,,321.6080584015264,1,0,0,27.79143637583749
1534636800,300.03,,321.6080584015264,1,0,0,27.11490520613481
1534723200,270.76,,321.6080584015264,1,0,0,27.748126262839467
1534809600,281.49,,321.6080584015264,1,0,0,27.00111724406522
1534896000,270.47,,321.6080584015264,1,0,0,27.921037440917704
1534982400,275.87,,321.6080584015264,1,0,0,26.768820480852153
1535068800,281.35,,321.6080584015264,1,0,0,25.793190446505573
1535155200,277.97,,321.6080584015264,1,0,0,24.37653398604089
1535241600,274.25,,317.8707347515421,1,0,0,23.204638701323685
1535328000,287.99,,317.8707347515421,1,0,0,22.78430736551485
1535414400,295.39,,317.8707347515421,1,0,0,22.213285410835216
1535500800,289,,317.8707347515421,1,0,0,21.570193595775557
1535587200,284.52,,317.8707347515421,1,0,0,21.37660833893445
1535673600,281.94,,317.8707347515421,1,0,0,20.423993457581986
1535760000,294.64,,317.8707347515421,1,0,0,20.412279639183275
1535846400,295.06,,317.8707347515421,1,0,0,19.689973950670183
1535932800,288.6,,317.8707347515421,1,0,0,19.042118668479457
1536019200,285.43,,317.8707347515421,1,0,0,18.396967335016637
1536105600,227.56,,299.04161709868606,1,0,0,21.541469668229734
1536192000,229.03,,264.89145538881746,1,0,0,21.6170789776419
1536278400,215.21,,264.89145538881746,1,0,0,21.518001907810337
1536364800,197,,249.1404788649421,1,0,0,22.12385891439531
1536451200,195.91,,241.2934309784479,1,0,0,22.194297563367076
1536537600,196.94,,237.7805878806031,1,0,0,21.759704880269428
1536624000,185.15,,230.9470290925428,1,0,0,21.90186881739304
1536710400,182.79,,218.91982618328854,1,0,0,21.633878187579253
1536796800,211.39,,218.91982618328854,1,0,0,22.38931545989502
1536883200,210,,218.91982618328854,1,0,0,22.347221498473946
1536969600,221.69,173.67110171238267,,1,0,0,22.128848534297237
1537056000,220.19,173.67110171238267,,1,0,0,21.64964506756172
1537142400,195.97,173.67110171238267,,1,0,0,22.438956134164453
1537228800,208.5,173.67110171238267,,1,0,0,22.323316410295565
1537315200,209.81,173.67110171238267,,1,0,0,21.9673652381316
1537401600,224.41,173.67110171238267,,1,0,0,21.87683914969363
1537488000,247.76,191.10969170013033,,1,0,0,22.528493496144083
1537574400,240.71,198.51772253011728,,1,0,0,22.514315389276646
1537660800,244.35,200.12145027710557,,1,0,0,21.812578575756884
1537747200,228.01,200.12145027710557,,1,0,0,21.72882296320282
1537833600,219.19,200.12145027710557,,1,0,0,21.946049894402616
1537920000,214.15,200.12145027710557,,1,0,0,21.464189187659574
1538006400,229,200.12145027710557,,1,1,0,21.608889959969606
1538092800,220.67,200.12145027710557,,1,0,0,21.464683534257492
1538179200,231.01,200.12145027710557,,1,0,0,21.477920424667673
1538265600,232.27,200.12145027710557,,1,0,0,20.88592610861998
1538352000,230.4,200.12145027710557,,1,0,0,20.21335995800427
1538438400,224.85,200.12145027710557,,1,0,0,19.458119961003963
1538524800,219.01,200.12145027710557,,1,0,0,18.846825678075106
1538611200,221,200.12145027710557,,1,0,0,18.025623843926883
1538697600,226.89,200.12145027710557,,1,0,0,17.619507855074964
1538784000,223.85,200.12145027710557,,1,0,0,16.73168586542675
1538870400,224.82,200.12145027710557,,1,0,0,15.961565446467697
1538956800,227.68,200.12145027710557,,1,0,0,15.453596486005718
1539043200,226.15,201.33587321133416,,1,0,0,14.591911022719595
1539129600,223.61,201.33587321133416,,1,0,0,13.887488806811051
1539216000,188.32,,233.41089269881934,1,0,0,15.666953892038833
1539302400,194.1,,221.3758034289374,1,0,0,15.358600042607488
1539388800,196.72,,221.3758034289374,1,0,0,14.612985753849811
1539475200,191.87,,220.33775077743928,1,0,0,14.303486771431967
1539561600,204.53,,220.33775077743928,1,0,0,15.473237716329681
1539648000,205.43,,220.33775077743928,1,0,0,14.787292165163276
1539734400,203.21,,220.33775077743928,1,0,0,14.098914153365898
1539820800,199.2,,220.33775077743928,1,0,0,13.835420285268333
1539907200,200,,220.33775077743928,1,0,0,13.109318836320593
1539993600,202.69,,220.33775077743928,1,0,0,12.555081776583407
1540080000,202.12,,220.33775077743928,1,0,0,11.977575935398876
1540166400,201.25,,220.33775077743928,1,0,0,11.42560622572753
1540252800,201.12,,218.58957992448566,1,0,0,10.895205781032706
1540339200,200.68,,218.58957992448566,1,0,0,10.26626251095894
1540425600,199.65,,214.71915973883338,1,0,0,9.882243760176157
1540512000,200.7,,214.71915973883338,1,0,0,9.584226348735003
1540598400,201.46,,214.71915973883338,1,0,0,8.99106732382536
1540684800,202.43,,214.71915973883338,1,0,0,8.480991086409263
1540771200,194.31,,211.29289120464858,1,0,0,8.713063151665747
1540857600,195.35,,208.32410208418372,1,0,0,8.362844355118193
1540944000,196.95,,208.32410208418372,1,0,0,8.379784044038322
1541030400,197.96,,208.32410208418372,1,0,0,7.954799469464157
1541116800,199.75,,208.32410208418372,1,0,0,7.66874236450243
1541203200,198.35,,208.32410208418372,1,0,0,7.2988321956094
1541289600,210.06,193.27007241031035,,1,0,0,8.182487038780158
1541376000,208.53,193.92756516927932,,1,0,0,8.013737964581575
1541462400,218.65,197.7888086523514,,1,0,0,8.294899538540035
1541548800,216.84,203.94142778711625,,1,0,0,8.21812100007289
1541635200,210.34,203.94142778711625,,1,0,0,8.24611235721054
1541721600,208.01,203.94142778711625,,1,0,0,8.08567576026693
1541808000,210.29,203.94142778711625,,1,0,0,7.871698920247864
1541894400,209.88,203.94142778711625,,1,0,0,7.668006140230157
1541980800,208.77,203.94142778711625,,1,0,0,7.421719987356575
1542067200,203.2,,219.17919342538715,1,0,0,7.320882845402535
1542153600,177.79,,205.06277408284845,1,0,0,9.633676927873783
1542240000,178.89,,194.3104966745636,1,0,0,10.064842861597084
1542326400,172.4,,194.3104966745636,1,0,0,10.098782657197292
1542412800,172.49,,192.2140523063965,1,0,0,9.668155324540342
1542499200,175.87,,192.2140523063965,1,0,0,9.553287087073175
1542585600,145.21,,183.26443236818113,1,0,0,11.29376658085366
1542672000,127.55,,162.97398913136306,1,0,0,12.487068967935542
1542758400,134.73,,158.45759021822673,1,0,0,12.725849755940146
1542844800,123.25,,157.56233119640407,1,0,0,12.829003344801565
1542931200,121.44,,147.62059807676366,1,0,0,12.549074534458596
1543017600,110.16,,144.20103826908732,1,0,0,13.062712067711553
1543104000,114.3,,138.00393444217858,1,0,0,13.603232634303584
1543190400,106.95,,138.00393444217858,1,0,0,13.67585887471047
1543276800,108.7,,134.41563689816465,1,0,0,13.58044038365972
1543363200,121.94,,134.41563689816465,1,0,0,13.878980356255454
1543449600,116.38,,134.41563689816465,1,0,0,13.605481759380066
1543536000,111.65,,134.41563689816465,1,0,0,13.330804490852918
1543622400,116.82,,134.41563689816465,1,0,0,13.076461312934851
1543708800,114.76,,134.41563689816465,1,0,0,12.52814264772522
1543795200,107.21,,134.41563689816465,1,0,0,12.37470388717342
1543881600,108.61,,132.22067680491776,1,0,0,12.006510752375318
1543968000,100.76,,127.85660912442597,1,0,0,11.853902841491367
1544054400,89.09,,119.75044821198337,1,0,0,12.002195495670552
1544140800,92.45,,113.79690339078505,1,0,0,12.297752960265512
1544227200,89.99,,113.79690339078505,1,0,0,12.385056320246548
1544313600,92.79,,113.79690339078505,1,0,0,12.225409440228939
1544400000,89.23,,113.79690339078505,1,0,0,11.875023051641156
1544486400,86.96,,110.53531531469407,1,0,0,11.459664262238217
1544572800,89.09,,109.63778378322465,1,0,0,10.99397395779263
1544659200,85.35,,107.2160054049022,1,0,0,10.692261532236014
1544745600,83,,102.68190486441196,1,0,0,10.312814279933443
1544832000,83.03,,100.72271437797079,1,0,0,9.81904183136677
1544918400,83.74,,100.72271437797079,1,0,0,9.403395986269143
1545004800,93.79,,100.72271437797079,1,0,0,9.676724844392774
1545091200,101,78.2868512184593,,1,0,0,9.696244498364718
1545177600,99.34,84.66166609661337,,1,0,0,9.697941319910095
1545264000,114.52,88.12749948695203,,1,1,0,10.469516939916517
1545350400,107.74,91.14974953825683,,1,0,0,10.771694301351049
1545436800,116.09,91.14974953825683,,1,0,0,10.77371613696883
1545523200,129.61,101.74779712598803,,1,0,0,11.217736412899626
1545609600,139.09,118.04251741338922,,1,0,0,12.55789809769251
1545696000,128.82,118.04251741338922,,1,0,0,12.954476805000187
1545782400,130.47,118.04251741338922,,1,0,0,12.970585604643032
1545868800,114.63,,150.53230480563926,1,0,0,13.4384009185971
1545955200,136.82,,150.53230480563926,1,0,0,14.28351513869731
1546041600,134.15,,150.53230480563926,1,0,0,14.37612120021893
1546128000,138.78,,150.53230480563926,1,0,0,14.230683971631862
1546214400,130.53,,150.53230480563926,1,0,0,13.957063687943872
1546300800,139.75,,150.53230480563926,1,0,0,13.770844853090738
1546387200,153.5,118.42367616178628,,1,0,0,14.068641649298542
1546473600,147.23,121.10830854560766,,1,0,0,13.77445296006293
1546560000,153.24,122.72997769104687,,1,0,0,13.531277748629865
1546646400,154.21,130.1004799219422,,1,0,0,13.144757909442019
1546732800,155.92,130.1004799219422,,1,0,0,12.997275201624733
1546819200,150.62,130.1004799219422,,1,0,0,12.680326972937252
1546905600,148.97,130.1004799219422,,1,0,0,12.21673218915602
1546992000,149.5,130.1004799219422,,1,0,0,11.666965604216301
1547078400,126.41,,162.41742761089236,1,0,0,12.88718234677228
1547164800,125.83,,150.0131848498031,1,0,0,12.47381217914569
1547251200,124.59,,148.3668663648228,1,0,0,11.859968452063855
1547337600,115.58,,142.42117972834052,1,0,0,11.849256419773578
1547424000,128.37,,142.42117972834052,1,0,0,12.22002381836118
1547510400,120,,142.42117972834052,1,0,0,12.325736402763953
1547596800,122.12,,142.42117972834052,1,0,0,12.059612373995098
1547683200,122.55,,142.42117972834052,1,0,0,11.677497204424018
1547769600,119.53,,141.9247972677878,1,0,0,11.17910454696516
1547856000,123.17,,141.9247972677878,1,0,0,10.864168507896219
1547942400,117.43,,139.7913857869081,1,0,0,10.673156471617917
1548028800,115.86,,134.88574720821728,1,0,0,10.220788152216638
1548115200,118.08,,133.89317248739556,1,0,0,10.142874712772592
1548201600,116.55,,133.89317248739556,1,0,0,9.69552651900312
1548288000,116.4,,132.11751971479043,1,0,0,9.252274624788612
1548374400,114.95,,131.25226774331136,1,0,0,8.809255008732283
1548460800,115.01,,130.78154096898024,1,0,0,8.372165365251405
1548547200,111.35,,127.0958868720822,1,0,0,8.142010696304876
1548633600,105.47,,121.53879818487398,1,0,0,8.36043850371167
1548720000,104.02,,118.36891836638658,1,0,0,8.036121467732265
1548806400,107.61,,118.36891836638658,1,0,0,7.929969934322818
1548892800,105.79,,118.36891836638658,1,0,0,7.7306863675854744
1548979200,105.88,,118.36891836638658,1,0,0,7.513494484186512
1549065600,109.3,,118.36891836638658,1,0,0,7.321102021030333
1549152000,105.94,,118.36891836638658,1,0,0,7.189594733813881
1549238400,106.08,,118.36891836638658,1,0,0,6.858909395684317
1549324800,106,,116.88307755799576,1,0,0,6.470415867421152
1549411200,103.36,,114.4457698021962,1,0,0,6.448243305462498
1549497600,103.21,,114.25819282197656,1,0,0,6.131940212215176
1549584000,117.96,98.75462646022109,,1,0,0,7.101801625628378
1549670400,118.06,105.46466381419897,,1,0,0,6.824530080940636
1549756800,123.94,106.68619743277908,,1,0,0,7.068492218016304
1549843200,119.55,107.87457768950117,,1,0,0,6.982885631015139
1549929600,120.82,107.87457768950117,,1,0,0,6.866250943085485
1550016000,120.74,109.42065792849596,,1,0,0,6.767947304293664
1550102400,119.39,109.42065792849596,,1,0,0,6.605236782558402
1550188800,120.42,109.42065792849596,,1,0,0,6.450577012375659
1550275200,121.56,110.49118462987354,,1,0,0,6.21696436863454
1550361600,132.34,114.8410661668862,,1,0,0,6.684324056589214
1550448000,144.62,124.4479595501976,,1,0,0,7.403300909689984
1550534400,142.69,131.08366359517782,,1,0,0,7.37520798756927
1550620800,147.19,131.08366359517782,,1,0,0,7.579835988457181
1550707200,144.21,131.08366359517782,,1,0,0,7.52699056071024
1550793600,146.68,131.08366359517782,,1,0,0,7.36363409208808
1550880000,157.56,136.08808318479615,,1,0,0,7.910517371224645
1550966400,131.76,,169.91472513368345,1,0,0,9.818337558994314
1551052800,137.64,,157.39025262031512,1,0,0,9.865599161923289
1551139200,135.66,,157.39025262031512,1,0,0,9.70377065035734
1551225600,134.46,,154.52560462245523,1,0,0,10.032072746760386
1551312000,134.48,,154.52560462245523,1,0,0,9.839781836277501
1551398400,134.72,,154.52560462245523,1,0,0,9.423368847971963
1551484800,132.32,,151.14039576976987,1,0,0,9.21741393025968
1551571200,129.78,,149.45235619279288,1,0,0,9.05331293524113
1551657600,125.24,,144.63112057351358,1,0,0,8.940219154152478
1551744000,136.3,,144.63112057351358,1,0,0,9.209489214570159
1551830400,137,,144.63112057351358,1,0,0,9.308811413529432
1551916800,136.29,,144.63112057351358,1,0,0,8.989610598277329
1552003200,132.75,,144.63112057351358,1,0,0,8.952495555543234
1552089600,136.41,,144.63112057351358,1,0,0,8.735888730147288
1552176000,134.66,,144.63112057351358,1,0,0,8.348325249422482
1552262400,132.05,,144.63112057351358,1,0,0,8.094873445892306
1552348800,132.8,,144.63112057351358,1,0,0,8.024525342614286
1552435200,131.16,,144.63112057351358,1,0,0,7.647059246713266
1552521600,131.4,,144.63112057351358,1,0,0,7.542983586233747
1552608000,135.99,,144.63112057351358,1,0,0,7.397770472931336
1552694400,140.48,,144.63112057351358,1,0,0,7.6729297248648125
1552780800,138.07,,144.63112057351358,1,0,0,7.429149030231612
1552867200,137.01,,144.63112057351358,1,0,0,7.300638385215069
1552953600,138.15,,144.63112057351358,1,0,0,6.945592786271136
1553040000,138.73,,144.63112057351358,1,0,0,6.730193301537484
1553126400,134.41,,144.63112057351358,1,0,0,6.744465208570519
1553212800,135.63,,144.63112057351358,1,0,0,6.464860550815483
1553299200,136.52,,144.63112057351358,1,0,0,6.168799082900091
1553385600,135.37,,144.63112057351358,1,0,0,5.963884862692943
1553472000,133.01,,144.12964396656207,1,0,0,5.929321658214876
1553558400,133.28,,142.74867956990587,1,0,0,5.678655825485244
1553644800,139.08,,142.74867956990587,1,0,0,5.751608980807727
1553731200,137.46,,142.74867956990587,1,0,0,5.510779767892891
1553817600,142.83,129.82352259353863,,1,0,0,5.560724070186256
1553904000,142.12,132.58267033418477,,1,0,0,5.546386636601523
1553990400,141.2,132.58267033418477,,1,0,0,5.297359019701415
1554076800,141,132.58267033418477,,1,0,0,5.2182619468656
1554163200,164.69,140.2106466736207,,1,0,0,6.7591003792323425
1554249600,161.33,146.8890820062586,,1,0,0,8.389164637858602
1554336000,157.65,146.8890820062586,,1,0,0,8.599938592297274
1554422400,166.08,146.8890820062586,,1,0,0,8.964228692847469
1554508800,165.79,146.8890820062586,,1,0,0,9.231783786215507
1554595200,174.84,149.89346370430627,,1,0,0,9.493799230057254
1554681600,180.74,159.30711733387565,,1,0,0,9.792099285053167
1554768000,175.83,159.30711733387565,,1,0,0,9.556235050406514
1554854400,177.55,159.30711733387565,,1,0,0,10.023646832520333
1554940800,164.92,159.30711733387565,,1,0,0,10.546243487340309
1555027200,164.27,159.30711733387565,,1,0,0,10.478654666816
1555113600,163.75,159.30711733387565,,1,0,0,10.113750762043427
1555200000,168.27,159.30711733387565,,1,0,0,9.92133999332604
1555286400,160.24,159.30711733387565,,1,0,0,10.19552999380275
1555372800,166.38,159.30711733387565,,1,0,0,10.12013499424541
1555459200,166.54,159.30711733387565,,1,0,0,9.695839637513592
1555545600,174.15,159.30711733387565,,1,0,0,9.728993949119765
1555632000,173.83,159.30711733387565,,1,0,0,9.441208667039783
1555718400,173.73,159.30711733387565,,1,0,0,9.264693762251227
1555804800,169.9,159.30711733387565,,1,0,0,9.182929922090423
1555891200,171.58,159.30711733387565,,1,0,0,8.91557778479825
1555977600,170.14,159.30711733387565,,1,0,0,8.845179371598375
1556064000,165.75,159.30711733387565,,1,0,0,8.983380845055633
1556150400,152.05,,176.28606844089106,1,0,0,9.79456792755166
1556236800,153.41,,171.78246159680194,1,0,0,9.647813075583684
1556323200,155.66,,171.78246159680194,1,0,0,9.420112141613421
1556409600,153.19,,171.78246159680194,1,0,0,9.053675560069605
1556496000,152.36,,169.0713645040686,1,0,0,8.826984448636061
1556582400,160.4,,169.0713645040686,1,0,0,8.830771273733486
1556668800,158.3,,169.0713645040686,1,0,0,8.675716182752522
1556755200,158.7,,169.0713645040686,1,0,0,8.388879312555913
1556841600,164.74,,169.0713645040686,1,0,0,8.621816504516202
1556928000,161.85,,169.0713645040686,1,0,0,8.77097246847933
1557014400,161.25,,169.0713645040686,1,0,0,8.581617292159379
1557100800,171.07,148.07519795793394,,1,0,0,9.267930342719422
1557187200,166.51,152.92717816214054,,1,0,0,9.712363889668037
1557273600,169.58,152.92717816214054,,1,0,0,9.735052183263178
1557360000,170.11,152.92717816214054,,1,0,0,9.616834170172952
1557446400,172.21,152.92717816214054,,1,0,0,9.560631729446312
1557532800,192.52,165.13857309218042,,1,0,0,11.364158034485863
1557619200,188.23,166.91921578296237,,1,0,0,12.109575317736873
1557705600,196.51,169.15529420466615,,1,0,0,12.975319937898524
1557792000,217.44,177.19726478419952,,1,0,0,13.893511370905772
1557878400,249,199.22603830577958,,1,0,0,15.32611770155536
1557964800,264.5,222.93393447520162,,1,0,0,17.058537865729978
1558051200,244.59,222.93393447520162,,1,0,0,19.150785161034978
1558137600,234.03,222.93393447520162,,1,0,0,19.05715764953248
1558224000,261.09,222.93393447520162,,1,0,0,20.005217817423016
1558310400,252.22,222.93393447520162,,1,0,0,20.15413083046423
1558396800,254.74,222.93393447520162,,1,0,0,19.883121485431072
1558483200,243.32,222.93393447520162,,1,0,0,20.00432709361457
1558569600,245.64,222.93393447520162,,1,0,0,19.8311608726421
1558656000,249.83,222.93393447520162,,1,0,0,19.390363667453382
1558742400,251.55,222.93393447520162,,1,0,0,18.752480548349563
1558828800,268.37,222.93393447520162,,1,0,0,19.236589080610308
1558915200,271.24,230.6250233821548,,1,0,0,19.11611843199529
1559001600,271.15,232.63002104393937,,1,0,0,18.539967115424197
1559088000,269.39,232.63002104393937,,1,0,0,18.219255178608183
1559174400,254.62,232.63002104393937,,1,0,0,20.727165522993314
1559260800,267.74,232.63002104393937,,1,0,0,20.925225128493793
1559347200,264.78,232.63002104393937,,1,0,0,20.40842333360138
1559433600,269.23,232.63002104393937,,1,0,0,19.71067880977271
1559520000,249.55,232.63002104393937,,1,0,0,19.99563032336037
1559606400,240.93,232.63002104393937,,1,0,0,19.852371014548915
1559692800,246.32,232.63002104393937,,1,0,0,19.25220165636685
1559779200,249.4,232.63002104393937,,1,0,0,19.017758680912074
1559865600,249.49,232.63002104393937,,1,0,0,18.342204489418354
1559952000,244.3,232.63002104393937,,1,0,0,17.721332740174184
1560038400,231.3,,270.6551063325334,1,0,0,17.77052325873317
1560124800,247.84,,270.6551063325334,1,0,0,17.97548588310937
1560211200,245.11,,270.6551063325334,1,0,0,17.5522368914587
1560297600,262.92,,270.6551063325334,1,0,0,17.784219970640223
1560384000,255.4,,270.6551063325334,1,0,0,17.267489972737348
1560470400,263.8,,270.6551063325334,1,0,0,17.019097831827537
1560556800,269.29,,270.6551063325334,1,0,0,16.641305129554144
1560643200,268.33,,270.6551063325334,1,0,0,16.581926191728847
1560729600,273.97,241.290319457231,,1,0,0,15.986074320891074
1560816000,264.37,241.290319457231,,1,0,0,15.78992615511314
1560902400,268.79,241.290319457231,,1,0,0,15.141360001176485
1560988800,272,243.40747288432135,,1,0,0,14.654834286806734
1561075200,296.25,255.55922559588927,,1,0,0,15.53663183774911
1561161600,308.49,273.13730303630035,,1,0,0,16.004015277909893
1561248000,306.98,280.3935727326703,,1,0,0,15.818014186630615
1561334400,311,280.3935727326703,,1,0,0,15.93244174472843
1561420800,316.59,281.2501939134629,,1,0,0,15.608695905819257
1561507200,334.86,297.5421745221166,,1,0,0,18.528789055403596
1561593600,293.47,,357.556542930095,1,0,0,22.22816126573191
1561680000,309.37,,349.93488863708546,1,0,0,22.300435461036766
1561766400,317,,349.93488863708546,1,0,0,23.082547213819854
1561852800,290.07,,349.93488863708546,1,0,0,24.120222412832725
1561939200,293.7,,342.14471381643534,1,0,0,24.016635097630388
1562025600,291.25,,335.43774243479186,1,0,0,24.145446876371075
1562112000,301.79,,335.43774243479186,1,0,0,23.43648638520171
1562198400,282.8,,335.43774243479186,1,0,0,23.469594500544446
1562284800,288,,335.0221842349632,1,0,0,22.85748060764841
1562371200,287.57,,335.0221842349632,1,0,0,22.149089135673524
1562457600,306.34,,335.0221842349632,1,0,0,22.483439911696845
1562544000,313.24,,335.0221842349632,1,0,0,21.78890848943278
1562630400,307.92,,335.0221842349632,1,0,0,21.36255788304473
1562716800,288.64,,335.0221842349632,1,0,0,22.24237517711296
1562803200,268.68,,321.3632778820131,1,0,0,22.59006266446204
1562889600,275.55,,317.03545009381185,1,0,0,21.900058188429036
1562976000,269.04,,311.7554050844306,1,0,0,21.375054032112672
1563062400,225.76,,294.24536457598754,1,0,0,23.228264458390335
1563148800,228.28,,269.1058281183888,1,0,0,23.916959854219595
1563235200,198.89,,265.9427453065499,1,0,0,25.38503415034677
1563321600,211.4,,260.5499707758949,1,0,0,25.64038885389343
1563408000,226.31,,260.5499707758949,1,0,0,25.50821822147247
1563494400,221.21,,260.5499707758949,1,0,0,24.659774062795865
1563580800,228.89,,260.5499707758949,1,0,0,24.084075915453305
1563667200,225.64,,260.5499707758949,1,0,0,23.278784778635213
1563753600,217.13,,260.5499707758949,1,0,0,22.818157294446987
1563840000,211.93,,256.7427217191124,1,0,0,21.951146059129346
1563926400,216.59,,251.52344954720115,1,0,0,21.64320705490582
1564012800,219.28,,251.52344954720115,1,0,0,20.885120836698263
1564099200,219.35,,251.52344954720115,1,0,0,20.066897919791245
1564185600,207.11,,251.52344954720115,1,0,0,20.18211949694901
1564272000,211.5,,243.61391724791866,1,0,0,19.953396675738368
1564358400,210.73,,243.61391724791866,1,0,0,19.214582627471344
1564444800,209.83,,243.61391724791866,1,0,0,18.596398154080532
1564531200,218.7,,243.61391724791866,1,0,0,17.93879828593192
1564617600,217.55,,243.61391724791866,1,0,1,17.250312694079643
1564704000,217.8,,243.61391724791866,1,0,0,16.586004644502527
1564790400,222.14,,243.61391724791866,1,0,0,16.06629002703806
1564876800,222.81,,243.61391724791866,1,0,0,15.395126453678198
1564963200,233,,243.61391724791866,1,0,0,15.301903135558328
1565049600,225.81,,243.61391724791866,1,0,0,15.45176719730416
1565136000,225.8,,243.61391724791866,1,0,0,15.149498111782435
1565222400,220.81,,243.61391724791866,1,0,0,14.980248246655119
1565308800,210.3,,241.45062302828785,1,0,0,14.96737337189404
1565395200,206.1,,235.18556072545908,1,0,0,14.91970384533018
1565481600,216.06,,235.18556072545908,1,0,0,14.636153570663739
1565568000,211.26,,235.18556072545908,1,0,0,14.087856887044902
1565654400,208.58,,231.9236037688597,1,0,0,13.687295680827408
1565740800,186.3,,223.26624339197372,1,0,0,14.676060275054022
1565827200,188.2,,210.44011905277634,1,0,0,15.089913112550164
1565913600,185.26,,210.44011905277634,1,0,0,14.707776461653724
1566000000,185.59,,210.44011905277634,1,0,0,14.037935285821316
1566086400,194.74,,210.44011905277634,1,0,0,14.096654193976935
1566172800,202.32,,210.44011905277634,1,0,0,13.869036037264296
1566259200,196.56,,210.44011905277634,1,0,0,13.47053346317399
1566345600,187.37,,210.44011905277634,1,0,0,13.734781072947275
1566432000,190.41,,210.44011905277634,1,0,0,13.6522967105939
1566518400,194.59,,210.44011905277634,1,0,0,13.25570408840862
1566604800,190.89,,210.44011905277634,1,0,0,12.921010939236576
1566691200,186.59,,210.44011905277634,1,0,0,12.763795872148249
1566777600,188.3,,210.44011905277634,1,0,0,12.478524738423374
1566864000,186.94,,208.65236113500598,1,0,0,11.920772971393133
1566950400,172.79,,201.10262502150536,1,0,0,12.642146330579337
1567036800,168.82,,192.30136251935483,1,0,0,12.449135878395099
1567123200,168.4,,190.27622626741936,1,0,0,11.926340458509733
1567209600,171.93,,190.27622626741936,1,0,0,11.753030425759038
1567296000,171.29,,190.27622626741936,1,0,0,11.338528252490534
1567382400,178.8,,190.27622626741936,1,0,0,11.331490520169782
1567468800,178.96,,190.27622626741936,1,0,0,11.16138405444337
1567555200,174.82,,190.27622626741936,1,0,0,10.866999479125989
1567641600,174,,190.27622626741936,1,0,0,10.590785230616989
1567728000,169.2,,190.27622626741936,1,0,0,10.795729142715773
1567814400,178.08,,190.27622626741936,1,0,0,10.931034203950361
1567900800,181.56,,190.27622626741936,1,0,0,10.773103189382478
1567987200,180.63,,190.27622626741936,1,0,0,10.710024390140871
1568073600,179.64,,190.27622626741936,1,0,0,10.512879790845096
1568160000,178.3,,190.27622626741936,1,0,0,10.389816948641876
1568246400,181.09,,190.27622626741936,1,0,0,10.090544309453168
1568332800,181.65,,190.27622626741936,1,0,0,9.675505430206513
1568419200,188.85,,190.27622626741936,1,0,0,9.621540756620334
1568505600,189.3,,190.27622626741936,1,0,0,9.269287845433167
1568592000,197.59,176.25647263736371,,1,0,0,9.415767285045083
1568678400,207.95,185.59882537362734,,1,0,0,10.123926764684722
1568764800,210.27,192.73444283626463,,1,0,0,10.114360567207243
1568851200,220.8,192.73444283626463,,1,0,1,11.086906240978156
1568937600,218.06,194.83654869737433,,1,0,0,11.036412938051145
1569024000,214.8,195.7098938276369,,1,0,0,10.83809772819035
1569110400,211.1,195.7098938276369,,1,0,0,10.737519319033895
1569196800,200.8,195.7098938276369,,1,0,0,10.929125081960043
1569283200,166.26,,209.04266739965271,1,0,0,13.360616147534326
1569369600,170,,197.2769006596874,1,0,0,13.334857851281873
1569456000,165.85,,191.0072105937187,1,0,0,13.731653719047452
1569542400,174.44,,191.0072105937187,1,0,0,13.897249881972636
1569628800,173.9,,191.0072105937187,1,0,0,13.46101774754602
1569715200,169.38,,191.0072105937187,1,0,0,13.27951647986416
1569801600,181.17,,191.0072105937187,1,0,0,13.520265302731007
1569888000,176.15,,191.0072105937187,1,0,0,13.414532066821648
1569974400,180.82,,191.0072105937187,1,0,0,12.992779776334388
1570060800,175.05,,191.0072105937187,1,0,0,12.898295506596215
1570147200,175.97,,191.0072105937187,1,0,0,12.614131541839342
1570233600,176.73,,191.0072105937187,1,0,0,12.054550717422247
1570320000,170.18,,191.0072105937187,1,0,0,11.880654237606374
1570406400,180.26,,191.0072105937187,1,0,0,12.024178934920203
1570492800,180.72,,191.0072105937187,1,0,0,11.728166153854476
1570579200,193.26,163.58631153046707,,1,0,0,12.0968685714363
1570665600,191.79,167.90518037742035,,1,0,0,11.772806530619421
1570752000,180.84,167.90518037742035,,1,0,0,12.267606064146607
1570838400,179.86,167.90518037742035,,1,0,0,11.934205630993278
1570924800,181.18,167.90518037742035,,1,0,0,11.518905228779472
1571011200,186.85,167.90518037742035,,1,0,0,11.223983426723795
1571097600,180.58,167.90518037742035,,1,0,0,11.286556039100669
1571184000,174.5,167.90518037742035,,1,0,0,11.158944893450622
1571270400,177.31,167.90518037742035,,1,0,0,10.856163115347007
1571356800,172.96,167.90518037742035,,1,0,0,10.73429432139365
1571443200,172.09,167.90518037742035,,1,0,0,10.380416155579818
1571529600,175.49,167.90518037742035,,1,0,0,10.188243573038402
1571616000,174.37,167.90518037742035,,1,0,0,9.928369032107089
1571702400,171.3,167.90518037742035,,1,0,0,9.571342672670868
1571788800,162.49,,183.75061420992418,1,0,0,10.391246767480093
1571875200,160.67,,180.67305278893176,1,0,0,10.013300569802942
1571961600,181.66,151.42025248996143,,1,0,0,11.238779100531303
1572048000,180.03,161.0907272409653,,1,0,0,12.267437736207638
1572134400,184.41,161.0907272409653,,1,0,0,12.272620755049951
1572220800,182.02,161.0907272409653,,1,0,0,12.03886212968924
1572307200,191.1,162.95334015866368,,1,0,0,12.01394340614001
1572393600,183.38,162.95334015866368,,1,0,0,12.023661734272865
1572480000,182.38,162.95334015866368,,1,0,1,11.711971610396231
1572566400,183.19,162.95334015866368,,1,0,0,11.418259352510788
1572652800,183.25,162.95334015866368,,1,0,0,10.908383684474304
1572739200,181.73,162.95334015866368,,1,0,0,10.549927707011852
1572825600,186.25,164.78367898226037,,1,0,0,10.442790013653863
1572912000,188.88,166.80081108403436,,1,0,0,10.461876441250014
1572998400,191.13,171.60622997563092,,1,0,0,10.195313838303585
1573084800,186.42,171.60622997563092,,1,0,0,10.047791421281902
1573171200,183.62,171.60622997563092,,1,0,0,9.857234891190336
1573257600,184.77,171.60622997563092,,1,0,0,9.402432398962452
1573344000,188.88,171.60622997563092,,1,0,0,9.344401513322278
1573430400,184.65,171.60622997563092,,1,0,0,9.121944262370686
1573516800,186.98,171.60622997563092,,1,0,0,8.841805386487067
1573603200,187.72,171.60622997563092,,1,0,0,8.512390716023704
1573689600,184.55,171.60622997563092,,1,0,0,8.311505664879153
1573776000,179.82,171.60622997563092,,1,0,0,8.402826688816356
1573862400,182.25,171.60622997563092,,1,0,0,8.104053353900902
1573948800,183.88,171.60622997563092,,1,0,0,7.972335257193693
1574035200,177.85,171.60622997563092,,1,0,0,8.145025595965572
1574121600,175.73,171.60622997563092,,1,0,0,7.974666624825174
1574208000,174.35,171.60622997563092,,1,0,0,7.690047580194805
1574294400,160.82,,182.11990911265286,1,0,0,8.604329895895177
1574380800,149.97,,170.3824182013876,1,0,0,9.764734903331235
1574467200,152,,170.2306763812488,1,0,0,9.650825267379004
1574553600,139.99,,166.59010874312395,1,0,0,10.008623462566216
1574640000,145.91,,164.38009786881153,1,0,0,10.714436072382913
1574726400,147.83,,164.38009786881153,1,0,0,10.401262067212707
1574812800,153,,164.38009786881153,1,0,0,10.72045763384037
1574899200,151.01,,164.38009786881153,1,0,0,10.3611392314232
1574985600,154.75,,164.38009786881153,1,0,0,10.137486429178685
1575072000,151.78,,164.38009786881153,1,0,0,9.831237398523063
1575158400,150.97,,164.38009786881153,1,0,0,9.607577584342843
1575244800,148.97,,164.38009786881153,1,0,0,9.26632204260407
1575331200,147.33,,164.38009786881153,1,0,0,8.913727610989495
1575417600,145.5,,164.38009786881153,1,0,0,8.97917563877596
1575504000,148.18,,163.12594129622204,1,0,0,8.705663093149104
1575590400,148.82,,163.12594129622204,1,0,0,8.376687157924168
1575676800,147.43,,163.12594129622204,1,0,0,7.969780932358157
1575763200,150.68,,163.12594129622204,1,0,0,7.803368008618287
1575849600,147.3,,163.07343258445127,1,0,0,7.587413150859838
1575936000,145.54,,159.49108932600615,1,0,0,7.360455068655564
1576022400,143.29,,157.1344803934055,1,0,0,7.140422563751595
1576108800,144.69,,155.700032354065,1,0,0,7.131820952055053
1576195200,144.7,,155.700032354065,1,0,0,6.791690884051121
1576281600,141.73,,154.88352620679262,1,0,0,6.586570106618898
1576368000,142.38,,153.36517358611337,1,0,0,6.41538652757469
1576454400,132.36,,148.80315622750203,1,0,0,6.921430347033641
1576540800,121.83,,140.43284060475182,1,0,0,7.367042465102666
1576627200,132.89,,140.43284060475182,1,0,0,8.166539431881047
1576713600,128.18,,140.43284060475182,1,0,0,8.185358043889543
1576800000,128.37,,140.43284060475182,1,0,0,7.858546755040291
1576886400,127.09,,140.43284060475182,1,0,0,7.4272219868231275
1576972800,132.4,,140.43284060475182,1,0,0,7.348848987764333
1577059200,127.78,,140.43284060475182,1,0,0,7.472502631495453
1577145600,127.71,,140.43284060475182,1,0,0,7.153038157817206
1577232000,124.96,,138.83590304950224,1,0,0,6.971392575115977
1577318400,125.49,,138.83590304950224,1,0,0,7.044864534036265
1577404800,126.23,,137.60543147009682,1,0,0,6.866659924462246
1577491200,127.91,,137.60543147009682,1,0,0,6.647612787000656
1577577600,134.3,,137.60543147009682,1,0,0,6.932069016500608
1577664000,131.1,,137.60543147009682,1,0,0,6.878349801036279
1577750400,128.54,,137.60543147009682,1,0,0,6.786324815247974
1577836800,130.19,,137.60543147009682,1,0,0,6.627301614158832
1577923200,126.81,,137.60543147009682,1,0,0,6.465351498861772
1578009600,134.17,,137.60543147009682,1,0,0,6.67568353465736
1578096000,134.14,,137.60543147009682,1,0,0,6.430991853610406
1578182400,135.31,,137.60543147009682,1,0,0,6.316635292638234
1578268800,144.19,126.82980476866167,,1,0,0,6.560447057449788
1578355200,143.08,129.1943242917955,,1,0,0,6.553272267631947
1578441600,140.6,129.1943242917955,,1,0,0,6.86875281994395
1578528000,137.71,129.1943242917955,,1,0,0,6.825270475662238
1578614400,144.72,129.1943242917955,,1,0,0,7.091322584543508
1578700800,142.63,130.87252816784704,,1,0,0,7.013370971361828
1578787200,146.6,130.87252816784704,,1,0,0,6.853130187693125
1578873600,143.51,131.26814781595613,,1,0,0,6.713620888572188
1578960000,165.76,139.71033303436047,,1,0,0,8.189790825102747
1579046400,166.29,147.35829973092444,,1,0,0,8.536948623309694
1579132800,163.93,147.35829973092444,,1,0,0,8.57788086450186
1579219200,169.59,149.30287278204878,,1,0,0,8.858746517037444
1579305600,174.06,152.1740855038439,,1,0,0,9.254550337249055
1579392000,166.75,152.1740855038439,,1,0,0,9.757796741731267
1579478400,166.68,152.1740855038439,,1,0,0,9.646525545893322
1579564800,169.19,152.1740855038439,,1,0,0,9.366059435472371
1579651200,167.68,152.1740855038439,,1,0,0,9.082769475795773
1579737600,162.4,152.1740855038439,,1,0,0,9.10185737038179
1579824000,162.3,152.1740855038439,,1,0,0,9.146724701068807
1579910400,160.12,152.1740855038439,,1,0,0,8.851244365278179
1579996800,167.35,152.1740855038439,,1,0,0,8.826155482044024
1580083200,169.77,152.1740855038439,,1,0,0,8.682144376183738
1580169600,175.99,156.0349597949723,,1,0,0,8.542705492170613
1580256000,173.45,159.28946381547507,,1,0,0,8.302512242729856
1580342400,184.55,160.27951743392757,,1,0,0,8.915904225392008
1580428800,179.74,161.85506569053481,,1,0,0,9.041911066435437
1580515200,183.5,163.92355912148133,,1,0,0,8.767488847404334
1580601600,188.29,167.43320320933321,,1,0,0,9.179811072589741
1580688000,189.42,172.0028828883999,,1,0,0,9.164110281690474
1580774400,188.24,172.0028828883999,,1,0,0,9.015245261569728
1580860800,204,176.75863513960388,,1,0,0,9.87415631431475
1580947200,212.95,186.7387716256435,,1,0,0,10.308145149006554
1581033600,223.22,196.89339446307918,,1,0,0,10.417563352648942
1581120000,223.37,198.01805501677123,,1,0,0,10.756308827459732
1581206400,228.8,204.96024951509412,,1,0,0,10.540858196926894
1581292800,222.85,204.96024951509412,,1,0,0,10.737225468574973
1581379200,237.98,204.96024951509412,,1,0,0,11.54813793510533
1581465600,266.49,227.19197189650356,,1,0,0,13.451842368312091
1581552000,268.42,234.15577470685326,,1,0,0,14.22385362771837
1581638400,286.27,239.93319723616793,,1,0,0,15.197149797167059
1581724800,264.92,239.93319723616793,,1,0,0,16.15806766879798
1581811200,258.5,239.93319723616793,,1,0,0,17.691777121026696
1581897600,268.03,239.93319723616793,,1,0,0,18.330935898096218
1581984000,283.31,239.93319723616793,,1,0,0,18.99515476251792
1582070400,258.66,239.93319723616793,,1,0,0,20.290500850909496
1582156800,257.4,239.93319723616793,,1,0,0,20.19903650441596
1582243200,265.8,239.93319723616793,,1,0,0,19.799819611243397
1582329600,262.08,239.93319723616793,,1,0,0,19.152689639011726
1582416000,275.48,239.93319723616793,,1,0,0,18.862497521939463
1582502400,265.31,239.93319723616793,,1,0,0,19.091604841800933
1582588800,246.5,239.93319723616793,,1,0,0,19.285061638815154
1582675200,223.5,,277.0957798035255,1,0,0,20.443985807471215
1582761600,227.63,,269.6877018231729,1,0,0,21.10798682122327
1582848000,227.37,,269.5209316408556,1,0,0,21.119559191135895
1582934400,217.31,,269.1033384767701,1,0,0,20.78887639176904
1583020800,217.26,,262.6685046290931,1,0,0,20.481813792356967
1583107200,232.12,,262.6685046290931,1,0,0,20.35811280718861
1583193600,223.75,,262.6685046290931,1,0,0,19.826819035246565
1583280000,224.56,,262.6685046290931,1,0,1,19.013474818443246
1583366400,228.64,,262.6685046290931,1,0,0,18.368226617125874
1583452800,245.56,,262.6685046290931,1,0,0,18.346924715902595
1583539200,237.75,,262.6685046290931,1,0,0,18.203572950480982
1583625600,199.46,,257.7050299112309,1,0,0,19.8854605968752
1583712000,202.77,,239.7570269201078,1,0,0,19.8079276970984
1583798400,200.5,,239.403324228097,1,0,0,19.186647147305656
1583884800,194.61,,231.1964918052873,1,0,0,19.38617235106954
1583971200,110.3,,202.5998426247586,1,0,0,24.745731468850288
1584057600,135.51,,179.35285836228272,1,0,0,27.121036363932408
1584144000,122.17,,179.35285836228272,1,0,0,26.268819480794377
1584230400,123.3,,179.35285836228272,1,0,0,25.411046660737636
1584316800,111.38,,165.7998137461041,1,0,1,25.256686184970665
1584403200,116.09,,165.7998137461041,1,0,0,24.297637171758474
1584489600,118.6,,161.8759991343443,1,0,0,23.18352023091858
1584576000,136.68,,161.8759991343443,1,0,0,23.578983071567254
1584662400,133.27,,161.8759991343443,1,0,0,24.64405570931245
1584748800,132.79,,161.8759991343443,1,0,0,23.72662315864727
1584835200,122.42,,161.8759991343443,1,0,0,23.209007218743896
1584921600,137,,161.8759991343443,1,0,0,22.89407813169076
1585008000,139,,161.8759991343443,1,0,0,22.053072550855706
1585094400,136.26,,161.8759991343443,1,0,0,21.212853082937443
1585180800,139,,161.8759991343443,1,0,0,20.18622071987048
1585267200,131.56,,161.8759991343443,1,0,0,19.637204954165444
1585353600,131.35,,161.8759991343443,1,0,0,18.862404600296486
1585440000,124.35,,161.3434110130816,1,0,0,18.11937570027531
1585526400,132.32,,161.3434110130816,1,0,0,17.641563150255646
1585612800,133.08,,161.3434110130816,1,0,0,16.731451496665958
1585699200,136.14,,161.3434110130816,1,0,0,16.164919246904105
1585785600,141.53,,161.3434110130816,1,0,0,16.0817107292681
1585872000,141.54,,161.3434110130816,1,0,0,15.562302820034663
1585958400,144.48,,161.3434110130816,1,0,0,14.997138332889332
1586044800,142.79,,161.3434110130816,1,0,0,14.295199880540093
1586131200,171.5,129.1590722354155,,1,0,0,15.374114174787229
1586217600,164.57,140.57716501187392,,1,0,0,15.372391733730996
1586304000,173.36,141.16294851068653,,1,0,0,15.080078038464496
1586390400,169.75,142.6186536596179,,1,0,0,14.590786750002747
1586476800,158.1,142.6186536596179,,1,0,0,14.840730553573978
1586563200,158.55,142.6186536596179,,1,0,0,14.302106942604409
1586649600,158.87,142.6186536596179,,1,0,0,14.004813589561236
1586736000,156.76,142.6186536596179,,1,0,0,13.70018404744972
1586822400,158.65,142.6186536596179,,1,0,0,13.253028044060455
1586908800,152.77,142.6186536596179,,1,0,0,12.972811755198995
1586995200,172.55,142.6186536596179,,1,0,0,13.983325201256207
1587081600,170.89,146.476651644262,,1,0,0,13.455944829737906
1587168000,187.88,154.0579864798358,,1,0,0,13.961234484756627
1587254400,180.39,156.33968783185222,,1,0,0,13.920432021559723
1587340800,170.5,156.33968783185222,,1,0,0,14.373972591448313
1587427200,171.07,156.33968783185222,,1,0,0,13.810831692059148
1587513600,183.11,156.33968783185222,,1,0,0,13.852200856912065
1587600000,185.66,159.12960068647826,,1,0,0,14.035615081418346
1587686400,187.84,161.68364061783043,,1,0,0,13.385928289888465
1587772800,194.42,166.45827655604737,,1,0,0,13.30336198346786
1587859200,197.83,171.71394890044263,,1,0,0,12.885978984648728
1587945600,196.78,171.71394890044263,,1,0,0,12.666266200030963
1588032000,196.67,172.47879860935853,,1,0,0,12.150818614314463
1588118400,215.66,183.0534187484227,,1,0,0,12.922188713292003
1588204800,206.23,187.30457687358043,,1,0,0,13.799175233771146
1588291200,212.09,187.30457687358043,,1,0,0,13.627805574216065
1588377600,214.25,187.6717072676001,,1,0,0,13.012962318914918
1588464000,210.24,187.6717072676001,,1,0,0,13.097750724706708
1588550400,206.86,187.6717072676001,,1,0,0,13.290054244370518
1588636800,205.43,187.6717072676001,,1,0,0,13.115050369772622
1588723200,199.26,187.6717072676001,,1,0,0,13.10897534336029
1588809600,212.47,187.6717072676001,,1,0,0,13.541905675977414
1588896000,211.59,187.6717072676001,,1,0,0,13.274626699121885
1588982400,210,187.6717072676001,,1,0,0,12.792153363470321
1589068800,187.73,187.6717072676001,,1,0,0,14.024856694651012
1589155200,185.93,,214.2452301096415,1,0,0,14.261652645033083
1589241600,190.1,,214.2452301096415,1,0,0,13.75010602753072
1589328000,199.92,,214.2452301096415,1,0,0,13.71295559699281
1589414400,203.4,,214.2452301096415,1,0,0,13.487030197207611
1589500800,194.7,,214.2452301096415,1,0,0,13.44867089740707
1589587200,200.53,,214.2452301096415,1,0,0,13.21090869044942
1589673600,207.05,,214.2452301096415,1,0,0,13.045843783988747
1589760000,214.97,186.8589230287718,,1,0,0,12.828283513703838
1589846400,214.71,188.5880307258946,,1,0,0,12.38483469129642
1589932800,209.96,188.5880307258946,,1,0,0,12.243060784775249
1590019200,198.62,188.5880307258946,,1,0,0,12.814985014434159
1590105600,207.32,188.5880307258946,,1,0,0,12.839628941974576
1590192000,206.66,188.5880307258946,,1,0,0,12.403941160404965
1590278400,199.63,188.5880307258946,,1,0,0,12.330088220376037
1590364800,204.06,188.5880307258946,,1,0,0,11.99936763320632
1590451200,200.91,188.5880307258946,,1,0,0,11.740841373691582
1590537600,208.41,188.5880307258946,,1,0,0,11.453638418427898
1590624000,220.415,189.68789168240312,,1,0,0,11.790878531397336
1590710400,220.62,199.10485251416281,,1,0,0,11.467601493440384
1590796800,243.84,207.18261726274656,,1,0,0,12.722058529623213
1590883200,231.54,211.16385553647189,,1,0,0,12.956197206078699
1590969600,248.41,213.18446998282468,,1,0,0,13.521468834215934
1591056000,237.71,213.18446998282468,,1,0,0,14.555649631771939
1591142400,244.6,213.18446998282468,,1,0,0,14.380960372359656
1591228800,243.18,213.18446998282468,,1,0,0,14.108034631476825
1591315200,240.04,215.21380825573127,,1,0,0,13.761032157799908
1591401600,241.92,215.21380825573127,,1,0,0,13.267387003671345
1591488000,244.81,215.21380825573127,,1,0,0,13.103287931980534
1591574400,246.55,219.4240912184281,,1,0,0,12.67805307969621
1591660800,244.03,219.76018209658528,,1,0,0,12.563906431146481
1591747200,248.16,222.43816388692676,,1,0,0,12.268627400350306
1591833600,230.15,222.43816388692676,,1,0,0,13.182296871753858
1591920000,237.53,222.43816388692676,,1,0,0,13.076418523771439
1592006400,238.17,222.43816388692676,,1,0,0,12.477388629216335
1592092800,231.34,222.43816388692676,,1,0,0,12.217575155700883
1592179200,230.98,222.43816388692676,,1,0,0,12.502748358865107
1592265600,235.34,222.43816388692676,,1,0,0,12.126837761803314
1592352000,233.71,222.43816388692676,,1,0,0,11.939206493103077
1592438400,231.05,222.43816388692676,,1,0,0,11.595691743595713
1592524800,228.66,222.43816388692676,,1,0,0,11.158142333338876
1592611200,228.8,222.43816388692676,,1,0,0,10.730417880957528
1592697600,227.68,222.43816388692676,,1,0,0,10.280388032317703
1592784000,243.23,222.43816388692676,,1,0,0,10.956788887152154
1592870400,243.12,223.02818494299257,,1,0,0,10.464875395212715
1592956800,234.44,223.02818494299257,,1,0,0,11.030241438411807
1593043200,231.97,223.02818494299257,,1,0,0,10.82736704995382
1593129600,229.44,223.02818494299257,,1,0,0,10.478983689242833
1593216000,220.76,,244.34490835890256,1,0,0,10.869056282868344
1593302400,224.76,,243.8494175230123,1,0,0,10.848409405520608
1593388800,227.81,,243.8494175230123,1,0,0,10.716380162269136
1593475200,225.48,,243.8494175230123,1,0,0,10.36235300782134
1593561600,231.03,,243.8494175230123,1,0,0,10.24075636440553
1593648000,226.48,,243.8494175230123,1,0,0,10.178559481233707
1593734400,225.06,,243.8494175230123,1,0,0,9.733662375431297
1593820800,229.34,,243.8494175230123,1,0,0,9.505543634329062
1593907200,227.67,,243.8494175230123,1,0,0,9.2858619461627
1593993600,241.65,,243.8494175230123,1,0,0,9.687586092865363
1594080000,239.37,,243.8494175230123,1,0,0,9.657758514803549
1594166400,247.14,224.47796771172645,,1,0,0,9.760061478031869
1594252800,242,224.47796771172645,,1,0,0,9.822199943886735
1594339200,241.2,224.47796771172645,,1,0,0,9.58918566218054
1594425600,239.17,224.47796771172645,,1,0,0,9.200672400596217
1594512000,242.81,224.47796771172645,,1,0,0,9.071338657696488
1594598400,239.44,224.47796771172645,,1,0,0,9.023385896432455
1594684800,240.43,224.47796771172645,,1,0,0,8.761001189544421
1594771200,238.33,224.47796771172645,,1,0,0,8.49807253314839
1594857600,233.41,224.47796771172645,,1,0,0,8.561781637923504
1594944000,232.63,224.47796771172645,,1,0,0,8.213082949500398
1595030400,235.72,224.47796771172645,,1,0,0,7.964291310250369
1595116800,239.17,224.47796771172645,,1,0,0,7.875413359518199
1595203200,236.1,224.47796771172645,,1,0,0,7.737883833838329
1595289600,245.65,226.27910725388048,,1,0,0,8.00017784570702
1595376000,264.28,236.30469652849243,,1,0,0,9.419450856727947
1595462400,275.68,249.52472687564318,,1,0,0,10.353775795533092
1595548800,279.59,254.57025418807888,,1,0,0,11.000648952995016
1595635200,305.66,267.55572876927096,,1,0,0,12.387031170638233
1595721600,311.35,281.5761558923438,,1,0,0,12.90581465844979
1595808000,322.24,292.6490403031095,,1,0,0,13.62611361141766
1595894400,317.59,292.6490403031095,,1,0,0,14.15639121060211
1595980800,318.16,292.6490403031095,,1,0,0,14.087363266987674
1596067200,335.31,295.0759103809668,,1,0,0,15.072551605059983
1596153600,346.86,304.7213193428702,,1,0,0,15.52379791898427
1596240000,387.4,327.9336874085831,,1,0,0,18.004240924771107
1596326400,372.21,327.9336874085831,,1,0,0,23.093223715858887
1596412800,386.22,327.9336874085831,,1,0,0,23.825850593297538
1596499200,389.82,337.2532831208571,,1,0,0,23.764718408062
1596585600,401.21,341.6904548087714,,1,0,0,23.79152423605757
1596672000,395.28,346.0934093278943,,1,0,0,23.022843933482026
1596758400,379.75,346.0934093278943,,1,0,0,23.927640795376167
1596844800,397.51,346.0934093278943,,1,0,0,23.924237881420726
1596931200,390.41,346.0934093278943,,1,0,0,23.428220889890675
1597017600,395.78,346.0934093278943,,1,0,0,22.80977654061277
1597104000,378.88,346.0934093278943,,1,0,0,23.575506787711863
1597190400,387.27,346.0934093278943,,1,0,0,23.632970588589586
1597276800,424.94,347.9937648904629,,1,0,0,25.979186975118903
1597363200,438.83,374.8633884014166,,1,0,0,26.118530762610412
1597449600,432.55,381.6395495612749,,1,0,0,25.34792142242395
1597536000,433.7,381.6395495612749,,1,0,0,25.28664132082224
1597622400,431.5,381.6395495612749,,1,0,0,25.409024083620654
1597708800,422.31,381.6395495612749,,1,0,0,25.010522363362035
1597795200,407.59,381.6395495612749,,1,0,0,25.59691362312189
1597881600,415.92,381.6395495612749,,1,0,0,25.002848364327466
1597968000,388.05,381.6395495612749,,1,0,0,25.639787766875507
1598054400,395.62,381.6395495612749,,1,0,0,25.251231497812974
1598140800,390.9,381.6395495612749,,1,0,0,24.61400067654062
1598227200,407.76,381.6395495612749,,1,0,0,24.58800062821629
1598313600,383.33,381.6395495612749,,1,0,0,25.68528629762941
1598400000,386.1,381.6395495612749,,1,0,0,24.98919441922731
1598486400,383.25,381.6395495612749,,1,0,0,25.036394817853928
1598572800,395.47,381.6395495612749,,1,0,0,24.56879518800722
1598659200,398.58,381.6395495612749,,1,0,0,23.776738388863844
1598745600,428.94,381.6395495612749,,1,0,0,24.339828503944997
1598832000,433.89,381.6395495612749,,1,0,0,24.089840753663207
1598918400,475.57,404.1380354348234,,1,0,0,26.604137842687262
1599004800,440.02,404.1380354348234,,1,0,0,29.033842282495318
1599091200,382.87,,482.2968412977931,1,0,0,32.74571069088851
1599177600,388.96,,452.6671571680138,1,0,0,33.37101707011076
1599264000,335.25,,434.69144145121237,1,0,0,37.01451585081713
1599350400,352.77,,421.60729730609114,1,0,0,37.526336147187344
1599436800,353.71,,421.60729730609114,1,0,0,37.38088356524539
1599523200,337.48,,421.20391081793383,1,0,0,36.97153473915643
1599609600,351.1,,421.20391081793383,1,0,0,36.38856797207383
1599696000,368.06,,421.20391081793383,1,0,0,35.75795597406856
1599782400,373.93,,421.20391081793383,1,0,0,34.60167340449223
1599868800,387.81,,421.20391081793383,1,0,0,33.79941101845707
1599955200,366.58,,421.20391081793383,1,0,0,34.015881659995856
1600041600,377.28,,421.20391081793383,1,0,0,33.65403296999615
1600128000,364.2,,421.20391081793383,1,0,0,32.69731632928214
1600214400,365.23,,421.20391081793383,1,0,0,31.67393659147627
1600300800,389.45,,421.20391081793383,1,0,0,31.63651254922797
1600387200,384.64,,421.20391081793383,1,0,0,30.626761652854544
1600473600,385.23,,421.20391081793383,1,0,0,29.24127867765065
1600560000,370.69,,421.20391081793383,1,0,0,28.611187343532748
1600646400,340.11,,412.30122998967016,1,0,0,29.836102533280407
1600732800,344.26,,396.03810699070317,1,0,0,28.509952352331805
1600819200,320.63,,384.4977962916328,1,0,0,28.733527184308105
1600905600,349.14,,384.4977962916328,1,0,0,29.28756095685753
1600992000,352.11,,384.4977962916328,1,0,0,28.65916374565342
1601078400,354.13,,384.4977962916328,1,0,0,27.359937763821033
1601164800,357.55,,384.4977962916328,1,0,0,26.53494220926239
1601251200,353.91,,384.4977962916328,1,0,0,25.828160622886504
1601337600,359.9,,384.4977962916328,1,0,0,24.726149149823183
1601424000,359.89,,384.4977962916328,1,0,0,23.683567067692955
1601510400,352.9,,384.4977962916328,1,0,0,23.79474084857203
1601596800,345.7,,384.4977962916328,1,0,0,23.5279736451026
1601683200,346.18,,384.4977962916328,1,0,0,22.38240409902384
1601769600,352.48,,384.4977962916328,1,0,0,21.517232377665
1601856000,353.73,,384.4977962916328,1,0,0,20.511001493546072
1601942400,340.78,,382.415272211719,1,0,0,20.374501386864207
1602028800,341.68,,372.5887449905471,1,0,0,19.630608430659617
1602115200,351.25,,372.5887449905471,1,0,0,19.589136399898216
1602201600,365.36,,372.5887449905471,1,0,0,19.72919808561977
1602288000,370.75,,372.5887449905471,1,0,0,19.44782679378979
1602374400,374.38,339.65811941170205,,1,0,0,18.663696308519093
1602460800,386.74,344.35580747053183,,1,0,0,19.43128942933916
1602547200,381.37,345.8597267234787,,1,0,0,19.01405447010065
1602633600,378.97,345.8892540511308,,1,0,0,18.68019343652203
1602720000,377.94,345.8892540511308,,1,0,0,18.19803676248474
1602806400,365.57,345.8892540511308,,1,0,0,18.228176993735833
1602892800,368.48,345.8892540511308,,1,0,0,17.426878637040414
1602979200,378.58,345.8892540511308,,1,0,0,16.994958734394668
1603065600,379.36,348.55204962465217,,1,0,0,16.62389025336648
1603152000,368.81,348.55204962465217,,1,0,0,16.64075523526887
1603238400,391.53,350.9004601959683,,1,0,0,17.920701289892524
1603324800,414.7,369.37641417637144,,1,0,0,18.79350834061449
1603411200,409.52,373.5797727587343,,1,0,0,18.734686316284886
1603497600,412.58,377.05629548286083,,1,0,0,18.08220872226454
1603584000,406.46,377.05629548286083,,1,0,0,17.857765242102786
1603670400,393.12,377.05629548286083,,1,0,0,18.67221058195259
1603756800,404.55,377.05629548286083,,1,0,0,18.868481254670257
1603843200,388.63,377.05629548286083,,1,0,0,19.593589736479522
1603929600,387.6,377.05629548286083,,1,0,0,19.14047618387384
1604016000,382.77,377.05629548286083,,1,0,0,19.113299313597143
1604102400,386.74,377.05629548286083,,1,0,0,18.693777934054488
1604188800,396.91,377.05629548286083,,1,0,0,18.25565093876488
1604275200,383.33,377.05629548286083,,1,0,0,18.8238187288531
1604361600,388.32,377.05629548286083,,1,0,0,18.89711739107788
1604448000,403.18,377.05629548286083,,1,0,0,19.85875186314375
1604534400,417.17,377.05629548286083,,1,0,0,20.21312673006205
1604620800,456.65,391.3500948985309,,1,0,0,21.86576053505762
1604707200,435.73,395.48858540867786,,1,0,0,23.588206211124938
1604793600,454.61,395.57472686781006,,1,0,0,23.897620053187442
1604880000,444.81,395.749254181029,,1,0,0,24.0599329065312
1604966400,450.89,398.15582876292615,,1,0,0,23.494937698921827
1605052800,463.79,413.65374588663354,,1,0,0,23.734585006141696
1605139200,462.98,413.65374588663354,,1,0,0,23.359971791417287
1605225600,477.14,420.2385841681732,,1,0,0,23.167830949173197
1605312000,461.16,420.2385841681732,,1,0,0,23.35798588137511
1605398400,448.58,420.2385841681732,,1,0,0,23.36598688984832
1605484800,460.85,420.2385841681732,,1,0,0,23.146987826287724
1605571200,482.68,424.9929835727384,,1,0,0,23.275774410124313
1605657600,478.96,425.4751852154646,,1,0,0,24.411790523686864
1605744000,471.92,425.4751852154646,,1,0,0,23.79737691485209
1605830400,510.43,440.32420002452625,,1,0,0,25.216135706648373
1605916800,553.07,470.9397800220736,,1,0,0,27.090697441887777
1606003200,560.82,480.5028020198663,,1,0,0,30.20136191032436
1606089600,609.26,509.0495218178796,,1,0,0,32.43197891672976
1606176000,605.45,533.5420696360917,,1,0,0,32.68469470839192
1606262400,568.79,533.5420696360917,,1,0,0,34.09935937207821
1606348800,520.34,,615.4434735947657,1,0,0,38.58654798835834
1606435200,519.07,,598.2531262352892,1,0,0,38.53750884633274
1606521600,538.11,,598.2531262352892,1,0,0,38.91482964302327
1606608000,576.76,,598.2531262352892,1,0,0,39.460198954235885
1606694400,617,506.8559709744743,,1,0,0,39.91947045750475
1606780800,586.03,506.8559709744743,,1,0,0,42.319508281968695
1606867200,597.35,506.8559709744743,,1,0,0,41.43097197611378
1606953600,616.65,516.7912678403917,,1,0,0,41.21875969210566
1607040000,567.6,516.7912678403917,,1,0,0,42.17170542838382
1607126400,597.29,516.7912678403917,,1,0,0,41.78301218349926
1607212800,601.95,516.7912678403917,,1,0,0,40.52351131324932
1607299200,591.47,516.7912678403917,,1,0,0,38.97611764801723
1607385600,554.79,516.7912678403917,,1,0,0,39.57425210173028
1607472000,573.38,516.7912678403917,,1,0,0,40.201091237320966
1607558400,559.45,516.7912678403917,,1,0,0,39.31458472036947
1607644800,544.23,516.7912678403917,,1,0,0,38.30068581177165
1607731200,568.64,516.7912678403917,,1,0,0,37.78706539664511
1607817600,590.75,516.7912678403917,,1,0,0,37.33227501117046
1607904000,586.39,516.7912678403917,,1,0,0,35.817826796086855
1607990400,589.08,521.2515923636829,,1,0,0,34.53726773922351
1608076800,637.98,538.5619331273147,,1,0,0,36.239605757850406
1608163200,643.37,577.2182398145832,,1,0,0,37.241062489432515
1608249600,654.66,577.2182398145832,,1,0,0,37.07170088304448
1608336000,658.96,587.4109742498123,,1,0,0,36.24657939139844
1608422400,638.4,587.4109742498123,,1,0,0,36.51039514915569
1608508800,608.07,587.4109742498123,,1,0,0,37.57750978135886
1608595200,636.82,587.4109742498123,,1,0,0,38.53340193983323
1608681600,585.11,,683.0573417946981,1,0,0,42.016730372702284
1608768000,612.27,,679.3376076152282,1,0,0,42.54267820322355
1608854400,626.75,,679.3376076152282,1,0,0,41.62605833156473
1608940800,636.52,,679.3376076152282,1,0,0,41.32991130788154
1609027200,684.12,575.5361640484986,,1,0,0,44.80491764303286
1609113600,729.7,615.7125476436488,,1,0,0,46.3259949542448
1609200000,731.76,615.7125476436488,,1,0,0,46.706995314655884
1609286400,752.86,640.7288635913554,,1,0,0,46.370781363609034
1609372800,737.67,646.0259772322199,,1,0,0,45.33715412335124
1609459200,730.99,646.0259772322199,,1,0,0,44.448785971683286
1609545600,775.3,655.4165415580982,,1,0,0,46.55887268799162
1609632000,980.44,756.4233874022882,,1,0,0,60.74323892456364
1609718400,1042.38,848.5960486620595,,1,0,0,76.59443614423766
1609804800,1103.73,862.4214437958536,,1,0,0,82.6898335625064
1609891200,1212.02,931.4287994162682,,1,0,0,88.0448454508988
1609977600,1227.34,1000.4329194746414,,1,0,0,92.6087850615489
1610064000,1217.35,1000.4329194746414,,1,0,0,101.12387184286683
1610150400,1281.45,1001.2893647744593,,1,0,0,103.6964524255192
1610236800,1255.13,1001.2893647744593,,1,0,0,110.42384868083926
1610323200,1088.79,1001.2893647744593,,1,0,0,127.9107166322079
1610409600,1049.79,1001.2893647744593,,1,0,0,129.00066544419306
1610496000,1130.8,1001.2893647744593,,1,0,0,131.05418934103642
1610582400,1231.32,1001.2893647744593,,1,0,0,133.1174615309624
1610668800,1168.1,1001.2893647744593,,1,0,0,137.22264285017937
1610755200,1227.14,1001.2893647744593,,1,0,0,137.54245407516655
1610841600,1232.99,1001.2893647744593,,1,0,0,135.0787073555118
1610928000,1258.48,1001.2893647744593,,1,0,0,131.08022825868952
1611014400,1368.04,1052.8064593915915,,1,0,0,135.1452119544974
1611100800,1376.88,1052.8064593915915,,1,0,0,137.95555395774758
1611187200,1110.62,1052.8064593915915,,1,0,0,150.17301438933706
1611273600,1233.6,1052.8064593915915,,1,0,0,156.32994193295585
1611360000,1234.55,1052.8064593915915,,1,0,0,150.5392317948876
1611446400,1394,1052.8064593915915,,1,0,0,152.6621438095385
1611532800,1317.97,1052.8064593915915,,1,0,0,154.87556210885714
1611619200,1367.98,1052.8064593915915,,1,0,0,153.3215933867959
1611705600,1240.96,1052.8064593915915,,1,0,0,154.50290814488193
1611792000,1333.19,1052.8064593915915,,1,0,0,153.6948432773904
1611878400,1379.87,1052.8064593915915,,1,0,0,153.88235447186253
1611964800,1380,1061.5060099198076,,1,0,0,148.74575772387237
1612051200,1313.94,1061.5060099198076,,1,0,0,145.19248931502435
1612137600,1374.6,1061.5060099198076,,1,0,0,142.44374007823689
1612224000,1513.67,1158.2200162315396,,1,0,0,145.74990150121997
1612310400,1668.72,1291.5255146083857,,1,0,0,146.96276567970426
1612396800,1597.55,1329.5124631475471,,1,0,0,146.67971098829682
1612483200,1721.06,1373.4092168327925,,1,0,0,148.6854459177042
1612569600,1679.77,1403.4382951495131,,1,0,0,145.10434263786817
1612656000,1615.32,1403.4382951495131,,1,0,0,149.17546102087758
1612742400,1752.98,1403.4382951495131,,1,0,0,153.80721380510062
1612828800,1772.16,1459.752942163995,,1,0,0,150.97955567616486
1612915200,1742.93,1459.752942163995,,1,0,0,151.5524445564388
1613001600,1787.32,1461.073683152836,,1,0,0,148.92512708812174
1613088000,1845,1509.0858148375523,,1,0,0,147.40261801039878
1613174400,1818.01,1533.2607333537971,,1,0,0,144.85457386679886
1613260800,1803.75,1545.4111600184174,,1,0,0,139.32210430488468
1613347200,1779.62,1545.4111600184174,,1,0,0,141.9469539973929
1613433600,1781.97,1545.4111600184174,,1,0,0,138.9507429975791
1613520000,1852,1545.4111600184174,,1,0,0,137.8642613548949
1613606400,1939.64,1637.6240590880839,,1,0,0,135.07609982954526
1613692800,1957.68,1678.5591531792754,,1,0,0,131.49780698457775
1613779200,1915.46,1678.5591531792754,,1,0,0,138.54582077139364
1613865600,1935.57,1678.5591531792754,,1,0,0,135.20111928772266
1613952000,1778.66,1678.5591531792754,,1,0,0,156.3731821957425
1614038400,1577.83,,1947.7652545990777,1,0,0,175.71938346747518
1614124800,1625.3,,1947.7652545990777,1,0,0,178.4337132197984
1614211200,1482.62,,1947.7652545990777,1,0,0,180.9734479898128
1614297600,1445.18,,1863.6960206027275,1,0,0,179.76820170482617
1614384000,1460.57,,1838.2464185424546,1,0,0,174.5576158687672
1614470400,1422.02,,1745.1527766882093,1,0,0,174.74635759242665
1614556800,1571.82,,1745.1527766882093,1,0,0,173.81233205011046
1614643200,1488.34,,1745.1527766882093,1,0,0,172.11359404653118
1614729600,1567.86,,1745.1527766882093,1,0,0,172.76190875749325
1614816000,1539.69,,1745.1527766882093,1,0,0,169.06034384624374
1614902400,1528.82,,1745.1527766882093,1,0,0,164.7610335715121
1614988800,1651.83,,1745.1527766882093,1,0,0,164.4616740306898
1615075200,1728.22,,1745.1527766882093,1,0,0,160.13798302849767
1615161600,1834.58,1432.1795583702733,,1,0,0,161.55026995503354
1615248000,1871.99,1532.008102533246,,1,0,0,155.17239352967403
1615334400,1795.37,1532.008102533246,,1,0,0,152.8536511346973
1615420800,1827.04,1532.008102533246,,1,0,0,150.64981891079034
1615507200,1767.79,1532.008102533246,,1,0,0,148.5184032743053
1615593600,1921.61,1534.074705072063,,1,0,0,153.31708875471207
1615680000,1848.9,1593.3502345648565,,1,0,0,149.1772967008041
1615766400,1795.07,1593.3502345648565,,1,0,0,149.87034693646098
1615852800,1806.03,1593.3502345648565,,1,0,0,147.23317929814235
1615939200,1824.74,1593.3502345648565,,1,0,0,143.7972379197036
1616025600,1776.4,1593.3502345648565,,1,0,0,140.0688637825819
1616112000,1809.38,1593.3502345648565,,1,0,0,137.66394494096892
1616198400,1806.47,1593.3502345648565,,1,0,0,132.72009173089972
1616284800,1784,1593.3502345648565,,1,0,0,128.28365660726402
1616371200,1681.02,1593.3502345648565,,1,0,0,129.77910970674517
1616457600,1668.09,1593.3502345648565,,1,0,0,125.65417329912052
1616544000,1581.79,,1894.04767896675,1,0,0,130.61744663489762
1616630400,1587.08,,1825.8329110700747,1,0,0,126.5433433038335
1616716800,1700.1,,1825.8329110700747,1,0,0,125.63953306784539
1616803200,1713.88,,1825.8329110700747,1,0,0,121.411709277285
1616889600,1686.92,,1825.8329110700747,1,0,0,117.29015861462179
1616976000,1815.73,,1825.8329110700747,1,0,0,120.81229014214883
1617062400,1841.16,1601.1709337422315,,1,0,0,117.48498370342392
1617148800,1920,1625.2153403680084,,1,0,0,121.66891343889363
1617235200,1968.38,1703.6608063312074,,1,0,0,119.84256247897267
1617321600,2134.68,1800.1197256980868,,1,0,0,125.30595087333175
1617408000,2009.25,1819.7552531282781,,1,0,0,126.30766866809377
1617494400,2076.36,1819.7552531282781,,1,0,0,125.36212090608709
1617580800,2106.98,1819.7552531282781,,1,0,0,125.56268369850945
1617667200,2113,1853.9838545305147,,1,0,0,124.08820629147306
1617753600,1964.23,1853.9838545305147,,1,0,0,129.4604772706535
1617840000,2081.29,1853.9838545305147,,1,0,0,129.87044317989256
1617926400,2066.03,1853.9838545305147,,1,0,0,124.27898295275739
1618012800,2133.08,1877.8401729574705,,1,0,0,125.2447698847033
1618099200,2150.54,1904.3261556617238,,1,0,0,119.91300060722449
1618185600,2138.03,1921.3195400955512,,1,0,0,118.24492913527989
1618272000,2299.92,1983.7605860859965,,1,0,0,122.75600562561705
1618358400,2432.54,2113.7995274773966,,1,0,0,125.67700522378723
1618444800,2517.03,2218.764074729657,,1,0,0,127.09793342208816
1618531200,2426.64,2218.764074729657,,1,0,0,135.37665246336758
1618617600,2318.7,2218.764074729657,,1,0,0,139.44189157312704
1618704000,2241.46,2218.764074729657,,1,0,0,153.83889931790367
1618790400,2163.82,,2508.2636340698723,1,0,0,159.46469222376768
1618876800,2332.6,,2508.2636340698723,1,0,0,169.16364277921284
1618963200,2357.21,,2508.2636340698723,1,0,0,173.84481115212617
1619049600,2399.99,,2508.2636340698723,1,0,0,185.87018178411716
1619136000,2370.05,,2508.2636340698723,1,0,0,201.32874022810879
1619222400,2216.72,,2508.2636340698723,1,0,0,202.14954449752958
1619308800,2322.16,,2508.2636340698723,1,0,0,201.4402913191346
1619395200,2534,1981.5398562616458,,1,0,0,203.90955622491066
1619481600,2667.86,2145.846370635481,,1,0,0,203.51887363741704
1619568000,2751.59,2220.336733571933,,1,0,0,204.09538266331583
1619654400,2758.92,2317.58756021474,,1,0,0,198.6599981873647
1619740800,2776.45,2372.328804193266,,1,0,0,189.68428403112438
1619827200,2948.92,2464.8119237739393,,1,0,0,190.32254945747263
1619913600,2952.09,2541.9027313965453,,1,0,0,186.0645102105103
1620000000,3433.99,2762.9129582568908,,1,0,0,208.89347376690242
1620086400,3240.01,2878.8321624312016,,1,0,0,220.28536849783796
1620172800,3529.97,2881.6009461880813,,1,0,0,229.45569931942097
1620259200,3492.75,3005.3923515692736,,1,0,0,229.48029222517658
1620345600,3484.7,3005.3923515692736,,1,0,0,230.11598563766398
1620432000,3917.26,3166.9233047711114,,1,0,0,249.9248438064023
1620518400,3928.44,3315.9859742940002,,1,0,0,250.48092639165927
1620604800,3949.45,3333.9188768646004,,1,0,0,272.86371736368363
1620691200,4179.76,3348.7649891781402,,1,0,0,283.6055946948491
1620777600,3826.37,3348.7649891781402,,1,0,0,312.2359093595028
1620864000,3719.23,3348.7649891781402,,1,0,0,327.7904872623954
1620950400,4080.51,3348.7649891781402,,1,0,0,338.8604524579386
1621036800,3649.54,3348.7649891781402,,1,0,0,350.79899156808585
1621123200,3585.62,3348.7649891781402,,1,0,0,364.5526350275083
1621209600,3283.32,,4174.85262715118,1,0,0,373.44173252554344
1621296000,3375.96,,4174.85262715118,1,0,0,370.0773230594332
1621382400,2443.91,,3699.988827992456,1,0,0,456.85465712661653
1621468800,2775.07,,3689.5509451932103,1,0,0,484.5071816175724
1621555200,2434.86,,3689.5509451932103,1,0,0,510.2566686448887
1621641600,2297.19,,3439.6633156065004,1,0,0,497.4019065988252
1621728000,2099.58,,3192.4664840458504,1,0,0,508.58748469890907
1621814400,2651.24,,3192.4664840458504,1,0,0,515.5526643632727
1621900800,2707.56,,3192.4664840458504,1,0,0,506.1996169087532
1621987200,2889.84,,3192.4664840458504,1,0,0,489.07607284384227
1622073600,2745.51,,3192.4664840458504,1,0,0,472.3306390692821
1622160000,2413.81,,3192.4664840458504,1,0,0,469.5720219929048
1622246400,2280.72,,3192.4664840458504,1,0,0,462.2540204219831
1622332800,2387.66,,3192.4664840458504,1,0,0,450.5565903918415
1622419200,2707.12,,3192.4664840458504,1,0,0,450.1439767924243
1622505600,2634.42,,3192.4664840458504,1,0,0,433.7136927358226
1622592000,2706.64,,3192.4664840458504,1,0,0,420.64271468326376
1622678400,2856.68,,3192.4664840458504,1,0,0,406.80966363445924
1622764800,2690.68,,3192.4664840458504,1,0,0,399.5704019462836
1622851200,2629.75,,3192.4664840458504,1,0,0,389.93965895012053
1622937600,2710.97,,3192.4664840458504,1,0,0,371.3982547393976
1623024000,2592.47,,3192.4664840458504,1,0,0,364.45195082944065
1623110400,2509.11,,3146.454107878671,1,0,0,360.9475257701949
1623196800,2611.27,,3146.454107878671,1,0,0,351.0105596437524
1623283200,2471.59,,3146.454107878671,1,0,0,339.9983768120558
1623369600,2355.27,,3014.905969643551,1,0,0,328.36849275405183
1623456000,2371.49,,2937.6673726791955,1,0,0,318.87860041447664
1623542400,2510.23,,2937.6673726791955,1,0,0,313.2679860991569
1623628800,2582.86,,2937.6673726791955,1,0,0,301.4195585206457
1623715200,2543.58,,2937.6673726791955,1,0,0,289.4445900548853
1623801600,2367.73,,2937.6673726791955,1,0,0,283.3406907652506
1623888000,2373.33,,2869.1530972433384,1,0,0,274.0434985677327
1623974400,2234.47,,2739.5877875190045,1,0,0,272.51753438432326
1624060800,2164.72,,2683.431008767104,1,0,0,261.35771049972874
1624147200,2242.9,,2622.109907890394,1,0,0,259.3521597497481
1624233600,1885.67,,2557.3929171013547,1,0,0,269.01271976762325
1624320000,1881.65,,2353.702625391219,1,0,0,270.9882397842216
1624406400,1968.37,,2353.702625391219,1,0,0,267.41979408534866
1624492800,1988.81,,2353.702625391219,1,0,0,259.0769516506809
1624579200,1809.07,,2353.702625391219,1,0,0,256.81359796134655
1624665600,1829.17,,2240.730513019179,1,0,0,248.08119810696465
1624752000,1984.71,,2240.730513019179,1,0,0,243.27039824218147
1624838400,2083.79,,2240.730513019179,1,0,0,239.21036979631137
1624924800,2166.18,,2240.730513019179,1,0,0,234.44534338228914
1625011200,2276.72,1762.0017254081167,,1,0,0,231.9021045692685
1625097600,2107.01,1762.0017254081167,,1,0,0,230.00766852860647
1625184000,2156,1762.0017254081167,,1,0,0,223.74712077656315
1625270400,2226.95,1781.261077822517,,1,0,0,216.8016121496658
1625356800,2323.15,1894.5014700402653,,1,0,0,215.50578271040396
1625443200,2197.34,1894.5014700402653,,1,0,0,211.85822680251798
1625529600,2321.84,1894.5014700402653,,1,0,0,207.79549631662385
1625616000,2316.82,1986.4950816593537,,1,0,0,201.31224657972217
1625702400,2116.95,1986.4950816593537,,1,0,0,204.17994325259914
1625788800,2147.38,1986.4950816593537,,1,0,0,199.54423302027064
1625875200,2110.55,1986.4950816593537,,1,0,0,193.7182163759656
1625961600,2140.82,1986.4950816593537,,1,0,0,186.44262949196803
1626048000,2030.72,1986.4950816593537,,1,0,0,185.05387024254173
1626134400,1940.76,,2312.1620906628714,1,0,0,181.14430808236017
1626220800,1994.11,,2270.2218815965844,1,0,0,179.2340003621916
1626307200,1918.07,,2270.2218815965844,1,0,0,177.85942890774933
1626393600,1877.22,,2224.8809240932333,1,0,0,173.38375541433865
1626480000,1899.75,,2182.81783168391,1,0,0,166.14205859902876
1626566400,1891.46,,2182.81783168391,1,0,0,162.5411972705267
1626652800,1818.44,,2148.379843663967,1,0,0,159.01539746548912
1626739200,1786.46,,2061.7638592975704,1,0,0,156.3985833608113
1626825600,1996.18,,2061.7638592975704,1,0,0,165.1479702636105
1626912000,2024.75,,2061.7638592975704,1,0,0,160.3559723876383
1626998400,2125.81,1767.4245665720712,,1,0,0,158.65268864566414
1627084800,2185.95,1868.743609914864,,1,0,0,153.95392517097383
1627171200,2193.03,1878.4317489233777,,1,0,0,149.31221623019
1627257600,2228.26,2005.7700740310397,,1,0,0,157.57562935660502
1627344000,2300.59,2005.7700740310397,,1,0,0,158.39165583113322
1627430400,2300.42,2005.7700740310397,,1,0,0,154.419394700338
1627516800,2383.32,2043.0687739686282,,1,0,0,152.83300936459955
1627603200,2463.9,2102.9683965717654,,1,0,0,153.1527944099853
1627689600,2533.74,2198.2400569145884,,1,0,0,151.69116623784348
1627776000,2555.43,2306.37655122313,,1,0,0,154.2489400779975
1627862400,2608.12,2306.37655122313,,1,0,0,154.8497300724263
1627948800,2508.31,2306.37655122313,,1,0,0,157.17617792439586
1628035200,2724.71,2306.37655122313,,1,0,0,168.48359378693902
1628121600,2829.35,2318.0278622574956,,1,0,0,178.89976565930053
1628208000,2892.98,2456.627576031746,,1,0,0,182.42192525506476
1628294400,3163.09,2618.092318428571,,1,0,0,191.3303591654173
1628380800,3014.13,2659.877086585714,,1,0,0,195.03747636788745
1628467200,3162.34,2659.877086585714,,1,0,0,202.3562280558955
1628553600,3142.09,2720.1766901344286,,1,0,0,201.0522117661887
1628640000,3162.61,2787.468021120985,,1,0,0,197.60419664003237
1628726400,3047.21,2787.468021120985,,1,0,0,202.03889688003005
1628812800,3324.51,2787.468021120985,,1,0,0,208.7132613885993
1628899200,3266.52,2849.7933173971983,,1,0,0,202.80802843227076
1628985600,3310.93,2849.7933173971983,,1,0,0,203.3631692585371
1629072000,3146.6,2849.7933173971983,,1,0,0,203.58508574007016
1629158400,3011.01,2849.7933173971983,,1,0,0,210.54329390149374
1629244800,3014.38,2849.7933173971983,,1,0,0,208.04091576567276
1629331200,3184.21,2849.7933173971983,,1,0,0,209.42942178241043
1629417600,3286.58,2849.7933173971983,,1,0,0,203.13803451223825
1629504000,3226.73,2866.650811073796,,1,0,0,196.0596034756498
1629590400,3241.42,2866.650811073796,,1,0,0,192.4967746559605
1629676800,3323.12,2932.7139569697747,,1,0,0,189.13343360910616
1629763200,3171.52,2932.7139569697747,,1,0,0,191.80604549417004
1629849600,3228.51,2932.7139569697747,,1,0,0,190.18275653030076
1629936000,3093.2,2932.7139569697747,,1,0,0,190.53041677813644
1630022400,3274.67,2932.7139569697747,,1,0,0,193.58252986541243
1630108800,3247.99,2932.7139569697747,,1,0,0,185.36234916074014
1630195200,3226.46,2932.7139569697747,,1,0,0,181.69218136354442
1630281600,3229.01,2932.7139569697747,,1,0,0,183.25345412329125
1630368000,3430.23,2955.714504086889,,1,0,0,191.32392168591332
1630454400,3829.39,3177.2350536781996,,1,0,0,210.4350701369195
1630540800,3787.97,3364.53854831038,,1,0,0,203.66327941285383
1630627200,3940.06,3432.1841934793424,,1,0,0,211.9559023119357
1630713600,3887.53,3480.7417741314075,,1,0,0,206.4897664325117
1630800000,3952.17,3500.393096718267,,1,0,0,202.2362116873323
1630886400,3928.89,3531.6817870464406,,1,0,0,195.31005370966568
1630972800,3436.96,,4016.3578916582037,1,0,0,248.43076415897528
1631059200,3500.34,,3942.958102492383,1,0,0,255.46999529047704
1631145600,3424.95,,3942.958102492383,1,0,0,249.7521384840144
1631232000,3209.82,,3882.7447630188303,1,0,0,258.4627000208705
1631318400,3266.77,,3803.367286716947,1,0,0,250.68322144795115
1631404800,3403.75,,3803.367286716947,1,0,0,250.0087056302403
1631491200,3286.2,,3803.367286716947,1,0,0,254.9266552280803
1631577600,3436.29,,3803.367286716947,1,0,0,248.74689414036033
1631664000,3615.65,,3803.367286716947,1,0,0,249.63568741604885
1631750400,3568.66,,3803.367286716947,1,0,0,245.58670974347393
1631836800,3400,,3803.367286716947,1,0,0,245.54051619036866
1631923200,3436.31,,3803.367286716947,1,0,0,240.39262217677089
1632009600,3328.59,,3803.367286716947,1,0,0,236.02314916414437
1632096000,2976.48,,3642.3930078970675,1,0,0,250.21935279527693
1632182400,2765.69,,3430.552207107361,1,0,0,264.7622561670429
1632268800,3078.43,,3430.552207107361,1,0,0,271.03566644082554
1632355200,3154.62,,3430.552207107361,1,0,0,262.1409759807666
1632441600,2930.61,,3430.552207107361,1,0,0,273.8080491249976
1632528000,2924.01,,3430.552207107361,1,0,0,266.31033133035487
1632614400,3060.71,,3430.552207107361,1,0,0,274.15530766390094
1632700800,2925.27,,3430.552207107361,1,0,0,271.93207140219374
1632787200,2805.65,,3418.826186486609,1,0,0,265.97692344489417
1632873600,2850.14,,3387.768567837948,1,0,0,259.0221431988303
1632960000,3000.46,,3387.768567837948,1,0,0,255.6898472560567
1633046400,3311.16,,3387.768567837948,1,0,0,263.83628673776695
1633132800,3387.82,2841.1316290461355,,1,0,0,260.06298054221213
1633219200,3420.07,2916.1239661415225,,1,0,0,251.9027676463398
1633305600,3387.2,2916.1239661415225,,1,0,0,245.9982842430298
1633392000,3515.3,2984.5205125746334,,1,0,0,241.46554965424193
1633478400,3575.85,3004.36346131717,,1,0,0,244.95229610751036
1633564800,3588.51,3091.9271151854527,,1,0,0,240.56284638554533
1633651200,3563.96,3151.2914036669076,,1,0,0,233.02264307229208
1633737600,3575.83,3161.1782633002167,,1,0,0,223.20102570998552
1633824000,3415,3161.1782633002167,,1,0,0,221.47595244498652
1633910400,3542.37,3161.1782633002167,,1,0,0,223.62409869891604
1633996800,3490.61,3161.1782633002167,,1,0,0,218.04309164899345
1634083200,3608.21,3161.1782633002167,,1,0,0,216.89929938835107
1634169600,3791.66,3286.8354203961453,,1,0,0,218.57006371775455
1634256000,3869.73,3404.434378356531,,1,0,0,214.7836305950578
1634342400,3829.66,3480.4399405208774,,1,0,0,211.33408555255366
1634428800,3847.18,3480.4399405208774,,1,0,0,215.95307944165697
1634515200,3745.48,3480.4399405208774,,1,0,0,216.12428805296716
1634601600,3878.17,3480.4399405208774,,1,0,0,214.2839817634695
1634688000,4161.94,3555.942100475748,,1,0,0,223.22155449465026
1634774400,4053.9,3720.621390428173,,1,0,0,233.32930060217524
1634860800,3971.55,3720.621390428173,,1,0,0,236.98220770201988
1634947200,4168.56,3720.621390428173,,1,0,0,236.9206214375899
1635033600,4082.64,3720.621390428173,,1,0,0,236.16700562061916
1635120000,4220.93,3720.621390428173,,1,0,0,231.23007664771785
1635206400,4131.47,3735.8318187839313,,1,0,0,229.40578545859515
1635292800,3923.94,3735.8318187839313,,1,0,0,241.85037221155264
1635379200,4288.26,3735.8318187839313,,1,0,0,253.85748848215601
1635465600,4421.23,3852.128340893486,,1,0,0,249.65695359057347
1635552000,4324.67,3852.128340893486,,1,0,0,245.9678854769611
1635638400,4290.16,3852.128340893486,,1,0,0,244.6766079428924
1635724800,4322.89,3852.128340893486,,1,0,0,243.9254216612572
1635811200,4595.01,3938.559762960216,,1,0,0,249.192891542596
1635897600,4606.07,4063.6642866641946,,1,0,0,246.75054214669626
1635984000,4537.15,4063.6642866641946,,1,0,0,242.49907485050363
1636070400,4479.47,4063.6642866641946,,1,0,0,234.3198552183248
1636156800,4523.16,4063.6642866641946,,1,0,0,232.2412941313016
1636243200,4617.02,4133.918674480378,,1,0,0,225.13905883620868
1636329600,4811.9,4283.521307032341,,1,0,0,223.95055463362232
1636416000,4731.59,4347.786176329106,,1,0,0,218.28551501693502
1636502400,4632.22,4347.786176329106,,1,0,0,231.82297823001113
1636588800,4721.87,4347.786176329106,,1,0,0,229.90705121358178
1636675200,4667.34,4347.786176329106,,1,0,0,234.97440469832597
1636761600,4644.44,4347.786176329106,,1,0,0,226.89051864844555
1636848000,4627.03,4347.786176329106,,1,0,0,223.47119588784224
1636934400,4565.06,4347.786176329106,,1,0,0,223.86611046728208
1637020800,4209.5,,4824.963486158935,1,0,0,240.52281686247625
1637107200,4289.4,,4670.105137543042,1,0,0,239.89761565801368
1637193600,3997.93,,4667.8761237887375,1,0,0,250.36350025386986
1637280000,4299.55,,4667.8761237887375,1,0,0,256.73610737859343
1637366400,4416.69,,4667.8761237887375,1,0,0,255.03567113726535
1637452800,4262.99,,4667.8761237887375,1,0,0,249.79383748460356
1637539200,4089.16,,4667.8761237887375,1,0,0,253.2664205214176
1637625600,4341.62,,4667.8761237887375,1,0,0,258.58096191274484
1637712000,4270.74,,4667.8761237887375,1,0,0,253.74589320469164
1637798400,4525.87,,4667.8761237887375,1,0,0,257.4147579757851
1637884800,4043.67,,4667.8761237887375,1,0,0,284.7801324060862
1637971200,4098.31,,4667.8761237887375,1,0,0,275.5394086627943
1638057600,4298.38,,4667.8761237887375,1,0,0,281.0973080440233
1638144000,4449.42,,4667.8761237887375,1,0,0,274.1567860408788
1638230400,4634.95,,4667.8761237887375,1,0,0,283.72344418081605
1638316800,4586.95,,4667.8761237887375,1,0,0,281.8546267393292
1638403200,4514.59,,4667.8761237887375,1,0,0,276.1785819722343
1638489600,4216.93,,4667.8761237887375,1,0,0,301.2908261170747
1638576000,4123.13,,4610.29275183097,1,0,0,327.27005282299797
1638662400,4203.22,,4610.29275183097,1,0,0,319.52719190706955
1638748800,4354.22,,4610.29275183097,1,0,0,330.1181067708503
1638835200,4310.19,,4610.29275183097,1,0,0,318.966099144361
1638921600,4440.51,,4610.29275183097,1,0,0,312.5742349197638
1639008000,4106.06,,4610.29275183097,1,0,0,319.8596467112093
1639094400,3900.91,,4610.29275183097,1,0,0,321.5096719461229
1639180800,4091.18,,4610.29275183097,1,0,0,317.4639810928284
1639267200,4132.92,,4610.29275183097,1,0,0,308.84155387191214
1639353600,3783.81,,4564.46063755255,1,0,0,321.50287145248984
1639440000,3860.74,,4420.072573797295,1,0,0,312.6519520630263
1639526400,4021.53,,4420.072573797295,1,0,0,322.7175269156673
1639612800,3957.28,,4420.072573797295,1,0,0,311.35056070740535
1639699200,3876.02,,4420.072573797295,1,0,0,310.2405206568764
1639785600,3961.92,,4420.072573797295,1,0,0,304.5704834670995
1639872000,3925.79,,4420.072573797295,1,0,0,293.7940203623067
1639958400,3946.16,,4420.072573797295,1,0,0,289.1858760507133
1640044800,4017.11,,4420.072573797295,1,0,0,279.6554563328052
1640131200,3981.12,,4420.072573797295,1,0,0,269.77006659474773
1640217600,4113.08,,4420.072573797295,1,0,0,269.2236332665515
1640304000,4049.65,,4420.072573797295,1,0,0,259.5440880332264
1640390400,4097.43,,4420.072573797295,1,0,0,249.70665317371024
1640476800,4065.91,,4420.072573797295,1,0,0,238.90546366130235
1640563200,4038.64,,4420.072573797295,1,0,0,229.07935911406645
1640649600,3793.67,,4329.283321934699,1,0,0,232.62154774877598
1640736000,3630.59,,4147.57048974123,1,0,0,232.0900086238634
1640822400,3710.02,,4103.5304407671065,1,0,0,228.66500800787315
1640908800,3675.8,,4103.5304407671065,1,0,0,226.27893600731076
1640995200,3765.72,,4103.5304407671065,1,0,0,217.53044057821714
1641081600,3828.87,,4103.5304407671065,1,0,0,211.81898053691592
1641168000,3766.04,,4103.5304407671065,1,0,0,208.8347676414219
1641254400,3785,,4103.5304407671065,1,0,0,206.7679985241775
1641340800,3539,,4061.0574757317117,1,0,0,222.95028434387908
1641427200,3406.03,,3861.5797281585405,1,0,0,224.88383546217344
1641513600,3198.82,,3703.2767553426866,1,0,0,233.85784721487533
1641600000,3080.48,,3590.2380798084173,1,0,0,234.86014384238425
1641686400,3151.66,,3585.7317718275763,1,0,0,229.13013356792823
1641772800,3083.51,,3510.3425946448183,1,0,0,230.73512402736193
1641859200,3240.83,,3510.3425946448183,1,0,0,229.5247580254075
1641945600,3373.64,,3510.3425946448183,1,0,0,228.3701324521641
1642032000,3241.88,,3510.3425946448183,1,0,0,224.8929801341524
1642118400,3310.45,,3510.3425946448183,1,0,0,220.1484815531415
1642204800,3328.12,,3510.3425946448183,1,0,0,212.53501858505996
1642291200,3349.46,,3510.3425946448183,1,0,0,205.8860886861271
1642377600,3210.98,,3510.3425946448183,1,0,0,206.72851092283233
1642464000,3160.81,,3510.3425946448183,1,0,0,203.57076014263
1642550400,3085.27,,3487.938267329194,1,0,0,198.3021344181564
1642636800,3000.94,,3487.938267329194,1,0,0,204.6605533882881
1642723200,2569.01,,3220.727546536647,1,0,0,230.58408528912463
1642809600,2411.9,,2953.172291882983,1,0,0,237.45379348275858
1642896000,2541.19,,2936.7570626946845,1,0,0,233.32995109113298
1642982400,2441.74,,2854.703356425216,1,0,0,244.00209744176632
1643068800,2460.68,,2854.703356425216,1,0,0,237.90837619592588
1643155200,2465,,2854.703356425216,1,0,0,244.0577778962169
1643241600,2425.82,,2854.703356425216,1,0,0,241.35650804648714
1643328000,2546.84,,2854.703356425216,1,0,0,238.46818604316664
1643414400,2603.74,,2854.703356425216,1,0,0,229.8833156115119
1643500800,2602.89,,2854.703356425216,1,0,0,220.5587930678325
1643587200,2689.72,,2854.703356425216,1,0,0,221.2810221344159
1643673600,2789.66,,2854.703356425216,1,0,0,215.43952055338622
1643760000,2682.66,,2854.703356425216,1,0,0,214.3852690852872
1643846400,2697.59,,2854.703356425216,1,0,0,210.23989272205245
1643932800,2998.19,2403.7114496493587,,1,0,0,218.51990038476296
1644019200,3014.5,2600.642304684423,,1,0,0,210.4470503572799
1644105600,3058.22,2618.9780742159805,,1,0,0,204.41440390318846
1644192000,3141.89,2701.528766794382,,1,0,0,204.37480362438927
1644278400,3119.57,2733.633890114944,,1,0,0,204.57017479407574
1644364800,3246.22,2764.4790011034497,,1,0,0,205.44659088021322
1644451200,3074.85,2764.9011009931046,,1,0,0,206.9818343887694
1644537600,2929.08,2764.9011009931046,,1,0,0,210.87741764671446
1644624000,2919.99,2764.9011009931046,,1,0,0,205.13688781480627
1644710400,2872.84,2764.9011009931046,,1,0,0,198.9971101137487
1644796800,2931.01,2764.9011009931046,,1,0,0,194.5344593913381
1644883200,3186.24,2764.9011009931046,,1,0,0,201.14842657767107
1644969600,3124.45,2764.9011009931046,,1,0,0,197.25139610783745
1645056000,2893.56,2764.9011009931046,,1,0,0,205.25843924299193
1645142400,2780.08,2764.9011009931046,,1,0,0,204.4049792970639
1645228800,2764.44,,3157.4168616441734,1,0,0,199.58390934727365
1645315200,2622.47,,3061.7076754797554,1,0,0,198.86291582246835
1645401600,2569,,3052.51940793178,1,0,0,199.01127897800635
1645488000,2637.98,,2970.3694671386024,1,0,0,196.6919019081488
1645574400,2580.97,,2970.3694671386024,1,0,0,195.51462320042387
1645660800,2597.42,,2960.3889683822676,1,0,0,213.69215011467932
1645747200,2769.52,,2960.3889683822676,1,0,0,217.35699653505938
1645833600,2780.71,,2960.3889683822676,1,0,0,212.65078249684083
1645920000,2618.01,,2960.3889683822676,1,0,0,217.3028694613522
1646006400,2923.08,,2960.3889683822676,1,0,0,229.65623592839847
1646092800,2977.72,2481.7171820599547,,1,0,0,226.49579050494143
1646179200,2948.56,2534.279963853959,,1,0,0,219.6103768974456
1646265600,2833.66,2534.279963853959,,1,0,0,217.28534997619948
1646352000,2623.07,2534.279963853959,,1,0,0,220.40425354932808
1646438400,2665.77,2534.279963853959,,1,0,0,211.51823543866178
1646524800,2550.77,2534.279963853959,,1,0,0,206.45264719304308
1646611200,2491.58,,2954.9832228438754,1,0,0,206.33531525068287
1646697600,2576.72,,2949.2314005594876,1,0,0,202.01350701849123
1646784000,2727.6,,2949.2314005594876,1,0,0,202.31825651717045
1646870400,2608.22,,2949.2314005594876,1,0,0,200.78909533737257
1646956800,2556.42,,2949.2314005594876,1,0,0,197.60987424184594
1647043200,2569.3,,2945.55712140708,1,0,0,188.15988322457125
1647129600,2516.41,,2894.729909266372,1,0,0,182.61846299424474
1647216000,2590.23,,2888.2059183397346,1,0,0,177.47142992322725
1647302400,2619.15,,2888.2059183397346,1,0,0,176.4006135001396
1647388800,2774.89,,2888.2059183397346,1,0,0,177.03342682155818
1647475200,2814.67,,2888.2059183397346,1,1,0,170.94675347716117
1647561600,2939.17,2544.5569009773,,1,0,0,174.36127108593539
1647648000,2952.16,2623.66471087957,,1,0,0,168.58689457979716
1647734400,2862.44,2623.66471087957,,1,0,0,167.02783068124023
1647820800,2891.08,2623.66471087957,,1,0,0,164.54655706115167
1647907200,2970.51,2657.8984842312066,,1,0,0,164.66394584249798
1647993600,3038.93,2676.8571358080853,,1,0,0,161.9272354251767
1648080000,3112.52,2765.3179222272774,,1,0,0,159.42529003766404
1648166400,3104.15,2840.3481300045496,,1,0,0,156.5249121778309
1648252800,3146.22,2840.9633170040947,,1,0,0,150.22098987941442
1648339200,3296.29,2927.980485303685,,1,0,0,151.79449060231337
1648425600,3334.47,3066.7749367733163,,1,0,0,152.49988413071952
1648512000,3401.71,3116.354943095985,,1,0,0,152.5098924070967
1648598400,3386.68,3116.354943095985,,1,0,0,149.8127572351612
1648684800,3283.08,3116.354943095985,,1,0,0,152.4004174326497
1648771200,3456.48,3116.354943095985,,1,0,0,160.85467333031758
1648857600,3445.38,3176.5130931652757,,1,0,0,156.47505380672348
1648944000,3522.78,3188.131783848748,,1,0,0,157.29397853481467
1649030400,3520.66,3188.131783848748,,1,0,0,156.25298006804223
1649116800,3407,3188.131783848748,,1,0,0,156.4977672060392
1649203200,3168.52,,3611.5792395742624,1,0,0,162.91649811989356
1649289600,3227.56,,3525.6963156168363,1,0,0,160.314605397044
1649376000,3192.54,,3525.6963156168363,1,0,0,158.88570501154086
1649462400,3258.99,,3525.6963156168363,1,0,0,153.81815465357363
1649548800,3203.05,,3525.6963156168363,1,0,0,151.3568578926041
1649635200,2979.55,,3401.150359176206,1,0,0,159.4656537574181
1649721600,3027.82,,3334.853323258585,1,0,0,158.0409642033168
1649808000,3119,,3334.853323258585,1,0,0,156.21089533165133
1649894400,3021.78,,3334.853323258585,1,0,0,157.13797423653338
1649980800,3040.19,,3320.6341226555087,1,0,0,150.60669036249527
1650067200,3060.35,,3320.6341226555087,1,0,0,145.28906962231704
1650153600,2988.4,,3304.777039350962,1,0,0,142.15699322072297
1650240000,3056.19,,3259.165335415866,1,0,0,145.6643508478142
1650326400,3102.26,,3259.165335415866,1,0,0,142.60904007297032
1650412800,3077.06,,3259.165335415866,1,0,0,142.17768006775816
1650499200,2983.94,,3259.165335415866,1,0,0,149.1464172057754
1650585600,2963.05,,3259.165335415866,1,0,0,145.6809588339343
1650672000,2933.44,,3218.690192009715,1,0,0,139.72017606008185
1650758400,2921.96,,3194.5986728087432,1,0,0,133.76944919864744
1650844800,3007.22,,3187.148305527869,1,0,0,140.60163139874402
1650931200,2809.26,,3187.148305527869,1,0,0,149.97508629883373
1651017600,2889.78,,3153.8903274775735,1,0,0,148.24615156320274
1651104000,2935.91,,3153.8903274775735,1,0,0,146.69499788011686
1651190400,2816.94,,3153.8903274775735,1,0,0,148.44321231725135
1651276800,2726.59,,3072.033673731151,1,0,0,146.81726858030484
1651363200,2824.86,,3072.033673731151,1,0,0,145.77389225314022
1651449600,2856.21,,3072.033673731151,1,0,0,142.98575709220162
1651536000,2780.34,,3072.033673731151,1,0,0,140.49177444275867
1651622400,2939.98,,3072.033673731151,1,0,0,144.73093341113307
1651708800,2747.43,,3072.033673731151,1,1,0,153.38229531033787
1651795200,2691.72,,3001.2434081413567,1,0,0,151.41284564531375
1651881600,2634.8,,2943.995567327221,1,0,0,149.0133566706485
1651968000,2519.1,,2862.946010594499,1,0,0,149.7552597656022
1652054400,2228.5,,2708.416409535049,1,0,0,161.0048840680592
1652140800,2340.51,,2679.4492685815444,1,0,0,168.06524949176926
1652227200,2075.93,,2631.9398417233897,1,0,0,188.28344595664288
1652313600,1954.39,,2407.7398575510506,1,0,0,209.6303426740255
1652400000,2005.48,,2407.7398575510506,1,0,0,209.7246039115951
1652486400,2053.33,,2407.7398575510506,1,0,0,203.66070363219544
1652572800,2142.69,,2407.7398575510506,1,0,0,201.02279622989576
1652659200,2020.58,,2407.7398575510506,1,0,0,198.56402507061753
1652745600,2088.96,,2407.7398575510506,1,0,0,192.595166137002
1652832000,1911.98,,2407.170851966788,1,0,0,193.3783685557876
1652918400,2017.57,,2357.829766770109,1,0,0,189.52419937323134
1653004800,1956.58,,2357.829766770109,1,0,0,186.19318513228626
1653091200,1972.64,,2312.3262110837886,1,0,0,176.70081476569436
1653177600,2040.92,,2312.3262110837886,1,0,0,170.55147085385906
1653264000,1971.06,,2312.3262110837886,1,0,0,167.88350865001195
1653350400,1978.15,,2261.2077778800817,1,0,0,161.74897231786824
1653436800,1940.83,,2261.2077778800817,1,0,0,156.4726171523062
1653523200,1790.65,,2162.4096000828663,1,0,0,161.6660016414272
1653609600,1724.83,,2067.3346400745795,1,0,0,158.56914438132523
1653696000,1790.23,,2056.3886760671217,1,0,0,153.5227769255163
1653782400,1811.1,,2056.3886760671217,1,0,0,147.1925785736937
1653868800,1998.3,,2056.3886760671217,1,0,0,151.80668010414416
1653955200,1940.59,,2056.3886760671217,1,0,0,147.4897743824196
1654041600,1816.05,,2056.3886760671217,1,0,0,152.01979049796105
1654128000,1832.45,,2056.3886760671217,1,0,0,146.30480546239238
1654214400,1773.25,,2056.3886760671217,1,0,0,143.4716050722215
1654300800,1803.35,,2039.5536694900086,1,0,0,138.0664904242057
1654387200,1804.7,,2039.5536694900086,1,0,0,132.30388396533388
1654473600,1858.21,,2039.5536694900086,1,0,0,131.13574939638147
1654560000,1811.89,,2039.5536694900086,1,0,0,132.3274815823542
1654646400,1790.72,,2039.4310745523946,1,0,0,128.1833757550432
1654732800,1787.55,,2030.0454670971553,1,0,0,123.07313462968295
1654819200,1660.78,,1961.6899203874398,1,0,0,124.90362501327702
1654905600,1531.09,,1836.1089283486958,1,0,0,128.8847946551858
1654992000,1433.19,,1730.1490355138262,1,0,0,128.4287378941011
1655078400,1207.82,,1587.3811319624433,1,0,0,139.94525661595102
1655164800,1207.58,,1460.1470187661992,1,0,0,143.64202400052594
1655251200,1236.45,,1437.4073168895793,1,0,0,150.1161651433455
1655337600,1066.87,,1437.4073168895793,1,1,0,154.15429620453511
1655424000,1085.76,,1383.268326680559,1,0,0,148.01756076135402
1655510400,993.64,,1301.5504940125033,1,0,0,152.93344927840016
1655596800,1126.9,,1301.5504940125033,1,0,0,157.96606004422873
1655683200,1126.84,,1301.5504940125033,1,0,0,155.03134146964095
1655769600,1124.85,,1301.5504940125033,1,0,0,150.03838850752373
1655856000,1048.96,,1301.5504940125033,1,0,0,145.3270750427006
1655942400,1144,,1301.5504940125033,1,0,0,142.7558553967934
1656028800,1224.47,,1301.5504940125033,1,0,0,140.68472286845102
1656115200,1241.33,,1301.5504940125033,1,0,0,136.0808140921331
1656201600,1197.13,,1301.5504940125033,1,0,0,132.50289879983788
1656288000,1191.27,,1301.5504940125033,1,0,0,127.74912031413517
1656374400,1142.65,,1301.5504940125033,1,0,0,125.86061172026837
1656460800,1099.15,,1301.5504940125033,1,0,0,121.85628231167777
1656547200,1070.08,,1278.9606150536747,1,0,0,120.90869071798649
1656633600,1057.57,,1278.9606150536747,1,0,0,118.21092709527318
1656720000,1065.61,,1261.3931481934765,1,0,0,113.44943230275366
1656806400,1072.88,,1261.3931481934765,1,0,0,108.75875856684267
1656892800,1149.98,,1261.3931481934765,1,0,0,109.31384724063962
1656979200,1131.26,,1261.3931481934765,1,0,0,108.41142958059393
1657065600,1185.61,,1261.3931481934765,1,0,0,107.2848988962658
1657152000,1237.13,,1261.3931481934765,1,0,0,106.17312040367538
1657238400,1213.19,,1261.3931481934765,1,0,0,104.54289751769856
1657324800,1216.78,,1261.3931481934765,1,0,0,99.20697626643437
1657411200,1167.68,,1261.3931481934765,1,0,0,96.85362081883191
1657497600,1095.56,,1261.3931481934765,1,0,0,96.41193361748678
1657584000,1037.34,,1236.831837106301,1,0,0,94.19893835909485
1657670400,1114.26,,1236.831837106301,1,0,0,95.52401419058808
1657756800,1192.7,,1236.831837106301,1,0,0,98.8551560341175
1657843200,1231.1,,1236.831837106301,1,0,0,99.55978774596625
1657929600,1355.7,1088.606185174556,,1,0,0,109.04908862125436
1658016000,1338.2,1142.4690666571005,,1,0,0,106.09986800545047
1658102400,1581.34,1224.8381599913903,,1,0,0,117.25202029077545
1658188800,1542.63,1316.7938439922514,,1,0,0,118.7811616985772
1658275200,1522.12,1316.7938439922514,,1,0,0,120.03036443439312
1658361600,1575.68,1316.7938439922514,,1,0,0,121.6824812605079
1658448000,1535.84,1328.9714622703511,,1,0,0,122.23230402761449
1658534400,1549.15,1328.9714622703511,,1,0,0,121.3392823113563
1658620800,1597.72,1357.7620844389846,,1,0,0,121.08004786054514
1658707200,1440.75,1357.7620844389846,,1,0,0,125.00933015622047
1658793600,1449.63,1357.7620844389846,,1,0,0,123.09866371649045
1658880000,1636.4,1357.7620844389846,,1,0,0,130.36304487959828
1658966400,1725.19,1407.7840261004176,,1,1,0,135.35068453105555
1659052800,1722.25,1432.593123490376,,1,0,0,133.617778493123
1659139200,1698.01,1444.7703111413384,,1,0,0,129.1450800293285
1659225600,1679.31,1455.3632800272044,,1,0,0,126.10257431294791
1659312000,1630.82,1455.3632800272044,,1,0,0,124.10239043345163
1659398400,1631.28,1455.3632800272044,,1,0,0,123.75793397391938
1659484800,1618.82,1455.3632800272044,,1,0,0,121.76593869006798
1659571200,1608.16,1455.3632800272044,,1,0,0,118.98622878363456
1659657600,1736.79,1455.3632800272044,,1,0,0,120.2707838705178
1659744000,1690.81,1490.0589705259376,,1,0,0,116.2521564511951
1659830400,1700.42,1490.0589705259376,,1,0,0,112.33343099039546
1659916800,1777.36,1535.1836161260094,,1,0,0,113.22675734822435
1660003200,1703.35,1535.1836161260094,,1,0,0,113.89127468049404
1660089600,1854.12,1535.1836161260094,,1,0,0,122.21046934617303
1660176000,1881.04,1657.362126155861,,1,0,0,120.28543582144638
1660262400,1959.91,1668.327913540275,,1,0,0,120.00647611991451
1660348800,1984.75,1752.9171221862475,,1,0,0,116.6874421113492
1660435200,1935.85,1752.9171221862475,,1,0,0,117.2726248176814
1660521600,1899.39,1752.9171221862475,,1,0,0,119.39315161641845
1660608000,1876.57,1752.9171221862475,,1,0,0,115.34078364381715
1660694400,1834.61,1752.9171221862475,,1,0,0,117.28715624068734
1660780800,1845.9,1752.9171221862475,,1,0,0,113.36164508063824
1660867200,1608.72,,1974.7596354682184,1,0,0,122.83652757487836
1660953600,1575.76,,1842.2871719213967,1,0,0,123.6767756052442
1661040000,1617.84,,1842.2871719213967,1,0,0,120.87272020486962
1661126400,1624.78,,1818.2738092563313,1,0,0,119.43038304737892
1661212800,1665.93,,1818.2738092563313,1,0,0,118.81606997256613
1661299200,1656.74,,1818.2738092563313,1,0,0,116.77849354595426
1661385600,1695.27,,1818.2738092563313,1,0,0,113.3378868641004
1661472000,1508.02,,1818.2738092563313,1,0,0,120.9901806595218
1661558400,1491.22,,1716.999173927771,1,0,0,117.52588204098451
1661644800,1426.63,,1695.659756534994,1,0,0,115.3647476094856
1661731200,1551.65,,1695.659756534994,1,0,0,117.09797992309377
1661817600,1524.81,,1695.659756534994,1,0,0,118.17669564287279
1661904000,1554,,1695.659756534994,1,0,0,116.58336023981045
1661990400,1586.23,,1695.659756534994,1,0,0,114.44740593696686
1662076800,1575.69,,1695.659756534994,1,0,0,113.68687694146922
1662163200,1557.7,,1695.659756534994,1,0,0,109.00567144565
1662249600,1579.04,,1695.659756534994,1,0,0,104.28598062810356
1662336000,1618.01,,1695.659756534994,1,0,0,102.15126772609617
1662422400,1559.28,,1695.659756534994,1,0,0,104.33974860280357
1662508800,1629.92,,1695.659756534994,1,0,0,108.86548084546045
1662595200,1635.73,,1695.659756534994,1,0,0,106.10437507078471
1662681600,1719.21,1479.0552789898575,,1,0,0,106.8369197085858
1662768000,1774.69,1543.1447510908718,,1,0,0,105.12856830082966
1662854400,1766.95,1555.5712759817843,,1,0,0,102.68867056505611
1662940800,1716.71,1555.5712759817843,,1,0,0,101.8616226675521
1663027200,1574.71,1555.5712759817843,,1,0,0,108.87007819129838
1663113600,1639.14,1555.5712759817843,,1,0,0,107.99078689191992
1663200000,1472.68,,1789.767253328351,1,0,0,114.41001639963993
1663286400,1433.73,,1669.372527995516,1,0,0,111.87358665680851
1663372800,1468.97,,1659.0422751959645,1,0,0,108.69904475275077
1663459200,1334.72,,1621.6325476763682,1,0,0,111.26839869898286
1663545600,1376.17,,1560.1937929087312,1,0,0,111.45922736334124
1663632000,1322.8,,1560.1937929087312,1,0,0,108.68356826595972
1663718400,1245.65,,1549.0892722560723,1,0,0,114.63474196124831
1663804800,1326.43,,1525.089345030465,1,1,0,114.43726039258772
1663891200,1326.82,,1525.089345030465,1,0,0,113.2695989359743
1663977600,1317.25,,1525.089345030465,1,0,0,108.25177044054757
1664064000,1294.63,,1509.779697527209,1,0,0,105.36592969479418
1664150400,1336.61,,1507.972227774488,1,0,0,102.32264900230886
1664236800,1327.92,,1507.972227774488,1,0,0,101.93174550214394
1664323200,1336.93,,1502.931304497335,1,0,0,101.91447796627651
1664409600,1336.02,,1502.931304497335,1,0,0,99.18701525439961
1664496000,1328.95,,1502.931304497335,1,0,0,96.27794273622821
1664582400,1311.76,,1490.0951259785575,1,0,0,91.63951825506904
1664668800,1277.02,,1458.1046133807017,1,0,0,88.54455266542125
1664755200,1323.31,,1457.7366520426315,1,0,0,87.06208461789116
1664841600,1362.06,,1457.7366520426315,1,0,0,84.52979285947038
1664928000,1352.48,,1457.7366520426315,1,0,0,81.94837908379394
1665014400,1352.24,,1457.7366520426315,1,0,0,78.90992343495152
1665100800,1331.14,,1457.7366520426315,1,0,0,76.45921461816928
1665187200,1315.71,,1450.9951028146534,1,0,0,73.41569928830005
1665273600,1323.41,,1439.973092533188,1,0,0,69.75172076770717
1665360000,1290.06,,1432.7177832798693,1,0,0,68.39445499858523
1665446400,1279.94,,1396.3795049518824,1,0,0,65.71985107011486
1665532800,1294.33,,1396.3795049518824,1,0,0,63.31057599367808
1665619200,1286.96,,1366.3158490110247,1,0,0,66.77767770841535
1665705600,1296.36,,1366.3158490110247,1,0,0,66.37498644352856
1665792000,1275.09,,1366.3158490110247,1,0,0,64.38677312613368
1665878400,1306.04,,1366.3158490110247,1,0,0,62.71700361712413
1665964800,1331.49,,1366.3158490110247,1,0,0,61.332217644472415
1666051200,1310.78,,1366.3158490110247,1,0,0,60.923487812724375
1666137600,1284.76,,1366.3158490110247,1,0,0,58.98466725467263
1666224000,1282.6,,1366.3158490110247,1,0,0,57.682905307910296
1666310400,1299.83,,1366.3158490110247,1,0,0,57.36126921448813
1666396800,1313.88,,1366.3158490110247,1,0,0,55.14903569916754
1666483200,1364.06,,1366.3158490110247,1,0,0,56.294818863512724
1666569600,1343.71,,1366.3158490110247,1,0,0,55.62090323040468
1666656000,1460.34,1300.2458976415448,,1,0,0,65.23798157109007
1666742400,1566.37,1381.8153078773905,,1,0,0,70.43741145886936
1666828800,1514.09,1395.8112770896514,,1,0,0,70.92045349752155
1666915200,1554.83,1395.8112770896514,,1,0,0,72.88899253341286
1667001600,1620.09,1447.0867344426174,,1,0,0,76.00406449531194
1667088000,1590.89,1452.4330609983558,,1,0,0,75.15877417421824
1667174400,1572.67,1452.4330609983558,,1,0,0,76.17529030463122
1667260800,1578.24,1452.4330609983558,,1,0,0,74.28348385430043
1667347200,1518.04,1452.4330609983558,,1,0,0,77.56609215042182
1667433600,1530.81,1452.4330609983558,,1,1,0,75.16494271110598
1667520000,1644.61,1452.4330609983558,,1,0,0,80.43816108888413
1667606400,1627,1483.450438025027,,1,0,0,77.97686386824955
1667692800,1568.34,1483.450438025027,,1,0,0,77.7320878776603
1667779200,1568.34,1483.450438025027,,1,0,0,76.657653029256
1667865600,1334.25,,1614.6510906797553,1,0,0,96.36782067002342
1667952000,1099.9,,1447.4319816117797,1,0,0,108.51154776502176
1668038400,1295.36,,1447.4319816117797,1,0,0,119.59429435323447
1668124800,1285.29,,1447.4319816117797,1,0,0,118.87041618514628
1668211200,1255.14,,1447.4319816117797,1,0,0,114.21038645763585
1668297600,1219.43,,1447.4319816117797,1,0,0,111.26750171066185
1668384000,1241.56,,1447.4319816117797,1,0,0,111.87482301704314
1668470400,1251.74,,1447.4319816117797,1,0,0,107.97090708725435
1668556800,1215.21,,1447.0788164697713,1,0,0,106.10084229530761
1668643200,1199.44,,1412.329434822794,1,0,0,101.83078213135707
1668729600,1210.93,,1409.3964913405148,1,0,0,97.01144055054583
1668816000,1216.12,,1395.8008422064631,1,0,0,92.60705193979254
1668902400,1140.07,,1360.412257985817,1,0,0,92.78226251552165
1668988800,1105.91,,1289.914032187235,1,0,0,90.7978151929844
1669075200,1138.17,,1280.5806289685117,1,0,0,89.15797125062838
1669161600,1183.53,,1280.5806289685117,1,0,0,87.31025901844063
1669248000,1202.81,,1280.5806289685117,1,0,0,83.71666908855202
1669334400,1198.66,,1280.5806289685117,1,0,0,80.35619272508401
1669420800,1204.8,,1280.5806289685117,1,0,0,77.43289324472087
1669507200,1193.3,,1280.5806289685117,1,0,0,74.36625801295509
1669593600,1167.24,,1280.5806289685117,1,0,0,72.53866815488686
1669680000,1215.91,,1280.5806289685117,1,0,0,72.3366204295378
1669766400,1294.77,1122.3817259690798,,1,0,0,74.29543325599938
1669852800,1276.48,1149.0465533721717,,1,0,0,71.78504516628514
1669939200,1295.63,1155.1223980349546,,1,0,0,68.94397051155049
1670025600,1240.91,1155.1223980349546,,1,0,0,69.19582976072546
1670112000,1279.68,1155.1223980349546,,1,0,0,67.62255620638793
1670198400,1259.23,1155.1223980349546,,1,0,0,67.00808790593165
1670284800,1271.19,1155.1223980349546,,1,0,0,64.56036734122225
1670371200,1231.56,1155.1223980349546,,1,0,0,64.41248395970636
1670457600,1280.33,1155.1223980349546,,1,0,0,64.87302081972733
1670544000,1262.95,1158.7452305381848,,1,0,0,63.16351933260395
1670630400,1266.45,1161.1317074843662,,1,0,0,60.35255366598939
1670716800,1262.92,1165.0670367359298,,1,0,0,58.11165697556158
1670803200,1275.72,1165.0670367359298,,1,0,0,56.76225290587861
1670889600,1320.47,1192.0747997561032,,1,0,0,59.52066341260156
1670976000,1307.47,1215.9993197804927,,1,0,0,58.9134731688443
1671062400,1266.48,1215.9993197804927,,1,1,0,58.42893937106971
1671148800,1166.98,,1341.433550977801,1,0,0,63.144015130279016
1671235200,1187.06,,1292.8461958800208,1,0,0,60.64587119240195
1671321600,1183.32,,1292.8461958800208,1,0,0,58.04045182151608
1671408000,1167.6,,1280.9048686628169,1,0,0,57.10899097712207
1671494400,1216.69,,1280.9048686628169,1,0,0,57.90549162161335
1671580800,1213.7,,1280.9048686628169,1,0,0,55.19295650578383
1671667200,1217.5,,1280.9048686628169,1,0,0,55.27417389822784
1671753600,1219.92,,1280.9048686628169,1,0,0,52.833161476925866
1671840000,1220.51,,1280.9048686628169,1,0,0,50.04293565714545
1671926400,1218.37,,1280.9048686628169,1,0,0,48.67772596734933
1672012800,1227.58,,1280.9048686628169,1,0,0,46.76645982682438
1672099200,1210.99,,1280.9048686628169,1,0,0,45.86671269633693
1672185600,1189.24,,1278.9249895613893,1,0,0,45.11480464659859
1672272000,1199.74,,1273.1814906052502,1,0,0,43.31660431469868
1672358400,1199.1,,1264.6533415447252,1,0,0,41.73684686364878
1672444800,1195.25,,1264.6533415447252,1,0,0,39.96921494481672
1672531200,1199.92,,1262.6130066512274,1,0,0,38.12427102018696
1672617600,1213.69,,1262.6130066512274,1,0,0,37.69968023303074
1672704000,1214.21,,1262.6130066512274,1,0,0,36.1318459306714
1672790400,1256.34,,1262.6130066512274,1,0,0,37.82528550705201
1672876800,1250.88,,1262.6130066512274,1,0,0,36.53776511369115
1672963200,1268.84,1188.4581351025167,,1,0,0,36.95649617699892
1673049600,1263.94,1203.526321592265,,1,0,0,35.03674645007042
1673136000,1289.92,1212.7146894330388,,1,0,0,35.25126456077969
1673222400,1320.02,1245.9802204897346,,1,0,0,37.081174235009705
1673308800,1335.56,1263.5886984407614,,1,0,0,36.68680464679472
1673395200,1389.24,1281.321828596685,,1,0,0,39.649890029166535
1673481600,1416.05,1314.7221457370167,,1,0,0,42.32918359851177
1673568000,1451.78,1343.601931163315,,1,0,0,43.966384770046645
1673654400,1550.06,1413.1672380469834,,1,0,0,51.440928715043306
1673740800,1552.89,1431.987014242285,,1,0,0,51.43157666396878
1673827200,1576.85,1447.1248128180566,,1,0,0,53.67932118797101
1673913600,1565.68,1457.1363315362512,,1,0,0,54.713655388830226
1674000000,1510.83,1457.1363315362512,,1,0,0,58.82982286105665
1674086400,1550.98,1457.1363315362512,,1,0,0,58.60912122812403
1674172800,1658.25,1465.916575689927,,1,0,0,63.42704114040088
1674259200,1626.8,1510.9549181209343,,1,0,0,63.37582391608653
1674345600,1627.88,1510.9549181209343,,1,0,0,63.20826506493749
1674432000,1626.55,1510.9549181209343,,1,0,0,63.27410327458481
1674518400,1556.09,1510.9549181209343,,1,0,0,66.80952446925733
1674604800,1612.54,1510.9549181209343,,1,0,0,71.11955843573895
1674691200,1601.1,1510.9549181209343,,1,0,0,70.0353042617576
1674777600,1598.18,1510.9549181209343,,1,0,0,70.19849681448919
1674864000,1572.3,1510.9549181209343,,1,0,0,68.81146132773996
1674950400,1644.89,1510.9549181209343,,1,0,0,70.63849980432998
1675036800,1566.23,1510.9549181209343,,1,0,0,73.66574981830641
1675123200,1585.39,1510.9549181209343,,1,0,0,71.51676768842738
1675209600,1642.05,1510.9549181209343,,1,0,0,72.90271285353971
1675296000,1643.19,1514.3513727478612,,1,1,0,74.05037622114402
1675382400,1663.69,1514.3513727478612,,1,0,0,72.44177791963374
1675468800,1666.83,1524.6007619257678,,1,0,0,70.81522235394561
1675555200,1629.37,1524.6007619257678,,1,0,0,70.39270647152092
1675641600,1614.5,1524.6007619257678,,1,0,0,69.17965600926944
1675728000,1671.28,1524.6007619257678,,1,0,0,68.90325200860732
1675814400,1650.65,1525.753663399496,,1,0,0,68.93373400799253
1675900800,1545.54,1525.753663399496,,1,0,0,73.41775300742164
1675987200,1513.04,,1672.348282646408,1,0,0,72.70577064974866
1676073600,1538.86,,1666.3069543817674,1,0,0,70.26678703190946
1676160000,1515.25,,1659.6502589435906,1,0,0,69.13558795820164
1676246400,1506.29,,1632.0467330492318,1,0,0,68.81447453261582
1676332800,1556.67,,1632.0467330492318,1,0,0,69.53701206600041
1676419200,1674.88,1457.5639462301224,,1,0,0,74.6843683470004
1676505600,1637.83,1527.6135516071101,,1,0,0,77.1261991793575
1676592000,1694.37,1527.6135516071101,,1,0,0,78.17932780940338
1676678400,1691.82,1543.7207268017594,,1,0,0,74.99580439444597
1676764800,1680.23,1546.8671541215833,,1,0,0,73.9482469376998
1676851200,1703.63,1546.8671541215833,,1,0,0,73.61622929929267
1676937600,1659.76,1546.8671541215833,,1,0,0,74.10078434934319
1677024000,1642.95,1546.8671541215833,,1,0,0,73.97215689581869
1677110400,1650.62,1546.8671541215833,,1,0,0,72.24057426040306
1677196800,1607.57,1546.8671541215833,,1,0,0,73.4526760989457
1677283200,1594.51,1546.8671541215833,,1,0,0,71.86034209187814
1677369600,1641.41,1546.8671541215833,,1,0,0,71.29603194245826
1677456000,1633.26,1546.8671541215833,,1,0,0,70.27917251799695
1677542400,1605.4,1546.8671541215833,,1,0,0,68.85066019528288
1677628800,1665.2,1546.8671541215833,,1,0,0,69.28275589561983
1677715200,1647.87,1546.8671541215833,,1,0,0,68.55827333164699
1677801600,1569.54,1546.8671541215833,,1,0,0,70.92839666510078
1677888000,1566.72,1546.8671541215833,,1,0,0,67.83351118902215
1677974400,1564.81,1546.8671541215833,,1,0,0,65.47754610409199
1678060800,1565.85,1546.8671541215833,,1,0,0,62.828435668085426
1678147200,1561.67,1546.8671541215833,,1,0,0,61.80711883465075
1678233600,1532.17,,1662.0473270049674,1,0,0,60.82375320360427
1678320000,1437.41,,1608.1305943044708,1,0,0,66.41419940334681
1678406400,1432.15,,1536.4540348740236,1,0,0,66.59247087453633
1678492800,1483.68,,1536.4540348740236,1,0,0,67.69443724064088
1678579200,1592.31,1383.6000817520408,,1,0,0,73.73126315202367
1678665600,1681.93,1473.4145735768368,,1,0,0,77.86474435545054
1678752000,1704.95,1544.590116219153,,1,0,0,82.10940547291837
1678838400,1656.8,1544.590116219153,,1,0,0,84.03659079628133
1678924800,1677.24,1544.590116219153,,1,0,0,82.19683431083266
1679011200,1793.66,1552.0539597237628,,1,0,0,86.15206043148747
1679097600,1763.68,1615.9620637513863,,1,0,0,86.67548468638122
1679184000,1786.4,1622.8968573762477,,1,0,0,86.4950929230683
1679270400,1739.42,1622.8968573762477,,1,0,0,86.07258628570628
1679356800,1807.23,1622.8968573762477,,1,0,0,88.18311583672725
1679443200,1739.18,1622.8968573762477,,1,0,0,89.64360756267529
1679529600,1817.49,1622.8968573762477,,1,1,0,92.3762070224842
1679616000,1751.93,1622.8968573762477,,1,0,0,92.5121922351639
1679702400,1743.8,1622.8968573762477,,1,0,0,89.45417850408077
1679788800,1775.86,1622.8968573762477,,1,0,0,87.35102289664643
1679875200,1716.42,1622.8968573762477,,1,0,0,87.8395212611717
1679961600,1773.7,1622.8968573762477,,1,0,0,88.26026974251658
1680048000,1793.41,1627.2948241827087,,1,0,0,85.8638219037654
1680134400,1793.68,1627.2948241827087,,1,0,0,84.507834624925
1680220800,1822.01,1647.5559575879943,,1,0,0,83.30370358028748
1680307200,1821.73,1670.1188618291947,,1,0,0,79.77343903883839
1680393600,1795.37,1670.1188618291947,,1,0,0,77.84105053606423
1680480000,1810.92,1670.1188618291947,,1,0,0,77.73883264063109
1680566400,1871.36,1693.5864702734827,,1,0,0,78.56748745201457
1680652800,1908.9,1750.3008232461345,,1,0,0,78.55552406258496
1680739200,1873.29,1750.3008232461345,,1,0,0,76.98227234382888
1680825600,1865.02,1750.3008232461345,,1,0,0,74.41925289069825
1680912000,1850.06,1750.3008232461345,,1,0,0,71.41430625564837
1680998400,1859.84,1750.3008232461345,,1,0,0,70.0039986659592
1681084800,1911.23,1750.3008232461345,,1,0,0,70.18228447553354
1681171200,1891.82,1779.8007298267491,,1,0,0,69.14140701299542
1681257600,1918.91,1779.8007298267491,,1,0,0,69.7948779406386
1681344000,2013.98,1817.8839411596666,,1,0,0,73.6581009448787
1681430400,2101.85,1916.5415470437,,1,0,0,76.96823659167306
1681516800,2092.45,1946.3243923393302,,1,0,0,74.26264826369642
1681603200,2120.07,1962.569453105397,,1,0,0,73.85317338771809
1681689600,2075.63,1962.569453105397,,1,0,0,73.15080386002394
1681776000,2104.61,1962.569453105397,,1,0,0,73.10288929859367
1681862400,1934.8,,2180.9919736861657,1,0,0,80.92196863440843
1681948800,1943.16,,2112.3252763175487,1,0,0,80.08325658909352
1682035200,1848.16,,2064.385748685794,1,0,0,83.80159540415825
1682121600,1874.48,,2030.4301738172146,1,0,0,81.0850528752898
1682208000,1861.9,,2017.901656435493,1,0,0,78.52897766991195
1682294400,1842.17,,2006.770490791944,1,0,0,78.96405069348965
1682380800,1866.23,,1998.3224417127494,1,0,0,78.80233278681182
1682467200,1866.73,,1998.3224417127494,1,0,0,85.9971661591824
1682553600,1908.92,,1998.3224417127494,1,0,0,85.38879714781224
1682640000,1892.54,,1998.3224417127494,1,0,0,82.84602592296851
1682726400,1908.96,,1998.3224417127494,1,0,0,79.39773835704219
1682812800,1870.76,,1998.3224417127494,1,0,0,78.95932847439632
1682899200,1831.41,,1998.3224417127494,1,0,0,79.117233583368
1682985600,1871.26,,1998.3224417127494,1,0,0,77.70457404169885
1683072000,1905.89,,1998.3224417127494,1,0,0,77.41424732443465
1683158400,1878.01,,1998.3224417127494,1,1,0,75.50108680126074
1683244800,1995.76,,1998.3224417127494,1,0,0,78.9395806011707
1683331200,1900.12,,1998.3224417127494,1,0,0,84.43961055822994
1683417600,1873.27,,1998.3224417127494,1,0,0,83.11106694692782
1683504000,1849.11,,1998.3224417127494,1,0,0,82.66527645071868
1683590400,1847.7,,1998.3224417127494,1,0,0,78.94418527566734
1683676800,1842.47,,1998.3224417127494,1,0,0,80.3924577559768
1683763200,1795.24,,1967.2625444829096,1,0,0,79.74728220197846
1683849600,1808.35,,1936.7932900346186,1,0,0,79.72890490183715
1683936000,1795.99,,1936.7932900346186,1,0,0,76.23969740884878
1684022400,1800.03,,1936.7932900346186,1,0,0,73.23543330821674
1684108800,1816.79,,1936.7932900346186,1,0,0,72.47075950048698
1684195200,1824.64,,1936.7932900346186,1,0,0,69.89356239330934
1684281600,1822.49,,1936.7932900346186,1,0,0,68.72687936521582
1684368000,1800.61,,1930.989147984288,1,0,0,68.1721022677004
1684454400,1812.84,,1930.989147984288,1,0,0,65.65409496286466
1684540800,1819.96,,1930.989147984288,1,0,0,62.57808817980289
1684627200,1805.28,,1923.7268888805459,1,0,0,60.418224738388396
1684713600,1817.76,,1917.5841999924912,1,0,0,58.78263725707494
1684800000,1854.41,,1917.5841999924912,1,0,0,58.734591738712446
1684886400,1799.75,,1917.5841999924912,1,0,0,60.26712090023299
1684972800,1805.83,,1902.8231517945262,1,0,0,60.21161226450206
1685059200,1828.43,,1902.8231517945262,1,0,0,58.92578281703762
1685145600,1830.67,,1902.8231517945262,1,0,0,56.436798330106356
1685232000,1909.25,1758.9946573417903,,1,0,0,59.344169877955906
1685318400,1893.2,1788.3591916076116,,1,0,0,58.98887202953048
1685404800,1901.11,1790.9647724468502,,1,0,0,57.323952598849715
1685491200,1874.04,1790.9647724468502,,1,0,0,57.545813127503315
1685577600,1862.43,1790.9647724468502,,1,0,0,56.976112189824505
1685664000,1907.41,1790.9647724468502,,1,0,0,57.452818461979895
1685750400,1892.62,1790.9647724468502,,1,0,0,55.292617143267044
1685836800,1890.23,1799.1385705821408,,1,0,0,53.49385877589082
1685923200,1811.21,1799.1385705821408,,1,0,0,57.8221545776129
1686009600,1884.95,1799.1385705821408,,1,0,0,60.95842925064055
1686096000,1832.49,1799.1385705821408,,1,0,0,62.175684304166225
1686182400,1845.99,1799.1385705821408,,1,0,0,60.088849711011484
1686268800,1840.46,1799.1385705821408,,1,0,0,57.83393187451066
1686355200,1752.32,,1908.6556561062566,1,0,0,62.91365102633133
1686441600,1753.1,,1881.901590495631,1,0,0,61.25196166730767
1686528000,1742.66,,1858.3969314460676,1,0,0,59.72253583392854
1686614400,1739.54,,1858.3969314460676,1,0,0,58.49592613150507
1686700800,1650.84,,1817.730914471315,1,0,0,62.878359979254704
1686787200,1665.28,,1776.3073230241837,1,0,0,62.58419140930794
1686873600,1716.8,,1776.3073230241837,1,0,0,63.79317773721452
1686960000,1727.09,,1776.3073230241837,1,0,0,63.245093613127764
1687046400,1720.43,,1776.3073230241837,1,0,0,61.212586926475794
1687132800,1736.58,,1776.3073230241837,1,0,0,60.567402146013244
1687219200,1792.86,1630.3202803274498,,1,0,0,62.20187342129801
1687305600,1889.57,1709.062752294705,,1,0,0,65.93459674834814
1687392000,1872.13,1764.7044770652344,,1,0,0,66.02141126632328
1687478400,1893.66,1764.7044770652344,,1,0,0,66.68488189015734
1687564800,1875.87,1764.7044770652344,,1,0,0,64.86596175514609
1687651200,1899.73,1769.7580387805558,,1,0,0,64.57410734406423
1687737600,1859.19,1769.7580387805558,,1,0,0,65.15452824805965
1687824000,1889.82,1769.7580387805558,,1,0,0,64.58563337319823
1687910400,1827.37,1769.7580387805558,,1,0,0,65.2930881322555
1687996800,1852.11,1769.7580387805558,,1,0,0,64.42715326566581
1688083200,1933.57,1769.7580387805558,,1,0,0,68.65021374668967
1688169600,1924.14,1792.1882144175777,,1,0,0,66.29448419335469
1688256000,1937.26,1792.1882144175777,,1,0,0,66.87130675097222
1688342400,1955.76,1824.3520036782377,,1,0,0,65.20407055447421
1688428800,1936.42,1824.525303310414,,1,0,0,63.07306551486891
1688515200,1910.14,1824.525303310414,,1,0,0,62.030703692378275
1688601600,1845.8,1824.525303310414,,1,0,0,65.6042248572084
1688688000,1870.93,1824.525303310414,,1,0,0,64.68320879597921
1688774400,1865.56,1824.525303310414,,1,0,0,62.252979596266414
1688860800,1863.01,1824.525303310414,,1,0,0,59.42990962510453
1688947200,1880.62,1824.525303310414,,1,0,0,59.38777322331134
1689033600,1878.66,1824.525303310414,,1,0,0,57.250789421646246
1689120000,1871.65,1824.525303310414,,1,0,0,56.077875891528656
1689206400,2005.95,1824.525303310414,,1,0,0,62.91659904213375
1689292800,1938.91,1824.525303310414,,1,0,0,67.74112768198133
1689379200,1931.9,1824.525303310414,,1,0,0,64.3396185618398
1689465600,1923.38,1824.525303310414,,1,0,0,61.84393152170839
1689552000,1911.38,1824.525303310414,,1,0,0,61.94936498444351
1689638400,1897.72,1824.525303310414,,1,0,0,60.48726748555469
1689724800,1888.73,1824.525303310414,,1,0,0,59.03674837944363
1689811200,1891.72,1824.525303310414,,1,0,0,58.48126635234051
1689897600,1891.92,1824.525303310414,,1,0,0,55.802604470030474
1689984000,1866.69,1824.525303310414,,1,0,0,55.12170415074258
1690070400,1888.65,1824.525303310414,,1,0,0,54.54515385426096
1690156800,1849.69,1824.525303310414,,1,0,0,54.799071436099474
1690243200,1857.28,1824.525303310414,,1,0,0,52.55985204780666
1690329600,1871.92,1824.525303310414,,1,0,0,51.642719758677615
1690416000,1860.88,1824.525303310414,,1,1,0,50.222525490200645
1690502400,1874.05,1824.525303310414,,1,0,0,48.53448795518631
1690588800,1880.71,1824.525303310414,,1,0,0,46.29345310124443
1690675200,1861.65,1824.525303310414,,1,0,0,45.60463502258413
1690761600,1856,1824.525303310414,,1,0,0,44.22358966382812
1690848000,1872.89,1824.525303310414,,1,0,0,45.55619040212612
1690934400,1838.92,1824.525303310414,,1,0,0,46.49931965911711
1691020800,1834.34,1824.525303310414,,1,0,0,45.577939683465885
1691107200,1827.3,1824.525303310414,,1,0,0,44.93237256321832
1691193600,1834.66,1824.525303310414,,1,0,0,42.63077452298844
1691280000,1827.5,1824.525303310414,,1,0,0,40.53000491420355
1691366400,1826.9,1824.525303310414,,1,0,0,40.785718848903294
1691452800,1855.71,1824.525303310414,,1,0,0,41.59388178826733
1691539200,1854.09,1824.525303310414,,1,0,0,40.58717594624824
1691625600,1850.38,1824.525303310414,,1,0,0,39.13666337865907
1691712000,1846.76,1824.525303310414,,1,0,0,37.70761599446913
1691798400,1849.09,1824.525303310414,,1,0,0,35.56921485200705
1691884800,1838.98,1824.525303310414,,1,0,0,34.95427093400655
1691971200,1844.01,1824.525303310414,,1,0,0,33.95182301014894
1692057600,1827.19,1824.525303310414,,1,0,0,33.9774070808526
1692144000,1805.51,,1874.232690796413,1,0,0,33.99616371793456
1692230400,1681.42,,1783.4924217167718,1,0,0,50.72358059522495
1692316800,1661.4,,1780.0471795450947,1,0,0,51.32546769556602
1692403200,1669.65,,1780.0471795450947,1,0,0,50.670791431597024
1692489600,1685.39,,1780.0471795450947,1,0,0,49.38359204362582
1692576000,1667.2,,1769.374918888374,1,0,0,48.674049754795384
1692662400,1634.33,,1733.0789269995364,1,0,0,51.60947477231
1692748800,1679.22,,1733.0789269995364,1,0,0,53.04094086000215
1692835200,1660.36,,1733.0789269995364,1,0,0,52.71158794143058
1692921600,1652.75,,1733.0789269995364,1,0,0,51.92147451704268
1693008000,1646.25,,1733.0789269995364,1,0,0,49.05136919439678
1693094400,1657.51,,1733.0789269995364,1,0,0,46.551271394797006
1693180800,1651.94,,1733.0789269995364,1,0,0,46.20189486659723
1693267200,1729.34,,1733.0789269995364,1,0,0,50.53318809041173
1693353600,1705.47,,1733.0789269995364,1,0,0,49.49367465538232
1693440000,1645.58,,1733.0789269995364,1,0,0,52.844126465712165
1693526400,1628.46,,1733.0789269995364,1,0,0,52.825260289589856
1693612800,1636.83,,1733.0789269995364,1,0,0,50.28131312604773
1693699200,1635.68,,1731.995465662844,1,0,0,48.26407647418717
1693785600,1629.75,,1722.3949190965598,1,0,0,46.868071011745236
1693872000,1633.85,,1718.2834271869037,1,0,0,46.22106593947773
1693958400,1632.08,,1718.2834271869037,1,0,0,47.26456122951503
1694044800,1647.44,,1718.2834271869037,1,0,0,46.5092354274068
1694131200,1635.94,,1718.2834271869037,1,0,0,46.232861468306304
1694217600,1635.14,,1716.6776950773276,1,0,0,43.48908564914158
1694304000,1616.65,,1699.0989255695947,1,0,0,43.15986524563147
1694390400,1551.36,,1666.7980330126354,1,0,0,46.36344629951493
1694476800,1593.07,,1666.7980330126354,1,0,0,48.46462870669244
1694563200,1608.06,,1666.7980330126354,1,0,0,47.63929808478582
1694649600,1627.18,,1666.7980330126354,1,0,0,46.873633935872554
1694736000,1641.49,,1666.7980330126354,1,0,0,46.52551722616737
1694822400,1634.87,,1666.7980330126354,1,0,0,44.67798028144112
1694908800,1622.83,,1666.7980330126354,1,0,0,43.15169597562391
1694995200,1636.94,,1666.7980330126354,1,0,0,44.77514626307935
1695081600,1643.42,,1666.7980330126354,1,0,0,44.02549295857368
1695168000,1622.27,,1666.7980330126354,1,0,0,44.070814890104124
1695254400,1583.86,,1666.7980330126354,1,0,0,45.02432811223955
1695340800,1593.03,,1666.7980330126354,1,0,0,43.659018961365305
1695427200,1593.85,,1666.7980330126354,1,0,0,41.270517606982075
1695513600,1580.64,,1662.9165755225433,1,0,0,40.504052063626226
1695600000,1587.75,,1656.4509179702889,1,0,0,40.04804834479577
1695686400,1593.28,,1656.4509179702889,1,0,0,38.57104489159606
1695772800,1597.65,,1656.4509179702889,1,0,0,39.42739882791062
1695859200,1652.94,,1656.4509179702889,1,0,0,41.72687034020271
1695945600,1667.21,1586.2524527196933,,1,0,0,41.591379601616815
1696032000,1670.84,1600.667707447724,,1,0,0,40.63985248721561
1696118400,1733.4,1623.0144367029516,,1,0,0,43.92914873812879
1696204800,1662.62,1623.0144367029516,,1,0,0,48.36420954254816
1696291200,1656.91,1623.0144367029516,,1,0,0,46.84176600379472
1696377600,1646.58,1623.0144367029516,,1,0,0,45.77449700352367
1696464000,1611.63,,1724.9661095791932,1,0,0,45.882032931843405
1696550400,1645.95,,1724.9661095791932,1,0,0,46.21903057956887
1696636800,1634.65,,1724.9661095791932,1,0,0,44.181242681028245
1696723200,1633.78,,1714.240133883232,1,0,0,42.81258248952623
1696809600,1580.13,,1686.0011204949087,1,0,0,46.060969454560066
1696896000,1567.63,,1665.9315084454179,1,0,0,45.98304306494863
1696982400,1566.46,,1652.560857600876,1,0,0,45.057825703166586
1697068800,1539.25,,1635.3812718407883,1,0,0,45.210838152940404
1697155200,1552.04,,1635.3812718407883,1,0,0,44.64934971344467
1697241600,1554.87,,1635.3812718407883,1,0,0,42.665824733912906
1697328000,1558.01,,1635.3812718407883,1,0,0,40.94826582434771
1697414400,1600.02,,1635.3812718407883,1,0,0,44.181246836894296
1697500800,1565.24,,1635.3812718407883,1,0,0,44.50401491997327
1697587200,1563.67,,1635.3812718407883,1,0,0,43.48658528283232
1697673600,1567.48,,1635.3812718407883,1,0,0,42.80111490548716
1697760000,1604.96,,1635.3812718407883,1,0,0,44.751749555095216
1697846400,1629.38,,1635.3812718407883,1,0,0,45.24876744401699
1697932800,1664.43,1553.8097824468548,,1,0,0,45.296712626587215
1698019200,1766.27,1618.0708042021693,,1,0,0,52.17551886754527
1698105600,1785.28,1664.8277237819523,,1,0,0,57.650838948434895
1698192000,1787.58,1664.8277237819523,,1,0,0,57.68220759497525
1698278400,1803.57,1681.6152062633814,,1,0,0,60.93276419533415
1698364800,1779.81,1681.6152062633814,,1,0,0,60.811852467095996
1698451200,1776.48,1681.6152062633814,,1,0,0,58.802434433732
1698537600,1795.74,1681.6152062633814,,1,0,0,58.06154625989401
1698624000,1809.69,1684.2797183294047,,1,0,0,57.65715009847302
1698710400,1815.14,1684.989746496464,,1,0,0,56.280210805724955
1698796800,1847.74,1701.8977718468177,,1,0,0,57.65448146245888
1698883200,1801.31,1704.6129946621359,,1,0,0,59.962732786568964
1698969600,1833.76,1704.6129946621359,,1,0,0,59.905394730385474
1699056000,1857.23,1726.44857567633,,1,0,0,58.855723678215085
1699142400,1893.16,1758.153218108697,,1,0,0,59.37388627262828
1699228800,1901.68,1774.1613962978277,,1,0,0,58.38218011029769
1699315200,1885.93,1774.1613962978277,,1,0,0,58.28773867384785
1699401600,1888.84,1776.2330810012402,,1,0,0,56.39218591143015
1699488000,2121.3,1855.6882729011163,,1,0,0,70.15488691775656
1699574400,2078.57,1950.6409456110048,,1,0,0,70.18168070934539
1699660800,2053.83,1950.6409456110048,,1,0,0,69.41656065867787
1699747200,2046.06,1950.6409456110048,,1,0,0,68.27466346877229
1699833600,2053.99,1950.6409456110048,,1,0,0,69.78147322100286
1699920000,1979.61,1950.6409456110048,,1,0,0,74.25993941950264
1700006400,2059.38,1950.6409456110048,,1,0,0,75.8406580323953
1700092800,1961.76,1950.6409456110048,,1,0,0,84.03989674436707
1700179200,1961.57,1950.6409456110048,,1,0,0,84.1156184054837
1700265600,1963.76,1950.6409456110048,,1,0,0,81.99450280509201
1700352000,2012.29,1950.6409456110048,,1,0,0,81.277038319014
1700438400,2022.55,1950.6409456110048,,1,0,0,80.77153558194156
1700524800,1933.45,,2157.090005917247,1,0,0,82.49571161180289
1700611200,2063.94,,2157.090005917247,1,0,0,88.27458935381696
1700697600,2062.78,,2157.090005917247,1,0,0,85.46569011425859
1700784000,2082.61,,2157.090005917247,1,0,0,84.67956939181155
1700870400,2084.02,,2157.090005917247,1,0,0,80.38888586382498
1700956800,2063.09,,2157.090005917247,1,0,0,78.74396544498033
1701043200,2027.47,,2157.090005917247,1,0,0,79.28225362748174
1701129600,2049.08,,2157.090005917247,1,0,0,79.38423551123303
1701216000,2029.11,,2157.090005917247,1,0,0,77.72893297471639
1701302400,2053.1,,2157.090005917247,1,0,0,74.66115204795092
1701388800,2088.4,,2157.090005917247,1,0,0,74.049641187383
1701475200,2165.76,1986.9334779726676,,1,0,0,76.15395253114139
1701561600,2194.13,2033.9316301754009,,1,0,0,75.53438449320272
1701648000,2243.29,2082.0744671578605,,1,0,0,76.0347856008311
1701734400,2293.97,2088.080020442075,,1,0,0,79.30730091505747
1701820800,2232.8,2102.8185183978676,,1,0,0,80.2953508496962
1701907200,2356.57,2123.9806665580804,,1,0,0,86.08996864614649
1701993600,2358.59,2193.1015999022725,,1,0,0,83.80497088570745
1702080000,2341.28,2196.577439912045,,1,0,0,83.1060443938712
1702166400,2352.29,2196.577439912045,,1,0,0,81.10418408002326
1702252800,2224.06,2196.577439912045,,1,0,0,91.570313788593
1702339200,2202.34,2196.577439912045,,1,0,0,90.63029137512206
1702425600,2260.69,2196.577439912045,,1,0,0,94.18955627689904
1702512000,2315.95,2196.577439912045,,1,0,0,94.78244511426338
1702598400,2220.31,2196.577439912045,,1,0,0,96.48584189181598
1702684800,2227.29,2196.577439912045,,1,0,0,93.33113889954343
1702771200,2194.75,,2403.7420539441187,1,0,0,90.74962897814748
1702857600,2218.71,,2357.6143485497073,1,0,0,91.98822690827981
1702944000,2177.27,,2357.6143485497073,1,0,0,93.9683535576884
1703030400,2202,,2357.6143485497073,1,0,0,94.96275687499636
1703116800,2239.92,,2357.6143485497073,1,0,0,95.09541709821092
1703203200,2326.35,,2357.6143485497073,1,0,0,96.4171730197673
1703289600,2309.58,,2357.6143485497073,1,0,0,94.23737494692679
1703376000,2265.33,,2357.6143485497073,1,0,0,93.42541959357486
1703462400,2271.53,,2357.6143485497073,1,0,0,90.39288962260521
1703548800,2230.91,,2357.6143485497073,1,0,0,93.01482607813341
1703635200,2380.66,2097.3319265080213,,1,0,0,99.31876707255245
1703721600,2344.94,2185.2842338572186,,1,0,0,100.19242656737015
1703808000,2299.37,2185.2842338572186,,1,0,0,102.40796752684368
1703894400,2291.15,2185.2842338572186,,1,0,0,99.0381127034977
1703980800,2281.07,2185.2842338572186,,1,0,0,96.34824751039073
1704067200,2352.76,2185.2842338572186,,1,0,0,95.78551554536281
1704153600,2356.16,2196.007854300349,,1,0,0,95.44369300640832
1704240000,2210.49,2196.007854300349,,1,0,0,109.03057207737915
1704326400,2269.47,2196.007854300349,,1,0,0,107.9955312147092
1704412800,2270.35,2196.007854300349,,1,0,0,105.37013612794428
1704499200,2241.87,2196.007854300349,,1,0,0,101.75226926166252
1704585600,2222.69,2196.007854300349,,1,0,0,98.19210717154378
1704672000,2332.51,2196.007854300349,,1,0,0,104.97338523071923
1704758400,2344.93,2196.007854300349,,1,0,0,108.02385771423927
1704844800,2584.77,2230.945978695058,,1,0,0,121.9971535917936
1704931200,2618.31,2368.792880825552,,1,0,0,122.13949976380836
1705017600,2522.03,2368.792880825552,,1,0,0,132.1931069235363
1705104000,2578.12,2368.792880825552,,1,0,0,129.43359928614083
1705190400,2470.66,2368.792880825552,,1,0,0,128.11619933713078
1705276800,2509.94,2368.792880825552,,1,0,0,124.90575652733573
1705363200,2586.83,2368.792880825552,,1,0,0,124.25463106109746
1705449600,2527.94,2368.792880825552,,1,0,0,121.61572884244764
1705536000,2468.82,2368.792880825552,,1,0,0,121.80317678227281
1705622400,2490.13,2368.792880825552,,1,0,0,119.51294986925332
1705708800,2470.44,2368.792880825552,,1,0,0,113.69845345002095
1705795200,2455.52,2368.792880825552,,1,0,0,107.67927820359087
1705881600,2311.34,,2603.580347803628,1,0,0,111.65432976047724
1705968000,2240.81,,2492.6758130232647,1,0,0,116.82616334901458
1706054400,2234.06,,2454.684231720939,1,0,0,113.30715168122781
1706140800,2217.3,,2422.8118085488445,1,0,0,110.34806941828298
1706227200,2267.34,,2422.8118085488445,1,0,0,108.66892160269131
1706313600,2268.07,,2422.8118085488445,1,0,0,103.16685577392764
1706400000,2256.51,,2422.8118085488445,1,0,0,100.7027946472185
1706486400,2317.42,,2422.8118085488445,1,0,0,99.89545217241718
1706572800,2342.96,,2422.8118085488445,1,0,0,99.54934844581592
1706659200,2281.6,,2422.8118085488445,1,0,0,98.8458235568291
1706745600,2303.61,,2422.8118085488445,1,0,0,96.9232647313413
1706832000,2308.03,,2422.8118085488445,1,0,0,93.06946010767409
1706918400,2295.97,,2422.8118085488445,1,0,0,89.0023558142688
1707004800,2288.82,,2422.8118085488445,1,0,0,85.73861611324959
1707091200,2298.91,,2422.8118085488445,1,0,0,84.47871496230319
1707177600,2372.09,,2422.8118085488445,1,0,0,85.36309246499583
1707264000,2424.55,2237.834133567864,,1,0,0,86.02001443178185
1707350400,2419.78,2280.7387202110776,,1,0,0,83.584299115226
1707436800,2487.84,2309.9938481899694,,1,0,0,85.13684917842416
1707523200,2501.08,2341.419463370973,,1,0,0,82.24850280853671
1707609600,2508.11,2369.4395170338753,,1,0,0,79.67003832221268
1707696000,2661.03,2397.267065330488,,1,0,0,87.87146415634034
1707782400,2641.63,2464.492858797439,,1,0,0,88.50350243088748
1707868800,2777.56,2513.3875729176953,,1,0,0,94.2953951143955
1707955200,2825.94,2622.243315625926,,1,0,0,95.18715260622437
1708041600,2803.89,2622.243315625926,,1,0,0,96.58807027720836
1708128000,2786.83,2622.243315625926,,1,0,0,95.90820811455062
1708214400,2882.06,2629.9057670913,,1,0,0,98.4283361063684
1708300800,2945.43,2714.51569038217,,1,0,0,100.51702638448496
1708387200,3015.56,2735.748621343953,,1,0,0,104.74509592845034
1708473600,2968.37,2735.748621343953,,1,0,0,107.95401764784673
1708560000,2969.77,2741.582033288602,,1,0,0,109.50801638728625
1708646400,2921.79,2741.582033288602,,1,0,0,107.84530093105151
1708732800,2992.66,2741.582033288602,,1,0,0,107.219208007405
1708819200,3113.17,2825.6885772673904,,1,0,0,109.38855029259037
1708905600,3178.34,2881.3642195406514,,1,0,0,113.15722527169108
1708992000,3243.84,2992.1702975865865,,1,0,0,113.90028060942743
1709078400,3386.64,3063.5242678279274,,1,0,0,127.71526056589688
1709164800,3341.78,3120.449341045135,,1,0,0,134.29917052547566
1709251200,3436,3120.449341045135,,1,0,0,132.9063726307988
1709337600,3424.04,3160.4415162465593,,1,0,0,127.97448887145605
1709424000,3489.53,3160.4415162465593,,1,0,0,128.13273966635205
1709510400,3633.23,3254.1667281597133,,1,0,0,134.6946868330412
1709596800,3557.41,3254.1667281597133,,1,0,0,169.7114949163954
1709683200,3821.82,3278.4136498093676,,1,0,0,186.26210242236715
1709769600,3875.28,3416.1542848284307,,1,0,0,187.60552367791234
1709856000,3892.6,3497.8663563455875,,1,0,0,186.6072719866329
1709942400,3913.55,3527.624220711029,,1,0,0,178.37603827330196
1710028800,3881.96,3527.624220711029,,1,0,0,177.93203553949465
1710115200,4066.21,3527.624220711029,,1,0,0,191.00474728667362
1710201600,3980.34,3532.58777189834,,1,0,0,196.2936939090541
1710288000,4007.7,3593.944494708506,,1,0,0,193.0620014869788
1710374400,3880.45,3593.944494708506,,1,0,0,200.609001380766
1710460800,3742.95,3593.944494708506,,1,0,0,212.42335842499696
1710547200,3520.1,,4104.5567083575,1,0,0,219.73954710892573
1710633600,3641.02,,4029.4895375217498,1,0,0,223.0424366011453
1710720000,3520.66,,4023.2295837695747,1,0,0,220.55797684392064
1710806400,3156.97,,3855.2416253926167,1,0,0,233.3866927836406
1710892800,3516.68,,3849.570462853355,1,0,0,250.94621472766627
1710979200,3491.78,,3849.570462853355,1,0,0,245.60291367569013
1711065600,3337.41,,3849.570462853355,1,0,0,248.93341984171226
1711152000,3330.05,,3849.570462853355,1,0,0,242.93246128158995
1711238400,3454.67,,3849.570462853355,1,0,0,237.81014261861924
1711324800,3591.02,,3849.570462853355,1,0,0,238.18727528871787
1711411200,3587.67,,3849.570462853355,1,0,0,231.0238984823809
1711497600,3499.56,,3849.570462853355,1,0,0,229.37576287649654
1711584000,3561.1,,3849.570462853355,1,0,0,223.69606552817535
1711670400,3511.08,,3849.570462853355,1,0,0,215.68063227616284
1711756800,3507.51,,3849.570462853355,1,0,0,205.99272997072265
1711843200,3645.48,,3849.570462853355,1,0,0,201.92967782995672
1711929600,3505.85,,3849.570462853355,1,0,0,204.11470084210265
1712016000,3279.64,,3778.52187229456,1,0,0,210.6979364962382
1712102400,3312.43,,3696.5156850651038,1,0,0,207.5502267465069
1712188800,3329.39,,3696.5156850651038,1,0,0,206.51378197889926
1712275200,3319.26,,3674.299754902734,1,0,0,201.57279755183504
1712361600,3352.66,,3674.299754902734,1,0,0,193.61045486956112
1712448000,3453.67,,3674.299754902734,1,0,0,187.93542237887817
1712534400,3694.56,3180.761618675907,,1,0,0,197.5278922089583
1712620800,3504.58,3184.901956808316,,1,0,0,203.1466141940327
1712707200,3546,3184.901956808316,,1,0,0,199.4161417516018
1712793600,3503.06,3184.901956808316,,1,0,0,195.48427448363023
1712880000,3239.31,3184.901956808316,,1,0,0,213.88039773479952
1712966400,3011.39,,3558.490091638064,1,0,0,230.91179789659958
1713052800,3158.06,,3530.470082474257,1,0,0,233.3102409039853
1713139200,3103.13,,3530.470082474257,1,0,0,234.94593798227206
1713225600,3085.25,,3527.379816804149,1,0,0,228.04122812639548
1713312000,2984.98,,3482.439835123734,1,0,0,226.75399754593863
1713398400,3065.82,,3473.39685161136,1,0,0,221.1479977212287
1713484800,3057.93,,3452.064666450224,1,0,0,224.15742645542664
1713571200,3157.01,,3452.064666450224,1,0,0,219.0883245657533
1713657600,3148.1,,3452.064666450224,1,0,0,209.22487281105666
1713744000,3201.46,,3452.064666450224,1,0,0,201.9752390388383
1713830400,3219.49,,3452.064666450224,1,0,0,195.61915053606415
1713916800,3138.91,,3452.064666450224,1,0,0,195.2734969263453
1714003200,3155.36,,3452.064666450224,1,0,0,189.90753286017778
1714089600,3130,,3452.064666450224,1,0,0,181.03199479873646
1714176000,3253.04,,3452.064666450224,1,0,0,183.433280884541
1714262400,3262.6,,3452.064666450224,1,0,0,178.65876082135952
1714348800,3215.53,,3452.064666450224,1,0,0,178.22527790554815
1714435200,3011.4,,3452.064666450224,1,0,0,189.30347234086614
1714521600,2968.12,,3292.076964563249,1,0,0,190.50608145937574
1714608000,2986.32,,3292.076964563249,1,0,0,185.88350421227747
1714694400,3103.27,,3292.076964563249,1,0,0,184.71253962568622
1714780800,3117.41,,3292.076964563249,1,0,0,176.80307250956577
1714867200,3136.95,,3292.076964563249,1,0,0,171.16999590173964
1714953600,3062.69,,3292.076964563249,1,0,0,171.50213905161536
1715040000,3005.78,,3292.076964563249,1,0,0,168.53055769078568
1715126400,2972.82,,3292.076964563249,1,0,0,163.7126607128724
1715212800,3035.92,,3292.076964563249,1,0,0,159.79818494766724
1715299200,2909.43,,3270.685893072199,1,0,0,160.89474316569104
1715385600,2911.75,,3200.5458037649796,1,0,0,153.5336900824274
1715472000,2927.75,,3195.3322233884815,1,0,0,146.39342650511114
1715558400,2950.21,,3195.3322233884815,1,0,0,145.25032461188889
1715644800,2880.4,,3189.74355094467,1,0,0,144.10672999675396
1715731200,3033.2,,3189.74355094467,1,0,0,146.6112492827001
1715817600,2945.11,,3189.74355094467,1,0,0,144.56616004822152
1715904000,3093.39,,3189.74355094467,1,0,0,147.7685771876343
1715990400,3123.99,,3189.74355094467,1,0,0,141.70867881708898
1716076800,3070.9,,3189.74355094467,1,0,0,137.5794874730112
1716163200,3661.52,3011.3973538624136,,1,0,0,173.9252383677961
1716249600,3789.37,3365.9246184761723,,1,0,0,176.90629277009637
1716336000,3735.99,3370.4151566285555,,1,0,0,175.70870042937517
1716422400,3780.83,3370.4151566285555,,1,0,0,193.56950754156267
1716508800,3726.89,3370.4151566285555,,1,0,0,194.06168557430814
1716595200,3749.06,3370.4151566285555,,1,0,0,185.2265651761433
1716681600,3823.83,3431.340058263995,,1,0,0,182.83823909213308
1716768000,3890.72,3528.8505524375955,,1,0,0,180.69907915698073
1716854400,3839.98,3528.8505524375955,,1,0,0,179.01557350291068
1716940800,3762.11,3528.8505524375955,,1,0,0,176.47803253841704
1717027200,3746.74,3528.8505524375955,,1,0,0,172.7060302142444
1717113600,3758.44,3528.8505524375955,,1,0,0,169.3327423417984
1717200000,3812.48,3528.8505524375955,,1,0,0,163.0718321745271
1717286400,3778.88,3528.8505524375955,,1,0,0,157.45312987634657
1717372800,3766.09,3528.8505524375955,,1,0,0,152.8307634566075
1717459200,3810.29,3528.8505524375955,,1,0,0,149.1999946382784
1717545600,3866.57,3556.313551366138,,1,0,0,146.51785216411568
1717632000,3812.09,3556.313551366138,,1,0,0,144.69229129525027
1717718400,3676.35,3556.313551366138,,1,0,0,153.24855620273243
1717804800,3680.84,3556.313551366138,,1,0,0,145.87294504539437
1717891200,3706.27,3556.313551366138,,1,0,0,139.37916325643764
1717977600,3665.86,3556.313551366138,,1,0,0,134.39350873812066
1718064000,3497.31,,3809.118042703428,1,0,0,145.5418295425406
1718150400,3559.14,,3809.118042703428,1,0,0,149.11241314664488
1718236800,3467.65,,3784.5116645897765,1,0,0,148.08509792188457
1718323200,3479.53,,3741.215998130799,1,0,0,149.5940194988928
1718409600,3566.69,,3741.215998130799,1,0,0,147.5451609632576
1718496000,3622.1,,3741.215998130799,1,0,0,145.0612208944535
1718582400,3509.55,,3741.215998130799,1,0,0,147.31541940199253
1718668800,3482.06,,3728.297711873617,1,0,0,148.5693180161359
1718755200,3559.14,,3728.297711873617,1,0,0,146.62365244355473
1718841600,3510.73,,3728.297711873617,1,0,0,146.20624869758655
1718928000,3517.19,,3728.297711873617,1,0,0,142.9979452191875
1719014400,3494.09,,3728.297711873617,1,0,0,136.08737770353125
1719100800,3418.42,,3720.6681093342527,1,0,0,134.5611364389933
1719187200,3350.59,,3605.289298400827,1,0,0,139.14605526477948
1719273600,3393.6,,3605.289298400827,1,0,0,136.05062274586666
1719360000,3369.31,,3605.289298400827,1,0,0,133.64986397830475
1719446400,3445.58,,3605.289298400827,1,0,0,132.30987369414012
1719532800,3373.62,,3605.289298400827,1,0,0,131.76702557313007
1719619200,3373.26,,3605.289298400827,1,0,0,124.98938088933507
1719705600,3432.37,,3605.289298400827,1,0,0,123.68442511152541
1719792000,3438.59,,3605.289298400827,1,0,0,121.87482331784501
1719878400,3416.17,,3605.289298400827,1,0,0,117.72662165228463
1719964800,3291.73,,3571.57330761801,1,0,0,122.10614867712145
1720051200,3058.89,,3442.353976856209,1,0,0,131.9257094858985
1720137600,2981.74,,3255.220579170588,1,0,0,143.88030166547716
1720224000,3067.39,,3255.220579170588,1,0,0,142.63028011794307
1720310400,2930.78,,3255.220579170588,1,0,0,143.32526010951855
1720396800,3018.48,,3255.220579170588,1,0,0,152.6091701016958
1720483200,3066.51,,3255.220579170588,1,0,0,149.56208652300325
1720569600,3100.3,,3255.220579170588,1,0,0,147.944794628503
1720656000,3099.29,,3255.220579170588,1,0,0,149.19730929789563
1720742400,3135.05,,3255.220579170588,1,0,0,146.57607291947448
1720828800,3176.71,,3255.220579170588,1,0,0,142.4563534252263
1720915200,3246.38,,3255.220579170588,1,0,0,139.81375675199584
1721001600,3485.87,3062.014330836402,,1,0,0,148.55348841256756
1721088000,3446.67,3120.959397752762,,1,0,0,148.79895352595557
1721174400,3387.45,3146.625957977486,,1,0,0,148.27474255981588
1721260800,3425.58,3146.625957977486,,1,0,0,146.42297523411474
1721347200,3505.75,3159.8955259617637,,1,0,0,147.81133414596368
1721433600,3519.06,3230.5359733655873,,1,0,0,141.45052456410912
1721520000,3536.2,3230.5359733655873,,1,0,0,140.95834423810132
1721606400,3441.1,3230.5359733655873,,1,0,0,140.82417679252265
1721692800,3482.9,3230.5359733655873,,1,0,0,141.56530702162817
1721779200,3334.99,3230.5359733655873,,1,0,0,144.94564223436905
1721865600,3174.3,,3527.570731187355,1,0,0,152.87381064619984
1721952000,3274.95,,3527.570731187355,1,0,0,150.31568131432843
1722038400,3249.25,,3527.570731187355,1,0,0,149.36670407759064
1722124800,3269.98,,3527.570731187355,1,0,0,144.82265378633417
1722211200,3317.55,,3527.570731187355,1,0,0,144.47317851588176
1722297600,3278.27,,3527.570731187355,1,0,0,143.66295147903304
1722384000,3231.81,,3527.570731187355,1,0,0,143.04416923053068
1722470400,3200.54,,3448.727113599645,1,0,0,144.61029999977848
1722556800,2985.84,,3400.3929022396806,1,0,0,152.2624214283657
1722643200,2901.72,,3247.9996120157125,1,0,0,152.73224846919675
1722729600,2688.31,,3121.148650814141,1,0,0,163.7485164356827
1722816000,2420.37,,2829.641785732727,1,0,0,193.5086224045625
1722902400,2462.52,,2829.641785732727,1,0,0,189.7530065185223
1722988800,2343.66,,2829.641785732727,1,0,0,193.61564891005645
1723075200,2683.59,,2829.641785732727,1,0,0,208.6631025593381
1723161600,2599.94,,2829.641785732727,1,0,0,204.88645237652824
1723248000,2610.69,,2829.641785732727,1,0,0,195.11813434963332
1723334400,2555.58,,2829.641785732727,1,0,0,194.04826761037378
1723420800,2723,,2829.641785732727,1,0,0,197.3605342096328
1723507200,2703.49,,2829.641785732727,1,0,0,192.36406748037328
1723593600,2661.67,,2829.641785732727,1,0,0,189.25591980320377
1723680000,2570.5,,2829.641785732727,1,0,0,187.14621124583206
1723766400,2593.75,,2829.641785732727,1,0,0,179.47648187112978
1723852800,2614.64,,2829.641785732727,1,0,0,169.47816173747765
1723939200,2612.68,,2829.641785732727,1,0,0,164.05686447051494
1724025600,2637.15,,2829.641785732727,1,0,0,158.39065986547817
1724112000,2573.04,,2829.641785732727,1,0,0,157.20918416080116
1724198400,2631.14,,2829.641785732727,1,0,0,155.1378138636011
1724284800,2623.3,,2829.641785732727,1,0,0,148.40154144477245
1724371200,2764.73,,2829.641785732727,1,0,0,150.62357419871725
1724457600,2769,,2829.641785732727,1,0,0,146.1583188988089
1724544000,2747.57,,2829.641785732727,1,0,0,139.90201040603682
1724630400,2680.77,,2829.641785732727,1,0,0,136.78472394846278
1724716800,2458.22,,2829.641785732727,1,0,0,148.93652938071543
1724803200,2528.51,,2774.2266484683223,1,0,0,148.0553487106643
1724889600,2527.71,,2774.2266484683223,1,0,0,144.1878238027597
1724976000,2525.74,,2764.571085259341,1,0,0,142.53226495970546
1725062400,2512.62,,2764.571085259341,1,0,0,135.34353174829792
1725148800,2425.9,,2710.480229060066,1,0,0,134.03827948056238
1725235200,2537.81,,2710.480229060066,1,0,0,134.49697380337935
1725321600,2424.18,,2710.480229060066,1,0,0,135.12076138885226
1725408000,2450.46,,2668.0701919847884,1,0,0,138.54713557536283
1725494400,2367.8,,2668.0701919847884,1,0,0,137.13591160569405
1725580800,2224.46,,2571.0334055076787,1,0,0,145.8540607767159
1725667200,2272.88,,2546.486564956911,1,0,0,141.8830564355219
1725753600,2297.47,,2546.486564956911,1,0,0,138.40640954727033
1725840000,2360.1,,2546.486564956911,1,0,0,136.26738029389386
1725926400,2388.26,,2546.486564956911,1,0,0,132.18256741575857
1726012800,2340.54,,2546.486564956911,1,0,0,130.8066697432044
1726099200,2361.63,,2546.486564956911,1,0,0,126.98976476154692
1726185600,2440.96,,2546.486564956911,1,0,0,127.19906727857926
1726272000,2418.19,,2546.486564956911,1,0,0,122.66770533010929
1726358400,2316.37,,2546.486564956911,1,0,0,124.32786923510147
1726444800,2295.21,,2524.6636337846967,1,0,0,121.3894500040228
1726531200,2342.1,,2524.6636337846967,1,0,0,122.07234643230687
1726617600,2374.59,,2524.6636337846967,1,0,0,120.4393216871421
1726704000,2465.84,,2524.6636337846967,1,0,1,120.58937013806052
1726790400,2562.02,2269.3885783738606,,1,0,0,121.67370084248479
1726876800,2613.16,2344.7152205364746,,1,0,0,119.73343649659304
1726963200,2580.92,2349.215198482827,,1,0,0,118.88961960397926
1727049600,2646.72,2382.363678634544,,1,0,0,122.18178963226646
1727136000,2653.31,2399.93431077109,,1,0,0,119.18166180139028
1727222400,2579.25,2399.93431077109,,1,0,0,119.22868595843384
1727308800,2632.53,2399.93431077109,,1,0,0,118.49592267568856
1727395200,2695.37,2441.6023925521245,,1,0,0,118.1704996274251
1727481600,2675.79,2458.954153296912,,1,0,0,113.66546393975192
1727568000,2657.89,2458.954153296912,,1,0,0,109.07435937262677
1727654400,2601.27,2458.954153296912,,1,0,0,107.71761941743914
1727740800,2447.55,,2768.207592246551,1,0,0,117.5142180304792
1727827200,2363.76,,2663.901333021896,1,0,0,119.58820245687353
1727913600,2349.97,,2589.7426997197063,1,0,0,117.75404513852541
1728000000,2414.43,,2589.7426997197063,1,0,0,116.62875620005931
1728086400,2414.51,,2589.7426997197063,1,0,0,111.05098790005506
1728172800,2439.84,,2589.7426997197063,1,0,0,106.802345907194
1728259200,2421.68,,2589.7426997197063,1,0,0,107.6071783423944
1728345600,2439.48,,2589.7426997197063,1,0,0,104.58309417508055
1728432000,2368.66,,2589.7426997197063,1,0,0,105.86001601971766
1728518400,2384.32,,2574.9656762810664,1,0,0,104.76858630402354
1728604800,2438.77,,2574.9656762810664,1,0,0,103.80368728230756
1728691200,2475.79,,2574.9656762810664,1,0,0,100.40628104785705
1728777600,2467.67,,2574.9656762810664,1,0,0,96.70297525872441
1728864000,2628.74,2342.0146637919925,,1,0,0,104.83919131167268
1728950400,2606.63,2396.678697412793,,1,0,0,108.14782050369608
1729036800,2610.54,2411.873827671514,,1,0,0,104.62726189628918
1729123200,2604.91,2411.873827671514,,1,0,0,102.37817176083995
1729209600,2641.98,2439.4678004139264,,1,0,0,100.87115949220853
1729296000,2647.97,2464.1050203725335,,1,0,0,95.96393381419361
1729382400,2746.22,2507.51601833528,,1,0,0,97.88936711317979
1729468800,2665.35,2518.0304165017524,,1,0,0,99.0601266050955
1729555200,2620.84,2518.0304165017524,,1,0,0,96.7701175618744
1729641600,2521.94,2518.0304165017524,,1,0,0,102.5672520217405
1729728000,2533.99,2518.0304165017524,,1,0,0,99.1367340201876
1729814400,2436.01,,2684.2632917332007,1,0,0,105.30482444731707
1729900800,2479.49,,2671.2244625598805,1,0,0,103.36805127250872
1729987200,2504.69,,2671.2244625598805,1,0,0,100.55033332447239
1730073600,2565.66,,2671.2244625598805,1,0,0,101.88173808701008
1730160000,2637.85,,2671.2244625598805,1,0,0,103.35304250936649
1730246400,2658.16,,2671.2244625598805,1,0,0,104.70068233012604
1730332800,2514.84,,2671.2244625598805,1,0,0,109.23063359225989
1730419200,2510.27,,2671.2244625598805,1,0,0,110.03058833566992
1730505600,2493.44,,2671.2244625598805,1,0,0,105.94126059740779
1730592000,2456.57,,2661.803335131152,1,0,0,104.5511705547358
1730678400,2397,,2637.3670016180363,1,0,0,106.65537265796898
1730764800,2422.24,,2637.3670016180363,1,0,0,106.19998889668547
1730851200,2724.27,2326.0016786893902,,1,0,0,121.94927540406509
1730937600,2897.65,2535.515010820451,,1,0,0,128.88861287520328
1731024000,2964.09,2670.1325097384065,,1,0,1,126.62085481268878
1731110400,3127.97,2776.724258764566,,1,0,0,132.00722232606813
1731196800,3186.07,2870.8263328881094,,1,0,0,135.58242073134898
1731283200,3375.78,2932.6986995992984,,1,0,0,146.1486763933955
1731369600,3247.21,2996.0523296393685,,1,0,0,152.59591379386725
1731456000,3191.45,2996.0523296393685,,1,0,0,157.28191995144815
1731542400,3059.04,2996.0523296393685,,1,0,0,161.36392566920182
1731628800,3090.76,2996.0523296393685,,1,0,0,158.31935954997311
1731715200,3134.25,2996.0523296393685,,1,0,0,157.51797672497506
1731801600,3076.79,2996.0523296393685,,1,0,0,155.2181212446197
1731888000,3209.21,2996.0523296393685,,1,0,0,156.70039829857546
1731974400,3111.7,2996.0523296393685,,1,0,0,156.42394127724862
1732060800,3072.24,2996.0523296393685,,1,0,0,154.5786597574451
1732147200,3359.9,2996.0523296393685,,1,0,0,168.98018406048473
1732233600,3331.77,2996.0523296393685,,1,0,0,168.97517091330724
1732320000,3397.51,3049.743311279176,,1,0,0,170.00908727664242
1732406400,3365.16,3049.743311279176,,1,0,0,169.84058104259654
1732492800,3414.72,3056.3863321361328,,1,0,0,175.05768239669675
1732579200,3323.67,3056.3863321361328,,1,0,0,177.57427651121841
1732665600,3657.63,3080.2192290302673,,1,0,0,192.58897104613135
1732752000,3579.11,3197.6103061272406,,1,0,0,188.49404454283626
1732838400,3593.67,3210.4722755145167,,1,0,0,183.14161278977653
1732924800,3706.35,3276.457047963065,,1,0,0,182.2743547333639
1733011200,3710.24,3346.4653431667584,,1,0,0,175.48118653812364
1733097600,3644.52,3346.4653431667584,,1,0,0,177.71038749968622
1733184000,3617.59,3346.4653431667584,,1,0,0,177.11821696399437
1733270400,3843.33,3376.470910168567,,1,0,0,184.63048718085193
1733356800,3788.93,3421.26531915171,,1,0,0,191.37116666793395
1733443200,4004.83,3516.328787236539,,1,0,0,200.18751190593866
1733529600,4000.01,3610.269908512885,,1,0,0,189.96554676980017
1733616000,4006.75,3610.269908512885,,1,0,0,182.9715791433859
1733702400,3713.57,3610.269908512885,,1,0,0,206.1736092045726
1733788800,3630.34,3610.269908512885,,1,0,0,210.44692283281742
1733875200,3835.08,3610.269908512885,,1,0,0,215.95142834475902
1733961600,3882.68,3610.269908512885,,1,0,0,214.0998977487048
1734048000,3907.87,3610.269908512885,,1,0,0,207.04419076665448
1734134400,3869.25,3610.269908512885,,1,0,0,200.88746285475057
1734220800,3957.7,3610.269908512885,,1,0,0,196.72550122226838
1734307200,3987.6,3610.269908512885,,1,0,0,198.89296542067777
1734393600,3893.54,3610.269908512885,,1,0,0,198.47203931920077
1734480000,3624.84,3610.269908512885,,1,0,0,205.1468936535436
1734566400,3414.35,,3976.919876069708,1,0,1,218.78711553543334
1734652800,3470.47,,3787.805388462738,1,0,0,231.84803585433093
1734739200,3337.09,,3787.805388462738,1,0,0,234.0146047218787
1734825600,3278.6,,3787.805388462738,1,0,0,230.32713295603023
1734912000,3418.12,,3787.805388462738,1,0,0,231.61019488774235
1734998400,3491.13,,3787.805388462738,1,0,0,228.2408952529036
1735084800,3493.95,,3787.805388462738,1,0,0,219.53868844912478
1735171200,3330.86,,3787.805388462738,1,0,0,218.95949641704442
1735257600,3328.6,,3787.805388462738,1,0,0,213.0766752443984
1735344000,3397.87,,3773.7616621122206,1,0,0,205.2847698697985
1735430400,3350.23,,3746.0059959009986,1,0,0,196.9301434505272
1735516800,3355.66,,3732.591396310899,1,0,0,192.64227606120383
1735603200,3330.32,,3732.591396310899,1,0,0,188.66782777111783
1735689600,3353.32,,3674.444531011828,1,0,0,179.37941150175226
1735776000,3452.39,,3674.444531011828,1,0,0,177.91802496591282
1735862400,3607.68,,3674.444531011828,1,0,0,180.1581660397762
1735948800,3656.4,,3674.444531011828,1,0,0,174.36472560836364
1736035200,3635.46,,3674.444531011828,1,0,0,167.72867377919482
1736121600,3688.74,3369.4770748328256,,1,0,0,165.49233993782377
1736208000,3380.29,3369.4770748328256,,1,0,0,178.40288708512207
1736294400,3326.29,,3664.3546693854114,1,0,0,180.49125229332768
1736380800,3218.81,,3615.0722024468705,1,0,0,181.86901998666144
1736467200,3266.53,,3606.020982202183,1,0,0,177.98623284475704
1736553600,3282.01,,3601.599383981965,1,0,0,172.5086447844172
1736640000,3266.02,,3575.6664455837686,1,0,0,165.55302729981597
1736726400,3136.08,,3493.0353010253916,1,0,0,183.90709677840056
1736812800,3223.97,,3493.0353010253916,1,0,0,180.21801843708627
1736899200,3451.58,,3493.0353010253916,1,0,0,188.05173140586584
1736985600,3307.73,,3493.0353010253916,1,0,0,188.755893448304
1737072000,3475.47,,3493.0353010253916,1,0,0,190.98118677342512
1737158400,3304.07,,3493.0353010253916,1,0,0,196.78181628960903
1737244800,3210.03,,3493.0353010253916,1,0,0,205.55097226892266
1737331200,3280.4,,3493.0353010253916,1,0,0,212.89661710685672
1737417600,3327.57,,3493.0353010253916,1,0,0,209.6197158849384
1737504000,3241.35,,3493.0353010253916,1,0,0,205.0818790360142
1737590400,3338.67,,3493.0353010253916,1,0,0,202.37674481915604
1737676800,3309.72,,3493.0353010253916,1,0,0,198.83840590350204
1737763200,3318.37,,3493.0353010253916,1,0,0,190.43637691039476
1737849600,3231.48,,3493.0353010253916,1,0,0,186.368064273938
1737936000,3181.93,,3493.0353010253916,1,0,0,190.59177396865672
1738022400,3076.06,,3493.0353010253916,1,0,0,190.25021868518124
1738108800,3114.03,,3483.7384211481517,1,0,0,185.80734592195398
1738195200,3247.48,,3483.7384211481517,1,0,0,186.29324978467156
1738281600,3299.99,,3483.7384211481517,1,0,0,189.10087480005217
1738368000,3116.78,,3483.7384211481517,1,0,0,191.99509802861985
1738454400,2869.25,,3384.5902796153023,1,0,0,207.73473388371843
1738540800,2883.62,,3077.7937516537722,1,0,0,248.2251100348814
1738627200,2732.07,,3077.7937516537722,1,0,0,248.93974503238988
1738713600,2788.3,,3077.7937516537722,1,0,0,240.32547753007634
1738800000,2687.1,,3077.7937516537722,1,0,0,237.61580056364232
1738886400,2622.95,,3077.7937516537722,1,0,0,237.54252909481076
1738972800,2632.62,,3077.7937516537722,1,0,0,226.28806273089572
1739059200,2627.87,,3062.562203212632,1,0,0,222.73605825011745
1739145600,2661.87,,3061.157982891369,1,0,0,216.40776837510904
1739232000,2602.03,,3061.157982891369,1,0,0,212.75364206260127
1739318400,2738.58,,3061.157982891369,1,0,0,215.33481048670117
1739404800,2676.09,,3061.157982891369,1,0,0,210.30589545193678
1739491200,2726.32,,3061.157982891369,1,0,0,204.48404577679844
1739577600,2693.58,,3061.157982891369,1,0,0,195.25875679274145
1739664000,2661.51,,3042.607981665772,1,0,0,186.59955987897416
1739750400,2744.1,,3042.607981665772,1,0,0,188.34959131619033
1739836800,2670.59,,3034.8568151492755,1,0,0,185.75462050789102
1739923200,2715.27,,3030.7371336343476,1,0,0,178.3157190430417
1740009600,2738.65,,3030.7371336343476,1,0,0,170.20388196853872
1740096000,2661.69,,3030.7371336343476,1,0,0,174.65003325650028
1740182400,2763.5,,3030.7371336343476,1,0,0,172.5843165953217
1740268800,2819.63,,3030.7371336343476,1,0,0,168.09472255279871
1740355200,2513.35,,3013.0993973897457,1,0,0,182.37867094188454
1740441600,2492.37,,2789.2429576507716,1,0,0,184.43233730317846
1740528000,2332.93,,2755.6651618856945,1,0,0,189.3421703529514
1740614400,2305.21,,2674.004145697125,1,0,0,186.705586756312
1740700800,2236.36,,2574.1112311274123,1,0,0,190.4201877022897
1740787200,2216.51,,2574.1112311274123,1,0,0,186.70731715212614
1740873600,2518.39,,2574.1112311274123,1,0,0,200.43536592697424
1740960000,2147.53,,2574.1112311274123,1,0,0,216.80212550361895
1741046400,2170.92,,2562.0041412426954,1,0,0,217.8119736819319
1741132800,2241.53,,2562.0041412426954,1,0,0,210.72897556179393
1741219200,2202.42,,2562.0041412426954,1,0,0,205.96262016452292
1741305600,2140.81,,2562.0041412426954,1,0,0,202.38029015277127
1741392000,2203.03,,2562.0041412426954,1,0,0,197.16598371328763
1741478400,2020.02,,2498.610425162399,1,0,0,199.03698487662425
1741564800,1864.12,,2408.3503826461592,1,0,0,209.31934309972252
1741651200,1923.08,,2284.848844381543,1,0,0,209.27510430688517
1741737600,1907.93,,2284.848844381543,1,0,0,203.37402542782198
1741824000,1863.81,,2259.8785639490497,1,0,0,196.07802361154899
1741910400,1911.65,,2259.8785639490497,1,0,0,188.18245049643835
1741996800,1937.61,,2259.8785639490497,1,0,0,178.58513260383558
1742083200,1886.8,,2223.5102781188575,1,0,0,171.57690884641877
1742169600,1926.28,,2221.0147503069716,1,0,0,164.49570107167457
1742256000,1931.25,,2190.9772752762747,1,0,0,157.32172242369782
1742342400,2057.06,,2190.9772752762747,1,0,0,156.2965993934337
1742428800,1982.67,,2190.9772752762747,1,0,0,153.522556579617
1742515200,1964.98,,2190.9772752762747,1,0,0,146.79023110964434
1742601600,1980.35,,2190.9772752762747,1,0,0,139.32164317324117
1742688000,2005.97,,2190.9772752762747,1,0,0,132.50866866086682
1742774400,2081.62,,2190.9772752762747,1,0,0,132.10019232794775
1742860800,2066.78,,2190.9772752762747,1,0,0,127.00160716166577
1742947200,2009.72,,2190.9772752762747,1,0,0,124.92649236440391
1743033600,2003.32,,2190.9772752762747,1,0,0,119.63031433837507
1743120000,1896.23,,2156.5184577910986,1,0,0,122.15100617134829
1743206400,1827.39,,2074.5916120119887,1,0,0,121.66093430196626
1743292800,1807.31,,2021.41195081079,1,0,0,118.76872470896868
1743379200,1822.03,,2021.41195081079,1,0,0,115.84024437261378
1743465600,1905.13,,2021.41195081079,1,0,0,115.45808406028424
1743552000,1794.7,,2021.41195081079,1,0,0,119.73536377026393
1743638400,1816.36,,2017.5886984269594,1,0,0,117.9749806438165
1743724800,1816.39,,2010.4323285842631,1,0,0,115.04748202640103
1743811200,1805.09,,2000.020595725837,1,0,0,111.30194759594382
1743897600,1579.77,,1916.0680361532534,1,0,0,123.43895133909068
1743984000,1552.64,,1786.8322325379277,1,0,0,130.89474052915563
1744070400,1471.94,,1786.8322325379277,1,0,0,133.9651162056445
1744156800,1669.27,,1786.8322325379277,1,0,0,146.2340364766699
1744243200,1521.51,,1786.8322325379277,1,0,0,149.92374815690775
1744329600,1566.13,,1786.8322325379277,1,0,0,145.41776614570003
1744416000,1643.85,,1786.8322325379277,1,0,0,143.92506856386433
1744502400,1597.04,,1786.8322325379277,1,0,0,139.8854208093026
1744588800,1624.03,,1786.8322325379277,1,0,0,136.7464621800667
1744675200,1588.64,,1786.8322325379277,1,0,0,132.53814345291906
1744761600,1577.27,,1786.8322325379277,1,0,0,128.44256177771055
1744848000,1583.83,,1786.8322325379277,1,0,0,123.1609502221598
1744934400,1588.57,,1786.8322325379277,1,0,0,116.29516806343409
1745020800,1612.87,,1786.8322325379277,1,0,0,111.27122748747452
1745107200,1587.32,,1786.8322325379277,1,0,0,107.1447112383692
1745193600,1579.55,,1786.8322325379277,1,0,0,106.31223186419996
1745280000,1757,,1786.8322325379277,1,0,0,115.87350101675712
1745366400,1795.92,1571.583298753486,,1,0,0,114.00039380127448
1745452800,1770.41,1571.583298753486,,1,0,0,111.59465138689772
1745539200,1785.95,1574.5537219903238,,1,0,0,109.97360485926218
1745625600,1821.6,1609.4793497912913,,1,0,0,106.53406165502918
1745712000,1791.88,1624.2414148121622,,1,0,0,104.27805725109852
1745798400,1800.26,1624.2414148121622,,1,0,0,102.83676744744862
1745884800,1798.21,1625.3977959978515,,1,0,0,99.96842691548802
1745971200,1793.79,1625.3977959978515,,1,0,0,98.89853927866746
1746057600,1838.82,1650.8156147582597,,1,0,0,97.6779293301912
1746144000,1842.98,1666.5025532824336,,1,0,0,94.88093437803468
1746230400,1834.03,1666.5025532824336,,1,0,0,90.88158192246077
1746316800,1809,1667.4579681587713,,1,0,0,87.76146892799929
1746403200,1820.15,1667.4579681587713,,1,0,0,85.19350686171363
1746489600,1817.06,1667.4579681587713,,1,0,0,84.0503992287341
1746576000,1811.35,1669.3197487877442,,1,0,0,82.61322785525309
1746662400,2207.09,1798.9932739089697,,1,0,0,106.49156872273501
1746748800,2345.29,2080.0064465180726,,1,0,0,120.76145667111108
1746835200,2583.8,2170.8243018662656,,1,0,0,132.34063833746026
1746921600,2514.79,2228.722371679639,,1,0,0,135.21130702764168
1747008000,2495.83,2228.722371679639,,1,0,0,141.09549938281015
1747094400,2679.88,2235.353571060508,,1,0,0,154.11724942689514
1747180800,2610.31,2293.128213954457,,1,0,0,155.76958875354552
1747267200,2548.84,2293.128213954457,,1,0,0,156.93604669972086
1747353600,2538.02,2293.128213954457,,1,0,0,154.19561479259795
1747440000,2476.11,2293.128213954457,,1,0,0,149.79521373598385
1747526400,2498.24,2293.128213954457,,1,0,0,158.0419841834136
1747612800,2528.71,2293.128213954457,,1,0,0,160.8961281703126
1747699200,2525.05,2293.128213954457,,1,0,0,159.70211901529026
1747785600,2551.73,2293.128213954457,,1,0,0,160.0348247999124
1747872000,2665.39,2293.128213954457,,1,0,0,159.1459087427758
1747958400,2527.02,2293.128213954457,,1,0,0,164.49548668972037
1748044800,2530.99,2293.128213954457,,1,0,0,157.16366621188322
1748131200,2552.32,2293.128213954457,,1,0,0,152.50411862532016
1748217600,2564.32,2293.128213954457,,1,0,0,146.8838244377973
1748304000,2662.04,2306.4438568737314,,1,0,0,150.90926554938324
1748390400,2682.16,2358.884471186358,,1,0,0,145.87503229585585
1748476800,2631.68,2407.9585240677225,,1,0,0,147.642529989009
1748563200,2531.94,2407.9585240677225,,1,0,0,147.24734927550836
1748649600,2529.31,2407.9585240677225,,1,0,0,142.07468147011488
1748736000,2540.38,2407.9585240677225,,1,0,0,137.60506136510668
1748822400,2609.29,2407.9585240677225,,1,0,0,137.82898555331332
1748908800,2595.03,2407.9585240677225,,1,0,0,133.84048658521948
1748995200,2609.07,2407.9585240677225,,1,0,0,131.20545182913236
1749081600,2415.34,2407.9585240677225,,1,0,0,139.71720526990865
1749168000,2478.24,2407.9585240677225,,1,0,0,140.38669060777232
1749254400,2526.14,2407.9585240677225,,1,0,0,136.58192699293144
1749340800,2510.78,2407.9585240677225,,1,0,0,130.87821792200776
1749427200,2681.29,2407.9585240677225,,1,0,0,136.96620235615003
1749513600,2816.5,2463.9805628463782,,1,0,0,139.33075933071072
1749600000,2772.39,2533.75200656174,,1,0,0,139.16427652137423
1749686400,2643.8,2533.75200656174,,1,0,0,141.43325676984747
1749772800,2580.21,2533.75200656174,,1,0,0,146.16088128628692
1749859200,2531.97,,2821.1425472164915,1,0,0,142.21081833726643
1749945600,2548.03,,2796.8252924948424,1,0,0,136.87575988460455
1750032000,2545.27,,2796.8252924948424,1,0,0,139.00891989284705
1750118400,2510.7,,2796.8252924948424,1,0,0,140.8968541862151
1750204800,2525.54,,2777.9694982287397,1,0,0,136.69993603005688
1750291200,2521.52,,2772.9235484058654,1,0,0,131.43422631362424
1750377600,2407.2,,2739.1711935652793,1,0,0,136.44749586265107
1750464000,2297.28,,2623.1560742087518,1,0,0,143.2719604438903
1750550400,2228.46,,2515.595966787876,1,0,0,147.47753469789814
1750636800,2413,,2515.595966787876,1,0,0,154.864139362334
1750723200,2449.87,,2515.595966787876,1,0,0,151.34455797931014
1750809600,2420.09,,2515.595966787876,1,0,0,146.1799466950737
1750896000,2417.4,,2515.595966787876,1,0,0,144.786379073997
1750982400,2424.2,,2515.595966787876,1,0,0,140.4037805687115
1751068800,2437.08,,2515.595966787876,1,0,0,133.3706533852321
1751155200,2500.69,,2515.595966787876,1,0,0,131.90917814342978
1751241600,2486.15,,2515.595966787876,1,0,0,128.97852256175625
1751328000,2405.32,,2515.595966787876,1,0,0,127.94362809305936
1751414400,2571.13,2224.9897831759376,,1,0,0,136.47336894355513
1751500800,2592.13,2337.2558048583437,,1,0,0,132.49312830472977
1751587200,2508.8,2337.2558048583437,,1,0,0,132.22219056867763
1751673600,2517.01,2337.2558048583437,,1,0,0,125.77917695662923
1751760000,2570.84,2337.2558048583437,,1,0,0,124.01709288829859
1751846400,2542.38,2337.2558048583437,,1,0,0,120.75801482484869
1751932800,2616.52,2347.9646635608033,,1,0,0,119.65887090878805
1752019200,2769.83,2447.2076972047225,,1,0,0,125.92323727244604
1752105600,2951.22,2607.1059274842505,,1,0,0,134.34157746727132
1752192000,2959.12,2707.8423347358257,,1,0,0,133.83289336246625
1752278400,2944.37,2707.8423347358257,,1,0,0,129.68197240800438
1752364800,2973.38,2730.698791136019,,1,0,0,126.49040295028978
1752451200,3014.53,2776.0749120224164,,1,0,0,125.97823131098338
1752537600,3138.01,2776.0749120224164,,1,0,0,132.10907193162743
1752624000,3373.12,2959.810278738157,,1,0,0,145.86128107936833
1752710400,3479.77,3102.3422508643416,,1,0,0,150.85118957369917
1752796800,3549.67,3241.5210257779077,,1,0,0,155.48467603272067
1752883200,3594.3,3244.099923200117,,1,0,0,151.67791345895492
1752969600,3758.6,3370.372430880105,,1,0,0,158.28234821188673
1753056000,3763.75,3451.2461877920946,,1,0,0,158.19360905389482
1753142400,3748.62,3451.2461877920946,,1,0,0,160.04835126433093
1753228800,3630.34,3451.2461877920946,,1,0,0,165.64204045973588
1753315200,3708.6,3451.2461877920946,,1,0,0,172.89760899832615
1753401600,3725.84,3451.2461877920946,,1,0,0,172.93135121273144
1753488000,3743.06,3451.2461877920946,,1,0,0,167.43482612610777
1753574400,3873.92,3462.9915169264186,,1,0,0,166.08376711710005
1753660800,3799.46,3501.0823652337767,,1,0,0,167.69992660873575
1753747200,3793.4,3501.0823652337767,,1,0,0,167.9263604223975
1753833600,3810.44,3501.0823652337767,,1,0,0,167.14662039222623
1753920000,3698.07,3501.0823652337767,,1,0,0,169.37257607849577
1754006400,3486.39,,3949.4541566701187,1,0,0,178.36453493003177
1754092800,3392.8,,3821.2937410031072,1,0,0,177.67706814931518
1754179200,3497.31,,3803.7443669027966,1,0,0,176.94299185293553
1754265600,3720.87,,3803.7443669027966,1,0,0,181.859206720583
1754352000,3611.57,,3803.7443669027966,1,0,0,181.4035490976842
1754438400,3683.8,,3803.7443669027966,1,0,0,178.18686701927817
1754524800,3911.28,3403.5020808750755,,1,0,0,185.5149479464726
1754611200,4011,3591.2138727875677,,1,0,0,185.908165950296
1754697600,4262.46,3756.8624855088106,,1,0,0,195.4290112395606
1754784000,4251.91,3843.86123695793,,1,0,0,193.75336757959198
1754870400,4224.48,3862.9376132621364,,1,0,0,194.20741275247832
1754956800,4589.88,3982.664351935923,,1,0,0,210.19831184158699
1755043200,4751.46,4228.25091674233,,1,0,0,211.14771813861648
1755129600,4550.59,4228.25091674233,,1,0,0,220.76930970014388
1755216000,4442.56,4228.25091674233,,1,0,0,226.54293043584792
1755302400,4425.13,4228.25091674233,,1,0,0,218.87057826185872
1755388800,4475.47,4228.25091674233,,1,0,0,216.0983941002974
1755475200,4315.37,4228.25091674233,,1,0,0,219.05993737884756
1755561600,4075.89,,4680.211994070539,1,0,0,224.17565613750133
1755648000,4336.41,,4680.211994070539,1,0,0,230.73382355625122
1755734400,4224.43,,4680.211994070539,1,0,0,224.00997901651894
1755820800,4831.24,3991.7917363225765,,1,0,0,256.6692662296248
1755907200,4776.73,4213.272562690319,,1,0,0,250.52789007036583
1755993600,4779.87,4304.558306421288,,1,0,0,250.1973264939111
1756080000,4377.02,4304.558306421288,,1,0,0,265.3289460300603
1756166400,4601.64,4304.558306421288,,1,0,0,269.450449885056
1756252800,4506.95,4304.558306421288,,1,0,0,263.27827489326626
1756339200,4511.3,4304.558306421288,,1,0,0,259.2583981151758
1756425600,4360.2,4304.558306421288,,1,0,0,258.5220839640918
1756512000,4374.58,4304.558306421288,,1,0,0,251.35050653808523
1756598400,4391.91,4304.558306421288,,1,0,0,242.3890417853648
1756684800,4314.76,4304.558306421288,,1,0,0,245.14625308641016
1756771200,4326.57,4304.558306421288,,1,0,0,239.13366358023794
1756857600,4452.4,4304.558306421288,,1,0,0,237.22125903879234
1756944000,4298.37,,4844.428983969715,1,0,0,235.94831196459288
1757030400,4307.65,,4841.3860855727435,1,0,0,236.0234325385505
1757116800,4274.15,,4724.119477015469,1,0,0,225.704615928654
1757203200,4305.56,,4713.635529313921,1,0,0,214.31928621946437
1757289600,4305.84,,4713.635529313921,1,0,0,206.54362291807408
1757376000,4309.93,,4701.6867287442765,1,0,0,199.34050699535447
1757462400,4350,,4701.6867287442765,1,0,0,197.29689935282912
1757548800,4460.51,,4701.6867287442765,1,0,0,193.33283511334133
1757635200,4714.66,4215.204334745423,,1,0,0,200.42191831953122
1757721600,4669,4310.549901270881,,1,0,0,197.64892415385043
1757808000,4605.93,4310.549901270881,,1,0,0,191.7518581428611
1757894400,4524.56,4310.549901270881,,1,0,0,192.86386827551385
1757980800,4502.7,4310.549901270881,,1,0,0,187.2200205415486
1758067200,4592.17,4310.549901270881,,1,0,0,188.35859050286652
1758153600,4589.4,4310.549901270881,,1,0,1,181.46083403837605
1758240000,4471,4310.549901270881,,1,0,0,181.69934589277776
1758326400,4482.69,4310.549901270881,,1,0,0,172.7365354718651
1758412800,4447.03,4310.549901270881,,1,0,0,164.38678293816045
1758499200,4202.42,,4608.391079676314,1,0,0,181.15558415686328
1758585600,4165.19,,4513.403471708682,1,0,0,176.44589957423022
1758672000,4153.9,,4472.766124537815,1,0,0,173.2869067474995
1758758400,3875.7,,4358.945512084033,1,0,0,185.02712769410664
1758844800,4034.27,,4339.16946087563,1,0,0,186.24161857309903
1758931200,4020.35,,4339.16946087563,1,0,0,177.68507438930624
1759017600,4143.25,,4339.16946087563,1,0,0,177.76042621864153
1759104000,4217.25,,4339.16946087563,1,0,0,176.20539577445282
1759190400,4145.99,,4339.16946087563,1,0,0,174.76143893342046
1759276800,4350.52,3888.00520999755,,1,0,0,179.1077647238904
1759363200,4487.49,4072.981188997795,,1,0,0,179.60149581504106
1759449600,4515.89,4160.378070098015,,1,0,0,178.6378175425381
1759536000,4490.01,4160.378070098015,,1,0,0,171.5022591466425
1759622400,4515.4,4214.669686779393,,1,0,0,169.93924063616808
1759708800,4686.32,4267.367718101453,,1,0,0,175.68286630501325
1759795200,4449.8,4267.367718101453,,1,0,0,186.46909014036942
1759881600,4527.3,4267.367718101453,,1,0,0,183.7755837017716
1759968000,4370.9,4267.367718101453,,1,0,0,189.6587562945022
1760054400,3836.15,,4478.169150653636,1,0,0,239.47098798775204
1760140800,3750.6,,4287.810735588273,1,0,0,239.44163170291262
1760227200,4156.21,,4287.810735588273,1,0,0,258.16508658127594
1760313600,4244.69,,4287.810735588273,1,0,0,257.5875803968991
1760400000,4126.39,,4287.810735588273,1,0,0,265.99203893997776
1760486400,3987.53,,4287.810735588273,1,0,0,267.5833218728365
1760572800,3894.91,,4287.810735588273,1,0,0,267.2759417390625
1760659200,3832.99,,4287.810735588273,1,0,0,268.12480304341517
1760745600,3890.4,,4287.810735588273,1,0,0,256.838031397457
1760832000,3983.89,,4287.810735588273,1,0,0,253.0046005833529
1760918400,3980.42,,4287.810735588273,1,0,0,247.62141482739912
1761004800,3874.57,,4287.810735588273,1,0,0,249.5248851968706
1761091200,3806.12,,4287.810735588273,1,0,0,244.56667911137987
1761177600,3858.41,,4287.810735588273,1,0,0,237.049773460567
1761264000,3936.1,,4287.810735588273,1,0,0,232.75693249909793
1761350400,3954.52,,4287.810735588273,1,0,0,219.95715160630522
1761436800,4158.81,,4287.810735588273,1,0,0,222.78021220585484
1761523200,4120.1,,4287.810735588273,1,0,0,218.26091133400806
1761609600,3980.25,,4287.810735588273,1,0,0,220.2237033815789
1761696000,3904.2,,4287.810735588273,1,0,0,218.82915314003753
1761782400,3804.02,,4252.826748966485,1,0,1,222.71992791574914
1761868800,3845.79,,4252.826748966485,1,0,0,214.5335044931956
1761955200,3872.16,,4252.826748966485,1,0,0,204.90539702939594
1762041600,3905.97,,4245.757709996568,1,0,0,195.8571543844391
1762128000,3602.88,,4137.097438996911,1,0,0,207.70021478555057
1762214400,3286.21,,3837.50069509722,1,0,0,235.6216280151541
1762300800,3423.89,,3821.786625587498,1,0,0,241.3757974426431
1762387200,3313.46,,3821.786625587498,1,0,0,239.30109762531146
1762473600,3433.71,,3821.786625587498,1,0,0,242.28530493778922
1762560000,3400.46,,3821.786625587498,1,0,0,234.47778315651857
1762646400,3582.92,,3821.786625587498,1,0,0,236.70079864533866
1762732800,3566.49,,3821.786625587498,1,0,0,230.7393130278145
1762819200,3416.54,,3821.786625587498,1,0,0,231.68436209725633
1762905600,3414.06,,3821.786625587498,1,0,0,230.58905051888087
1762992000,3229.65,,3821.786625587498,1,0,0,243.71840405324653
1763078400,3109.49,,3647.7914581703985,1,0,0,239.68566090658607
1763164800,3166.3,,3630.2203123533586,1,0,0,231.16025655611563
1763251200,3092.25,,3588.5077811180226,1,0,0,232.17095251639307
1763337600,3027.89,,3559.5445030062206,1,0,0,234.59588447950787
1763424000,3121.74,,3525.738052705598,1,0,0,233.9268927309716
1763510400,3023.1,,3469.8557474350387,1,0,0,235.47497182161646
1763596800,2830.59,,3405.005172691535,1,0,0,238.23747383435813
1763683200,2763.99,,3236.5441554223808,1,0,0,239.95693998904682
1763769600,2768.5,,3206.165239880143,1,0,0,229.61358713268632
1763856000,2801.14,,3206.165239880143,1,0,0,219.6747594803516
1763942400,2952.59,,3206.165239880143,1,0,0,219.97084808889795
1764028800,2958.17,,3206.165239880143,1,0,0,213.1172160825481
1764115200,3026.43,,3206.165239880143,1,0,0,209.1017006480804
1764201600,3014.86,,3206.165239880143,1,0,0,200.43657917321752
1764288000,3031.86,,3206.165239880143,1,0,0,193.6461092322734
1764374400,2990.31,,3206.165239880143,1,0,0,186.28067285853962
1764460800,2991.9,,3206.165239880143,1,0,0,178.46062479721536
1764547200,2798.3,,3206.165239880143,1,0,0,185.9455801688428
1764633600,2996.7,,3206.165239880143,1,0,0,190.7330387282112
1764720000,3189.79,,3206.165239880143,1,0,0,193.44567881905323
1764806400,3134.13,,3206.165239880143,1,0,0,192.09098747483515
1764892800,3022.61,,3206.165239880143,1,0,0,193.29020265520404
1764979200,3039.13,,3206.165239880143,1,0,0,183.4959024655466
1765065600,3061,,3206.165239880143,1,0,0,187.54048086086468
1765152000,3124.93,,3206.165239880143,1,0,0,184.12544651366005
1765238400,3318.54,2863.8103376075696,,1,0,0,192.90791461982718
1765324800,3325.02,3002.793303846813,,1,0,0,192.60449214698238
1765411200,3237.4,3002.793303846813,,1,0,1,191.9191712793408
1765497600,3084.91,3002.793303846813,,1,0,0,194.04280190224497
1765584000,3115,3002.793303846813,,1,0,0,184.2347446235132
1765670400,3063.3,3002.793303846813,,1,0,0,178.59012000754797
1765756800,2964.4,,3401.6464081114955,1,0,0,186.16368286415167
1765843200,2961.96,,3280.0237673003458,1,0,0,180.27984837385512
1765929600,2832.25,,3272.4028905703112,1,0,0,184.47271634715116
1766016000,2826.57,,3255.83160151328,1,0,0,187.1939508937832
1766102400,2978.03,,3255.83160151328,1,0,0,188.85938297279867
1766188800,2976.6,,3255.83160151328,1,0,0,177.40871276045593
1766275200,3001.42,,3255.83160151328,1,0,0,169.68309042042338
1766361600,3007.69,,3255.83160151328,1,0,0,165.68858396182173
1766448000,2962.85,,3255.83160151328,1,0,0,163.4236851074059
1766534400,2945.07,,3227.796203214819,1,0,0,158.1755647425912
1766620800,2902.34,,3212.0710828933375,1,0,0,152.61373868954897
1766707200,2925.43,,3212.0710828933375,1,0,0,148.81632878315264
1766793600,2946.6,,3192.8437271436032,1,0,0,141.2901624414989
1766880000,2948.92,,3178.3508544292426,1,0,0,133.74443655282042
1766966400,2934.19,,3178.3508544292426,1,0,0,134.73626251333323
1767052800,2970.42,,3178.3508544292426,1,0,0,131.6043866195237
1767139200,2966.84,,3178.3508544292426,1,0,0,126.9340732895577
1767225600,3000.41,,3178.3508544292426,1,0,0,120.77949662601786
1767312000,3125.24,,3178.3508544292426,1,0,0,123.62238972415943
1767398400,3125.43,,3178.3508544292426,1,0,0,119.13007617243376
1767484800,3143.14,,3178.3508544292426,1,0,0,114.09292787440279
1767571200,3225.19,2991.2535785439777,,1,0,0,115.36271874051688
1767657600,3295.59,3032.72572068958,,1,0,0,116.12966740190852
1767744000,3165.64,3032.72572068958,,1,0,0,120.27397687320078
1767830400,3104.3,3032.72572068958,,1,0,0,121.09726423940073
1767916800,3084.31,3032.72572068958,,1,0,0,118.97031679372925
1768003200,3082.39,3032.72572068958,,1,0,0,112.43457987989143
1768089600,3118.65,3032.72572068958,,1,0,0,108.84068131704203
1768176000,3091.94,3032.72572068958,,1,0,0,108.58420408011045
1768262400,3323.38,3032.72572068958,,1,0,0,121.33318950295971
1768348800,3354.82,3102.3515528627822,,1,0,0,121.70796168131976
1768435200,3317.98,3102.3515528627822,,1,0,0,121.13882156122551
1768521600,3294.88,3102.3515528627822,,1,0,0,117.89747716399513
1768608000,3309.33,3102.3515528627822,,1,0,0,112.81337165228118
1768694400,3282.55,3109.8102278332717,,1,0,0,111.23598796283252
1768780800,3187.51,3109.8102278332717,,1,0,0,111.85127453691591
1768867200,2936.5,,3306.14556545505,1,0,0,124.2647549271362
1768953600,2979.6,,3231.4000089095452,1,0,0,129.90655814662645
1769040000,2949.36,,3231.4000089095452,1,0,0,130.1225182790103
1769126400,2952.77,,3216.5941572167317,1,0,0,129.8987669733667
1769212800,2948.86,,3196.8182414950584,1,0,0,122.50171218955475
1769299200,2814.28,,3123.7324173455527,1,0,0,126.09944703315797
1769385600,2926.85,,3123.7324173455527,1,0,0,127.02520081650383
1769472000,3021.91,,3123.7324173455527,1,0,0,127.65054361532496
1769558400,3006.17,,3123.7324173455527,1,0,0,122.99407621423032
1769644800,2817.79,,3123.7324173455527,1,0,0,132.718785056071
1769731200,2702.69,,3011.7094517683754,1,0,0,136.96387183778023
1769817600,2449.36,,2823.605006591538,1,0,0,160.8485952779388
1769904000,2268.18,,2711.544005932384,1,0,0,167.5944099009432
1769990400,2345.11,,2652.5841053391455,1,0,0,172.7190949080187
1770076800,2230.48,,2621.9016948052313,1,0,0,178.20487384316024
1770163200,2143.57,,2576.574525324708,1,0,0,181.18952571150592
1770249600,1823.2,,2417.1725727922376,1,0,0,193.59170244639836
1770336000,2061.95,,2370.8333155130135,1,0,0,204.7665808430842
1770422400,2086.17,,2370.8333155130135,1,0,0,199.1603964971496
1770508800,2088.42,,2370.8333155130135,1,0,0,191.00893960449608
1770595200,2103.83,,2370.8333155130135,1,0,0,187.3568724898892
1770681600,2021.71,,2370.8333155130135,1,0,0,183.63281016918285
1770768000,1939.45,,2335.8551911772793,1,0,0,179.8090380142412
1770854400,1946.11,,2301.4166720595513,1,0,0,174.44624958465255
1770940800,2047.48,,2301.4166720595513,1,0,0,172.61866032860593
1771027200,2085.4,,2301.4166720595513,1,0,0,164.95804173370547
1771113600,1965.36,,2301.4166720595513,1,0,0,165.62532446701223
1771200000,1997.28,,2292.2616140382715,1,0,0,159.9406584336542
1771286400,1990.83,,2274.4194526344445,1,0,0,153.89775425982174
1771372800,1955.01,,2270.447507371,1,0,0,151.16291466983446
1771459200,1948.16,,2223.1962566339002,1,0,0,146.18484933627488
1771545600,1968.13,,2213.27313097051,1,0,0,139.96307438368382
1771632000,1973,,2213.27313097051,1,0,0,132.8199976419921
1771718400,1956.84,,2187.103536086113,1,0,0,126.81428352470695
1771804800,1855.52,,2127.603182477502,1,0,0,126.41112041579932
1771891200,1851.94,,2055.323364229752,1,0,0,122.29818324324224
1771977600,2057.71,1737.9814721932235,,1,0,0,135.1668844401535
1772064000,2027.9,1774.3423249739012,,1,0,0,133.2592498372854
1772150400,1929.61,1774.3423249739012,,1,0,0,136.38001770605072
1772236800,1964.71,1774.3423249739012,,1,0,0,137.31287358418996
1772323200,1939.68,1774.3423249739012,,1,0,0,137.97409689960494
1772409600,2027.49,1774.3423249739012,,1,0,0,140.22523283534744
1772496000,1982.87,1774.3423249739012,,1,0,0,138.36485906139404
1772582400,2127.61,1774.403136686455,,1,0,0,146.8687976998659
1772668800,2072.99,1820.1838230178093,,1,0,0,144.23102643558977
1772755200,1978.49,1820.1838230178093,,1,0,0,143.77952454733335
1772841600,1969.61,1820.1838230178093,,1,0,0,136.96812993680956
1772928000,1936.93,1820.1838230178093,,1,0,0,134.07397779846602
1773014400,1993.19,1820.1838230178093,,1,0,0,133.3886936700042
1773100800,2036.8,1820.1838230178093,,1,0,0,130.84235840786104
1773187200,2052.25,1820.1838230178093,,1,0,0,127.17433280729952
1773273600,2074,1821.891204204567,,1,0,0,123.65759474963527
1773360000,2092.81,1900.8430837841104,,1,0,0,124.9341951246613
1773446400,2096.7,1900.8430837841104,,1,0,0,119.16389547289978
1773532800,2178.67,1917.2793478651292,,1,0,0,119.16790293912125
1773619200,2352.94,2027.788413078616,,1,0,0,126.45805272918402
1773705600,2318.03,2097.3330717707545,,1,0,0,123.18176324852803
1773792000,2203.47,2097.3330717707545,,1,0,0,128.5323515879189
1773878400,2137.98,2097.3330717707545,,1,0,0,128.97646933163898
1773964800,2145.89,2097.3330717707545,,1,0,0,124.10457866509333
1774051200,2084.64,,2357.173763111208,1,0,0,122.16853733187237
1774137600,2053.49,,2310.377386800087,1,0,0,120.64221323673861
1774224000,2151.71,,2310.377386800087,1,0,0,124.59634086268588
1774310400,2155.56,,2310.377386800087,1,0,0,120.96874508677975
1774396800,2167.98,,2310.377386800087,1,0,0,116.19740615200978
1774483200,2058.74,,2310.377386800087,1,0,0,117.80901999829477
1774569600,1991.55,,2250.2515366315833,1,0,0,116.96908999841659
1774656000,1992.98,,2229.911882968425,1,0,0,113.14415499852969
1774742400,1982.96,,2189.1526946715826,1,0,0,110.78957249863471
1774828800,2024.6,,2189.1526946715826,1,0,0,110.3953173201608
1774915200,2103.61,,2189.1526946715826,1,0,0,110.47922322586359
1775001600,2140.21,,2189.1526946715826,1,0,0,108.82356442401617
1775088000,2056.78,,2189.1526946715826,1,0,0,111.28688125087216
1775174400,2053.52,,2189.1526946715826,1,0,0,106.27281830438127
1775260800,2065.17,,2189.1526946715826,1,0,0,101.49761699692547
1775347200,2109.24,,2189.1526946715826,1,0,0,101.52064435428794
1775433600,2107.39,,2189.1526946715826,1,0,0,100.48559832898168
1775520000,2239.68,1952.564281514248,,1,0,0,108.52519844834013
1775606400,2190.24,2015.074853362823,,1,0,0,107.31696998774441
1775692800,2190.15,2015.074853362823,,1,0,0,106.01575784576266
1775779200,2246.29,2026.9636812238862,,1,0,0,107.41820371392248
1775865600,2285.79,2069.5088131014977,,1,0,0,106.92761773435657
1775952000,2191.8,2069.5088131014977,,1,0,0,107.4106450390454
1776038400,2370.28,2069.5088131014977,,1,0,0,115.50202753625646
1776124800,2323.58,2126.292179750992,,1,0,0,115.3447398550953
1776211200,2360.6,2126.292179750992,,1,0,0,112.70725843687421
1776297600,2348.61,2126.292179750992,,1,0,0,110.72959711995463
1776384000,2419.81,2162.9366090384733,,1,0,0,113.49748303995787
1776470400,2351.36,2162.9366090384733,,1,0,0,111.72694853710375
1776556800,2263.89,2162.9366090384733,,1,0,0,111.22073792731062
1776643200,2314.79,2162.9366090384733,,1,0,0,109.5113995039313
1776729600,2328,2162.9366090384733,,1,0,0,105.61201382507907
1776816000,2375.21,2162.9366090384733,,1,0,0,106.03258426614487
1776902400,2331.08,2162.9366090384733,,1,0,0,105.44311396142021
1776988800,2315.81,2162.9366090384733,,1,0,0,100.67432010703307
1777075200,2319.97,2162.9366090384733,,1,0,0,95.09829724224501
1777161600,2370.47,2175.1218300780274,,1,0,0,95.3048474392275
1777248000,2303.44,2175.1218300780274,,1,0,0,98.58378690785412
1777334400,2289.29,2175.1218300780274,,1,0,0,95.40994498586451
1777420800,2251.85,2175.1218300780274,,1,0,0,97.79780605830274
1777507200,2256.8,2175.1218300780274,,1,0,0,94.26581991128111
1777593600,2295.54,2175.1218300780274,,1,0,0,92.55040420333246
1777680000,2316.89,2175.1218300780274,,1,0,0,89.47680390309442
1777766400,2322.5,2175.1218300780274,,1,0,0,87.28488933858766
1777852800,2346.95,2188.2210361079324,,1,0,0,87.57311152868851
1777939200,2360.5,2212.1609324971396,,1,0,0,85.27503213378216
1778025600,2350.66,2218.9148392474253,,1,0,0,85.38967269565488
1778112000,2290.81,2218.9148392474253,,1,0,0,84.48898178882237
1778198400,2307.24,2218.9148392474253,,1,0,0,82.16048308962077
1778284800,2326.16,2218.9148392474253,,1,0,0,79.02473429750499
1778371200,2371.12,2218.9148392474253,,1,0,0,78.42511041911179
1778457600,2339.39,2218.9148392474253,,1,0,0,78.00403110346097
1778544000,2274.43,2218.9148392474253,,1,0,0,78.51517173892805
1778630400,2257.85,2218.9148392474253,,1,0,0,79.36265947186176
1778716800,2283.08,2218.9148392474253,,1,0,0,79.5988980810145
1778803200,2223,2218.9148392474253,,1,0,0,80.83254821808488
1778889600,2179.96,,2351.2378144289855,1,0,0,79.96236620250737
1778976000,2129.74,,2301.177532986087,1,0,0,82.7564829023283
1779062400,2128.57,,2279.5317796874783,1,0,0,82.565305552162
1779148800,2110.06,,2276.2976017187307,1,0,0,80.44992658415046
1779235200,2127.49,,2275.0773415468575,1,0,0,78.07207468528259
1779321600,2131.96,,2275.0773415468575,1,0,0,76.26764077919097
1779408000,2063.39,,2245.9763466529544,1,0,0,76.83995215210588
1779494400,2115.04,,2238.556711987659,1,0,0,81.35781271266976
1779580800,2097.35,,2238.556711987659,1,0,0,80.51868323319334
1779667200,2110.91,,2238.556711987659,1,0,0,78.36306300225098
1779753600,2070.88,,2238.556711987659,1,0,0,78.94784421637594
1779840000,2021.64,,2209.9492482351034,1,0,0,79.17728391520625
1779926400,2006.61,,2149.026323411593,1,0,0,78.02676363554865
1780012800,2011.65,,2149.026323411593,1,0,0,77.43913766158092
1780099200,2019.58,,2149.026323411593,1,0,0,74.05205640003942
1780185600,2004,,2149.026323411593,1,0,0,71.89048094289376
1780272000,2004,,2122.757376290346,1,0,0,71.3611608755442
1780358400,1857.32,,2076.8306386613112,1,0,0,78.2032208130053
1780444800,1810.66,,1994.1360747951803,1,0,0,81.33870504064778
1780531200,1768.53,,1935.7854673156621,1,0,0,82.86022610917294
1780617600,1582.85,,1854.974920584096,1,0,0,93.62735281566059
1780704000,1568.87,,1751.1184285256863,1,0,0,93.78611332882768
1780790400,1689.75,,1751.1184285256863,1,0,0,98.2978195196257
1780876800,1689.89,,1751.1184285256863,1,0,0,96.28440383965244
1780963200,1638.45,,1751.1184285256863,1,0,0,95.39480356539157
1781049600,1620.03,,1751.1184285256863,1,0,0,93.24231759643503
1781136000,1671.94,,1751.1184285256863,1,0,0,91.7178663395468
1781222400,1665.52,,1751.1184285256863,1,0,0,88.02016160100776
1781308800,1680.3,,1751.1184285256863,1,0,0,84.22872148665007
1781395200,1724.73,,1751.1184285256863,1,0,0,83.90166995188936
1781481600,1795.01,1601.8718368642922,,1,0,0,87.87512209818297
1781568000,1791.24,1622.6221531778626,,1,0,0,87.34047051974133
1781654400,1749,1622.6221531778626,,1,0,0,87.19257976833124
1781740800,1709.01,1622.6221531778626,,1,0,0,87.55953835630758
1781827200,1709.42,1622.6221531778626,,1,0,0,84.16528561657135
1781913600,1738.46,1622.6221531778626,,1,0,0,81.38990807253053
1782000000,1704.8,1622.6221531778626,,1,0,0,78.37205749592121
1782086400,1726.15,1622.6221531778626,,1,0,0,77.99048196049827
1782172800,1665.04,1622.6221531778626,,1,0,0,79.61830467760554
1782259200,1619.72,,1787.9070302699827,1,0,0,83.85414005777656
1782345600,1565.19,,1770.2833272429848,1,0,0,86.96027291079251
1782432000,1576.27,,1725.7789945186862,1,0,0,86.58239627430734
1782518400,1571.6,,1725.7789945186862,1,0,0,83.79936796899968
1782604800,1569.41,,1724.3752355601357,1,0,0,80.76869882835683
1782691200,1610.62,,1724.3752355601357,1,0,0,81.23022034061705
1782777600,1569.45,,1724.3752355601357,1,0,0,80.07091888771583
1782864000,1607.64,,1724.3752355601357,1,0,0,81.02371039573613
1782950400,1698.63,,1724.3752355601357,1,0,0,84.36844536746925
1783036800,1756.14,1564.4969308040954,,1,0,0,84.1392706983643
1783123200,1779.34,1609.487237723686,,1,0,0,82.66932279133827
1783209600,1784.2,1616.9905139513173,,1,0,0,80.97365687767126
1783296000,1798.45,1616.9905139513173,,1,0,0,82.65053852926614
1783382400,1770.09,1624.477866300567,,1,0,0,80.64764292003285
1783468800,1741.8,1624.477866300567,,1,0,0,80.08423985431622
1783555200,1743.82,1624.477866300567,,1,0,0,77.26179415043649
1783641600,1795.74,1624.477866300567,,1,0,0,77.07309456826245
1783728000,1786.81,1663.276875579802,,1,0,0,74.71073067052941
1783814400,1805.51,1663.276875579802,,1,0,0,72.72496419406303
1783900800,1774.57,1663.276875579802,,1,0,0,74.43175246591568
1783987200,1890.63,1678.6875722976756,,1,0,0,77.99019871835027
1784073600,1916.76,1748.263315067908,,1,0,0,78.26018452418239
1784160000,1863.17,1748.263315067908,,1,0,0,77.84231420102651
1784246400,1840.94,1748.263315067908,,1,0,0,77.17786318666747
1784332800,1861.54,1748.263315067908,,1,0,0,73.7437301019055
1784419200,1870.89,1748.263315067908,,1,0,0,70.43132080891226
1784505600,1903.52,1748.263315067908,,1,0,0,70.82265503684711
1784592000,1929,1792.675869108004,,1,0,0,69.5096082485009
1784678400,1933.54,1803.4562821972038,,1,0,0,67.87320765932226
1784764800,1876.91,1803.4562821972038,,1,0,0,68.28297854079925
1784851200,1859.77,1803.4562821972038,,1,0,0,67.8991943593136
1784937600,1873.05,1803.4562821972038,,1,0,0,64.91353761936263
1785024000,1952.93,1803.4562821972038,,1,0,0,66.90899921797958
1785110400,1890.67,1803.4562821972038,,1,0,0,69.15121355955247
1785196800,1919.9,1803.4562821972038,,1,0,0,69.3961268767273
1785283200,1908.48,1803.4562821972038,,1,0,0,68.7878320998182
1785369600,1916.82,1803.4562821972038,,1,0,0,67.04941552125975
1785456000,1860.66,1803.4562821972038,,1,0,0,68.60802869831262
1785542400,1843.18,1803.4562821972038,,1,0,0,67.54031236271885
1785628800,1883.35,1803.4562821972038,,1,0,0,66.61600433681035
1785715200,1858.95,1803.4562821972038,,1,0,0,65.9762897413239
1785801600,1868.39,1803.4562821972038,,1,0,0,63.735840474086466
1785888000,1907.29,1803.4562821972038,,1,0,0,64.37042329736599
1785974400,1902.42,1803.4562821972038,,1,0,0,61.82325020469699
1786060800,1913.15,1803.4562821972038,,1,0,0,60.935160904361496
1786147200,1915.4,1810.8211894721678,,1,0,0,57.55693512547854
1786233600,1909.09,1818.541070524951,,1,0,0,55.60858261651578
1786320000,1871.44,1818.541070524951,,1,0,0,56.211541001050364
1786406400,1880.72,1818.541070524951,,1,0,0,55.41071664383248
1786492800,1877.59,1818.541070524951,,1,0,0,55.21923688355873
1786579200,1884.61,1818.541070524951,,1,0,0,53.95643424901881
1786665600,1880.41,1818.541070524951,,1,0,0,52.06811751694604
1786752000,1880.94,1818.541070524951,,1,0,0,49.142537694307045
1786838400,1874.13,1818.541070524951,,1,0,0,47.27664214471368
1786924800,1911.94,1818.541070524951,,1,0,0,47.23402484866271
1787011200,1916.72,1818.55949376668,,1,0,0,46.58373735947253
1787097600,2251.69,1957.2320443900119,,1,0,0,73.94561326236736
1787184000,2326.35,2115.9463399510105,,1,0,0,78.57092660076971
1787270400,2515.8,2235.2187059559096,,1,0,0,88.93014612928616
1787356800,2422,2247.700835360319,,1,0,0,92.95513569148001
1787443200,2463.39,2247.700835360319,,1,0,0,95.54191171351712
1787529600,2521.8,2263.840676641858,,1,0,0,96.4774894482659