time,close,Up Trend,Down Trend,Macro Score Heatmap,Rate Hike,Rate Cut,ATR
1623888000,39.25,,,1,0,0,
1623974400,36.842,,,1,0,0,
1624060800,35.2,,,1,0,0,
1624147200,35.271,,,1,0,0,
1624233600,26.625,,,1,0,0,
1624320000,26.982,,,1,0,0,
1624406400,30.838,,,1,0,0,
1624492800,31.187,,,1,0,0,
1624579200,28.646,,,1,0,0,
1624665600,29.739,17.996899999999997,,1,0,0,
1624752000,31.92,20.656260000000003,,1,0,0,
1624838400,33.013,23.061284,,1,0,0,
1624924800,33.963,24.962505600000007,,1,0,0,
1625011200,35.565,24.962505600000007,,1,0,0,4.698428571428571
1625097600,33.29,24.962505600000007,,1,0,0,4.6070408163265295
1625184000,33.991,24.962505600000007,,1,0,0,4.470252186588921
1625270400,34.558,26.13165732416,,1,0,0,4.303234173261141
1625356800,34.332,26.783691591744,,1,0,0,4.133146018028202
1625443200,32.92,26.783691591744,,1,0,0,3.9828498738833304
1625529600,34.217,26.900440189312636,,1,0,0,3.851146311463093
1625616000,36.718,28.740746170381378,,1,0,0,3.8810644320728724
1625702400,33.161,28.740746170381378,,1,0,0,3.916416972639096
1625788800,33.335,28.740746170381378,,1,0,0,3.8102443317363033
1625875200,31.722,28.740746170381378,,1,0,0,3.763369736612281
1625961600,32.2,28.740746170381378,,1,0,0,3.5790576125685467
1626048000,30.749,28.740746170381378,,1,0,0,3.5152677830993646
1626134400,29.15,28.740746170381378,,1,0,0,3.4255343700208383
1626220800,31.349,28.740746170381378,,1,0,0,3.4684247721622063
1626307200,28.594,,36.24666131524774,1,0,0,3.4706801455791916
1626393600,26.296,,34.34419518372297,1,0,0,3.456774420894963
1626480000,26.764,,33.12737566535068,1,0,0,3.3400048194024654
1626566400,26.702,,32.90133809881561,1,0,0,3.2077187608737177
1626652800,24.524,,31.200804288934044,1,0,0,3.1722388493827376
1626739200,23.472,,29.397573860040637,1,0,0,3.1495075029982567
1626825600,26.691,,29.397573860040637,1,0,0,3.2572569670698095
1626912000,27.713,,29.397573860040637,1,0,0,3.185881469421966
1626998400,28.539,,29.397573860040637,1,0,0,3.122604221606111
1627084800,28.65,,29.397573860040637,1,0,0,3.004703920062817
1627171200,28.253,,29.397573860040637,1,0,0,2.9572250686297585
1627257600,28.196,,29.397573860040637,1,0,0,2.975994706584776
1627344000,28.158,,29.397573860040637,1,0,0,2.9137093704001495
1627430400,27.899,,29.397573860040637,1,0,0,2.805730129657282
1627516800,31.295,24.04716475462744,,1,0,0,2.9342494061103332
1627603200,32.41,25.896398279164693,,1,0,0,2.944945877102452
1627689600,36.759,28.21425845124822,,1,0,0,3.112806885880848
1627776000,34.198,28.828582606123398,,1,0,0,3.1468921083179304
1627862400,33.187,28.828582606123398,,1,0,0,3.1292569577237925
1627948800,34.116,28.828582606123398,,1,0,0,3.157024317886379
1628035200,35.794,28.828582606123398,,1,0,0,3.173951152323066
1628121600,37.398,30.622793947877568,,1,0,0,3.147026070014276
1628208000,39.513,31.473464553089805,,1,0,0,3.2637384935846856
1628294400,39.516,32.51836809778083,,1,0,0,3.2395428869000655
1628380800,37.689,32.51836809778083,,1,0,0,3.1991469664072034
1628467200,38.676,32.51836809778083,,1,0,0,3.230707897378118
1628553600,40.691,33.44770084328223,,1,0,0,3.2532287618511093
1628640000,41.65,35.675930758954,,1,0,0,3.2433552788617446
1628726400,41.102,35.675930758954,,1,0,0,3.3119727589430488
1628812800,44.9,35.94596891475273,,1,0,0,3.3797604190185453
1628899200,44.178,37.23392202327746,,1,0,0,3.2887775319457924
1628985600,53.556,40.87512982094972,,1,0,0,3.8646505653782355
1629072000,62.055,50.14536683885474,,1,0,0,4.838604096422647
1629158400,64.169,53.75973015496927,,1,0,0,5.658918089535315
1629244800,72.736,54.23450713947234,,1,0,0,6.738852511711364
1629331200,72.831,56.1522564255251,,1,0,0,6.768720189446266
1629417600,78.746,59.45948078297259,,1,0,0,6.933383033057247
1629504000,73.937,61.080432704675346,,1,0,0,7.107569959267444
1629590400,72.809,61.080432704675346,,1,0,0,7.051243533605484
1629676800,75.655,61.080432704675346,,1,0,0,6.921511852633664
1629763200,70.591,61.080432704675346,,1,0,0,7.203689577445545
1629849600,71.986,61.080432704675346,,1,0,0,7.165497464770864
1629936000,74.823,61.080432704675346,,1,0,0,7.519247645858658
1630022400,88.053,62.53767979700537,,1,0,0,8.146729956868754
1630108800,96.246,72.97161181730485,,1,0,0,8.448106388520985
1630195200,94.287,75.67205063557435,,1,0,0,8.375598789340915
1630281600,110.347,83.98269557201692,,1,0,0,9.411484590102278
1630368000,108.29,92.12862601481524,,1,0,0,10.665449976523544
1630454400,110.671,92.12862601481524,,1,0,0,10.883632121057575
1630540800,128.346,93.81346207200033,,1,0,0,11.74615839812489
1630627200,146.524,110.2582658648003,,1,0,0,12.399147083973114
1630713600,138.998,114.66923927832029,,1,0,0,12.587779435117891
1630800000,142.138,114.66923927832029,,1,0,0,12.420580904038044
1630886400,164.316,121.1650138154394,,1,0,0,13.582967982321039
1630972800,173.4,126.34481243389546,,1,0,0,17.309755983583823
1631059200,191.03,126.34481243389546,,1,0,0,19.738344841899266
1631145600,187.908,149.30718807145533,,1,0,0,20.86910592462075
1631232000,179.51,149.30718807145533,,1,0,0,21.49852693000499
1631318400,179.122,149.30718807145533,,1,0,0,21.282560720718916
1631404800,174.272,149.30718807145533,,1,0,0,20.58380638352471
1631491200,169.797,149.30718807145533,,1,0,0,20.88653449898723
1631577600,158.64,149.30718807145533,,1,0,0,21.533924891916712
1631664000,158.433,149.30718807145533,,1,0,0,20.898358828208377
1631750400,152.043,149.30718807145533,,1,0,0,20.526761769050633
1631836800,147.592,,187.48167656317037,1,0,0,20.434921642689876
1631923200,169.336,,187.48167656317037,1,0,0,20.9414272396406
1632009600,152.842,,187.48167656317037,1,0,0,20.902753865380557
1632096000,132.567,,186.51800971455117,1,0,0,21.063771446424802
1632182400,124.3,,176.25515874309605,1,0,0,21.605859200251604
1632268800,148.197,,176.25515874309605,1,0,0,22.227083543090774
1632355200,150.034,,176.25515874309605,1,0,0,21.314863290012863
1632441600,139.308,,176.25515874309605,1,0,0,21.465301626440514
1632528000,136.117,,176.25515874309605,1,0,0,20.684637224551903
1632614400,135.698,,174.2877401612108,1,0,0,20.342020279941057
1632700800,136.35,,174.2877401612108,1,0,0,19.97830454565955
1632787200,132.182,,172.32232953058076,1,0,0,19.3596399352553
1632873600,135.304,,172.08664657752269,1,0,0,18.623594225594207
1632960000,141.358,,172.08664657752269,1,0,0,17.927766066623192
1633046400,161.649,,172.08664657752269,1,0,0,18.558497061864394
1633132800,168.979,,172.08664657752269,1,0,0,18.58060441458836
1633219200,173.129,136.31017843048738,,1,0,0,18.138989813546335
1633305600,167.212,136.31017843048738,,1,0,0,17.632561969721596
1633392000,164.623,136.31017843048738,,1,0,0,17.105236114741484
1633478400,153.922,136.31017843048738,,1,0,0,16.971790677974234
1633564800,154.338,136.31017843048738,,1,0,0,16.55594848669036
1633651200,158.833,136.31017843048738,,1,0,0,16.561380737641052
1633737600,156.827,136.31017843048738,,1,0,0,15.90349639923812
1633824000,147.624,136.31017843048738,,1,0,0,15.687818085006827
1633910400,144.853,136.31017843048738,,1,0,0,15.554759650363481
1633996800,152.452,136.31017843048738,,1,0,0,15.584133961051805
1634083200,148.039,136.31017843048738,,1,0,0,15.271338678119534
1634169600,150.016,136.31017843048738,,1,0,0,14.775671629682424
1634256000,163.214,136.31017843048738,,1,0,0,15.042980798990824
1634342400,157.562,136.31017843048738,,1,0,0,14.553339313348621
1634428800,160.097,136.31017843048738,,1,0,0,14.535243648109434
1634515200,157.15,136.31017843048738,,1,0,0,14.06501195895876
1634601600,155.85,136.31017843048738,,1,0,0,13.504439676175991
1634688000,176.787,139.20808383380773,,1,0,0,14.093122556449133
1634774400,190.473,157.92777545042696,,1,0,0,14.347613802417053
1634860800,196.247,171.22419790538427,,1,0,0,15.249569959387262
1634947200,197.707,171.22419790538427,,1,0,0,15.139029248002458
1635033600,202.304,171.22419790538427,,1,0,0,15.46388430171657
1635120000,209.6,176.53634377302512,,1,0,0,15.848106851593958
1635206400,199.857,176.53634377302512,,1,0,0,15.981599219337246
1635292800,184.682,176.53634377302512,,1,0,0,16.685627846527442
1635379200,195.377,176.53634377302512,,1,0,0,16.908868714632625
1635465600,200.439,176.53634377302512,,1,0,0,16.463949520730292
1635552000,195.913,176.53634377302512,,1,0,0,16.2291674121067
1635638400,202.673,176.53634377302512,,1,0,0,16.47565545409908
1635724800,204.035,176.53634377302512,,1,0,0,16.287180064520577
1635811200,221.168,177.88284899783,,1,0,0,16.652667202769106
1635897600,243.553,194.80846409804695,,1,0,0,17.6689766882856
1635984000,247.244,206.29296768824227,,1,0,0,17.560121210550914
1636070400,236.364,206.29296768824227,,1,0,0,17.59761255265442
1636156800,258.763,209.93346882747625,,1,0,0,18.12521165603625
1636243200,249.808,215.92072194472863,,1,0,0,17.768125109176516
1636329600,248.422,215.92072194472863,,1,0,0,17.41383045852105
1636416000,239.045,215.92072194472863,,1,0,0,17.293056854340975
1636502400,233.277,215.92072194472863,,1,0,0,18.283767079030905
1636588800,233.498,215.92072194472863,,1,0,0,18.190783716242983
1636675200,228.53,215.92072194472863,,1,0,0,18.177156307939914
1636761600,241.776,215.92072194472863,,1,0,0,18.10585942880135
1636848000,238.702,215.92072194472863,,1,0,0,17.64036946960125
1636934400,238.218,215.92072194472863,,1,0,0,17.24220022177259
1637020800,219.155,215.92072194472863,,1,0,0,17.707043063074547
1637107200,219.044,215.92072194472863,,1,0,0,17.340968558569223
1637193600,195.252,,243.2402322074778,1,0,0,18.682042232957137
1637280000,215.385,,243.2402322074778,1,0,0,19.542896359174485
1637366400,217.865,,243.2402322074778,1,0,0,19.245118047804876
1637452800,230.785,,243.2402322074778,1,0,0,19.653466758675954
1637539200,215.788,,243.2402322074778,1,0,0,19.71479056162767
1637625600,221.97,,243.2402322074778,1,0,0,19.391805521511408
1637712000,205.685,,243.2402322074778,1,0,0,19.573319412832024
1637798400,210.139,,243.2402322074778,1,0,0,19.207082311915453
1637884800,192.541,,237.44328891594512,1,0,0,19.816362146778634
1637971200,192.952,,233.4441100243506,1,0,0,19.03547913629444
1638057600,200.907,,230.96399902191553,1,0,0,19.243087769416263
1638144000,204.187,,230.96399902191553,1,0,0,18.806438643029388
1638230400,208.676,,230.96399902191553,1,0,0,18.808693025670145
1638316800,229.928,,230.96399902191553,1,0,0,19.227429238122276
1638403200,233.845,192.20206204172123,,1,0,0,19.529112863970685
1638489600,211.757,192.20206204172123,,1,0,0,20.66910480225849
1638576000,201.114,192.20206204172123,,1,0,0,21.729668744954314
1638662400,196.687,192.20206204172123,,1,0,0,21.84040669174329
1638748800,193.751,192.20206204172123,,1,0,0,21.8107347851902
1638835200,190.366,,240.32262542998404,1,0,0,21.415539443390895
1638921600,194.792,,232.39346288698562,1,0,0,20.79628662600583
1639008000,181.45,,229.43951659828707,1,0,0,20.59962329557684
1639094400,167.77,,217.01771493845834,1,0,0,20.361793060178496
1639180800,172.16,,207.0084434446125,1,0,0,19.790950698737173
1639267200,172.93,,207.0084434446125,1,0,0,19.030882791684515
1639353600,155.19,,198.98588919013613,1,0,0,19.453676877992763
1639440000,161.38,,193.87980027112252,1,0,0,19.043414243850425
1639526400,178.57,,193.87980027112252,1,0,0,19.758884655003964
1639612800,176.94,,193.87980027112252,1,0,0,19.454678608217964
1639699200,175.55,,193.87980027112252,1,0,0,19.09934442191668
1639785600,182.91,,193.87980027112252,1,0,0,18.690819820351205
1639872000,179.95,,193.87980027112252,1,0,0,18.149332690326116
1639958400,174.06,,193.87980027112252,1,0,0,17.78295178387425
1640044800,179.75,,193.87980027112252,1,0,0,17.406312370740373
1640131200,178.45,,193.87980027112252,1,0,0,16.908718629973205
1640217600,190.07,,193.87980027112252,1,0,0,16.99381015640369
1640304000,190.65,,193.87980027112252,1,0,0,16.743538002374855
1640390400,193.06,,193.87980027112252,1,0,0,15.993285287919509
1640476800,198,166.44803128866783,,1,0,0,15.5923363387824
1640563200,195.74,171.70422815980106,,1,0,0,15.197883743155087
1640649600,177.27,171.70422815980106,,1,0,0,15.508034904358297
1640736000,170.64,,203.79742519056117,1,0,0,15.157460982618417
1640822400,172.52,,199.07668267150504,1,0,0,14.626213769574246
1640908800,169.88,,199.07668267150504,1,0,0,14.300769928890372
1640995200,179.21,,199.07668267150504,1,0,0,13.948572076826775
1641081600,176.32,,199.07668267150504,1,0,0,13.32010264276772
1641168000,170.13,,195.26508450077446,1,0,0,13.063666739712884
1641254400,167.72,,192.96907605069703,1,0,0,12.657690544019106
1641340800,154.44,,183.93916844562733,1,0,0,13.634998362303454
1641427200,150.23,,175.2942516010646,1,0,0,13.308212764996066
1641513600,136.37,,168.0078264409581,1,0,0,13.601911853210632
1641600000,142.17,,166.9870437968623,1,0,0,13.711775292267015
1641686400,140.83,,166.9870437968623,1,0,0,13.2923627713908
1641772800,135.89,,162.44100547545847,1,0,0,13.325765430577173
1641859200,140.27,,162.44100547545847,1,0,0,13.08606789982166
1641945600,151.56,,162.44100547545847,1,0,0,13.230634478405829
1642032000,146.24,,162.44100547545847,1,0,0,13.169874872805412
1642118400,146.17,,162.44100547545847,1,0,0,12.847026667605025
1642204800,147.78,,162.44100547545847,1,0,0,12.329381905633237
1642291200,147.98,,162.44100547545847,1,0,0,11.865854626659436
1642377600,139.85,,162.44100547545847,1,0,0,11.815436439040907
1642464000,141.35,,160.36137967241532,1,0,0,11.592905264823699
1642550400,135.33,,159.2972417051738,1,0,0,11.478412031622003
1642636800,127.52,,157.92401753465643,1,0,0,11.94138260079186
1642723200,112.32,,144.81461578119078,1,0,0,12.941998129306725
1642809600,94.78,,129.71965420307168,1,0,0,13.87614112007053
1642896000,99.82,,127.00268878276452,1,0,0,13.704273897208349
1642982400,91.96,,119.33091990448807,1,0,0,14.091111475979181
1643068800,94.76,,119.33091990448807,1,0,0,13.998174941980666
1643155200,92.18,,119.33091990448807,1,0,0,14.11187673183919
1643241600,89.55,,117.96111061037182,1,0,0,13.75031410813639
1643328000,91.35,,116.67649954933462,1,0,0,13.223148814698076
1643414400,96.25,,116.67649954933462,1,0,0,12.880066756505357
1643500800,93.31,,116.67649954933462,1,0,0,12.400776273897833
1643587200,99.52,,116.67649954933462,1,0,0,12.405006540047989
1643673600,110.1,,116.67649954933462,1,0,0,12.57964893004456
1643760000,101.99,,116.67649954933462,1,0,0,12.79610257789852
1643846400,101.93,,116.67649954933462,1,0,0,12.535666679477197
1643932800,112.69,,116.67649954933462,1,0,0,12.535976202371684
1644019200,113.8,,116.67649954933462,1,0,0,12.240549330773705
1644105600,115.32,,116.67649954933462,1,0,0,11.694795807147012
1644192000,117.62,95.38499466823316,,1,0,0,11.515167535207938
1644278400,113.58,95.38499466823316,,1,0,0,11.458369854121656
1644364800,114.04,95.38499466823316,,1,0,0,11.202057721684396
1644451200,106.25,95.38499466823316,,1,0,0,11.06905359870694
1644537600,96.5,95.38499466823316,,1,0,0,11.236978341656444
1644624000,95.95,95.38499466823316,,1,0,0,10.945051317252412
1644710400,92.92,,114.4222004085195,1,0,0,10.593976223162954
1644796800,96.43,,113.84048036766755,1,0,0,10.350120778651315
1644883200,105.61,,113.84048036766755,1,0,0,10.290112151604793
1644969600,101.94,,113.84048036766755,1,0,0,10.082961283633024
1645056000,93.56,,113.84048036766755,1,0,0,10.112749763373523
1645142400,89.9,,111.54375916922669,1,0,0,9.901839065989702
1645228800,91.34,,108.36638325230403,1,0,0,9.48742198984758
1645315200,90.78,,107.32174492707361,1,0,0,9.405463276287037
1645401600,82.97,,107.32174492707361,1,0,0,9.69578732798082
1645488000,86.43,,102.32231339092962,1,0,0,9.482516804553617
1645574400,84.64,,102.32231339092962,1,0,0,9.44876560422836
1645660800,89.41,,102.32231339092962,1,0,0,10.083139489640619
1645747200,92.84,,102.32231339092962,1,0,0,9.946486668952003
1645833600,90.32,,102.32231339092962,1,0,0,9.658880478312577
1645920000,85.7,,102.32231339092962,1,0,0,9.550389015575965
1646006400,99.74,,102.32231339092962,1,0,0,10.186789800177682
1646092800,98.7,,102.32231339092962,1,0,0,10.01701910016499
1646179200,100.73,,102.32231339092962,1,0,0,9.990089164438919
1646265600,95.61,,102.32231339092962,1,0,0,9.82936850983614
1646352000,88.32,,102.32231339092962,1,0,0,9.771556473419272
1646438400,89.62,,102.32231339092962,1,0,0,9.447873868175037
1646524800,84.57,,102.32231339092962,1,0,0,9.19159716330539
1646611200,81.66,,100.63555122831232,1,0,0,9.015768794497863
1646697600,82.35,,99.68149610548107,1,0,0,8.660356737748014
1646784000,88.1,,99.68149610548107,1,0,0,8.613902685051729
1646870400,82.92,,99.68149610548107,1,0,0,8.561481064690891
1646956800,80.7,,97.72226066089571,1,0,0,8.255660988641543
1647043200,81.44,,96.06003459480614,1,0,0,7.823828060881433
1647129600,78.75,,94.59953113532552,1,0,0,7.664268913675616
1647216000,81.24,,93.66007802179298,1,0,0,7.421106848413072
1647302400,82.85,,93.66007802179298,1,0,0,7.408170644954995
1647388800,87.82,,93.66007802179298,1,0,0,7.342587027458209
1647475200,87.88,,93.66007802179298,1,1,0,7.137402239782623
1647561600,89.87,,93.66007802179298,1,0,0,7.195444936941008
1647648000,92.39,,93.66007802179298,1,0,0,7.063627441445221
1647734400,88.64,,93.66007802179298,1,0,0,6.897654052770562
1647820800,88.62,,93.66007802179298,1,0,0,6.728535906144093
1647907200,90.48,,93.66007802179298,1,0,0,6.6764976271338
1647993600,94.87,80.2218067160888,,1,0,0,6.711747796624244
1648080000,102.38,85.25212604447994,,1,0,0,6.97090866829394
1648166400,98.63,87.17891344003193,,1,0,0,7.05441519198723
1648252800,101.79,87.17891344003193,,1,0,0,6.963385535416713
1648339200,107.09,89.33431988642587,,1,0,0,7.08600085431552
1648425600,105.84,95.31588789778328,,1,0,0,7.203429364721555
1648512000,111.64,95.80379910800495,,1,0,0,7.416041552955731
1648598400,120.79,99.20441919720444,,1,0,0,8.186324299173178
1648684800,122.86,107.58297727748402,,1,0,0,8.290158277803664
1648771200,134.55,108.31067954973562,,1,0,0,9.195146972246262
1648857600,132.61,117.28561159476206,,1,0,0,9.41406504565724
1648944000,136.94,117.28561159476206,,1,0,0,9.486631828110294
1649030400,132.16,117.28561159476206,,1,0,0,9.697586697530985
1649116800,126.9,117.28561159476206,,1,0,0,9.767044790564487
1649203200,112.94,,141.52986823267662,1,0,0,10.162255876952738
1649289600,118.52,,136.81688140940895,1,0,0,10.081380457170399
1649376000,109.97,,136.81688140940895,1,0,0,10.38771042451537
1649462400,112.99,,131.98482394162124,1,0,0,10.03215967990713
1649548800,111.07,,131.98482394162124,1,0,0,9.762719702770905
1649635200,99.7,,125.95245739271321,1,0,0,10.055382581144412
1649721600,103.31,,124.92821165344188,1,0,0,10.12642668249124
1649808000,104.95,,123.17689048809771,1,0,0,9.835253348027582
1649894400,100.76,,123.07470143928792,1,0,0,9.786306680311325
1649980800,101.39,,119.83773129535913,1,0,0,9.327284774574801
1650067200,102.08,,119.43895816582322,1,0,0,8.853193004962316
1650153600,100.18,,119.2915623492409,1,0,0,8.635822076036437
1650240000,102.39,,115.33690611431682,1,0,0,8.58969192774812
1650326400,108.55,,115.33690611431682,1,0,0,8.533285361480397
1650412800,105.59,,115.33690611431682,1,0,0,8.40090783566037
1650499200,101.78,,115.33690611431682,1,0,0,8.520128704541772
1650585600,100.55,,115.33690611431682,1,0,0,8.223690939931645
1650672000,100.66,,115.33690611431682,1,0,0,7.961998729936528
1650758400,99.25,,114.81216563729863,1,0,0,7.6532845349410605
1650844800,100.99,,112.40894907356878,1,0,0,7.622335639588128
1650931200,95.74,,112.40894907356878,1,0,0,7.602168808188976
1651017600,98.35,,111.97014874959072,1,0,0,7.47772817903262
1651104000,98.22,,111.97014874959072,1,0,0,7.245747594816004
1651190400,93.91,,108.96792048716847,1,0,0,7.1846227666148605
1651276800,84.69,,103.23962843845162,1,0,0,7.59143542614237
1651363200,89.65,,103.23962843845162,1,0,0,7.68633289570363
1651449600,87.45,,102.66249903514581,1,0,0,7.55302340315337
1651536000,85.85,,100.71724913163122,1,0,0,7.322093160070986
1651622400,92.76,,100.71724913163122,1,0,0,7.343372220065916
1651708800,84.52,,100.71724913163122,1,1,0,7.8145599186326375
1651795200,81.66,,97.38724461695917,1,0,0,7.600662781587448
1651881600,78.83,,94.22552015526327,1,0,0,7.427758297188343
1651968000,75.34,,90.74096813973692,1,0,0,7.305061275960604
1652054400,62.13,,85.32537132576323,1,0,0,7.890414041963418
1652140800,66.86,,84.17783419318692,1,0,0,8.328955896108889
1652227200,50.82,,76.21655077386822,1,0,0,9.542601903529683
1652313600,44.65,,68.3518956964814,1,0,0,10.248844624706134
1652400000,48.89,,68.3518956964814,1,0,0,10.458212865798554
1652486400,52.37,,68.3518956964814,1,0,0,10.281197661098657
1652572800,58.82,,68.3518956964814,1,0,0,10.238254971020183
1652659200,53.69,,68.3518956964814,1,0,0,10.011236758804456
1652745600,57.02,,68.3518956964814,1,0,0,9.666862704604139
1652832000,49.87,,68.3518956964814,1,0,0,9.580658225703843
1652918400,52.13,,68.3518956964814,1,0,0,9.311325495296426
1653004800,49.37,,68.3518956964814,1,0,0,9.063373674203826
1653091200,50.25,,66.62990910787283,1,0,0,8.617418411760696
1653177600,52.44,,66.62990910787283,1,0,0,8.251174239492075
1653264000,49.11,,66.62990910787283,1,0,0,8.096090365242642
1653350400,49.64,,63.62094373963929,1,0,0,7.788512482011025
1653436800,47.94,,62.847349365675356,1,0,0,7.445761590438808
1653523200,43.42,,58.97311442910783,1,0,0,7.4103500482646085
1653609600,41.09,,55.179302986197044,1,0,0,7.165325044817136
1653696000,44.2,,55.179302986197044,1,0,0,6.999944684473054
1653782400,44.91,,55.179302986197044,1,0,0,6.775662921296408
1653868800,47.2,,55.179302986197044,1,0,0,6.588115569775236
1653955200,45.75,,55.179302986197044,1,0,0,6.378250171934147
1654041600,40.1,,54.53799082031949,1,0,0,6.394089445367422
1654128000,40.82,,51.06719173828755,1,0,0,6.188083056412607
1654214400,38.23,,50.424972564458784,1,0,0,6.026077123811705
1654300800,38.99,,48.121475308012904,1,0,0,5.8685001863965836
1654387200,38.49,,48.121475308012904,1,0,0,5.620750173082541
1654473600,42.35,,48.121475308012904,1,0,0,5.6871251607195035
1654560000,39.28,,48.121475308012904,1,0,0,5.645187649239539
1654646400,38.79,,48.121475308012904,1,0,0,5.431959960008143
1654732800,39.93,,48.121475308012904,1,0,0,5.303248534293276
1654819200,37.14,,48.121475308012904,1,0,0,5.222302210415186
1654905600,33.91,,44.943081510249115,1,0,0,5.189280623956959
1654992000,30.56,,41.87077335922421,1,0,0,5.11147486510289
1655078400,28.58,,37.91969602330179,1,0,0,5.108512374738398
1655164800,29.54,,37.91969602330179,1,0,0,5.200047205114227
1655251200,34.72,,37.91969602330179,1,0,0,5.403615261891781
1655337600,30.1,,37.91969602330179,1,1,0,5.48192845747094
1655424000,30.69,,37.91969602330179,1,0,0,5.29536213908016
1655510400,32.01,,37.91969602330179,1,0,0,5.269979129145862
1655596800,34.15,,37.91969602330179,1,0,0,5.368552048492587
1655683200,35.22,,37.91969602330179,1,0,0,5.355798330743116
1655769600,36.36,,37.91969602330179,1,0,0,5.331812735690036
1655856000,34.1,,37.91969602330179,1,0,0,5.184540397426462
1655942400,38.13,26.30119101274046,,1,0,0,5.150644654753143
1656028800,41.88,30.26857191146641,,1,0,0,5.1584557508422035
1656115200,42.2,31.575714720319773,,1,0,0,4.996423197210618
1656201600,39.39,31.575714720319773,,1,0,0,4.875964397409859
1656288000,38.5,31.575714720319773,,1,0,0,4.770538369023441
1656374400,35.3,31.575714720319773,,1,0,0,4.774071342664625
1656460800,33.95,31.575714720319773,,1,0,0,4.64949481818858
1656547200,33.74,31.575714720319773,,1,0,0,4.558102331175109
1656633600,32.82,31.575714720319773,,1,0,0,4.4896664503768875
1656720000,33.33,31.575714720319773,,1,0,0,4.331833132492824
1656806400,33.36,31.575714720319773,,1,0,0,4.132416480171908
1656892800,36.69,31.575714720319773,,1,0,0,4.160101017302486
1656979200,35.37,31.575714720319773,,1,0,0,4.137236658923737
1657065600,37.01,31.575714720319773,,1,0,0,4.046719754714898
1657152000,38.43,31.575714720319773,,1,0,0,3.967668343663834
1657238400,38.1,31.575714720319773,,1,0,0,3.918549176259275
1657324800,38.08,31.575714720319773,,1,0,0,3.722938520812184
1657411200,36.69,31.575714720319773,,1,0,0,3.6013000550398857
1657497600,33.41,31.575714720319773,,1,0,0,3.5947786225370364
1657584000,32.66,31.575714720319773,,1,0,0,3.4815801494986762
1657670400,34.94,31.575714720319773,,1,0,0,3.470038710248771
1657756800,37.12,31.575714720319773,,1,0,0,3.488607373802431
1657843200,37.37,31.575714720319773,,1,0,0,3.4251354185308287
1657929600,39.6,31.91917844639875,,1,0,0,3.4804828886357693
1658016000,38.63,33.24226060175887,,1,0,0,3.4318769680189285
1658102400,43.55,34.408034541582985,,1,0,0,3.5824571845890048
1658188800,44.88,37.79323108742468,,1,0,0,3.6729959571183612
1658275200,42.05,37.79323108742468,,1,0,0,3.7884962458956215
1658361600,43.1,37.79323108742468,,1,0,0,3.8328893711887915
1658448000,40.55,37.79323108742468,,1,0,0,3.8669687018181635
1658534400,39.98,37.79323108742468,,1,0,0,3.8307566516882945
1658620800,40.94,37.79323108742468,,1,0,0,3.7464168908534163
1658707200,36.64,,46.414823072667936,1,0,0,3.8038156843638866
1658793600,36.29,,43.00684076540114,1,0,0,3.6856859926236085
1658880000,40.24,,43.00684076540114,1,0,0,3.7709941360076367
1658966400,42.93,,43.00684076540114,1,1,0,3.8680659834356623
1659052800,41.94,,43.00684076540114,1,0,0,3.8296326989045433
1659139200,43.84,36.131103273820315,,1,0,0,3.9325160775542187
1659225600,42.38,36.131103273820315,,1,0,0,3.865907786300346
1659312000,41.67,36.131103273820315,,1,0,0,3.7833429444217503
1659398400,39.81,36.131103273820315,,1,0,0,3.724532734105911
1659484800,38.55,36.131103273820315,,1,0,0,3.717780395955489
1659571200,38.82,36.131103273820315,,1,0,0,3.5900817962443834
1659657600,40.54,36.131103273820315,,1,0,0,3.524361667941213
1659744000,40.07,36.131103273820315,,1,0,0,3.3511929773739837
1659830400,40.62,36.131103273820315,,1,0,0,3.2803934789901277
1659916800,42.2,36.131103273820315,,1,0,0,3.2710796590622615
1660003200,40.35,36.131103273820315,,1,0,0,3.2524311119863856
1660089600,42.5,36.131103273820315,,1,0,0,3.285828889701644
1660176000,42.8,37.553953340871125,,1,0,0,3.2711268261515265
1660262400,45.5,37.553953340871125,,1,0,0,3.278903481426418
1660348800,46.63,40.51070220610561,,1,0,0,3.2654103756102453
1660435200,44.89,40.51070220610561,,1,0,0,3.289309634495228
1660521600,43.72,40.51070220610561,,1,0,0,3.3815018034598547
1660608000,43.09,40.51070220610561,,1,0,0,3.266394531784151
1660694400,40.55,40.51070220610561,,1,0,0,3.3587949223709974
1660780800,39.51,,46.9660355043167,1,0,0,3.2860238564873545
1660867200,35.82,,44.105431953885024,1,0,0,3.3620221524525435
1660953600,35.29,,42.364388758496524,1,0,0,3.3404491415630764
1661040000,36.48,,42.24694988264687,1,0,0,3.283988488594285
1661126400,35.43,,41.53775489438218,1,0,0,3.248703596551836
1661212800,35.67,,41.28647940494397,1,0,0,3.1495104825124187
1661299200,34.88,,41.28647940494397,1,0,0,3.075974019475818
1661385600,35.25,,41.28647940494397,1,0,0,2.972690160941831
1661472000,31.74,,39.576753486204154,1,0,0,3.076783720874558
1661558400,31.54,,37.23657813758374,1,0,0,2.956299169383518
1661644800,30.45,,36.70642032382536,1,0,0,2.8901349429989804
1661731200,32.41,,36.70642032382536,1,0,0,2.8736967327847673
1661817600,31.48,,36.70642032382536,1,0,0,2.849146966157284
1661904000,31.5,,36.70642032382536,1,0,0,2.7734936114317637
1661990400,31.62,,36.08136987446182,1,0,0,2.679672639186638
1662076800,31.24,,36.08136987446182,1,0,0,2.6046960221018773
1662163200,31.12,,35.506709598314075,1,0,0,2.452932020523172
1662249600,32.17,,35.506709598314075,1,0,0,2.361294019057231
1662336000,32.18,,35.506709598314075,1,0,0,2.291201589124572
1662422400,30.87,,35.506709598314075,1,0,0,2.373258618472817
1662508800,32.7,,35.506709598314075,1,0,0,2.393025860010473
1662595200,33.62,,35.506709598314075,1,0,0,2.3635240128668675
1662681600,34.69,,35.506709598314075,1,0,0,2.366129440519234
1662768000,35.07,,35.506709598314075,1,0,0,2.279263051910717
1662854400,35.01,,35.506709598314075,1,0,0,2.256458548202809
1662940800,37.46,31.818213408550164,,1,0,0,2.377425794759751
1663027200,33.01,31.818213408550164,,1,0,0,2.6404668094197694
1663113600,34.12,31.818213408550164,,1,0,0,2.5697191801755
1663200000,33.07,31.818213408550164,,1,0,0,2.564739238734393
1663286400,32.23,31.818213408550164,,1,0,0,2.507257864539079
1663372800,33.69,31.818213408550164,,1,0,0,2.448168017072002
1663459200,31.1,,37.37049892294669,1,0,0,2.496156015852573
1663545600,32.65,,36.75944903065202,1,0,0,2.5028591575773897
1663632000,31.42,,36.75944903065202,1,0,0,2.437654932036147
1663718400,30.68,,36.755403714828134,1,0,0,2.509251008319279
1663804800,32.42,,36.67186334334532,1,1,0,2.4928759362964734
1663891200,33.66,,36.67186334334532,1,0,0,2.5119562265610114
1663977600,33.38,,36.67186334334532,1,0,0,2.4489593532352245
1664064000,32.33,,36.67186334334532,1,0,0,2.4290336851469942
1664150400,33.89,,36.67186334334532,1,0,0,2.406245564779352
1664236800,32.68,,36.67186334334532,1,0,0,2.475799453009398
1664323200,33.24,,36.67186334334532,1,0,0,2.455385206365869
1664409600,33.93,,36.67186334334532,1,0,0,2.4078576916254497
1664496000,33.26,,36.67186334334532,1,0,0,2.421582142223632
1664582400,32.44,,36.67186334334532,1,0,0,2.3128977034933724
1664668800,32.05,,36.67186334334532,1,0,0,2.228405010386703
1664755200,32.9,,36.65343336282062,1,0,0,2.1785189382162247
1664841600,34.1,,36.65343336282062,1,0,0,2.13648187120078
1664928000,34.05,,36.65343336282062,1,0,0,2.0688760232578667
1665014400,33.37,,36.65343336282062,1,0,0,2.011099164453733
1665100800,32.96,,36.65343336282062,1,0,0,1.9638777955641806
1665187200,32.57,,36.13587021641195,1,0,0,1.8743150958810249
1665273600,32.93,,36.01178319477075,1,0,0,1.7897211604609515
1665360000,31.95,,35.88110487529368,1,0,0,1.7747410775708836
1665446400,30.8,,34.38099438776431,1,0,0,1.757259572030106
1665532800,31.16,,34.155394948987876,1,0,0,1.6938838883136698
1665619200,30.49,,32.91735545408909,1,0,0,1.8200350391484077
1665705600,29.99,,32.91735545408909,1,0,0,1.8586039649235213
1665792000,29.6,,32.91735545408909,1,0,0,1.7815608245718413
1665878400,30.15,,32.91735545408909,1,0,0,1.7235921942452814
1665964800,31.22,,32.91735545408909,1,0,0,1.7047641803706186
1666051200,30.15,,32.91735545408909,1,0,0,1.7087095960584315
1666137600,28.85,,32.674560499876556,1,0,0,1.705230339197115
1666224000,28.01,,31.931104449888903,1,0,0,1.690571029254464
1666310400,28.11,,30.751994004900013,1,0,0,1.6741016700220024
1666396800,28.02,,30.751994004900013,1,0,0,1.6080944078775736
1666483200,29.29,,30.751994004900013,1,0,0,1.6139448073148899
1666569600,28.31,,30.751994004900013,1,0,0,1.5936630353638264
1666656000,30.87,26.638763733385105,,1,0,0,1.7891156756949818
1666742400,31.29,27.90438736004659,,1,0,0,1.7763216988596258
1666828800,30.58,27.90438736004659,,1,0,0,1.7851558632267952
1666915200,32.07,27.90438736004659,,1,0,0,1.8319304444248812
1667001600,32.87,29.12889338547397,,1,0,0,1.8432211269659613
1667088000,32.94,29.12889338547397,,1,0,0,1.8258481893255354
1667174400,32.56,29.550853642233914,,1,0,0,1.8518590329451396
1667260800,32.2,29.550853642233914,,1,0,0,1.8081548163062013
1667347200,30.83,29.550853642233914,,1,0,0,1.8732866151414727
1667433600,30.86,29.550853642233914,,1,1,0,1.8566232854885103
1667520000,33.74,29.550853642233914,,1,0,0,1.977578765096474
1667606400,36.9,31.531150217202708,,1,0,0,2.2020374247324397
1667692800,32.61,31.531150217202708,,1,0,0,2.38332046582298
1667779200,29.64,,36.308268324065814,1,0,0,2.5680832896927677
1667865600,24.33,,34.08694149165923,1,0,0,3.046791626143284
1667952000,13.97,,27.129747342493303,1,0,0,3.726306509990192
1668038400,17.6,,25.099772608243974,1,0,0,3.9229989021337497
1668124800,16.31,,25.099772608243974,1,0,0,3.868498980552768
1668211200,14.57,,23.78841581267762,1,0,0,3.729320481941856
1668297600,13.18,,21.74657423140986,1,0,0,3.585083304660295
1668384000,13.98,,21.261416808268873,1,0,0,3.526863068613131
1668470400,14.29,,21.261416808268873,1,0,0,3.368515706569336
1668556800,14.26,,20.750497614697785,1,0,0,3.198621727528669
1668643200,13.64,,20.01194785322801,1,0,0,3.0844344612766212
1668729600,13.25,,19.26275306790521,1,0,0,2.928403428328291
1668816000,12.82,,18.311477761114688,1,0,0,2.7685174691619845
1668902400,12.26,,17.988829985003218,1,0,0,2.6750519356504143
1668988800,11.82,,16.607946986502895,1,0,0,2.5568339402468134
1669075200,12.43,,16.386152287852607,1,0,0,2.48563151594347
1669161600,14.32,,16.386152287852607,1,0,0,2.4595149790903648
1669248000,14.59,,16.386152287852607,1,0,0,2.362406766298196
1669334400,14.02,,16.386152287852607,1,0,0,2.2443777115626102
1669420800,14.17,,16.386152287852607,1,0,0,2.156207875022424
1669507200,14.11,,16.386152287852607,1,0,0,2.030764455377965
1669593600,13.33,,16.386152287852607,1,0,0,1.9849955657081106
1669680000,13.35,,16.386152287852607,1,0,0,1.901067311014674
1669766400,14.17,,16.386152287852607,1,0,0,1.8445625030850545
1669852800,13.52,,16.386152287852607,1,0,0,1.7692366100075507
1669939200,13.72,,16.386152287852607,1,0,0,1.6785768521498685
1670025600,13.3,,16.152880214700144,1,0,0,1.597964219853449
1670112000,13.71,,15.998092193230129,1,0,0,1.51810963272106
1670198400,13.82,,15.998092193230129,1,0,0,1.4518160875266983
1670284800,14.29,,15.998092193230129,1,0,0,1.38954350984622
1670371200,13.5,,15.998092193230129,1,0,0,1.3552904020000616
1670457600,13.69,,15.603219287978286,1,0,0,1.294912516142914
1670544000,13.58,,15.603219287978286,1,0,0,1.2402759078469916
1670630400,13.57,,15.451757623262413,1,0,0,1.165256200143635
1670716800,13.42,,15.309081860936171,1,0,0,1.1120236144190898
1670803200,13.33,,14.833173674842554,1,0,0,1.0811647848177262
1670889600,13.89,,14.833173674842554,1,0,0,1.1025101573307459
1670976000,14.12,,14.833173674842554,1,0,0,1.1073308603785499
1671062400,14.05,,14.833173674842554,1,1,0,1.076092941780082
1671148800,12.24,,14.833173674842554,1,0,0,1.1556577316529333
1671235200,12.51,,14.219306823257782,1,0,0,1.118110750820581
1671321600,12.37,,14.219306823257782,1,0,0,1.0625314114762536
1671408000,11.94,,13.974388526838801,1,0,0,1.0523505963708069
1671494400,12.26,,13.944949674154923,1,0,0,1.0236112680586065
1671580800,12.14,,13.78395470673943,1,0,0,0.9783533203401344
1671667200,11.8,,13.554059236065486,1,0,0,0.9456137974586962
1671753600,11.78,,13.451653312458937,1,0,0,0.9066413833545035
1671840000,11.45,,12.970487981213044,1,0,0,0.8911669988291818
1671926400,11.39,,12.82693918309174,1,0,0,0.8503693560556689
1672012800,11.33,,12.654245264782565,1,0,0,0.8203429734802639
1672099200,11.09,,12.469320738304308,1,0,0,0.814604189660245
1672185600,9.76,,11.857388664473877,1,0,0,0.8785610332559416
1672272000,9.64,,11.456149798026491,1,0,0,1.0222352451662315
1672358400,9.92,,11.456149798026491,1,0,0,1.0377898705115007
1672444800,9.97,,11.456149798026491,1,0,0,1.0022334511892506
1672531200,9.99,,11.456149798026491,1,0,0,0.9592167761043041
1672617600,11.29,,11.456149798026491,1,0,0,1.0485584349539967
1672704000,13.39,9.981391355763337,,1,0,0,1.1815185467429967
1672790400,13.42,11.015752220187006,,1,0,0,1.1999815076899254
1672876800,13.43,11.015752220187006,,1,0,0,1.180697114283502
1672963200,13.5,11.015752220187006,,1,0,0,1.1620758918346805
1673049600,13.1,11.015752220187006,,1,0,0,1.114784756703632
1673136000,14.47,11.437768031664692,,1,0,0,1.1808715597962298
1673222400,16.25,13.067991228498222,,1,0,0,1.3315235912393564
1673308800,16.21,13.3556921056484,,1,0,0,1.319271906150831
1673395200,16.36,13.3556921056484,,1,0,0,1.3200381985686285
1673481600,16.6,13.496210605575204,,1,0,0,1.3278926129565836
1673568000,18.3,14.489089545017684,,1,0,0,1.399471712031113
1673654400,24.25,17.49368059051592,,1,0,0,1.7666523040288908
1673740800,22.88,19.291312531464325,,1,0,0,1.8568914251696846
1673827200,23.59,19.300681278317892,,1,0,0,1.9206848948004216
1673913600,22.86,19.300681278317892,,1,0,0,1.874921688028963
1674000000,20.78,19.300681278317892,,1,0,0,1.9852844245983228
1674086400,21.39,19.300681278317892,,1,0,0,1.9484783942698711
1674172800,25.51,19.300681278317892,,1,0,0,2.1593013661077376
1674259200,24.56,20.62479543803393,,1,0,0,2.1586369828143277
1674345600,24.22,20.62479543803393,,1,0,0,2.143734341184733
1674432000,24.34,20.62479543803393,,1,0,0,2.077753316814395
1674518400,22.77,20.62479543803393,,1,0,0,2.134342365613367
1674604800,24.53,20.62479543803393,,1,0,0,2.2118893394981263
1674691200,24.35,20.62479543803393,,1,0,0,2.158182958105403
1674777600,24.44,20.62479543803393,,1,0,0,2.1211698896693028
1674864000,24.01,20.62479543803393,,1,0,0,2.0760863261214957
1674950400,26.07,20.75715829608119,,1,0,0,2.145651588541389
1675036800,23.96,20.75715829608119,,1,0,0,2.2095336179312897
1675123200,23.93,20.75715829608119,,1,0,0,2.1217097880790545
1675209600,25,20.75715829608119,,1,0,0,2.164444803216265
1675296000,24.32,20.75715829608119,,1,1,0,2.1605558887008174
1675382400,24.69,20.75715829608119,,1,0,0,2.0962304680793302
1675468800,24.34,20.75715829608119,,1,0,0,2.001499720359378
1675555200,23.48,20.75715829608119,,1,0,0,1.9621068831908508
1675641600,22.65,20.75715829608119,,1,0,0,1.9105278201057898
1675728000,23.84,20.75715829608119,,1,0,0,1.8762044043839476
1675814400,23.23,20.75715829608119,,1,0,0,1.8421898040708082
1675900800,20.48,,25.553858233729123,1,0,0,1.9506048180657507
1675987200,20.11,,24.269472410356208,1,0,0,1.9198473310610542
1676073600,20.83,,24.103525169320587,1,0,0,1.841286807413836
1676160000,21.49,,24.103525169320587,1,0,0,1.8454806068842764
1676246400,20.8,,24.103525169320587,1,0,0,1.8458034206782565
1676332800,21.84,,24.103525169320587,1,0,0,1.836817462058381
1676419200,23.87,,24.103525169320587,1,0,0,1.8863305004827822
1676505600,22.25,,24.103525169320587,1,0,0,1.8923068933054406
1676592000,23.16,,24.103525169320587,1,0,0,1.8664278294979089
1676678400,23.46,,24.103525169320587,1,0,0,1.8052544131052013
1676764800,24.85,20.76902276639779,,1,0,0,1.8505933835976869
1676851200,26.27,21.725120489758012,,1,0,0,1.9326938561978522
1676937600,24.98,21.725120489758012,,1,0,0,1.9475014378980056
1677024000,24.17,21.725120489758012,,1,0,0,1.9526799066195764
1677110400,23.92,21.725120489758012,,1,0,0,1.892488484718178
1677196800,23.07,21.725120489758012,,1,0,0,1.8787393072383083
1677283200,22.38,21.725120489758012,,1,0,0,1.8809722138641436
1677369600,23.27,21.725120489758012,,1,0,0,1.8409027700167047
1677456000,22.66,21.725120489758012,,1,0,0,1.7872668578726543
1677542400,21.89,21.725120489758012,,1,0,0,1.7310335108817505
1677628800,22.51,21.725120489758012,,1,0,0,1.6981025458187686
1677715200,22,21.725120489758012,,1,0,0,1.6475237925459993
1677801600,21.42,,24.329860999346565,1,0,0,1.6484149502212853
1677888000,20.98,,24.064874899411908,1,0,0,1.6235281680626221
1677974400,20.96,,24.064874899411908,1,0,0,1.5697047274867206
1678060800,20.62,,23.63044866852365,1,0,0,1.5082972469519549
1678147200,20.24,,23.109903801671283,1,0,0,1.4898474435982438
1678233600,18.42,,22.19641342150415,1,0,0,1.5455726261983693
1678320000,17.35,,20.80527207935374,1,0,0,1.5830317243270573
1678406400,18.23,,20.467244871418362,1,0,0,1.6428151725894102
1678492800,18.21,,20.467244871418362,1,0,0,1.6761855174044522
1678579200,20.35,,20.467244871418362,1,0,0,1.7564579804469915
1678665600,20.47,16.45993848873601,,1,0,0,1.8174252675579208
1678752000,20.93,17.18944463986241,,1,0,0,1.8568948913037837
1678838400,19.33,17.18944463986241,,1,0,0,1.9242595419249418
1678924800,19.72,17.18944463986241,,1,0,0,1.8589552889303032
1679011200,21.65,17.18944463986241,,1,0,0,1.88688705400671
1679097600,21.27,18.181632128213728,,1,0,0,1.8842522644348019
1679184000,21.92,18.181632128213728,,1,0,0,1.8389485312608875
1679270400,22.2,18.84367202385312,,1,0,0,1.8904522075993955
1679356800,22.6,18.84367202385312,,1,0,0,1.8832770499137244
1679443200,21.46,18.84367202385312,,1,0,0,1.9009001177770295
1679529600,22.2,18.84367202385312,,1,1,0,1.882978680792956
1679616000,20.67,18.84367202385312,,1,0,0,1.8927659178791736
1679702400,20.44,18.84367202385312,,1,0,0,1.8197112094592325
1679788800,20.96,18.84367202385312,,1,0,0,1.7504461230692876
1679875200,19.9,18.84367202385312,,1,0,0,1.7439856857071958
1679961600,20.45,18.84367202385312,,1,0,0,1.709415279585253
1680048000,21.1,18.84367202385312,,1,0,0,1.668028473900592
1680134400,20.55,18.84367202385312,,1,0,0,1.6574550114791209
1680220800,21.17,18.84367202385312,,1,0,0,1.6426367963734694
1680307200,21.09,18.84367202385312,,1,0,0,1.5667341680610785
1680393600,20.53,18.84367202385312,,1,0,0,1.5312531560567157
1680480000,20.47,18.84367202385312,,1,0,0,1.4961636449098077
1680566400,20.92,18.84367202385312,,1,0,0,1.45858052741625
1680652800,20.97,18.84367202385312,,1,0,0,1.4101104897436607
1680739200,20.62,18.84367202385312,,1,0,0,1.348674026190542
1680825600,20.45,18.84367202385312,,1,0,0,1.2909115957483608
1680912000,20.04,18.84367202385312,,1,0,0,1.2608464817663347
1680998400,20.3,18.84367202385312,,1,0,0,1.210786018783025
1681084800,20.92,18.84367202385312,,1,0,0,1.1878727317270947
1681171200,23.01,19.80307548890736,,1,0,0,1.3108818223180165
1681257600,23.82,20.75126794001663,,1,0,0,1.3708188350095867
1681344000,24.47,21.758641146014966,,1,0,0,1.388617489651759
1681430400,24.74,21.84177703141347,,1,0,0,1.4158590975337761
1681516800,24.07,21.84177703141347,,1,0,0,1.3847263048527922
1681603200,25.37,21.89798939544491,,1,0,0,1.4036744259347356
1681689600,24.6,22.33369045590042,,1,0,0,1.4255548240822546
1681776000,24.83,22.33369045590042,,1,0,0,1.428015193790665
1681862400,22.68,22.33369045590042,,1,0,0,1.5395855370913318
1681948800,22.2,,25.537034657648597,1,0,0,1.5460437130133795
1682035200,21.25,,24.835831191883734,1,0,0,1.5377548763695668
1682121600,21.8,,24.548748072695364,1,0,0,1.4964866709145979
1682208000,21.47,,24.548748072695364,1,0,0,1.4831661944206982
1682294400,21.38,,24.39498593888324,1,0,0,1.4500828948192197
1682380800,21.94,,24.197487344994915,1,0,0,1.4343626880464182
1682467200,21.28,,24.197487344994915,1,0,0,1.5183367817573885
1682553600,22.32,,24.197487344994915,1,0,0,1.5105984402032893
1682640000,23.36,,24.197487344994915,1,0,0,1.498412837331626
1682726400,23.2,,24.197487344994915,1,0,0,1.4606690632365098
1682812800,22.73,,24.197487344994915,1,0,0,1.4506212730053305
1682899200,21.96,,24.197487344994915,1,0,0,1.4427197535049496
1682985600,22.26,,24.197487344994915,1,0,0,1.3853826282545962
1683072000,22.24,,24.197487344994915,1,0,0,1.3628552976649821
1683158400,21.75,,24.197487344994915,1,1,0,1.3283656335460547
1683244800,22.85,,24.197487344994915,1,0,0,1.3391966597213363
1683331200,21.94,,24.197487344994915,1,0,0,1.364968326884098
1683417600,21.68,,24.197487344994915,1,0,0,1.348899160678091
1683504000,20.66,,23.660124168563282,1,0,0,1.3846920777725131
1683590400,20.68,,23.310611751706954,1,0,0,1.328642643645905
1683676800,20.94,,23.22955057653626,1,0,0,1.3365967405283403
1683763200,20.19,,22.962595518882633,1,0,0,1.323268401919173
1683849600,20.93,,22.943835966994367,1,0,0,1.310892087496375
1683936000,20.85,,22.943835966994367,1,0,0,1.2529712241037767
1684022400,20.94,,22.943835966994367,1,0,0,1.2106161366677928
1684108800,20.98,,22.943835966994367,1,0,0,1.189857841191522
1684195200,20.67,,22.943835966994367,1,0,0,1.1548679953921275
1684281600,21.06,,22.923845050150504,1,0,0,1.1280917100069756
1684368000,20.34,,22.680460545135457,1,0,0,1.1196565878636204
1684454400,20.35,,22.35491449062191,1,0,0,1.0661096887305044
1684540800,20.27,,22.048923041559718,1,0,0,1.0078161395354683
1684627200,19.62,,21.716530737403748,1,0,0,1.008686415282935
1684713600,19.52,,21.46087766366337,1,0,0,0.9894945284770111
1684800000,20.02,,21.46087766366337,1,0,0,0.9731020621572244
1684886400,19.22,,21.25751090756733,1,0,0,1.0007376291459942
1684972800,19.26,,21.017759816810596,1,0,0,0.9871135127784231
1685059200,19.36,,21.017759816810596,1,0,0,0.9501768332942498
1685145600,20.43,,21.017759816810596,1,0,0,0.9687356309160892
1685232000,20.82,,21.017759816810596,1,0,0,0.9638259429935115
1685318400,20.59,,21.017759816810596,1,0,0,0.9471240899225465
1685404800,21.26,19.173577355771513,,1,0,0,0.9501866549280787
1685491200,20.83,19.173577355771513,,1,0,0,0.9516018938617873
1685577600,20.51,19.173577355771513,,1,0,0,0.9250589014430881
1685664000,21.26,19.173577355771513,,1,0,0,0.9361261227685816
1685750400,21.2,19.471300603121687,,1,0,0,0.8985456854279688
1685836800,21.82,19.90267054280952,,1,0,0,0.9265067078973994
1685923200,20.02,19.90267054280952,,1,0,0,1.0646133716190138
1686009600,20.39,19.90267054280952,,1,0,0,1.093569559360513
1686096000,18.63,,21.95423817429186,1,0,0,1.159028876549048
1686182400,18.88,,21.038314356862674,1,0,0,1.1376696710812588
1686268800,17.4,,20.821482921176404,1,0,0,1.218550408861169
1686355200,15.64,,18.475834629058767,1,0,0,1.4322253796567996
1686441600,15.56,,18.475834629058767,1,0,0,1.405637852538457
1686528000,15.19,,18.1560760495376,1,0,0,1.373092291642853
1686614400,15.03,,18.1560760495376,1,0,0,1.3628714136683635
1686700800,14.48,,17.576671600125458,1,0,0,1.3576663126920518
1686787200,14.75,,17.36250444011291,1,0,0,1.3256901474997627
1686873600,15.32,,17.36250444011291,1,0,0,1.3095694226783512
1686960000,15.65,,17.36250444011291,1,0,0,1.2838858924870404
1687046400,15.43,,17.36250444011291,1,0,0,1.2314654715951092
1687132800,16.11,,17.36250444011291,1,0,0,1.2013607950526013
1687219200,16.66,,17.36250444011291,1,0,0,1.1848350239774155
1687305600,17.22,,17.36250444011291,1,0,0,1.161632522264743
1687392000,16.63,,17.36250444011291,1,0,0,1.1629444849601183
1687478400,17.14,,17.36250444011291,1,0,0,1.1784484503201098
1687564800,16.65,,17.36250444011291,1,0,0,1.1771307038686736
1687651200,16.97,,17.36250444011291,1,0,0,1.1509070821637686
1687737600,16.28,,17.36250444011291,1,0,0,1.1551280048663568
1687824000,16.63,,17.36250444011291,1,0,0,1.1297617188044742
1687910400,15.98,,17.36250444011291,1,0,0,1.1169215960327261
1687996800,17.99,14.635528099892305,,1,0,0,1.2099986248875314
1688083200,18.85,15.780975289903076,,1,0,0,1.328570151681279
1688169600,18.7,15.780975289903076,,1,0,0,1.3129579979897592
1688256000,19.46,16.45023998482149,,1,0,0,1.3041752838476337
1688342400,19.27,16.673715986339342,,1,0,0,1.2681627635728023
1688428800,19.15,17.01234438770541,,1,0,0,1.239722566174745
1688515200,19,17.01234438770541,,1,0,0,1.2190280971622633
1688601600,19.6,17.16594895404138,,1,0,0,1.297668947364959
1688688000,21.51,17.618354058637244,,1,0,0,1.3828354511246046
1688774400,21.84,19.07301865277352,,1,0,0,1.3676329189014182
1688860800,21.33,19.07301865277352,,1,0,0,1.3692305675513168
1688947200,21.3,19.07301865277352,,1,0,0,1.3649998127262228
1689033600,22.07,19.07301865277352,,1,0,0,1.350356968960064
1689120000,21.93,19.573255038084707,,1,0,0,1.328902899748631
1689206400,26.03,20.624429534276235,,1,0,0,1.6189812640523003
1689292800,26.7,24.23048658084861,,1,0,0,2.0154826023342785
1689379200,27.47,24.23048658084861,,1,0,0,2.0586624164532585
1689465600,27.43,24.23048658084861,,1,0,0,2.0616151009923116
1689552000,26.81,24.23048658084861,,1,0,0,2.1179283080642892
1689638400,25.56,24.23048658084861,,1,0,0,2.1345048574882686
1689724800,26.3,24.23048658084861,,1,0,0,2.098468796239106
1689811200,25.37,24.23048658084861,,1,0,0,2.1142924536505987
1689897600,25.52,24.23048658084861,,1,0,0,2.031842992675556
1689984000,24.54,24.23048658084861,,1,0,0,2.0231399217701593
1690070400,24.77,24.23048658084861,,1,0,0,1.9572013559294337
1690156800,23.37,,27.886050195043225,1,0,0,1.9609726876487599
1690243200,23.28,,26.980945175538903,1,0,0,1.8816174956738485
1690329600,25.18,,26.980945175538903,1,0,0,1.925787674554288
1690416000,25.1,,26.980945175538903,1,1,0,1.85894569780041
1690502400,24.81,,26.980945175538903,1,0,0,1.8018781479575234
1690588800,25.17,,26.980945175538903,1,0,0,1.719601137389129
1690675200,24.25,,26.980945175538903,1,0,0,1.7167724847184769
1690761600,23.73,,26.980945175538903,1,0,0,1.6870030215242997
1690848000,24.05,,26.629815468030213,1,0,0,1.6565028057011353
1690934400,23.14,,26.629815468030213,1,0,0,1.6388954624367684
1691020800,22.62,,25.961650529104467,1,0,0,1.5846886436912848
1691107200,22.77,,25.954485476194023,1,0,0,1.546496597713336
1691193600,22.65,,25.336536928574624,1,0,0,1.4860325550195264
1691280000,23.17,,25.336536928574624,1,0,0,1.4427445153752747
1691366400,23.11,,25.336536928574624,1,0,0,1.4346913357056121
1691452800,24.21,,25.336536928574624,1,0,0,1.4593562402980687
1691539200,24.37,,25.336536928574624,1,0,0,1.4208307945624925
1691625600,24.6,,25.336536928574624,1,0,0,1.3843428806651716
1691712000,24.61,,25.336536928574624,1,0,0,1.3276041034748023
1691798400,24.91,,25.336536928574624,1,0,0,1.2906323817980307
1691884800,24.21,,25.336536928574624,1,0,0,1.2534443545267426
1691971200,25.18,,25.336536928574624,1,0,0,1.2524840434891182
1692057600,23.87,,25.336536928574624,1,0,0,1.2830208975256099
1692144000,22.79,,25.336536928574624,1,0,0,1.3085194048452091
1692230400,21.68,,24.780893682262146,1,0,0,1.4229108759276943
1692316800,21.33,,24.35330431403593,1,0,0,1.4141315276471447
1692403200,21.89,,24.35330431403593,1,0,0,1.3759792756723488
1692489600,21.78,,24.32107649436911,1,0,0,1.3105521845528953
1692576000,21.2,,23.6079688449322,1,0,0,1.3219413142276886
1692662400,20.58,,22.982671960438978,1,0,0,1.368945506068568
1692748800,21.73,,22.982671960438978,1,0,0,1.3761636842065275
1692835200,21.03,,22.982671960438978,1,0,0,1.3750091353346325
1692921600,20.42,,22.982671960438978,1,0,0,1.3460799113821589
1693008000,20.27,,22.734469073244014,1,0,0,1.2685027748548616
1693094400,20.79,,22.734469073244014,1,0,0,1.2264668623652286
1693180800,20.55,,22.65131994932765,1,0,0,1.193147800767712
1693267200,21.79,,22.65131994932765,1,0,0,1.2443515292843041
1693353600,20.82,,22.65131994932765,1,0,0,1.2547549914782823
1693440000,19.72,,22.65131994932765,1,0,0,1.282986777801262
1693526400,19.33,,21.93146851875387,1,0,0,1.256344865101172
1693612800,19.49,,21.732821666878483,1,0,0,1.206605946165374
1693699200,19.57,,21.628539500190637,1,0,0,1.1518483785821332
1693785600,19.52,,21.628539500190637,1,0,0,1.1317163515405524
1693872000,20.26,,21.628539500190637,1,0,0,1.1630223264305128
1693958400,19.64,,21.628539500190637,1,0,0,1.1678064459711908
1694044800,19.91,,21.628539500190637,1,0,0,1.13296312840182
1694131200,19.61,,21.628539500190637,1,0,0,1.1170371906588328
1694217600,19.44,,21.457819870520815,1,0,0,1.0543916770403448
1694304000,18.23,,20.719037883468733,1,0,0,1.0962208429660345
1694390400,17.72,,20.013134095121856,1,0,0,1.0979193541827463
1694476800,17.92,,20.013134095121856,1,0,0,1.1080679717411217
1694563200,18.4,,20.013134095121856,1,0,0,1.0917774023310416
1694649600,18.86,,20.013134095121856,1,0,0,1.08022187359311
1694736000,19.14,,20.013134095121856,1,0,0,1.0694917397650305
1694822400,19.13,,20.013134095121856,1,0,0,1.0345280440675284
1694908800,18.81,,20.013134095121856,1,0,0,0.9956331837769908
1694995200,19.66,,20.013134095121856,1,0,0,1.0359450992214914
1695081600,20.04,18.02760407451702,,1,0,0,1.0205204492770992
1695168000,20.3,18.25084366706532,,1,0,0,0.9969118457573065
1695254400,19.44,18.25084366706532,,1,0,0,0.9992752853460704
1695340800,19.41,18.25084366706532,,1,0,0,0.9728984792499223
1695427200,19.48,18.25084366706532,,1,0,0,0.924834302160642
1695513600,19.35,18.25084366706532,,1,0,0,0.8916318520063105
1695600000,19.39,18.25084366706532,,1,0,0,0.8743724340058596
1695686400,19.01,18.25084366706532,,1,0,0,0.8612029744340125
1695772800,19.12,18.25084366706532,,1,0,0,0.8518313334030116
1695859200,19.98,18.25084366706532,,1,0,0,0.8602719524456539
1695945600,20.29,18.600382627701997,,1,0,0,0.8445382415566787
1696032000,21.37,19.174344364931795,,1,0,0,0.9070712243026303
1696118400,23.87,20.548909928438615,,1,0,0,1.082280422566728
1696204800,23.39,21.435018935594755,,1,0,0,1.140688963811962
1696291200,23.62,21.50851704203528,,1,0,0,1.1692111806825363
1696377600,23.14,21.50851704203528,,1,0,0,1.1764103820623555
1696464000,22.7,21.50851704203528,,1,0,0,1.1938096404864729
1696550400,23.45,21.50851704203528,,1,0,0,1.1885375233088677
1696636800,23.31,21.50851704203528,,1,0,0,1.1822134145010914
1696723200,23.24,21.50851704203528,,1,0,0,1.1370553134652992
1696809600,22.1,21.50851704203528,,1,0,0,1.1822656482177778
1696896000,22.11,21.50851704203528,,1,0,0,1.1528181019165078
1696982400,22.01,21.50851704203528,,1,0,0,1.1283310946367575
1697068800,21.27,,23.76327991595986,1,0,0,1.127021730734132
1697155200,21.86,,23.76327991595986,1,0,0,1.1258058928245511
1697241600,22,,23.76327991595986,1,0,0,1.077534043337083
1697328000,21.94,,23.76327991595986,1,0,0,1.036995897384434
1697414400,23.97,20.942682547138737,,1,0,0,1.1686390475712602
1697500800,23.95,21.635414292424862,,1,0,0,1.164450544173313
1697587200,23.42,21.635414292424862,,1,0,0,1.158418362446648
1697673600,24.94,21.80613557686414,,1,0,0,1.265674193700459
1697760000,27.05,23.149522019177724,,1,0,0,1.3652688941504263
1697846400,29.32,25.13256981725995,,1,0,0,1.5298925445682527
1697932800,29.05,25.659812835533955,,1,0,0,1.5577573628133776
1698019200,31.91,26.86283155198056,,1,0,0,1.7279175511838505
1698105600,30.18,26.96254839678251,,1,0,0,1.8244948689564329
1698192000,32.43,27.491293557104253,,1,0,0,1.9727452354595447
1698278400,32.78,27.491293557104253,,1,0,0,2.014692004355292
1698364800,31.74,27.824647781254445,,1,0,0,2.0200711469013424
1698451200,31.65,27.824647781254445,,1,0,0,1.955780350694104
1698537600,32.84,28.0162147028161,,1,0,0,1.9482246113588106
1698624000,34.95,29.529093232534493,,1,0,0,2.0154942819760384
1698710400,38.43,32.003683909281044,,1,0,0,2.143673261834893
1698796800,41.18,36.42681551835294,,1,0,0,2.6355537431324008
1698883200,40.25,36.42681551835294,,1,0,0,2.873014190051515
1698969600,39.45,36.42681551835294,,1,0,0,2.8277988907621205
1699056000,42.44,36.42681551835294,,1,0,0,2.8972418271362548
1699142400,41.2,36.42681551835294,,1,0,0,2.8760102680550936
1699228800,42.16,36.42681551835294,,1,0,0,2.8534381060511587
1699315200,42.95,36.42681551835294,,1,0,0,2.9810496699046474
1699401600,43.13,36.8470848578001,,1,0,0,2.8838318363400295
1699488000,45.3,38.83337637202009,,1,0,0,3.13570099088717
1699574400,56.72,42.675538734818076,,1,0,0,3.816008062966658
1699660800,56.35,48.852984861336274,,1,0,0,4.284864629897611
1699747200,56.28,48.852984861336274,,1,0,0,4.512374299190639
1699833600,51.6,48.852984861336274,,1,0,0,4.785776134962736
1699920000,56.84,48.852984861336274,,1,0,0,4.925363553893969
1700006400,65.48,49.27791836752273,,1,0,0,5.3571233000444
1700092800,57.8,49.27791836752273,,1,0,0,5.816614492898372
1700179200,58.55,49.27791836752273,,1,0,0,5.861142029119917
1700265600,58.59,49.27791836752273,,1,0,0,5.773203312754208
1700352000,61.15,49.27791836752273,,1,0,0,5.76226021898605
1700438400,56.61,49.27791836752273,,1,0,0,5.729955917629904
1700524800,51.65,49.27791836752273,,1,0,0,5.757816209227768
1700611200,57.58,49.27791836752273,,1,0,0,5.881543622854356
1700697600,56.52,49.27791836752273,,1,0,0,5.707147649793332
1700784000,56.89,49.27791836752273,,1,0,0,5.483779960522379
1700870400,58.83,49.27791836752273,,1,0,0,5.363509963342209
1700956800,57.59,49.27791836752273,,1,0,0,5.188259251674908
1701043200,55.07,49.27791836752273,,1,0,0,5.1462407336981295
1701129600,58.22,49.27791836752273,,1,0,0,5.117223538433977
1701216000,59.3,49.597704589685335,,1,0,0,5.046707571402978
1701302400,59.29,50.51843413071679,,1,0,0,4.898371316302765
1701388800,59.77,50.85609071764511,,1,0,0,4.784201936566854
1701475200,63.7,52.4924816458806,,1,0,0,4.746044655383507
1701561600,63.01,54.838733481292536,,1,0,0,4.6448986085704
1701648000,61.59,54.838733481292536,,1,0,0,4.703120136529657
1701734400,61.03,54.838733481292536,,1,0,0,4.612897269634681
1701820800,61.85,54.838733481292536,,1,0,0,4.683404607517917
1701907200,67.77,55.665835537076035,,1,0,0,4.908161421266638
1701993600,74.95,61.159751983368444,,1,0,0,5.096149891176164
1702080000,72.24,64.07177678503157,,1,0,0,5.175710613235009
1702166400,74.87,64.07177678503157,,1,0,0,5.109588426575366
1702252800,70.22,64.07177678503157,,1,0,0,5.385332110391411
1702339200,68.54,64.07177678503157,,1,0,0,5.514236959649168
1702425600,70.62,64.07177678503157,,1,0,0,5.7553628911027985
1702512000,75.68,64.07177678503157,,1,0,0,5.912836970309742
1702598400,72.52,64.07177678503157,,1,0,0,6.020491472430476
1702684800,73.67,64.07177678503157,,1,0,0,6.0240277958283
1702771200,70.79,64.07177678503157,,1,0,0,5.9144543818405655
1702857600,74.42,64.07177678503157,,1,0,0,6.094850497423382
1702944000,73.01,64.07177678503157,,1,0,0,5.985932604750283
1703030400,82.26,65.14453290886533,,1,0,0,6.359080275839547
1703116800,93.89,73.4975796179788,,1,0,0,6.971288827565295
1703203200,97.98,79.65932165618091,,1,0,0,7.166911054167774
1703289600,107.94,84.09488949056282,,1,0,0,7.87713169315579
1703376000,112.57,94.93690054150656,,1,0,0,8.074479429358949
1703462400,120.95,97.4222104873559,,1,0,0,8.78130232726188
1703548800,112.5,97.4222104873559,,1,0,0,9.541209303886031
1703635200,106.95,97.4222104873559,,1,0,0,9.614694353608456
1703721600,101.81,97.4222104873559,,1,0,0,9.864359042636424
1703808000,106.18,97.4222104873559,,1,0,0,9.919047682448108
1703894400,101.92,97.4222104873559,,1,0,0,9.694115705130384
1703980800,101.69,97.4222104873559,,1,0,0,9.421678869049641
1704067200,110.11,97.4222104873559,,1,0,0,9.38941609268895
1704153600,106.74,97.4222104873559,,1,0,0,9.504457800354023
1704240000,98.59,97.4222104873559,,1,0,0,10.573425100328736
1704326400,105.01,97.4222104873559,,1,0,0,10.638894736019541
1704412800,100.02,97.4222104873559,,1,0,0,10.60825939773243
1704499200,93.84,,118.17029964113439,1,0,0,10.477669440751542
1704585600,89.48,,114.10026967702095,1,0,0,10.388550194983575
1704672000,98,,114.10026967702095,1,0,0,10.684368038199034
1704758400,99.42,,114.10026967702095,1,0,0,10.548341749756247
1704844800,102.01,,114.10026967702095,1,0,0,10.760603053345088
1704931200,99.91,,114.10026967702095,1,0,0,10.688417120963296
1705017600,92.1,,114.10026967702095,1,0,0,10.90353018375163
1705104000,95.87,,114.10026967702095,1,0,0,10.6968494563408
1705190400,93.77,,114.10026967702095,1,0,0,10.777788780887887
1705276800,94.32,,114.10026967702095,1,0,0,10.286518153681609
1705363200,97.67,,114.10026967702095,1,0,0,9.880338285561493
1705449600,102.04,,114.10026967702095,1,0,0,9.636742693735671
1705536000,94.31,,114.10026967702095,1,0,0,9.814118215611696
1705622400,93.6,,110.3943134166278,1,0,0,9.709538343068004
1705708800,92.82,,110.24738207496502,1,0,0,9.301714175706005
1705795200,91.02,,109.22564386746852,1,0,0,8.861591734584147
1705881600,83.75,,104.09407948072166,1,0,0,8.935763753542423
1705968000,84.3,,99.04167153264949,1,0,0,8.850352056860821
1706054400,88.74,,99.04167153264949,1,0,0,8.657469767085049
1706140800,86.86,,99.04167153264949,1,0,0,8.364793355150402
1706227200,92.3,,99.04167153264949,1,0,0,8.331593829782516
1706313600,94.27,,99.04167153264949,1,0,0,8.014337127655192
1706400000,95.98,,99.04167153264949,1,0,0,7.871170189965535
1706486400,101.69,83.89620554901722,,1,0,0,7.803229462110854
1706572800,101.4,89.44558499411549,,1,0,0,7.637998786245794
1706659200,96.91,89.44558499411549,,1,0,0,7.579570301513953
1706745600,97.78,89.44558499411549,,1,0,0,7.440315279977241
1706832000,100.55,89.44558499411549,,1,0,0,7.275292759978867
1706918400,97.85,89.44558499411549,,1,0,0,7.085628991408948
1707004800,95.44,89.44558499411549,,1,0,0,6.830226920594022
1707091200,95.5,89.44558499411549,,1,0,0,6.663782140551591
1707177600,96.86,89.44558499411549,,1,0,0,6.534940559083621
1707264000,101.13,89.44558499411549,,1,0,0,6.566016233434792
1707350400,102.79,91.02341745572629,,1,0,0,6.433443645332306
1707436800,106.97,93.99657571015365,,1,0,0,6.415340527808569
1707523200,109,97.42291813913829,,1,0,0,6.249244775822242
1707609600,107.5,97.99512632522448,,1,0,0,6.049298720406368
1707696000,111.7,97.99512632522448,,1,0,0,6.248634526091626
1707782400,112.55,99.80430232343183,,1,0,0,6.293732059942224
1707868800,117.14,102.34187209108865,,1,0,0,6.419179769946351
1707955200,113.62,102.55518488197977,,1,0,0,6.45209550066447
1708041600,110.41,102.55518488197977,,1,0,0,6.441945822045578
1708128000,108.95,102.55518488197977,,1,0,0,6.372521120470894
1708214400,112.25,102.55518488197977,,1,0,0,6.3844838975801155
1708300800,111.57,102.55518488197977,,1,0,0,6.2177350477529645
1708387200,108.32,102.55518488197977,,1,0,0,6.355039687199182
1708473600,105.05,102.55518488197977,,1,0,0,6.491822566684954
1708560000,101.69,,116.9590717700222,1,0,0,6.431692383350315
1708646400,99.91,,113.15666459301998,1,0,0,6.286571498825292
1708732800,104.01,,113.15666459301998,1,0,0,6.289673534623486
1708819200,103.47,,113.15666459301998,1,0,0,6.011839710721809
1708905600,110,,113.15666459301998,1,0,0,6.335994017098821
1708992000,108.41,,113.15666459301998,1,0,0,6.384137301591763
1709078400,119,99.41740482446762,,1,0,0,6.762413208620923
1709164800,125.73,110.17366434202087,,1,0,0,7.525097979433714
1709251200,129.53,115.05729790781876,,1,0,0,7.856162409474163
1709337600,130.22,115.05729790781876,,1,0,0,7.612865094511725
1709424000,130.22,115.05729790781876,,1,0,0,7.601231873475173
1709510400,133.49,115.5128301747999,,1,0,0,7.591858168226946
1709596800,125.55,115.5128301747999,,1,0,0,9.40672544192502
1709683200,130.88,115.5128301747999,,1,0,0,9.796959338930376
1709769600,144.06,116.95664819742912,,1,0,0,10.480033671863922
1709856000,145.12,124.33598337768623,,1,0,0,10.51074555244507
1709942400,144.58,124.7588850399176,,1,0,0,10.152120870127565
1710028800,144.56,124.7588850399176,,1,0,0,10.006969379404167
1710115200,148.9,124.7588850399176,,1,0,0,10.233614423732442
1710201600,151.06,125.98828219409994,,1,0,0,10.451213393465839
1710288000,163.95,134.1114539746899,,1,0,0,11.006126722503993
1710374400,176.69,143.5443085772209,,1,0,0,11.587831956610852
1710460800,183.91,149.16237771949886,,1,0,0,12.495843959710076
1710547200,181.99,158.24413994754897,,1,0,0,13.113997962587929
1710633600,201.69,160.08422595279407,,1,0,0,14.003712393831648
1710720000,195.96,170.36430335751464,,1,0,0,14.167732937129388
1710806400,169.76,,216.94812697823681,1,0,0,15.536466298763003
1710892800,191.91,,215.47581428041315,1,0,0,16.635290134565647
1710979200,179.4,,215.47581428041315,1,0,0,16.896340839239528
1711065600,175.24,,211.71590956713464,1,0,0,16.710173636436704
1711152000,172.7,,210.37281861042118,1,0,0,16.207304090976937
1711238400,183.88,,210.37281861042118,1,0,0,16.1553537987643
1711324800,188.99,,210.37281861042118,1,0,0,15.975685670281134
1711411200,190.48,,210.37281861042118,1,0,0,15.79670812240391
1711497600,186.24,,210.37281861042118,1,0,0,15.567657542232201
1711584000,189.68,,210.37281861042118,1,0,0,15.189967717787043
1711670400,192.15,,210.37281861042118,1,0,0,14.808541452230827
1711756800,194.26,,210.37281861042118,1,0,0,14.402931348500053
1711843200,202.38,,210.37281861042118,1,0,0,14.044864823607194
1711929600,192.35,,210.37281861042118,1,0,0,14.280231621920965
1712016000,181.54,,210.37281861042118,1,0,0,14.438786506069468
1712102400,185.11,,210.37281861042118,1,0,0,14.47601604135022
1712188800,184.15,,210.37281861042118,1,0,0,14.152729181253775
1712275200,174.46,,205.45790852435366,1,0,0,14.372534239735648
1712361600,178.73,,203.90261767191828,1,0,0,13.80449607975453
1712448000,179.53,,203.90261767191828,1,0,0,13.239174931200635
1712534400,180.66,,203.90261767191828,1,0,0,12.962091007543446
1712620800,172.31,,199.7958482828284,1,0,0,12.89408450700463
1712707200,173.34,,193.95576345454558,1,0,0,12.919507042218585
1712793600,172.35,,193.95576345454558,1,0,0,12.446685110631545
1712880000,153.24,,187.52621839818192,1,0,0,13.914064745586435
1712966400,138.48,,170.28509655836373,1,0,0,15.285202978044548
1713052800,151.44,,170.28509655836373,1,0,0,15.832688479612795
1713139200,138.56,,170.28509655836373,1,0,0,16.313925016783312
1713225600,136.26,,167.43522039104715,1,0,0,16.161501801298787
1713312000,131.84,,167.43522039104715,1,0,0,16.156394529777447
1713398400,142.14,,167.43522039104715,1,0,0,16.162366349079058
1713484800,142.56,,167.43522039104715,1,0,0,16.376483038430553
1713571200,151.33,,167.43522039104715,1,0,0,16.119591392828372
1713657600,148.82,,167.43522039104715,1,0,0,15.453192007626345
1713744000,157.02,,167.43522039104715,1,0,0,15.192249721367322
1713830400,154.69,,167.43522039104715,1,0,0,14.596374741269656
1713916800,147.71,,167.43522039104715,1,0,0,14.591633688321823
1714003200,144.83,,167.43522039104715,1,0,0,14.081516996298836
1714089600,139.22,,167.43522039104715,1,0,0,13.60283721084892
1714176000,141.22,,163.51720115138485,1,0,0,13.343348838645426
1714262400,137.98,,163.51720115138485,1,0,0,12.931681064456466
1714348800,137.73,,159.2864829326217,1,0,0,12.402989559852433
1714435200,126.66,,154.95433463935956,1,0,0,12.855633162720116
1714521600,134.46,,152.8319011754236,1,0,0,13.164516508240109
1714608000,137.57,,152.8319011754236,1,0,0,13.14133675765153
1714694400,143.73,,152.8319011754236,1,0,0,13.126241274962135
1714780800,146.06,,152.8319011754236,1,0,0,12.678652612464841
1714867200,145.74,,152.8319011754236,1,0,0,12.130177425860209
1714953600,152.83,,152.8319011754236,1,0,0,12.09159332401305
1715040000,148.05,,152.8319011754236,1,0,0,12.026479515154977
1715126400,142.13,,152.8319011754236,1,0,0,11.878159549786762
1715212800,152.54,,152.8319011754236,1,0,0,11.946862439087708
1715299200,146.01,,152.8319011754236,1,0,0,11.902800836295729
1715385600,145.37,,152.8319011754236,1,0,0,11.381886490846032
1715472000,143.35,,152.8319011754236,1,0,0,10.934608884357031
1715558400,147.49,,152.8319011754236,1,0,0,11.080708249760102
1715644800,141.96,,152.8319011754236,1,0,0,10.985657660491524
1715731200,158.6,127.7775691825039,,1,0,0,11.460967827599275
1715817600,159.37,139.0788122642535,,1,0,0,11.217327268485041
1715904000,169.48,143.68043103782813,,1,0,0,11.326089606450395
1715990400,172.46,151.0603879340453,,1,0,0,11.037797491703941
1716076800,169.92,151.0603879340453,,1,0,0,10.927954813725089
1716163200,186.74,154.9624642265767,,1,0,0,11.62667232703044
1716249600,178.12,157.86871780391903,,1,0,0,11.841910017956836
1716336000,176.84,157.86871780391903,,1,0,0,11.600345016674206
1716422400,176.11,157.86871780391903,,1,0,0,11.868177515483191
1716508800,167.68,157.86871780391903,,1,0,0,11.996164835805823
1716595200,168.33,157.86871780391903,,1,0,0,11.46786734753398
1716681600,163.24,157.86871780391903,,1,0,0,11.222305394138695
1716768000,170.02,157.86871780391903,,1,0,0,11.059997865985933
1716854400,168.5,157.86871780391903,,1,0,0,10.862140875558367
1716940800,168.13,157.86871780391903,,1,0,0,10.571273670161343
1717027200,166.83,157.86871780391903,,1,0,0,10.463325550864104
1717113600,165.51,157.86871780391903,,1,0,0,10.225230868659525
1717200000,165.99,157.86871780391903,,1,0,0,9.660571520898129
1717286400,163.02,157.86871780391903,,1,0,0,9.377673555119689
1717372800,164.88,157.86871780391903,,1,0,0,9.110696872611138
1717459200,171.81,157.86871780391903,,1,0,0,9.00136138171034
1717545600,173.58,157.86871780391903,,1,0,0,8.684121283016745
1717632000,170.1,157.86871780391903,,1,0,0,8.564541191372692
1717718400,162.47,157.86871780391903,,1,0,0,9.307788249131786
1717804800,157.79,,177.90394123088072,1,0,0,9.101517659908087
1717891200,162.12,,176.70754710779266,1,0,0,8.914980684200367
1717977600,158.98,,176.70754710779266,1,0,0,8.685339206757485
1718064000,149.32,,170.01156315731205,1,0,0,9.116386406274808
1718150400,155.18,,170.01156315731205,1,0,0,9.635930234398034
1718236800,147.23,,169.70546615742276,1,0,0,9.605506646226745
1718323200,142.98,,163.34341954168048,1,0,0,9.589399028639122
1718409600,145.45,,162.01207758751244,1,0,0,9.107299098022041
1718496000,151.22,,162.01207758751244,1,0,0,9.048920591020467
1718582400,143.25,,162.01207758751244,1,0,0,9.256854834519004
1718668800,137.37,,155.46904456129656,1,0,0,9.721365203481932
1718755200,135.59,,155.46904456129656,1,0,0,9.560553403233223
1718841600,133.49,,155.46904456129656,1,0,0,9.55408530300228
1718928000,134.54,,150.5161534851852,1,0,0,9.352364924216403
1719014400,133.65,,150.5161534851852,1,0,0,8.950767429629517
1719100800,128.59,,148.624734323,1,0,0,8.814998327513123
1719187200,132.26,,144.8427608907,1,0,0,8.92749844697647
1719273600,136.53,,144.8427608907,1,0,0,8.91481998647815
1719360000,136.72,,144.8427608907,1,0,0,8.678761416015426
1719446400,149.48,124.72570231067971,,1,0,0,9.208135600585752
1719532800,139.75,125.74863207961174,,1,0,0,9.400411629115341
1719619200,140,125.74863207961174,,1,0,0,8.980382227035674
1719705600,146.37,125.74863207961174,,1,0,0,9.092497782247412
1719792000,146.52,130.43908278603692,,1,0,0,8.688747940658313
1719878400,153.81,133.37017450743323,,1,0,0,8.69812308775415
1719964800,140.69,133.37017450743323,,1,0,0,9.173257152914568
1720051200,127.83,,154.5180586489791,1,0,0,9.623024499134956
1720137600,134.31,,149.49675278408117,1,0,0,10.038522749196744
1720224000,143.07,,149.49675278408117,1,0,0,10.175056838539833
1720310400,131.61,,149.49675278408117,1,0,0,10.319695635786989
1720396800,139.77,,149.49675278408117,1,0,0,10.595431661802206
1720483200,141.44,,149.49675278408117,1,0,0,10.39861511453062
1720569600,141.99,,149.49675278408117,1,0,0,10.207999749207003
1720656000,135.7,,149.49675278408117,1,0,0,10.215999767120788
1720742400,139.55,,149.49675278408117,1,0,0,9.966285498040731
1720828800,141.93,,149.49675278408117,1,0,0,9.657979391037822
1720915200,147.69,,149.49675278408117,1,0,0,9.445266577392264
1721001600,159.55,134.21649263579425,,1,0,0,9.703461821864247
1721088000,160.69,138.16784337221483,,1,0,0,9.7253574060168
1721174400,155.51,139.79955903499337,,1,0,0,9.6978318770156
1721260800,159.21,139.79955903499337,,1,0,0,9.465843885800199
1721347200,169.21,144.2319428183446,,1,0,0,9.961855036814471
1721433600,173.68,151.46924853651015,,1,0,0,9.802436819899151
1721520000,184.51,157.06682368285914,,1,0,0,10.146548475620639
1721606400,178.98,160.66114131457323,,1,0,0,10.010366441647736
1721692800,173.03,160.66114131457323,,1,0,0,10.04319741010147
1721779200,178,160.66114131457323,,1,0,0,10.15154045223708
1721865600,171.82,160.66114131457323,,1,0,0,10.458573277077289
1721952000,183.06,160.66114131457323,,1,0,0,10.56938947157177
1722038400,183.56,161.63984963484234,,1,0,0,10.54657593788807
1722124800,184.9,163.3033646713581,,1,0,0,10.198963370896063
1722211200,182.52,166.7920282042223,,1,0,0,10.35046598726063
1722297600,179.11,166.7920282042223,,1,0,0,10.280432702456299
1722384000,171.62,166.7920282042223,,1,0,0,10.46754465228085
1722470400,167.22,166.7920282042223,,1,0,0,10.809862891403649
1722556800,152.57,,183.41214929520976,1,0,0,11.434872684874817
1722643200,142.45,,171.05993436568875,1,0,0,11.624524635955186
1722729600,138.25,,163.38244092911992,1,0,0,11.857058590529816
1722816000,129.81,,152.8381968362079,1,0,0,13.100840119777686
1722902400,144.46,,152.8381968362079,1,0,0,13.610780111222137
1722988800,144.77,,152.8381968362079,1,0,0,13.548581531849127
1723075200,163.18,121.97878950640444,,1,0,0,14.171539993859904
1723161600,156.32,127.099410555764,,1,0,0,14.072858565727056
1723248000,154.05,127.34996950018758,,1,0,0,13.516940096746554
1723334400,141.57,127.34996950018758,,1,0,0,13.751444375550372
1723420800,146.31,127.34996950018758,,1,0,0,13.482055491582488
1723507200,146.7,127.34996950018758,,1,0,0,13.025480099326597
1723593600,143.73,127.34996950018758,,1,0,0,12.800088663660413
1723680000,142.57,127.34996950018758,,1,0,0,12.586510901970383
1723766400,139.08,127.34996950018758,,1,0,0,12.321760123258214
1723852800,141.96,127.34996950018758,,1,0,0,11.751634400168342
1723939200,142.45,127.34996950018758,,1,0,0,11.383660514442031
1724025600,144.31,127.34996950018758,,1,0,0,10.989827620553315
1724112000,142.28,127.34996950018758,,1,0,0,10.768411361942366
1724198400,142.82,127.34996950018758,,1,0,0,10.399239121803626
1724284800,143.25,127.34996950018758,,1,0,0,9.960722041674797
1724371200,153.39,129.60669920864706,,1,0,0,10.064241895840883
1724457600,160.72,138.16552928778236,,1,0,0,10.083224617566534
1724544000,158.99,140.16547635900412,,1,0,0,9.844422859168924
1724630400,157.12,140.9139287231037,,1,0,0,9.596249797799715
1724716800,146.81,140.9139287231037,,1,0,0,9.96294624081402
1724803200,143.94,140.9139287231037,,1,0,0,9.847021509327302
1724889600,140.04,,161.5333409608574,1,0,0,9.806519972946779
1724976000,137.96,,155.29300686477166,1,0,0,9.753911403450578
1725062400,135.32,,154.6562061782945,1,0,0,9.395060588918394
1725148800,128.5,,149.66308556046502,1,0,0,9.321127689709938
1725235200,134.97,,148.8317770044185,1,0,0,9.258189997587797
1725321600,127.5,,148.8317770044185,1,0,0,9.346890712045811
1725408000,133.61,,147.34553937357902,1,0,0,9.586398518328252
1725494400,129.36,,147.34553937357902,1,0,0,9.445941481304803
1725580800,125.01,,146.78298689259898,1,0,0,9.766945661211603
1725667200,127.71,,145.24568820333909,1,0,0,9.454306685410774
1725753600,130.13,,145.24568820333909,1,0,0,9.141141922167147
1725840000,135.09,,145.24568820333909,1,0,0,9.209631784869496
1725926400,135.61,,145.24568820333909,1,0,0,8.940372371664532
1726012800,132.42,,145.24568820333909,1,0,0,8.856774345117065
1726099200,136.05,,145.24568820333909,1,0,0,8.537004749037276
1726185600,139.13,,145.24568820333909,1,0,0,8.516504409820328
1726272000,137.15,,145.24568820333909,1,0,0,8.210325523404592
1726358400,131.4,,145.24568820333909,1,0,0,8.164587986018551
1726444800,131.46,,145.1831110030642,1,0,0,7.833545987017226
1726531200,131.56,,145.1831110030642,1,0,0,7.647578416515997
1726617600,134.35,,145.002669912482,1,0,0,7.629179958193426
1726704000,142.89,,145.002669912482,1,0,1,7.77923853260818
1726790400,146.66,131.2941873708896,,1,0,0,8.023578637421881
1726876800,149.45,132.20976863380065,,1,0,0,7.82760873474889
1726963200,144.64,132.20976863380065,,1,0,0,7.904208110838256
1727049600,144.78,132.20976863380065,,1,0,0,7.837478960064095
1727136000,152.74,132.71585133404068,,1,0,0,8.051944748630943
1727222400,147.93,135.03026620063662,,1,0,0,7.956091552300161
1727308800,155.57,135.95573958057295,,1,0,0,8.209942155707292
1727395200,157.66,141.52066562251565,,1,0,0,8.149232001728201
1727481600,156.77,141.8025990602641,,1,0,0,7.882858287319043
1727568000,158.49,143.1693391542377,,1,0,0,7.804082695367683
1727654400,152.5,143.1693391542377,,1,0,0,7.8266482171271345
1727740800,145.1,143.1693391542377,,1,0,0,8.346173344475195
1727827200,140.16,,161.02988175656074,1,0,0,8.498589534155538
1727913600,136.8,,155.52489358090466,1,0,0,8.596547424573
1728000000,143.22,,155.52489358090466,1,0,0,8.607508322817786
1728086400,142.59,,155.52489358090466,1,0,0,8.271972014045087
1728172800,146.48,,155.52489358090466,1,0,0,8.021116870184724
1728259200,143.94,,155.52489358090466,1,0,0,8.081037093742959
1728345600,143.4,,155.52489358090466,1,0,0,7.820248729904174
1728432000,139.21,,155.52489358090466,1,0,0,7.743088106339591
1728518400,138.95,,152.7374020110766,1,0,0,7.57501038445819
1728604800,145.46,,152.7374020110766,1,0,0,7.599652499854033
1728691200,146.35,,152.7374020110766,1,0,0,7.25467732129303
1728777600,147.69,,152.7374020110766,1,0,0,7.050771798343527
1728864000,157.52,138.08240004053266,,1,0,0,7.352145241318991
1728950400,154.72,140.22666003647942,,1,0,0,7.481992009796206
1729036800,154.24,141.28549403283145,,1,0,0,7.343992580525047
1729123200,150.44,141.28549403283145,,1,0,0,7.395135967630401
1729209600,154.92,141.28549403283145,,1,0,0,7.3769119699425145
1729296000,159.71,142.40787014993413,,1,0,0,7.289275400660906
1729382400,167.37,147.83558313494072,,1,0,0,7.505755729185126
1729468800,166.13,150.98902482144666,,1,0,0,7.706058891386189
1729555200,167.48,151.43062233930195,,1,0,0,7.7291975420014625
1729641600,170.65,153.04706010537177,,1,0,0,7.888540574715644
1729728000,177.07,158.5493540948346,,1,0,0,7.957216247950241
1729814400,164.6,158.5493540948346,,1,0,0,8.70670080166808
1729900800,170.66,158.5493540948346,,1,0,0,8.856222172977503
1729987200,176.44,158.5493540948346,,1,0,0,8.794349160621968
1730073600,178.2,158.5493540948346,,1,0,0,8.689752792006113
1730160000,179.39,162.22172854945887,,1,0,0,8.572627592577104
1730246400,174.85,162.22172854945887,,1,0,0,8.538154193107308
1730332800,168.43,162.22172854945887,,1,0,0,8.581857465028216
1730419200,166.02,162.22172854945887,,1,0,0,8.707439074669058
1730505600,166.12,162.22172854945887,,1,0,0,8.552621997906984
1730592000,162.46,162.22172854945887,,1,0,0,8.566720426627914
1730678400,157.86,,177.573655952947,1,0,0,8.662668967583063
1730764800,166.64,,177.573655952947,1,0,0,8.951049755612843
1730851200,186.76,156.96598867811292,,1,0,0,10.00097477306907
1730937600,196.44,170.4558898103016,,1,0,0,10.143048003564136
1731024000,199.99,179.21880082927146,,1,0,1,10.090687431880983
1731110400,200,179.21880082927146,,1,0,0,9.972781186746628
1731196800,210.22,185.07907867170988,,1,0,0,10.463296816264727
1731283200,222.42,190.61517080453888,,1,0,0,11.193061329388675
1731369600,211.87,190.61517080453888,,1,0,0,11.848556948718056
1731456000,215.46,190.61517080453888,,1,0,0,12.419374309523908
1731542400,209.58,190.61517080453888,,1,0,0,12.680847573129343
1731628800,218.53,190.61517080453888,,1,0,0,12.91007274647725
1731715200,215.81,190.7359854083722,,1,0,0,12.598638978871731
1731801600,237.53,196.89888686753497,,1,0,0,13.825879051809466
1731888000,239.94,211.19599818078146,,1,0,0,13.873316262394505
1731974400,237.99,211.19599818078146,,1,0,0,13.883079386509182
1732060800,235.68,211.19599818078146,,1,0,0,13.752859430329954
1732147200,256.65,212.6129876737897,,1,0,0,14.904083756734954
1732233600,257.23,226.50618890641073,,1,0,0,14.7595063455396
1732320000,255.12,227.88757001576963,,1,0,0,14.513113035143915
1732406400,253.03,227.88757001576963,,1,0,0,14.81931924691935
1732492800,234.18,227.88757001576963,,1,0,0,15.593653586425111
1732579200,230.6,227.88757001576963,,1,0,0,15.789821187394747
1732665600,242.24,227.88757001576963,,1,0,0,15.809119674009407
1732752000,237.65,227.88757001576963,,1,0,0,15.579896840151594
1732838400,243.43,227.88757001576963,,1,0,0,15.20061849442648
1732924800,237.74,227.88757001576963,,1,0,0,14.673431459110303
1733011200,236.95,227.88757001576963,,1,0,0,14.036757783459565
1733097600,225.79,,258.25634084305375,1,0,0,14.353417941783883
1733184000,234.1,,258.25634084305375,1,0,0,15.120316660227891
1733270400,229.49,,258.25634084305375,1,0,0,15.2045797559259
1733356800,236.13,,258.25634084305375,1,0,0,15.675681201931194
1733443200,237.21,,258.25634084305375,1,0,0,15.698132544650393
1733529600,238.35,,258.25634084305375,1,0,0,15.253980220032508
1733616000,237.19,,258.25634084305375,1,0,0,14.7644102043159
1733702400,216.72,,254.412934790076,1,0,0,16.027666618293335
1733788800,213.75,,245.61314131106843,1,0,0,16.155690431272383
1733875200,227.42,,245.61314131106843,1,0,0,16.3745696861815
1733961600,227,,245.61314131106843,1,0,0,15.860671851454246
1734048000,224.82,,245.61314131106843,1,0,0,15.289909576350372
1734134400,219.88,,245.61314131106843,1,0,0,15.078487463753916
1734220800,224.25,,245.61314131106843,1,0,0,14.699309787771494
1734307200,216.27,,245.61314131106843,1,0,0,14.641501945787814
1734393600,223.2,,245.61314131106843,1,0,0,14.847823235374397
1734480000,206.39,,245.61314131106843,1,0,0,15.303693004276225
1734566400,193.64,,232.19863089318022,1,0,1,16.014857789685063
1734652800,194.43,,221.69276780386218,1,0,0,16.6223679475647
1734739200,181.34,,221.69276780386218,1,0,0,17.133627379881506
1734825600,180.35,,216.58684192112838,1,0,0,16.696939709889968
1734912000,189.88,,216.58684192112838,1,0,0,16.710729730612112
1734998400,196.95,,216.58684192112838,1,0,0,16.45067760699696
1735084800,197.31,,216.58684192112838,1,0,0,15.764200635068605
1735171200,188.24,,216.58684192112838,1,0,0,15.578900589706564
1735257600,183.95,,216.58684192112838,1,0,0,15.29540769044181
1735344000,195.15,,216.58684192112838,1,0,0,15.071449998267395
1735430400,189.6,,216.58684192112838,1,0,0,14.650632141248296
1735516800,191.01,,216.58684192112838,1,0,0,14.36701555973056
1735603200,188.82,,216.58684192112838,1,0,0,14.138657305464092
1735689600,193.84,,216.58684192112838,1,0,0,13.6566103550738
1735776000,208.09,,216.58684192112838,1,0,0,13.908995329711386
1735862400,217.93,185.5578441159945,,1,0,0,13.934067091874857
1735948800,216.64,190.56205970439504,,1,0,0,13.258776585312365
1736035200,213.35,191.05085373395556,,1,0,0,12.849578257790053
1736121600,218.34,193.23826836056,,1,0,0,12.766036953662192
1736208000,202.13,193.23826836056,,1,0,0,13.102748599829178
1736294400,197.42,193.23826836056,,1,0,0,13.236837985555665
1736380800,184.96,,217.00132236515176,1,0,0,13.504920986587404
1736467200,187.63,,214.0006901286366,1,0,0,13.220283773259732
1736553600,188.03,,212.62862111577292,1,0,0,12.832406360884036
1736640000,188.4,,211.41825900419565,1,0,0,12.332948763678033
1736726400,182.75,,206.14643310377608,1,0,0,13.068452423415314
1736812800,187.49,,206.14643310377608,1,0,0,12.726420107457077
1736899200,205.9,,206.14643310377608,1,0,0,13.267390099781574
1736985600,211.08,180.35590526734723,,1,0,0,13.651147949797176
1737072000,219.56,188.8193147406125,,1,0,0,13.546065953383092
1737158400,261.99,208.7493832665513,,1,0,0,16.340632670998584
1737244800,252.34,223.05994493989613,,1,0,0,19.307730337355824
1737331200,241.65,223.05994493989613,,1,0,0,21.078606741830413
1737417600,250.32,223.05994493989613,,1,0,0,21.732991974556814
1737504000,257.23,223.05994493989613,,1,0,0,21.866349690659895
1737590400,253.12,223.05994493989613,,1,0,0,21.47875328418419
1737676800,253.37,223.05994493989613,,1,0,0,21.570985192456753
1737763200,256.36,223.05994493989613,,1,0,0,21.06662910728127
1737849600,240.39,223.05994493989613,,1,0,0,20.980441313904034
1737936000,234.87,223.05994493989613,,1,0,0,21.03326693433946
1738022400,226.89,223.05994493989613,,1,0,0,20.88946215331521
1738108800,228.16,223.05994493989613,,1,0,0,20.530929142364126
1738195200,238.32,223.05994493989613,,1,0,0,20.343719917909546
1738281600,231.71,223.05994493989613,,1,0,0,19.872025638058865
1738368000,212.94,,264.13220074951306,1,0,0,19.984738092483237
1738454400,203.45,,247.6474806745618,1,0,0,20.422971085877293
1738540800,216.48,,243.77773260710563,1,0,0,22.033473151171773
1738627200,206.7,,243.77773260710563,1,0,0,21.74965364037379
1738713600,196.13,,243.77773260710563,1,0,0,21.218964094632806
1738800000,189.57,,238.30072207057998,1,0,0,20.881895230730464
1738886400,192.06,,237.27464986352197,1,0,0,20.495331285678294
1738972800,199.41,,234.8576848771698,1,0,0,19.832093336701274
1739059200,200.51,,234.8576848771698,1,0,0,19.406943812651182
1739145600,200.53,,234.8576848771698,1,0,0,18.967162111747523
1739232000,197.93,,234.8576848771698,1,0,0,18.40950767519413
1739318400,196.8,,227.62215454791112,1,0,0,17.82025712696598
1739404800,194.29,,226.33193909312,1,0,0,17.230238760754126
1739491200,199.43,,226.33193909312,1,0,0,16.799507420700262
1739577600,194.53,,226.33193909312,1,0,0,16.148114033507387
1739664000,188.29,,220.15619359888447,1,0,0,15.726105888256859
1739750400,177.52,,211.34757423899603,1,0,0,15.675669753381367
1739836800,169.2,,199.79781681509644,1,0,0,15.86240762813984
1739923200,168.89,,197.96853513358676,1,0,0,15.485807083272707
1740009600,176.05,,197.96853513358676,1,0,0,15.026820863038944
1740096000,168.82,,197.96853513358676,1,0,0,14.926333658536164
1740182400,172.08,,197.72589711238476,1,0,0,14.338024111497868
1740268800,167.95,,194.85080740114628,1,0,0,13.792450960676591
1740355200,141.79,,182.67672666103167,1,0,0,15.08441874919969
1740441600,144.16,,168.50205399492847,1,0,0,15.082674552828284
1740528000,135.12,,166.79584859543564,1,0,0,15.045340656197693
1740614400,137.54,,166.44426373589206,1,0,0,14.557102037897858
1740700800,148.09,,166.44426373589206,1,0,0,15.178023320905156
1740787200,143.59,,166.44426373589206,1,0,0,14.994593083697643
1740873600,178.72,125.66945673653468,,1,0,0,16.782122149147813
1740960000,142.05,125.66945673653468,,1,0,0,18.471970567065828
1741046400,144.78,125.66945673653468,,1,0,0,18.31397266941827
1741132800,146.31,125.66945673653468,,1,0,0,17.687260335888393
1741219200,143.29,125.66945673653468,,1,0,0,17.17245602618208
1741305600,139.33,125.66945673653468,,1,0,0,17.07442345288336
1741392000,136.95,125.66945673653468,,1,0,0,16.267678920534546
1741478400,126.45,125.66945673653468,,1,0,0,16.185701854782078
1741564800,118.24,,155.51802048350822,1,0,0,16.181008865154787
1741651200,125.34,,152.3392184351574,1,0,0,16.19736537478659
1741737600,126.6,,152.3392184351574,1,0,0,15.784696419444689
1741824000,123.3,,152.3392184351574,1,0,0,15.232932389484356
1741910400,133.55,,152.3392184351574,1,0,0,15.08558007594976
1741996800,135.91,,152.3392184351574,1,0,0,14.301610070524777
1742083200,126.1,,152.3392184351574,1,0,0,14.104352208344437
1742169600,128.03,,152.3392184351574,1,0,0,13.462612764891263
1742256000,125.29,,148.80157538545865,1,0,0,12.966711853113315
1742342400,135.39,,148.80157538545865,1,0,0,12.893375292176648
1742428800,127.5,,148.80157538545865,1,0,0,12.656705628449744
1742515200,128.44,,148.80157538545865,1,0,0,12.133369512131905
1742601600,128.47,,148.80157538545865,1,0,0,11.55527168983677
1742688000,132.85,,148.80157538545865,1,0,0,11.14775228341986
1742774400,141,,148.80157538545865,1,0,0,11.290055691747012
1742860800,143.69,,148.80157538545865,1,0,0,11.157908856622226
1742947200,137.38,,148.80157538545865,1,0,0,11.050201081149211
1743033600,138.4,,148.80157538545865,1,0,0,10.590186718209983
1743120000,129.44,,148.80157538545865,1,0,0,10.644459095480698
1743206400,124.54,,145.66126129233916,1,0,0,10.441997731517791
1743292800,124.8,,142.97963516310523,1,0,0,9.983997893552234
1743379200,124.54,,142.4671716467947,1,0,0,9.635140901155646
1743465600,126.69,,142.4671716467947,1,0,0,9.425487979644528
1743552000,117.4,,142.4671716467947,1,0,0,10.105810266812776
1743638400,117.12,,135.35713813051333,1,0,0,10.006823819183293
1743724800,122.74,,135.35713813051333,1,0,0,10.117050689241628
1743811200,120.25,,135.35713813051333,1,0,0,9.894404211438655
1743897600,105.82,,132.66763369714423,1,0,0,10.42623248205018
1743984000,106.94,,125.9418703274298,1,0,0,10.95935873333231
1744070400,105.35,,125.9418703274298,1,0,0,10.870118823808573
1744156800,119.04,,125.9418703274298,1,0,0,11.531538907822247
1744243200,112.75,,125.9418703274298,1,0,0,11.492143271549228
1744329600,121.36,,125.9418703274298,1,0,0,11.42770446643857
1744416000,132.22,102.99648624035598,,1,0,0,11.665011290264387
1744502400,128.32,106.51133761632039,,1,0,0,11.454653340959785
1744588800,129.39,109.52520385468833,,1,0,0,11.21574953089123
1744675200,126.09,109.52520385468833,,1,0,0,11.030338850113285
1744761600,131.32,109.52520385468833,,1,0,0,10.988886075105196
1744848000,134.85,111.85252861006781,,1,0,0,10.681108498311968
1744934400,134.03,114.66027574906104,,1,0,0,10.17102931986111
1745020800,139.87,118.04324817415494,,1,0,0,9.93881293987103
1745107200,137.85,120.46292335673942,,1,0,0,9.678897729880243
1745193600,136.56,120.46292335673942,,1,0,0,9.652547892031654
1745280000,148.84,122.83096791895893,,1,0,0,10.07879447117225
1745366400,151.16,131.62187112706306,,1,0,0,9.864594866088519
1745452800,152.6,131.62187112706306,,1,0,0,9.711409518510767
1745539200,150.91,135.25571561292108,,1,0,0,9.522737410045712
1745625600,149.27,135.25571561292108,,1,0,0,9.233256166471019
1745712000,148.04,135.25571561292108,,1,0,0,8.923023583151663
1745798400,147.9,135.25571561292108,,1,0,0,8.911379041497971
1745884800,146.34,135.25571561292108,,1,0,0,8.659137681390973
1745971200,147.56,135.25571561292108,,1,0,0,8.633484989863046
1746057600,150.89,135.25571561292108,,1,0,0,8.479664633444257
1746144000,148.09,135.25571561292108,,1,0,0,8.204688588198238
1746230400,146.75,135.25571561292108,,1,0,0,7.849353689041222
1746316800,143.97,135.25571561292108,,1,0,0,7.590114139823991
1746403200,146.68,135.25571561292108,,1,0,0,7.419391701265136
1746489600,146.89,135.25571561292108,,1,0,0,7.310149436889054
1746576000,147.37,135.25571561292108,,1,0,0,7.142995905682693
1746662400,164.45,140.68676789308387,,1,0,0,7.8799247695625
1746748800,172.8,151.91809110377545,,1,0,0,8.397073000308035
1746835200,177.91,156.80828199339794,,1,0,0,8.524424928857462
1746921600,173.23,157.30645379405814,,1,0,0,8.683394576796214
1747008000,174.22,157.30645379405814,,1,0,0,9.00243782131077
1747094400,183.76,157.30645379405814,,1,0,0,9.690120834074289
1747180800,176.69,158.4164398158684,,1,0,0,9.836540774497555
1747267200,169.19,158.4164398158684,,1,0,0,9.961787862033443
1747353600,167.48,158.4164398158684,,1,0,0,9.810945871888196
1747440000,166.03,158.4164398158684,,1,0,0,9.532306881039037
1747526400,173.39,158.4164398158684,,1,0,0,9.717856389536252
1747612800,166.88,158.4164398158684,,1,0,0,10.061580933140805
1747699200,168.64,158.4164398158684,,1,0,0,9.954325152202175
1747785600,173.61,158.4164398158684,,1,0,0,9.985444784187733
1747872000,179.72,158.4164398158684,,1,0,0,9.85934158531718
1747958400,174.03,159.5104855252128,,1,0,0,10.18796004350881
1748044800,175.96,159.5104855252128,,1,0,0,9.868105754686752
1748131200,175.8,159.5104855252128,,1,0,0,9.717526772209128
1748217600,174.97,159.5104855252128,,1,0,0,9.421274859908477
1748304000,176.8,159.5104855252128,,1,0,0,9.33475522705787
1748390400,172.28,159.5104855252128,,1,0,0,9.275844139410879
1748476800,166.71,159.5104855252128,,1,0,0,9.289712415167244
1748563200,156.28,,180.40469920779583,1,0,0,9.499732956941013
1748649600,156.53,,173.44772928701624,1,0,0,9.24260917430237
1748736000,157.76,,172.26995635831463,1,0,0,9.108137090423629
1748822400,156.9,,172.26995635831463,1,0,0,8.97827015539337
1748908800,155.29,,172.26995635831463,1,0,0,9.017679430008128
1748995200,153.33,,172.26995635831463,1,0,0,8.733559470721833
1749081600,144.36,,166.02634736669023,1,0,0,9.049733794241702
1749168000,147.96,,166.02634736669023,1,0,0,8.99689566608158
1749254400,150.15,,166.02634736669023,1,0,0,8.783545975647183
1749340800,152.53,,166.02634736669023,1,0,0,8.681149834529526
1749427200,161.24,,166.02634736669023,1,0,0,8.926781989205988
1749513600,165.15,,166.02634736669023,1,0,0,8.957726132834134
1749600000,161.01,,166.02634736669023,1,0,0,8.970031409060267
1749686400,152.39,,166.02634736669023,1,0,0,8.991457736984533
1749772800,148.66,,165.25287629412998,1,0,0,9.190639327199923
1749859200,144.72,,163.36658866471697,1,0,0,9.01487937525707
1749945600,152.99,,163.36658866471697,1,0,0,9.034530848452995
1750032000,150.77,,163.36658866471697,1,0,0,8.992778644992066
1750118400,147.61,,163.36658866471697,1,0,0,8.977580170349777
1750204800,146.41,,163.36658866471697,1,0,0,8.738467301039078
1750291200,147.04,,161.96484719062875,1,0,0,8.47000535096486
1750377600,140.15,,159.74236247156588,1,0,0,8.801433540181657
1750464000,135.46,,154.8616262244093,1,0,0,9.003474001597253
1750550400,131.76,,150.43396360196837,1,0,0,9.19322585862602
1750636800,144.59,,150.43396360196837,1,0,0,9.70156686872416
1750723200,145.98,,150.43396360196837,1,0,0,9.330026378101007
1750809600,143.65,,150.43396360196837,1,0,0,9.068595922522364
1750896000,139.14,,150.43396360196837,1,0,0,9.089410499485053
1750982400,142.17,,150.43396360196837,1,0,0,8.990166892378976
1751068800,150.81,128.5423598294063,,1,0,0,9.171583542923335
1751155200,153.34,134.4676238464657,,1,0,0,8.89932757557167
1751241600,154.88,137.91886146181912,,1,0,0,9.293661320173694
1751328000,146.92,137.91886146181912,,1,0,0,9.403399797304145
1751414400,152.32,137.91886146181912,,1,0,0,9.351014097496703
1751500800,152.39,137.91886146181912,,1,0,0,9.14522737624694
1751587200,147.74,137.91886146181912,,1,0,0,9.111282563657872
1751673600,147.61,137.91886146181912,,1,0,0,8.657619523396596
1751760000,151.9,137.91886146181912,,1,0,0,8.544932414582554
1751846400,148.9,137.91886146181912,,1,0,0,8.356722956398087
1751932800,151.72,137.91886146181912,,1,0,0,8.120528459512508
1752019200,157.11,138.7894720129912,,1,0,0,8.070490712404473
1752105600,164.35,144.6755248116921,,1,0,0,8.186169947232724
1752192000,162.97,147.9184723305229,,1,0,0,8.2157292367161
1752278400,160.76,147.9184723305229,,1,0,0,8.072462862664949
1752364800,161.22,147.9184723305229,,1,0,0,7.819429801046025
1752451200,162.25,149.59617632895117,,1,0,0,7.83232767239988
1752537600,164.03,149.59617632895117,,1,0,0,7.7843042672284595
1752624000,173.71,152.38620282645047,,1,0,0,8.268996819569283
1752710400,175.99,156.8430825438054,,1,0,0,8.351925618171476
1752796800,177.34,161.7422742894249,,1,0,0,8.576073788302084
1752883200,177.04,161.7422742894249,,1,0,0,8.295639946280508
1752969600,181.52,163.74379217443416,,1,0,0,8.225951378689043
1753056000,195.83,170.01141295699077,,1,0,0,9.146954851639824
1753142400,205.8,180.58227166129168,,1,0,0,9.393600933665551
1753228800,189.49,180.58227166129168,,1,0,0,10.281200866975155
1753315200,182.96,180.58227166129168,,1,0,0,10.458972233619788
1753401600,186.81,180.58227166129168,,1,0,0,10.516188502646946
1753488000,184.94,180.58227166129168,,1,0,0,10.15288932388645
1753574400,188.71,180.58227166129168,,1,0,0,9.869825800751704
1753660800,183.13,180.58227166129168,,1,0,0,10.10555252926944
1753747200,181.46,180.58227166129168,,1,0,0,9.99158449146448
1753833600,177.76,,197.3500894733017,1,0,0,10.145757027788447
1753920000,172.19,,197.3500894733017,1,0,0,10.226774382946415
1754006400,162.66,,187.2704224733744,1,0,0,10.435576212735954
1754092800,158.46,,181.79888022603697,1,0,0,10.36589219754053
1754179200,162.02,,180.26599220343323,1,0,0,10.11618561200192
1754265600,169.57,,180.26599220343323,1,0,0,10.00431521114464
1754352000,164.07,,180.26599220343323,1,0,0,10.035435553205735
1754438400,168.14,,180.26599220343323,1,0,0,9.950047299405325
1754524800,175.41,,180.26599220343323,1,0,0,9.872901063733517
1754611200,176.84,,180.26599220343323,1,0,0,9.611979559181123
1754697600,179.96,,180.26599220343323,1,0,0,9.413981019239614
1754784000,182.7,163.4289631381737,,1,0,0,9.362268089293925
1754870400,174.89,163.4289631381737,,1,0,0,9.647820368630075
1754956800,191.73,163.4289631381737,,1,0,0,10.393690342299355
1755043200,201.62,176.27047912772863,,1,0,0,10.617712460706544
1755129600,192.61,176.27047912772863,,1,0,0,11.515732999227506
1755216000,185.86,176.27047912772863,,1,0,0,11.805323499282682
1755302400,189.72,176.27047912772863,,1,0,0,11.307800392191064
1755388800,191.15,176.27047912772863,,1,0,0,11.10295750703456
1755475200,183.02,176.27047912772863,,1,0,0,11.12417482796066
1755561600,176.2,,203.40770049688078,1,0,0,11.065305197392039
1755648000,187.96,,203.40770049688078,1,0,0,11.133497683292608
1755734400,180.27,,203.40770049688078,1,0,0,11.105390705914564
1755820800,200.62,,203.40770049688078,1,0,0,12.105005655492095
1755907200,204.06,176.33269170399652,,1,0,0,12.18464810867123
1755993600,205.98,181.3694225335969,,1,0,0,12.09717324376614
1756080000,187.21,181.3694225335969,,1,0,0,13.238803726354273
1756166400,195.87,181.3694225335969,,1,0,0,13.185317745900395
1756252800,202.93,181.3694225335969,,1,0,0,13.552080764050368
1756339200,214.43,181.3694225335969,,1,0,0,13.67193213804677
1756425600,205.1,181.3694225335969,,1,0,0,13.98750841390057
1756512000,202.74,181.3694225335969,,1,0,0,13.6648292414791
1756598400,200.63,181.3694225335969,,1,0,0,13.144484295659165
1756684800,197.32,181.3694225335969,,1,0,0,12.946306845969223
1756771200,209.64,181.3694225335969,,1,0,0,12.947284928399991
1756857600,210.83,185.39420954579836,,1,0,0,12.420336004942849
1756944000,202.32,185.39420954579836,,1,0,0,12.261026290304073
1757030400,203.37,185.39420954579836,,1,0,0,12.033095840996639
1757116800,200.18,185.39420954579836,,1,0,0,11.553588995211163
1757203200,206.34,185.39420954579836,,1,0,0,11.286904066981792
1757289600,214.15,189.45759364469848,,1,0,0,11.309982347911662
1757376000,217.26,193.78133428022863,,1,0,0,11.142126465917972
1757462400,224.14,198.99320085220577,,1,0,0,11.122688861209545
1757548800,228.85,204.5823807669852,,1,0,0,10.847496799694579
1757635200,242.36,214.29064269028666,,1,0,0,11.222675599716395
1757721600,242.5,218.27457842125798,,1,0,0,11.063198771165224
1757808000,239.86,223.06162057913218,,1,0,0,11.040827430367708
1757894400,234.35,223.06162057913218,,1,0,0,11.245768328198585
1757980800,237.01,223.06162057913218,,1,0,0,11.132499161898684
1758067200,244.91,223.06162057913218,,1,0,0,11.375177793191636
1758153600,247.56,225.56786876196864,,1,0,1,11.346950807963664
1758240000,238.67,225.56786876196864,,1,0,0,11.492882893109115
1758326400,239.58,225.56786876196864,,1,0,0,10.979105543601323
1758412800,236.31,225.56786876196864,,1,0,0,10.656312290486943
1758499200,220.56,,248.6771153052724,1,0,0,11.564432841166447
1758585600,213.31,,239.94490377474514,1,0,0,11.404830495368842
1758672000,211.67,,233.56291339727062,1,0,0,11.41519974569964
1758758400,192.8,,226.78112205754357,1,0,0,12.102685478149665
1758844800,205.26,,223.47400985178922,1,0,0,12.295350801138976
1758931200,203.56,,223.47400985178922,1,0,0,11.814254315343335
1759017600,210.89,,223.47400985178922,1,0,0,11.898950435675955
1759104000,212.85,,223.47400985178922,1,0,0,11.774025404556243
1759190400,208.74,,223.47400985178922,1,0,0,11.617309304230798
1759276800,222.15,,223.47400985178922,1,0,0,11.970358639642884
1759363200,234.87,202.47286887035528,,1,0,0,12.217475879668394
1759449600,232.98,207.83308198331974,,1,0,0,12.051227602549224
1759536000,227.96,207.83308198331974,,1,0,0,11.898997059509995
1759622400,228.68,208.28814640648898,,1,0,0,11.809782983830711
1759708800,232.45,209.43783176584012,,1,0,0,11.704084199271376
1759795200,220.05,209.43783176584012,,1,0,0,11.973078185037707
1759881600,229.14,209.43783176584012,,1,0,0,11.998572600392157
1759968000,221.03,209.43783176584012,,1,0,0,12.068674557507
1760054400,188.82,,232.13302407843233,1,0,0,14.61162637482793
1760140800,177.82,,214.00522167058907,1,0,0,14.886510205197364
1760227200,197.2,,214.00522167058907,1,0,0,15.681759476254696
1760313600,208.87,,214.00522167058907,1,0,0,15.928776656522217
1760400000,202.55,,214.00522167058907,1,0,0,16.236721181056346
1760486400,193.94,,214.00522167058907,1,0,0,16.278383953838034
1760572800,184.88,,214.00522167058907,1,0,0,16.29421367142103
1760659200,182.05,,214.00522167058907,1,0,0,16.093198409176672
1760745600,187.63,,214.00522167058907,1,0,0,15.41582709423548
1760832000,187.94,,214.00522167058907,1,0,0,14.96541087321866
1760918400,189.79,,214.00522167058907,1,0,0,14.6635958108459
1761004800,185.71,,214.00522167058907,1,0,0,14.69833896721405
1761091200,180.16,,211.14072839633164,1,0,0,14.383457612413048
1761177600,191.43,,211.14072839633164,1,0,0,14.341067782954974
1761264000,193.63,,211.14072839633164,1,0,0,13.885277227029619
1761350400,193.87,,211.14072839633164,1,0,0,13.181328853670362
1761436800,200.07,,211.14072839633164,1,0,0,12.970519649836763
1761523200,198.68,,211.14072839633164,1,0,0,12.62048253199128
1761609600,194.21,,211.14072839633164,1,0,0,12.689019493991903
1761696000,193.95,,211.14072839633164,1,0,0,12.651232387278196
1761782400,184.67,,211.14072839633164,1,0,1,13.14900150247261
1761868800,187.14,,211.14072839633164,1,0,0,12.674787109438851
1761955200,186.26,,208.41533407555417,1,0,0,12.035159458764648
1762041600,187.67,,206.96380066799873,1,0,0,11.619790925995744
1762128000,166.01,,200.9274206011989,1,0,0,12.636234431281764
1762214400,154.99,,184.106178541079,1,0,0,13.299360543333067
1762300800,162.35,,183.0005606869711,1,0,0,13.545834790237848
1762387200,155.2,,183.0005606869711,1,0,0,13.668275162363715
1762473600,161.71,,183.0005606869711,1,0,0,13.740541222194878
1762560000,157.97,,183.0005606869711,1,0,0,13.40764542060953
1762646400,164.52,,183.0005606869711,1,0,0,13.268527890565991
1762732800,167.31,,183.0005606869711,1,0,0,12.825775898382705
1762819200,154.54,,183.0005606869711,1,0,0,13.198934762783939
1762905600,153.36,,181.87075095334015,1,0,0,12.970439422585086
1762992000,144.7,,175.47567585800613,1,0,0,13.199693749543295
1763078400,138.8,,166.3711082722055,1,0,0,12.970429910290203
1763164800,139.55,,165.95349744498495,1,0,0,12.481827773840903
1763251200,137.07,,162.52664770048648,1,0,0,12.226697218566553
1763337600,130.82,,160.21148293043782,1,0,0,12.395504560097512
1763424000,140.63,,159.95183463739403,1,0,0,12.45225423437626
1763510400,136.93,,159.95183463739403,1,0,0,12.472807503349385
1763596800,133.48,,159.95183463739403,1,0,0,12.557606967395857
1763683200,128.57,,153.27958245066023,1,0,0,12.62349218401044
1763769600,127.52,,150.9806242055942,1,0,0,12.067528456581124
1763856000,130.53,,150.9806242055942,1,0,0,11.63413356682533
1763942400,138.4,,150.9806242055942,1,0,0,11.624552597766378
1764028800,138.9,,150.9806242055942,1,0,0,11.319941697925922
1764115200,143,,150.9806242055942,1,0,0,11.174945862359786
1764201600,140.83,,150.9806242055942,1,0,0,10.648164015048375
1764288000,137.36,,150.9806242055942,1,0,0,10.43043801397349
1764374400,135.95,,150.9806242055942,1,0,0,9.916835298689668
1764460800,133.47,,150.9806242055942,1,0,0,9.703489920211835
1764547200,126.66,,146.53329703020654,1,0,0,9.771812068768131
1764633600,138.7,,146.53329703020654,1,0,0,10.140254063856121
1764720000,144.68,,146.53329703020654,1,0,0,10.010235916437825
1764806400,139.06,,146.53329703020654,1,0,0,9.94593335097798
1764892800,133.33,,146.53329703020654,1,0,0,9.946223825908122
1764979200,132.23,,146.53329703020654,1,0,0,9.440779266914683
1765065600,132.28,,146.53329703020654,1,0,0,9.383580747849349
1765152000,133.28,,146.53329703020654,1,0,0,9.271896408717254
1765238400,137.88,,146.53329703020654,1,0,0,9.55961809380888
1765324800,136.31,,146.53329703020654,1,0,0,9.391788229965389
1765411200,136.44,,146.53329703020654,1,0,1,9.349517642110717
1765497600,132.32,,146.53329703020654,1,0,0,9.38240923910281
1765584000,133.17,,146.53329703020654,1,0,0,8.900808579166894
1765670400,129.41,,146.53329703020654,1,0,0,8.671465109226402
1765756800,127.8,,146.53194262568087,1,0,0,8.898503315710231
1765843200,129.11,,143.8622483631128,1,0,0,8.637181650302358
1765929600,123.21,,143.8622483631128,1,0,0,8.928097246709331
1766016000,119.52,,140.87432117412135,1,0,0,9.158233157658666
1766102400,126.19,,140.87432117412135,1,0,0,9.235502217825905
1766188800,125.75,,140.87432117412135,1,0,0,8.690823487981197
1766275200,126,,140.67260513593448,1,0,0,8.29933609598254
1766361600,125.85,,140.67260513593448,1,0,0,8.0329549462695
1766448000,123.92,,138.97266016010693,1,0,0,7.798458164393108
1766534400,122.44,,136.13389414409622,1,0,0,7.509282581222172
1766620800,119.99,,135.3730047296866,1,0,0,7.3079052539920175
1766707200,122.19,,135.29220425671795,1,0,0,7.205197735849731
1766793600,124.64,,135.29220425671795,1,0,0,6.919112183289036
1766880000,125.17,,135.29220425671795,1,0,0,6.607747027339819
1766966400,123.09,,135.29220425671795,1,0,0,6.6893365253869765
1767052800,124.88,,135.29220425671795,1,0,0,6.493669630716477
1767139200,124.45,,135.29220425671795,1,0,0,6.327693228522443
1767225600,126.73,,135.29220425671795,1,0,0,6.100000855056554
1767312000,132.25,,135.29220425671795,1,0,0,6.200715079695371
1767398400,133.32,,135.29220425671795,1,0,0,6.070664002574273
1767484800,134.04,,135.29220425671795,1,0,0,5.811330859533254
1767571200,137.9,125.73514182100752,,1,0,0,5.87980722670945
1767657600,141.04,128.61712763890677,,1,0,0,5.9869638533730605
1767744000,136.25,128.61712763890677,,1,0,0,6.06218072098927
1767830400,138.25,128.61712763890677,,1,0,0,6.158453526632893
1767916800,135.79,128.61712763890677,,1,0,0,6.161421131873402
1768003200,135.67,128.61712763890677,,1,0,0,5.841319622453874
1768089600,139.5,128.61712763890677,,1,0,0,5.838368220850027
1768176000,139.05,130.20966505954823,,1,0,0,5.885627633646453
1768262400,145.43,130.91569855359342,,1,0,0,6.268082802671707
1768348800,146.7,133.71912869823407,,1,0,0,6.183934031052298
1768435200,142.37,133.71912869823407,,1,0,0,6.158653028834278
1768521600,144.83,133.71912869823407,,1,0,0,6.100892098203258
1768608000,143.66,133.71912869823407,,1,0,0,5.784399805474456
1768694400,137.81,133.71912869823407,,1,0,0,5.821942676511995
1768780800,133.36,,145.5903981449798,1,0,0,5.960375342475423
1768867200,125.66,,142.10185833048178,1,0,0,6.2360628180128925
1768953600,129.44,,141.2156724974336,1,0,0,6.2856297595834
1769040000,128.35,,140.95360524769026,1,0,0,6.145227633898871
1769126400,127.28,,139.57224472292123,1,0,0,6.056282802906096
1769212800,127.02,,138.2570202506291,1,0,0,5.727976888412804
1769299200,118.73,,134.1923182255662,1,0,0,6.044549967811889
1769385600,124.09,,134.13808640300957,1,0,0,6.116367827253897
1769472000,127.02,,134.13808640300957,1,0,0,6.020912982450047
1769558400,125.16,,134.13808640300957,1,0,0,5.8458477694179
1769644800,117.61,,132.58100998779398,1,0,0,6.152572928745193
1769731200,117.42,,127.90190898901459,1,0,0,6.223817719549108
1769817600,105.44,,123.34321809011313,1,0,0,7.364973596724171
1769904000,100.66,,118.1358962811018,1,0,0,7.456761196958159
1769990400,104.46,,117.26980665299163,1,0,0,7.653421111461149
1770076800,97.76,,117.17132598769246,1,0,0,7.706748174928209
1770163200,91.92,,111.14019338892321,1,0,0,7.899837591004766
1770249600,78.19,,103.6466740500309,1,0,0,8.465563477361568
1770336000,87.4,,99.55900664502781,1,0,0,9.453023228978598
1770422400,87.54,,99.55900664502781,1,0,0,9.137807284051554
1770508800,86.92,,99.55900664502781,1,0,0,8.7229639066193
1770595200,86.72,,99.55900664502781,1,0,0,8.519895056146494
1770681600,82.95,,99.55900664502781,1,0,0,8.312759694993172
1770768000,79.23,,97.91734438382247,1,0,0,8.172562573922232
1770854400,78.33,,95.56010994544022,1,0,0,7.993093818642072
1770940800,84.27,,95.56010994544022,1,0,0,8.00287283159621
1771027200,88.03,,95.56010994544022,1,0,0,7.76552477219648
1771113600,86.1,,95.56010994544022,1,0,0,7.665130145611017
1771200000,86.4,,95.56010994544022,1,0,0,7.4304779923530875
1771286400,85.05,,95.56010994544022,1,0,0,7.239015278613581
1771372800,81.56,,95.56010994544022,1,0,0,7.121228472998325
1771459200,82.46,,94.13614727256322,1,0,0,6.831140724927017
1771545600,84.64,,94.13614727256322,1,0,0,6.607487816003659
1771632000,85.15,,94.13614727256322,1,0,0,6.33481011486054
1771718400,82.75,,94.13614727256322,1,0,0,6.108752249513358
1771804800,77.88,,91.21149522552874,1,0,0,6.0788413745481185
1771891200,78.99,,88.54484570297586,1,0,0,5.929638419223253
1771977600,88.06,,88.54484570297586,1,0,0,6.462521389278735
1772064000,85.91,,88.54484570297586,1,0,0,6.351627004330254
1772150400,81.84,,88.54484570297586,1,0,0,6.467939361163808
1772236800,84.37,,88.54484570297586,1,0,0,6.618086549652108
1772323200,83.6,,88.54484570297586,1,0,0,6.6582232246769575
1772409600,86.64,,88.54484570297586,1,0,0,6.750492994342889
1772496000,86.99,,88.54484570297586,1,0,0,6.627600637604112
1772582400,90.88,75.7614888864095,,1,0,0,6.821343449203818
1772668800,88.78,77.07433999776853,,1,0,0,6.701961774260687
1772755200,84.67,77.07433999776853,,1,0,0,6.6289645046706385
1772841600,83.22,77.07433999776853,,1,0,0,6.355467040051307
1772928000,81.59,77.07433999776853,,1,0,0,6.177219394333356
1773014400,84.96,77.07433999776853,,1,0,0,6.130275151880973
1773100800,85.89,77.07433999776853,,1,0,0,5.975969783889474
1773187200,86.58,77.07433999776853,,1,0,0,5.8191147993259404
1773273600,86.84,77.07433999776853,,1,0,0,5.6184637422312305
1773360000,88.19,79.11115239088083,,1,0,0,5.671430617786142
1773446400,88.07,79.11115239088083,,1,0,0,5.421328430801417
1773532800,92.33,79.99363343661348,,1,0,0,5.454804971458459
1773619200,96.2,83.88077009295212,,1,0,0,5.530176044925712
1773705600,94.65,84.79919308365692,,1,0,0,5.405877756002447
1773792000,90.08,84.79919308365692,,1,0,0,5.528315059145129
1773878400,88.9,84.79919308365692,,1,0,0,5.447721126349047
1773964800,89.82,84.79919308365692,,1,0,0,5.224312474466972
1774051200,87.55,84.79919308365692,,1,0,0,5.1125758691479035
1774137600,86.2,84.79919308365692,,1,0,0,5.038820449923053
1774224000,91.42,84.79919308365692,,1,0,0,5.192476132071406
1774310400,90.76,84.79919308365692,,1,0,0,5.094442122637735
1774396800,91.68,84.79919308365692,,1,0,0,4.926267685306469
1774483200,86.47,84.79919308365692,,1,0,0,5.047248564927435
1774569600,83.05,,94.16565567669429,1,0,0,5.058873667432619
1774656000,82.02,,92.24359010902486,1,0,0,4.878239834044575
1774742400,81.37,,90.2967310981224,1,0,0,4.827651274469964
1774828800,82.48,,90.2967310981224,1,0,0,4.759961897722109
1774915200,83.12,,90.2967310981224,1,0,0,4.7392503335991005
1775001600,81.17,,90.2967310981224,1,0,0,4.82001816691345
1775088000,78.95,,88.63626077347809,1,0,0,4.838588297848204
1775174400,80.39,,88.63626077347809,1,0,0,4.639403419430475
1775260800,80.83,,88.63626077347809,1,0,0,4.45087460375687
1775347200,81.85,,88.56326410386552,1,0,0,4.3915264177742355
1775433600,80.03,,88.56326410386552,1,0,0,4.332845959361791
1775520000,85.56,,88.56326410386552,1,0,0,4.640499819407377
1775606400,82.57,,88.56326410386552,1,0,0,4.56974983230685
1775692800,83.34,,88.56326410386552,1,0,0,4.564053415713504
1775779200,84.86,,88.56326410386552,1,0,0,4.452335314591111
1775865600,84.97,,88.56326410386552,1,0,0,4.3107399349774616
1775952000,81.54,,88.56326410386552,1,0,0,4.270687082479071
1776038400,86.56,,88.56326410386552,1,0,0,4.35349514801628
1776124800,83.76,,88.56326410386552,1,0,0,4.354674066015116
1776211200,84.92,,88.56326410386552,1,0,0,4.269340204156893
1776297600,89.09,78.42451570923255,,1,0,0,4.441530189574258
1776384000,88.8,80.5240641383093,,1,0,0,4.367849461747524
1776470400,86.21,80.5240641383093,,1,0,0,4.297288785908416
1776556800,83.48,80.5240641383093,,1,0,0,4.289625301200672
1776643200,85.31,80.5240641383093,,1,0,0,4.189652065400624
1776729600,86.07,80.5240641383093,,1,0,0,4.07610548930058
1776816000,86.91,80.5240641383093,,1,0,0,4.022812240064824
1776902400,86.17,80.5240641383093,,1,0,0,3.9276113657744793
1776988800,86.22,80.5240641383093,,1,0,0,3.791353411076302
1777075200,86.2,80.5240641383093,,1,0,0,3.612685310285137
1777161600,86.95,80.5240641383093,,1,0,0,3.4603506452647705
1777248000,84.8,80.5240641383093,,1,0,0,3.5310398848887146
1777334400,84.05,80.5240641383093,,1,0,0,3.4188227502538067
1777420800,83.02,80.5240641383093,,1,0,0,3.4753354109499637
1777507200,83.05,80.5240641383093,,1,0,0,3.358525738739252
1777593600,83.76,80.5240641383093,,1,0,0,3.247916757400734
1777680000,84.26,80.5240641383093,,1,0,0,3.125208417586395
1777766400,83.91,80.5240641383093,,1,0,0,3.001264959187367
1777852800,84.09,80.5240641383093,,1,0,0,2.975460319245412
1777939200,86.27,80.5240641383093,,1,0,0,2.9743560107278832
1778025600,89.15,82.3759120017649,,1,0,0,3.041902009961606
1778112000,88.4,83.35632080158841,,1,0,0,3.0253375806786345
1778198400,92.02,84.30118872142957,,1,0,0,3.159956324915875
1778284800,93.11,87.0675698492866,,1,0,0,3.0992451588504553
1778371200,96.44,88.53931286435795,,1,0,0,3.1857276475039944
1778457600,97.36,89.90688157792215,,1,0,0,3.253889958396566
1778544000,94.27,89.90688157792215,,1,0,0,3.3143263899396684
1778630400,91.14,89.90688157792215,,1,0,0,3.4875887906582634
1778716800,92.13,89.90688157792215,,1,0,0,3.5163324484683876
1778803200,89.19,,97.83750699672527,1,0,0,3.5623087021492177
1778889600,86.51,,94.75075629705276,1,0,0,3.5864295091385587
1778976000,85.19,,92.68668066734747,1,0,0,3.604541687057233
1779062400,85.31,,91.67501260061273,1,0,0,3.5127887094102874
1779148800,84.23,,91.59551134055145,1,0,0,3.424018087309553
1779235200,86.09,,91.59551134055145,1,0,0,3.4108739382160134
1779321600,87.27,,91.59551134055145,1,0,0,3.358668656914869
1779408000,84.29,,91.59551134055145,1,0,0,3.3973351814209494
1779494400,85.65,,91.59551134055145,1,0,0,3.591096954176596
1779580800,85.17,,91.59551134055145,1,0,0,3.5688757431639817
1779667200,84.97,,91.59551134055145,1,0,0,3.443241761509412
1779753600,83.59,,91.3176448076006,1,0,0,3.411581635687311
1779840000,82.3,,89.98488032684055,1,0,0,3.3593258045667898
1779926400,82,,88.00939229415648,1,0,0,3.3386596756691627
1780012800,81.92,,88.00939229415648,1,0,0,3.304469698835651
1780099200,82.61,,88.00939229415648,1,0,0,3.15986472034739
1780185600,82.32,,88.00939229415648,1,0,0,3.0805886688940047
1780272000,81.16,,87.09692878419607,1,0,0,3.1469751925444336
1780358400,74.12,,84.12773590577646,1,0,0,3.5321912502198316
1780444800,71.52,,80.67196231519883,1,0,0,3.621320446632701
1780531200,68.79,,77.10776608367895,1,0,0,3.7433689861589365
1780617600,63.62,,73.73548947531104,1,0,0,4.018842630004726
1780704000,62.15,,71.07794052777994,1,0,0,4.068925299290102
1780790400,66.46,,71.07794052777994,1,0,0,4.206144920769381
1780876800,66.81,,71.07794052777994,1,0,0,4.137848855000139
1780963200,64.92,,71.07794052777994,1,0,0,4.125859651071559
1781049600,63.13,,71.07794052777994,1,0,0,4.076155390280733
1781136000,66.85,,71.07794052777994,1,0,0,4.084287148117823
1781222400,66.79,,71.07794052777994,1,0,0,4.001123780395121
1781308800,68.9,,71.07794052777994,1,0,0,3.927472081795469
1781395200,71.24,61.05465186096065,,1,0,0,3.9555097902386493
1781481600,73.93,65.04718667486458,,1,0,0,4.05868766236446
1781568000,73.46,65.79346800737812,,1,0,0,4.005924257909856
1781654400,71.98,65.79346800737812,,1,0,0,3.9983582394877244
1781740800,69.63,65.79346800737812,,1,0,0,4.033475508095743
1781827200,69.68,65.79346800737812,,1,0,0,3.898227257517476
1781913600,73.14,65.79346800737812,,1,0,0,3.9612110248376555
1782000000,72.38,65.79346800737812,,1,0,0,3.846838808777823
1782086400,71.88,65.79346800737812,,1,0,0,3.8284931795794073
1782172800,69.6,65.79346800737812,,1,0,0,3.8328865238951644
1782259200,68.01,65.79346800737812,,1,0,0,3.966966057902652
1782345600,67.61,65.79346800737812,,1,0,0,4.08432562519532
1782432000,71.79,65.79346800737812,,1,0,0,4.364016651967083
1782518400,70.39,65.79346800737812,,1,0,0,4.263729748255148
1782604800,71.28,65.79346800737812,,1,0,0,4.1470347662369225
1782691200,75.05,65.79346800737812,,1,0,0,4.28581799722
1782777600,73.55,65.79346800737812,,1,0,0,4.212545283132857
1782864000,77.38,66.460010226697,,1,0,0,4.390934905766225
1782950400,80.63,70.42850920402729,,1,0,0,4.495868126782924
1783036800,82.28,72.72765828362456,,1,0,0,4.381163260584144
1783123200,81.72,74.00539245526211,,1,0,0,4.255365884828133
1783209600,81.52,74.00539245526211,,1,0,0,4.147839750197552
1783296000,81.89,74.00539245526211,,1,0,0,4.1722797680405845
1783382400,80.52,74.00539245526211,,1,0,0,4.049259784609114
1783468800,77.76,74.00539245526211,,1,0,0,4.084312657137034
1783555200,77.99,74.00539245526211,,1,0,0,3.944004610198675
1783641600,78.07,74.00539245526211,,1,0,0,3.8472899951844832
1783728000,76.74,74.00539245526211,,1,0,0,3.72248356695702
1783814400,76.88,74.00539245526211,,1,0,0,3.6087347407458052
1783900800,74.91,74.00539245526211,,1,0,0,3.645967973549677
1783987200,77.81,74.00539245526211,,1,0,0,3.6305416897247005
1784073600,77.24,74.00539245526211,,1,0,0,3.5190744261729354
1784160000,75.26,74.00539245526211,,1,0,0,3.4534262528748685
1784246400,74.98,74.00539245526211,,1,0,0,3.376752949098092
1784332800,75.46,74.00539245526211,,1,0,0,3.2155563098767996
1784419200,76.33,74.00539245526211,,1,0,0,3.0808737163141706
1784505600,77.7,74.00539245526211,,1,0,0,3.069382736577443
1784592000,78.09,74.00539245526211,,1,0,0,2.9494268268219117
1784678400,77.95,74.00539245526211,,1,0,0,2.873039196334632
1784764800,75.83,74.00539245526211,,1,0,0,2.8921078251678725
1784851200,73.9,,80.27283369783342,1,0,0,2.9012429805130253
1784937600,74.46,,79.15755032805009,1,0,0,2.779011339047809
1785024000,76.69,,79.15755032805009,1,0,0,2.7676533862586794
1785110400,74.13,,79.15755032805009,1,0,0,2.8378210015259167
1785196800,73.73,,78.6426191891485,1,0,0,2.7951195014169232
1785283200,73.6,,78.50735727023367,1,0,0,2.7526109656014293
1785369600,74.44,,78.50735727023367,1,0,0,2.6902816109156125
1785456000,72.79,,78.50735727023367,1,0,0,2.6938329244216397
1785542400,71.88,,76.91576345000034,1,0,0,2.6892734298200938
1785628800,73.54,,76.91576345000034,1,0,0,2.667896756261516
1785715200,73.49,,76.91576345000034,1,0,0,2.643761273671408
1785801600,73.7,,76.91576345000034,1,0,0,2.55634975412345
1785888000,73.97,,76.91576345000034,1,0,0,2.4844676288289174
1785974400,72.63,,76.91576345000034,1,0,0,2.4512913696268517
1786060800,73.63,,76.91576345000034,1,0,0,2.4140562717963627
1786147200,75.96,,76.91576345000034,1,0,0,2.4709093952394787
1786233600,76.21,,76.91576345000034,1,0,0,2.4415587241509447
1786320000,75.92,,76.91576345000034,1,0,0,2.382161672425877
1786406400,76.22,,76.91576345000034,1,0,0,2.356292981538314
1786492800,75.56,,76.91576345000034,1,0,0,2.3301291971427207
1786579200,76.21,,76.91576345000034,1,0,0,2.270834254489669
1786665600,75.33,,76.91576345000034,1,0,0,2.2279175220261216
1786752000,75.28,,76.91576345000034,1,0,0,2.118780556167113
1786838400,74.54,,76.91576345000034,1,0,0,2.0774390878694615
1786924800,75.95,,76.91576345000034,1,0,0,2.0576220101644997
1787011200,77.01,72.41083503564846,,1,0,0,2.0706490094384638
1787097600,85.34,76.31075153208361,,1,0,0,2.685602651621431
1787184000,87.64,80.12467637887525,,1,0,0,2.7873453193627573
1787270400,93.72,84.50170874098772,,1,0,0,3.120392082265418
1787356800,93.79,86.17403786688895,,1,0,0,3.961792647817888
1787443200,95.43,86.17403786688895,,1,0,0,4.097378887259468
1787529600,96.92,86.17403786688895,,1,0,0,4.116137538169506