time,close,Up Trend,Down Trend,Macro Score Heatmap,Rate Hike,Rate Cut,ATR
1553126400,55.14,,,1,0,0,
1553212800,55.07,,,1,0,0,
1553299200,56.9,,,1,0,0,
1553385600,57.21,,,1,0,0,
1553472000,55.32,,,1,0,0,
1553558400,54.49,,,1,0,0,
1553644800,56.96,,,1,0,0,
1553731200,56.18,,,1,0,0,
1553817600,57.14,,,1,0,0,
1553904000,57.1,50.864,,1,0,0,
1553990400,58.65,52.476600000000005,,1,0,0,
1554076800,62.7,54.71144,,1,0,0,
1554163200,69.6,58.11479600000001,,1,0,0,
1554249600,69.55,62.405816400000006,,1,0,0,4.1464285714285705
1554336000,66.78,62.405816400000006,,1,0,0,4.3345408163265295
1554422400,72.05,62.405816400000006,,1,0,0,4.442073615160349
1554508800,71.23,62.405816400000006,,1,0,0,4.40906835693461
1554595200,74.37,63.24630214003999,,1,0,0,4.414134902867852
1554681600,72.19,63.24630214003999,,1,0,0,4.614553838377291
1554768000,70.3,63.24630214003999,,1,0,0,4.542085707064628
1554854400,71.75,63.24630214003999,,1,0,0,4.483365299417156
1554940800,69.61,63.24630214003999,,1,0,0,4.790982063744502
1555027200,70.94,63.24630214003999,,1,0,0,4.7823404877627524
1555113600,69.08,63.24630214003999,,1,0,0,4.650744738636841
1555200000,69.6,63.24630214003999,,1,0,0,4.554262971591352
1555286400,67.45,63.24630214003999,,1,0,0,4.577529902191969
1555372800,68.98,63.24630214003999,,1,0,0,4.444849194892543
1555459200,70.09,63.24630214003999,,1,0,0,4.414502823828789
1555545600,70.26,63.24630214003999,,1,0,0,4.252752622126733
1555632000,69.23,63.24630214003999,,1,0,0,4.054698863403396
1555718400,69.35,63.24630214003999,,1,0,0,3.8822203731602967
1555804800,67.91,63.24630214003999,,1,0,0,3.8556332036488463
1555891200,68.76,63.24630214003999,,1,0,0,3.883802260531072
1555977600,66.45,63.24630214003999,,1,0,0,3.9292449562074236
1556064000,65.26,63.24630214003999,,1,0,0,4.021441745049751
1556150400,61.89,,71.60003147422344,1,0,0,4.154195906117626
1556236800,61.88,,70.5700283268011,1,0,0,4.253896198537795
1556323200,61.55,,69.74452549412099,1,0,0,4.132903612927953
1556409600,60.6,,69.35407294470889,1,0,0,3.9955533548616704
1556496000,57.89,,66.768165650238,1,0,0,3.9772995438001226
1556582400,60.66,,66.768165650238,1,0,0,3.9467781478144
1556668800,61.06,,66.768165650238,1,0,0,3.812722565827657
1556755200,60.03,,66.768165650238,1,0,0,3.66538523969711
1556841600,62.85,,66.768165650238,1,0,0,3.6964291511473166
1556928000,60.94,,66.768165650238,1,0,0,3.8359699260653657
1557014400,59.59,,66.768165650238,1,0,0,3.714114931346411
1557100800,60.07,,66.768165650238,1,0,0,3.6409638648216673
1557187200,57.64,,66.70468884407579,1,0,0,3.6930378744772625
1557273600,58.25,,64.40571995966822,1,0,0,3.551392312014601
1557360000,56.58,,64.1606479637014,1,0,0,3.5541500040135583
1557446400,57.46,,63.59408316733125,1,0,0,3.44671071801259
1557532800,63.08,,63.59408316733125,1,0,0,3.805517095297406
1557619200,60.67,,63.59408316733125,1,0,0,4.005837302776163
1557705600,63.58,,63.59408316733125,1,0,0,4.153991781149295
1557792000,67.51,56.99275653391396,,1,0,0,4.2944209396386315
1557878400,77,62.418480880522566,,1,0,0,4.6926765868073
1557964800,75.26,65.25313279247031,,1,0,0,5.163913973463922
1558051200,73.34,65.25313279247031,,1,0,0,5.500062975359356
1558137600,71.91,65.25313279247031,,1,0,0,5.404344191405116
1558224000,77.6,65.25313279247031,,1,0,0,5.522605320590465
1558310400,75.95,65.25313279247031,,1,0,0,5.5438477976911456
1558396800,74.51,65.25313279247031,,1,0,0,5.371430097856063
1558483200,69.73,65.25313279247031,,1,0,0,5.452756519437772
1558569600,71.91,65.25313279247031,,1,0,0,5.407559625192216
1558656000,72.38,65.25313279247031,,1,0,0,5.24559108053563
1558742400,72.3,65.25313279247031,,1,0,0,5.036620289068799
1558828800,75.32,65.25313279247031,,1,0,0,5.107575982706742
1558915200,76.22,66.0184157008715,,1,0,0,5.013463412513404
1559001600,85.12,70.86307413078434,,1,0,0,5.576073168762447
1559088000,85.08,71.24926671770591,,1,0,0,5.837782228136557
1559174400,82.99,74.43734004593531,,1,0,0,6.72579778326966
1559260800,90.2,74.43734004593531,,1,0,0,6.843240798750399
1559347200,86.17,74.43734004593531,,1,0,0,6.992295027411084
1559433600,88.86,74.43734004593531,,1,0,0,6.809273954024579
1559520000,83.63,74.43734004593531,,1,0,0,6.872897243022822
1559606400,77.69,74.43734004593531,,1,0,0,7.3591188685211915
1559692800,80.41,74.43734004593531,,1,0,0,7.117038949341106
1559779200,79.65,74.43734004593531,,1,0,0,6.9601075958167415
1559865600,83.13,74.43734004593531,,1,0,0,6.849385624686974
1559952000,80.44,74.43734004593531,,1,0,0,6.661572365780762
1560038400,77.35,74.43734004593531,,1,0,0,6.572174339653564
1560124800,80.12,74.43734004593531,,1,0,0,6.464161886821167
1560211200,79.5,74.43734004593531,,1,0,0,6.22957889490537
1560297600,91.1,74.43734004593531,,1,0,0,6.727466116697845
1560384000,87.84,75.50351075141216,,1,0,0,6.634075679790855
1560470400,90.68,77.51915967627095,,1,0,0,6.80449884552008
1560556800,92.08,78.56824370864385,,1,0,0,6.574177499411503
1560643200,93.51,80.14241933777947,,1,0,0,6.375307678024966
1560729600,102.09,85.48167740400152,,1,0,0,6.768499986737469
1560816000,111.95,91.33250966360137,,1,0,0,7.313607130541937
1560902400,110.66,95.64125869724123,,1,0,0,7.402635192646085
1560988800,109.39,95.64125869724123,,1,0,0,7.26173267888565
1561075200,109.75,96.1777195447654,,1,0,0,7.219466058965247
1561161600,113.51,97.81844759028884,,1,0,0,7.353789911896301
1561248000,110.25,97.81844759028884,,1,0,0,7.242090632475137
1561334400,109.19,97.81844759028884,,1,0,0,7.165512730155485
1561420800,105.57,97.81844759028884,,1,0,0,7.13297610657295
1561507200,114.12,98.49830046398851,,1,0,0,8.079906384674882
1561593600,106.96,98.49830046398851,,1,0,0,8.708484500055247
1561680000,111.97,98.49830046398851,,1,0,0,8.840021321479872
1561766400,113.89,98.49830046398851,,1,0,0,8.832876941374167
1561852800,103.3,98.49830046398851,,1,0,0,9.01695715984744
1561939200,103.72,98.49830046398851,,1,0,0,9.112174505572622
1562025600,101.54,98.49830046398851,,1,0,0,9.060590612317435
1562112000,105.82,98.49830046398851,,1,0,0,8.763405568580476
1562198400,100.87,98.49830046398851,,1,0,0,8.56316231368187
1562284800,99.99,98.49830046398851,,1,0,0,8.299365005561736
1562371200,103.76,98.49830046398851,,1,0,0,8.144410362307328
1562457600,106.45,98.49830046398851,,1,0,0,7.86123819357109
1562544000,105.03,98.49830046398851,,1,0,0,7.521149751173156
1562630400,100.73,98.49830046398851,,1,0,0,7.556781911803645
1562716800,97.02,,115.07171470200392,1,0,0,7.776297489531956
1562803200,88.12,,107.73504323180354,1,0,0,7.973704811708245
1562889600,93.04,,105.23653890862317,1,0,0,7.928440182300513
1562976000,89.84,,105.23653890862317,1,0,0,7.872123026421903
1563062400,82.29,,101.00979651598476,1,0,0,8.06054281024891
1563148800,80.37,,95.0573168643863,1,0,0,7.957646895231131
1563235200,67.05,,90.94458517794766,1,0,0,8.70138640271462
1563321600,73.79,,89.61262666015288,1,0,0,8.893430231092148
1563408000,79.04,,89.61262666015288,1,0,0,8.843899500299852
1563494400,75.55,,89.61262666015288,1,0,0,8.813620964564148
1563580800,77.71,,89.61262666015288,1,0,0,8.568362324238137
1563667200,75.37,,89.61262666015288,1,0,0,8.282050729649699
1563753600,72.99,,89.61262666015288,1,0,0,8.076189963246149
1563840000,70.59,,86.53016838989832,1,0,0,7.796462108728567
1563926400,70.99,,84.18115155090848,1,0,0,7.503143386676526
1564012800,69.94,,84.18115155090848,1,0,0,7.181490287628202
1564099200,71.32,,83.49028275623587,1,0,0,6.876383838511901
1564185600,69.12,,83.3057544806123,1,0,0,6.746642135761051
1564272000,68.72,,79.84817903255106,1,0,0,6.579739126063833
1564358400,67.38,,79.72286112929596,1,0,0,6.353329188487846
1564444800,66.67,,77.45107501636636,1,0,0,6.050234246453
1564531200,68.12,,77.45107501636636,1,0,0,5.795217514563499
1564617600,67.61,,77.03322076325676,1,0,1,5.53341626352325
1564704000,66.41,,76.27839868693108,1,0,0,5.359600816128733
1564790400,65.15,,74.96055881823797,1,0,0,5.177486472119538
1564876800,65.73,,73.75500293641417,1,0,0,5.065523152682429
1564963200,66.71,,73.75500293641417,1,0,0,4.865128641776541
1565049600,62.47,,73.00480237849548,1,0,0,4.96047659593536
1565136000,62.18,,70.59532214064593,1,0,0,4.823299696225691
1565222400,62.38,,70.59532214064593,1,0,0,4.942349717923855
1565308800,58.77,,69.2635109339232,1,0,0,4.923610452357865
1565395200,56.71,,66.30915984053088,1,0,0,4.825495420046589
1565481600,59.91,,66.30915984053088,1,0,0,4.758674318614689
1565568000,56.85,,66.30915984053088,1,0,0,4.658054724427926
1565654400,55.45,,64.12141252374701,1,0,0,4.482479386968788
1565740800,50.56,,62.39127127137232,1,0,0,4.653016573613875
1565827200,50.57,,58.688644144235084,1,0,0,4.473515389784312
1565913600,48.88,,57.69177972981157,1,0,0,4.357550004799719
1566000000,50.01,,56.601101756830424,1,0,0,4.241296433028309
1566086400,52.62,,56.601101756830424,1,0,0,4.184060973526288
1566172800,54.3,,56.601101756830424,1,0,0,4.085913761131552
1566259200,51.99,,56.601101756830424,1,0,0,4.002634206765012
1566345600,49.79,,56.601101756830424,1,0,0,3.983160334853225
1566432000,50.77,,56.601101756830424,1,0,0,3.922220310935138
1566518400,50.85,,56.601101756830424,1,0,0,3.7492045744397706
1566604800,50.1,,56.601101756830424,1,0,0,3.654261390551216
1566691200,50.15,,56.601101756830424,1,0,0,3.516814148368986
1566777600,51.47,,56.601101756830424,1,0,0,3.511327423485487
1566864000,50.5,,56.601101756830424,1,0,0,3.3705183218079524
1566950400,46.42,,54.45931337744885,1,0,0,3.4719098702502413
1567036800,44.98,,51.45338203970397,1,0,0,3.4239163080895096
1567123200,44.54,,50.512043835733564,1,0,0,3.294350857511688
1567209600,44.6,,50.13833945216021,1,0,0,3.1426115105465677
1567296000,45.21,,50.13833945216021,1,0,0,3.0102821169360987
1567382400,46.82,,50.13833945216021,1,0,0,2.99811910858352
1567468800,45.7,,50.13833945216021,1,0,0,2.9175391722561264
1567555200,44.83,,50.13833945216021,1,0,0,2.822000659952117
1567641600,44.98,,49.59630661310609,1,0,0,2.6725720413841083
1567728000,45.86,,49.59630661310609,1,0,0,2.6823883241423867
1567814400,46.98,,49.59630661310609,1,0,0,2.6457891581322164
1567900800,48.28,,49.59630661310609,1,0,0,2.576804218265629
1567987200,47.1,,49.59630661310609,1,0,0,2.6034610598180845
1568073600,44.93,,49.59630661310609,1,0,0,2.624642412688221
1568160000,44.32,,49.51671299777571,1,0,0,2.5528822403533478
1568246400,44.6,,48.60004169799814,1,0,0,2.4662477946138233
1568332800,44.65,,48.41103752819832,1,0,0,2.36723009499855
1568419200,46.19,,48.41103752819832,1,0,0,2.376713659641511
1568505600,46.63,,48.41103752819832,1,0,0,2.3476626839528314
1568592000,48.62,43.76926364194342,,1,0,0,2.417115349384772
1568678400,50.64,44.583337277749074,,1,0,0,2.5216071101430027
1568764800,52.74,46.76200354997417,,1,0,0,2.57149231656136
1568851200,51.14,46.76200354997417,,1,0,1,2.709242865378406
1568937600,48.87,46.76200354997417,,1,0,0,2.770725517851377
1569024000,47.7,46.76200354997417,,1,0,0,2.69853083800485
1569110400,46.13,,51.95386447086194,1,0,0,2.655778635290218
1569196800,44.09,,50.09347802377575,1,0,0,2.660365875626631
1569283200,35.92,,45.78813022139818,1,0,0,3.6296254559390144
1569369600,37.91,,44.55281719925836,1,0,0,3.758937923371942
1569456000,34.92,,44.55281719925836,1,0,0,3.921156643131089
1569542400,37.47,,44.55281719925836,1,0,0,3.9017883114788683
1569628800,40.3,,44.55281719925836,1,0,0,3.9373748606589496
1569715200,37.74,,44.55281719925836,1,0,0,3.961133799183311
1569801600,38.69,,44.55281719925836,1,0,0,3.944624242098789
1569888000,38.18,,44.55281719925836,1,0,0,3.794293939091733
1569974400,38.13,,44.55281719925836,1,0,0,3.6061300862994665
1570060800,37.23,,44.38960913000476,1,0,0,3.483549365849505
1570147200,37.04,,43.431148217004285,1,0,0,3.35615298257454
1570233600,36.85,,42.885033395303864,1,0,0,3.1757134838192163
1570320000,35.57,,42.04903005577347,1,0,0,3.076019663546415
1570406400,37.4,,42.04903005577347,1,0,0,3.058446830435957
1570492800,36.48,,42.04903005577347,1,0,0,2.9885577711191025
1570579200,37.99,,42.04903005577347,1,0,0,2.9300893588963097
1570665600,37.43,,42.04903005577347,1,0,0,2.80365440468943
1570752000,36.07,,42.04903005577347,1,0,0,2.7726790900687566
1570838400,36.59,,41.40636178187031,1,0,0,2.67034486934956
1570924800,36.9,,41.40636178187031,1,0,0,2.5617488072531627
1571011200,37.04,,41.29055304331495,1,0,0,2.4437667495922226
1571097600,36.82,,41.29055304331495,1,0,0,2.344211981764207
1571184000,35.79,,40.19839796508511,1,0,0,2.3031968402096203
1571270400,36.13,,40.124058168576596,1,0,0,2.2336827801946475
1571356800,35.83,,39.97615235171894,1,0,0,2.1734197244664584
1571443200,35.89,,39.61503711654704,1,0,0,2.0996040298617116
1571529600,36.32,,39.61503711654704,1,0,0,2.035346599157304
1571616000,36.7,,39.61503711654704,1,0,0,1.9649646992174967
1571702400,35.84,,39.61503711654704,1,0,0,1.9038957921305326
1571788800,32.91,,37.675612852166516,1,0,0,2.060046092692637
1571875200,33.13,,36.37755156694987,1,0,0,1.9950428003574483
1571961600,37.11,31.198703589745115,,1,0,0,2.1782540289033445
1572048000,36,32.6898332307706,,1,0,0,2.2805215982673914
1572134400,37.32,32.6898332307706,,1,0,0,2.402627198391149
1572220800,37.79,34.428814916924196,,1,0,0,2.5810109699346384
1572307200,39.21,34.428814916924196,,1,0,0,2.5359387577964503
1572393600,38.37,34.428814916924196,,1,0,0,2.516228846525275
1572480000,37.53,34.428814916924196,,1,0,1,2.455783928916327
1572566400,37.66,34.428814916924196,,1,0,0,2.354656505422303
1572652800,37.62,34.428814916924196,,1,0,0,2.2307524693207097
1572739200,37.03,34.428814916924196,,1,0,0,2.151413007226373
1572825600,37.77,34.428814916924196,,1,0,0,2.105597792424489
1572912000,38.68,34.428814916924196,,1,0,0,2.107340807251311
1572998400,38.82,34.980521643465266,,1,0,0,2.050387892447646
1573084800,38.6,35.06096947911874,,1,0,0,1.9817887572728146
1573171200,36.43,35.06096947911874,,1,0,0,2.0495181317533278
1573257600,36.75,35.06096947911874,,1,0,0,1.965981122342376
1573344000,37.58,35.06096947911874,,1,0,0,1.9769824707464918
1573430400,36.63,35.06096947911874,,1,0,0,1.9364837228360279
1573516800,36.84,35.06096947911874,,1,0,0,1.8781634569191685
1573603200,36.84,35.06096947911874,,1,0,0,1.7940089242820854
1573689600,36.4,35.06096947911874,,1,0,0,1.7358654296905076
1573776000,36.13,35.06096947911874,,1,0,0,1.7168750418554717
1573862400,35.86,35.06096947911874,,1,0,0,1.6349553960086525
1573948800,35.78,35.06096947911874,,1,0,0,1.5960300105794634
1574035200,34.66,,37.9525845104568,1,0,0,1.6405992955380728
1574121600,33.99,,36.996326059411125,1,0,0,1.6384136315710676
1574208000,33.75,,36.996326059411125,1,0,0,1.5978126578874199
1574294400,31.37,,35.68117410812301,1,0,0,1.7415403251811756
1574380800,29,,33.62555669731071,1,0,0,1.9128588733825203
1574467200,29.54,,33.01700102757964,1,0,0,1.874083239569483
1574553600,27.26,,32.35680092482167,1,0,0,1.9352201510288058
1574640000,27.22,,30.98462083233951,1,0,0,2.0312758545267484
1574726400,28.22,,30.98462083233951,1,0,0,1.9711847220605523
1574812800,28.45,,30.98462083233951,1,0,0,2.008242956199084
1574899200,28.59,,30.98462083233951,1,0,0,1.9562256021848639
1574985600,29.33,,30.98462083233951,1,0,0,1.9100666306002307
1575072000,29.01,,30.98462083233951,1,0,0,1.8657761569859286
1575158400,27.93,,30.98462083233951,1,0,0,1.8582207172012197
1575244800,27.66,,30.98462083233951,1,0,0,1.7862049516868468
1575331200,27.3,,30.850404646905066,1,0,0,1.730761740852072
1575417600,26.66,,30.850404646905066,1,0,0,1.7742787593626381
1575504000,30.17,,30.850404646905066,1,0,0,1.9454017051224497
1575590400,29.13,,30.850404646905066,1,0,0,1.9528730118994173
1575676800,29.5,,30.850404646905066,1,0,0,1.8933820824780305
1575763200,29.25,,30.850404646905066,1,0,0,1.8067119337295998
1575849600,30.93,26.72616249904413,,1,0,0,1.916946795606057
1575936000,30.03,26.72616249904413,,1,0,0,1.8821648816341958
1576022400,31.37,27.21384162422574,,1,0,0,1.9084388186603245
1576108800,31.83,27.275957461803166,,1,0,0,1.8942646173274442
1576195200,33.28,28.225861715622848,,1,0,0,1.969674287518341
1576281600,32.11,28.225861715622848,,1,0,0,2.0546975526956026
1576368000,32.89,28.225861715622848,,1,0,0,2.062219156074488
1576454400,29.52,28.225861715622848,,1,0,0,2.194203502069167
1576540800,27.73,,32.66084362837985,1,0,0,2.2931889662070835
1576627200,29.3,,32.66084362837985,1,0,0,2.4165326114780066
1576713600,28.52,,32.66084362837985,1,0,0,2.3596374249438634
1576800000,28.36,,32.66084362837985,1,0,0,2.246806180305016
1576886400,28.32,,32.51015550458002,1,0,0,2.147748595997515
1576972800,29.09,,32.51015550458002,1,0,0,2.0736236962834065
1577059200,28.29,,32.51015550458002,1,0,0,2.0619362894060203
1577145600,28.06,,32.048883362838836,1,0,0,1.9732265544484473
1577232000,27.37,,31.266995026554948,1,0,0,1.8979960862735583
1577318400,27.61,,31.266995026554948,1,0,0,1.8702820801111613
1577404800,27.62,,30.822965971509507,1,0,0,1.7845476458175067
1577491200,28.16,,30.822965971509507,1,0,0,1.7185085282591133
1577577600,29.14,,30.822965971509507,1,0,0,1.7307579190977478
1577664000,28.35,,30.822965971509507,1,0,0,1.6728466391621946
1577750400,27.54,,30.822965971509507,1,0,0,1.6169290220791805
1577836800,28.07,,30.74240142651665,1,0,0,1.5714340919306677
1577923200,27.02,,30.256161283864987,1,0,0,1.56347451393562
1578009600,28.41,,30.256161283864987,1,0,0,1.5903691915116471
1578096000,29.91,,30.256161283864987,1,0,0,1.6460571064036722
1578182400,30.81,27.62510842406242,,1,0,0,1.685624455946267
1578268800,32.86,28.368597581656182,,1,0,0,1.7616512805215336
1578355200,32.24,28.368597581656182,,1,0,0,1.81367618905571
1578441600,30.88,28.368597581656182,,1,0,0,1.9069850326945879
1578528000,30.83,28.368597581656182,,1,0,0,1.9043432446449748
1578614400,33.69,28.368597581656182,,1,0,0,2.103318727170334
1578700800,34.88,30.303730635992153,,1,0,0,2.2037959609438813
1578787200,35.52,30.856857572392943,,1,0,0,2.179239106590747
1578873600,38.32,31.648171815153653,,1,0,0,2.3142934561199793
1578960000,43.83,35.89585463363828,,1,0,0,2.6982724949685526
1579046400,54.97,42.40076917027446,,1,0,0,3.6483958881850844
1579132800,50.8,42.40076917027446,,1,0,0,3.9706533247432927
1579219200,61.54,45.6048230279223,,1,0,0,4.903463801547342
1579305600,51.16,45.6048230279223,,1,0,0,5.388216387151103
1579392000,51.56,45.6048230279223,,1,0,0,5.487629502354595
1579478400,53.68,45.6048230279223,,1,0,0,5.6063702521864105
1579564800,53.26,45.6048230279223,,1,0,0,5.446629519887381
1579651200,52.21,45.6048230279223,,1,0,0,5.258298839895425
1579737600,49.6,45.6048230279223,,1,0,0,5.17270606561718
1579824000,48.82,45.6048230279223,,1,0,0,5.1367984895016665
1579910400,48.72,45.6048230279223,,1,0,0,4.903455740251546
1579996800,53.65,45.6048230279223,,1,0,0,5.005351758805007
1580083200,55.18,45.6048230279223,,1,0,0,4.96425520460465
1580169600,56.74,45.6048230279223,,1,0,0,4.847522689990034
1580256000,61.74,49.64913495887907,,1,0,0,5.084842497847888
1580342400,66.3,53.212721462991155,,1,0,0,5.4887823194301815
1580428800,66.51,53.72144931669204,,1,0,0,5.607440725185169
1580515200,66.03,55.210804385022854,,1,0,0,5.529766387671942
1580601600,66.36,55.210804385022854,,1,0,0,5.451211645695374
1580688000,65.52,55.54145155186849,,1,0,0,5.318982242431419
1580774400,64.34,55.54145155186849,,1,0,0,5.212626367972033
1580860800,71.19,56.750175757013494,,1,0,0,5.5110101988311735
1580947200,70.14,59.38065818131214,,1,0,0,5.432366613200375
1581033600,68.38,59.38065818131214,,1,0,0,5.36362614082892
1581120000,70.02,59.38065818131214,,1,0,0,5.420509987912569
1581206400,71.33,59.973644814176545,,1,0,0,5.302616417347386
1581292800,69.77,59.973644814176545,,1,0,0,5.1874295303940015
1581379200,72.68,60.098802299483,,1,0,0,5.172613135365857
1581465600,73.12,63.72792206953469,,1,0,0,4.99814076855401
1581552000,72.01,63.72792206953469,,1,0,0,5.060416427943009
1581638400,72.92,63.72792206953469,,1,0,0,4.879672397375651
1581724800,64.46,63.72792206953469,,1,0,0,5.229695797563104
1581811200,60,,72.30413983017829,1,0,0,5.744717526308597
1581897600,64.2,,72.30413983017829,1,0,0,6.146523417286555
1581984000,65.74,,72.30413983017829,1,0,0,6.160343173194659
1582070400,62.1,,72.30413983017829,1,0,0,6.2603186608236125
1582156800,60.79,,72.30413983017829,1,0,0,6.254581613621925
1582243200,61.56,,72.30413983017829,1,0,0,6.090682926934646
1582329600,60.73,,72.30413983017829,1,0,0,5.817777003582171
1582416000,63.32,,72.30413983017829,1,0,0,5.615078646183446
1582502400,60.7,,72.30413983017829,1,0,0,5.604001600027486
1582588800,57.06,,69.51742846466206,1,0,0,5.5494300571683794
1582675200,51.33,,64.98468561819584,1,0,0,5.859470767370638
1582761600,52.96,,63.67371705637626,1,0,0,5.948794283987021
1582848000,50.83,,63.41084535073864,1,0,0,5.919594692273662
1582934400,48.96,,61.99276081566477,1,0,0,5.726052214254115
1583020800,49.1,,60.80098473409829,1,0,0,5.564191341807393
1583107200,52.33,,60.80098473409829,1,0,0,5.458891960249722
1583193600,50.78,,60.80098473409829,1,0,0,5.255399677374742
1583280000,50.17,,59.899967871157656,1,0,1,5.0642997004194035
1583366400,51.84,,59.899967871157656,1,0,0,4.917564007532304
1583452800,53.3,,59.899967871157656,1,0,0,4.746309435565712
1583539200,50.59,,59.899967871157656,1,0,0,4.638715904453875
1583625600,42.83,,55.809885920266545,1,0,0,4.9188076255643125
1583712000,42.18,,51.08089732823988,1,0,0,4.955321366595434
1583798400,41.4,,50.5533075954159,1,0,0,4.767798411838617
1583884800,40.24,,48.90147683587431,1,0,0,4.770812810993001
1583971200,25.45,,43.79182915228688,1,0,0,5.588611895922073
1584057600,27.34,,36.317646237058185,1,0,0,6.090139617641925
1584144000,24.95,,36.317646237058185,1,0,0,5.873701073524645
1584230400,25.68,,36.317646237058185,1,0,0,5.625579568272885
1584316800,24.68,,35.084169106815416,1,0,1,5.577323884824822
1584403200,25.06,,35.084169106815416,1,0,0,5.306086464480193
1584489600,29.73,,35.084169106815416,1,0,0,5.331366002731607
1584576000,31.95,,35.084169106815416,1,0,0,5.353411288250777
1584662400,33.08,,35.084169106815416,1,0,0,5.4395961962328645
1584748800,33.03,,35.084169106815416,1,0,0,5.308196467930516
1584835200,29.49,,35.084169106815416,1,0,0,5.39403957736405
1584921600,32.05,,35.084169106815416,1,0,0,5.300893893266618
1585008000,32.79,,35.084169106815416,1,0,0,5.022258615176146
1585094400,32.2,,35.084169106815416,1,0,0,4.811382999806421
1585180800,32.46,,35.084169106815416,1,0,0,4.566998499820248
1585267200,31.01,,35.084169106815416,1,0,0,4.392927178404515
1585353600,30.38,,35.084169106815416,1,0,0,4.222718094232765
1585440000,28.22,,35.084169106815416,1,0,0,4.085381087501853
1585526400,30.54,,35.084169106815416,1,0,0,4.034996724108863
1585612800,30.9,,35.084169106815416,1,0,0,3.8617826723868016
1585699200,31.32,,35.084169106815416,1,0,0,3.7223696243591724
1585785600,32.23,,35.084169106815416,1,0,0,3.664343222619231
1585872000,32.66,,35.084169106815416,1,0,0,3.5190329924321437
1585958400,33.03,,35.084169106815416,1,0,0,3.3833877786869904
1586044800,32.52,,35.084169106815416,1,0,0,3.248860080209348
1586131200,37.56,28.98703673048935,,1,0,0,3.387512931622966
1586217600,36.45,30.763833057440415,,1,0,0,3.3698334365070397
1586304000,37.86,31.36444975169637,,1,0,0,3.2669881910422514
1586390400,40.71,33.682504776526734,,1,0,0,3.3607747488249475
1586476800,36.62,33.682504776526734,,1,0,0,3.6085765524803084
1586563200,36.2,33.682504776526734,,1,0,0,3.510821084446001
1586649600,36.38,33.682504776526734,,1,0,0,3.4571910069855725
1586736000,35.75,33.682504776526734,,1,0,0,3.3359630779151748
1586822400,35.51,33.682504776526734,,1,0,0,3.185537143778377
1586908800,35.08,33.682504776526734,,1,0,0,3.06228449065135
1586995200,38.74,33.682504776526734,,1,0,0,3.2928355984619677
1587081600,40.4,33.682504776526734,,1,0,0,3.2976330557146842
1587168000,42.13,35.271663228106824,,1,0,0,3.2292306945922067
1587254400,46.44,37.82749690529614,,1,0,0,3.424285644978478
1587340800,41.89,37.82749690529614,,1,0,0,3.7446938131943006
1587427200,42.09,37.82749690529614,,1,0,0,3.6907871122518507
1587513600,45.53,37.82749690529614,,1,0,0,3.6971594613767187
1587600000,44.46,37.8466247195648,,1,0,0,3.636648071278382
1587686400,44.08,37.8466247195648,,1,0,0,3.481173209044212
1587772800,44.7,37.942316022847486,,1,0,0,3.418946551255339
1587859200,44.59,38.324584420562736,,1,0,0,3.290450369022815
1587945600,44.46,38.324584420562736,,1,0,0,3.2439896283783285
1588032000,44.62,38.324584420562736,,1,0,0,3.1365617977798763
1588118400,47.07,40.126732042590234,,1,0,0,3.1382359550813135
1588204800,44.76,40.126732042590234,,1,0,0,3.268361958289791
1588291200,45.73,40.126732042590234,,1,0,0,3.1634789612690914
1588377600,46.5,40.126732042590234,,1,0,0,3.062516178321299
1588464000,44.78,40.126732042590234,,1,0,0,3.010907879869778
1588550400,44.02,40.126732042590234,,1,0,0,2.9894144598790793
1588636800,43.84,40.126732042590234,,1,0,0,2.8980277127448595
1588723200,42.3,40.126732042590234,,1,0,0,2.879597161834513
1588809600,44.17,40.126732042590234,,1,0,0,2.924625935989191
1588896000,46.76,40.126732042590234,,1,0,0,3.0057240834185346
1588982400,45,40.26613170501905,,1,0,0,2.9903152203172105
1589068800,40.9,40.26613170501905,,1,0,0,3.2288641331516956
1589155200,39.68,,46.46988331893457,1,0,0,3.278945266498003
1589241600,42.21,,46.46988331893457,1,0,0,3.2854491760338598
1589328000,42.89,,46.46988331893457,1,0,0,3.1957742348885843
1589414400,43.2,,46.46988331893457,1,0,0,3.082504646682257
1589500800,41.87,,46.46988331893457,1,0,0,3.00732574334781
1589587200,42.51,,46.46988331893457,1,0,0,2.8889453331086807
1589673600,46.25,,46.46988331893457,1,0,0,3.043306380743775
1589760000,48.07,41.82712156469188,,1,0,0,3.06949878211922
1589846400,48.97,41.82712156469188,,1,0,0,3.035248869110704
1589932800,48.39,42.32151846740042,,1,0,0,3.096302521317082
1590019200,46,42.32151846740042,,1,0,0,3.1887094840801473
1590105600,47.7,42.32151846740042,,1,0,0,3.1759445209315653
1590192000,46.91,42.32151846740042,,1,0,0,3.081948483722168
1590278400,45,42.32151846740042,,1,0,0,3.0668093063134414
1590364800,45.94,42.32151846740042,,1,0,0,2.937037213005339
1590451200,44.85,42.32151846740042,,1,0,0,2.873677412076386
1590537600,46.21,42.32151846740042,,1,0,0,2.798414739785216
1590624000,47.73,42.32151846740042,,1,0,0,2.7385279726577
1590710400,46.6,42.32151846740042,,1,0,0,2.676490260325007
1590796800,54.55,44.68958377426402,,1,0,0,3.212455241730364
1590883200,51.51,46.20062539683762,,1,0,0,3.3472798673210526
1590969600,54.65,46.20062539683762,,1,0,0,3.4074741625124054
1591056000,51.48,46.20062539683762,,1,0,0,3.5362260080472336
1591142400,52.83,46.20062539683762,,1,0,0,3.4757812931867167
1591228800,52.24,46.20062539683762,,1,0,0,3.406796915101952
1591315200,52.57,46.39264419057864,,1,0,0,3.3384542783089555
1591401600,52.83,46.39264419057864,,1,0,0,3.2464218298583156
1591488000,52.21,46.39264419057864,,1,0,0,3.19739169915415
1591574400,52.5,46.39264419057864,,1,0,0,3.0468637206431386
1591660800,51.98,46.39264419057864,,1,0,0,3.0085163120257716
1591747200,55.21,47.597647918094786,,1,0,0,3.0614794325953594
1591833600,49.64,47.597647918094786,,1,0,0,3.307802330267119
1591920000,51.61,47.597647918094786,,1,0,0,3.375102163819468
1592006400,52.81,47.597647918094786,,1,0,0,3.2925948664037916
1592092800,51.1,47.597647918094786,,1,0,0,3.2359809473749492
1592179200,52.2,47.597647918094786,,1,0,0,3.3576965939910237
1592265600,52.97,47.597647918094786,,1,0,0,3.2650039801345216
1592352000,52.91,47.597647918094786,,1,0,0,3.1739322672677703
1592438400,51.95,47.597647918094786,,1,0,0,3.1022228196057866
1592524800,51.41,47.597647918094786,,1,0,0,2.992064046776801
1592611200,51.4,47.597647918094786,,1,0,0,2.8812023291498865
1592697600,50.51,47.597647918094786,,1,0,0,2.813973591353466
1592784000,53.53,47.597647918094786,,1,0,0,2.853689763399647
1592870400,58.23,50.66971906558226,,1,0,0,3.407711923156815
1592956800,55.2,50.66971906558226,,1,0,0,3.625018214359899
1593043200,55.81,50.66971906558226,,1,0,0,3.6389454847627634
1593129600,55.7,50.66971906558226,,1,0,0,3.544735092993995
1593216000,52.24,50.66971906558226,,1,0,0,3.640825443494424
1593302400,51.81,50.66971906558226,,1,0,0,3.594337911816251
1593388800,52.42,50.66971906558226,,1,0,0,3.484028060972233
1593475200,51.44,50.66971906558226,,1,0,0,3.3644546280456447
1593561600,51.86,50.66971906558226,,1,0,0,3.2191364403280986
1593648000,51.18,50.66971906558226,,1,0,0,3.2784838374475203
1593734400,51.11,50.66971906558226,,1,0,0,3.135734991915555
1593820800,51.43,50.66971906558226,,1,0,0,2.9974682067787297
1593907200,51.16,50.66971906558226,,1,0,0,2.8969347634373923
1593993600,55.55,50.66971906558226,,1,0,0,3.030010851763293
1594080000,55.08,50.66971906558226,,1,0,0,2.977867219494486
1594166400,57.94,50.66971906558226,,1,0,0,3.0887338466734513
1594252800,56.86,51.04005008620969,,1,0,0,3.1073957147682045
1594339200,56.07,51.04005008620969,,1,0,0,3.08329602085619
1594425600,55.84,51.04005008620969,,1,0,0,2.983774876509319
1594512000,58.65,52.129101512846866,,1,0,0,3.1513623853300814
1594598400,61.26,54.473691361562175,,1,0,0,3.314122214949361
1594684800,62.02,54.473691361562175,,1,0,0,3.3759706281672637
1594771200,61.14,54.99194000286536,,1,0,0,3.3326870118696017
1594857600,59.1,54.99194000286536,,1,0,0,3.4239236538789157
1594944000,59.5,54.99194000286536,,1,0,0,3.357214821458993
1595030400,59.06,54.99194000286536,,1,0,0,3.250985191354779
1595116800,58.38,54.99194000286536,,1,0,0,3.2109148205437235
1595203200,57.05,54.99194000286536,,1,0,0,3.1044209047906004
1595289600,62.45,54.99194000286536,,1,0,0,3.291247983019843
1595376000,64.28,56.037807408856494,,1,0,0,3.33758741280414
1595462400,63.51,57.40202666797085,,1,0,0,3.2534740261752724
1595548800,63.01,57.40202666797085,,1,0,0,3.2403687385913242
1595635200,65.69,57.99684160105638,,1,0,0,3.23962811440623
1595721600,66.15,58.97965744095075,,1,0,0,3.258226106234357
1595808000,70.77,62.11869169685566,,1,0,0,3.4697813843604743
1595894400,70.57,63.51782252717012,,1,0,0,3.578368428334726
1595980800,72.13,64.7585402744531,,1,0,0,3.6263421120251027
1596067200,70.48,64.7585402744531,,1,0,0,3.5894605325947384
1596153600,74.9,65.046867622307,,1,0,0,3.665213351695115
1596240000,89.37,73.4516808600763,,1,0,0,4.906269540859749
1596326400,84.31,73.4516808600763,,1,0,0,5.817250287941195
1596412800,82.3,73.4516808600763,,1,0,0,5.732446695945394
1596499200,84.93,73.4516808600763,,1,0,0,5.690129074806437
1596585600,97.46,77.37923181229607,,1,0,0,6.222976998034548
1596672000,96.75,82.52480863106646,,1,0,0,6.544907212460651
1596758400,94.42,82.52480863106646,,1,0,0,6.83455669728489
1596844800,97.08,82.52480863106646,,1,0,0,6.874945504621684
1596931200,92.01,82.52480863106646,,1,0,0,6.953163682862993
1597017600,89.01,82.52480863106646,,1,0,0,7.003651991229923
1597104000,80.88,,100.51868150144156,1,0,0,7.324819706142072
1597190400,83.52,,96.87081335129741,1,0,0,7.422332584274781
1597276800,87.4,,96.87081335129741,1,0,0,7.651451685398011
1597363200,85.03,,96.87081335129741,1,0,0,7.454919422155297
1597449600,85.12,,96.87081335129741,1,0,0,7.266710892001347
1597536000,85.3,,96.87081335129741,1,0,0,7.131945828286965
1597622400,86.74,,96.87081335129741,1,0,0,7.1525211262664685
1597708800,83.14,,96.87081335129741,1,0,0,7.136626760104578
1597795200,76.3,,94.38743408190416,1,0,0,7.471153420097108
1597881600,78.87,,92.89469067371375,1,0,0,7.263213890090172
1597968000,73.56,,92.59222160634238,1,0,0,7.342984326512302
1598054400,76.88,,89.72799944570814,1,0,0,7.277771160332852
1598140800,84.36,,89.72799944570814,1,0,0,7.4936446488805055
1598227200,80.26,,89.72799944570814,1,0,0,7.378384316817612
1598313600,72.93,,89.72799944570814,1,0,0,7.663499722759211
1598400000,75,,89.72799944570814,1,0,0,7.41896402827641
1598486400,72.13,,87.65803604269621,1,0,0,7.265466597685238
1598572800,76.24,,87.65803604269621,1,0,0,7.180076126422007
1598659200,78.68,,87.65803604269621,1,0,0,7.082213545963292
1598745600,81.11,,87.65803604269621,1,0,0,6.897055435537344
1598832000,78.29,,87.65803604269621,1,0,0,6.71726576157039
1598918400,83.17,,87.65803604269621,1,0,0,6.846746778601077
1599004800,75.9,,87.65803604269621,1,0,0,7.273407722986714
1599091200,56.77,,81.91532602080986,1,0,0,8.596735742773378
1599177600,59.64,,75.81579341872887,1,0,0,8.54554033257528
1599264000,55.98,,74.38421407685598,1,0,0,8.60014459453419
1599350400,58.92,,74.38421407685598,1,0,0,8.395134266353176
1599436800,61.86,,74.38421407685598,1,0,0,8.367624675899378
1599523200,58.69,,74.38421407685598,1,0,0,8.314222913335138
1599609600,59.92,,74.38421407685598,1,0,0,8.010349848096913
1599696000,62.07,,74.38421407685598,1,0,0,7.661753430375705
1599782400,63.32,,74.38421407685598,1,0,0,7.484485328206012
1599868800,65.68,,74.38421407685598,1,0,0,7.297022090477013
1599955200,62.54,,74.38421407685598,1,0,0,7.1600919411572255
1600041600,63.28,,74.38421407685598,1,0,0,6.897942516788853
1600128000,59.4,,74.38421407685598,1,0,0,6.856660908446792
1600214400,58.34,,70.529705668283,1,0,0,6.549042272129164
1600300800,59.65,,70.36323510145469,1,0,0,6.270539252691366
1600387200,57.9,,69.55141159130923,1,0,0,6.02764359178484
1600473600,57.97,,68.6807704321783,1,0,0,5.742097620943065
1600560000,57.6,,66.59919338896047,1,0,0,5.5462335051614176
1600646400,51.63,,65.35127405006443,1,0,0,5.64650254050703
1600732800,53.31,,62.45664664505799,1,0,0,5.449609501899386
1600819200,51.84,,61.67948198055218,1,0,0,5.313923108906573
1600905600,55.16,,61.67948198055218,1,0,0,5.234357172556102
1600992000,54.87,,61.67948198055218,1,0,0,5.0476173745163795
1601078400,56.2,,61.67948198055218,1,0,0,4.889930419193782
1601164800,55.55,,61.67948198055218,1,0,0,4.769935389251368
1601251200,56.22,,61.67948198055218,1,0,0,4.632797147161985
1601337600,61.25,,61.67948198055218,1,0,0,4.7540259223647
1601424000,64.1,53.277379011596025,,1,0,0,4.777309785052935
1601510400,64.67,55.93364111043642,,1,0,0,4.908930514692011
1601596800,63.85,55.93364111043642,,1,0,0,5.137578335071153
1601683200,60.73,55.93364111043642,,1,0,0,5.019894168280355
1601769600,63.12,55.93364111043642,,1,0,0,4.982758870546044
1601856000,65.76,55.93364111043642,,1,0,0,4.941133236935611
1601942400,61.48,55.93364111043642,,1,0,0,5.032480862868781
1602028800,61.48,55.93364111043642,,1,0,0,4.873017944092441
1602115200,61.99,55.93364111043642,,1,0,0,4.854945233800123
1602201600,63.52,55.93364111043642,,1,0,0,4.8545920028144
1602288000,66.79,56.287905566715786,,1,0,0,4.816406859756228
1602374400,72.46,60.12811501004421,,1,0,0,4.990949226916497
1602460800,72.93,63.0283035090398,,1,0,0,5.028738567851032
1602547200,70.07,63.0283035090398,,1,0,0,5.029542955861673
1602633600,68.75,63.0283035090398,,1,0,0,4.97028988758584
1602720000,68.24,63.0283035090398,,1,0,0,4.859554895615423
1602806400,62.59,,75.69670106771899,1,0,0,5.155300974500036
1602892800,62.99,,72.0350309609471,1,0,0,4.969208047750032
1602979200,64.42,,72.0350309609471,1,0,0,4.75712175862503
1603065600,64.08,,72.0350309609471,1,0,0,4.674470204437528
1603152000,57.85,,70.59538257053043,1,0,0,4.947722332691989
1603238400,62.72,,70.59538257053043,1,0,0,5.11288502321399
1603324800,65.54,,70.59538257053043,1,0,0,5.069821807270133
1603411200,63.26,,70.59538257053043,1,0,0,5.054834535322267
1603497600,64.14,,70.59538257053043,1,0,0,4.983774925656391
1603584000,62.77,,70.59538257053043,1,0,0,4.849933859538077
1603670400,60.2,,70.59538257053043,1,0,0,4.887081440999643
1603756800,61.2,,70.14138747479873,1,0,0,4.698004195213954
1603843200,56.8,,67.89624872731886,1,0,0,4.8217181812701
1603929600,56.87,,65.45312385458698,1,0,0,4.716595454036522
1604016000,58.21,,65.45312385458698,1,0,0,4.790410064462485
1604102400,58.16,,65.45312385458698,1,0,0,4.596095059858022
1604188800,58.17,,65.45312385458698,1,0,0,4.378516841296735
1604275200,54.77,,65.39538406099452,1,0,0,4.405051352632682
1604361600,53.2,,61.57534565489507,1,0,0,4.330404827444633
1604448000,54.09,,61.25181108940556,1,0,0,4.212518768341446
1604534400,56.69,,61.25181108940556,1,0,0,4.2423388563170565
1604620800,61.57,50.5941330175815,,1,0,0,4.320028938008695
1604707200,57.4,50.5941330175815,,1,0,0,4.527169728150931
1604793600,60.61,50.5941330175815,,1,0,0,4.560943318997293
1604880000,58.42,50.5941330175815,,1,0,0,4.618018796211773
1604966400,59.06,50.86283717283523,,1,0,0,4.626017453625217
1605052800,58.92,50.86283717283523,,1,0,0,4.451301921223417
1605139200,62.99,51.594148109996524,,1,0,0,4.532637498278887
1605225600,65.8,54.835233298996876,,1,0,0,4.521734819830394
1605312000,63.9,54.835233298996876,,1,0,0,4.515182332699651
1605398400,61.16,54.835233298996876,,1,0,0,4.521955023221104
1605484800,64.55,54.835233298996876,,1,0,0,4.686101092991025
1605571200,66.82,56.495219567471864,,1,0,0,4.564951014920237
1605657600,63.17,56.495219567471864,,1,0,0,4.785311656711648
1605744000,62.38,56.495219567471864,,1,0,0,4.707075109803673
1605830400,63.23,56.495219567471864,,1,0,0,4.552998316246268
1605916800,72.62,57.42436205821829,,1,0,0,4.9849270079429635
1606003200,68.79,58.48392585239645,,1,0,0,5.267432221661323
1606089600,79.52,61.46653326715681,,1,0,0,5.843329920114086
1606176000,86.8,68.88237994044113,,1,0,0,6.423806354391651
1606262400,78.15,68.88237994044113,,1,0,0,6.901391614792247
1606348800,70.16,68.88237994044113,,1,0,0,7.584149356592801
1606435200,69.5,68.88237994044113,,1,0,0,7.42385297397903
1606521600,75.31,68.88237994044113,,1,0,0,7.4364349044091
1606608000,75.06,68.88237994044113,,1,0,0,7.24740383980845
1606694400,78.91,68.88237994044113,,1,0,0,7.183303565536418
1606780800,74.82,68.88237994044113,,1,0,0,7.435924739426674
1606867200,76.66,68.88237994044113,,1,0,0,7.1733586866104835
1606953600,75.69,68.88237994044113,,1,0,0,6.865975923281162
1607040000,69.01,68.88237994044113,,1,0,0,6.930549071618222
1607126400,71.83,68.88237994044113,,1,0,0,6.718366995074063
1607212800,74.61,68.88237994044113,,1,0,0,6.599912209711628
1607299200,75.57,68.88237994044113,,1,0,0,6.364918480446512
1607385600,69.61,68.88237994044113,,1,0,0,6.413852874700333
1607472000,69.38,68.88237994044113,,1,0,0,6.3500062407931654
1607558400,65.96,,79.85765180597687,1,0,0,6.232862937879368
1607644800,63.71,,76.12438662537919,1,0,0,6.049087013745127
1607731200,65.95,,76.12438662537919,1,0,0,5.851295084191904
1607817600,68.25,,76.12438662537919,1,0,0,5.735488292463911
1607904000,68,,76.12438662537919,1,0,0,5.495810557287918
1607990400,67.63,,76.12438662537919,1,0,0,5.301824088910209
1608076800,73.21,,76.12438662537919,1,0,0,5.381693796845194
1608163200,74.28,,76.12438662537919,1,0,0,5.408001382784823
1608249600,73.89,,76.12438662537919,1,0,0,5.363144141157336
1608336000,73.5,,76.12438662537919,1,0,0,5.205062416788954
1608422400,73.69,,76.12438662537919,1,0,0,5.265415101304029
1608508800,67.77,,76.12438662537919,1,0,0,5.617171165496599
1608595200,67.64,,76.12438662537919,1,0,0,5.618801796532556
1608681600,55.42,,72.109712885532,1,0,0,6.7603159539230875
1608768000,62.1,,72.109712885532,1,0,0,6.872436242928581
1608854400,64.27,,72.109712885532,1,0,0,6.725833654147968
1608940800,66.56,,72.109712885532,1,0,0,6.7275598217088275
1609027200,66.97,,72.109712885532,1,0,0,6.879876977301054
1609113600,69.04,,72.109712885532,1,0,0,6.76202862177955
1609200000,65.33,,72.109712885532,1,0,0,6.925455148795298
1609286400,64.09,,72.109712885532,1,0,0,6.676494066738491
1609372800,63.91,,72.109712885532,1,0,0,6.441030204828599
1609459200,56.6,,72.109712885532,1,0,0,6.899528047340842
1609545600,57.46,,71.30339466812217,1,0,0,6.74241890110221
1609632000,59.35,,71.30339466812217,1,0,0,6.665103265309194
1609718400,60.34,,71.30339466812217,1,0,0,6.78759588921568
1609804800,59.64,,71.30339466812217,1,0,0,6.535624754271703
1609891200,63.92,,71.30339466812217,1,0,0,6.525937271823723
1609977600,67.75,,71.30339466812217,1,0,0,6.873370323836314
1610064000,68.59,,71.30339466812217,1,0,0,7.0209867292765775
1610150400,78.44,57.05426431376063,,1,0,0,7.535916248613965
1610236800,96.37,68.34333788238459,,1,0,0,8.638350802284396
1610323200,88.24,70.04650409414612,,1,0,0,10.262754316406939
1610409600,99.72,70.04650409414612,,1,0,0,11.04612900809216
1610496000,117.35,78.29546831625835,,1,0,0,12.27283407894272
1610582400,111.71,84.34092148463253,,1,0,0,12.324060216161099
1610668800,103.25,84.34092148463253,,1,0,0,12.909484486435307
1610755200,108.08,84.34092148463253,,1,0,0,12.859521308832784
1610841600,102.25,84.34092148463253,,1,0,0,12.713126929630443
1610928000,103.98,84.34092148463253,,1,0,0,12.257903577513984
1611014400,102.42,84.34092148463253,,1,0,0,12.175910464834415
1611100800,98.99,84.34092148463253,,1,0,0,12.264774003060527
1611187200,82.92,,117.88446943025687,1,0,0,12.628004431413347
1611273600,86.94,,111.34952248723117,1,0,0,12.833861257740965
1611360000,85.95,,111.34952248723117,1,0,0,12.40001402504518
1611446400,90,,111.34952248723117,1,0,0,12.044298737541952
1611532800,87.89,,111.34952248723117,1,0,0,11.799705970574669
1611619200,89.26,,110.12572120387236,1,0,0,11.429012686962194
1611705600,78.41,,106.18164908348513,1,0,0,11.539083209322039
1611792000,86.82,,106.18164908348513,1,0,0,11.559862980084748
1611878400,85.49,,106.18164908348513,1,0,0,11.309158481507268
1611964800,84.51,,105.66374718186066,1,0,0,10.752790018542461
1612051200,85.65,,105.0303724636746,1,0,0,10.356876445789428
1612137600,88.69,,105.0303724636746,1,0,0,10.014956699661614
1612224000,92.37,,105.0303724636746,1,0,0,9.74531693540007
1612310400,95.23,,105.0303724636746,1,0,0,9.372794297157208
1612396800,90,,105.0303724636746,1,0,0,9.27116613307455
1612483200,96.44,,105.0303724636746,1,0,0,9.143225694997795
1612569600,94.24,,105.0303724636746,1,0,0,8.988709573926524
1612656000,92.3,,105.0303724636746,1,0,0,8.835944604360344
1612742400,98.01,,105.0303724636746,1,0,0,8.725519989763177
1612828800,108.77,86.42395695368606,,1,0,0,9.022268561922951
1612915200,116.41,95.50056125831746,,1,0,0,9.48996366464274
1613001600,142.34,107.40400513248571,,1,0,0,11.446394831453972
1613088000,142.79,115.98660461923713,,1,0,0,11.799509486350116
1613174400,176.11,134.57244415731344,,1,0,0,14.380258808753679
1613260800,156.33,134.57244415731344,,1,0,0,15.288097465271274
1613347200,158.61,134.57244415731344,,1,0,0,18.15323336060904
1613433600,155.68,134.57244415731344,,1,0,0,18.269430977708392
1613520000,168.37,134.57244415731344,,1,0,0,18.867328765014935
1613606400,169.25,134.57244415731344,,1,0,0,19.098233853228155
1613692800,180.19,134.57244415731344,,1,0,0,19.734074292283285
1613779200,164.09,134.57244415731344,,1,0,0,20.42806898569162
1613865600,161.87,134.57244415731344,,1,0,0,19.663206915285077
1613952000,144.39,134.57244415731344,,1,0,0,21.258692135621857
1614038400,127.13,,175.33332597505307,1,0,0,22.736642697363152
1614124800,130.96,,175.33332597505307,1,0,0,22.057596790408642
1614211200,121.25,,175.33332597505307,1,0,0,21.88205416252231
1614297600,118.23,,164.3268496358137,1,0,0,21.150478865199286
1614384000,119.78,,163.33416467223233,1,0,0,20.18330180339934
1614470400,111.31,,153.4692482050091,1,0,0,19.886637388870813
1614556800,124.4,,153.4692482050091,1,0,0,19.617591861094326
1614643200,120.51,,153.4692482050091,1,0,0,18.9606210138733
1614729600,126.69,,153.4692482050091,1,0,0,18.457005227168064
1614816000,122.03,,153.4692482050091,1,0,0,18.02079056808463
1614902400,121.12,,153.0065699225758,1,0,0,17.536448384650015
1614988800,125.19,,153.0065699225758,1,0,0,16.905987785746444
1615075200,130.08,,153.0065699225758,1,0,0,16.113417229621696
1615161600,129.55,,153.0065699225758,1,0,0,15.565315998934434
1615248000,137.69,,153.0065699225758,1,0,0,15.210650570439116
1615334400,139.82,,153.0065699225758,1,0,0,14.907032672550608
1615420800,151.86,,153.0065699225758,1,0,0,15.47510176736842
1615507200,145.36,,153.0065699225758,1,0,0,15.429023069699246
1615593600,156.12,117.53305179895887,,1,0,0,15.948378564720727
1615680000,143.18,119.64574661906298,,1,0,0,15.885637238669245
1615766400,135.1,119.64574661906298,,1,0,0,15.697377435907157
1615852800,139.41,119.64574661906298,,1,0,0,15.313993333342358
1615939200,146.02,119.64574661906298,,1,0,0,15.112993809532188
1616025600,142.97,119.64574661906298,,1,0,0,14.680637108851318
1616112000,150.31,119.64574661906298,,1,0,0,14.553448743933368
1616198400,155.03,127.84557586398145,,1,0,0,14.364630976509556
1616284800,148.18,127.84557586398145,,1,0,0,14.152871621044588
1616371200,139.53,127.84557586398145,,1,0,0,13.870523648112831
1616457600,136.02,127.84557586398145,,1,0,0,13.486200530390487
1616544000,127.67,,159.66948217564178,1,0,0,13.680043349648312
1616630400,123.02,,148.5315339580776,1,0,0,13.612897396102003
1616716800,133.46,,148.5315339580776,1,0,0,13.394119010666147
1616803200,133.62,,148.5315339580776,1,0,0,13.099539081332852
1616889600,144.87,,148.5315339580776,1,0,0,13.24457200409479
1616976000,149.18,124.3900635701053,,1,0,0,13.577816860945163
1617062400,154.6,125.30855721309477,,1,0,0,13.415829942306223
1617148800,158.22,126.77320149178529,,1,0,0,13.292556374998636
1617235200,165.53,133.81138134260678,,1,0,0,13.363802348213017
1617321600,169.52,144.46874320834607,,1,0,0,13.413530751912088
1617408000,171.61,144.6138688875115,,1,0,0,13.612564269632655
1617494400,187.14,152.62048199876034,,1,0,0,14.497381107516036
1617580800,197.13,161.6464337988843,,1,0,0,14.708996742693461
1617667200,191.11,161.6464337988843,,1,0,0,15.000496975358214
1617753600,171.26,161.6464337988843,,1,0,0,16.206890048546914
1617840000,184.74,161.6464337988843,,1,0,0,16.16211218793642
1617926400,194.65,161.6464337988843,,1,0,0,16.093389888798104
1618012800,206.15,168.3923826939032,,1,0,0,16.123147753883952
1618099200,222.31,183.74964442451287,,1,0,0,16.820780057177952
1618185600,221.39,185.7801799820616,,1,0,0,17.61358148166524
1618272000,225.98,188.21416198385543,,1,0,0,17.45261137583201
1618358400,237.5,192.6167457854699,,1,0,0,18.05885342041544
1618444800,252.27,206.7010712069229,,1,0,0,18.195363890385764
1618531200,270.03,211.51946408623058,,1,0,0,19.534266469643928
1618617600,279.95,240.42551767760756,,1,0,0,20.283961721812215
1618704000,260.05,240.42551767760756,,1,0,0,25.945107313111343
1618790400,225.55,,305.65168068113786,1,0,0,27.290456790746244
1618876800,249.64,,294.1585126130241,1,0,0,28.297567019978654
1618963200,237.29,,294.1585126130241,1,0,0,28.05488366140875
1619049600,223.91,,294.1585126130241,1,0,0,28.188820542736696
1619136000,220.31,,265.1377506948945,1,0,0,30.443904789684073
1619222400,198.46,,265.1377506948945,1,0,0,29.943625876135208
1619308800,202.31,,265.1377506948945,1,0,0,29.556938313554124
1619395200,227.09,,265.1377506948945,1,0,0,29.445728434014544
1619481600,241.89,,265.1377506948945,1,0,0,28.73674783158494
1619568000,240.65,,265.1377506948945,1,0,0,27.92269441504316
1619654400,229.42,,265.1377506948945,1,0,0,27.216787671111508
1619740800,245.37,,265.1377506948945,1,0,0,27.139874266032113
1619827200,257.4,,265.1377506948945,1,0,0,26.29774038988696
1619913600,243.3,,265.1377506948945,1,0,0,25.712187504895034
1620000000,250.48,,265.1377506948945,1,0,0,24.73845982597396
1620086400,241,,265.1377506948945,1,0,0,25.65356983840439
1620172800,292.01,209.73771438496476,,1,0,0,28.28545770708979
1620259200,308.57,234.47694294646834,,1,0,0,30.140067870869093
1620345600,320.01,252.4367486518215,,1,0,0,31.3786344515213
1620432000,316.25,252.4367486518215,,1,0,0,32.63373199069835
1620518400,305.4,252.4367486518215,,1,0,0,32.46060827707704
1620604800,283.76,252.4367486518215,,1,0,0,34.81127911442868
1620691200,302.07,252.4367486518215,,1,0,0,34.518330606255205
1620777600,280.13,252.4367486518215,,1,0,0,39.17630699152269
1620864000,296.36,252.4367486518215,,1,0,0,41.72799934927106
1620950400,305.67,252.4367486518215,,1,0,0,41.42171368146598
1621036800,271.08,252.4367486518215,,1,0,0,41.90944841850412
1621123200,262.4,252.4367486518215,,1,0,0,42.15663067432525
1621209600,235.52,,333.83793218923313,1,0,0,41.72187134044487
1621296000,254.91,,333.83793218923313,1,0,0,40.852451958984524
1621382400,146.22,,291.88542507327884,1,0,0,49.57370539048562
1621468800,182.4,,275.67738256595095,1,0,0,50.40701214830808
1621555200,156.26,,275.61264430935586,1,0,0,50.77865413771464
1621641600,142.57,,252.98387987842028,1,0,0,49.145893127877876
1621728000,114.32,,225.75749189057825,1,0,0,50.0511864758866
1621814400,149.16,,225.75749189057825,1,0,0,48.9853874418947
1621900800,145.4,,225.75749189057825,1,0,0,47.25500262461651
1621987200,158.6,,225.75749189057825,1,0,0,45.07178815142962
1622073600,150.27,,225.75749189057825,1,0,0,43.20094614061322
1622160000,164.62,,225.75749189057825,1,0,0,42.75659284485513
1622246400,149.24,,225.75749189057825,1,0,0,42.93969335593691
1622332800,149.84,,225.75749189057825,1,0,0,41.48257240194141
1622419200,161.65,,225.75749189057825,1,0,0,40.07096008751703
1622505600,154.04,,225.75749189057825,1,0,0,38.37446293840867
1622592000,164.35,,225.75749189057825,1,0,0,37.17628701423662
1622678400,172.95,,225.75749189057825,1,0,0,35.592980798934
1622764800,155.28,,224.7098138595215,1,0,0,34.97062502758157
1622851200,153.17,,215.80483247356932,1,0,0,33.44986609704003
1622937600,149.63,,208.90734922621243,1,0,0,31.744875661537176
1623024000,135.72,,200.17961430359117,1,0,0,30.93595597142738
1623110400,130.88,,183.08765287323206,1,0,0,30.155530544896852
1623196800,145.05,,183.08765287323206,1,0,0,29.494421220261366
1623283200,134,,183.08765287323206,1,0,0,28.80481970452841
1623369600,124.74,,178.09819394458617,1,0,0,27.69090401134781
1623456000,125.85,,170.12987455012754,1,0,0,26.460839439108685
1623542400,133.06,,170.12987455012754,1,0,0,25.449350907743774
1623628800,139,,170.12987455012754,1,0,0,24.39796870004779
1623715200,136.58,,170.12987455012754,1,0,0,23.21739950718723
1623801600,137.31,,170.12987455012754,1,0,0,22.394728113816715
1623888000,142.27,,170.12987455012754,1,0,0,21.526533248544094
1623974400,132.88,,170.12987455012754,1,0,0,20.996066587933804
1624060800,127.9,,164.1273623102149,1,0,0,20.052061831652818
1624147200,131.81,,158.2866260791934,1,0,0,19.538343129391905
1624233600,101.3,,152.64396347127408,1,0,0,20.448461477292483
1624320000,106.5,,135.27456712414664,1,0,0,20.718571371771592
1624406400,111.79,,135.27456712414664,1,0,0,20.313673416645052
1624492800,112.82,,135.27456712414664,1,0,0,19.580553886884694
1624579200,100.08,,135.27456712414664,1,0,0,19.389085752107217
1624665600,103.61,,132.56563499015263,1,0,0,18.507008198385275
1624752000,107.71,,132.56563499015263,1,0,0,17.832936184214898
1624838400,118,,132.56563499015263,1,0,0,17.517726456770976
1624924800,126.49,,132.56563499015263,1,0,0,17.235745995573048
1625011200,130.91,,132.56563499015263,1,0,0,16.802478424460684
1625097600,120.17,,132.56563499015263,1,0,0,16.490158536999207
1625184000,118.5,,132.56563499015263,1,0,0,15.971575784356405
1625270400,116.22,,132.56563499015263,1,0,0,15.255034656902376
1625356800,120.25,,132.56563499015263,1,0,0,15.053246467123637
1625443200,111.17,,132.56563499015263,1,0,0,14.693728862329092
1625529600,117.51,,132.56563499015263,1,0,0,14.231319657877012
1625616000,118.55,,132.56563499015263,1,0,0,13.699796825171514
1625702400,109.46,,132.56563499015263,1,0,0,13.556239909087834
1625788800,111.01,,131.80514417087494,1,0,0,13.146508487010133
1625875200,108.12,,131.62262975378744,1,0,0,12.699615023652266
1625961600,110.84,,130.27386677840872,1,0,0,12.253928236248532
1626048000,107.68,,129.36148010056783,1,0,0,11.972933362230778
1626134400,104.1,,125.05433209051105,1,0,0,11.602009550642865
1626220800,104.55,,121.20789888145995,1,0,0,11.374008868454089
1626307200,100.17,,121.20789888145995,1,0,0,11.15015109213594
1626393600,93.06,,116.78184809398256,1,0,0,11.061568871269088
1626480000,93.16,,111.99816328458431,1,0,0,10.557171094749867
1626566400,93.95,,111.99816328458431,1,0,0,10.323087445124875
1626652800,89.25,,111.99816328458431,1,0,0,10.433581199044527
1626739200,85.65,,105.71926103446197,1,0,0,10.315468256255631
1626825600,95.18,,105.71926103446197,1,0,0,10.391506237951658
1626912000,97.6,,105.71926103446197,1,0,0,10.117112935240824
1626998400,97.73,,105.71926103446197,1,0,0,9.894462011295051
1627084800,99.26,,105.71926103446197,1,0,0,9.593429010488263
1627171200,100.44,,105.71926103446197,1,0,0,9.262469795453386
1627257600,101.33,,105.71926103446197,1,0,0,9.28729338149243
1627344000,102.85,,105.71926103446197,1,0,0,9.027486711385828
1627430400,105.88,88.31266843093344,,1,0,0,8.708380517715412
1627516800,107.84,91.76240158784009,,1,0,0,8.411353337878596
1627603200,109.91,91.76240158784009,,1,0,0,8.329828099458696
1627689600,111.15,96.62819528615049,,1,0,0,8.002697520925933
1627776000,115.53,101.68387575753543,,1,0,0,8.370361983716938
1627862400,115.26,101.68387575753543,,1,0,0,8.256050413451442
1627948800,114.05,101.68387575753543,,1,0,0,8.206332526776338
1628035200,118.08,101.68387575753543,,1,0,0,8.200165917720884
1628121600,119.03,102.495668384519,,1,0,0,8.08943978074082
1628208000,126.93,107.29660154606711,,1,0,0,8.312336939259334
1628294400,134.17,114.07844139146039,,1,0,0,8.397170015026523
1628380800,123.48,114.07844139146039,,1,0,0,8.8545150139532
1628467200,130.65,114.07844139146039,,1,0,0,9.202049655813685
1628553600,131.87,114.07844139146039,,1,0,0,9.004046108969849
1628640000,137.18,118.83744839693716,,1,0,0,9.147328529757715
1628726400,133.6,118.83744839693716,,1,0,0,9.38823363477502
1628812800,144.93,119.3633832015191,,1,0,0,9.614788375148233
1628899200,144.89,122.7420448813672,,1,0,0,9.678017776923358
1628985600,154.82,127.5808403932305,,1,0,0,10.109587935714545
1629072000,150.12,132.48175635390743,,1,0,0,10.063903083163506
1629158400,141.45,132.48175635390743,,1,0,0,10.712910005794685
1629244800,140.76,132.48175635390743,,1,0,0,10.661987862523635
1629331200,147.37,132.48175635390743,,1,0,0,10.63113158662909
1629417600,153.75,132.48175635390743,,1,0,0,10.580336473298441
1629504000,155.89,132.48175635390743,,1,0,0,10.537455296634267
1629590400,160.54,135.83569679347693,,1,0,0,10.426922775446103
1629676800,165.12,143.1816271141292,,1,0,0,10.330714005771382
1629763200,155.3,143.1816271141292,,1,0,0,10.92423443393057
1629849600,163.8,143.1816271141292,,1,0,0,11.141074831506957
1629936000,144,143.1816271141292,,1,0,0,11.910998057827891
1630022400,152.3,143.1816271141292,,1,0,0,11.967355339411615
1630108800,150.5,143.1816271141292,,1,0,0,11.52682995802507
1630195200,148.3,143.1816271141292,,1,0,0,11.289199246737565
1630281600,141.2,,167.28778730835603,1,0,0,11.104256443399168
1630368000,143.8,,165.79100857752044,1,0,0,10.976095268870655
1630454400,151.7,,165.79100857752044,1,0,0,10.992088463951323
1630540800,150.7,,165.79100857752044,1,0,0,10.564082145097657
1630627200,156.4,,165.79100857752044,1,0,0,10.745219134733537
1630713600,160.1,,165.79100857752044,1,0,0,10.506274910823999
1630800000,172.8,145.38013939505993,,1,0,0,10.948683845765144
1630886400,171.1,147.63712545555396,,1,0,0,11.02377785678192
1630972800,136.4,,175.59658709000144,1,0,0,14.07922229558321
1631059200,135.4,,161.4169283810013,1,0,0,14.430706417327267
1631145600,137.6,,161.4169283810013,1,0,0,14.235655958946749
1631232000,128.2,,161.4169283810013,1,0,0,14.490251961879125
1631318400,128.5,,160.13524078974996,1,0,0,14.012376821744903
1631404800,131.3,,158.09171671077493,1,0,0,13.554349905905982
1631491200,127.8,,154.43254503969743,1,0,0,13.42903919834127
1631577600,133.8,,154.43254503969743,1,0,0,13.012679255602608
1631664000,139.8,,154.43254503969743,1,0,0,12.747487880202419
1631750400,137.9,,154.43254503969743,1,0,0,12.758381603045104
1631836800,134.5,,154.43254503969743,1,0,0,12.439925774256169
1631923200,138.6,,154.43254503969743,1,0,0,12.358502504666443
1632009600,133.6,,154.43254503969743,1,0,0,12.154323754333126
1632096000,119.1,,149.91397004159768,1,0,0,12.643300629023615
1632182400,111.7,,139.93257303743792,1,0,0,12.654493441236214
1632268800,121.3,,139.93257303743792,1,0,0,12.550601052576484
1632355200,122.6,,139.93257303743792,1,0,0,12.046986691678162
1632441600,110.6,,139.22474574429225,1,0,0,12.500773356558295
1632528000,110.7,,133.592271169863,1,0,0,12.043575259661273
1632614400,111.2,,131.10804405287672,1,0,0,11.98331988397118
1632700800,104.5,,131.10804405287672,1,0,0,11.798797035116097
1632787200,100.8,,126.33451568283013,1,0,0,11.498882961179232
1632873600,103.7,,126.10106411454713,1,0,0,11.24896274966643
1632960000,107.1,,126.03095770309241,1,0,0,10.8026082675474
1633046400,114.9,,126.03095770309241,1,0,0,10.652421962722586
1633132800,114.2,,126.03095770309241,1,0,0,10.284391822528116
1633219200,118.7,,126.03095770309241,1,0,0,10.04979240663325
1633305600,116.8,,126.03095770309241,1,0,0,9.803378663302302
1633392000,123.1,,126.03095770309241,1,0,0,9.731708758780709
1633478400,125.4,,126.03095770309241,1,0,0,9.922300990296373
1633564800,125.3,,126.03095770309241,1,0,0,9.792136633846633
1633651200,123.4,,126.03095770309241,1,0,0,9.449841160000444
1633737600,127.6,108.03242659162963,,1,0,0,9.217709648571843
1633824000,119.5,108.03242659162963,,1,0,0,9.180730387959569
1633910400,119.7,108.03242659162963,,1,0,0,9.196392503105313
1633996800,116.3,108.03242659162963,,1,0,0,9.13236446716922
1634083200,119.4,108.03242659162963,,1,0,0,8.951481290942848
1634169600,121.8,108.03242659162963,,1,0,0,8.569232627304073
1634256000,126.2,108.03242659162963,,1,0,0,8.521430296782354
1634342400,126.1,110.57736831825402,,1,0,0,8.241328132726471
1634428800,137.7,115.53963148642862,,1,0,0,8.852661837531723
1634515200,140.7,123.16566833778577,,1,0,0,9.034614563422315
1634601600,144.1,126.26910150400718,,1,0,0,8.946427808892148
1634688000,149.9,130.50219135360646,,1,0,0,8.82882582254271
1634774400,155,134.2569722182458,,1,0,0,9.148195406646803
1634860800,165,142.06627499642124,,1,0,0,9.316181449029175
1634947200,173.6,150.4246474967791,,1,0,0,9.400739916955663
1635033600,173,159.5971827471012,,1,0,0,10.143544208601687
1635120000,170.1,159.5971827471012,,1,0,0,9.99757676513014
1635206400,161.1,159.5971827471012,,1,0,0,10.226321281906555
1635292800,147.1,,175.57635377736324,1,0,0,10.960155476056087
1635379200,159,,175.57635377736324,1,0,0,11.377287227766368
1635465600,162.6,,175.57635377736324,1,0,0,11.071766711497343
1635552000,153.3,,175.57635377736324,1,0,0,11.216640517818961
1635638400,167,,175.57635377736324,1,0,0,13.008309052260463
1635724800,169.7,,175.57635377736324,1,0,0,12.929144119956144
1635811200,171.8,,175.57635377736324,1,0,0,12.912776682816418
1635897600,168.3,,175.57635377736324,1,0,0,12.847578348329531
1635984000,163.7,,175.57635377736324,1,0,0,12.77275132344885
1636070400,162.8,,175.57635377736324,1,0,0,12.510411943202502
1636156800,159.6,,175.57635377736324,1,0,0,12.409668232973752
1636243200,164.1,,175.57635377736324,1,0,0,12.008977644904201
1636329600,170.8,,175.57635377736324,1,0,0,11.751193527411045
1636416000,200.1,157.42174238020462,,1,0,0,13.133251132595971
1636502400,179.8,157.42174238020462,,1,0,0,14.6237331945534
1636588800,204.5,161.24211132796574,,1,0,0,16.66489510922816
1636675200,202.1,163.2179001951692,,1,0,0,16.89597402999758
1636761600,199.1,169.55111017565227,,1,0,0,16.724833027854896
1636848000,201.8,169.55111017565227,,1,0,0,16.258773525865262
1636934400,195.5,169.55111017565227,,1,0,0,15.961718274017743
1637020800,165.7,,216.2580906819495,1,0,0,17.150166968730762
1637107200,159.3,,196.62228161375458,1,0,0,16.98229789953571
1637193600,148.2,,188.5000534523791,1,0,0,17.26927662099744
1637280000,158.8,,188.5000534523791,1,0,0,17.32861400521191
1637366400,179.3,,188.5000534523791,1,0,0,18.24085586198249
1637452800,229.4,158.84256103321565,,1,0,0,21.037937586126596
1637539200,206,167.60830492989408,,1,0,0,22.392370615688982
1637625600,218.7,167.60830492989408,,1,0,0,22.628629857425484
1637712000,260.8,189.63072699321418,,1,0,0,25.190870581895094
1637798400,294.5,216.76265429389278,,1,0,0,27.177236968902587
1637884800,246.6,216.76265429389278,,1,0,0,29.178862899695257
1637971200,243.5,216.76265429389278,,1,0,0,29.437515549717027
1638057600,241.2,216.76265429389278,,1,0,0,29.37769301045152
1638144000,246.7,216.76265429389278,,1,0,0,28.507857795419266
1638230400,220.2,216.76265429389278,,1,0,0,28.87872509574646
1638316800,229.8,216.76265429389278,,1,0,0,29.151673303193142
1638403200,225.4,216.76265429389278,,1,0,0,28.255125210107913
1638489600,206.2,,280.8460004949134,1,0,0,28.958330552243062
1638576000,187.6,,242.8064004454221,1,0,0,31.511306941368556
1638662400,182.6,,242.8064004454221,1,0,0,31.017642159842232
1638748800,179.8,,237.3186843607919,1,0,0,30.573524862710645
1638835200,174.1,,237.3186843607919,1,0,0,29.425415943945602
1638921600,178.8,,232.80413433224143,1,0,0,28.487886233663772
1639008000,164.1,,231.8587208990173,1,0,0,28.274465788402072
1639094400,159.4,,221.41784880911555,1,0,0,27.354861089230496
1639180800,168.3,,216.24606392820402,1,0,0,26.536656725714035
1639267200,169.6,,216.24606392820402,1,0,0,25.505466959591608
1639353600,147.9,,209.21181178184526,1,0,0,25.576505033906493
1639440000,151.6,,197.32563060366073,1,0,0,24.635326102913172
1639526400,159.5,,197.32563060366073,1,0,0,24.24708852413366
1639612800,152.3,,197.32563060366073,1,0,0,23.63658220098126
1639699200,149.9,,192.12548471006863,1,0,0,22.598254900911172
1639785600,157.6,,192.12548471006863,1,0,0,22.134093836560375
1639872000,157.8,,192.12548471006863,1,0,0,21.388801419663203
1639958400,156.7,,192.12548471006863,1,0,0,20.94674417540155
1640044800,162.2,,192.12548471006863,1,0,0,19.957691020015726
1640131200,165.5,,192.12548471006863,1,0,0,19.160713090014603
1640217600,167.6,,192.12548471006863,1,0,0,18.74923358358499
1640304000,165,,192.12548471006863,1,0,0,18.017145470471775
1640390400,169.5,,192.12548471006863,1,0,0,17.337349365438076
1640476800,167.5,,192.12548471006863,1,0,0,16.73468155362107
1640563200,169.5,,192.12548471006863,1,0,0,16.06077572836242
1640649600,149.7,,188.91468697386034,1,0,0,16.499291747765103
1640736000,146.6,,174.79321827647428,1,0,0,16.07791376578188
1640822400,153.7,,174.79321827647428,1,0,0,15.665205639654603
1640908800,146.5,,174.79321827647428,1,0,0,15.546262379679275
1640995200,150.3,,174.41305612354978,1,0,0,14.821529352559327
1641081600,153,,174.41305612354978,1,0,0,14.362848684519376
1641168000,150.5,,174.41305612354978,1,0,0,13.865502349910846
1641254400,147.3,,174.41305612354978,1,0,0,13.517966467774357
1641340800,136.8,,165.336296122661,1,0,0,14.252397434361905
1641427200,137.4,,159.4126665103949,1,0,0,13.8843690461932
1641513600,139.6,,159.4126665103949,1,0,0,13.814056971465115
1641600000,143.6,,159.4126665103949,1,0,0,14.26305290207475
1641686400,144.1,,159.4126665103949,1,0,0,14.222834837640837
1641772800,141.3,,159.4126665103949,1,0,0,14.106918063523635
1641859200,141.3,,159.4126665103949,1,0,0,13.656423916129087
1641945600,144.5,,159.4126665103949,1,0,0,13.188107922119869
1642032000,143.3,,159.4126665103949,1,0,0,12.917528784825592
1642118400,142.4,,159.4126665103949,1,0,0,12.580562443052338
1642204800,144.4,,159.4126665103949,1,0,0,12.08909369712003
1642291200,141.2,,159.4126665103949,1,0,0,11.632729861611457
1642377600,138.9,,159.2640922214789,1,0,0,11.401820585782067
1642464000,131.8,,155.457682999331,1,0,0,11.458833401083348
1642550400,125.9,,149.0619146993979,1,0,0,11.118916729577396
1642636800,118.8,,146.04072322945814,1,0,0,11.267565534607582
1642723200,102.3,,133.0766509065123,1,0,0,11.912739424992756
1642809600,94.6,,118.44398581586108,1,0,0,12.611829466064702
1642896000,97.5,,118.19458723427498,1,0,0,12.239555932774364
1642982400,94.4,,114.36512851084748,1,0,0,12.543873366147624
1643068800,90.3,,114.36512851084748,1,0,0,12.197882411422793
1643155200,89.8,,114.36512851084748,1,0,0,12.319462239178307
1643241600,88.7,,109.9367286844078,1,0,0,12.018072079237
1643328000,91.2,,109.9367286844078,1,0,0,11.5596383592915
1643414400,96.3,,109.9367286844078,1,0,0,11.198235619342105
1643500800,93.1,,109.9367286844078,1,0,0,10.869790217960526
1643587200,94.5,,109.9367286844078,1,0,0,10.571948059534776
1643673600,98.9,,109.9367286844078,1,0,0,10.223951769568007
1643760000,98.3,,109.9367286844078,1,0,0,9.950812357456007
1643846400,100.9,,109.9367286844078,1,0,0,9.768611474780576
1643932800,107.1,,109.9367286844078,1,0,0,9.649424940867677
1644019200,116,95.1449601717764,,1,0,0,10.160180302234272
1644105600,124.3,101.54046415459877,,1,0,0,10.163024566360393
1644192000,128.8,106.56641773913888,,1,0,0,10.122808525906079
1644278400,133.1,108.059775965225,,1,0,0,10.364036488341359
1644364800,126,110.16879836870248,,1,0,0,10.252319596316978
1644451200,124.8,110.16879836870248,,1,0,0,10.177153910865766
1644537600,116.5,110.16879836870248,,1,0,0,10.593071488661067
1644624000,117.8,110.16879836870248,,1,0,0,10.564994953756704
1644710400,117,110.16879836870248,,1,0,0,10.081781028488368
1644796800,120.5,110.16879836870248,,1,0,0,10.047368097882057
1644883200,125.9,110.16879836870248,,1,0,0,10.036841805176195
1644969600,125.3,110.16879836870248,,1,0,0,9.819924533377897
1645056000,113.6,110.16879836870248,,1,0,0,10.239929923850905
1645142400,109,,133.1504096687549,1,0,0,10.244220643575842
1645228800,112.1,,131.5403687018794,1,0,0,10.162490597606139
1645315200,107.9,,127.77133183169144,1,0,0,10.058026983491414
1645401600,100.3,,127.77133183169144,1,0,0,10.446739341813457
1645488000,103,,119.59527878367007,1,0,0,10.307686531683924
1645574400,97.4,,119.59527878367007,1,0,0,10.228566065135071
1645660800,102.6,,117.34767581477277,1,0,0,10.962239917625423
1645747200,106.8,,117.34767581477277,1,0,0,11.00065135208075
1645833600,107.8,,117.34767581477277,1,0,0,10.58631911264641
1645920000,102.6,,117.34767581477277,1,0,0,10.658724890314522
1646006400,118.7,86.58778489792759,,1,0,0,11.275958826720627
1646092800,119,96.27400640813484,,1,0,0,10.92767605338344
1646179200,125.8,99.28660576732135,,1,0,0,11.147127763856052
1646265600,129.1,103.62794519058922,,1,0,0,11.058047209294907
1646352000,117,103.62794519058922,,1,0,0,11.23961526577384
1646438400,116.4,103.62794519058922,,1,0,0,10.922499889647137
1646524800,107.4,103.62794519058922,,1,0,0,11.035178468958055
1646611200,109.6,103.62794519058922,,1,0,0,10.968380006889621
1646697600,138.5,103.62794519058922,,1,0,0,12.492067149254648
1646784000,141.5,115.38287197003193,,1,0,0,12.37834806716503
1646870400,157.2,116.20958477302875,,1,0,0,13.658466062367527
1646956800,153.4,123.3636262957259,,1,0,0,13.604289915055562
1647043200,151.7,123.3636262957259,,1,0,0,13.789697778265879
1647129600,154.8,123.3636262957259,,1,0,0,13.804719365532602
1647216000,149.5,123.3636262957259,,1,0,0,13.782953696565986
1647302400,136.3,123.3636262957259,,1,0,0,13.841314146811273
1647388800,154,123.3636262957259,,1,0,0,14.174077422039039
1647475200,152.5,126.96168497222685,,1,1,0,14.490214749036252
1647561600,171.9,127.37551647500416,,1,0,0,15.255199409819374
1647648000,179.9,142.59796482750374,,1,0,0,15.301256594832276
1647734400,173.8,143.6931683447534,,1,0,0,15.065452552344256
1647820800,181.5,143.6931683447534,,1,0,0,16.082205941462526
1647907200,174.4,145.32446635925024,,1,0,0,15.719191231358058
1647993600,181.9,146.4720197233252,,1,0,0,15.796391857689626
1648080000,192.8,153.3648177509927,,1,0,0,16.068078153568937
1648166400,195.1,161.69833597589343,,1,0,0,15.791786856885441
1648252800,204.8,171.9585023783041,,1,0,0,16.206659224250767
1648339200,210.3,171.9585023783041,,1,0,0,16.134754993947144
1648425600,192.2,171.9585023783041,,1,0,0,16.525129637236635
1648512000,196.3,171.9585023783041,,1,0,0,16.123334663148306
1648598400,191.9,171.9585023783041,,1,0,0,15.871667901494856
1648684800,178.2,171.9585023783041,,1,0,0,16.166548765673795
1648771200,186.2,171.9585023783041,,1,0,0,16.63322385383995
1648857600,177.7,171.9585023783041,,1,0,0,16.495136435708528
1648944000,179.7,171.9585023783041,,1,0,0,15.931198118872205
1649030400,173.7,171.9585023783041,,1,0,0,16.01468396752419
1649116800,165.6,,203.8342097971408,1,0,0,15.856492255558177
1649203200,161,,200.46078881742673,1,0,0,16.12388566587545
1649289600,172.6,,198.95470993568404,1,0,0,16.100750975455774
1649376000,165.7,,198.95470993568404,1,0,0,16.364983048637505
1649462400,169.3,,198.95470993568404,1,0,0,16.153198545163395
1649548800,161.1,,196.38198354311368,1,0,0,15.706541506223152
1649635200,142.8,,185.2987851888023,1,0,0,16.15607425577864
1649721600,147.4,,176.6589066699221,1,0,0,15.616354666080166
1649808000,152.7,,176.6589066699221,1,0,0,15.122329332788727
1649894400,144.2,,176.6589066699221,1,0,0,15.063591523303819
1649980800,146.6,,174.66534296237322,1,0,0,14.430477843067832
1650067200,143.9,,170.9588086661359,1,0,0,13.856872282848702
1650153600,137.4,,166.9429277995223,1,0,0,13.481381405502367
1650240000,156.1,,166.9429277995223,1,0,0,14.482711305109339
1650326400,158.6,,166.9429277995223,1,0,0,14.205374783315817
1650412800,156.8,,166.9429277995223,1,0,0,13.712133727364687
1650499200,159.5,,166.9429277995223,1,0,0,13.76840988969578
1650585600,157.1,,166.9429277995223,1,0,0,13.92780918328894
1650672000,153.2,,166.9429277995223,1,0,0,13.340108527339732
1650758400,160.8,,166.9429277995223,1,0,0,13.16581506110118
1650844800,166,,166.9429277995223,1,0,0,13.65397112816538
1650931200,146.1,,166.9429277995223,1,0,0,14.635830333296425
1651017600,149.3,,166.9429277995223,1,0,0,14.183271023775252
1651104000,146.9,,166.9429277995223,1,0,0,13.691608807791303
1651190400,128.3,,165.33656071958563,1,0,0,14.292208178663353
1651276800,113.8,,151.86790464762706,1,0,0,15.071336165901684
1651363200,124.2,,149.29111418286433,1,0,0,15.066240725480137
1651449600,124.8,,149.29111418286433,1,0,0,14.711509245088697
1651536000,119.8,,149.29111418286433,1,0,0,14.374972870439505
1651622400,134.4,,149.29111418286433,1,0,0,14.998189093979539
1651708800,125.5,,149.29111418286433,1,1,0,15.419747015838142
1651795200,123.8,,149.29111418286433,1,0,0,14.961193657563987
1651881600,112.7,,147.33928621245562,1,0,0,14.928251253452274
1651968000,114.1,,141.30035759121006,1,0,0,14.40480473534854
1652054400,92.8,,135.20032183208906,1,0,0,15.147318682823643
1652140800,93,,127.53028964888014,1,0,0,15.279653062621955
1652227200,83.4,,118.34726068399213,1,0,0,15.731106415291817
1652313600,86.7,,112.59253461559291,1,0,0,16.043170242770973
1652400000,93.9,,112.59253461559291,1,0,0,15.918658082573046
1652486400,105.6,,112.59253461559291,1,0,0,16.25303964810354
1652572800,112.4,,112.59253461559291,1,0,0,15.92782253038186
1652659200,102.8,,112.59253461559291,1,0,0,15.575835206783156
1652745600,114.7,76.50338773483855,,1,0,0,15.670418406298646
1652832000,99.7,76.50338773483855,,1,0,0,15.786817091563027
1652918400,104.7,76.50338773483855,,1,0,0,15.759187299308525
1653004800,107.3,76.50338773483855,,1,0,0,15.390673920786487
1653091200,104.5,76.50338773483855,,1,0,0,14.755625783587451
1653177600,106.8,78.46036592354481,,1,0,0,14.308795370474062
1653264000,99.3,78.46036592354481,,1,0,0,14.351024272583057
1653350400,100.2,78.46036592354481,,1,0,0,14.025951110255695
1653436800,95.6,78.46036592354481,,1,0,0,13.574097459523147
1653523200,87.5,78.46036592354481,,1,0,0,13.697376212414351
1653609600,86.1,78.46036592354481,,1,0,0,13.226135054384754
1653696000,86.7,78.46036592354481,,1,0,0,12.559982550500129
1653782400,92.4,78.46036592354481,,1,0,0,12.24141236832155
1653868800,98.8,78.46036592354481,,1,0,0,12.074168627727152
1653955200,93.3,78.46036592354481,,1,0,0,11.868870868603782
1654041600,89.5,78.46036592354481,,1,0,0,11.656808663703513
1654128000,91.3,78.46036592354481,,1,0,0,11.117036616296119
1654214400,89.4,78.46036592354481,,1,0,0,10.758676857989254
1654300800,89.6,78.46036592354481,,1,0,0,10.204485653847163
1654387200,89.4,78.46036592354481,,1,0,0,9.618450964286652
1654473600,93.9,78.46036592354481,,1,0,0,9.388561609694749
1654560000,92.9,78.46036592354481,,1,0,0,9.23223578043084
1654646400,92.6,78.46036592354481,,1,0,0,8.92993322468578
1654732800,91.2,78.46036592354481,,1,0,0,8.53493799435108
1654819200,86.4,78.46036592354481,,1,0,0,8.446728137611718
1654905600,79.6,78.46036592354481,,1,0,0,8.643390413496595
1654992000,79.1,78.46036592354481,,1,0,0,8.804576812532552
1655078400,65.7,,89.80883008315399,1,0,0,9.4471070402088
1655164800,64.1,,81.59794707483859,1,0,0,9.322313680193886
1655251200,68.4,,81.46315236735472,1,0,0,9.492148417322895
1655337600,59,,81.46315236735472,1,1,0,9.692709244656973
1655424000,62.7,,79.86765341755734,1,0,0,9.47180144146719
1655510400,59.5,,77.0108880758016,1,0,0,9.538101338505246
1655596800,67.5,,77.0108880758016,1,0,0,9.742522671469157
1655683200,65.1,,77.0108880758016,1,0,0,9.446628194935645
1655769600,65.8,,77.0108880758016,1,0,0,9.229011895297385
1655856000,63.1,,77.0108880758016,1,0,0,8.912653902776142
1655942400,65.7,,77.0108880758016,1,0,0,8.547464338292132
1656028800,69.1,,77.0108880758016,1,0,0,8.422645456985551
1656115200,68.2,,77.0108880758016,1,0,0,8.292456495772297
1656201600,63.7,,77.0108880758016,1,0,0,8.21442388893142
1656288000,62.3,,77.0108880758016,1,0,0,8.02053646829346
1656374400,58.9,,75.41429330306619,1,0,0,7.804783863415357
1656460800,57.6,,72.97286397275957,1,0,0,7.554442158885688
1656547200,54.5,,68.81057757548362,1,0,0,7.4719820046795675
1656633600,53.5,,67.71951981793526,1,0,0,7.273983290059599
1656720000,54,,66.03256783614174,1,0,0,6.968698769341056
1656806400,54.5,,65.66931105252756,1,0,0,6.685220285816695
1656892800,58.1,,65.66931105252756,1,0,0,6.621990265401217
1656979200,57.1,,65.66931105252756,1,0,0,6.434705246443987
1657065600,58.2,,65.66931105252756,1,0,0,6.175083443126559
1657152000,59.9,,65.66931105252756,1,0,0,5.976863197188948
1657238400,59.4,,65.66931105252756,1,0,0,5.8285158259611665
1657324800,61.2,,65.66931105252756,1,0,0,5.6336218383925125
1657411200,59.8,,65.66931105252756,1,0,0,5.45979170707876
1657497600,55.7,,65.66931105252756,1,0,0,5.384092299430277
1657584000,52.1,,63.05241398456333,1,0,0,5.270942849470972
1657670400,55.1,,61.897172586107,1,0,0,5.2587326459373305
1657756800,57.7,,61.897172586107,1,0,0,5.375966028370379
1657843200,58.4,,61.897172586107,1,0,0,5.206254169201066
1657929600,63.3,51.148111184728,,1,0,0,5.291521728543847
1658016000,59.5,51.863300066255206,,1,0,0,5.256413033647858
1658102400,65.6,52.60697005962968,,1,0,0,5.3738121026730115
1658188800,64.7,54.501273053666715,,1,0,0,5.354254095339225
1658275200,62.1,54.501273053666715,,1,0,0,5.421807374243565
1658361600,62,54.501273053666715,,1,0,0,5.291678276083311
1658448000,60,54.501273053666715,,1,0,0,5.277986970648789
1658534400,59.2,54.501273053666715,,1,0,0,5.315273615602448
1658620800,59,54.501273053666715,,1,0,0,5.092754071630845
1658707200,54.3,,66.66903899708632,1,0,0,5.114700209371498
1658793600,55.8,,63.722135097377674,1,0,0,4.956507337273534
1658880000,61.6,,63.722135097377674,1,0,0,5.123899670325423
1658966400,63.7,,63.722135097377674,1,1,0,5.15790683673075
1659052800,63.5,,63.722135097377674,1,0,0,5.139484919821411
1659139200,65.1,55.607402162610505,,1,0,0,5.179521711262739
1659225600,64.5,56.74166194634945,,1,0,0,5.230984446172544
1659312000,62.8,56.74166194634945,,1,0,0,5.193056985731649
1659398400,61.5,56.74166194634945,,1,0,0,5.150695772465103
1659484800,61.9,56.74166194634945,,1,0,0,5.082788931574738
1659571200,64.4,56.74166194634945,,1,0,0,4.9911611507479705
1659657600,69.1,57.06121546269989,,1,0,0,4.991792497123115
1659744000,67.6,58.945093916429904,,1,0,0,4.828093033042892
1659830400,70.3,59.9055845247869,,1,0,0,4.954657816396972
1659916800,77.4,63.76502607230822,,1,0,0,5.265039400940045
1660003200,79.8,67.2935234650774,,1,0,0,5.417536586587185
1660089600,78.7,67.2935234650774,,1,0,0,5.544855401830958
1660176000,79.3,68.94875400671268,,1,0,0,5.520222873128747
1660262400,77.3,68.94875400671268,,1,0,0,5.4544926679052645
1660348800,76.2,68.94875400671268,,1,0,0,5.35060033448346
1660435200,73.8,68.94875400671268,,1,0,0,5.332700310591784
1660521600,73.8,68.94875400671268,,1,0,0,5.230364574120943
1660608000,76,68.94875400671268,,1,0,0,5.178195675969447
1660694400,74.2,68.94875400671268,,1,0,0,5.258324556257344
1660780800,70.1,68.94875400671268,,1,0,0,5.382729945096105
1660867200,62.2,,77.55923621975407,1,0,0,5.64110637758924
1660953600,63,,74.04331259777867,1,0,0,5.466741636332865
1661040000,64.7,,74.04331259777867,1,0,0,5.297688662309089
1661126400,65,,73.28308320420071,1,0,0,5.233568043572725
1661212800,66.4,,73.28308320420071,1,0,0,5.166884611888959
1661299200,67.6,,73.28308320420071,1,0,0,5.147821425325461
1661385600,67.8,,73.28308320420071,1,0,0,5.0086913235165
1661472000,61.1,,73.28308320420071,1,0,0,5.215213371836749
1661558400,61.4,,70.83017280124848,1,0,0,5.014126702419839
1661644800,61.2,,70.83017280124848,1,0,0,4.805974795104136
1661731200,63.8,,70.83017280124848,1,0,0,4.755548024025269
1661817600,60,,70.83017280124848,1,0,0,4.7658660223091776
1661904000,59.9,,69.69195637489912,1,0,0,4.618304163572808
1661990400,59,,67.16776073740921,1,0,0,4.5241395804604645
1662076800,60.4,,67.16776073740921,1,0,0,4.479558181856146
1662163200,62.7,,67.16776073740921,1,0,0,4.359589740294993
1662249600,63.9,,67.16776073740921,1,0,0,4.212476187416779
1662336000,63.3,,67.16776073740921,1,0,0,4.075870745458437
1662422400,58.1,,67.16776073740921,1,0,0,4.377594263639978
1662508800,59.3,,66.7097695840495,1,0,0,4.279194673379979
1662595200,61,,66.7097695840495,1,0,0,4.230680768138552
1662681600,66,,66.7097695840495,1,0,0,4.3499178561286564
1662768000,65.4,,66.7097695840495,1,0,0,4.174923723548039
1662854400,64.3,,66.7097695840495,1,0,0,4.083857743294607
1662940800,63,,66.7097695840495,1,0,0,4.127867904487849
1663027200,58.9,,66.7097695840495,1,0,0,4.218734482738717
1663113600,62,,66.7097695840495,1,0,0,4.181682019685951
1663200000,58.3,,66.7097695840495,1,0,0,4.1687047325655255
1663286400,56.8,,65.19284546002979,1,0,0,4.092368680239416
1663372800,58.7,,65.19284546002979,1,0,0,3.9571994887937434
1663459200,53.4,,63.55970482262411,1,0,0,4.167399525308476
1663545600,55.2,,61.848734340361716,1,0,0,4.141156702072157
1663632000,53.5,,61.848734340361716,1,0,0,4.038216937638432
1663718400,53.5,,61.848734340361716,1,0,0,4.135487156378544
1663804800,56.7,,61.848734340361716,1,1,0,4.118666645208648
1663891200,56,,61.848734340361716,1,0,0,4.11733331340803
1663977600,55.7,,61.848734340361716,1,0,0,4.044666648164599
1664064000,56.2,,61.848734340361716,1,0,0,3.898619030438556
1664150400,58.9,,61.848734340361716,1,0,0,3.9058605282643737
1664236800,57,,61.848734340361716,1,0,0,4.01258477624549
1664323200,55.4,,61.848734340361716,1,0,0,4.011685863656526
1664409600,56.7,,61.848734340361716,1,0,0,3.8965654448239166
1664496000,55.6,,61.848734340361716,1,0,0,3.732525055907923
1664582400,55.3,,61.848734340361716,1,0,0,3.6159161233430708
1664668800,53.6,,61.22547074432459,1,0,0,3.514779257389994
1664755200,55.9,,61.20292366989213,1,0,0,3.4922950247192803
1664841600,56.8,,61.20292366989213,1,0,0,3.3571310943821886
1664928000,56.7,,61.20292366989213,1,0,0,3.2673360162120324
1665014400,55.2,,61.20292366989213,1,0,0,3.2053834436254585
1665100800,54.7,,60.55765821981623,1,0,0,3.0907131976522115
1665187200,54.4,,60.0718923978346,1,0,0,2.9699479692484823
1665273600,54.8,,59.61470315805114,1,0,0,2.857808828587877
1665360000,52.7,,59.07323284224602,1,0,0,2.875108197974457
1665446400,51.5,,56.95090955802143,1,0,0,2.776886183833424
1665532800,51.8,,56.48081860221929,1,0,0,2.678537170702465
1665619200,51,,54.952736741997356,1,0,0,2.808641658509432
1665705600,50.1,,54.952736741997356,1,0,0,2.815167254330187
1665792000,50.9,,54.952736741997356,1,0,0,2.764083879020888
1665878400,51.8,,54.952736741997356,1,0,0,2.7166493162336818
1665964800,52.8,,54.952736741997356,1,0,0,2.6797457936455618
1666051200,52.4,,54.952736741997356,1,0,0,2.645478236956593
1666137600,50.7,,54.952736741997356,1,0,0,2.649372648602551
1666224000,51.9,,54.952736741997356,1,0,0,2.6529888879880827
1666310400,52.1,,54.952736741997356,1,0,0,2.66348968170322
1666396800,52.4,,54.952736741997356,1,0,0,2.5875261330101327
1666483200,53.1,,54.952736741997356,1,0,0,2.524131409223695
1666569600,52,,54.952736741997356,1,0,0,2.508122022850574
1666656000,53.2,,54.952736741997356,1,0,0,2.493256164075533
1666742400,55.2,49.66526414625374,,1,0,0,2.50802358092728
1666828800,52.9,49.66526414625374,,1,0,0,2.6074504680039032
1666915200,53.8,49.66526414625374,,1,0,0,2.5854897202893383
1667001600,54.3,49.66526414625374,,1,0,0,2.5365261688401
1667088000,53.7,49.66526414625374,,1,0,0,2.5482028710658073
1667174400,52.6,49.66526414625374,,1,0,0,2.52333123741825
1667260800,50.2,49.66526414625374,,1,0,0,2.5859504347455187
1667347200,50.3,49.66526414625374,,1,0,0,2.6083825465494104
1667433600,50.4,49.66526414625374,,1,1,0,2.593498078938739
1667520000,53.8,49.66526414625374,,1,0,0,2.693962501871686
1667606400,53.7,49.66526414625374,,1,0,0,2.6515366088808507
1667692800,50.3,49.66526414625374,,1,0,0,2.733569708246504
1667779200,51.1,49.66526414625374,,1,0,0,2.766886157657468
1667865600,42.2,,52.1115468847764,1,0,0,3.6978228606819346
1667952000,35.2,,47.18039219629876,1,0,0,4.126549799204654
1668038400,39.2,,47.07735297666889,1,0,0,4.288939099261465
1668124800,39.4,,47.07735297666889,1,0,0,4.16830059217136
1668211200,40.1,,47.07735297666889,1,0,0,4.156279121301977
1668297600,40.6,,47.07735297666889,1,0,0,4.045116326923265
1668384000,40.5,,47.07735297666889,1,0,0,4.034750875000174
1668470400,40.9,,47.07735297666889,1,0,0,3.8679829553573044
1668556800,39,,47.07735297666889,1,0,0,3.7845556014032113
1668643200,39.7,,46.948581248946496,1,0,0,3.657087344160125
1668729600,39.2,,46.52372312405185,1,0,0,3.5101525338629727
1668816000,39.8,,45.71135081164666,1,0,0,3.3808559243013314
1668902400,38,,45.71135081164666,1,0,0,3.3822233582798082
1668988800,37.6,,44.23769415743379,1,0,0,3.2763502612598217
1669075200,40,,44.23769415743379,1,0,0,3.249468099741263
1669161600,43.1,,44.23769415743379,1,0,0,3.360220378331173
1669248000,43.7,,44.23769415743379,1,0,0,3.2273474941646607
1669334400,41.5,,44.23769415743379,1,0,0,3.1825369588671846
1669420800,41.4,,44.23769415743379,1,0,0,3.0623557475195287
1669507200,40.7,,44.23769415743379,1,0,0,2.9793303369824193
1669593600,39.6,,44.23769415743379,1,0,0,2.9308067414836754
1669680000,40,,44.23769415743379,1,0,0,2.8357491170919835
1669766400,43.4,,44.23769415743379,1,0,0,2.918909894442556
1669852800,44.9,38.9039529701301,,1,0,0,3.0032734734109447
1669939200,46.1,39.75855767311709,,1,0,0,2.960182511024449
1670025600,45.4,40.38270190580538,,1,0,0,2.8558837602369884
1670112000,45.9,40.38270190580538,,1,0,0,2.744749205934347
1670198400,46.4,41.13748854370236,,1,0,0,2.6915528340818935
1670284800,46.2,41.13748854370236,,1,0,0,2.6135847745046155
1670371200,43.7,41.13748854370236,,1,0,0,2.648328719182857
1670457600,45,41.13748854370236,,1,0,0,2.5948766678126534
1670544000,45.7,41.13748854370236,,1,0,0,2.502385477254607
1670630400,45.5,41.476905610170796,,1,0,0,2.3879293717364205
1670716800,44.8,41.476905610170796,,1,0,0,2.3245058451838188
1670803200,46,41.476905610170796,,1,0,0,2.372755427670689
1670889600,46.3,42.009014189814515,,1,0,0,2.388987182837068
1670976000,46.3,42.57811277083307,,1,0,0,2.3183452412058485
1671062400,46,42.57811277083307,,1,1,0,2.288463438262574
1671148800,41,,48.91272865562522,1,0,0,2.6321446212438184
1671235200,43,,46.94645579006269,1,0,0,2.6798485768692606
1671321600,43.4,,46.94645579006269,1,0,0,2.7812879642357418
1671408000,42.1,,46.94645579006269,1,0,0,2.8969102525046178
1671494400,42.1,,46.94645579006269,1,0,0,2.7971309487542877
1671580800,41.4,,46.94645579006269,1,0,0,2.73305016670041
1671667200,39.4,,45.79107517947413,1,0,0,2.766403726221809
1671753600,39.4,,44.80196766152671,1,0,0,2.647374888634537
1671840000,39.7,,44.49677089537404,1,0,0,2.5368481108749275
1671926400,39.9,,44.482093805836634,1,0,0,2.419930388669575
1672012800,40.3,,44.458884425252975,1,0,0,2.29707821805032
1672099200,38.8,,43.59799598272768,1,0,0,2.318715488189583
1672185600,37.4,,42.35819638445491,1,0,0,2.2959500961760417
1672272000,38,,41.96237674600941,1,0,0,2.2176679464491813
1672358400,37.9,,41.556139071408474,1,0,0,2.1521202359885256
1672444800,37.3,,41.556139071408474,1,0,0,2.091254504846488
1672531200,37.2,,40.678972647840865,1,0,0,2.01330775450031
1672617600,39.5,,40.678972647840865,1,0,0,2.1337857720360023
1672704000,40.1,,40.678972647840865,1,0,0,2.0670867883191453
1672790400,40.7,37.03262893972401,,1,0,0,2.069437732010635
1672876800,39.8,37.03262893972401,,1,0,0,2.0501921797241613
1672963200,41.4,37.03262893972401,,1,0,0,2.11803559545815
1673049600,41.5,37.7726364970588,,1,0,0,2.1238901957825678
1673136000,42.7,37.825372847352924,,1,0,0,2.1007551817980983
1673222400,43.1,39.52283556261763,,1,0,0,2.114986954526805
1673308800,44,39.52283556261763,,1,0,0,2.1139164577748906
1673395200,44.3,39.52283556261763,,1,0,0,2.105779567933827
1673481600,45.3,40.191097125148254,,1,0,0,2.1696524559385537
1673568000,45.4,40.62198741263342,,1,0,0,2.1575344233715144
1673654400,46.7,41.66978867137009,,1,0,0,2.3177105359878345
1673740800,44.8,41.66978867137009,,1,0,0,2.3450169262744183
1673827200,42.6,41.66978867137009,,1,0,0,2.5060871458262457
1673913600,44.6,41.66978867137009,,1,0,0,2.5913666354100857
1674000000,42.8,41.66978867137009,,1,0,0,2.75626901859508
1674086400,44.4,41.66978867137009,,1,0,0,2.7379640886954313
1674172800,48.2,41.66978867137009,,1,0,0,2.870966653788615
1674259200,48,42.61439164517143,,1,0,0,2.8658976070894284
1674345600,47.3,42.61439164517143,,1,0,0,2.8611906351544696
1674432000,47,42.61439164517143,,1,0,0,2.799677018357722
1674518400,44.4,42.61439164517143,,1,0,0,2.935414374189313
1674604800,45.4,42.61439164517143,,1,0,0,2.9400276331757906
1674691200,46.8,42.61439164517143,,1,0,0,2.9157399450918056
1674777600,46.5,42.61439164517143,,1,0,0,2.8360442347281056
1674864000,45.3,42.61439164517143,,1,0,0,2.8048982179618123
1674950400,47.1,42.61439164517143,,1,0,0,2.825976916678826
1675036800,44.6,42.61439164517143,,1,0,0,2.89554999405891
1675123200,45.2,42.61439164517143,,1,0,0,2.824439280197559
1675209600,47.1,42.61439164517143,,1,0,0,2.9726936173263043
1675296000,45.9,42.61439164517143,,1,1,0,2.9746440732315684
1675382400,47,42.61439164517143,,1,0,0,2.919312353715028
1675468800,46.6,42.61439164517143,,1,0,0,2.8036471855925256
1675555200,44.2,42.61439164517143,,1,0,0,2.8319581009073453
1675641600,43.4,42.61439164517143,,1,0,0,2.7939610936996777
1675728000,46.8,42.61439164517143,,1,0,0,2.872963872721129
1675814400,45.3,42.61439164517143,,1,0,0,2.860609310383906
1675900800,42.9,42.61439164517143,,1,0,0,2.934851502499342
1675987200,43.6,42.61439164517143,,1,0,0,2.8966478237493893
1676073600,45.7,42.61439164517143,,1,0,0,2.9540301220530045
1676160000,46.3,42.61439164517143,,1,0,0,3.050170827620647
1676246400,43.6,42.61439164517143,,1,0,0,3.1608729113620293
1676332800,43.6,42.61439164517143,,1,0,0,3.0993819891218846
1676419200,46.3,42.61439164517143,,1,0,0,3.127997561327464
1676505600,43.5,42.61439164517143,,1,0,0,3.190283449804074
1676592000,45.3,42.61439164517143,,1,0,0,3.1552632033894965
1676678400,46.1,42.61439164517143,,1,0,0,3.0584586888616756
1676764800,47.9,42.61439164517143,,1,0,0,3.1185687825144135
1676851200,50.3,42.61439164517143,,1,0,0,3.2315281551919552
1676937600,49.4,42.61439164517143,,1,0,0,3.2435618583925296
1677024000,48,42.61439164517143,,1,0,0,3.319021725650206
1677110400,48,42.61439164517143,,1,0,0,3.2248058881037625
1677196800,45.3,42.61439164517143,,1,0,0,3.30874832466778
1677283200,44.5,42.61439164517143,,1,0,0,3.2152663014772243
1677369600,45.2,42.61439164517143,,1,0,0,3.0784615656574226
1677456000,44.2,42.61439164517143,,1,0,0,3.0014285966818925
1677542400,43,42.61439164517143,,1,0,0,2.922755125490329
1677628800,44.4,42.61439164517143,,1,0,0,2.8568440450981627
1677715200,43.6,42.61439164517143,,1,0,0,2.7670694704482943
1677801600,39.6,,46.36730631018659,1,0,0,3.069421651130559
1677888000,38.6,,44.74057567916793,1,0,0,3.0430343903355195
1677974400,38.1,,44.331518111251135,1,0,0,2.932817648168697
1678060800,38.5,,43.55336630012602,1,0,0,2.8304735304423616
1678147200,37.7,,43.13302967011342,1,0,0,2.79972542112505
1678233600,35.6,,41.919726703102086,1,0,0,2.806887891044689
1678320000,34.2,,40.79275403279187,1,0,0,2.899253041684354
1678406400,32.1,,38.32847862951268,1,0,0,2.9635921101354716
1678492800,31.4,,37.27563076656141,1,0,0,2.9804783879829375
1678579200,34.2,,37.27563076656141,1,0,0,3.0533013602698706
1678665600,35.3,,37.27563076656141,1,0,0,3.0637798345363088
1678752000,36.1,,37.27563076656141,1,0,0,3.094938417783715
1678838400,33.3,,37.27563076656141,1,0,0,3.2024428165134498
1678924800,33.9,,37.27563076656141,1,0,0,3.0879826153339174
1679011200,37.1,,37.27563076656141,1,0,0,3.131698142810066
1679097600,35.9,,37.27563076656141,1,0,0,3.1080054183236325
1679184000,36.6,,37.27563076656141,1,0,0,3.0288621741576587
1679270400,34.3,,37.27563076656141,1,0,0,3.0839434474321115
1679356800,36.4,,37.27563076656141,1,0,0,3.2350903440441034
1679443200,34.7,,37.27563076656141,1,0,0,3.218298176612382
1679529600,38.1,29.525002770382457,,1,1,0,3.281276878282926
1679616000,35.9,30.02750249334421,,1,0,0,3.3040428155484314
1679702400,35.5,30.02750249334421,,1,0,0,3.1680397572949714
1679788800,36.3,30.02750249334421,,1,0,0,3.0631797746310445
1679875200,35.9,30.02750249334421,,1,0,0,3.0515240764431124
1679961600,36.3,30.495044385883133,,1,0,0,2.962129499554319
1680048000,37.2,31.54553994729483,,1,0,0,2.8862631067290105
1680134400,37.8,31.625985952565337,,1,0,0,2.8158157419626524
1680220800,38.7,33.088387357308804,,1,0,0,2.750400331822463
1680307200,38.3,33.088387357308804,,1,0,0,2.66822887954943
1680393600,36.6,33.088387357308804,,1,0,0,2.649069673867328
1680480000,36.4,33.088387357308804,,1,0,0,2.6169932685910906
1680566400,37.8,33.088387357308804,,1,0,0,2.565779463691727
1680652800,38,33.42479835061727,,1,0,0,2.475366644856604
1680739200,37.8,33.42479835061727,,1,0,0,2.3842690273668468
1680825600,37.7,33.42479835061727,,1,0,0,2.385392668269215
1680912000,38.4,33.82182799759999,,1,0,0,2.3150074776785567
1680998400,39.8,34.42964519783999,,1,0,0,2.335364086415803
1681084800,39.6,34.806680678056,,1,0,0,2.29712379452896
1681171200,39.7,35.7960126102504,,1,0,0,2.2901863806340343
1681257600,39.7,35.7960126102504,,1,0,0,2.255173067731603
1681344000,41.2,36.49977021430282,,1,0,0,2.286946420036489
1681430400,42.2,37.344793192872544,,1,0,0,2.2807359614624536
1681516800,42.9,37.84031387358529,,1,0,0,2.274969107072278
1681603200,42.7,38.39628248622675,,1,0,0,2.2124713137099725
1681689600,41.6,38.39628248622675,,1,0,0,2.1544376484449748
1681776000,42.6,38.39628248622675,,1,0,0,2.1576921021274766
1681862400,38.2,,44.7373100675407,1,0,0,2.3964283805469426
1681948800,37.8,,42.57857906078662,1,0,0,2.3752549247935897
1682035200,36.6,,41.88572115470796,1,0,0,2.412736715879762
1682121600,37.7,,41.67214903923717,1,0,0,2.3546840933169215
1682208000,37.1,,41.38493413531345,1,0,0,2.357920943794284
1682294400,36.9,,41.3764407217821,1,0,0,2.3180694478089783
1682380800,37.3,,41.048796649603894,1,0,0,2.2882073443940514
1682467200,36.5,,41.048796649603894,1,0,0,2.4533353912230473
1682553600,38.1,,41.048796649603894,1,0,0,2.4566685775642583
1682640000,37.8,,41.048796649603894,1,0,0,2.359763679166811
1682726400,38.6,,41.048796649603894,1,0,0,2.276923416369182
1682812800,37.6,,41.048796649603894,1,0,0,2.207143172342812
1682899200,36.4,,41.048796649603894,1,0,0,2.1923472314611825
1682985600,36.7,,40.62583321123593,1,0,0,2.107179572071098
1683072000,37,,40.49324989011234,1,0,0,2.0352381740660195
1683158400,36.3,,40.32892490110111,1,1,0,1.968435447347018
1683244800,37.1,,40.32892490110111,1,0,0,1.9349757725365166
1683331200,35.9,,39.98992916989189,1,0,0,1.9539060744981938
1683417600,35.3,,39.1209362529027,1,0,0,1.8857699263197514
1683504000,33.2,,37.50884262761243,1,0,0,2.0510720744397695
1683590400,33.3,,36.737958364851195,1,0,0,1.9688526405512143
1683676800,33.4,,36.72916252836607,1,0,0,2.0139345947975564
1683763200,32.6,,36.33624627552946,1,0,0,2.012939266597731
1683849600,33,,36.162621647976515,1,0,0,1.983443604697893
1683936000,32.7,,36.162621647976515,1,0,0,1.8989119186480437
1684022400,33,,36.162621647976515,1,0,0,1.8347039244588976
1684108800,32.9,,36.162621647976515,1,0,0,1.789367929854691
1684195200,33.1,,36.1189060632374,1,0,0,1.7115559348650697
1684281600,33.9,,36.1189060632374,1,0,0,1.689301939517565
1684368000,33.6,,36.1189060632374,1,0,0,1.6614946581234535
1684454400,33.5,,36.1189060632374,1,0,0,1.5785307539717783
1684540800,33.2,,35.783839268090055,1,0,0,1.5372071286880797
1684627200,32.1,,35.415455341281046,1,0,0,1.5202637623532167
1684713600,32,,34.70890980715295,1,0,0,1.454530636470844
1684800000,32.3,,34.70890980715295,1,0,0,1.414921305294355
1684886400,31,,34.035216943793884,1,0,0,1.442426926344758
1684972800,31.3,,33.9416952494145,1,0,0,1.4893964316058468
1685059200,32.5,,33.9416952494145,1,0,0,1.5615824007768577
1685145600,32.8,,33.9416952494145,1,0,0,1.5071836578642248
1685232000,34.2,30.58585416317683,,1,0,0,1.5352419680167801
1685318400,33.6,31.002268746859144,,1,0,0,1.489867541729867
1685404800,33.8,31.077041872173233,,1,0,0,1.4405912887491625
1685491200,32.2,31.077041872173233,,1,0,0,1.4948347681242227
1685577600,31.5,31.077041872173233,,1,0,0,1.466632284686778
1685664000,32.2,31.077041872173233,,1,0,0,1.4404442643520081
1685750400,32.2,31.077041872173233,,1,0,0,1.3804125311840074
1685836800,31.9,31.077041872173233,,1,0,0,1.324668778956578
1685923200,29.3,,33.00682919041038,1,0,0,1.4943352947453938
1686009600,30,,32.641146271369344,1,0,0,1.487597059406437
1686096000,28.7,,32.26703164423241,1,0,0,1.4956258408774057
1686182400,29,,31.710328479809167,1,0,0,1.4745097093861623
1686268800,29,,31.63929563182825,1,0,0,1.4120447301442933
1686355200,23.9,,29.345366068645426,1,0,0,1.8397558208482727
1686441600,24.8,,28.380829461780884,1,0,0,1.8440589765019675
1686528000,25.2,,28.347746515602793,1,0,0,1.8051976210375413
1686614400,25.4,,28.347746515602793,1,0,0,1.7476835052491455
1686700800,24.4,,28.347746515602793,1,0,0,1.7585632548742065
1686787200,24.8,,28.142557209874436,1,0,0,1.7115230223831917
1686873600,25.23,,28.03330148888699,1,0,0,1.6892713779272495
1686960000,25.56,,28.03330148888699,1,0,0,1.6564662795038745
1687046400,25.76,,28.03330148888699,1,0,0,1.6217186881107406
1687132800,26.26,,28.03330148888699,1,0,0,1.5894530675314018
1687219200,26.41,,28.03330148888699,1,0,0,1.553777848422016
1687305600,27.33,,28.03330148888699,1,0,0,1.5420794306775865
1687392000,26.16,,28.03330148888699,1,0,0,1.5705023284863304
1687478400,28.76,24.491906964099968,,1,0,0,1.7333235907373068
1687564800,29.42,25.39921626768997,,1,0,0,1.718086191398928
1687651200,30.52,26.78629464092097,,1,0,0,1.746794320584719
1687737600,30.34,27.192665176828875,,1,0,0,1.7977375834000962
1687824000,30.27,27.192665176828875,,1,0,0,1.7421848988715178
1687910400,28.89,27.192665176828875,,1,0,0,1.8113145489521238
1687996800,29.61,27.192665176828875,,1,0,0,1.8076492240269721
1688083200,33.84,27.764520622517423,,1,0,0,2.0471028508821885
1688169600,34.08,29.638068560265683,,1,0,0,2.0237383615334608
1688256000,32.78,29.638068560265683,,1,0,0,2.011328478566785
1688342400,33.25,29.638068560265683,,1,0,0,1.976947872954872
1688428800,33.14,29.638068560265683,,1,0,0,1.948594453458096
1688515200,31.77,29.638068560265683,,1,0,0,2.037980563925375
1688601600,30.37,29.638068560265683,,1,0,0,2.10598195221642
1688688000,29.58,,34.76080582626385,1,0,0,2.117697527058104
1688774400,28.77,,33.17922524363746,1,0,0,2.1100048465539536
1688860800,28.54,,32.86480271927372,1,0,0,2.0164330718001
1688947200,28.89,,32.605322447346346,1,0,0,2.0195449952429496
1689033600,28.94,,32.605322447346346,1,0,0,1.9324346384398818
1689120000,29.22,,32.605322447346346,1,0,0,1.8958321642656046
1689206400,32.86,26.75972993588451,,1,0,0,2.056844152532347
1689292800,31.86,27.627256942296064,,1,0,0,2.1363552844943223
1689379200,31.27,27.627256942296064,,1,0,0,2.0766156213161566
1689465600,30.84,27.627256942296064,,1,0,0,2.00971450550786
1689552000,32.41,27.627256942296064,,1,0,0,2.0247348979715842
1689638400,31.23,27.627256942296064,,1,0,0,2.047253833830757
1689724800,31.3,27.627256942296064,,1,0,0,1.9695928456999885
1689811200,31.18,27.627256942296064,,1,0,0,1.943193356721418
1689897600,31.45,27.789417441503687,,1,0,0,1.8772509740984593
1689984000,31.36,27.98547569735332,,1,0,0,1.823875904519998
1690070400,31.75,28.28442812761799,,1,0,0,1.798599054197141
1690156800,29.92,28.28442812761799,,1,0,0,1.8401276931830597
1690243200,29.81,28.28442812761799,,1,0,0,1.7615471436699839
1690329600,29.99,28.28442812761799,,1,0,0,1.7228652048364135
1690416000,30.09,28.28442812761799,,1,1,0,1.6619462616338125
1690502400,30.65,28.28442812761799,,1,0,0,1.60395010008854
1690588800,30.37,28.28442812761799,,1,0,0,1.5286679500822158
1690675200,29.9,28.28442812761799,,1,0,0,1.5373345250763433
1690761600,30.29,28.28442812761799,,1,0,0,1.4810963447137475
1690848000,30.54,28.28442812761799,,1,0,0,1.4703037486627657
1690934400,29.68,28.28442812761799,,1,0,0,1.466710623758282
1691020800,29.69,28.28442812761799,,1,0,0,1.406945579204119
1691107200,29.14,28.28442812761799,,1,0,0,1.3778780378323963
1691193600,29.29,28.28442812761799,,1,0,0,1.327315320844368
1691280000,29.36,28.28442812761799,,1,0,0,1.2725070836411987
1691366400,29.2,28.28442812761799,,1,0,0,1.2537565776668274
1691452800,29.53,28.28442812761799,,1,0,0,1.2234882506906255
1691539200,29.51,28.28442812761799,,1,0,0,1.1703819470698666
1691625600,29.47,28.28442812761799,,1,0,0,1.1210689508505904
1691712000,29.63,28.28442812761799,,1,0,0,1.0774211686469768
1691798400,29.23,28.28442812761799,,1,0,0,1.0497482280293358
1691884800,29.93,28.28442812761799,,1,0,0,1.0883376403129545
1691971200,29.63,28.28442812761799,,1,0,0,1.0577420945763147
1692057600,28.14,,30.358192332137474,1,0,0,1.2121890878208637
1692144000,26.73,,29.629873098923728,1,0,0,1.2848898672622304
1692230400,24.31,,27.800385789031353,1,0,0,1.5809691624577853
1692316800,24.39,,27.800385789031353,1,0,0,1.5323285079965152
1692403200,24.9,,27.771162489115394,1,0,0,1.4807336145681926
1692489600,25.13,,27.771162489115394,1,0,0,1.434252642099036
1692576000,24.85,,27.552991616183473,1,0,0,1.4175203105205336
1692662400,24.98,,27.552991616183473,1,0,0,1.4341260026262097
1692748800,25.48,,27.552991616183473,1,0,0,1.4202598595814802
1692835200,24.79,,27.552991616183473,1,0,0,1.4266698696113742
1692921600,25.03,,27.552991616183473,1,0,0,1.4033363074962757
1693008000,24.9,,27.51339781944018,1,0,0,1.3323837141036845
1693094400,25.1,,27.37355803749616,1,0,0,1.2879277345248499
1693180800,25.35,,27.37355803749616,1,0,0,1.2487900392016464
1693267200,26.39,,27.37355803749616,1,0,0,1.3417336078301003
1693353600,26.25,,27.37355803749616,1,0,0,1.31803835012795
1693440000,24.76,,27.37355803749616,1,0,0,1.374607039404525
1693526400,24.22,,27.018686335561107,1,0,0,1.3714208223042017
1693612800,24.74,,27.012317702004996,1,0,0,1.324890763568187
1693699200,24.75,,27.012317702004996,1,0,0,1.260969994741888
1693785600,24.54,,27.012317702004996,1,0,0,1.250186423688896
1693872000,24.64,,26.888129604761644,1,0,0,1.204458821996832
1693958400,25.15,,26.888129604761644,1,0,0,1.1655689061399153
1694044800,25.34,,26.888129604761644,1,0,0,1.140885412844207
1694131200,25.04,,26.888129604761644,1,0,0,1.1429650262124778
1694217600,25.35,,26.888129604761644,1,0,0,1.0977532386258724
1694304000,24.8,,26.888129604761644,1,0,0,1.1000565787240242
1694390400,24.6,,26.633128580284133,1,0,0,1.1150525373865938
1694476800,24.78,,26.633128580284133,1,0,0,1.1168344990018373
1694563200,25.33,,26.633128580284133,1,0,0,1.1106320347874203
1694649600,25.32,,26.633128580284133,1,0,0,1.0784440323026045
1694736000,26.07,,26.633128580284133,1,0,0,1.0742694585667043
1694822400,26.05,,26.633128580284133,1,0,0,1.0475359258119397
1694908800,25.48,,26.633128580284133,1,0,0,1.0427119311110868
1694995200,25.39,,26.633128580284133,1,0,0,1.0389467931745808
1695081600,25.83,,26.633128580284133,1,0,0,1.029736307947825
1695168000,26.1,,26.633128580284133,1,0,0,1.1333265716658374
1695254400,26.09,,26.633128580284133,1,0,0,1.1059461022611348
1695340800,26.68,24.158985577268073,,1,0,0,1.0912356663853395
1695427200,26.62,24.628087019541265,,1,0,0,1.0475759759292436
1695513600,25.86,24.628087019541265,,1,0,0,1.0491776919342977
1695600000,26.13,24.628087019541265,,1,0,0,1.0385221425104192
1695686400,26.24,24.628087019541265,,1,0,0,1.0050562751882464
1695772800,26.07,24.628087019541265,,1,0,0,0.9796951126748004
1695859200,26.43,24.628087019541265,,1,0,0,0.9490026046266001
1695945600,26.69,24.96628927375203,,1,0,0,0.9283595614389858
1696032000,26.91,25.186660346376826,,1,0,0,0.9134767356219156
1696118400,28.06,25.749994311739144,,1,0,0,0.9439426830774931
1696204800,27.29,25.749994311739144,,1,0,0,0.9779467771433863
1696291200,26.9,25.749994311739144,,1,0,0,0.9902362930617158
1696377600,27.13,25.749994311739144,,1,0,0,1.010219414985879
1696464000,27.11,25.749994311739144,,1,0,0,0.9780608853440306
1696550400,26.73,25.749994311739144,,1,0,0,0.9703422506765996
1696636800,27,25.749994311739144,,1,0,0,0.949603518485414
1696723200,26.22,25.749994311739144,,1,0,0,0.9610604100221701
1696809600,25.57,,27.644489508309782,1,0,0,1.0145560950205865
1696896000,25.48,,27.4665405574788,1,0,0,0.9942306596619732
1696982400,25.11,,27.114386501730923,1,0,0,0.9896427554004037
1697068800,24.52,,26.82544785155783,1,0,0,0.9753825585860891
1697155200,24.97,,26.733403066402047,1,0,0,0.968569518687083
1697241600,24.95,,26.733403066402047,1,0,0,0.9236716959237199
1697328000,25.13,,26.733403066402047,1,0,0,0.8898380033577399
1697414400,25.6,,26.733403066402047,1,0,0,0.9098495745464729
1697500800,24.61,,26.733403066402047,1,0,0,0.9362888906502963
1697587200,24.77,,26.581010176679747,1,0,0,0.9144111127467036
1697673600,25.01,,26.52140915901177,1,0,0,0.9005246046933675
1697760000,25.26,,26.52140915901177,1,0,0,0.8962014186438412
1697846400,25.65,,26.52140915901177,1,0,0,0.8829013173121384
1697932800,25.87,,26.52140915901177,1,0,0,0.8841226517898427
1698019200,27.26,24.777408450772377,,1,0,0,0.9581138909477113
1698105600,27.51,25.29966760569514,,1,0,0,1.0061057558800175
1698192000,27.42,25.377200845125625,,1,0,0,1.0070982018885877
1698278400,27.78,25.694480760613065,,1,0,0,1.0830197588965458
1698364800,27.31,25.694480760613065,,1,0,0,1.1128040618325068
1698451200,27.86,25.694480760613065,,1,0,0,1.0933180574158992
1698537600,28.22,25.714591474486923,,1,0,0,1.0780810533147636
1698624000,28.49,26.08713232703823,,1,0,0,1.0653609780779947
1698710400,28.32,26.08713232703823,,1,0,0,1.096406622500995
1698796800,28.66,26.08713232703823,,1,0,0,1.132377578036638
1698883200,27.5,26.08713232703823,,1,0,0,1.2072077510340211
1698969600,27.67,26.08713232703823,,1,0,0,1.200264340245877
1699056000,28.16,26.08713232703823,,1,0,0,1.1709597445140285
1699142400,28.64,26.08713232703823,,1,0,0,1.1544626199058838
1699228800,29.85,26.56647445891217,,1,0,0,1.1920010041983207
1699315200,29.26,26.641827013020954,,1,0,0,1.2468580753270118
1699401600,30.04,27.026644311718858,,1,0,0,1.258511069946511
1699488000,29.52,27.026644311718858,,1,0,0,1.5521888506646173
1699574400,30.36,27.026644311718858,,1,0,0,1.5720325041885732
1699660800,30.43,27.026644311718858,,1,0,0,1.5918873253179606
1699747200,31.18,27.026644311718858,,1,0,0,1.6524668020809636
1699833600,29.6,27.026644311718858,,1,0,0,1.6965763162180376
1699920000,29.39,27.026644311718858,,1,0,0,1.7461065793453205
1700006400,30.37,27.026644311718858,,1,0,0,1.748527537963512
1700092800,29.54,27.026644311718858,,1,0,0,1.7750612852518324
1700179200,29.33,27.026644311718858,,1,0,0,1.805414050590987
1700265600,28.89,27.026644311718858,,1,0,0,1.7950273326916304
1700352000,29.23,27.026644311718858,,1,0,0,1.751811094642228
1700438400,28.92,27.026644311718858,,1,0,0,1.7152531593106404
1700524800,26.8,,31.70720162606046,1,0,0,1.7927350765027372
1700611200,28.5,,31.51948146345441,1,0,0,1.8075397138953988
1700697600,28.83,,31.51948146345441,1,0,0,1.732715448617156
1700784000,29.63,,31.51948146345441,1,0,0,1.721807202287359
1700870400,30.14,,31.51948146345441,1,0,0,1.668106687838262
1700956800,29.55,,31.51948146345441,1,0,0,1.6553847815641005
1701043200,28.78,,31.51948146345441,1,0,0,1.642143011452379
1701129600,29.02,,31.51948146345441,1,0,0,1.6241327963486376
1701216000,29.07,,31.51948146345441,1,0,0,1.5538375966094493
1701302400,29.54,,31.51948146345441,1,0,0,1.5121349111373459
1701388800,29.8,,31.51948146345441,1,0,0,1.452696703198964
1701475200,31.4,,31.51948146345441,1,0,0,1.4903612243990378
1701561600,30.84,,31.51948146345441,1,0,0,1.5017639940848209
1701648000,31.71,27.921463803685135,,1,0,0,1.5287808516501908
1701734400,31.73,28.197317423316626,,1,0,0,1.539582219389463
1701820800,31.2,28.197317423316626,,1,0,0,1.5396120608616441
1701907200,32.03,28.525127112886466,,1,0,0,1.547496913657241
1701993600,33.45,29.61011440159782,,1,0,0,1.5826757055388667
1702080000,33.47,30.690102961438043,,1,0,0,1.5939131551432335
1702166400,33.62,30.690102961438043,,1,0,0,1.5743479297758596
1702252800,30.4,,35.11861660123519,1,0,0,1.806894506220441
1702339200,30.99,,34.30225494111167,1,0,0,1.7542591843475521
1702425600,30.67,,33.9885294470005,1,0,0,1.7610978140370126
1702512000,30.63,,33.87917650230045,1,0,0,1.742447970177226
1702598400,29.51,,33.48825885207041,1,0,0,1.7187016865931384
1702684800,29.99,,33.229932966863366,1,0,0,1.682365851836486
1702771200,29.76,,33.21043967017703,1,0,0,1.6300540052767372
1702857600,28.93,,32.10189570315933,1,0,0,1.6871930048998274
1702944000,27.89,,32.021206132843396,1,0,0,1.7202506474069827
1703030400,29.16,,32.021206132843396,1,0,0,1.8059470297350553
1703116800,29.98,,32.021206132843396,1,0,0,1.7840936704682657
1703203200,30.4,,32.021206132843396,1,0,0,1.7202298368633895
1703289600,30.38,,32.021206132843396,1,0,0,1.6587848485160046
1703376000,30.14,,32.021206132843396,1,0,0,1.6617287879077185
1703462400,31.25,,32.021206132843396,1,0,0,1.66446244591431
1703548800,30.37,,32.021206132843396,1,0,0,1.734857985491859
1703635200,31.81,,32.021206132843396,1,0,0,1.8302252722424404
1703721600,31.9,,32.021206132843396,1,0,0,1.7973520385108372
1703808000,28.65,,32.021206132843396,1,0,0,1.9582554643314916
1703894400,28.63,,32.021206132843396,1,0,0,1.8855229311649564
1703980800,26.92,,31.36946399084955,1,0,0,1.972985578938888
1704067200,27.78,,31.108017591764593,1,0,0,1.9449151804432532
1704153600,27.59,,31.108017591764593,1,0,0,1.8909926675544495
1704240000,25.03,,29.551894249329322,1,0,0,2.2737789055862745
1704326400,24.17,,29.396204824396392,1,0,0,2.2156518409015407
1704412800,23.54,,27.911584341956747,1,0,0,2.2245338522657163
1704499200,23.08,,27.378425907761077,1,0,0,2.1777814342467368
1704585600,21.92,,26.98508331698497,1,0,0,2.146511331800541
1704672000,21.25,,25.45957498528647,1,0,0,2.1217605223862166
1704758400,19.66,,24.399617486757823,1,0,0,2.1709204850729154
1704844800,22.31,,24.399617486757823,1,0,0,2.2508547361391353
1704931200,24.43,18.657159835726162,,1,0,0,2.3043651121291973
1705017600,23.75,19.078443852153548,,1,0,0,2.3511961755485404
1705104000,23.37,19.078443852153548,,1,0,0,2.258967877295073
1705190400,22.72,19.078443852153548,,1,0,0,2.204755886059711
1705276800,23.64,19.227885568219936,,1,0,0,2.1787018941983027
1705363200,23.18,19.227885568219936,,1,0,0,2.098794616041281
1705449600,22.92,19.227885568219936,,1,0,0,2.0110235720383325
1705536000,22.5,19.227885568219936,,1,0,0,1.9645218883213087
1705622400,23.62,19.227885568219936,,1,0,0,1.9691988962983582
1705708800,23.61,20.00403134917819,,1,0,0,1.8835418322770467
1705795200,23.37,20.00403134917819,,1,0,0,1.8540031299715434
1705881600,22.26,20.00403134917819,,1,0,0,1.8230029064021473
1705968000,21.43,20.00403134917819,,1,0,0,1.8377884130877082
1706054400,21.94,20.00403134917819,,1,0,0,1.7900892407243008
1706140800,22.4,20.00403134917819,,1,0,0,1.7229400092439937
1706227200,22.7,20.00403134917819,,1,0,0,1.658444294297994
1706313600,22.72,20.00403134917819,,1,0,0,1.5835554161338514
1706400000,22.17,20.00403134917819,,1,0,0,1.554015743552862
1706486400,22.99,20.00403134917819,,1,0,0,1.510157476156229
1706572800,22.58,20.21657133677545,,1,0,0,1.4608605135736412
1706659200,21.7,20.21657133677545,,1,0,0,1.4607990483183813
1706745600,21.71,20.21657133677545,,1,0,0,1.402884830581354
1706832000,22.07,20.21657133677545,,1,0,0,1.3369644855398286
1706918400,22.09,20.21657133677545,,1,0,0,1.2650384508584125
1707004800,21.42,20.21657133677545,,1,0,0,1.2375357043685258
1707091200,21.37,20.21657133677545,,1,0,0,1.191997439770774
1707177600,19.22,,22.699164837991447,1,0,0,1.276854765501433
1707264000,20.82,,22.502248354192304,1,0,0,1.3199365679656163
1707350400,20.87,,22.502248354192304,1,0,0,1.2570839559680724
1707436800,21.09,,22.502248354192304,1,0,0,1.21157795911321
1707523200,20.89,,22.502248354192304,1,0,0,1.1864652477479807
1707609600,20.34,,22.502248354192304,1,0,0,1.1795748729088393
1707696000,21.07,,22.502248354192304,1,0,0,1.1803195248439222
1707782400,20.83,,22.502248354192304,1,0,0,1.1660109873550708
1707868800,21.3,,22.502248354192304,1,0,0,1.1398673454011372
1707955200,22.3,,22.502248354192304,1,0,0,1.1448768207296276
1708041600,22.66,20.33643993160937,,1,0,0,1.1316713335346542
1708128000,24.84,21.313795938448433,,1,0,0,1.2308376668536074
1708214400,25.64,23.19041634460359,,1,0,0,1.3229206906497784
1708300800,26.87,23.34937471014323,,1,0,0,1.3812834984605085
1708387200,24.81,23.34937471014323,,1,0,0,1.5797632485704722
1708473600,24.48,23.34937471014323,,1,0,0,1.5890658736725813
1708560000,26.74,23.34937471014323,,1,0,0,1.9155611684102543
1708646400,26.83,23.34937471014323,,1,0,0,1.9115925135238074
1708732800,27.95,23.40563087259248,,1,0,0,1.871478762557821
1708819200,27.73,23.94356778533323,,1,0,0,1.803515993803691
1708905600,28.06,24.577211006799907,,1,0,0,1.769693422817713
1708992000,28.76,25.223989906119915,,1,0,0,1.788286749759305
1709078400,28.31,25.223989906119915,,1,0,0,1.9234091247764975
1709164800,27.89,25.223989906119915,,1,0,0,2.031737044435319
1709251200,29.54,25.223989906119915,,1,0,0,2.0380415412613675
1709337600,33.09,26.501977277405274,,1,0,0,2.1888957168855554
1709424000,31.6,26.501977277405274,,1,0,0,2.3039745942508723
1709510400,32.79,26.984851594698274,,1,0,0,2.31440498037581
1709596800,30.32,26.984851594698274,,1,0,0,2.773376053206109
1709683200,32.82,26.984851594698274,,1,0,0,2.864563477977101
1709769600,34.04,27.337851812535042,,1,0,0,2.7949518009787364
1709856000,34.58,27.46256663128154,,1,0,0,2.795312386623112
1709942400,34.24,28.766309968153386,,1,0,0,2.7313615018643183
1710028800,33.75,28.766309968153386,,1,0,0,2.737692823159724
1710115200,34.85,28.766309968153386,,1,0,0,2.813571907219744
1710201600,34.19,28.766309968153386,,1,0,0,2.894745342418333
1710288000,34.85,28.766309968153386,,1,0,0,2.874406389388452
1710374400,34.07,28.766309968153386,,1,0,0,2.9383773615749917
1710460800,31.49,28.766309968153386,,1,0,0,3.1599218357482073
1710547200,29.08,28.766309968153386,,1,0,0,3.2184988474804785
1710633600,29.26,28.766309968153386,,1,0,0,3.180034644089016
1710720000,27.54,,34.84906519948244,1,0,0,3.1350321695112293
1710806400,25.03,,32.7736586795342,1,0,0,3.1603870145461417
1710892800,28.31,,32.7736586795342,1,0,0,3.235359370649989
1710979200,29.38,,32.7736586795342,1,0,0,3.132119415603561
1711065600,28.76,,32.7736586795342,1,0,0,3.044825171631878
1711152000,28.69,,32.7736586795342,1,0,0,2.919480516515315
1711238400,29.79,,32.7736586795342,1,0,0,2.8038033367642217
1711324800,30.34,,32.7736586795342,1,0,0,2.6906745269953487
1711411200,31.63,,32.7736586795342,1,0,0,2.609912060781395
1711497600,31,,32.7736586795342,1,0,0,2.5842040564398667
1711584000,30.78,,32.7736586795342,1,0,0,2.494618052408448
1711670400,30.71,,32.7736586795342,1,0,0,2.4271453343792726
1711756800,30.08,,32.7736586795342,1,0,0,2.3309206676378955
1711843200,30.44,,32.7736586795342,1,0,0,2.22585490566376
1711929600,28.94,,32.7736586795342,1,0,0,2.254722412402063
1712016000,27.66,,32.16133051688446,1,0,0,2.2350993829447727
1712102400,27.17,,31.658197465196018,1,0,0,2.1983065698772895
1712188800,27.66,,31.460377718676412,1,0,0,2.1455703863146263
1712275200,27.29,,30.936339946808772,1,0,0,2.0794582158635815
1712361600,27.49,,30.936339946808772,1,0,0,1.9816397718733256
1712448000,27.86,,30.936339946808772,1,0,0,1.8900940738823737
1712534400,28.52,,30.936339946808772,1,0,0,1.8536587828907756
1712620800,27.62,,30.936339946808772,1,0,0,1.820540298398577
1712707200,27.05,,30.17440167519111,1,0,0,1.8176445627986786
1712793600,26.52,,29.871961507671998,1,0,0,1.7578128083130586
1712880000,23.23,,28.2077653569048,1,0,0,2.027254750576412
1712966400,20.48,,25.660488821214322,1,0,0,2.3081651255352393
1713052800,21.97,,25.660488821214322,1,0,0,2.3147247594255793
1713139200,21.2,,25.660488821214322,1,0,0,2.332244419466609
1713225600,21.43,,25.660488821214322,1,0,0,2.2735126752189943
1713312000,21.05,,25.624674715598715,1,0,0,2.2568331984176373
1713398400,22.02,,25.624674715598715,1,0,0,2.218487969959235
1713484800,22.25,,25.624674715598715,1,0,0,2.2493102578192894
1713571200,23.24,,25.624674715598715,1,0,0,2.1943595251179118
1713657600,22.73,,25.624674715598715,1,0,0,2.1583338447523466
1713744000,24.3,,25.624674715598715,1,0,0,2.139881427270036
1713830400,23.97,,25.624674715598715,1,0,0,2.0534613253221763
1713916800,22.91,,25.624674715598715,1,0,0,2.038214087799164
1714003200,23.34,,25.624674715598715,1,0,0,1.9883416529563664
1714089600,22.88,,25.624674715598715,1,0,0,1.9070315348880544
1714176000,23.22,,25.624674715598715,1,0,0,1.8529578538246219
1714262400,22.48,,25.624674715598715,1,0,0,1.8106037214085773
1714348800,22.36,,25.540065436780235,1,0,0,1.752703455593679
1714435200,21.35,,24.85505889310221,1,0,0,1.7775103516227018
1714521600,22.23,,24.702553003791987,1,0,0,1.8048310407925088
1714608000,22.76,,24.702553003791987,1,0,0,1.7830573950216153
1714694400,23.02,,24.702553003791987,1,0,0,1.746410438234357
1714780800,23.1,,24.702553003791987,1,0,0,1.6666668355033316
1714867200,23.09,,24.702553003791987,1,0,0,1.596904918681665
1714953600,22.86,,24.702553003791987,1,0,0,1.5678402816329748
1715040000,22.42,,24.702553003791987,1,0,0,1.5437088329449051
1715126400,23.49,,24.702553003791987,1,0,0,1.5377296305916979
1715212800,23.46,,24.702553003791987,1,0,0,1.4978917998351482
1715299200,22.85,,24.702553003791987,1,0,0,1.4887566712754947
1715385600,22.5,,24.702553003791987,1,0,0,1.4252740518986737
1715472000,22.36,,24.702553003791987,1,0,0,1.3720401910487685
1715558400,22.19,,24.60413943657865,1,0,0,1.358323034545285
1715644800,21.94,,24.575725492920782,1,0,0,1.314157103506336
1715731200,23.24,,24.575725492920782,1,0,0,1.3267173103987404
1715817600,23.69,,24.575725492920782,1,0,0,1.3055232167988302
1715904000,23.58,,24.575725492920782,1,0,0,1.2672715584560568
1715990400,23.57,,24.575725492920782,1,0,0,1.216752161423481
1716076800,23.25,,24.575725492920782,1,0,0,1.1948412927503753
1716163200,25.03,21.705847858316687,,1,0,0,1.2573526289824914
1716249600,24.62,22.48976307248502,,1,0,0,1.2589702983408848
1716336000,24.7,22.48976307248502,,1,0,0,1.2304724198879644
1716422400,25.33,22.48976307248502,,1,0,0,1.3361529613245382
1716508800,27.75,23.68497727984158,,1,0,0,1.4407134640870713
1716595200,26.91,24.25147955185742,,1,0,0,1.4342339309379948
1716681600,26.52,24.25147955185742,,1,0,0,1.4039315072995664
1716768000,27,24.25147955185742,,1,0,0,1.4565078282067403
1716854400,26.66,24.25147955185742,,1,0,0,1.4153286976205446
1716940800,26.83,24.25147955185742,,1,0,0,1.3913766477905054
1717027200,26.72,24.25147955185742,,1,0,0,1.366992601519755
1717113600,26.97,24.25147955185742,,1,0,0,1.3286359871254871
1717200000,27.06,24.25147955185742,,1,0,0,1.288019130902238
1717286400,26.41,24.319367763810114,,1,0,0,1.2767320501235069
1717372800,25.5,24.319367763810114,,1,0,0,1.2955369036861135
1717459200,27.57,24.319367763810114,,1,0,0,1.461569981994248
1717545600,26.51,24.319367763810114,,1,0,0,1.4578864118518016
1717632000,26.76,24.319367763810114,,1,0,0,1.4516088110052443
1717718400,24.89,24.319367763810114,,1,0,0,1.6357796102191553
1717804800,22.97,,27.64914338123299,1,0,0,1.7025096380606441
1717891200,23.74,,26.79872904310969,1,0,0,1.640901806770598
1717977600,23.56,,26.79872904310969,1,0,0,1.6051231062869837
1718064000,22.77,,26.244570524918846,1,0,0,1.6276143129807703
1718150400,23.6,,26.244570524918846,1,0,0,1.6377847191964297
1718236800,22.76,,26.244570524918846,1,0,0,1.6136572392538275
1718323200,22.76,,26.157801912665843,1,0,0,1.6348245793071254
1718409600,22.65,,25.91952172139926,1,0,0,1.5673371093566166
1718496000,22.86,,25.69906954925933,1,0,0,1.507527315831144
1718582400,21.72,,25.309662594333396,1,0,0,1.5605610789860622
1718668800,20.5,,23.73719633490006,1,0,0,1.6640924304870577
1718755200,20.07,,23.73719633490006,1,0,0,1.698085828309411
1718841600,20.03,,23.622279031269052,1,0,0,1.6489368405730247
1718928000,20.07,,23.202551128142144,1,0,0,1.592584209103523
1719014400,19.99,,22.93429601532793,1,0,0,1.5045424798818428
1719100800,19.59,,22.75786641379514,1,0,0,1.473503731318854
1719187200,19.82,,22.200579772415622,1,0,0,1.4432534647960789
1719273600,20.14,,22.200579772415622,1,0,0,1.4037353601677875
1719360000,19.91,,22.200579772415622,1,0,0,1.3734685487272313
1719446400,20.87,,22.200579772415622,1,0,0,1.3617922238181435
1719532800,20.66,,22.200579772415622,1,0,0,1.3088070649739902
1719619200,20.24,,22.200579772415622,1,0,0,1.2653208460472765
1719705600,20.94,,22.200579772415622,1,0,0,1.2585122141867569
1719792000,20.74,,22.200579772415622,1,0,0,1.2479041988877029
1719878400,20.86,,22.200579772415622,1,0,0,1.309482470395724
1719964800,20.8,,22.200579772415622,1,0,0,1.2995194367960294
1720051200,18.4,,22.200579772415622,1,0,0,1.3895537627391703
1720137600,18.3,,20.103972213400695,1,0,0,1.4774427796863725
1720224000,19.84,,20.103972213400695,1,0,0,1.5554825811373458
1720310400,18.67,,20.103972213400695,1,0,0,1.5693766824846784
1720396800,20.47,15.643829256430895,,1,0,0,1.6729926337357728
1720483200,22.61,17.947446330787805,,1,0,0,1.746350302754646
1720569600,23.4,19.332701697709027,,1,0,0,1.7223252811293144
1720656000,24.2,19.332701697709027,,1,0,0,1.8221591896200775
1720742400,24.06,20.15823837514431,,1,0,0,1.7662906760757864
1720828800,26.77,21.58241453762988,,1,0,0,1.876555627784659
1720915200,29.36,24.020673083866892,,1,0,0,1.9860873686571832
1721001600,28.22,24.884105775480204,,1,0,0,1.9799382708959556
1721088000,30.29,25.310695197932183,,1,0,0,2.174942680117673
1721174400,31.06,26.359125678138966,,1,0,0,2.209589631537839
1721260800,30.79,26.596213110325067,,1,0,0,2.217476086427993
1721347200,29.53,26.596213110325067,,1,0,0,2.2533706516831367
1721433600,29.62,26.596213110325067,,1,0,0,2.174558462277198
1721520000,32.07,26.596213110325067,,1,0,0,2.2585185721145407
1721606400,30.36,26.596213110325067,,1,0,0,2.252195816963502
1721692800,29.69,26.596213110325067,,1,0,0,2.241324687180395
1721779200,30.13,26.596213110325067,,1,0,0,2.1633729238103667
1721865600,30.15,26.596213110325067,,1,0,0,2.1838462863953407
1721952000,32.49,26.905151288667057,,1,0,0,2.2242858373671024
1722038400,31.72,27.14413615980035,,1,0,0,2.194693991840881
1722124800,32.01,27.59622254382031,,1,0,0,2.1750729924236754
1722211200,32.92,28.20060028943828,,1,0,0,2.1768534929648413
1722297600,32.14,28.20060028943828,,1,0,0,2.1856496720387812
1722384000,33.6,28.20060028943828,,1,0,0,2.2323889811788677
1722470400,32.45,28.20060028943828,,1,0,0,2.294361196808949
1722556800,32.68,28.20060028943828,,1,0,0,2.4997639684654525
1722643200,31.78,28.20060028943828,,1,0,0,2.5469236850036348
1722729600,30.79,28.20060028943828,,1,0,0,2.548571993217661
1722816000,30.06,28.20060028943828,,1,0,0,2.8408168508449703
1722902400,31.82,28.20060028943828,,1,0,0,2.902187075784615
1722988800,32.5,28.20060028943828,,1,0,0,2.919887998942857
1723075200,35.84,28.20060028943828,,1,0,0,3.0627531418755103
1723161600,40.81,31.095930373548857,,1,0,0,3.2646993460272595
1723248000,41.29,34.26883733619397,,1,0,0,3.1700779641681693
1723334400,41.1,34.26883733619397,,1,0,0,3.1207866810133003
1723420800,43.44,35.25935824231712,,1,0,0,3.178587632369493
1723507200,43.02,35.25935824231712,,1,0,0,3.242259944343101
1723593600,42.19,36.902230176276866,,1,0,0,3.2428128054614507
1723680000,42.83,36.902230176276866,,1,0,0,3.2461833193570615
1723766400,42.36,36.902230176276866,,1,0,0,3.126455939402986
1723852800,43.63,36.902230176276866,,1,0,0,3.0845662294456306
1723939200,42.77,36.980114718655244,,1,0,0,3.0199543559138
1724025600,41.92,36.980114718655244,,1,0,0,2.997814759062814
1724112000,41.56,36.980114718655244,,1,0,0,2.8801137048440415
1724198400,41.5,36.980114718655244,,1,0,0,2.8279627259266102
1724284800,41.43,36.980114718655244,,1,0,0,2.7109653883604237
1724371200,42.43,36.980114718655244,,1,0,0,2.715182146334679
1724457600,43.03,37.275285056196864,,1,0,0,2.767669135882202
1724544000,39.78,37.275285056196864,,1,0,0,2.8128356261763305
1724630400,36.74,,44.85626910448053,1,0,0,2.9619187957351643
1724716800,35.47,,41.94264219403249,1,0,0,2.922496024611224
1724803200,33.51,,40.09887797462923,1,0,0,2.942317737138993
1724889600,33.24,,39.39999017716631,1,0,0,2.8500093273433507
1724976000,33.02,,38.13949115944968,1,0,0,2.7650086611045404
1725062400,32.19,,37.68654204350471,1,0,0,2.648222328168502
1725148800,29.4,,36.11138783915424,1,0,0,2.706206447585038
1725235200,29.49,,34.090249055238814,1,0,0,2.625048844186107
1725321600,28.76,,34.090249055238814,1,0,0,2.5582596410299563
1725408000,29.59,,33.61325173474344,1,0,0,2.5683839523849596
1725494400,28.9,,33.61325173474344,1,0,0,2.4649279557860337
1725580800,26.97,,32.64983390514219,1,0,0,2.5202902446584594
1725667200,27.75,,32.64983390514219,1,0,0,2.4881266557542836
1725753600,27.73,,32.15316546316517,1,0,0,2.3804033232004067
1725840000,29.36,,32.15316546316517,1,0,0,2.3582316572575204
1725926400,30.82,,32.15316546316517,1,0,0,2.346215110310555
1726012800,29.64,,32.15316546316517,1,0,0,2.3000568881455155
1726099200,29.37,,32.15316546316517,1,0,0,2.2229099675636927
1726185600,30.54,,32.15316546316517,1,0,0,2.1762735413091434
1726272000,30.59,,32.15316546316517,1,0,0,2.0901111455013477
1726358400,29.22,,32.15316546316517,1,0,0,2.125103206536966
1726444800,29.15,,32.15316546316517,1,0,0,2.041167263212897
1726531200,29.81,,32.15316546316517,1,0,0,2.023226744411976
1726617600,30.61,,32.15316546316517,1,0,0,2.0001391198111205
1726704000,31.62,,32.15316546316517,1,0,1,1.9887006112531835
1726790400,31.28,,32.15316546316517,1,0,0,2.0095077104493844
1726876800,31.34,,32.15316546316517,1,0,0,1.9431143025601425
1726963200,30.19,,32.15316546316517,1,0,0,1.9514632809487036
1727049600,29.63,,32.15316546316517,1,0,0,1.9870730465952247
1727136000,29.36,,32.15316546316517,1,0,0,1.9372821146955659
1727222400,28.37,,32.15316546316517,1,0,0,1.9274762493601685
1727308800,30.24,,32.15316546316517,1,0,0,2.0347993744058708
1727395200,30.43,,32.15316546316517,1,0,0,1.9837422762340229
1727481600,29.5,,32.15316546316517,1,0,0,2.0256178279315926
1727568000,29.08,,32.15316546316517,1,0,0,1.9195022687936216
1727654400,27.76,,31.930240242385356,1,0,0,1.8981092495940772
1727740800,26.64,,30.82721621814682,1,0,0,2.0168157317659285
1727827200,25.92,,30.493494596332134,1,0,0,2.035614608068362
1727913600,25.64,,29.448145136698923,1,0,0,2.0330707074920507
1728000000,26.81,,29.448145136698923,1,0,0,2.012137085528333
1728086400,27.39,,29.448145136698923,1,0,0,1.9998415794191664
1728172800,29.27,,29.448145136698923,1,0,0,2.0112814666035117
1728259200,28.99,,29.448145136698923,1,0,0,1.9783327904175467
1728345600,29.01,,29.448145136698923,1,0,0,1.9727375911020075
1728432000,29.08,,29.448145136698923,1,0,0,1.891113477451864
1728518400,33.85,27.28791774236683,,1,0,0,2.1210339433481598
1728604800,36.32,30.552625968130148,,1,0,0,2.28310294739472
1728691200,34.55,30.605863371317128,,1,0,0,2.2893098797236684
1728777600,35.43,30.728777034185416,,1,0,0,2.3807877454576922
1728864000,36.17,31.497399330766875,,1,0,0,2.4543029064964292
1728950400,37.43,32.06815939769019,,1,0,0,2.449709841746684
1729036800,36.95,33.29384345792117,,1,0,0,2.569016281621921
1729123200,36.14,33.29384345792117,,1,0,0,2.5833722615060695
1729209600,35.82,33.29384345792117,,1,0,0,2.548845671398493
1729296000,37.09,33.29384345792117,,1,0,0,2.509642409155743
1729382400,36.91,33.29384345792117,,1,0,0,2.4489536656446185
1729468800,37.43,33.29384345792117,,1,0,0,2.531885546670003
1729555200,37.95,33.29384345792117,,1,0,0,2.5188937219078595
1729641600,37.89,33.29384345792117,,1,0,0,2.4525441703430118
1729728000,37.2,33.29384345792117,,1,0,0,2.481648158175654
1729814400,35.99,33.29384345792117,,1,0,0,2.577244718305965
1729900800,34.56,33.29384345792117,,1,0,0,2.54958438128411
1729987200,38.38,33.29384345792117,,1,0,0,2.7717569254781016
1730073600,38.32,33.29384345792117,,1,0,0,2.7487742879439514
1730160000,38.47,33.29384345792117,,1,0,0,2.93171898166224
1730246400,38.44,33.29384345792117,,1,0,0,2.86231048297208
1730332800,36.82,33.29384345792117,,1,0,0,2.7914311627597885
1730419200,37.88,33.29384345792117,,1,0,0,2.714186079705518
1730505600,36.87,33.29384345792117,,1,0,0,2.7081727882979814
1730592000,37.22,33.29384345792117,,1,0,0,2.6768747319909822
1730678400,36.93,33.29384345792117,,1,0,0,2.6392408225630546
1730764800,38.21,33.29384345792117,,1,0,0,2.6150093352371218
1730851200,43.24,34.62630279878642,,1,0,0,2.836080097005899
1730937600,44.07,38.404172518907785,,1,0,0,2.8520743757911915
1731024000,46.19,38.404172518907785,,1,0,1,2.9726404918061062
1731110400,46.08,39.70837974031531,,1,0,0,3.0353090281056696
1731196800,45.49,39.70837974031531,,1,0,0,3.116358383240979
1731283200,45.29,39.70837974031531,,1,0,0,3.230189927295195
1731369600,41.98,39.70837974031531,,1,0,0,3.3987477896312526
1731456000,38.67,,47.432223552379135,1,0,0,3.5366943760861633
1731542400,36.77,,45.40950119714122,1,0,0,3.504787634937152
1731628800,38.49,,44.9860510774271,1,0,0,3.4430170895844983
1731715200,44.98,,44.9860510774271,1,0,0,3.839230154614177
1731801600,44.5,,44.9860510774271,1,0,0,3.8321422864274504
1731888000,44.85,,44.9860510774271,1,0,0,3.8305606945397757
1731974400,42.78,,44.9860510774271,1,0,0,3.81909207350122
1732060800,41.45,,44.9860510774271,1,0,0,3.7712997825368473
1732147200,45.37,35.298649549361066,,1,0,0,3.9469212266413582
1732233600,45.85,36.89028459442496,,1,0,0,3.9364268533098326
1732320000,48.82,39.55925613498246,,1,0,0,3.976682078073416
1732406400,52.6,43.472330521484224,,1,0,0,4.356204786782458
1732492800,47.81,43.472330521484224,,1,0,0,4.570761587726568
1732579200,51.24,43.472330521484224,,1,0,0,4.865707188603243
1732665600,56.49,43.472330521484224,,1,0,0,5.115299532274441
1732752000,55.72,46.0427425551458,,1,0,0,5.044206708540552
1732838400,54.48,46.0427425551458,,1,0,0,4.863191943644799
1732924800,59.26,46.706721469668096,,1,0,0,5.147249661955884
1733011200,60.04,46.706721469668096,,1,0,0,5.346731828959037
1733097600,74.59,52.87914439043115,,1,0,0,6.403393841176249
1733184000,73.2,57.693229951388034,,1,0,0,6.826722852520803
1733270400,69.6,57.693229951388034,,1,0,0,6.934099791626459
1733356800,70.64,57.693229951388034,,1,0,0,7.033806949367426
1733443200,70.36,57.693229951388034,,1,0,0,6.979963595841181
1733529600,70.28,57.693229951388034,,1,0,0,6.697823338995383
1733616000,74.25,57.693229951388034,,1,0,0,6.67583595763857
1733702400,58.52,57.693229951388034,,1,0,0,7.969704817807245
1733788800,58.73,57.693229951388034,,1,0,0,7.922583045106728
1733875200,63.75,57.693229951388034,,1,0,0,8.040255684741961
1733961600,59.43,57.693229951388034,,1,0,0,8.102380278688965
1734048000,60.04,57.693229951388034,,1,0,0,7.722210258782611
1734134400,58.38,57.693229951388034,,1,0,0,7.427766668869568
1734220800,59.06,57.693229951388034,,1,0,0,7.147211906807456
1734307200,56.45,,72.79516128357596,1,0,0,6.986696770606924
1734393600,55.28,,69.65264515521838,1,0,0,6.731218429849286
1734480000,50.69,,66.72088063969653,1,0,0,6.669702827717194
1734566400,48.29,,64.10629257572688,1,0,1,6.80543834002311
1734652800,54.41,,63.86916331815419,1,0,0,7.387192744307173
1734739200,53.64,,63.86916331815419,1,0,0,7.220964691142376
1734825600,58.58,,63.86916331815419,1,0,0,7.378752927489349
1734912000,65.84,45.3064349410656,,1,0,0,7.816699146954396
1734998400,69.31,51.75629144695903,,1,0,0,7.805506350743367
1735084800,73.53,56.93866230226313,,1,0,0,7.935113039975984
1735171200,68.94,56.93866230226313,,1,0,0,7.93331925140627
1735257600,62.16,56.93866230226313,,1,0,0,8.016653590591536
1735344000,62.77,56.93866230226313,,1,0,0,7.768321191263569
1735430400,60.65,56.93866230226313,,1,0,0,7.677012534744743
1735516800,58.29,56.93866230226313,,1,0,0,7.519368782262975
1735603200,56.27,,72.15754304742298,1,0,0,7.282271012101333
1735689600,58.22,,71.12478874268068,1,0,0,7.070680225522667
1735776000,59.48,,71.12478874268068,1,0,0,6.816345923699619
1735862400,60.91,,71.12478874268068,1,0,0,6.713035500578217
1735948800,59.21,,71.12478874268068,1,0,0,6.405675821965487
1736035200,58.45,,69.87230789407279,1,0,0,6.134556120396524
1736121600,60.41,,69.87230789407279,1,0,0,5.999944968939629
1736208000,52.27,,67.73931939419896,1,0,0,6.214948899729655
1736294400,50.24,,62.25538745477907,1,0,0,6.199595406891823
1736380800,46.99,,60.19884870930116,1,0,0,6.097481449256692
1736467200,48.27,,58.60346383837104,1,0,0,5.823375631452643
1736553600,48.54,,58.60346383837104,1,0,0,5.573848800634596
1736640000,48.02,,57.72730570908055,1,0,0,5.292859600589267
1736726400,48.44,,56.272575138172485,1,0,0,5.294798200547177
1736812800,51.13,,56.272575138172485,1,0,0,5.158741186222379
1736899200,55.37,,56.272575138172485,1,0,0,5.175259672920781
1736985600,54.07,,56.272575138172485,1,0,0,5.012741124855012
1737072000,54.86,,56.272575138172485,1,0,0,4.864688187365368
1737158400,51.98,,56.272575138172485,1,0,0,4.845067602553556
1737244800,46.93,,56.272575138172485,1,0,0,4.981848488085445
1737331200,47.55,,56.272575138172485,1,0,0,5.075287881793628
1737417600,49.1,,56.272575138172485,1,0,0,5.086338747379797
1737504000,48.48,,56.272575138172485,1,0,0,4.8587431225669535
1737590400,48.61,,56.272575138172485,1,0,0,4.702404328097885
1737676800,46.24,,56.272575138172485,1,0,0,4.611518304662321
1737763200,46.42,,54.300588855458145,1,0,0,4.374266997186441
1737849600,44.81,,53.67302996991233,1,0,0,4.243962211673124
1737936000,43.18,,50.89122697292109,1,0,0,4.259393482267901
1738022400,41.73,,50.835104275628986,1,0,0,4.208722519248766
1738108800,42.41,,50.02309384806608,1,0,0,4.123099482159568
1738195200,43.94,,50.02309384806608,1,0,0,4.097878090576741
1738281600,43.24,,50.02309384806608,1,0,0,4.015886798392688
1738368000,39.17,,49.04588041524018,1,0,0,4.058323455650354
1738454400,33.24,,44.27679237371616,1,0,0,4.377014637389614
1738540800,35.48,,40.19911313634455,1,0,0,4.889370734718928
1738627200,32.13,,40.19911313634455,1,0,0,4.874415682239004
1738713600,32.13,,40.19911313634455,1,0,0,4.67410027636479
1738800000,29.87,,40.10317847639517,1,0,0,4.563093113767304
1738886400,30.11,,39.44586062875565,1,0,0,4.464300748498212
1738972800,31.9,,39.157274565880094,1,0,0,4.319707837891197
1739059200,32.47,,39.157274565880094,1,0,0,4.254014420898969
1739145600,32.5,,39.157274565880094,1,0,0,4.094441962263328
1739232000,33.09,,39.157274565880094,1,0,0,3.9841246792445197
1739318400,32.68,,39.157274565880094,1,0,0,3.9259729164413395
1739404800,32.46,,39.157274565880094,1,0,0,3.846974850981244
1739491200,33.04,,39.157274565880094,1,0,0,3.687905218768298
1739577600,32.19,,39.157274565880094,1,0,0,3.5373405602848487
1739664000,34.16,,39.157274565880094,1,0,0,3.5911019488359313
1739750400,36.48,,39.157274565880094,1,0,0,3.5210232382047932
1739836800,33.86,,39.157274565880094,1,0,0,3.5723787211901654
1739923200,36.15,,39.157274565880094,1,0,0,3.5622088125337252
1740009600,36.6,,39.157274565880094,1,0,0,3.5399081830670305
1740096000,35.15,,39.157274565880094,1,0,0,3.570629027133671
1740182400,35.91,,39.157274565880094,1,0,0,3.4370126680526942
1740268800,35.9,,39.157274565880094,1,0,0,3.367226048906073
1740355200,33.03,,39.157274565880094,1,0,0,3.423138473984211
1740441600,33.54,,39.157274565880094,1,0,0,3.4772000115567674
1740528000,36.1,,39.157274565880094,1,0,0,3.4974000107312837
1740614400,36.71,,39.157274565880094,1,0,0,3.3968714385361922
1740700800,37.62,,39.157274565880094,1,0,0,3.3499520500693216
1740787200,37.81,,39.157274565880094,1,0,0,3.20995547506437
1740873600,41.27,33.63668506081441,,1,0,0,3.3985300839883434
1740960000,36.35,33.63668506081441,,1,0,0,3.6264922208463193
1741046400,35.06,33.63668506081441,,1,0,0,3.622457062214439
1741132800,36.42,33.63668506081441,,1,0,0,3.544424414913408
1741219200,34.11,33.63668506081441,,1,0,0,3.501251242419593
1741305600,32.99,,40.2282594884397,1,0,0,3.372590439389622
1741392000,32.59,,38.95543353959573,1,0,0,3.2066911222903642
1741478400,29.84,,37.123390185636154,1,0,0,3.2262131849839095
1741564800,29.17,,36.41105116707254,1,0,0,3.2793408146279157
1741651200,30.29,,35.89344605036529,1,0,0,3.2722450421544935
1741737600,30.23,,35.71810144532876,1,0,0,3.2163703962863153
1741824000,31.02,,35.71810144532876,1,0,0,3.0902010822658643
1741910400,32.32,,35.71810144532876,1,0,0,2.998043862104017
1741996800,32.3,,35.71810144532876,1,0,0,2.8603264433823017
1742083200,32.8,,35.71810144532876,1,0,0,2.794588840283566
1742169600,34.25,,35.71810144532876,1,0,0,2.75211820883474
1742256000,33.14,,35.71810144532876,1,0,0,2.6962526224894012
1742342400,34.27,,35.71810144532876,1,0,0,2.6100917208830157
1742428800,33.91,,35.71810144532876,1,0,0,2.606513740819943
1742515200,30.85,,35.71810144532876,1,0,0,2.7289056164756613
1742601600,31.09,,35.57759065535328,1,0,0,2.6418409295845424
1742688000,31.04,,35.57759065535328,1,0,0,2.550280863185647
1742774400,32.44,,35.57759065535328,1,0,0,2.518832230100958
1742860800,36.51,29.20057141224745,,1,0,0,2.7324870708080327
1742947200,39.02,32.083014271022705,,1,0,0,2.757309422893173
1743033600,37.19,33.00471284392044,,1,0,0,2.7389301784008038
1743120000,36.9,33.00471284392044,,1,0,0,2.710435165657889
1743206400,36.27,33.00471284392044,,1,0,0,2.684689796682325
1743292800,37.44,33.00471284392044,,1,0,0,2.652211954062159
1743379200,39.37,33.00471284392044,,1,0,0,2.6463396716291476
1743465600,40.64,34.94840188720658,,1,0,0,2.7587439807984944
1743552000,38.87,34.94840188720658,,1,0,0,2.760262267884316
1743638400,38.86,34.94840188720658,,1,0,0,2.8045292487497213
1743724800,39.43,34.94840188720658,,1,0,0,2.81992001669617
1743811200,37.52,34.94840188720658,,1,0,0,2.8727828726464435
1743897600,35.79,34.94840188720658,,1,0,0,2.8832983817431255
1743984000,33.84,,37.30793243266105,1,0,0,3.8352056401900447
1744070400,35.03,,37.30793243266105,1,0,0,3.7355480944621844
1744156800,36.45,,37.30793243266105,1,0,0,3.7994375162863143
1744243200,36.29,,37.30793243266105,1,0,0,3.9109062651230064
1744329600,35.39,,37.30793243266105,1,0,0,3.832984389042792
1744416000,34.83,,37.30793243266105,1,0,0,3.6334855041111638
1744502400,31.04,,37.30793243266105,1,0,0,3.7796651109603663
1744588800,31.14,,37.30793243266105,1,0,0,3.8039747458917685
1744675200,30.8,,37.30793243266105,1,0,0,3.6801194068994993
1744761600,31.08,,37.30793243266105,1,0,0,3.5493965921209636
1744848000,30.75,,37.30793243266105,1,0,0,3.405153978398037
1744934400,30.88,,37.30793243266105,1,0,0,3.307642979941034
1745020800,31.67,,37.30793243266105,1,0,0,3.1506684813738173
1745107200,31,,37.30793243266105,1,0,0,3.07204930413283
1745193600,31.21,,37.14777026026068,1,0,0,2.9390457824090563
1745280000,33.03,,37.14777026026068,1,0,0,2.913399655094124
1745366400,34.25,,37.14777026026068,1,0,0,2.8538711083016866
1745452800,34.28,,37.14777026026068,1,0,0,2.8171660291372804
1745539200,34.18,,37.14777026026068,1,0,0,2.6952255984846176
1745625600,33.43,,37.14777026026068,1,0,0,2.666280912878574
1745712000,32.55,,37.14777026026068,1,0,0,2.57083227624439
1745798400,35.63,,37.14777026026068,1,0,0,2.9557728279412188
1745884800,34.56,,37.14777026026068,1,0,0,2.953217625945417
1745971200,36.09,,37.14777026026068,1,0,0,2.907987795520744
1746057600,37.41,30.622887524534633,,1,0,0,2.9445600958406906
1746144000,36.28,31.095598772081175,,1,0,0,2.8649486604234986
1746230400,35.82,31.095598772081175,,1,0,0,2.7803094703932487
1746316800,35.63,31.095598772081175,,1,0,0,2.732430222508017
1746403200,36.56,31.27749650484717,,1,0,0,2.6743994923288725
1746489600,38.09,31.285746854362458,,1,0,0,2.7869423857339535
1746576000,40.49,33.528672168926214,,1,0,0,2.8785893581815283
1746662400,42,34.905304952033596,,1,0,0,2.87011868973999
1746748800,41.88,36.54877445683023,,1,0,0,2.8322530690442766
1746835200,43.59,36.54877445683023,,1,0,0,2.867092135541114
1746921600,45.23,37.54430731003249,,1,0,0,2.9830141258596052
1747008000,44.46,37.54430731003249,,1,0,0,3.0763702597267764
1747094400,43.52,37.54430731003249,,1,0,0,3.0594866697462924
1747180800,42,37.54430731003249,,1,0,0,3.0788090504787005
1747267200,41.8,37.54430731003249,,1,0,0,3.0810369754445075
1747353600,40.36,37.54430731003249,,1,0,0,3.0066771914841857
1747440000,40.48,37.54430731003249,,1,0,0,2.938343106378172
1747526400,41.41,37.54430731003249,,1,0,0,2.9198900273511597
1747612800,40.68,37.54430731003249,,1,0,0,2.8884693111117907
1747699200,41.18,37.54430731003249,,1,0,0,2.817864360318091
1747785600,42.96,37.54430731003249,,1,0,0,2.8187311917239417
1747872000,48.97,40.29257142514699,,1,0,0,3.200964678029375
1747958400,46.91,41.83381428263229,,1,0,0,3.263752915312991
1748044800,49.49,41.83381428263229,,1,0,0,3.268484849933491
1748131200,54.58,43.17188956893215,,1,0,0,3.6207359320810992
1748217600,54.33,45.368700612038936,,1,0,0,3.8178262226467354
1748304000,51.89,45.368700612038936,,1,0,0,3.929410063886255
1748390400,53.28,45.368700612038936,,1,0,0,3.9965950593229507
1748476800,53.2,46.109222746176385,,1,0,0,3.929695412228454
1748563200,47.43,46.109222746176385,,1,0,0,4.1190028827835645
1748649600,50.18,46.109222746176385,,1,0,0,4.260502676870453
1748736000,53.1,46.109222746176385,,1,0,0,4.274038199951135
1748822400,54,46.109222746176385,,1,0,0,4.132321185668911
1748908800,54.39,46.109222746176385,,1,0,0,4.108583958121131
1748995200,50.32,46.109222746176385,,1,0,0,4.152970818255336
1749081600,47.57,46.109222746176385,,1,0,0,4.117758616951384
1749168000,48.17,46.109222746176385,,1,0,0,4.108633001454856
1749254400,50.24,46.109222746176385,,1,0,0,4.071587787065224
1749340800,48.73,46.109222746176385,,1,0,0,3.9471886594177077
1749427200,51.62,46.109222746176385,,1,0,0,3.9573894694593004
1749513600,51.9,46.109222746176385,,1,0,0,3.918290221640779
1749600000,50.06,46.109222746176385,,1,0,0,3.84626949152358
1749686400,48,46.109222746176385,,1,0,0,3.8986788135576096
1749772800,45.27,,53.69937275321168,1,0,0,3.9352017554463514
1749859200,44.19,,51.9459354778905,1,0,0,3.8055444872001836
1749945600,43.45,,50.918341930101455,1,0,0,3.6651484524001705
1750032000,43.1,,50.918341930101455,1,0,0,3.6626378486573015
1750118400,41.2,,48.86775696338218,1,0,0,3.5967351451817793
1750204800,42.08,,48.69998126704396,1,0,0,3.510539777668795
1750291200,41.68,,48.081483140339564,1,0,0,3.349072650692453
1750377600,40.34,,47.03383482630561,1,0,0,3.3234246042144204
1750464000,39.52,,46.46095134367505,1,0,0,3.316037132484819
1750550400,38.19,,44.74085620930754,1,0,0,3.3498916230216174
1750636800,41.55,,44.74085620930754,1,0,0,3.4020422213772163
1750723200,42.8,,44.74085620930754,1,0,0,3.281182062707415
1750809600,41.43,,44.74085620930754,1,0,0,3.2125262010854567
1750896000,39.25,,44.74085620930754,1,0,0,3.2066314724364955
1750982400,38.54,,44.74085620930754,1,0,0,3.0975863672624597
1751068800,39.02,,44.16684871973061,1,0,0,3.023473055315141
1751155200,40.1,,44.16684871973061,1,0,0,2.9275106942212026
1751241600,38.27,,44.16684871973061,1,0,0,2.8841170732054024
1751328000,36.92,,42.65676271668361,1,0,0,2.843822996547874
1751414400,38.92,,42.65676271668361,1,0,0,2.8128356396515968
1751500800,40.92,,42.65676271668361,1,0,0,2.7897759511050535
1751587200,40.11,,42.65676271668361,1,0,0,2.804077668883264
1751673600,39.24,,42.65676271668361,1,0,0,2.7666435496773163
1751760000,39.33,,42.65676271668361,1,0,0,2.7533118675575077
1751846400,38.77,,42.65676271668361,1,0,0,2.6745038770176857
1751932800,43.7,35.37284146157465,,1,0,0,2.8741821715164226
1752019200,41.02,35.94805731541718,,1,0,0,3.194597730693821
1752105600,42.08,35.94805731541718,,1,0,0,3.1699836070728336
1752192000,42.05,36.30612642548792,,1,0,0,3.136413349424774
1752278400,42.28,36.30612642548792,,1,0,0,3.1002409673230047
1752364800,42.37,36.789062404645215,,1,0,0,3.026652326799933
1752451200,43.17,37.53765616418069,,1,0,0,2.9868914463142233
1752537600,43.78,37.53765616418069,,1,0,0,2.967113485863208
1752624000,44.24,38.340151492986365,,1,0,0,2.8958910940158353
1752710400,45.42,39.12363634368773,,1,0,0,2.8797560158718474
1752796800,44.29,39.65777270931895,,1,0,0,2.920487729023858
1752883200,44.72,39.65777270931895,,1,0,0,2.892595748379297
1752969600,44.99,39.65777270931895,,1,0,0,2.8395531949236323
1753056000,44.59,39.65777270931895,,1,0,0,2.786727966714802
1753142400,44.1,39.65777270931895,,1,0,0,2.7612473976637446
1753228800,41.33,39.65777270931895,,1,0,0,2.8375868692591912
1753315200,40.21,39.65777270931895,,1,0,0,2.8206163785978204
1753401600,40.8,39.65777270931895,,1,0,0,2.792715208697976
1753488000,41.2,39.65777270931895,,1,0,0,2.686806979505264
1753574400,41.9,39.65777270931895,,1,0,0,2.5663207666834595
1753660800,40.67,39.65777270931895,,1,0,0,2.6258692833489268
1753747200,40.5,39.65777270931895,,1,0,0,2.594021477395432
1753833600,38.45,,44.112079976192156,1,0,0,2.6701628004386158
1753920000,36.96,,43.43187197857294,1,0,0,2.693008314693
1754006400,35.94,,41.51718478071565,1,0,0,2.6599362922149283
1754092800,35.42,,40.38596630264408,1,0,0,2.5827979856281478
1754179200,36.15,,40.38596630264408,1,0,0,2.511883843797566
1754265600,37.06,,40.38596630264408,1,0,0,2.436749283526311
1754352000,35.51,,40.38596630264408,1,0,0,2.420552906131575
1754438400,36.14,,40.043117491164786,1,0,0,2.3533705556936053
1754524800,38.12,,40.043117491164786,1,0,0,2.348129801715491
1754611200,38.75,,40.043117491164786,1,0,0,2.3061205301643843
1754697600,39.7,,40.043117491164786,1,0,0,2.2628262065812144
1754784000,39.53,,40.043117491164786,1,0,0,2.231195763253985
1754870400,36.65,,40.043117491164786,1,0,0,2.457538923021557
1754956800,39.54,,40.043117491164786,1,0,0,2.6034289999485885
1755043200,39.35,,40.043117491164786,1,0,0,2.628184071380832
1755129600,36.62,,40.043117491164786,1,0,0,2.7825994948536303
1755216000,36.43,,40.043117491164786,1,0,0,2.9024138166498
1755302400,36.77,,40.043117491164786,1,0,0,2.7915271154605286
1755388800,37.03,,40.043117491164786,1,0,0,2.717132321499062
1755475200,35.34,,40.043117491164786,1,0,0,2.661622869963414
1755561600,34.66,,40.043117491164786,1,0,0,2.590792664966027
1755648000,39.05,,40.043117491164786,1,0,0,2.773593188897025
1755734400,42.56,34.188157736753496,,1,0,0,2.9540508182615235
1755820800,43.95,37.07734196307815,,1,0,0,3.086618616957129
1755907200,44.82,37.63910776677033,,1,0,0,3.2032887157459053
1755993600,42.57,37.63910776677033,,1,0,0,3.1859109503354834
1756080000,39.78,37.63910776677033,,1,0,0,3.242631596740092
1756166400,42.8,37.63910776677033,,1,0,0,3.3017293398300853
1756252800,42.27,37.63910776677033,,1,0,0,3.2094629584136505
1756339200,42.47,37.63910776677033,,1,0,0,3.150215604241247
1756425600,40.21,37.63910776677033,,1,0,0,3.192343061081158
1756512000,40.05,37.63910776677033,,1,0,0,3.022175699575361
1756598400,40.43,37.63910776677033,,1,0,0,2.915591721034264
1756684800,40.55,37.63910776677033,,1,0,0,2.887335169531817
1756771200,41.57,37.63910776677033,,1,0,0,2.8275255145652585
1756857600,41.57,37.63910776677033,,1,0,0,2.796273692096311
1756944000,40.77,37.63910776677033,,1,0,0,2.7029684283751463
1757030400,41.1,37.63910776677033,,1,0,0,2.6127563977769213
1757116800,47.46,38.48011444286107,,1,0,0,2.9282737979357125
1757203200,48.4,41.16160299857496,,1,0,0,2.9398256695117335
1757289600,50.66,43.74994269871747,,1,0,0,3.0276952645466095
1757376000,48.32,43.74994269871747,,1,0,0,3.0778598885075654
1757462400,47.87,43.74994269871747,,1,0,0,3.0037270393284534
1757548800,47.94,43.74994269871747,,1,0,0,2.9141751079478495
1757635200,49.75,43.74994269871747,,1,0,0,2.9353054573801454
1757721600,52.85,44.796412714165676,,1,0,0,3.036355067567278
1757808000,50.47,46.15527144274911,,1,0,0,3.216615419883901
1757894400,49.93,46.15527144274911,,1,0,0,3.2075714613207653
1757980800,51.38,46.15527144274911,,1,0,0,3.2527449283692818
1758067200,51.21,46.15527144274911,,1,0,0,3.1918345763429046
1758153600,50.39,46.15527144274911,,1,0,1,3.0867035351755545
1758240000,48.96,46.15527144274911,,1,0,0,3.0690818540915865
1758326400,50.62,46.15527144274911,,1,0,0,3.0491474359421877
1758412800,51.84,46.15527144274911,,1,0,0,2.967065476232032
1758499200,48.61,46.15527144274911,,1,0,0,3.18084651364403
1758585600,55.12,46.15527144274911,,1,0,0,3.498643191240885
1758672000,58.73,48.40977461188683,,1,0,0,3.89874010615225
1758758400,54.5,48.50279715069815,,1,0,0,4.100972955712804
1758844800,56.27,48.50279715069815,,1,0,0,4.0444748874476035
1758931200,55.64,48.50279715069815,,1,0,0,4.001298109772774
1759017600,61.08,48.581714122858955,,1,0,0,4.259776816217577
1759104000,72.06,56.49654271057305,,1,0,0,4.834078472202036
1759190400,74.32,57.80038843951575,,1,0,0,5.528072867044748
1759276800,120.76,79.38984959556416,,1,0,0,9.061067662255837
1759363200,131.39,109.34136463600777,,1,0,0,11.517419972094705
1759449600,127.32,109.34136463600777,,1,0,0,13.156175688373654
1759536000,156.78,110.17155535516629,,1,0,0,15.942877424918393
1759622400,165.35,116.45689981964968,,1,0,0,16.90552903742422
1759708800,155.96,123.76420983768472,,1,0,0,17.325134106179632
1759795200,127.26,123.76420983768472,,1,0,0,18.974053098595373
1759881600,177.56,123.76420983768472,,1,0,0,21.8809064486957
1759968000,212.57,131.55195897167212,,1,0,0,24.22441313093172
1760054400,225.28,132.39126307450493,,1,0,0,31.526240764436597
1760140800,291,163.95863676705446,,1,0,0,35.75865213840541
1760227200,260.42,180.75777309034902,,1,0,0,36.84946269994788
1760313600,249.13,180.75777309034902,,1,0,0,38.145929649951604
1760400000,247.78,180.75777309034902,,1,0,0,38.799791817812206
1760486400,230.01,180.75777309034902,,1,0,0,39.87052097368276
1760572800,205.07,180.75777309034902,,1,0,0,40.13619804699113
1760659200,217.8,180.75777309034902,,1,0,0,40.678612472206055
1760745600,221.36,180.75777309034902,,1,0,0,38.985854438477055
1760832000,235.77,180.75777309034902,,1,0,0,38.60329340715727
1760918400,268.61,180.75777309034902,,1,0,0,39.77662959236032
1761004800,262.93,185.8064968404591,,1,0,0,41.53687033576315
1761091200,238.65,185.8064968404591,,1,0,0,42.54780816892292
1761177600,243.56,185.8064968404591,,1,0,0,41.23439329971414
1761264000,269.94,185.8064968404591,,1,0,0,40.67336520687741
1761350400,276.12,192.88270157702522,,1,0,0,39.1431248349576
1761436800,325.24,224.2079314193227,,1,0,0,42.591473061032055
1761523200,341.75,257.7581382773904,,1,0,0,43.08493927095834
1761609600,315.85,257.7581382773904,,1,0,0,42.58172932303275
1761696000,351.59,257.7581382773904,,1,0,0,43.37517722853041
1761782400,345.56,257.7581382773904,,1,0,1,45.30837885506396
1761868800,404.54,274.7259415237958,,1,0,0,47.41349465113082
1761955200,412.13,318.40334737141626,,1,0,0,48.05681646176434
1762041600,418.52,318.40334737141626,,1,0,0,49.28847242878117
1762128000,433.88,318.40334737141626,,1,0,0,50.1428672552968
1762214400,441.8,318.40334737141626,,1,0,0,54.754805308489885
1762300800,478.33,332.41719721038623,,1,0,0,57.76017635788347
1762387200,535.84,379.3909774893476,,1,0,0,59.52802090374894
1762473600,645.44,474.7693797404129,,1,0,0,71.33530512490974
1762560000,600.77,474.7693797404129,,1,0,0,78.4442119017019
1762646400,615.8,474.7693797404129,,1,0,0,82.84462533729462
1762732800,522.13,474.7693797404129,,1,0,0,89.20643781320213
1762819200,443.43,,737.4986164523152,1,0,0,94.23169225511626
1762905600,504.91,,706.2277548070836,1,0,0,96.33014280832224
1762992000,519.51,,706.2277548070836,1,0,0,94.25370403629923
1763078400,608.68,,706.2277548070836,1,0,0,96.90843946227785
1763164800,670.84,,706.2277548070836,1,0,0,100.30355092925801
1763251200,699,,706.2277548070836,1,0,0,99.63901157716815
1763337600,610.54,,706.2277548070836,1,0,0,101.31122503594186
1763424000,625.26,,706.2277548070836,1,0,0,101.92828039051744
1763510400,674.7,,706.2277548070836,1,0,0,102.0941175054805
1763596800,655.82,,706.2277548070836,1,0,0,99.4181091122319
1763683200,550.76,,706.2277548070836,1,0,0,105.62038703278677
1763769600,518,,706.2277548070836,1,0,0,103.83178795901628
1763856000,572.91,,706.2277548070836,1,0,0,103.30380310480083
1763942400,519.94,,706.2277548070836,1,0,0,101.59781716874363
1764028800,511.31,,706.2277548070836,1,0,0,98.1158302281191
1764115200,527.05,,704.1320859240344,1,0,0,94.2825566403963
1764201600,490.07,,700.9043773316309,1,0,0,92.38237402322513
1764288000,452.02,,644.1529395984678,1,0,0,88.82006159299476
1764374400,460.48,,620.8581456386211,1,0,0,85.05434290778085
1764460800,427.94,,605.2223310747589,1,0,0,82.20117555722507
1764547200,343.91,,539.0365979672831,1,0,0,84.08966301742329
1764633600,312.81,,508.2959381705547,1,0,0,83.80254423046448
1764720000,338.72,,502.94384435349923,1,0,0,83.44950535685987
1764806400,367.57,,502.94384435349923,1,0,0,79.9473978313699
1764892800,360.07,,502.94384435349923,1,0,0,78.33972655770062
1764979200,341.55,,485.68977253370093,1,0,0,75.3168889464363
1765065600,342.78,,474.4177952803309,1,0,0,71.53782545026228
1765152000,405.48,,474.4177952803309,1,0,0,72.49155220381496
1765238400,433.02,,474.4177952803309,1,0,0,71.57001276068533
1765324800,404.43,,474.4177952803309,1,0,0,70.14286899206495
1765411200,450.89,,474.4177952803309,1,0,1,70.82552120691746
1765497600,454.99,,474.4177952803309,1,0,0,67.55512683499478
1765584000,443.1,,474.4177952803309,1,0,0,66.61190348963801
1765670400,404.31,,474.4177952803309,1,0,0,65.33033895466386
1765756800,413.57,,474.4177952803309,1,0,0,62.9524576007593
1765843200,404.61,,474.4177952803309,1,0,0,61.51871062927649
1765929600,376.62,,474.4177952803309,1,0,0,60.00023129861388
1766016000,388.45,,474.4177952803309,1,0,0,58.058071920141465
1766102400,444.02,,474.4177952803309,1,0,0,59.14392392584565
1766188800,447.1,,474.4177952803309,1,0,0,56.44792935971382
1766275200,441.32,,474.4177952803309,1,0,0,54.06879154830569
1766361600,431.58,,474.4177952803309,1,0,0,52.42816358056957
1766448000,417.41,,474.4177952803309,1,0,0,50.70829475338602
1766534400,448.67,,474.4177952803309,1,0,0,50.46555941385845
1766620800,438.08,,474.4177952803309,1,0,0,48.36373374143999
1766707200,448.15,,474.4177952803309,1,0,0,45.91346704562284
1766793600,516.1,397.94489529456257,,1,0,0,48.6089336852212
1766880000,530.05,440.9179057651064,,1,0,0,47.5411527077054
1766966400,540.49,446.2031151885958,,1,0,0,47.8324989428693
1767052800,529.61,450.05680366973627,,1,0,0,46.03374901837863
1767139200,512.31,450.05680366973627,,1,0,0,45.15919551706587
1767225600,526.06,450.05680366973627,,1,0,0,44.102110122989735
1767312000,488.52,450.05680366973627,,1,0,0,44.7091022570619
1767398400,511.51,450.05680366973627,,1,0,0,43.809166381557475
1767484800,502.21,450.05680366973627,,1,0,0,42.36994021144623
1767571200,503.5,450.05680366973627,,1,0,0,41.074230196342924
1767657600,501.99,450.05680366973627,,1,0,0,40.85821375374701
1767744000,469.52,450.05680366973627,,1,0,0,40.79834134276508
1767830400,421.96,,520.4764460424487,1,0,0,45.21488838971043
1767916800,418.47,,518.156301438204,1,0,0,44.60168207615969
1768003200,375.76,,479.9641712943835,1,0,0,45.59441907071971
1768089600,381.62,,472.7417541649452,1,0,0,44.38338913709687
1768176000,407,,472.7417541649452,1,0,0,44.01243277016139
1768262400,404.27,,472.7417541649452,1,0,0,43.024401858007
1768348800,447.21,,472.7417541649452,1,0,0,43.216944582435076
1768435200,414.37,,472.7417541649452,1,0,0,43.43001996940399
1768521600,411.15,,472.7417541649452,1,0,0,41.626447114446556
1768608000,400.26,,472.7417541649452,1,0,0,39.778843749128946
1768694400,376.62,,461.0283195836554,1,0,0,38.8882120527626
1768780800,369.23,,433.55098762528985,1,0,0,39.354768334708126
1768867200,349.78,,430.14288886276086,1,0,0,38.66371345365754
1768953600,355.74,,430.14288886276086,1,0,0,37.81344820696772
1769040000,365.52,,428.3790399788363,1,0,0,36.28034476361289
1769126400,367.91,,428.3790399788363,1,0,0,35.118891566211964
1769212800,359.79,,428.3790399788363,1,0,0,34.730399311482536
1769299200,329.39,,410.7456351445717,1,0,0,35.10537078923379
1769385600,367.63,,410.7456351445717,1,0,0,35.97498716143138
1769472000,399.83,,410.7456351445717,1,0,0,36.311059507043424
1769558400,371.06,,410.7456351445717,1,0,0,36.018126685111746
1769644800,353.49,,410.7456351445717,1,0,0,35.38326049331805
1769731200,340.66,,406.78469059651815,1,0,0,35.40588474379533
1769817600,303.07,,382.8312215368663,1,0,0,37.67760726209566
1769904000,305.98,,370.63859938317967,1,0,0,36.67563531480312
1769990400,295.73,,370.63859938317967,1,0,0,36.22308993517432
1770076800,270.7,,351.04381550037556,1,0,0,35.77786922551901
1770163200,251.84,,336.467933950338,1,0,0,35.50016428083909
1770249600,205,,302.52364055530415,1,0,0,36.74443826077915
1770336000,240.61,,299.47527649977377,1,0,0,39.15054981358064
1770422400,240.45,,299.47527649977377,1,0,0,37.97122482689631
1770508800,239.91,,299.47527649977377,1,0,0,36.330423053546575
1770595200,240.34,,299.47527649977377,1,0,0,34.97824997829325
1770681600,233.91,,299.47527649977377,1,0,0,33.67051783698659
1770768000,240.43,,299.47527649977377,1,0,0,33.57690942005898
1770854400,233.07,,298.1039789533163,1,0,0,32.383558747197625
1770940800,267.31,,298.1039789533163,1,0,0,33.846875979540656
1771027200,323.52,227.49492704781383,,1,0,0,36.15281340957346
1771113600,297.77,235.9829343430324,,1,0,0,36.799755308889644
1771200000,294.13,235.9829343430324,,1,0,0,36.254058501111814
1771286400,296.38,235.9829343430324,,1,0,0,35.04305432246097
1771372800,264.62,235.9829343430324,,1,0,0,35.54855044228518
1771459200,262.17,235.9829343430324,,1,0,0,34.011511124979094
1771545600,258.97,235.9829343430324,,1,0,0,32.81497461605202
1771632000,259.92,235.9829343430324,,1,0,0,30.970333572048304
1771718400,244.64,235.9829343430324,,1,0,0,30.15530974547342
1771804800,237.56,235.9829343430324,,1,0,0,29.63207333508246
1771891200,242.78,235.9829343430324,,1,0,0,28.823353811148
1771977600,244.21,235.9829343430324,,1,0,0,28.686685681780286
1772064000,238.96,235.9829343430324,,1,0,0,28.204065275938838
1772150400,219.35,,283.13003993029224,1,0,0,28.36948918480035
1772236800,220.27,,266.087035937263,1,0,0,27.824525671600327
1772323200,213.38,,266.087035937263,1,0,0,27.41634526648602
1772409600,223.85,,266.087035937263,1,0,0,26.528749176022732
1772496000,220.93,,264.8692391982647,1,0,0,25.604552806306824
1772582400,243.52,,264.8692391982647,1,0,0,26.339227605856337
1772668800,226.48,,264.8692391982647,1,0,0,25.77856849115231
1772755200,210.1,,264.8692391982647,1,0,0,25.649385027498575
1772841600,197.25,,249.3515893379815,1,0,0,25.081571811248676
1772928000,197.9,,242.68443040418333,1,0,0,24.145030967588053
1773014400,214.52,,242.68443040418333,1,0,0,23.981100184188904
1773100800,222.64,,242.68443040418333,1,0,0,23.525307313889698
1773187200,212.87,,242.68443040418333,1,0,0,22.808499648611864
1773273600,208.47,,242.68443040418333,1,0,0,21.957892530853872
1773360000,208.22,,242.68443040418333,1,0,0,21.694471635792883
1773446400,213.18,,242.68443040418333,1,0,0,20.71843794752196
1773532800,229.66,,242.68443040418333,1,0,0,21.236406665556103
1773619200,276.87,211.07908380072203,,1,0,0,24.2116633323021
1773705600,272.64,228.01467542064987,,1,0,0,24.199401665709093
1773792000,248.71,228.01467542064987,,1,0,0,25.4158729753013
1773878400,234.66,228.01467542064987,,1,0,0,25.385453477065493
1773964800,234.53,228.01467542064987,,1,0,0,25.13649251441796
1774051200,219.79,,277.16734845651166,1,0,0,24.73531447767382
1774137600,217.37,,264.8426136108605,1,0,0,23.674934872125693
1774224000,228.53,,264.8426136108605,1,0,0,23.386725238402427
1774310400,242.09,,264.8426136108605,1,0,0,23.242673435659395
1774396800,231.89,,264.8426136108605,1,0,0,22.903911047398008
1774483200,222.12,,264.8426136108605,1,0,0,22.385060258298154
1774569600,215.67,,260.94009936107705,1,0,0,21.776841668419713
1774656000,213.59,,256.8935894249693,1,0,0,21.27563869210402
1774742400,215.04,,253.17923048247238,1,0,0,20.665950214096593
1774828800,225.74,,253.17923048247238,1,0,0,20.442668055946836
1774915200,248.51,,253.17923048247238,1,0,0,21.436048909093493
1775001600,251.4,,253.17923048247238,1,0,0,21.728473987015388
1775088000,240.84,,253.17923048247238,1,0,0,21.912154416514284
1775174400,234.41,,253.17923048247238,1,0,0,21.00771481533469
1775260800,251.14,,253.17923048247238,1,0,0,20.955735185667923
1775347200,245.08,,253.17923048247238,1,0,0,20.498182672405928
1775433600,251.54,,253.17923048247238,1,0,0,20.161883910091216
1775520000,320.78,238.16981166840685,,1,0,0,24.069606487941844
1775606400,323.48,276.0853305015662,,1,0,0,24.314634595945996
1775692800,366.68,287.21979745140953,,1,0,0,28.32358926766414
1775779200,375.46,317.4358177062686,,1,0,0,28.49047574854527
1775865600,370.7,317.4358177062686,,1,0,0,27.70544176650632
1775952000,362.27,317.4358177062686,,1,0,0,27.06291021175587
1776038400,368.08,317.4358177062686,,1,0,0,28.233416625201876
1776124800,354.17,317.4358177062686,,1,0,0,28.72531543768746
1776211200,345.87,317.4358177062686,,1,0,0,28.09207862070979
1776297600,340.17,317.4358177062686,,1,0,0,27.279073004944802
1776384000,328.9,317.4358177062686,,1,0,0,27.724139218877315
1776470400,323.15,317.4358177062686,,1,0,0,27.401700703243222
1776556800,301.41,,376.8856292010126,1,0,0,28.18086493872585
1776643200,312.19,,368.76356628091133,1,0,0,27.72794601453115
1776729600,316.75,,368.76356628091133,1,0,0,27.844521299207496
1776816000,316.52,,368.76356628091133,1,0,0,27.1291983492641
1776902400,342.56,,368.76356628091133,1,0,0,27.899255610030956
1776988800,359.28,,368.76356628091133,1,0,0,28.197165923600174
1777075200,358.88,,368.76356628091133,1,0,0,26.922368357628734
1777161600,355.09,,368.76356628091133,1,0,0,26.008627760655255
1777248000,355.33,,368.76356628091133,1,0,0,25.267297206322734
1777334400,336.26,,368.76356628091133,1,0,0,25.230347405871107
1777420800,327.43,,368.76356628091133,1,0,0,25.028179734023173
1777507200,350.55,,368.76356628091133,1,0,0,25.546881181592944
1777593600,384.97,312.26791388809715,,1,0,0,27.324961097193448
1777680000,387.85,328.47512249928747,,1,0,0,27.05317816167963
1777766400,413.2,341.2816102493587,,1,0,0,27.81366543584537
1777852800,422.67,358.17044922442284,,1,0,0,28.659117904713558
1777939200,517.03,403.00690430198057,,1,0,0,36.19346662580544
1778025600,554.24,463.2222138717825,,1,0,0,40.966076152533624
1778112000,574.7,465.35549248460427,,1,0,0,41.750642141638366
1778198400,613.09,491.97744323614376,,1,0,0,43.88273913152134
1778284800,594.59,513.0726989125295,,1,0,0,44.94897205069839
1778371200,592.8,513.0726989125295,,1,0,0,46.309759761362784
1778457600,556.86,513.0726989125295,,1,0,0,46.29834834983688
1778544000,571.25,513.0726989125295,,1,0,0,45.471323467705666
1778630400,524.58,513.0726989125295,,1,0,0,47.74622893429812
1778716800,560.43,513.0726989125295,,1,0,0,48.04792686756253
1778803200,515.4,513.0726989125295,,1,0,0,48.4587892341652
1778889600,511.34,,604.0725268910037,1,0,0,47.3645900031534
1778976000,535.95,,604.0725268910037,1,0,0,48.15640500292816
1779062400,563.48,,604.0725268910037,1,0,0,48.760233217004725
1779148800,573.98,,604.0725268910037,1,0,0,47.54450227293296
1779235200,673.54,515.5443831068125,,1,0,0,52.80703782486632
1779321600,664.45,555.1089447961311,,1,0,0,52.01367798023301
1779408000,582.87,555.1089447961311,,1,0,0,54.40341526735923
1779494400,630.78,555.1089447961311,,1,0,0,57.588171319690716
1779580800,662.87,555.1089447961311,,1,0,0,57.9990162254271
1779667200,652.57,555.1089447961311,,1,0,0,56.55265792361087
1779753600,568.77,555.1089447961311,,1,0,0,58.676039500495804
1779840000,542.28,,682.7483994385992,1,0,0,57.570608107603256
1779926400,547.53,,659.8225594947393,1,0,0,56.70056467134588
1780012800,529.89,,658.0518035452653,1,0,0,55.52766719482117
1780099200,528.49,,633.6216231907389,1,0,0,54.403548109476795
1780185600,569.01,,633.6216231907389,1,0,0,53.974723244514166
1780272000,544.59,,633.6216231907389,1,0,0,55.17152872704887
1780358400,609.69,,633.6216231907389,1,0,0,58.18570524654539
1780444800,620.54,,633.6216231907389,1,0,0,58.100297728935004
1780531200,459.44,,633.6216231907389,1,0,0,67.34241931972535
1780617600,389.43,,527.8705035551095,1,0,0,77.4836750826021
1780704000,362.36,,527.8705035551095,1,0,0,76.49484114813052
1780790400,440.6,,527.8705035551095,1,0,0,77.13092392326405
1780876800,459.04,,527.8705035551095,1,0,0,76.05800078588804
1780963200,430.02,,527.8705035551095,1,0,0,74.87457215832463
1781049600,408.61,,527.8705035551095,1,0,0,72.9021027184443
1781136000,428.26,,527.8705035551095,1,0,0,70.1669525242697
1781222400,411.96,,527.8705035551095,1,0,0,68.06502734396473
1781308800,421,,527.8705035551095,1,0,0,64.92252539082439
1781395200,472.64,,527.8705035551095,1,0,0,64.66377357719408
1781481600,518.68,,527.8705035551095,1,0,0,65.58064689310878
1781568000,505.09,,527.8705035551095,1,0,0,64.63417211502959
1781654400,477.23,,527.8705035551095,1,0,0,63.51744553538462
1781740800,455.84,,527.8705035551095,1,0,0,62.499056568571426
1781827200,476.8,,527.8705035551095,1,0,0,60.87698109938775
1781913600,470.94,,527.8705035551095,1,0,0,58.37791102086005
1782000000,434.39,,527.8705035551095,1,0,0,57.0859173765129
1782086400,442.27,,527.8705035551095,1,0,0,55.28120899247626
1782172800,416.08,,527.8705035551095,1,0,0,54.018265493013665
1782259200,416.85,,503.8234100195289,1,0,0,52.72053224351269
1782345600,416.75,,499.492569017576,1,0,0,51.47049422611893
1782432000,419.27,,499.492569017576,1,0,0,50.415458924253294
1782518400,395.86,,498.1150809042366,1,0,0,48.830783286806636
1782604800,376.41,,472.5020728138129,1,0,0,47.7664416234633
1782691200,407.5,,472.5020728138129,1,0,0,47.53312436464449
1782777600,399.5,,472.5020728138129,1,0,0,45.47932976716988
1782864000,417.21,,472.5020728138129,1,0,0,44.99652049808632
1782950400,434.51,,472.5020728138129,1,0,0,45.076769033937296
1783036800,460.9,,472.5020728138129,1,0,0,45.22985696008464
1783123200,463.43,,472.5020728138129,1,0,0,43.50843860579288
1783209600,462.23,,472.5020728138129,1,0,0,41.50783584823625
1783296000,452.7,,472.5020728138129,1,0,0,40.53941900193365
1783382400,483.6,398.48920447011403,,1,0,0,42.50088907322411
1783468800,465.99,398.48920447011403,,1,0,0,42.232968425136676
1783555200,481.54,398.48920447011403,,1,0,0,42.159184966198346
1783641600,499.13,417.31713005871313,,1,0,0,41.94638604004132
1783728000,508.69,435.08641705284185,,1,0,0,41.835929894324074
1783814400,533.53,445.57077534755757,,1,0,0,42.171934901872355
1783900800,495.57,445.57077534755757,,1,0,0,42.84251098031005
1783987200,564.31,445.57077534755757,,1,0,0,45.09876019600218
1784073600,570.54,480.48731522836954,,1,0,0,44.72599161057345
1784160000,523.72,480.48731522836954,,1,0,0,45.12056363838963
1784246400,547.47,480.48731522836954,,1,0,0,44.24123766421894
1784332800,558.7,480.48731522836954,,1,0,0,43.130434973917595
1784419200,548.21,480.48731522836954,,1,0,0,41.96540390435206
1784505600,543.85,480.48731522836954,,1,0,0,41.253589339755486
1784592000,532.82,480.48731522836954,,1,0,0,40.37833295834438
1784678400,515.48,480.48731522836954,,1,0,0,39.78559488989121
1784764800,504.87,480.48731522836954,,1,0,0,38.85448096918469
1784851200,488.64,480.48731522836954,,1,0,0,38.243446614242934
1784937600,485.41,480.48731522836954,,1,0,0,36.74820042751129
1785024000,508.31,480.48731522836954,,1,0,0,35.92261468268906
1785110400,476.76,,559.9005857164586,1,0,0,35.953856491068414
1785196800,465.75,,534.0315271448128,1,0,0,35.02572388456353
1785283200,467.5,,526.6943744303314,1,0,0,34.169600749951854
1785369600,470.15,,526.6943744303314,1,0,0,32.84820069638387
1785456000,457.7,,524.3203432885684,1,0,0,32.32190064664216
1785542400,461.71,,522.3203089597116,1,0,0,31.16105060045344
1785628800,489.82,,522.3203089597116,1,0,0,31.38954698613534
1785715200,483.34,,522.3203089597116,1,0,0,30.87957934426853
1785801600,506.57,,522.3203089597116,1,0,0,31.11818081967792
1785888000,512.25,,522.3203089597116,1,0,0,30.518310761129495
1785974400,502.5,,522.3203089597116,1,0,0,30.21200284962024
1786060800,511.53,,522.3203089597116,1,0,0,29.41400264607594
1786147200,508.23,,522.3203089597116,1,0,0,28.33800245707052
1786233600,509.89,,522.3203089597116,1,0,0,28.016716567279765
1786320000,496.35,,522.3203089597116,1,0,0,27.614808241045495
1786406400,481.49,,522.3203089597116,1,0,0,27.890179080970814
1786492800,490.2,,522.3203089597116,1,0,0,27.687309146615757
1786579200,490.93,,522.3203089597116,1,0,0,26.843215636143203
1786665600,493.27,,522.3203089597116,1,0,0,25.98155737641869
1786752000,487.96,,522.3203089597116,1,0,0,25.052160420960213
1786838400,486.4,,522.3203089597116,1,0,0,24.084863248034484
1786924800,514.08,,522.3203089597116,1,0,0,25.006658730317735
1787011200,508.9,,522.3203089597116,1,0,0,24.554040249580748
1787097600,565.17,483.96100824555543,,1,0,0,28.42018023175355
1787184000,568.91,512.7099074209998,,1,0,0,29.678024500914017
1787270400,734.27,565.1884166788999,,1,0,0,40.2724513222773
1787356800,802.11,661.3345750110099,,1,0,0,49.17799051354321
1787443200,853.98,700.161617509909,,1,0,0,54.37956261971869
1787529600,844.26,721.5394557589179,,1,0,0,54.11530814688164