time,close,Up Trend,Down Trend,Macro Score Heatmap,Rate Hike,Rate Cut,ATR
1280410200,1860.30005,1818.3451919411016,,1,0,0,37.22919490759625
1280496600,1864,1818.3451919411016,,1,0,0,37.47996598562509
1280755800,1898.98999,1818.3451919411016,,1,0,0,37.56496270093759
1280842200,1891.81006,1820.252349788951,,1,0,0,36.12531607944205
1280928600,1909.19995,1834.296621810056,,1,0,0,34.957795645196185
1281015000,1904.94995,1836.6689991290502,,1,0,0,33.653663813396456
1281101400,1902.87988,1836.6689991290502,,1,0,0,33.50483568386814
1281360600,1915.16992,1850.5977314445308,,1,0,0,32.247358135020406
1281447000,1899.23999,1850.5977314445308,,1,0,0,32.27039112537609
1281533400,1845.37988,,1919.4811991799302,1,0,0,34.27608461642066
1281619800,1832.16992,,1891.0190652619372,1,0,0,34.53635857239062
1281706200,1818.80005,,1889.1141682357434,1,0,0,33.080897960076996
1281965400,1821.51001,,1881.717778912169,1,0,0,33.02583810578578
1282051800,1845.37012,,1881.717778912169,1,0,0,33.46470109822966
1282138200,1850.80005,,1881.717778912169,1,0,0,33.08652030549898
1282224600,1823,,1881.717778912169,1,0,0,33.5253388551062
1282311000,1825.75,,1881.717778912169,1,0,0,32.50922893688433
1282570200,1808.31006,,1881.717778912169,1,0,0,32.683566155678314
1282656600,1775.27002,,1845.962709422602,1,0,0,33.27402214455843
1282743000,1790.87988,,1845.4628724803417,1,0,0,33.737289134232824
1282829400,1769.02002,,1845.4628724803417,1,0,0,33.66819848178762
1282915800,1791.63989,,1840.337579309077,1,0,0,34.6183250188028
1283175000,1772.07007,,1840.337579309077,1,0,0,34.031294660316895
1283261400,1767.42993,,1834.7162696903524,1,0,0,33.46406575600856
1283347800,1820.05005,,1834.7162696903524,1,0,0,35.161631059150814
1283434200,1840.58008,1760.7696314008144,,1,0,0,34.263663840640035
1283520600,1870.31006,1793.3452207607334,,1,0,0,33.939829280594324
1283866200,1856.5,1798.2200956846598,,1,0,0,32.64985076055187
1283952600,1880,1811.593581616194,,1,0,0,32.50842713479817
1284039000,1886.13989,1829.3932449545746,,1,0,0,31.467105910884015
1284125400,1892.34009,1829.702881959117,,1,0,0,30.37730977439231
1284384600,1921.66992,1857.6651887632054,,1,0,0,30.512503361935728
1284471000,1928.59009,1868.1206043868847,,1,0,0,30.06875669322604
1284557400,1939.6001,1873.4066544481964,,1,0,0,29.65241621513845
1284643800,1948.11011,1885.8888495033766,,1,0,0,28.796523628342836
1284730200,1955.83008,1900.967544553039,,1,0,0,27.846056940604065
1284989400,1989.42993,1922.1532725977352,,1,0,0,28.497765016275213
1285075800,1989.11011,1938.1504453379616,,1,0,0,28.056501086541267
1285162200,1982.76001,1938.1504453379616,,1,0,0,27.739598866074033
1285248600,1982.1499,1938.1504453379616,,1,0,0,28.232476804211597
1285335000,2023.84009,1955.8118368663743,,1,0,0,29.194457032482212
1285594200,2010.98999,1963.6475826797366,,1,0,0,28.244130815876353
1285680600,2012.42993,1963.6475826797366,,1,0,0,28.931701471885187
1285767000,2009.08008,1963.6475826797366,,1,0,0,28.031585652464816
1285853400,1998.04004,1963.6475826797366,,1,0,0,29.12360239157447
1285939800,1996.6001,1963.6475826797366,,1,0,0,29.15191793503345
1286199000,1975.33008,1963.6475826797366,,1,0,0,29.49749451110249
1286285400,2024.62988,1963.6475826797366,,1,0,0,31.0426649031666
1286371800,2006.52002,1963.6475826797366,,1,0,0,31.130333124369
1286458200,2011.62988,1963.6475826797366,,1,0,0,30.420305044056928
1286544600,2027.03003,1963.6475826797366,,1,0,0,30.46171182662429
1286803800,2026.97998,1970.956883692611,,1,0,0,29.406603124722555
1286890200,2041.55005,1970.956883692611,,1,0,0,30.01686004438523
1286976600,2057.25,1998.3843225410149,,1,0,0,29.69494218407198
1287063000,2054.51001,1998.3843225410149,,1,0,0,28.899593456638268
1287149400,2097.72998,2020.371936908222,,1,0,0,29.92247749544983
1287408600,2104.1499,2041.4041627174,,1,0,0,28.779455531489152
1287495000,2069.72998,2041.4041627174,,1,0,0,30.328062993525652
1287581400,2085.75,2041.4041627174,,1,0,0,30.335339208273805
1287667800,2090.1001,2041.4041627174,,1,0,0,30.796389264825667
1287754200,2104.20996,2041.4041627174,,1,0,0,29.92165074590957
1288013400,2113.55005,2061.3187537751473,,1,0,0,29.430822121201732
1288099800,2119.05005,2061.3187537751473,,1,0,0,29.397904112544442
1288186200,2125.87988,2061.3187537751473,,1,0,0,28.88519453307699
1288272600,2129.72998,2068.0463721820825,,1,0,0,28.550534209285757
1288359000,2124.44995,2077.7846654638743,,1,0,0,27.431219622908202
1288618200,2128.41992,2078.939269417487,,1,0,0,27.648988221271907
1288704600,2151.71997,2094.630302475738,,1,0,0,27.605491919752506
1288791000,2158.36011,2094.630302475738,,1,0,0,27.561527496913012
1288877400,2187.80005,2130.774939405348,,1,0,0,28.114261247133495
1288963800,2186.70996,2133.247532964813,,1,0,0,26.918948300909673
1289226600,2188.93994,2134.043675668332,,1,0,0,26.054742707987568
1289313000,2176.87988,2134.043675668332,,1,0,0,26.56511465741701
1289399400,2187.73999,2134.043675668332,,1,0,0,26.578320753315797
1289485800,2173.11011,2134.043675668332,,1,0,0,27.72629069950752
1289572200,2137.94995,2134.043675668332,,1,0,0,29.366569220971286
1289831400,2131.47998,,2199.765993021557,1,0,0,28.926096419473318
1289917800,2093.62988,,2167.585427219401,1,0,0,30.160658103796663
1290004200,2100,,2160.5274849974608,1,0,0,29.486323239239734
1290090600,2134.77002,,2160.5274849974608,1,0,0,30.806583722151192
1290177000,2135.27002,,2160.5274849974608,1,0,0,29.875382741997527
1290436200,2150.86011,,2160.5274849974608,1,0,0,29.83142754614056
1290522600,2116.61011,,2160.5274849974608,1,0,0,30.932754149987662
1290609000,2160.52002,,2160.5274849974608,1,0,0,32.190399567845674
1290781800,2153.90991,,2160.5274849974608,1,0,0,31.166807455856674
1291041000,2144.56006,,2160.5274849974608,1,0,0,31.438461923295456
1291127400,2117.33008,,2160.5274849974608,1,0,0,31.64429107163148
1291213800,2162.83008,2091.743841235619,,1,0,0,33.390401709372064
1291300200,2185.30005,2108.630518112057,,1,0,0,32.79037230155978
1291386600,2191.16992,2120.472909300852,,1,0,0,31.634621422876936
1291645800,2189.81006,2128.578208370766,,1,0,0,30.148582749814313
1291732200,2189.3501,2142.8218265336895,,1,0,0,29.890829696256137
1291818600,2200.6001,2142.8218265336895,,1,0,0,29.066491860809275
1291905000,2201.57007,2148.4015003922887,,1,0,0,28.353891727894336
1291991400,2215.34009,2155.4698338530598,,1,0,0,27.599330890187588
1292250600,2207.44995,2164.8414064677536,,1,0,0,26.967235826602764
1292337000,2212.59009,2164.8414064677536,,1,0,0,26.127430410416828
1292423400,2202.44995,2164.8414064677536,,1,0,0,26.174759666815618
1292509800,2218.02002,2164.8414064677536,,1,0,0,25.95655326204307
1292596200,2218.29004,2175.545587913493,,1,0,0,24.811794457611406
1292855400,2223.04004,2175.545587913493,,1,0,0,24.771666282067734
1292941800,2234.57007,2186.3531474599295,,1,0,0,23.89797869049149
1293028200,2235.90991,2193.949251713937,,1,0,0,22.687405212599224
1293114600,2230.27002,2193.949251713937,,1,0,0,21.825438411699277
1293460200,2229.86011,2193.949251713937,,1,0,0,22.09646923943504
1293546600,2227.41992,2193.949251713937,,1,0,0,21.476000722332525
1293633000,2231.63989,2195.938121849014,,1,0,0,20.56843067073737
1293719400,2225.71997,2195.938121849014,,1,0,0,19.78567562282756
1293805800,2217.86011,2195.938121849014,,1,0,0,19.539562364054174
1294065000,2254.22998,2211.419042437931,,1,0,0,21.746732195193143
1294151400,2251.45996,2211.419042437931,,1,0,0,22.000540609822192
1294237800,2270.3999,2213.425875924724,,1,0,0,22.406944137692054
1294324200,2277.51001,2232.4198498322517,,1,0,0,21.582152413571198
1294410600,2276.69995,2232.4198498322517,,1,0,0,22.08700938403039
1294669800,2284.37988,2233.238802164124,,1,0,0,22.197929428028214
1294756200,2288.72998,2245.2579274477116,,1,0,0,21.80307161174047
1294842600,2304.87988,2255.4336737029407,,1,0,0,21.399273639473286
1294929000,2305.53003,2264.9019428326465,,1,0,0,20.742179093796636
1295015400,2323.42993,2271.367642049382,,1,0,0,20.91630415852543
1295361000,2328.79004,2271.367642049382,,1,0,0,21.900153147202207
1295447400,2303.32007,2271.367642049382,,1,0,0,23.057292208116344
1295533800,2286.08008,2271.367642049382,,1,0,0,23.891055621822325
1295620200,2268.32007,,2334.9213443899007,1,0,0,24.604560934549305
1295879400,2300.38989,,2334.9213443899007,1,0,0,25.13779372493862
1295965800,2304.03003,,2334.9213443899007,1,0,0,24.78866560172872
1296052200,2314.18994,,2334.9213443899007,1,0,0,24.52589377303381
1296138600,2330.07007,,2334.9213443899007,1,0,0,24.334765646388515
1296225000,2270.51001,,2334.9213443899007,1,0,0,27.55870881450363
1296484200,2281.90991,,2331.234969635888,1,0,0,27.693797470610523
1296570600,2324.94995,,2331.234969635888,1,0,0,29.10353907985265
1296657000,2321.09009,,2331.234969635888,1,0,0,27.9232920027203
1296743400,2323.07007,,2331.234969635888,1,0,0,28.032339002526005
1296829800,2338.19995,2271.777133120394,,1,0,0,27.486449788059854
1297089000,2349.19995,2294.3020223083545,,1,0,0,27.138854803198438
1297175400,2363.61011,2300.5413145775187,,1,0,0,26.5503580315414
1297261800,2360.94995,2308.4870831197672,,1,0,0,25.706045315002733
1297348200,2364.3501,2308.4870831197672,,1,0,0,25.617754221073973
1297434600,2379.1499,2315.7277242270115,,1,0,0,25.796476776711547
1297693800,2385.6001,2334.0940033043103,,1,0,0,24.77885700694642
1297780200,2381.91992,2334.0940033043103,,1,0,0,24.038235792164528
1297866600,2397.93994,2349.179725076491,,1,0,0,23.864083235581354
1297953000,2397.57007,2349.179725076491,,1,0,0,23.519490861611246
1298039400,2392.46997,2349.179725076491,,1,0,0,23.130961514353313
1298385000,2322.86011,,2397.4008542842375,1,0,0,26.76946926332809
1298471400,2300.93994,,2365.273231355814,1,0,0,28.03450574451895
1298557800,2313.31006,,2363.016954220233,1,0,0,28.58632747705331
1298644200,2346.29004,,2363.016954220233,1,0,0,29.130157657263798
1298903400,2350.98999,,2363.016954220233,1,0,0,28.805152110316364
1298989800,2315.26001,,2363.016954220233,1,0,0,30.504058388150916
1299076200,2326.77002,,2363.016954220233,1,0,0,30.383058503282978
1299162600,2371.76001,2295.855160042545,,1,0,0,31.705690038762757
1299249000,2359.95996,2295.855160042545,,1,0,0,31.37956146456541
1299508200,2328.07007,2295.855160042545,,1,0,0,33.86889493138217
1299594600,2337.55005,2295.855160042545,,1,0,0,34.060406007712004
1299681000,2322.68994,2295.855160042545,,1,0,0,33.646807007161144
1299767400,2284.29004,,2361.4704401095273,1,0,0,34.5698793637925
1299853800,2299.26001,,2361.4704401095273,1,0,0,34.46275012352162
1300109400,2290.71997,,2359.4683263387174,1,0,0,34.06111368612719
1300195800,2259.62012,,2323.0345067048456,1,0,0,36.86317985140384
1300282200,2202.96997,,2305.341491534361,1,0,0,39.280109862017866
1300368600,2225.23999,,2305.341491534361,1,0,0,39.68581344330228
1300455000,2221.07007,,2305.341491534361,1,0,0,39.09682248306638
1300714200,2262.69995,,2305.341491534361,1,0,0,40.0213380199902
1300800600,2257.95996,,2305.341491534361,1,0,0,38.166943161419454
1300887000,2270.5,,2305.341491534361,1,0,0,38.417888649889484
1300973400,2312.09009,2214.7151640435077,,1,0,0,38.89232946061164
1301059800,2316.36011,2246.1161576391573,,1,0,0,37.51000521342508
1301319000,2303.1001,2246.1161576391573,,1,0,0,36.477866269609024
1301405400,2325.54004,2246.1161576391573,,1,0,0,36.283733678922665
1301491800,2336.52002,2264.886753848946,,1,0,0,34.75274198757105
1301578200,2338.98999,2271.573190964051,,1,0,0,33.1718225598874
1301664600,2342.91992,2284.291760367646,,1,0,0,32.53168951989542
1301923800,2334.54004,2284.291760367646,,1,0,0,32.08800241133148
1302010200,2327.87012,2284.291760367646,,1,0,0,31.14815795337925
1302096600,2332.34009,2284.291760367646,,1,0,0,31.203998813852145
1302183000,2332.87988,2284.291760367646,,1,0,0,31.191572470005557
1302269400,2321.17993,2284.291760367646,,1,0,0,31.24574229357657
1302528600,2314.5,2284.291760367646,,1,0,0,31.046042844035394
1302615000,2298.30005,2284.291760367646,,1,0,0,30.672759069461453
1302701400,2316.62988,2284.291760367646,,1,0,0,30.217565564499942
1302787800,2311.25,2284.291760367646,,1,0,0,29.83344230989281
1302874200,2307.58008,2284.291760367646,,1,0,0,29.366056430614776
1303133400,2292.34009,2284.291760367646,,1,0,0,31.032780971285167
1303219800,2306.77002,2284.291760367646,,1,0,0,30.25757733047907
1303306200,2357.76001,2288.450356367992,,1,0,0,31.9477446640163
1303392600,2377.30005,2313.492795731193,,1,0,0,31.340044330872296
1303738200,2383.71997,2322.0706181580736,,1,0,0,29.809320450095694
1303824600,2396.03003,2338.509001842266,,1,0,0,29.216512560803142
1303911000,2413.59009,2347.2215901580394,,1,0,0,28.94320023503149
1303997400,2409.8999,2352.182827142236,,1,0,0,27.92298307538641
1304083800,2404.08008,2358.998102928012,,1,0,0,26.807774284287365
1304343000,2404.23999,2358.998102928012,,1,0,0,26.346511835409704
1304429400,2392.80005,2358.998102928012,,1,0,0,26.386754561451855
1304515800,2387.51001,2358.998102928012,,1,0,0,26.700559949919604
1304602200,2375.20996,2358.998102928012,,1,0,0,27.316239239211047
1304688600,2383.17993,2358.998102928012,,1,0,0,27.96650215069596
1304947800,2390.96997,2358.998102928012,,1,0,0,27.591749854217653
1305034200,2411.3501,2358.998102928012,,1,0,0,27.307347007487827
1305120600,2393.08008,2358.998102928012,,1,0,0,28.104677221238706
1305207000,2407.88989,2358.998102928012,,1,0,0,28.83005813400737
1305293400,2379.23999,2358.998102928012,,1,0,0,28.85147398157827
1305552600,2337.8501,,2415.4339119180545,1,0,0,30.1049329828941
1305639000,2343.51001,,2391.910440726249,1,0,0,29.62600205554451
1305725400,2362.94995,,2391.910440726249,1,0,0,29.575567623005604
1305811800,2369.66992,,2391.910440726249,1,0,0,28.807317792790933
1305898200,2351.42993,,2391.910440726249,1,0,0,28.245362236162993
1306157400,2316.78003,,2375.467122353492,1,0,0,29.442122076437066
1306243800,2303.55005,,2369.9388411181426,1,0,0,28.786954070977266
1306330200,2310.94995,,2366.3724595063286,1,0,0,28.358603065907452
1306416600,2325.92993,,2366.3724595063286,1,0,0,28.183696418342624
1306503000,2336.09009,,2366.3724595063286,1,0,0,27.111301674175316
1306848600,2372.54004,2305.0152887098866,,1,0,0,27.778347983162774
1306935000,2322.47998,2305.0152887098866,,1,0,0,29.56704241293688
1307021400,2326.69995,2305.0152887098866,,1,0,0,28.952965812012792
1307107800,2292.31006,,2363.4594007604924,1,0,0,29.548471111154758
1307367000,2274.47998,,2345.362459684444,1,0,0,29.306431031786552
1307453400,2268.95996,,2335.688288215999,1,0,0,28.691682386658954
1307539800,2252.88989,,2313.328455894399,1,0,0,28.237979359040462
1307626200,2256.6499,,2311.7955603049595,1,0,0,27.740267976251854
1307712600,2221.09009,,2292.762488274463,1,0,0,28.317378835090985
1307971800,2222.28003,,2278.995736447017,1,0,0,27.712555346870204
1308058200,2250.34009,,2278.995736447017,1,0,0,28.174510679236636
1308144600,2209.01001,,2278.995736447017,1,0,0,29.461344916434037
1308231000,2199.92993,,2259.7281619248756,1,0,0,29.914109565260166
1308317400,2192.95996,,2259.7281619248756,1,0,0,30.563101739170154
1308576600,2204.36011,,2259.7281619248756,1,0,0,30.085013757800855
1308663000,2251.82007,,2259.7281619248756,1,0,0,31.47608848938649
1308749400,2235.75,,2259.7281619248756,1,0,0,30.642782883001725
1308835800,2255.05005,,2259.7281619248756,1,0,0,32.18472553421589
1308922200,2217.06006,,2259.7281619248756,1,0,0,32.88224156748617
1309181400,2252.23999,,2259.7281619248756,1,0,0,33.96708645552288
1309267800,2285.75,2199.9997475932046,,1,0,0,34.01800385155695
1309354200,2294.42993,2221.1539268338843,,1,0,0,33.050287147874315
1309440600,2325.07007,2247.2909366504955,,1,0,0,33.04170806588331
1309527000,2361.38989,2272.455411485446,,1,0,0,33.73801748974878
1309872600,2371.20996,2299.8813043369014,,1,0,0,32.54957695476673
1309959000,2378.58008,2308.7791724032113,,1,0,0,31.81746788656909
1310045400,2412.88989,2341.07626766289,,1,0,0,32.43121375181415
1310131800,2405.88989,2341.07626766289,,1,0,0,32.52541276954171
1310391000,2362,2341.07626766289,,1,0,0,33.90000971457444
1310477400,2343.79004,2341.07626766289,,1,0,0,33.208596163533414
1310563800,2352.42993,2341.07626766289,,1,0,0,33.23298572328105
1310650200,2325.06006,,2415.60331625884,1,0,0,34.61063102876097
1310736600,2356.66992,,2415.60331625884,1,0,0,34.445589526706634
1310995800,2344.01001,,2408.84017756966,1,0,0,34.41731884622757
1311082200,2398.16992,,2408.84017756966,1,0,0,35.99965821435419
1311168600,2387.80005,,2408.84017756966,1,0,0,35.53539691332889
1311255000,2404.23999,,2408.84017756966,1,0,0,35.80499784809109
1311341400,2429.5,2345.1003045395455,,1,0,0,35.446071573227464
1311600600,2424.1499,2350.430126585591,,1,0,0,35.14635217513979
1311687000,2429.44995,2360.267681927032,,1,0,0,34.05874987691554
1311773400,2367.15991,2360.267681927032,,1,0,0,36.43525559999301
1311859800,2371.77002,2360.267681927032,,1,0,0,36.78844305713637
1311946200,2362.81006,2360.267681927032,,1,0,0,37.47640569591233
1312205400,2354.05005,,2444.7308801396744,1,0,0,39.89452528906146
1312291800,2292.8501,,2409.967364125707,1,0,0,41.52205419698563
1312378200,2312.78003,,2377.4220417131364,1,0,0,42.971912468629526
1312464600,2207.19995,,2349.2629330418226,1,0,0,47.45463157801314
1312551000,2194.37988,,2301.1610517376403,1,0,0,51.86215146529791
1312810200,2060.29004,,2241.907972063876,1,0,0,57.73555778920521
1312896600,2160.79004,,2241.0366193574887,1,0,0,62.67088080426198
1312983000,2073.09009,,2241.0366193574887,1,0,0,64.66225003252897
1313069400,2167.07007,,2241.0366193574887,1,0,0,68.21422431591976
1313155800,2182.05005,,2241.0366193574887,1,0,0,66.22677186478263
1313415000,2214.12012,,2241.0366193574887,1,0,0,63.8720031601553
1313501400,2194.27002,,2241.0366193574887,1,0,0,62.815437220144226
1313587800,2181.62012,,2241.0366193574887,1,0,0,62.27933884727677
1313674200,2073.03003,,2231.6264929329727,1,0,0,66.86225678675702
1313760600,2038.21997,,2212.8642566396757,1,0,0,66.91351201627437
1314019800,2044.72998,,2200.219885475708,1,0,0,65.46898901511193
1314106200,2129.27002,,2200.219885475708,1,0,0,66.83120694260393
1314192600,2145.04004,,2200.219885475708,1,0,0,65.1225428752751
1314279000,2108.20996,,2200.219885475708,1,0,0,64.1287869556126
1314365400,2161.96997,,2200.219885475708,1,0,0,65.78886431592598
1314624600,2223.95996,2070.310208571299,,1,0,0,65.55609043621698
1314711000,2237.68994,2094.5251962141692,,1,0,0,64.2770946907729
1314797400,2241.01001,2117.5821610927524,,1,0,0,62.942308641431985
1314883800,2219.05005,2117.5821610927524,,1,0,0,61.797852309901145
1314970200,2167.83008,2117.5821610927524,,1,0,0,61.81658143062248
1315315800,2167.6001,2117.5821610927524,,1,0,0,61.58323989986371
1315402200,2223.75,2117.5821610927524,,1,0,0,61.198719192730564
1315488600,2214.29004,2117.5821610927524,,1,0,0,59.521665678964105
1315575000,2163.65991,2117.5821610927524,,1,0,0,59.76582813046665
1315834200,2191.84009,2117.5821610927524,,1,0,0,59.54184969257618
1315920600,2220.58008,2117.5821610927524,,1,0,0,57.82956185739214
1316007000,2252.75,2128.8067750268565,,1,0,0,58.50531029614984
1316093400,2286.56006,2160.770654524171,,1,0,0,56.96492670356772
1316179800,2306.09009,2190.9105685717536,,1,0,0,54.71957693902719
1316439000,2308.76001,2190.9105685717536,,1,0,0,55.06032072909668
1316525400,2295.88989,2210.46348389312,,1,0,0,54.31600424844695
1316611800,2258.30005,2210.46348389312,,1,0,0,54.98414108784362
1316698200,2184.59009,,2303.4069566965727,1,0,0,58.68670743871191
1316784600,2206.86011,,2303.4069566965727,1,0,0,58.14693405023248
1317043800,2234.28003,,2303.4069566965727,1,0,0,58.77858090378731
1317130200,2253.55005,,2303.4069566965727,1,0,0,58.61082012494537
1317216600,2220.84009,,2303.4069566965727,1,0,0,58.87576654459214
1317303000,2197.67993,,2303.4069566965727,1,0,0,61.72464107712127
1317389400,2139.17993,,2287.6283771498483,1,0,0,61.4950245716126
1317648600,2085.04004,,2245.7695059348634,1,0,0,62.0775156736403
1317735000,2129.20996,,2218.7670673413772,1,0,0,63.958418839808836
1317821400,2182.77002,,2218.7670673413772,1,0,0,65.17138463696533
1317907800,2217.98999,,2218.7670673413772,1,0,0,63.99699859146778
1317994200,2202.76001,,2218.7670673413772,1,0,0,62.07720369207722
1318253400,2278.6499,2130.1536168833227,,1,0,0,63.07025914264314
1318339800,2294.91992,2163.7272816949903,,1,0,0,60.79094848959722
1318426200,2307.17993,2201.9585450254913,,1,0,0,59.09088002605456
1318512600,2326.87988,2204.016657022942,,1,0,0,57.077953595622084
1318599000,2371.93994,2249.276502820648,,1,0,0,56.21953262450624
1318858200,2334.37988,2249.276502820648,,1,0,0,55.7331310084701
1318944600,2364.87012,2249.276502820648,,1,0,0,56.42220236500795
1319031000,2316.81006,2249.276502820648,,1,0,0,56.26491791036454
1319117400,2306.29004,2249.276502820648,,1,0,0,55.32171377390991
1319203800,2335.92993,2249.276502820648,,1,0,0,54.47730564720206
1319463000,2384.41992,2259.1526885901626,,1,0,0,54.44178238668763
1319549400,2335.87012,2259.1526885901626,,1,0,0,54.28451150192423
1319635800,2334.79004,2259.1526885901626,,1,0,0,54.924188537501074
1319722200,2399.83008,2276.634753012229,,1,0,0,56.553173641965294
1319808600,2401.29004,2289.596803211006,,1,0,0,53.93009552468204
1320067800,2360.08008,2289.596803211006,,1,0,0,53.0379415586333
1320154200,2298.37012,2289.596803211006,,1,0,0,54.41666644730236
1320240600,2318.32007,2289.596803211006,,1,0,0,52.72190027249503
1320327000,2367.70996,2289.596803211006,,1,0,0,53.13962668160251
1320413400,2356.32007,2289.596803211006,,1,0,0,51.93322477577375
1320676200,2371.04004,2289.596803211006,,1,0,0,51.29799729178994
1320762600,2400.01001,2289.596803211006,,1,0,0,50.51099962809065
1320849000,2314.1001,2289.596803211006,,1,0,0,53.490926797512756
1320935400,2312.07007,2289.596803211006,,1,0,0,53.12585202626184
1321021800,2355.78003,2289.596803211006,,1,0,0,52.977580452957405
1321281000,2341.32007,2289.596803211006,,1,0,0,51.25846113488904
1321367400,2366.23999,2289.596803211006,,1,0,0,50.69357819668269
1321453800,2324.37012,2289.596803211006,,1,0,0,50.22903261120536
1321540200,2272.09009,,2390.719785210715,1,0,0,51.387687424690704
1321626600,2253.94995,,2358.7353816896434,1,0,0,49.4085797514985
1321885800,2211.13989,,2306.3617935206794,1,0,0,50.58011405496291
1321972200,2216.33008,,2303.958709668611,1,0,0,49.26510019389412
1322058600,2166.54004,,2281.2012397017506,1,0,0,49.30259589433028
1322231400,2150.87988,,2259.5341562315753,1,0,0,48.035986901878104
1322490600,2224.21997,,2259.5341562315753,1,0,0,50.099857837458224
1322577000,2211.38989,,2259.5341562315753,1,0,0,49.01128656335407
1322663400,2295.19995,2176.6799805021815,,1,0,0,51.50763823740022
1322749800,2309.19995,2206.0324279519637,,1,0,0,49.44565622044306
1322836200,2302.04004,2222.418261656767,,1,0,0,48.047403633268566
1323095400,2326.94995,2236.53788449109,,1,0,0,47.54830765946368
1323181800,2321.48999,2237.1880875419815,,1,0,0,45.70914639807341
1323268200,2320.54004,2237.1880875419815,,1,0,0,45.27135594106818
1323354600,2282.59009,2237.1880875419815,,1,0,0,45.296267659563306
1323441000,2318.67993,2237.1880875419815,,1,0,0,45.1358056838802
1323700200,2292.23999,2237.1880875419815,,1,0,0,45.09253599217447
1323786600,2268.37012,2237.1880875419815,,1,0,0,46.02806484987627
1323873000,2233.03003,,2331.071728364457,1,0,0,46.2182166463137
1323959400,2226.70996,,2326.177556028011,1,0,0,45.037625457291306
1324045800,2238.17993,,2326.177556028011,1,0,0,44.73780149605619
1324305000,2215.27002,,2316.539429682689,1,0,0,44.44938353205215
1324391400,2281.93994,,2316.539429682689,1,0,0,46.14442256547702
1324477800,2249.03003,,2316.539429682689,1,0,0,47.081250239371556
1324564200,2266.77002,,2316.539429682689,1,0,0,45.11545093655932
1324650600,2287.57007,,2316.539429682689,1,0,0,43.40648586966224
1324996200,2293.12012,,2316.539429682689,1,0,0,41.694589736114914
1325082600,2267.08008,,2316.539429682689,1,0,0,41.06997261210669
1325169000,2285.07007,,2316.539429682689,1,0,0,39.624265996956225
1325255400,2277.83008,,2316.539429682689,1,0,0,37.60468271145936
1325601000,2321.95996,2250.4272872647284,,1,0,0,38.80505608921226
1325687400,2329.70996,2250.4272872647284,,1,0,0,37.87112208283996
1325773800,2348.97998,2263.6680971844303,,1,0,0,37.58960836263712
1325860200,2356.16992,2284.1867479659873,,1,0,0,36.400364193877344
1326119400,2350.6499,2287.5511436693882,,1,0,0,35.310330322886095
1326205800,2367.37988,2306.2259468024495,,1,0,0,34.98673744267994
1326292200,2372.25,2306.2259468024495,,1,0,0,33.84840262534568
1326378600,2381.98999,2311.1599413599843,,1,0,0,33.169237437820996
1326465000,2371.97998,2311.1599413599843,,1,0,0,32.887861906548075
1326810600,2393.23999,2333.900324451587,,1,0,0,32.831593198937504
1326897000,2425.95996,2349.2196890064283,,1,0,0,32.82362011329912
1326983400,2441.69995,2380.056303605785,,1,0,0,31.881227962349186
1327069800,2437.02002,2380.056303605785,,1,0,0,30.557558107895677
1327329000,2437.21997,2383.1705033206863,,1,0,0,30.58415610018886
1327415400,2433.95996,2383.1705033206863,,1,0,0,29.610999235889665
1327501800,2465.65991,2399.364811839756,,1,0,0,30.111650719040405
1327588200,2454.62988,2404.58483715578,,1,0,0,30.42367423910892
1327674600,2461.77002,2404.58483715578,,1,0,0,29.588410364886858
1327933800,2465.32007,2404.58483715578,,1,0,0,29.97068033882353
1328020200,2467.94995,2410.3578122965637,,1,0,0,29.86277174319329
1328106600,2488.17993,2428.698032066907,,1,0,0,29.826867332965172
1328193000,2495.83008,2440.8610868602163,,1,0,0,28.911377523467657
1328279400,2529.16992,2467.024577674195,,1,0,0,29.448416986077095
1328538600,2528.30005,2467.024577674195,,1,0,0,28.46352362992872
1328625000,2532.06006,2473.056771116098,,1,0,0,28.054699799219527
1328711400,2545.71997,2482.5761315044883,,1,0,0,27.61937909927529
1328797800,2563.92993,2501.9685058540394,,1,0,0,27.509429163612747
1328884200,2547.32007,2501.9685058540394,,1,0,0,27.397322794783246
1329143400,2569.48999,2511.391909641772,,1,0,0,27.248929738012993
1329229800,2575.23999,2513.471212177595,,1,0,0,26.82329475672634
1329316200,2556.01001,2521.0686479598353,,1,0,0,28.364480845531627
1329402600,2592.29004,2521.0686479598353,,1,0,0,29.435579356565086
1329489000,2584.23999,2526.1272889474662,,1,0,0,28.814465831096122
1329834600,2590.23999,2531.18954755272,,1,0,0,28.71485541458924
1329921000,2579.78003,2531.18954755272,,1,0,0,27.9309364564043
1330007400,2594.92993,2531.18954755272,,1,0,0,27.93801456666113
1330093800,2604.20996,2551.799935515933,,1,0,0,26.97958638332822
1330353000,2606.76001,2551.799935515933,,1,0,0,27.711775213090498
1330439400,2633.45996,2566.3389550179054,,1,0,0,27.694503412155466
1330525800,2623.1001,2574.622539516115,,1,0,0,27.910608168430084
1330612200,2643.54004,2581.4072700645033,,1,0,0,27.54626544211363
1330698600,2641.58008,2589.4641405580533,,1,0,0,26.772958624819807
1330957800,2614.91992,2589.4641405580533,,1,0,0,27.514883723046953
1331044200,2588.94995,,2641.294135097977,1,0,0,28.391680599972158
1331130600,2607.8501,,2641.294135097977,1,0,0,28.16941984283128
1331217000,2637.17993,,2641.294135097977,1,0,0,28.73158913977189
1331303400,2646.8501,2590.7606596185747,,1,0,0,27.736479201216778
1331559000,2646.8501,2590.9975316567175,,1,0,0,26.88957925827272
1331645400,2697.42993,2620.274855491046,,1,0,0,28.596737168396086
1331731800,2708.40991,2646.806841941941,,1,0,0,28.515556656367806
1331818200,2714.79004,2655.7110802477473,,1,0,0,27.82445189519869
1331904600,2712.78003,2660.9320267229723,,1,0,0,26.740573188398777
1332163800,2733.26001,2671.789199550675,,1,0,0,26.80125296065602
1332250200,2737.62988,2672.502947095608,,1,0,0,26.976163463466303
1332336600,2736.87988,2691.574987386047,,1,0,0,26.374298216075875
1332423000,2731.5,2691.574987386047,,1,0,0,25.78256905778475
1332509400,2728.55005,2691.574987386047,,1,0,0,25.375230553657246
1332768600,2778.02002,2708.162365209428,,1,0,0,27.09628337125317
1332855000,2782.12012,2734.4345921884856,,1,0,0,26.262257416163674
1332941400,2770.96997,2734.4345921884856,,1,0,0,27.174241172151973
1333027800,2762.05005,2734.4345921884856,,1,0,0,27.35107394556968
1333114200,2755.27002,2734.4345921884856,,1,0,0,27.54385794945755
1333373400,2784.41992,2734.4345921884856,,1,0,0,28.41286523878202
1333459800,2782.78003,2734.4345921884856,,1,0,0,28.404807007440468
1333546200,2745,2734.4345921884856,,1,0,0,30.202325792623274
1333632600,2762.5,2734.4345921884856,,1,0,0,29.838578236007326
1333978200,2739.97998,2734.4345921884856,,1,0,0,30.54510693343538
1334064600,2695.12012,,2787.9886557814752,1,0,0,32.74188858104713
1334151000,2708.12988,,2783.5347227033276,1,0,0,32.67602653954377
1334237400,2740.26001,,2783.5347227033276,1,0,0,32.862026786719206
1334323800,2698.98999,,2783.5347227033276,1,0,0,33.525446301953544
1334583000,2670.1001,,2761.307908515726,1,0,0,34.91148085181399
1334669400,2723.58008,,2761.307908515726,1,0,0,36.79493079097012
1334755800,2716.13989,,2761.307908515726,1,0,0,35.889587163043686
1334842200,2686.82007,,2761.307908515726,1,0,0,37.790330937111996
1334928600,2676.04004,,2761.307908515726,1,0,0,37.75888587017543
1335187800,2653.5,,2724.8310751638005,1,0,0,38.37182902230574
1335274200,2638.72998,,2723.5229426474207,1,0,0,37.813845520712455
1335360600,2709.62012,,2723.5229426474207,1,0,0,40.265723697804425
1335447000,2725.22998,2636.4515141555894,,1,0,0,39.23389129081841
1335533400,2741.34009,2657.2303492400306,,1,0,0,38.384334055759965
1335792600,2723.67993,2657.2303492400306,,1,0,0,37.13546376606281
1335879000,2726.91992,2659.8303103344247,,1,0,0,37.41579206848688
1335965400,2734.77002,2659.8303103344247,,1,0,0,36.79110477788067
1336051800,2704.59009,2659.8303103344247,,1,0,0,36.97458729374633
1336138200,2637.91992,,2741.3231999762047,1,0,0,39.10926748705017
1336397400,2639.28003,,2715.255869978584,1,0,0,38.51432195226086
1336483800,2629.87012,,2694.2803454807254,1,0,0,39.45972752709937
1336570200,2621.3501,,2694.2803454807254,1,0,0,39.9797462751637
1336656600,2616.23999,,2694.2803454807254,1,0,0,38.922616541223455
1336743000,2615.97998,,2694.2803454807254,1,0,0,38.87314250256464
1337002200,2590.28003,,2676.374077527904,1,0,0,38.11077160952432
1337088600,2580.75,,2674.2110942751137,1,0,0,38.278570780272595
1337175000,2561.56006,,2655.1089038476025,1,0,0,38.29224215311024
1337261400,2509.05005,,2619.4656309628417,1,0,0,39.735653427888074
1337347800,2478.53003,,2581.663937866558,1,0,0,40.35810318303891
1337607000,2545.42993,,2581.663937866558,1,0,0,42.42751224139328
1337693400,2539.19995,,2581.663937866558,1,0,0,42.13768065272233
1337779800,2547.08008,,2581.663937866558,1,0,0,42.977124177527905
1337866200,2531.3501,,2581.663937866558,1,0,0,42.89660459341877
1337952600,2527.05005,,2581.663937866558,1,0,0,41.074714265317425
1338298200,2558.96997,,2581.663937866558,1,0,0,41.26509110350904
1338384600,2537.3999,,2581.663937866558,1,0,0,40.92615745325839
1338471000,2524.87012,,2581.663937866558,1,0,0,40.347133349454204
1338557400,2458.83008,,2570.8504020413925,1,0,0,42.18949096735033
1338816600,2478.12988,,2547.3227943372535,1,0,0,41.82238804111104
1338903000,2487.5,,2547.3227943372535,1,0,0,40.61151175246026
1338989400,2546.32007,,2547.3227943372535,1,0,0,41.912123055855965
1339075800,2535.40991,,2547.3227943372535,1,0,0,41.670544980437676
1339162200,2559.20996,2458.365266813828,,1,0,0,41.49266176754929
1339421400,2517.17993,2458.365266813828,,1,0,0,43.21176164129579
1339507800,2546.19995,2458.365266813828,,1,0,0,42.702355809774666
1339594200,2527.43994,2458.365266813828,,1,0,0,42.3393389662193
1339680600,2539.96997,2458.365266813828,,1,0,0,41.61082475434649
1339767000,2571.22998,2475.984422633497,,1,0,0,40.9864887004646
1340026200,2592.52002,2494.7154973701477,,1,0,0,41.25102093614568
1340112600,2620.83008,2536.1283946331328,,1,0,0,41.04309729784957
1340199000,2623.33008,2538.5935831698193,,1,0,0,40.24643963371745
1340285400,2556.95996,2538.5935831698193,,1,0,0,42.27742108845194
1340371800,2585.53003,2538.5935831698193,,1,0,0,41.40332243927679
1340631000,2533.54004,,2631.367924164201,1,0,0,42.625943693614154
1340717400,2549.84009,,2627.010060747781,1,0,0,41.38979200121312
1340803800,2565.53003,,2627.010060747781,1,0,0,40.30837828684075
1340890200,2536.6499,,2620.7345981057024,1,0,0,41.36920198063783
1340976600,2615.71997,,2620.7345981057024,1,0,0,44.069271124878014
1341235800,2625.03003,2529.7018386843806,,1,0,0,42.37575961595816
1341322200,2645.84009,2552.150736315942,,1,0,0,41.068210357675454
1341495000,2647.46997,2565.5260531843483,,1,0,0,40.302631046412934
1341581400,2612.29004,2565.5260531843483,,1,0,0,41.093148114526294
1341840600,2610.31006,2565.5260531843483,,1,0,0,39.79720539206014
1341927000,2585.52002,2565.5260531843483,,1,0,0,40.9381207211987
1342013400,2570.98999,2565.5260531843483,,1,0,0,40.7261099553988
1342099800,2545.30005,,2624.839863776974,1,0,0,41.25282353001318
1342186200,2584.96997,,2624.839863776974,1,0,0,41.49404184929795
1342445400,2577.05005,,2624.839863776974,1,0,0,40.11019028863382
1342531800,2591.6499,,2624.839863776974,1,0,0,40.39731098230283
1342618200,2625.87012,2527.543812482927,,1,0,0,40.907505912138326
1342704600,2655.81006,2570.2794462346346,,1,0,0,40.64625548984274
1342791000,2618.04004,2570.2794462346346,,1,0,0,40.44081009771111
1343050200,2589.92993,2570.2794462346346,,1,0,0,42.4150436621603
1343136600,2567.45996,,2660.0446952699513,1,0,0,42.57753625772026
1343223000,2549.19995,,2634.948646742956,1,0,0,41.85199223931169
1343309400,2584.8501,,2634.948646742956,1,0,0,42.37400422221799
1343395800,2647.03003,2532.3343263382053,,1,0,0,43.99942392063099
1343655000,2642.12012,2561.867898204385,,1,0,0,42.86518792630021
1343741400,2642.53003,2567.3400673839465,,1,0,0,41.018389502993045
1343827800,2635.12988,2567.3400673839465,,1,0,0,40.71421953849354
1343914200,2625.52002,2567.3400673839465,,1,0,0,40.980342428601155
1344000600,2676,2585.914930367897,,1,0,0,42.27175082655823
1344259800,2694.09009,2611.160374331107,,1,0,0,41.37448005323266
1344346200,2717.15991,2633.6618543979966,,1,0,0,40.7920150494303
1344432600,2714.02002,2637.286171958197,,1,0,0,38.98901754589955
1344519000,2719.61011,2644.7340312623774,,1,0,0,37.36051200690671
1344605400,2722.95996,2645.8840891361397,,1,0,0,35.98119329212768
1344864600,2728.67993,2653.2841187225254,,1,0,0,34.875393771261415
1344951000,2727.79004,2668.821922850273,,1,0,0,33.93500564474275
1345037400,2735.46997,2672.201079565246,,1,0,0,32.54178595583254
1345123800,2768.09009,2697.018559108721,,1,0,0,32.985229816130214
1345210200,2780.30005,2715.807719197849,,1,0,0,31.609854829263774
1345469400,2784.33008,2720.494427278064,,1,0,0,30.554871627173515
1345555800,2772.19995,2724.8128650502576,,1,0,0,31.230238653803976
1345642200,2783.41992,2724.8128650502576,,1,0,0,31.225233035675114
1345728600,2762.02002,2724.8128650502576,,1,0,0,31.01486139026974
1345815000,2778.05005,2724.8128650502576,,1,0,0,31.278099862393343
1346074200,2782.55005,2728.948343400974,,1,0,0,30.251800586508093
1346160600,2782.68994,2728.948343400974,,1,0,0,29.395244116043227
1346247000,2784,2728.948343400974,,1,0,0,28.594150250611552
1346333400,2753.73999,2728.948343400974,,1,0,0,28.87099451842502
1346419800,2772.23999,2728.948343400974,,1,0,0,29.551648481394693
1346765400,2772.03003,2728.948343400974,,1,0,0,30.06867644700938
1346851800,2766.94995,2728.948343400974,,1,0,0,29.342353129365847
1346938200,2829.70996,2744.019529564601,,1,0,0,31.729328620125425
1347024600,2825.11011,2764.304538608141,,1,0,0,30.35366014725933
1347283800,2788.3501,2764.304538608141,,1,0,0,30.8841151367408
1347370200,2784.88989,2764.304538608141,,1,0,0,30.078829055545036
1347456600,2791.67993,2764.304538608141,,1,0,0,29.61391769443469
1347543000,2831.3501,2764.304538608141,,1,0,0,31.070066430546497
1347629400,2855.22998,2789.904782405271,,1,0,0,31.280777399793173
1347888600,2856.43994,2793.306709164744,,1,0,0,29.857157585522238
1347975000,2857.37988,2799.3545292482695,,1,0,0,28.469516329413526
1348061400,2864.03003,2807.2606553234427,,1,0,0,27.920267305883982
1348147800,2861.69995,2807.2606553234427,,1,0,0,27.457386784035105
1348234200,2861.63989,2818.0457717619884,,1,0,0,26.84113272803261
1348493400,2843.97998,2818.0457717619884,,1,0,0,27.003184676030283
1348579800,2804.53003,,2888.799236322789,1,0,0,28.970817913456678
1348666200,2781.62988,,2844.27494319051,1,0,0,29.469327348209752
1348752600,2821.6001,,2844.27494319051,1,0,0,30.60509825190906
1348839000,2799.18994,,2844.27494319051,1,0,0,30.280452662487
1349098200,2794.28003,,2844.27494319051,1,0,0,31.193996758023662
1349184600,2799.29004,,2844.27494319051,1,0,0,31.337279132450558
1349271000,2818.84009,,2844.27494319051,1,0,0,30.904618480132655
1349357400,2828.6001,,2844.27494319051,1,0,0,30.188583588694605
1349443800,2811.93994,,2844.27494319051,1,0,0,30.8558297609307
1349703000,2786.91992,,2844.27494319051,1,0,0,30.834703349435667
1349789400,2741.91992,,2825.3446143949077,1,0,0,32.19936311019025
1349875800,2728.54004,,2801.262542955417,1,0,0,31.68798288803379
1349962200,2719.20996,,2799.040417659875,1,0,0,31.733131967459933
1350048600,2720.13989,,2786.2822593938877,1,0,0,30.911478255498512
1350307800,2739.87012,,2786.2822593938877,1,0,0,30.809228380105765
1350394200,2778.37988,,2786.2822593938877,1,0,0,31.547132781526777
1350480600,2775.62012,,2786.2822593938877,1,0,0,31.04448115427486
1350567000,2744.16992,,2786.2822593938877,1,0,0,31.772016786112374
1350653400,2678.32007,,2780.1624368011967,1,0,0,34.402576301390035
1350912600,2694.56006,,2755.234681621077,1,0,0,33.91525513700505
1350999000,2666.02002,,2744.2331854589693,1,0,0,34.049168341504675
1351085400,2655.55005,,2739.6833529130727,1,0,0,33.97994774568293
1351171800,2657.65991,,2733.366068621765,1,0,0,33.73996004956269
1351258200,2665.83008,,2726.1724297595883,1,0,0,34.12209433173676
1351690200,2647.91992,,2720.8225667836296,1,0,0,33.55980187946985
1351776600,2687.52002,,2720.8225667836296,1,0,0,34.219819602364886
1351863000,2656.28003,,2720.8225667836296,1,0,0,35.128399630767376
1352125800,2672.90991,,2720.8225667836296,1,0,0,34.58850108571257
1352212200,2681.05005,,2720.8225667836296,1,0,0,34.11860886530453
1352298600,2612.68994,,2704.6884938218654,1,0,0,37.30728037492564
1352385000,2572.57007,,2680.3450449396787,1,0,0,38.49890249100239
1352471400,2584.1001,,2671.505084945711,1,0,0,38.4853958845022
1352730600,2582.77002,,2665.57902595114,1,0,0,37.524995464180606
1352817000,2561.86011,,2646.673187856026,1,0,0,37.13535793102486
1352903400,2531.87012,,2631.3134015704236,1,0,0,37.99782950738024
1352989800,2524.36011,,2604.4904574133807,1,0,0,37.23439954256735
1353076200,2534.15991,,2595.629925172043,1,0,0,37.929100289526836
1353335400,2595.83008,2497.124045845161,,1,0,0,39.69059955456065
1353421800,2594.65991,2504.7430602606455,,1,0,0,38.84198958637776
1353508200,2600.47998,2521.0153882345803,,1,0,0,37.256840330207915
1353681000,2639.59009,2551.680253411123,,1,0,0,37.446345306621616
1353940200,2651.66992,2565.79184507001,,1,0,0,36.629464213291534
1354026600,2641.41992,2578.1792020630096,,1,0,0,35.56664534091357
1354113000,2665.27002,2578.1792020630096,,1,0,0,36.81831995941972
1354199400,2680.03003,2606.8981254710375,,1,0,0,35.8798635337469
1354285800,2677.87988,2608.3182854239335,,1,0,0,34.33060113847928
1354545000,2671.84009,2618.3410113815403,,1,0,0,33.96484105715931
1354631400,2667.88989,2618.3410113815403,,1,0,0,33.15092883879077
1354717800,2637.88989,2618.3410113815403,,1,0,0,33.88156820744857
1354804200,2656.30005,2618.3410113815403,,1,0,0,34.27501976405938
1354890600,2640.54004,2618.3410113815403,,1,0,0,34.69109692376943
1355149800,2647.57007,2618.3410113815403,,1,0,0,34.29174000064305
1355236200,2682.07007,2618.3410113815403,,1,0,0,35.36588928631138
1355322600,2674.57007,2618.3410113815403,,1,0,0,34.69117719443198
1355409000,2654.01001,2618.3410113815403,,1,0,0,35.44895382340114
1355495400,2628.09009,2618.3410113815403,,1,0,0,35.34045212172962
1355754600,2664.26001,2618.3410113815403,,1,0,0,35.48398054160608
1355841000,2705.38989,2618.3410113815403,,1,0,0,36.107979788634225
1355927400,2690.98999,2632.107437831673,,1,0,0,35.1288312323032
1356013800,2693.55005,2632.107437831673,,1,0,0,33.98819400142442
1356100200,2664.66992,2632.107437831673,,1,0,0,35.41047657275124
1356359400,2658.05005,2632.107437831673,,1,0,0,33.67328824612613
1356532200,2637.17993,2632.107437831673,,1,0,0,33.842341942831396
1356618600,2632.93994,2632.107437831673,,1,0,0,34.387905375486305
1356705000,2606.36011,,2685.433022321018,1,0,0,33.93019642009443
1356964200,2660.92993,,2685.433022321018,1,0,0,36.30374739008768
1357137000,2746.46997,2647.847796719975,,1,0,0,39.82277043365286
1357223400,2732.26001,2656.617959547978,,1,0,0,38.917583259820546
1357309800,2724.48999,2656.617959547978,,1,0,0,37.29632516983337
1357569000,2724.21997,2656.617959547978,,1,0,0,36.10157480055954
1357655400,2718.71997,2656.617959547978,,1,0,0,35.40931302909099
1357741800,2727.6499,2661.0446307739285,,1,0,0,34.07292995558447
1357828200,2744.17993,2668.5116141965354,,1,0,0,33.74700710161418
1357914600,2748.26001,2682.0770442768817,,1,0,0,32.14794302292746
1358173800,2735.69995,2682.0770442768817,,1,0,0,31.57951423557548
1358260200,2722.97998,2682.0770442768817,,1,0,0,31.1023989330344
1358346600,2734.72998,2682.0770442768817,,1,0,0,30.360081866389095
1358433000,2747.1499,2692.278804812562,,1,0,0,29.759358161646997
1358519400,2743.23999,2692.278804812562,,1,0,0,28.996534721529333
1358865000,2746.18994,2692.278804812562,,1,0,0,28.40106152713437
1358951400,2762.16992,2710.622208448358,,1,0,0,28.023851418053315
1359037800,2723.53003,2710.622208448358,,1,0,0,29.04642203104948
1359124200,2736.72998,2710.622208448358,,1,0,0,28.511681885974536
1359383400,2742.42993,2710.622208448358,,1,0,0,27.712996036976335
1359469800,2743.58008,2710.622208448358,,1,0,0,27.656347748620902
1359556200,2738.70996,2710.622208448358,,1,0,0,27.46946862371943
1359642600,2731.53003,2710.622208448358,,1,0,0,27.010223722025177
1359729000,2763.95996,2710.622208448358,,1,0,0,27.730911313309097
1359988200,2715.67993,2710.622208448358,,1,0,0,29.210842648072745
1360074600,2754.98999,2710.622208448358,,1,0,0,30.494366744639
1360161000,2746.3501,2710.622208448358,,1,0,0,29.729056977164777
1360247400,2746.5,2710.622208448358,,1,0,0,29.94696576451014
1360333800,2775.56006,2710.622208448358,,1,0,0,30.210031067045126
1360593000,2774.63989,2714.9436210763065,,1,0,0,28.82501599082763
1360679400,2762.62012,2714.9436210763065,,1,0,0,27.858946991482817
1360765800,2773.77002,2721.258174371808,,1,0,0,27.338295063519773
1360852200,2771.42993,2721.258174371808,,1,0,0,26.58198827326836
1360938600,2764.66992,2721.258174371808,,1,0,0,26.300427682320652
1361284200,2782.86011,2725.900728207048,,1,0,0,25.721124990726338
1361370600,2739.98999,2725.900728207048,,1,0,0,26.9974796342459
1361457000,2711.51001,,2771.2223344522913,1,0,0,27.90265394608546
1361543400,2737.28003,,2771.2223344522913,1,0,0,27.750322949936496
1361802600,2700.96997,,2771.2223344522913,1,0,0,30.267442024941033
1361889000,2713.02002,,2765.51779874072,1,0,0,30.121909023159503
1361975400,2741.26001,,2765.51779874072,1,0,0,31.357499092933814
1362061800,2738.58008,,2765.51779874072,1,0,0,30.764824872009957
1362148200,2747.75,,2765.51779874072,1,0,0,31.26233595258068
1362407400,2759.53003,,2765.51779874072,1,0,0,30.80932409882494
1362493800,2799.25,2724.430496590492,,1,0,0,31.738663091766032
1362580200,2792.56006,2735.7557779314425,,1,0,0,30.8644728709256
1362666600,2799.48999,2737.8303001382983,,1,0,0,29.659152665859487
1362753000,2804.11011,2745.025648624469,,1,0,0,29.012077475440957
1363008600,2811.86011,2745.9240847620217,,1,0,0,28.41551194148088
1363095000,2800.81006,2745.9240847620217,,1,0,0,28.074413945660815
1363181400,2798.67993,2745.9240847620217,,1,0,0,27.496240092399336
1363267800,2807.30005,2756.0017535815136,,1,0,0,26.504373657227962
1363354200,2799.40991,2756.0017535815136,,1,0,0,25.897633395997392
1363613400,2792.30005,2756.0017535815136,,1,0,0,26.617086010569015
1363699800,2787.27002,2756.0017535815136,,1,0,0,27.850142724099793
1363786200,2805.90991,2756.0017535815136,,1,0,0,27.59012967237839
1363872600,2774.8501,2756.0017535815136,,1,0,0,28.270825410065644
1363959000,2800.81006,2756.0017535815136,,1,0,0,28.330756452203815
1364218200,2789.44995,2756.0017535815136,,1,0,0,29.004989562760677
1364304600,2806.5,2756.0017535815136,,1,0,0,28.199631736849174
1364391000,2809.97998,2756.0017535815136,,1,0,0,28.180367327074215
1364477400,2818.68994,2758.7778861667393,,1,0,0,27.320333232283193
1364823000,2797.07007,2758.7778861667393,,1,0,0,27.63459300140583
1364909400,2820.62012,2763.060479445059,,1,0,0,27.915680644162535
1364995800,2795.04004,2763.060479445059,,1,0,0,28.636704169579495
1365082200,2794.91992,2763.060479445059,,1,0,0,28.10908244318096
1365168600,2771.75,2763.060479445059,,1,0,0,29.719855840096592
1365427800,2786.12988,2763.060479445059,,1,0,0,29.153422565803965
1365514200,2804.66992,2763.060479445059,,1,0,0,29.56175809681797
1365600600,2859.20996,2771.5264849586515,,1,0,0,31.568071804188147
1365687000,2859.07007,2793.7162539627866,,1,0,0,30.429629532460417
1365773400,2856.47998,2793.7162539627866,,1,0,0,30.01394956585611
1366032600,2797.46997,2793.7162539627866,,1,0,0,32.16224531115211
1366119000,2838.40991,2793.7162539627866,,1,0,0,32.85850707464124
1366205400,2781.97998,,2865.176130010016,1,0,0,35.7228965693097
1366291800,2741.94995,,2839.6230065090144,1,0,0,37.258401814359004
1366378200,2780.45996,,2839.6230065090144,1,0,0,37.71851239904762
1366637400,2810.07007,,2839.6230065090144,1,0,0,37.75790579911564
1366723800,2835.37012,,2839.6230065090144,1,0,0,37.5844718134645
1366810200,2834.12012,,2839.6230065090144,1,0,0,36.55343096964564
1366896600,2848.65991,2777.0719036994424,,1,0,0,35.84031590038525
1366983000,2840.55005,2777.0719036994424,,1,0,0,34.6931526217863
1367242200,2866.94995,2792.429356796548,,1,0,0,34.824358148801586
1367328600,2887.43994,2804.7513611168933,,1,0,0,34.331916852458605
1367415000,2873.3501,2813.571708005204,,1,0,0,33.55820850585442
1367501400,2911.13989,2827.9455682046837,,1,0,0,34.229047184007655
1367587800,2944.59009,2874.5629483842154,,1,0,0,34.71840667086426
1367847000,2955.36011,2887.391638545794,,1,0,0,33.31279119437394
1367933400,2952.87988,2888.5605451912143,,1,0,0,32.326878251918664
1368019800,2968.23999,2896.550987172093,,1,0,0,31.6513776624959
1368106200,2961.12012,2907.5914089548837,,1,0,0,31.152004972317616
1368192600,2981.02002,2913.480241059395,,1,0,0,30.348283188580638
1368451800,2982.09009,2924.583705953456,,1,0,0,29.464117960824886
1368538200,2996.05005,2938.3107958581104,,1,0,0,29.011690249337395
1368624600,3002.62012,2939.665276772299,,1,0,0,28.49299808867044
1368711000,2999.34009,2955.3592220950695,,1,0,0,27.99850322519396
1368797400,3028.95996,2963.5748013855623,,1,0,0,28.114315137680105
1369056600,3020.96997,2970.045837247006,,1,0,0,27.599732627845807
1369143000,3026.44995,2971.946721522306,,1,0,0,27.428319582999688
1369229400,2999.12988,2971.946721522306,,1,0,0,30.374148184213983
1369315800,2991.44995,2971.946721522306,,1,0,0,30.768862599627266
1369402200,2991.02002,2971.946721522306,,1,0,0,30.43893669965391
1369747800,3011.93994,2971.946721522306,,1,0,0,31.549011221107207
1369834200,2994.82007,2971.946721522306,,1,0,0,31.58408470531386
1369920600,3011.83008,2971.946721522306,,1,0,0,31.58093865493429
1370007000,2981.76001,2971.946721522306,,1,0,0,32.27873589386756
1370266200,2990.79004,2971.946721522306,,1,0,0,32.82524975859129
1370352600,2973.68994,2971.946721522306,,1,0,0,33.70059477583475
1370439000,2937.13989,,3025.5699154829604,1,0,0,34.336988720417985
1370525400,2950.30005,,3002.7324184346644,1,0,0,34.62435452610239
1370611800,2990.87012,,3002.7324184346644,1,0,0,35.210459917095086
1370871000,2990.48999,,3002.7324184346644,1,0,0,34.064707065873996
1370957400,2959.84009,,3002.7324184346644,1,0,0,34.37579370402584
1371043800,2926.13989,,3002.7324184346644,1,0,0,35.983246296595425
1371130200,2962.8999,,3002.7324184346644,1,0,0,37.325873703981465
1371216600,2943.86011,,3002.7324184346644,1,0,0,36.54902201083994
1371475800,2971.26001,,3002.7324184346644,1,0,0,37.133376152922814
1371562200,2996.09009,,3002.7324184346644,1,0,0,36.668840713428324
1371648600,2959.5,,3002.7324184346644,1,0,0,36.9582070910406
1371735000,2890.33008,,2994.098131253377,1,0,0,39.82191015596626
1371821400,2877.93994,,2960.4277076280396,1,0,0,40.171056573397216
1372080600,2848.19995,,2934.0464358652353,1,0,0,41.070267532440305
1372167000,2866.5,,2934.0464358652353,1,0,0,40.47453270869454
1372253400,2893.8501,,2934.0464358652353,1,0,0,39.94635751521638
1372339800,2906.84009,,2934.0464358652353,1,0,0,39.27090269270092
1372426200,2909.6001,,2934.0464358652353,1,0,0,39.03154678607941
1372685400,2927.3501,,2934.0464358652353,1,0,0,39.20071487278801
1372771800,2929.62988,,2934.0464358652353,1,0,0,38.71851738187456
1372858200,2941.40991,2857.0017334204654,,1,0,0,38.63720042602639
1373031000,2963.21997,2872.847506078419,,1,0,0,37.9916932527388
1373290200,2966.12988,2893.849842470577,,1,0,0,36.952997306114604
1373376600,2984.32007,2907.624192723519,,1,0,0,36.013501069963546
1373463000,3000.65991,2924.434408451167,,1,0,0,35.09753242210899
1373549400,3059.45996,2972.102316606051,,1,0,0,36.87699510624406
1373635800,3079.07007,2995.4572124454453,,1,0,0,36.03149831294093
1373895000,3079.8501,3008.312467200901,,1,0,0,34.47353200487373
1373981400,3077.46997,3013.834135980811,,1,0,0,33.156139004525635
1374067800,3085.28003,3023.4232198827303,,1,0,0,31.854266932773786
1374154200,3077.82007,3023.684376394457,,1,0,0,30.95896715186139
1374240600,3044.92993,3023.684376394457,,1,0,0,31.735475212442733
1374499800,3055.22998,3023.684376394457,,1,0,0,30.66794412583967
1374586200,3031.3999,3023.684376394457,,1,0,0,30.64166597399397
1374672600,3041.15991,3023.684376394457,,1,0,0,30.540831261565835
1374759000,3061.66992,3023.684376394457,,1,0,0,30.03862974288256
1374845400,3076.22998,3023.684376394457,,1,0,0,30.16802047553381
1375104600,3068.94995,3023.684376394457,,1,0,0,29.472460441567133
1375191000,3085.33008,3031.424813750474,,1,0,0,29.540851124312322
1375277400,3090.18994,3042.989939875427,,1,0,0,29.19364247257571
1375363800,3126.30005,3062.103933887884,,1,0,0,29.856952295963133
1375450200,3143.52002,3073.6000969990955,,1,0,0,29.544311417680056
1375709400,3143.18994,3085.5770742991863,,1,0,0,28.271859173560056
1375795800,3122.19995,3085.5770742991863,,1,0,0,28.516007804020067
1375882200,3118.68994,3085.5770742991863,,1,0,0,28.44415081801863
1375968600,3130.12012,3085.5770742991863,,1,0,0,28.291697902445854
1376055000,3118.57007,3085.5770742991863,,1,0,0,28.187993766556872
1376314200,3125.91992,3085.5770742991863,,1,0,0,27.9145734975171
1376400600,3141.06006,3085.5770742991863,,1,0,0,28.98995896198017
1376487000,3129.44995,3085.5770742991863,,1,0,0,28.27782046469587
1376573400,3076.22998,,3142.132507938688,1,0,0,30.641538288646164
1376659800,3073.90991,,3140.3736491448194,1,0,0,29.900000553742895
1376919000,3069.76001,,3140.3736491448194,1,0,0,30.017861228475535
1377005400,3082.16992,,3140.3736491448194,1,0,0,29.7780075692987
1377091800,3071.46997,,3140.3736491448194,1,0,0,30.308164171491665
1377178200,3101.82007,,3140.3736491448194,1,0,0,30.44114673067082
1377264600,3124.27002,,3140.3736491448194,1,0,0,30.068920535622876
1377523800,3122.66992,,3140.3736491448194,1,0,0,30.01757621164982
1377610200,3059.58008,,3140.3736491448194,1,0,0,32.83131433938911
1377696600,3072.16992,,3139.4711269216887,1,0,0,32.35049545800415
1377783000,3093.36011,,3139.4711269216887,1,0,0,33.12545649671815
1377869400,3073.81006,,3139.4711269216887,1,0,0,33.071486032666854
1378215000,3091.76001,,3139.4711269216887,1,0,0,33.46708417319065
1378301400,3124.54004,,3139.4711269216887,1,0,0,33.72229530367702
1378387800,3129.94,,3139.4711269216887,1,0,0,32.27927135341439
1378474200,3133.38,,3139.4711269216887,1,0,0,33.61432339959906
1378733400,3169.93,3090.160552524346,,1,0,0,34.17687172819911
1378819800,3185.07,3114.0569972719118,,1,0,0,33.114952319042025
1378906200,3179.86,3114.0569972719118,,1,0,0,32.589598581967614
1378992600,3175.57,3115.9856177902484,,1,0,0,31.416055826112807
1379079000,3178.27,3115.9856177902484,,1,0,0,30.633480409961894
1379338200,3168.69,3121.4753504101013,,1,0,0,31.40680323782176
1379424600,3190.83,3124.426815369091,,1,0,0,31.053460149405918
1379511000,3231.31,3148.4286338321817,,1,0,0,32.10035585301975
1379597400,3237.61,3177.6452704489634,,1,0,0,30.793901863518336
1379683800,3224.73,3177.6452704489634,,1,0,0,30.293623158981312
1379943000,3219.34,3177.6452704489634,,1,0,0,30.83907864762549
1380029400,3218.66,3177.6452704489634,,1,0,0,30.597001601366546
1380115800,3208.55,3177.6452704489634,,1,0,0,30.116501486983214
1380202200,3234.04,3177.6452704489634,,1,0,0,30.282465666484388
1380288600,3230.3,3177.6452704489634,,1,0,0,29.868718118878345
1380547800,3218.2,3177.6452704489634,,1,0,0,30.838095396101323
1380634200,3253.05,3177.6452704489634,,1,0,0,31.216088582094095
1380720600,3253.25,3180.602140549695,,1,0,0,31.005653683373087
1380807000,3213.83,3180.602140549695,,1,0,0,32.90167842027499
1380893400,3242.57,3180.602140549695,,1,0,0,32.99084424739818
1381152600,3215.69,3180.602140549695,,1,0,0,32.745783944012594
1381239000,3153.87,,3257.587283085345,1,0,0,35.041799376583114
1381325400,3142.54,,3214.133054776811,1,0,0,35.68667084968433
1381411800,3210.84,,3214.133054776811,1,0,0,38.38690864613547
1381498200,3233.83,3138.9552756307835,,1,0,0,38.15070088569725
1381757400,3256.02,3153.1287480677047,,1,0,0,38.64993653671887
1381843800,3244.66,3176.5938732609343,,1,0,0,37.9335124983818
1381930200,3281.67,3192.1264859348407,,1,0,0,37.975404462783104
1382016600,3301.28,3204.463837341357,,1,0,0,37.93216128687002
1382103000,3353.88,3257.2289536072212,,1,0,0,39.10486405209359
1382362200,3361.18,3283.328558246499,,1,0,0,37.64665947694402
1382448600,3366.93,3286.8712024218494,,1,0,0,37.82689808573374
1382535000,3346.05,3286.8712024218494,,1,0,0,37.74854822246704
1382621400,3362.37,3286.8712024218494,,1,0,0,36.71865192086226
1382707800,3383.83,3310.206261565528,,1,0,0,36.786605355086394
1382967000,3382.68,3310.206261565528,,1,0,0,35.592562115437346
1383053400,3391.75,3318.989371868078,,1,0,0,34.73023625004896
1383139800,3385.38,3321.5384346812702,,1,0,0,34.82450508933119
1383226200,3377.73,3321.5384346812702,,1,0,0,34.668469011521815
1383312600,3379.76,3321.5384346812702,,1,0,0,34.35357836784167
1383575400,3384.75,3321.5384346812702,,1,0,0,33.02832277013867
1383661800,3388.82,3321.5384346812702,,1,0,0,33.09915685798591
1383748200,3385.38,3324.4224265449434,,1,0,0,32.6627885109869
1383834600,3321.41,,3424.974316109551,1,0,0,35.387589331630686
1383921000,3366.84,,3418.9173844985958,1,0,0,36.10490437937137
1384180200,3362.98,,3418.9173844985958,1,0,0,34.89383978084485
1384266600,3365.23,,3418.9173844985958,1,0,0,33.93785122507023
1384353000,3405.56,,3418.9173844985958,1,0,0,35.74157613756522
1384439400,3415.14,,3418.9173844985958,1,0,0,35.20146355631055
1384525800,3422.58,3349.577999927424,,1,0,0,33.65635901657406
1384785000,3388.87,3349.577999927424,,1,0,0,34.520904801104464
1384871400,3378.13,3349.577999927424,,1,0,0,34.12941160102557
1384957800,3367.17,3349.577999927424,,1,0,0,34.43302505809518
1385044200,3402.73,3349.577999927424,,1,0,0,34.67209469680265
1385130600,3422.02,3349.577999927424,,1,0,0,33.58123078988818
1385389800,3427.49,3365.8856139844306,,1,0,0,32.406142876324715
1385476200,3445.76,3375.655552585987,,1,0,0,32.45356124230153
1385562600,3470.48,3399.6124973273886,,1,0,0,31.984735439279984
1385735400,3487.82,3427.5687475946497,,1,0,0,31.520825765045682
1385994600,3481.15,3429.0328728351847,,1,0,0,31.01148106754244
1386081000,3479.34,3429.0328728351847,,1,0,0,30.344232419860845
1386167400,3483.01,3429.0328728351847,,1,0,0,31.02535867558508
1386253800,3477.73,3429.0328728351847,,1,0,0,30.25497591304327
1386340200,3504.26,3439.220334367165,,1,0,0,30.477477633540172
1386599400,3516.17,3460.4153009304487,,1,0,0,29.711229231144443
1386685800,3514.2,3460.4153009304487,,1,0,0,28.539712857491264
1386772200,3468.99,3460.4153009304487,,1,0,0,30.416876224813297
1386858600,3460.29,,3526.390270621703,1,0,0,29.742813637326634
1386945000,3456.4,,3521.549243559533,1,0,0,29.624755520374745
1387204200,3475.79,,3521.549243559533,1,0,0,30.223701554633674
1387290600,3469.32,,3521.549243559533,1,0,0,29.58415144358841
1387377000,3509.63,,3521.549243559533,1,0,0,33.732426340474944
1387463400,3498.63,,3521.549243559533,1,0,0,33.2229673161553
1387549800,3531.19,3451.9750336205316,,1,0,0,33.8741839364299
1387809000,3569.4,3490.7775302584782,,1,0,0,34.24674222668492
1387895400,3572.8,3504.1092772326306,,1,0,0,32.50911778192172
1388068200,3584.58,3517.5893495093674,,1,0,0,31.231323654641585
1388154600,3574.02,3521.4894145584312,,1,0,0,30.447657679310026
1388413800,3570.08,3521.4894145584312,,1,0,0,29.33211070221645
1388500200,3592,3528.222225792329,,1,0,0,28.80267422348671
1388673000,3563.57,3528.222225792329,,1,0,0,29.484626064666227
1388759400,3538.73,3528.222225792329,,1,0,0,29.51429563147579
1389018600,3526.96,,3585.4823223973917,1,0,0,29.5539888006561
1389105000,3557.85,,3585.4823223973917,1,0,0,30.015846743466376
1389191400,3567.54,,3585.4823223973917,1,0,0,29.58828626179022
1389277800,3552.58,,3585.4823223973917,1,0,0,30.159837243090927
1389364200,3565.08,,3585.4823223973917,1,0,0,30.292706011441574
1389623400,3512.8,,3585.4823223973917,1,0,0,33.34536986776719
1389709800,3580.65,,3585.4823223973917,1,0,0,35.877843448640945
1389796200,3609.84,3528.927728785027,,1,0,0,35.818711773738
1389882600,3611.29,3536.597955906524,,1,0,0,34.31666093275671
1389969000,3591.25,3536.597955906524,,1,0,0,34.072613723274095
1390314600,3617.7,3536.597955906524,,1,0,0,33.89956988589735
1390401000,3627.72,3559.0119248558563,,1,0,0,32.8474577511904
1390487400,3613.76,3559.0119248558563,,1,0,0,33.279067911819645
1390573800,3541.48,,3646.1691908667567,1,0,0,36.071991632403964
1390833000,3509.02,,3596.284271780081,1,0,0,38.180420801517975
1390919400,3505.72,,3574.512344602073,1,0,0,37.31681931569527
1391005800,3467.82,,3560.027610141866,1,0,0,37.799903650288456
1391092200,3532.41,,3560.027610141866,1,0,0,40.55633910383927
1391178600,3521.92,,3560.027610141866,1,0,0,41.3308863107079
1391437800,3440.5,,3560.027610141866,1,0,0,45.51010871708592
1391524200,3470.2,,3560.027610141866,1,0,0,45.1336723801512
1391610600,3454.89,,3541.8434966126697,1,0,0,45.575552924426084
1391697000,3497.6,,3541.8434966126697,1,0,0,45.72229914410995
1391783400,3561.91,3435.143517743737,,1,0,0,47.13784920524495
1392042600,3582.11,3474.540665969364,,1,0,0,45.56085997629888
1392129000,3621.72,3511.346599372427,,1,0,0,45.626512835134676
1392215400,3627.36,3537.478439435184,,1,0,0,43.64319048976792
1392301800,3659.56,3537.909595491666,,1,0,0,44.71867688335591
1392388200,3663.88,3568.8946359424995,,1,0,0,43.47091424883049
1392733800,3679.43,3586.9336723482493,,1,0,0,42.261563231056876
1392820200,3652.84,3586.9336723482493,,1,0,0,41.64002300026709
1392906600,3671.93,3586.9336723482493,,1,0,0,41.25573564310514
1392993000,3662.6,3595.258737141874,,1,0,0,40.14461166859762
1393252200,3685.81,3605.924863427687,,1,0,0,40.03928226369779
1393338600,3679.14,3606.958877084918,,1,0,0,39.1843335305765
1393425000,3676.6,3606.958877084918,,1,0,0,39.12402399267819
1393511400,3699.8,3613.2908404387836,,1,0,0,38.61587942177262
1393597800,3696.1,3614.276256394905,,1,0,0,39.968316605931726
1393857000,3668.37,3614.276256394905,,1,0,0,41.28772256265089
1393943400,3719.93,3629.208517679873,,1,0,0,42.240742379604406
1394029800,3727.19,3643.528665911886,,1,0,0,40.4806893524898
1394116200,3720.93,3645.496799320697,,1,0,0,39.65421154159769
1394202600,3703.4,3645.496799320697,,1,0,0,40.423196431483575
1394458200,3706.34,3645.496799320697,,1,0,0,39.37939668637763
1394544600,3691.5,3645.496799320697,,1,0,0,39.73372549449352
1394631000,3707.06,3645.496799320697,,1,0,0,40.13274510202971
1394717400,3651.49,3645.496799320697,,1,0,0,43.2532633090276
1394803800,3627.87,,3727.7995762972096,1,0,0,42.31231592981134
1395063000,3662.51,,3727.7995762972096,1,0,0,42.89357907768198
1395149400,3706.62,,3727.7995762972096,1,0,0,43.09760914356184
1395235800,3682.73,,3727.7995762972096,1,0,0,43.4442084904503
1395322200,3693.97,,3727.7995762972096,1,0,0,43.16105074113243
1395408600,3653.07,,3727.7995762972096,1,0,0,45.36454711676584
1395667800,3617.39,,3725.7715858269653,1,0,0,47.86922232271113
1395754200,3629.73,,3725.7715858269653,1,0,0,48.6599921568032
1395840600,3582.89,,3725.0735345198423,1,0,0,50.316421288460106
1395927000,3563.13,,3674.4546810678576,1,0,0,50.36596262499865
1396013400,3571.48,,3674.4546810678576,1,0,0,50.232679580355885
1396272600,3595.74,,3674.4546810678576,1,0,0,49.99748818175904
1396359000,3658.4,,3674.4546810678576,1,0,0,50.95623902591911
1396445400,3665.99,,3674.4546810678576,1,0,0,49.21436480978205
1396531800,3637.58,,3674.4546810678576,1,0,0,49.86262446622619
1396618200,3539.38,,3674.4546810678576,1,0,0,55.69386557578146
1396877400,3507.75,,3637.321279447745,1,0,0,56.605732320368496
1396963800,3538.23,,3637.321279447745,1,0,0,55.7753228689136
1397050200,3600.44,,3637.321279447745,1,0,0,56.37137123541976
1397136600,3487.76,,3637.321279447745,1,0,0,61.00841614717548
1397223000,3446.85,,3601.5296374456657,1,0,0,61.063529279520075
1397482200,3474.63,,3595.277673701099,1,0,0,60.2668486166972
1397568600,3487.85,,3592.5584063309893,1,0,0,62.502073715504544
1397655000,3533.09,,3592.5584063309893,1,0,0,61.26906845011138
1397741400,3534.53,,3592.5584063309893,1,0,0,59.731992132246276
1398087000,3559.95,,3592.5584063309893,1,0,0,57.919706979942944
1398173400,3588.8,,3592.5584063309893,1,0,0,56.42329933851847
1398259800,3557.04,,3592.5584063309893,1,0,0,54.79377795719573
1398346200,3591.03,,3592.5584063309893,1,0,0,55.18493667453889
1398432600,3533.1,,3592.5584063309893,1,0,0,55.916726912071844
1398691800,3545.02,,3592.5584063309893,1,0,0,57.6733892754953
1398778200,3573.99,,3592.5584063309893,1,0,0,56.46743289867424
1398864600,3582.02,,3592.5584063309893,1,0,0,55.1047591201975
1398951000,3594.36,3491.208339505667,,1,0,0,53.52656204018341
1399037400,3587.64,3493.6540055551004,,1,0,0,52.062521894456
1399296600,3605.09,3493.6540055551004,,1,0,0,51.83377033056629
1399383000,3556.51,3493.6540055551004,,1,0,0,51.630643878383
1399469400,3546.47,3493.6540055551004,,1,0,0,52.31416931564137
1399555800,3540.42,3493.6540055551004,,1,0,0,52.77672865023841
1399642200,3555.7,3493.6540055551004,,1,0,0,51.87196231807854
1399901400,3612.73,3493.6540055551004,,1,0,0,52.28610786678722
1399987800,3611.13,3518.822473197087,,1,0,0,49.97924301915954
1400074200,3593.25,3518.822473197087,,1,0,0,48.477154232076735
1400160600,3565.17,3518.822473197087,,1,0,0,48.993786072642685
1400247000,3587.2,3518.822473197087,,1,0,0,48.69280135316819
1400506200,3615.62,3518.822473197087,,1,0,0,48.54902982794188
1400592600,3600.31,3518.822473197087,,1,0,0,47.84695626880316
1400679000,3635.61,3530.443564903333,,1,0,0,47.012173678174356
1400765400,3650.86,3560.380208413,,1,0,0,45.56416127259049
1400851800,3677.33,3577.6531875716996,,1,0,0,44.59029261026258
1401197400,3723.06,3621.8413688145297,,1,0,0,44.67170028095811
1401283800,3712.26,3637.360731933077,,1,0,0,42.771578832318234
1401370200,3735.72,3649.701158739769,,1,0,0,41.392180344295475
1401456600,3736.82,3654.448542865792,,1,0,0,40.25559603398865
1401715800,3732.96,3654.448542865792,,1,0,0,39.7244820315609
1401802200,3730.07,3655.456419721292,,1,0,0,38.35201902930653
1401888600,3743.59,3662.438277749163,,1,0,0,38.096160527213236
1401975000,3776.95,3686.0649499742467,,1,0,0,38.718577632412284
1402061400,3794.57,3719.714954976822,,1,0,0,37.25225065866856
1402320600,3795.74,3727.91845947914,,1,0,0,36.029947040192226
1402407000,3800.86,3731.883613531226,,1,0,0,34.5920936801785
1402493400,3797.85,3733.348252178103,,1,0,0,33.57408698873716
1402579800,3763.8,3733.348252178103,,1,0,0,34.47308077525592
1402666200,3775.56,3733.348252178103,,1,0,0,33.79428929130909
1402925400,3779.93,3733.348252178103,,1,0,0,33.41684005621557
1403011800,3781.32,3733.348252178103,,1,0,0,32.52849433791446
1403098200,3804.61,3733.348252178103,,1,0,0,33.273601885206254
1403184600,3800.8,3735.5498064257836,,1,0,0,32.89263032197721
1403271000,3802.64,3742.9848257832055,,1,0,0,31.501013870407398
1403530200,3805.31,3745.8448432048845,,1,0,0,30.060941451092592
1403616600,3799.53,3755.727358884396,,1,0,0,31.203017061728847
1403703000,3827.33,3755.727358884396,,1,0,0,31.798515843033925
1403789400,3826.91,3755.727358884396,,1,0,0,31.603621854245766
1403875800,3844.44,3775.489459626725,,1,0,0,30.894791721799628
1404135000,3849.48,3794.6805136640523,,1,0,0,30.041592313099674
1404221400,3894.33,3821.834962297647,,1,0,0,31.713621433592543
1404307800,3899.27,3839.4624660678824,,1,0,0,30.4183627597645
1404394200,3923.01,3855.171219461094,,1,0,0,29.951336848352756
1404739800,3910.71,3859.0875975149847,,1,0,0,29.18695564489899
1404826200,3864.07,3859.0875975149847,,1,0,0,31.568601670263366
1404912600,3892.91,3859.0875975149847,,1,0,0,31.68370155095886
1404999000,3880.04,3859.0875975149847,,1,0,0,33.603437154461794
1405085400,3904.58,3859.0875975149847,,1,0,0,33.06033450057166
1405344600,3929.46,3860.6860303066233,,1,0,0,33.066739179102264
1405431000,3914.45,3860.6860303066233,,1,0,0,34.494114952023544
1405517400,3932.33,3867.272434548365,,1,0,0,34.39024959830757
1405603800,3878.01,3867.272434548365,,1,0,0,36.76666034128562
1405690200,3939.89,3867.272434548365,,1,0,0,38.72189888833664
1405949400,3934.14,3867.272434548365,,1,0,0,37.68390611059831
1406035800,3961.62,3880.6842918071825,,1,0,0,37.27505567412701
1406122200,3986.19,3904.276362626464,,1,0,0,36.68540884026079
1406208600,3983.19,3914.6907263638172,,1,0,0,35.62502249452789
1406295000,3965.16,3914.6907263638172,,1,0,0,35.80466374491875
1406554200,3967.24,3914.6907263638172,,1,0,0,36.12433062028171
1406640600,3959.03,3914.6907263638172,,1,0,0,35.415449861690185
1406727000,3976.07,3914.6907263638172,,1,0,0,35.02648915728373
1406813400,3892.5,,3999.3604519894293,1,0,0,38.73673993176347
1406899800,3879.67,,3964.6764067904865,1,0,0,39.7455442223518
1407159000,3908.77,,3964.6764067904865,1,0,0,40.27443392075525
1407245400,3874.94,,3964.6764067904865,1,0,0,40.977688640701295
1407331800,3874.27,,3959.581380550265,1,0,0,41.4221394520798
1407418200,3857.94,,3958.4562424952383,1,0,0,42.07341520550267
1407504600,3888.09,,3957.1756182457143,1,0,0,42.0781712622525
1407763800,3910.46,,3957.1756182457143,1,0,0,41.43687331494875
1407850200,3905.22,,3957.1756182457143,1,0,0,40.55923950673813
1407936600,3949.2,,3957.1756182457143,1,0,0,40.838579541971136
1408023000,3969.11,3880.0905128689865,,1,0,0,39.36153814611605
1408109400,3987.51,3893.836461582088,,1,0,0,39.82357113567918
1408368600,4020.5,3933.6803154238796,,1,0,0,39.47688748313065
1408455000,4040.13,3957.2742838814916,,1,0,0,38.15710980576417
1408541400,4040.7,3968.626355493342,,1,0,0,36.4866019624953
1408627800,4047.03,3975.847219944008,,1,0,0,34.82327325088848
1408714200,4052.75,3986.571497949607,,1,0,0,33.81303944725361
1408973400,4067.48,4006.1163481546464,,1,0,0,33.30996520102121
1409059800,4071.67,4010.223713339182,,1,0,0,31.9171105438054
1409146200,4073.18,4014.8288420052636,,1,0,0,30.64660264781931
1409232600,4066.27,4014.8288420052636,,1,0,0,29.783988172975054
1409319000,4082.56,4019.4745120242633,,1,0,0,29.141560446333976
1409664600,4095.81,4035.703560821837,,1,0,0,28.322877557310107
1409751000,4070.96,4035.703560821837,,1,0,0,29.22410058893085
1409837400,4066.13,4035.703560821837,,1,0,0,30.2973791182929
1409923800,4089.92,4035.703560821837,,1,0,0,30.863994895557692
1410183000,4095.46,4035.703560821837,,1,0,0,30.721566688732135
1410269400,4061.88,4035.703560821837,,1,0,0,32.65216906810838
1410355800,4094.97,4035.703560821837,,1,0,0,33.26987127752919
1410442200,4092.65,4035.703560821837,,1,0,0,33.32559475770566
1410528600,4069.23,4035.703560821837,,1,0,0,33.45376656072667
1410787800,4029.89,,4115.616589391513,1,0,0,34.81564037781762
1410874200,4067.27,,4115.616589391513,1,0,0,36.84023749368778
1410960600,4073.57,,4115.616589391513,1,0,0,37.23522052985293
1411047000,4103.08,,4115.616589391513,1,0,0,36.707704777720565
1411133400,4100.09,,4115.616589391513,1,0,0,36.54715443645481
1411392600,4061.23,,4115.616589391513,1,0,0,37.87235769099378
1411479000,4051.57,,4115.616589391513,1,0,0,37.020760713065634
1411565400,4094.31,,4115.616589391513,1,0,0,38.27284923356099
1411651800,4007.82,,4115.616589391513,1,0,0,41.73050285973519
1411738200,4053.72,,4115.616589391513,1,0,0,42.296181226896934
1411997400,4047.18,,4115.616589391513,1,0,0,42.69288256783286
1412083800,4049.44,,4115.616589391513,1,0,0,42.41053381298767
1412170200,3984.74,,4103.554192615632,1,0,0,44.848352826345696
1412256600,3985.87,,4064.052773354069,1,0,0,46.05989905303529
1412343000,4027.31,,4064.052773354069,1,0,0,46.67633483496134
1412602200,4016.27,,4064.052773354069,1,0,0,46.37802520389267
1412688600,3958.59,,4064.052773354069,1,0,0,47.19602340361462
1412775000,4041.12,,4064.052773354069,1,0,0,51.72702173192787
1412861400,3969.32,,4064.052773354069,1,0,0,53.44294875107588
1412947800,3870.85,,4044.1069408990597,1,0,0,56.67059526885618
1413207000,3808,,3979.476746809153,1,0,0,58.749124178223596
1413293400,3810.45,,3958.207572128238,1,0,0,58.75847245120763
1413379800,3785.97,,3887.712814915414,1,0,0,62.435010133264235
1413466200,3765.28,,3887.712814915414,1,0,0,64.42250940945964
1413552600,3815.47,,3887.712814915414,1,0,0,65.79947302306965
1413811800,3870.08,,3887.712814915414,1,0,0,65.91308209285042
1413898200,3971.39,3791.186116133996,,1,0,0,68.44214765764683
1413984600,3949.59,3826.0700045205967,,1,0,0,66.44056568210063
1414071000,4012.27,3863.751004068537,,1,0,0,67.59695384766484
1414157400,4042.02,3885.9674036616834,,1,0,0,65.75145714426021
1414416600,4046.02,3904.702663295515,,1,0,0,63.43135306252734
1414503000,4106.63,3954.4198969659637,,1,0,0,63.26982784377537
1414589400,4090.55,3957.199907269367,,1,0,0,61.903411569220005
1414675800,4100.64,3964.3609165424305,,1,0,0,60.668167885704335
1414762200,4158.21,4032.8343248881874,,1,0,0,61.35115589386828
1415025000,4169.28,4051.7733923993683,,1,0,0,58.581787615734825
1415111400,4156.23,4051.7733923993683,,1,0,0,57.43737421461088
1415197800,4153.27,4051.7733923993683,,1,0,0,56.17184748499584
1415284200,4164.08,4051.7733923993683,,1,0,0,54.430286950353334
1415370600,4160.5,4054.2967077532257,,1,0,0,52.804552168185246
1415629800,4175.95,4069.1315369779027,,1,0,0,51.068512727600584
1415716200,4187.16,4084.9293832801136,,1,0,0,48.99647610420057
1415802600,4195.4,4098.655444952101,,1,0,0,47.36601352532904
1415889000,4213.49,4125.930400456891,,1,0,0,46.436298273519846
1415975400,4224.99,4129.549860411203,,1,0,0,45.01870553969701
1416234600,4213.79,4129.549860411203,,1,0,0,44.03879800114718
1416321000,4242.19,4152.049536933073,,1,0,0,43.35031242963664
1416407400,4222.66,4152.049536933073,,1,0,0,42.970290113234
1416493800,4242.09,4152.049536933073,,1,0,0,42.9588408194316
1416580200,4251.32,4180.1395574242115,,1,0,0,43.31106647518651
1416839400,4284.32,4191.90210168179,,1,0,0,42.62313315553035
1416925800,4288.23,4214.839391513611,,1,0,0,41.188623644421035
1417012200,4317.99,4229.52645236225,,1,0,0,40.47372195553384
1417185000,4337.78,4263.384807126025,,1,0,0,39.661313244424306
1417444200,4287.81,4263.384807126025,,1,0,0,41.335505155536815
1417530600,4305.96,4263.384807126025,,1,0,0,40.456540501569876
1417617000,4312.93,4263.384807126025,,1,0,0,39.85107332288635
1417703400,4311.93,4263.384807126025,,1,0,0,39.40528237125165
1417789800,4311.57,4263.384807126025,,1,0,0,38.18919077330511
1418049000,4278.34,4263.384807126025,,1,0,0,39.82353428949758
1418135400,4294.67,4263.384807126025,,1,0,0,42.7554246973906
1418221800,4224.87,,4350.115786394523,1,0,0,45.28289436186272
1418308200,4246.48,,4350.115786394523,1,0,0,47.18697333601542
1418394600,4199.28,,4325.504686979562,1,0,0,47.7557609548715
1418653800,4157.41,,4297.529718281607,1,0,0,50.84820660095212
1418740200,4089.6,,4256.346246453447,1,0,0,54.44690612945554
1418826600,4165.1,,4254.793121808102,1,0,0,56.76355569163729
1418913000,4267.77,4109.919190372709,,1,0,0,60.042587427948924
1418999400,4281.78,4153.437271335438,,1,0,0,58.75883118309541
1419258600,4293.67,4164.624044201894,,1,0,0,56.32820038430292
1419345000,4279.3,4178.4131397817055,,1,0,0,54.7704717854241
1419431400,4283.1,4184.399825803534,,1,0,0,52.2561523721795
1419604200,4314.09,4205.413343223181,,1,0,0,51.334284345595215
1419863400,4312.64,4218.138508900863,,1,0,0,48.705406892338395
1419949800,4282.35,4218.138508900863,,1,0,0,47.71859211431424
1420036200,4236.28,4218.138508900863,,1,0,0,49.545835534720375
1420209000,4230.24,4218.138508900863,,1,0,0,51.02470442509749
1420468200,4160.96,,4289.541639810144,1,0,0,52.97936839473334
1420554600,4110.83,,4247.80397582913,1,0,0,55.33298493796669
1420641000,4160,,4247.80397582913,1,0,0,55.604914585254804
1420727400,4240.55,,4247.80397582913,1,0,0,57.91384925773662
1420813800,4213.28,,4247.80397582913,1,0,0,58.44571716789834
1421073000,4169.97,,4247.80397582913,1,0,0,58.968880227334196
1421159400,4166.2,,4247.80397582913,1,0,0,63.16824592538177
1421245800,4145.84,,4247.80397582913,1,0,0,62.79122835928303
1421332200,4089.65,,4247.80397582913,1,0,0,64.2875691907628
1421418600,4142.14,,4246.391589184323,1,0,0,64.31559996285115
1421764200,4171.21,,4246.391589184323,1,0,0,64.30662853693325
1421850600,4192.09,,4246.391589184323,1,0,0,64.38901221286659
1421937000,4270.36,4082.979461484628,,1,0,0,66.97622562623324
1422023400,4278.14,4142.021015336166,,1,0,0,64.64935236721662
1422282600,4275.72,4142.5799138025495,,1,0,0,62.03225576955824
1422369000,4165.5,4142.5799138025495,,1,0,0,66.49923750030412
1422455400,4140.38,,4331.116619819934,1,0,0,68.51857767885379
1422541800,4181.35,,4292.807457837942,1,0,0,69.75510784464994
1422628200,4148.43,,4292.807457837942,1,0,0,69.54545728431785
1422887400,4188.59,,4291.217390848733,1,0,0,71.3179246211523
1422973800,4229.15,,4291.217390848733,1,0,0,70.14664429106999
1423060200,4221.2,,4291.217390848733,1,0,0,68.71474112742216
1423146600,4256.18,,4291.217390848733,1,0,0,66.50868818974915
1423233000,4228.68,,4291.217390848733,1,0,0,65.78592474762418
1423492200,4216.09,,4291.217390848733,1,0,0,63.12121583707956
1423578600,4281.15,,4291.217390848733,1,0,0,63.63684327728817
1423665000,4297.28,4172.3320054659625,,1,0,0,61.069925900339065
1423751400,4347.97,4215.585804919367,,1,0,0,60.32850262174345
1423837800,4384.03,4254.66272442743,,1,0,0,58.59503814876174
1424183400,4385.34,4274.060951984688,,1,0,0,55.60182113813587
1424269800,4390.91,4285.495356786218,,1,0,0,52.98454819969759
1424356200,4411.86,4308.251821107596,,1,0,0,51.15350904257637
1424442600,4443.05,4327.243138996837,,1,0,0,50.856829825249484
1424701800,4449.49,4351.959825097152,,1,0,0,48.55491340916024
1424788200,4451.03,4357.436342587437,,1,0,0,46.99384816564885
1424874600,4440.59,4363.002708328693,,1,0,0,45.86643043953108
1424961000,4462.27,4366.443937495825,,1,0,0,44.94882826527889
1425047400,4440.67,4371.484543746243,,1,0,0,43.78462624633044
1425306600,4483.05,4388.104589371617,,1,0,0,43.75001008587828
1425393000,4458.78,4388.104589371617,,1,0,0,44.163580794029826
1425479400,4445.36,4388.104589371617,,1,0,0,43.707610737313395
1425565800,4452.06,4388.104589371617,,1,0,0,42.76706711321958
1425652200,4399.23,4388.104589371617,,1,0,0,44.291562319418226
1425907800,4412.99,4388.104589371617,,1,0,0,43.45645072517409
1425994200,4329.08,,4445.795422454758,1,0,0,46.34598995909022
1426080600,4305.38,,4412.693880209283,1,0,0,45.79199067629808
1426167000,4336.23,,4407.907992188354,1,0,0,45.25899134227678
1426253400,4314.9,,4407.907992188354,1,0,0,46.20977767497128
1426512600,4370.47,,4407.907992188354,1,0,0,46.94907926961621
1426599000,4375.63,,4407.907992188354,1,0,0,46.11628789321505
1426685400,4422.5,4291.582103825221,,1,0,0,49.67941018655683
1426771800,4426.82,4335.073893442699,,1,0,0,47.571595173231344
1426858200,4458.54,4371.8070040984285,,1,0,0,47.877909803714864
1427117400,4445.54,4371.8070040984285,,1,0,0,45.94520196059235
1427203800,4430.99,4371.8070040984285,,1,0,0,45.29340182055002
1427290200,4329.29,,4488.358439012245,1,0,0,50.14744454765359
1427376600,4315.26,,4414.596095111021,1,0,0,50.79476993710691
1427463000,4332.86,,4414.596095111021,1,0,0,49.553000655884986
1427722200,4382.82,,4414.596095111021,1,0,0,49.67921489475039
1427808600,4333.69,,4414.596095111021,1,0,0,49.639985259411084
1427895000,4311.26,,4409.699780502341,1,0,0,49.70141488373887
1427981400,4316.01,,4409.699780502341,1,0,0,47.95845667775753
1428327000,4350.98,,4409.699780502341,1,0,0,50.07928120077489
1428413400,4344.08,,4409.699780502341,1,0,0,49.05004682929098
1428499800,4375.96,,4409.699780502341,1,0,0,48.31361491291303
1428586200,4403.95,,4409.699780502341,1,0,0,48.035499561990676
1428672600,4422.02,4316.854476260056,,1,0,0,46.622249593277054
1428931800,4409.21,4336.92352863405,,1,0,0,46.22994605090013
1429018200,4397.64,4336.92352863405,,1,0,0,46.05352133297871
1429104600,4424.53,4336.92352863405,,1,0,0,45.45255552348019
1429191000,4418.83,4336.92352863405,,1,0,0,43.51023012894591
1429277400,4351.8,4336.92352863405,,1,0,0,46.52521369116408
1429536600,4417.4,4336.92352863405,,1,0,0,48.35055557036664
1429623000,4435.98,4345.7357676658075,,1,0,0,47.131230172483356
1429709400,4460.81,4348.912190899227,,1,0,0,47.15685658873453
1429795800,4477.07,4375.062471809304,,1,0,0,47.48779540382492
1429882200,4536.78,4431.835724628374,,1,0,0,48.850810017837475
1430141400,4525.04,4441.098152165537,,1,0,0,48.64718073084908
1430227800,4515.27,4441.098152165537,,1,0,0,49.32452496435987
1430314200,4488.15,4441.098152165537,,1,0,0,49.58920175261993
1430400600,4414.25,,4546.9134770713235,1,0,0,52.69354448457559
1430487000,4479.06,,4546.9134770713235,1,0,0,53.55900559282021
1430746200,4482.61,,4546.9134770713235,1,0,0,51.97693376476162
1430832600,4409.39,,4546.9134770713235,1,0,0,53.64572421013573
1430919000,4379.75,,4505.685197306495,1,0,0,55.53031533798316
1431005400,4401.55,,4505.685197306495,1,0,0,54.452435670984336
1431091800,4458.65,,4505.685197306495,1,0,0,55.17869026591402
1431351000,4438.64,,4505.685197306495,1,0,0,53.467355246920185
1431437400,4420.65,,4505.685197306495,1,0,0,53.99682987214011
1431523800,4426.56,,4505.685197306495,1,0,0,52.98919916698727
1431610200,4495.04,,4505.685197306495,1,0,0,54.182113512202434
1431696600,4494.29,,4505.685197306495,1,0,0,52.21053397561654
1431955800,4512.95,4400.809996209424,,1,0,0,51.14192440592965
1432042200,4503.72,4414.108496588482,,1,0,0,49.15464409122044
1432128600,4505.3,4414.108496588482,,1,0,0,49.1721695132761
1432215000,4529.47,4421.2389822366695,,1,0,0,48.652014548042054
1432301400,4527.16,4442.978584013003,,1,0,0,46.594727794610506
1432647000,4472.96,4442.978584013003,,1,0,0,48.29510438070973
1432733400,4546.06,4442.978584013003,,1,0,0,50.457596924944724
1432819800,4535.66,4442.978584013003,,1,0,0,48.617054287448646
1432906200,4508.25,4442.978584013003,,1,0,0,47.99583612405946
1433165400,4521.85,4442.978584013003,,1,0,0,47.943276400912374
1433251800,4508.89,4442.978584013003,,1,0,0,47.72518522941866
1433338200,4519.86,4442.978584013003,,1,0,0,46.492671998745855
1433424600,4487.03,4442.978584013003,,1,0,0,46.826052570264
1433511000,4477.19,4442.978584013003,,1,0,0,46.41776310095947
1433770200,4431.51,,4543.273511966553,1,0,0,46.96149430803377
1433856600,4427.61,,4510.081660769897,1,0,0,47.11924471460279
1433943000,4485.46,,4510.081660769897,1,0,0,48.74644152070264
1434029400,4488.47,,4510.081660769897,1,0,0,47.22740998350957
1434115800,4453.79,,4510.081660769897,1,0,0,46.65830927040175
1434375000,4432.92,,4510.081660769897,1,0,0,47.4441443225159
1434461400,4455.9,,4510.081660769897,1,0,0,46.698848299479074
1434547800,4468.98,,4510.081660769897,1,0,0,46.28678770665916
1434634200,4531.85,4415.707647178406,,1,0,0,48.102731441897795
1434720600,4513.42,4432.895882460566,,1,0,0,46.68682205319079
1434979800,4544.04,4454.249294214509,,1,0,0,46.534906192248556
1435066200,4548.74,4454.249294214509,,1,0,0,44.766698607087996
1435152600,4524.6,4456.683828313753,,1,0,0,44.264791563724614
1435239000,4514.01,4456.683828313753,,1,0,0,43.78087788060141
1435325400,4484.28,4456.683828313753,,1,0,0,44.563672317701354
1435584600,4379.86,,4518.748399159274,1,0,0,49.02698143786556
1435671000,4396.76,,4499.432059243347,1,0,0,48.4279113351609
1435757400,4429.23,,4499.432059243347,1,0,0,48.47877481122079
1435843800,4433.39,,4499.432059243347,1,0,0,47.0410051818479
1436189400,4418.66,,4499.432059243347,1,0,0,47.25021909743021
1436275800,4429.06,,4492.87084406956,1,0,0,50.35806059047093
1436362200,4351.58,,4484.309759662604,1,0,0,52.66391340543731
1436448600,4352.03,,4484.309759662604,1,0,0,53.396491019334654
1436535000,4420.15,,4484.309759662604,1,0,0,55.445313089382175
1436794200,4494.47,4357.103720205961,,1,0,0,57.09850501156917
1436880600,4523.47,4401.904348185365,,1,0,0,56.07289751074279
1436967000,4528.36,4421.006413366828,,1,0,0,54.194833402832636
1437053400,4594.9,4463.182772030145,,1,0,0,55.0852024454875
1437139800,4661.6,4527.661494827131,,1,0,0,55.91483084223844
1437399000,4679.68,4564.894345344418,,1,0,0,54.50305721065001
1437485400,4674.41,4569.095410809976,,1,0,0,52.367124552746404
1437571800,4623.24,4569.095410809976,,1,0,0,53.618044227550236
1437658200,4602.83,4569.095410809976,,1,0,0,53.29461249701094
1437744600,4557.37,,4704.837945519527,1,0,0,55.17785446151021
1438003800,4519.09,,4642.392150967575,1,0,0,54.483007714259465
1438090200,4560.23,,4642.392150967575,1,0,0,55.06279287752667
1438176600,4581.6,,4642.392150967575,1,0,0,53.55973624341759
1438263000,4598.59,,4642.392150967575,1,0,0,54.42475508317348
1438349400,4588.91,,4642.392150967575,1,0,0,52.84155829151818
1438608600,4580.46,,4642.392150967575,1,0,0,53.20430412783832
1438695000,4567.47,,4642.392150967575,1,0,0,51.728996690135595
1438781400,4602.24,,4642.392150967575,1,0,0,52.836211212268736
1438867800,4528.51,,4642.392150967575,1,0,0,56.513624697106664
1438954200,4520.08,,4622.6060965824245,1,0,0,55.83122293302762
1439213400,4573.11,,4622.6060965824245,1,0,0,56.38256415209709
1439299800,4513.99,,4622.6060965824245,1,0,0,58.21595242694725
1439386200,4528.19,,4616.285524408588,1,0,0,61.38909868216532
1439472600,4519.32,,4616.285524408588,1,0,0,59.98202020486783
1439559000,4530.74,,4616.285524408588,1,0,0,58.00973304737726
1439818200,4566.37,,4616.285524408588,1,0,0,58.195466401136066
1439904600,4542.07,,4616.285524408588,1,0,0,56.204361658197755
1439991000,4510.9,,4616.285524408588,1,0,0,56.80119296832652
1440077400,4385.13,,4562.690264137224,1,0,0,61.727536327731734
1440163800,4197.27,,4432.017737723501,1,0,0,70.73699801860802
1440423000,4038.6,,4213.472463951151,1,0,0,95.15292673156458
1440509400,4016.32,,4213.472463951151,1,0,0,102.03271767930998
1440595800,4219.6,3885.257804199567,,1,0,0,109.8546664165021
1440682200,4324.82,4028.739023779611,,1,0,0,109.82147595818049
1440768600,4329.12,4082.9086214016497,,1,0,0,105.20137053259613
1441027800,4274.58,4082.9086214016497,,1,0,0,102.4748440659821
1441114200,4142.63,4082.9086214016497,,1,0,0,106.06592663269767
1441200600,4256.23,4082.9086214016497,,1,0,0,106.60407473036209
1441287000,4234.65,4082.9086214016497,,1,0,0,104.55521224962195
1441373400,4184.72,4082.9086214016497,,1,0,0,102.3884113746489
1441719000,4303.53,4082.9086214016497,,1,0,0,103.77352484788824
1441805400,4253.45,4082.9086214016497,,1,0,0,104.25327307303907
1441891800,4296.3,4082.9086214016497,,1,0,0,102.74089642496492
1441978200,4323.23,4091.501616687913,,1,0,0,99.34011810889594
1442237400,4308.76,4122.373955019122,,1,0,0,95.18510967254618
1442323800,4360.28,4151.89705951721,,1,0,0,93.33617326736426
1442410200,4383.67,4191.04635356549,,1,0,0,89.6585894625525
1442496600,4384.96,4234.6442182089395,,1,0,0,89.10154735808443
1442583000,4323.86,4234.6442182089395,,1,0,0,87.5850082610784
1442842200,4336.13,4234.6442182089395,,1,0,0,86.50607909957283
1442928600,4274.1,4234.6442182089395,,1,0,0,87.62921630674623
1443015000,4273.53,4234.6442182089395,,1,0,0,84.20355799912144
1443101400,4261.1,4234.6442182089395,,1,0,0,83.72687528489853
1443187800,4224.74,,4421.610973820822,1,0,0,85.58209847883434
1443447000,4103.47,,4327.17087643874,1,0,0,88.92980573034616
1443533400,4083.37,,4284.412788794866,1,0,0,89.87696246389291
1443619800,4181.06,,4284.412788794866,1,0,0,90.43503657361488
1443706200,4192.96,,4284.412788794866,1,0,0,88.6782482469281
1443792600,4267.45,,4284.412788794866,1,0,0,92.55123051500463
1444051800,4331.43,4131.524948771688,,1,0,0,91.06757119250427
1444138200,4306.7,4131.524948771688,,1,0,0,88.72917325018253
1444224600,4333.46,4139.3204085050675,,1,0,0,86.91851801802663
1444311000,4350.15,4145.918367654561,,1,0,0,86.60290958816758
1444397400,4370.01,4198.705530889105,,1,0,0,83.04198747472704
1444656600,4382.56,4226.641477800194,,1,0,0,78.95398836938942
1444743000,4352.94,4229.203830020175,,1,0,0,76.93941777157589
1444829400,4346.92,4229.203830020175,,1,0,0,74.64017364503476
1444915800,4418.22,4247.679552316342,,1,0,0,74.40373267038942
1445002200,4438.62,4289.6910970847075,,1,0,0,71.43703747964732
1445261400,4462.07,4314.632487376237,,1,0,0,69.47582051681533
1445347800,4438.18,4320.629238638614,,1,0,0,67.28254762275706
1445434200,4413.52,4320.629238638614,,1,0,0,66.39307993541726
1445520600,4503.22,4343.837033297276,,1,0,0,68.16357422574455
1445607000,4624.09,4478.7703299675495,,1,0,0,73.4904617810485
1445866200,4630.85,4487.065296970794,,1,0,0,70.53328593954504
1445952600,4639.23,4503.914267273714,,1,0,0,67.53090837243468
1446039000,4678.58,4515.526840546344,,1,0,0,67.61084348868931
1446125400,4670.76,4544.628656491709,,1,0,0,64.60864038235435
1446211800,4648.83,4549.675790842538,,1,0,0,62.308023212186164
1446474600,4703.91,4564.503211758285,,1,0,0,62.067450125601475
1446561000,4719.05,4596.732890582456,,1,0,0,61.15763225948714
1446647400,4717.55,4607.800101524211,,1,0,0,59.52280138380945
1446733800,4702.9,4607.800101524211,,1,0,0,59.04045842782309
1446820200,4707.23,4607.800101524211,,1,0,0,58.04185425440718
1447079400,4655.52,4607.800101524211,,1,0,0,59.618150379092356
1447165800,4641.73,4607.800101524211,,1,0,0,58.13185392344293
1447252200,4636.94,4607.800101524211,,1,0,0,57.316721500339824
1447338600,4588.93,,4720.979120880872,1,0,0,56.87838425031557
1447425000,4502.14,,4652.006208792785,1,0,0,59.22921394672159
1447684200,4565.47,,4645.130587913506,1,0,0,60.70855580767002
1447770600,4565.82,,4645.130587913506,1,0,0,59.470801821407875
1447857000,4653.44,4496.55742379006,,1,0,0,61.780744548450194
1447943400,4655.35,4547.308181411053,,1,0,0,59.444977080703815
1448029800,4686.36,4571.297363269949,,1,0,0,57.78747871779638
1448289000,4674.79,4571.297363269949,,1,0,0,57.30408738081089
1448375400,4669.41,4571.297363269949,,1,0,0,57.53236685361011
1448461800,4672.88,4571.297363269949,,1,0,0,54.659340649780845
1448634600,4680.47,4579.308774041413,,1,0,0,52.44510203193935
1448893800,4664.51,4579.308774041413,,1,0,0,51.5940233153723
1448980200,4716.16,4601.917206973544,,1,0,0,51.59802164998854
1449066600,4686.22,4610.340486276191,,1,0,0,52.17602010356076
1449153000,4606.75,,4757.627062351428,1,0,0,57.43987581044927
1449239400,4716.12,,4757.627062351428,1,0,0,61.59702753827435
1449498600,4693.62,,4757.627062351428,1,0,0,60.694382714111896
1449585000,4694.77,,4757.627062351428,1,0,0,60.989069663103955
1449671400,4622.14,,4757.627062351428,1,0,0,64.00699325859651
1449757800,4643.05,,4757.627062351428,1,0,0,63.29435088298245
1449844200,4537.56,,4706.262313918105,1,0,0,66.55904010562656
1450103400,4570.16,,4668.478082526295,1,0,0,68.47053724093892
1450189800,4597.33,,4668.478082526295,1,0,0,68.33764172372904
1450276200,4664.56,,4668.478082526295,1,0,0,69.93281017203411
1450362600,4598.14,,4668.478082526295,1,1,0,70.90046658831741
1450449000,4514.83,,4668.478082526295,1,0,0,71.9011475462948
1450708200,4560.55,,4668.478082526295,1,0,0,70.04249415013089
1450794600,4589.26,,4668.478082526295,1,0,0,67.5780302822644
1450881000,4624.59,,4668.478082526295,1,0,0,65.38674240495978
1450967400,4622.77,,4668.478082526295,1,0,0,61.77268937603407
1451313000,4621.35,,4668.478082526295,1,0,0,60.40606870631738
1451399400,4691.08,4551.681925651585,,1,0,0,61.90492094158038
1451485800,4652.01,4552.6617330864265,,1,0,0,60.29385516003895
1451572200,4593.27,4552.6617330864265,,1,0,0,60.21072264860761
1451917800,4497.86,,4605.168346199995,1,0,0,66.91995674513565
1452004200,4484.18,,4605.168346199995,1,0,0,66.1449598347688
1452090600,4443.99,,4574.256010421996,1,0,0,66.75531984657106
1452177000,4305.72,,4503.863409379796,1,0,0,72.01065414324454
1452263400,4270.78,,4468.370568441816,1,0,0,73.84203599015561
1452522600,4283.55,,4422.349011597635,1,0,0,75.24689056228736
1452609000,4333.72,,4422.349011597635,1,0,0,75.59854123640964
1452695400,4183.12,,4422.349011597635,1,0,0,83.21293114809465
1452781800,4272.97,,4416.710304454676,1,0,0,89.7641503518022
1452868200,4141.08,,4349.008774009208,1,0,0,96.72242532667349
1453213800,4147.07,,4349.008774009208,1,0,0,97.02725208905395
1453300200,4136.28,,4314.251906947458,1,0,0,103.36316265412155
1453386600,4142.6,,4314.251906947458,1,0,0,103.19865103596997
1453473000,4259.77,,4314.251906947458,1,0,0,104.25231881911496
1453732200,4196.53,,4314.251906947458,1,0,0,102.14786747489246
1453818600,4233.85,,4314.251906947458,1,0,0,100.07444836954299
1453905000,4128.86,,4314.251906947458,1,0,0,101.63484491457564
1453991400,4186.06,,4314.251906947458,1,0,0,100.15949884924878
1454077800,4279.17,,4314.251906947458,1,0,0,99.78096321715955
1454337000,4286.56,,4314.251906947458,1,0,0,97.18446584450533
1454423400,4193.1,,4314.251906947458,1,0,0,97.81343256989784
1454509800,4171.97,,4314.251906947458,1,0,0,99.32033024347655
1454596200,4167.77,,4314.251906947458,1,0,0,97.9695923689425
1454682600,4024.47,,4292.627512175015,1,0,0,102.3517643425895
1454941800,3960.67,,4151.906760957514,1,0,0,104.73306688954736
1455028200,3947.8,,4151.906760957514,1,0,0,104.77499068315113
1455114600,3966.28,,4151.906760957514,1,0,0,104.2682056343546
1455201000,3962.22,,4151.906760957514,1,0,0,102.95261951761498
1455287400,4019.19,,4151.906760957514,1,0,0,99.87743240921392
1455633000,4104.33,,4151.906760957514,1,0,0,98.82475866569862
1455719400,4199.1,3966.5262884249782,,1,0,0,98.92941876100586
1455805800,4151.49,3987.2151595824803,,1,0,0,96.61160313521971
1455892200,4164.09,3987.2151595824803,,1,0,0,93.53148862556114
1456151400,4231.27,4038.0696792618087,,1,0,0,91.92423943802103
1456237800,4162.54,4038.0696792618087,,1,0,0,90.55179376387669
1456324200,4200.66,4038.0696792618087,,1,0,0,92.50237992359976
1456410600,4241.06,4038.0696792618087,,1,0,0,90.75220992905692
1456497000,4235.62,4082.1769260636725,,1,0,0,87.73705207698141
1456756200,4201.12,4082.1769260636725,,1,0,0,85.98154835719708
1456842600,4333.61,4104.702910111576,,1,0,0,89.30358061739727
1456929000,4334.39,4153.831619100418,,1,0,0,85.37761057329747
1457015400,4325.86,4158.305457190376,,1,0,0,81.99849553234769
1457101800,4329,4177.807411471338,,1,0,0,80.06931728003713
1457361000,4303.33,4177.807411471338,,1,0,0,78.5443660457487
1457447400,4265.51,4177.807411471338,,1,0,0,76.50691132819527
1457533800,4293.23,4177.807411471338,,1,0,0,73.55284623332416
1457620200,4286.97,4177.807411471338,,1,0,0,75.67407150237243
1457706600,4361.83,4197.754359949711,,1,0,0,75.61592353791723
1457962200,4367.33,4227.69792395474,,1,0,0,72.41478614235173
1458048600,4367.08,4227.69792395474,,1,0,0,69.48730141789805
1458135000,4404.2,4260.0394184033385,,1,0,0,68.69320845947676
1458221400,4400.26,4273.5359765630055,,1,0,0,66.37297928379986
1458307800,4410.83,4288.428878906705,,1,0,0,63.994909334957015
1458567000,4426.98,4305.056991016035,,1,0,0,61.57313009674574
1458653400,4437.62,4316.805791914431,,1,0,0,60.710763661263904
1458739800,4402.56,4316.805791914431,,1,0,0,59.421423399745045
1458826200,4405.53,4316.805791914431,,1,0,0,57.41132172833466
1459171800,4398.07,4316.805791914431,,1,0,0,55.059798747739315
1459258200,4467.72,4323.175731075058,,1,0,0,57.37695598004365
1459344600,4490.88,4395.555157967552,,1,0,0,56.88217341004052
1459431000,4483.66,4395.555157967552,,1,0,0,54.68416102360903
1459517400,4532.08,4395.555157967552,,1,0,0,56.65029237906553
1459776600,4511.7,4417.412445158346,,1,0,0,54.7309857805609
1459863000,4470.75,4417.412445158346,,1,0,0,54.15448679623511
1459949400,4543.78,4417.412445158346,,1,0,0,55.560594882218325
1460035800,4475.29,4417.412445158346,,1,0,0,57.59626667634556
1460122200,4474.93,4417.412445158346,,1,0,0,57.507247628035124
1460381400,4458.71,4417.412445158346,,1,0,0,57.516015654604054
1460467800,4496.04,4417.412445158346,,1,0,0,58.324871679275205
1460554200,4554.72,4426.348797082656,,1,0,0,58.73523798789838
1460640600,4554.62,4445.828417374391,,1,0,0,56.54486384590562
1460727000,4543.16,4445.828417374391,,1,0,0,54.50023071405523
1460986200,4569.32,4448.933468073256,,1,0,0,53.42664280590844
1461072600,4537.09,4448.933468073256,,1,0,0,53.781882605486445
1461159000,4540.44,4448.933468073256,,1,0,0,52.68603384795174
1461245400,4540.8,4448.933468073256,,1,0,0,51.4813171445266
1461331800,4474.19,4448.933468073256,,1,0,0,54.99408020563184
1461591000,4474.13,4448.933468073256,,1,0,0,52.630217333801035
1461677400,4452.97,4448.933468073256,,1,0,0,52.49091609567241
1461763800,4416.63,,4509.6226161948125,1,0,0,53.87013637455296
1461850200,4363.99,,4509.6226161948125,1,0,0,56.58655520494201
1461936600,4341.3,,4455.528069117798,1,0,0,57.249658404589
1462195800,4381.3,,4455.528069117798,1,0,0,56.901825661404075
1462282200,4341.39,,4455.528069117798,1,0,0,56.51883811416092
1462368600,4312.01,,4424.666207386876,1,0,0,55.36177824886376
1462455000,4309.48,,4422.086086648187,1,0,0,53.80093694537351
1462541400,4330.17,,4410.916977983368,1,0,0,53.40372716356109
1462800600,4341.23,,4410.916977983368,1,0,0,51.872746651878174
1462887000,4402.04,,4410.916977983368,1,0,0,52.657550462458346
1462973400,4361.03,,4410.916977983368,1,0,0,52.26772542942566
1463059800,4342.81,,4410.916977983368,1,0,0,53.17574504160951
1463146200,4326.53,,4410.916977983368,1,0,0,52.630334681494546
1463405400,4380.48,,4410.916977983368,1,0,0,53.81173934710208
1463491800,4322.56,,4410.916977983368,1,0,0,55.2451865365948
1463578200,4338.23,,4410.916977983368,1,0,0,55.240530355409476
1463664600,4315.58,,4410.916977983368,1,0,0,55.14192104430877
1463751000,4362.9,,4410.916977983368,1,0,0,55.80321239828669
1464010200,4355.1,,4410.916977983368,1,0,0,53.891554369837635
1464096600,4444.3,4299.5866757066915,,1,0,0,56.764300486277776
1464183000,4476.43,4358.217508136022,,1,0,0,55.86827902297224
1464269400,4487.96,4375.730257322421,,1,0,0,53.6112590927599
1464355800,4512.54,4400.385731590178,,1,0,0,51.53759772899133
1464701400,4523.89,4415.98915843116,,1,0,0,49.941340748349134
1464787800,4520.07,4424.432742588044,,1,0,0,48.346244980609946
1464874200,4531.35,4424.432742588044,,1,0,0,47.98365605342355
1464960600,4509.79,4424.432742588044,,1,0,0,48.16696633532188
1465219800,4523.63,4434.800264346684,,1,0,0,46.63789731137034
1465306200,4513.09,4437.908237912016,,1,0,0,44.79804750341532
1465392600,4520.63,4437.908237912016,,1,0,0,43.29104411031421
1465479000,4512.69,4437.908237912016,,1,0,0,42.046683816720325
1465565400,4461.05,4437.908237912016,,1,0,0,43.711920686954564
1465824600,4422.76,,4523.2929511059265,1,0,0,43.556069209315
1465911000,4424.91,,4500.058155995333,1,0,0,43.82349283722102
1465997400,4409.51,,4500.058155995333,1,0,0,43.19538620599093
1466083800,4424.23,,4482.764706356221,1,0,0,44.83214433413447
1466170200,4374.38,,4477.604735720599,1,0,0,45.95841973883911
1466429400,4400.16,,4477.604735720599,1,0,0,47.65353261463629
1466515800,4413.404233,,4477.604735720599,1,0,0,45.96613742787654
1466602200,4404.73,,4477.604735720599,1,0,0,45.621413325885385
1466688600,4467.48,,4477.604735720599,1,0,0,46.84488380260786
1466775000,4285.7,,4446.725218095656,1,0,0,57.280249245278696
1467034200,4201.05,,4346.15419628609,1,0,0,60.75737429918736
1467120600,4290.47,,4346.15419628609,1,0,0,62.8732761349597
1467207000,4364.74,4208.448401008267,,1,0,0,64.34589926817685
1467293400,4417.7,4251.346560907439,,1,0,0,63.92047789187853
1467379800,4437.44,4300.713404816695,,1,0,0,62.36187232817288
1467725400,4410.75,4300.713404816695,,1,0,0,61.54173859044619
1467811800,4444.7,4300.713404816695,,1,0,0,62.25375726255712
1467898200,4459.58,4330.240222111372,,1,0,0,59.91491745808877
1467984600,4528.36,4378.098699900235,,1,0,0,60.64528049679674
1468243800,4554.71,4436.317829910211,,1,0,0,59.28561760416844
1468330200,4577.61,4463.94504691919,,1,0,0,57.44593063244211
1468416600,4565.77,4469.06554222727,,1,0,0,55.07479273012482
1468503000,4596.49,4489.548488004543,,1,0,0,53.92587896368732
1468589400,4589.83,4492.918639204089,,1,0,0,52.02688760913823
1468848600,4619.68,4511.628775283681,,1,0,0,51.00639563705691
1468935000,4603.28,4513.300897755313,,1,0,0,49.09879594869572
1469021400,4657.2,4548.510307979781,,1,0,0,50.04816766664605
1469107800,4647.02,4558.047277181802,,1,0,0,49.00615569045705
1469194200,4666.07,4561.438549463623,,1,0,0,48.02857314113867
1469453400,4665.93,4573.179694517261,,1,0,0,45.782960773914496
1469539800,4672.11,4583.560225065535,,1,0,0,45.29703500434914
1469626200,4702.88,4615.433202558981,,1,0,0,45.20153250403849
1469712600,4721.41,4628.348882303083,,1,0,0,44.09428018232144
1469799000,4730.23,4649.690994072775,,1,0,0,42.90754588358417
1470058200,4756.04,4668.445894665497,,1,0,0,42.59343546332817
1470144600,4719.21,4668.445894665497,,1,0,0,44.30033293023329
1470231000,4734.33,4668.445894665497,,1,0,0,42.72388057807374
1470317400,4743.81,4668.445894665497,,1,0,0,41.82074625106846
1470403800,4791.21,4699.614490990032,,1,0,0,42.83712151884924
1470663000,4784.74,4703.50104189103,,1,0,0,41.485898553217154
1470749400,4795.75,4722.629937701927,,1,0,0,40.39904865655882
1470835800,4783.39,4722.629937701927,,1,0,0,39.50625946680465
1470922200,4803.31,4729.37629953856,,1,0,0,38.82509807631856
1471008600,4807.08,4730.236169584705,,1,0,0,37.2690196422958
1471267800,4827.12,4757.045552626234,,1,0,0,36.79194681070326
1471354200,4797.19,4757.045552626234,,1,0,0,36.32109346708158
1471440600,4805.45,4757.045552626234,,1,0,0,36.19958679086146
1471527000,4808.68,4757.045552626234,,1,0,0,35.060330591514216
1471613400,4806.14,4757.045552626234,,1,0,0,34.679592692120316
1471872600,4808.56,4757.045552626234,,1,0,0,34.08105035696882
1471959000,4818.48,4764.269228073238,,1,0,0,33.63883247432815
1472045400,4783.49,4764.269228073238,,1,0,0,34.84820158330475
1472131800,4775.43,4764.269228073238,,1,0,0,34.106901470211575
1472218200,4783.69,4764.269228073238,,1,0,0,35.77640850805357
1472477400,4791.09,4764.269228073238,,1,0,0,34.701665043192634
1472563800,4775.99,4764.269228073238,,1,0,0,34.890117540107454
1472650200,4771.05,4764.269228073238,,1,0,0,34.13368057295693
1472736600,4783.94,4764.269228073238,,1,0,0,34.388417674888565
1472823000,4798.74,4764.269228073238,,1,0,0,34.438530698110824
1473168600,4829.51,4764.269228073238,,1,0,0,34.27649279110291
1473255000,4831.86,4764.269228073238,,1,0,0,33.656743306024154
1473341400,4804,4764.269228073238,,1,0,0,34.15554735559382
1473427800,4681.53,,4812.232593729568,1,0,0,40.46372254447999
1473687000,4764.65,,4812.232593729568,1,0,0,45.854170934159946
1473773400,4722.84,,4812.232593729568,1,0,0,47.06887301029135
1473859800,4746.06,,4812.232593729568,1,0,0,47.103239223841975
1473946200,4819.9,4680.213446254031,,1,0,0,49.45015070785326
1474032600,4818.05,4706.076601628627,,1,0,0,47.89299708586378
1474291800,4796.07,4712.5824414657645,,1,0,0,48.49492586544498
1474378200,4805.22,4712.651197319188,,1,0,0,47.041002589341794
1474464600,4853.75,4727.591577587269,,1,0,0,48.014502404388814
1474551000,4891.36,4787.005919828542,,1,0,0,47.56703794693247
1474637400,4858.91,4787.005919828542,,1,0,0,46.88010666500871
1474896600,4817.17,4787.005919828542,,1,0,0,46.85938476036524
1474983000,4866.71,4787.005919828542,,1,0,0,47.59085727748203
1475069400,4875.27,4787.005919828542,,1,0,0,46.13865318623333
1475155800,4838.3,4787.005919828542,,1,0,0,46.87874938721666
1475242200,4875.7,4787.005919828542,,1,0,0,47.16812443098685
1475501400,4866.63,4787.005919828542,,1,0,0,45.762544114487774
1475587800,4859.47,4787.005919828542,,1,0,0,46.049505249167204
1475674200,4877.75,4791.111119045554,,1,0,0,45.03739773136955
1475760600,4873.92,4791.111119045554,,1,0,0,44.137583607700336
1475847000,4864.52,4791.111119045554,,1,0,0,44.11132763572171
1476106200,4893.77,4808.39380578421,,1,0,0,43.831947090313
1476192600,4821.91,4808.39380578421,,1,0,0,47.09609372671927
1476279000,4819.63,4808.39380578421,,1,0,0,45.89065846052505
1476365400,4803.1,,4883.3043705833115,1,0,0,46.867039999059
1476451800,4808.49,,4883.3043705833115,1,0,0,46.582965713411895
1476711000,4796.17,,4883.3043705833115,1,0,0,45.000611019596775
1476797400,4839.72,,4883.3043705833115,1,0,0,46.394138803911304
1476883800,4836.61,,4883.3043705833115,1,0,0,44.10812888934617
1476970200,4832.71,,4883.3043705833115,1,0,0,43.563262540107125
1477056600,4851.86,,4883.3043705833115,1,0,0,42.65374378724233
1477315800,4909.97,4809.279815135551,,1,0,0,43.87347637386791
1477402200,4891.45,4815.447833621995,,1,0,0,42.58679949002025
1477488600,4860.59,4815.447833621995,,1,0,0,42.759885240733105
1477575000,4836.45,4815.447833621995,,1,0,0,43.57275058068076
1477661400,4805.59,,4910.0214192895655,1,0,0,44.35112553920358
1477920600,4801.27,,4896.936777360609,1,0,0,42.80890228640334
1478007000,4766.94,,4861.576099624548,1,0,0,45.79898069451739
1478093400,4726.91,,4840.424989662092,1,0,0,46.534053502051805
1478179800,4679.1,,4799.792990695883,1,0,0,47.43519253761951
1478266200,4660.46,,4770.286191626295,1,0,0,47.643393070646646
1478529000,4773.73,4643.335927536335,,1,0,0,52.56886499417191
1478615400,4804.92,4677.5788347827,,1,0,0,53.65180320887395
1478701800,4825.18,4677.5788347827,,1,0,0,55.93310297966861
1478788200,4747.03,4677.5788347827,,1,0,0,64.0843099096923
1478874600,4751.95,4677.5788347827,,1,0,0,62.92543063042854
1479133800,4702.04,4677.5788347827,,1,0,0,63.84932844254082
1479220200,4764.47,4677.5788347827,,1,0,0,64.76080498235932
1479306600,4792.27,4677.5788347827,,1,0,0,63.82289034076223
1479393000,4826.59,4677.5788347827,,1,0,0,62.48054103070776
1479479400,4808.04,4696.97419617271,,1,0,0,60.61550238565726
1479738600,4859,4716.976276555439,,1,0,0,60.15653792953885
1479825000,4873.84,4756.197648899894,,1,0,0,57.69035664885751
1479911400,4853.86,4756.197648899894,,1,0,0,56.516045459653405
1480084200,4870.02,4756.480545608914,,1,0,0,53.754899355392425
1480343400,4857.02,4765.617491048024,,1,0,0,51.78383511572152
1480429800,4873.21,4773.038741943221,,1,0,0,51.49070403602708
1480516200,4810.81,4773.038741943221,,1,0,0,52.809225176310854
1480602600,4734.1,,4877.79391902599,1,0,0,55.26856623514584
1480689000,4739.37,,4847.454027123391,1,0,0,54.00795436120684
1480948200,4778.14,,4847.454027123391,1,0,0,54.14381476397777
1481034600,4788.67,,4847.454027123391,1,0,0,52.21854228083647
1481121000,4851.94,4699.978774227046,,1,0,0,54.837217832205305
1481207400,4859.19,4752.084896804343,,1,0,0,52.814559415619236
1481293800,4895.9,4785.806407123909,,1,0,0,51.7599480287893
1481553000,4874.3,4785.806407123909,,1,0,0,51.03638031244715
1481639400,4935.84,4818.4486897703655,,1,0,0,53.54663886155803
1481725800,4921.22,4827.927320793329,,1,0,0,52.89973608573244
1481812200,4933.41,4837.267088713997,,1,1,0,51.98475493675149
1481898600,4914.86,4837.267088713997,,1,0,0,51.68298672698354
1482157800,4934.85,4837.267088713997,,1,0,0,51.65205910362757
1482244200,4953.8,4855.846292672503,,1,0,0,49.86976916765416
1482330600,4948.9,4856.623163405253,,1,0,0,47.67978565567887
1482417000,4934.39,4856.623163405253,,1,0,0,46.52908668027322
1482503400,4940.02,4856.623163405253,,1,0,0,44.42700906025373
1482849000,4965.81,4884.729941122429,,1,0,0,44.972222698807
1482935400,4926.29,4884.729941122429,,1,0,0,45.78420679174936
1483021800,4918.28,4884.729941122429,,1,0,0,44.687477735195856
1483108200,4863.62,,4981.837067921749,1,0,0,46.726229325538974
1483453800,4911.33,,4981.837067921749,1,0,0,48.02221294514332
1483540200,4937.2,,4981.837067921749,1,0,0,46.97848344906164
1483626600,4964.95,,4981.837067921749,1,0,0,45.94859177412864
1483713000,5007.08,4896.056008236541,,1,0,0,47.1579780759766
1483972200,5024.9,4932.253407412887,,1,0,0,45.6638367848354
1484058600,5035.17,4946.063566671598,,1,0,0,44.80499130020432
1484145000,5050.21,4946.063566671598,,1,0,0,44.287491921618326
1484231400,5041.43,4946.063566671598,,1,0,0,45.06267107007419
1484317800,5059.51,4971.937130103594,,1,0,0,43.66676599364028
1484663400,5044.65,4971.937130103594,,1,0,0,42.68342556552316
1484749800,5055.85,4971.937130103594,,1,0,0,40.993180882271474
1484836200,5051.17,4982.50365284552,,1,0,0,40.722239390680635
1484922600,5063.2,4991.040287560969,,1,0,0,40.33636514848914
1485181800,5065.7,4991.040287560969,,1,0,0,40.151624780739915
1485268200,5101.06,5010.917832924385,,1,0,0,40.32079443925852
1485354600,5151.47,5061.026549631946,,1,0,0,41.16359483645433
1485441000,5156.92,5082.597894668751,,1,0,0,39.60548091956469
1485527400,5168.06,5088.520605201877,,1,0,0,38.365803711024355
1485786600,5129.33,5088.520605201877,,1,0,0,40.60538916023692
1485873000,5116.77,5088.520605201877,,1,0,0,40.77643279164857
1485959400,5152.69,5088.520605201877,,1,0,0,41.12740187795936
1486045800,5147.7,5088.520605201877,,1,0,0,40.604016029533696
1486132200,5161.6,5088.520605201877,,1,0,0,38.98158631313846
1486391400,5167.96,5088.520605201877,,1,0,0,37.618615862199974
1486477800,5185.88,5114.938160495682,,1,0,0,36.95371472918572
1486564200,5196.58,5115.426844446113,,1,0,0,36.642020819958184
1486650600,5212.16,5140.871660001501,,1,0,0,35.84973361853261
1486737000,5226.69,5157.9519940013515,,1,0,0,34.86832407435175
1486996200,5256.82,5185.525794601216,,1,0,0,34.929872354755226
1487082600,5271.07,5188.847215141095,,1,0,0,34.74988147227277
1487169000,5302.39,5216.966993626985,,1,0,0,35.11774708139618
1487255400,5300.64,5235.634294264286,,1,0,0,34.698622289867885
1487341800,5324.72,5241.728364837858,,1,0,0,34.5787206977345
1487687400,5350.73,5276.293528354073,,1,0,0,34.14024064789629
1487773800,5352.13,5282.509675518664,,1,0,0,33.053794887332224
1487860200,5332.37,5282.509675518664,,1,0,0,34.15995239537992
1487946600,5343.31,5282.509675518664,,1,0,0,34.52709865285279
1488205800,5347.55,5282.509675518664,,1,0,0,33.90016303479188
1488292200,5330.31,5282.509675518664,,1,0,0,33.682294246592484
1488378600,5390.99,5304.400749647017,,1,0,0,36.14213037183587
1488465000,5363.26,5304.400749647017,,1,0,0,36.0934067738476
1488551400,5373.48,5304.400749647017,,1,0,0,35.58673486142991
1488810600,5360.31,5304.400749647017,,1,0,0,35.53553951418491
1488897000,5351.28,5304.400749647017,,1,0,0,35.27085812031456
1488983400,5359.8,5304.400749647017,,1,0,0,34.68293968314929
1489069800,5363.98,5304.400749647017,,1,0,0,34.67558684863862
1489156200,5385.9,5311.550284847344,,1,0,0,34.3901877880216
1489411800,5394.57,5325.284256362609,,1,0,0,32.96017437459148
1489498200,5382.17,5325.284256362609,,1,0,0,33.02516191926351
1489584600,5416.25,5333.295597653714,,1,0,0,34.30622178217326
1489671000,5412.08,5345.329037888343,,1,0,0,33.5979202263037
1489757400,5408.76,5352.228634099509,,1,1,0,32.374497352996244
1490016600,5413.31,5352.228634099509,,1,0,0,31.941318970639397
1490103000,5332.53,,5461.936056379399,1,0,0,37.57908190130801
1490189400,5367.55,,5428.7759507414585,1,0,0,38.11057605121461
1490275800,5355.14,,5428.7759507414585,1,0,0,37.469106333270716
1490362200,5364,,5428.7759507414585,1,0,0,38.102741595179964
1490621400,5374.27,,5428.7759507414585,1,0,0,40.18111719552424
1490707800,5407.21,,5428.7759507414585,1,0,0,41.52246596727251
1490794200,5430.27,5334.841860646676,,1,0,0,40.57514696961014
1490880600,5439.74,5355.713674582009,,1,0,0,39.19192218606656
1490967000,5436.23,5362.527807123808,,1,0,0,38.106784887061806
1491226200,5432.2,5362.527807123808,,1,0,0,38.965585966557335
1491312600,5440.41,5362.527807123808,,1,0,0,38.04232982608895
1491399000,5418.52,5362.527807123808,,1,0,0,40.38359198136829
1491485400,5420.88,5362.527807123808,,1,0,0,39.44119255412773
1491571800,5418.37,5362.527807123808,,1,0,0,39.059678800261494
1491831000,5421.68,5362.527807123808,,1,0,0,38.85041602881425
1491917400,5398.4,5362.527807123808,,1,0,0,40.62181488389893
1492003800,5377.03,5362.527807123808,,1,0,0,39.81382810647761
1492090200,5353.59,,5458.065310050157,1,0,0,40.21284038458633
1492435800,5399.2,,5458.065310050157,1,0,0,40.59835178568728
1492522200,5391.66,,5458.065310050157,1,0,0,39.67204094385248
1492608600,5399.64,,5458.065310050157,1,0,0,39.64832373357731
1492695000,5443.53,,5458.065310050157,1,0,0,40.83344346689319
1492781400,5442.05,,5458.065310050157,1,0,0,39.38748321925798
1493040600,5508.03,5418.687337071634,,1,0,0,41.68266298931095
1493127000,5548.19,5452.950103364472,,1,0,0,42.26961563293163
1493213400,5541.09,5467.686593028024,,1,0,0,41.106071659150835
1493299800,5571.28,5481.006933725223,,1,0,0,40.46778082635435
1493386200,5583.53,5508.602740352699,,1,0,0,39.62865362447191
1493645400,5629.63,5537.90296631743,,1,0,0,40.86589265129533
1493731800,5644.07,5557.124169685686,,1,0,0,39.34618603334568
1493818200,5625.16,5557.124169685686,,1,0,0,39.100744173820985
1493904600,5626.32,5557.124169685686,,1,0,0,38.26783387569089
1493991000,5646.09,5559.811134700866,,1,0,0,37.426560027427236
1494250200,5659.07,5578.590521230779,,1,0,0,36.25823431118241
1494336600,5678.31,5608.226969107701,,1,0,0,35.96407471752655
1494423000,5681.68,5608.226969107701,,1,0,0,34.98092652341756
1494509400,5674.22,5608.226969107701,,1,0,0,35.64514605745921
1494595800,5686.81,5614.503615479514,,1,0,0,34.19834991049786
1494855000,5704.48,5631.4537539315625,,1,0,0,33.43489634546225
1494941400,5724.44,5649.938878538405,,1,0,0,32.85383232078639
1495027800,5580.55,,5718.615009315434,1,0,0,40.955701440730195
1495114200,5626.31,,5698.74550838389,1,0,0,43.502437052106586
1495200600,5651.56,,5698.74550838389,1,0,0,43.775120119813245
1495459800,5699.4,5588.408288209048,,1,0,0,44.183325825540855
1495546200,5703.35,5614.4844593881435,,1,0,0,42.909516838002254
1495632600,5730.3,5633.024513449329,,1,0,0,41.93169420671633
1495719000,5778.37,5676.148062104397,,1,0,0,43.424430334808015
1495805400,5788.36,5696.409755893957,,1,0,0,41.64268531089312
1496151000,5794.63,5710.869780304562,,1,0,0,39.99820778868646
1496237400,5788.8,5710.869780304562,,1,0,0,40.762621518065984
1496323800,5816.51,5717.130722046695,,1,0,0,40.47314855248984
1496410200,5881.46,5767.607149842025,,1,0,0,42.22149508445484
1496669400,5878.12,5799.045434857823,,1,0,0,40.4792454355652
1496755800,5856.77,5799.045434857823,,1,0,0,40.627870761596284
1496842200,5877.59,5799.045434857823,,1,0,0,40.38516570719652
1496928600,5885.3,5799.045434857823,,1,0,0,40.53836815668253
1497015000,5741.94,,5898.720478689783,1,0,0,54.7806275740623
1497274200,5708.18,,5805.385930820805,1,0,0,58.62486846162924
1497360600,5751.82,,5805.385930820805,1,0,0,58.177377857227135
1497447000,5727.07,,5805.385930820805,1,0,0,60.581850867425146
1497533400,5700.89,,5805.385930820805,1,0,0,62.86100437689476
1497619800,5681.48,,5805.385930820805,1,1,0,61.53307549283088
1497879000,5772.22,,5805.385930820805,1,0,0,63.915712957628706
1497965400,5726.31,,5805.385930820805,1,0,0,62.72244774636952
1498051800,5782.39,,5805.385930820805,1,0,0,62.42870147877168
1498138200,5779.87,,5805.385930820805,1,0,0,60.44022280171657
1498224600,5803.11,,5805.385930820805,1,0,0,59.73806403016543
1498483800,5777.59,,5805.385930820805,1,0,0,61.13391659943931
1498570200,5671.6,,5805.385930820805,1,0,0,64.3379225566222
1498656600,5753.03,,5805.385930820805,1,0,0,66.64949951686346
1498743000,5653.02,,5805.385930820805,1,0,0,72.85953526565893
1498829400,5646.92,,5805.385930820805,1,0,0,70.809568460969
1499088600,5596.96,,5793.414420634431,1,0,0,72.35531357089978
1499261400,5648.82,,5781.8114785709895,1,0,0,72.18279117297841
1499347800,5597.9,,5755.93933071389,1,0,0,71.9683060891942
1499434200,5656.47,,5755.93933071389,1,0,0,72.19342708282325
1499693400,5694.15,,5755.93933071389,1,0,0,71.20532514833585
1499779800,5709.8,,5755.93933071389,1,0,0,69.7363733520261
1499866200,5778.95,5623.233053118617,,1,0,0,70.12663239830995
1499952600,5793.36,5655.805247806755,,1,0,0,67.2290157984307
1500039000,5838.08,5690.00172302608,,1,0,0,66.10122895568568
1500298200,5839.74,5720.276050723472,,1,0,0,63.55042688742244
1500384600,5880.1,5724.252945651125,,1,0,0,63.46468210974943
1500471000,5916.16,5787.891151086012,,1,0,0,61.95077624476729
1500557400,5921.22,5798.452535977411,,1,0,0,60.097149370141054
1500643800,5921.52,5798.452535977411,,1,0,0,58.038067272273864
1500903000,5941.37,5824.375854141703,,1,0,0,56.59534818139717
1500989400,5930.65,5828.365268727533,,1,0,0,54.6078233112974
1501075800,5950.73,5849.950241854778,,1,0,0,52.402264503347624
1501162200,5917.03,5849.950241854778,,1,0,0,59.282102753108525
1501248600,5908.92,5849.950241854778,,1,0,0,58.57552398502936
1501507800,5880.33,5849.950241854778,,1,0,0,58.71870084324155
1501594200,5895.17,5849.950241854778,,1,0,0,56.3073650687243
1501680600,5914.23,5849.950241854778,,1,0,0,57.75183899238683
1501767000,5891.2,5849.950241854778,,1,0,0,56.32313620721634
1501853400,5899.91,5849.950241854778,,1,0,0,54.835769335272325
1502112600,5934.73,5849.950241854778,,1,0,0,53.55321438275288
1502199000,5926.35,5849.950241854778,,1,0,0,54.18727049827055
1502285400,5919.39,5849.950241854778,,1,0,0,54.61532260553696
1502371800,5788.19,,5958.280774469659,1,0,0,60.43065670514151
1502458200,5831.53,,5937.474197022692,1,0,0,60.3534669404885
1502717400,5908.17,,5937.474197022692,1,0,0,62.099647873310765
1502803800,5907.73,,5937.474197022692,1,0,0,59.513958739502826
1502890200,5917.42,,5937.474197022692,1,0,0,58.50724740096685
1502976600,5796.32,,5937.474197022692,1,0,0,62.97815830089781
1503063000,5790.91,,5929.21588644993,1,0,0,62.83257556511937
1503322200,5786.54,,5903.905297804937,1,0,0,62.18739159618229
1503408600,5873.33,,5903.905297804937,1,0,0,64.34972076788355
1503495000,5851.78,,5903.905297804937,1,0,0,62.08331214160615
1503581400,5834.44,,5903.905297804937,1,0,0,62.584504131491386
1503667800,5822.53,,5903.905297804937,1,0,0,62.03346812209914
1503927000,5838.08,,5903.905297804937,1,0,0,59.811791827663505
1504013400,5862.14,,5903.905297804937,1,0,0,61.72309241140181
1504099800,5932.9,5775.421536494322,,1,0,0,62.916442953444495
1504186200,5988.6,5843.40988284489,,1,0,0,62.8902684567699
1504272600,5987.9,5868.910894560402,,1,0,0,61.065249281286285
1504618200,5932.73,5868.910894560402,,1,0,0,63.67844576119438
1504704600,5951.13,5868.910894560402,,1,0,0,63.019985349680496
1504791000,5964.31,5868.910894560402,,1,0,0,61.10855782470327
1504877400,5913.37,5868.910894560402,,1,0,0,60.76866083722449
1505136600,5980.53,5868.910894560402,,1,0,0,61.96375649170845
1505223000,5995.64,5868.910894560402,,1,0,0,60.029202456586425
1505309400,6004.38,5876.772930148467,,1,0,0,57.8549737096874
1505395800,5968.82,5876.772930148467,,1,0,0,56.53104701613828
1505482200,5988,5876.772930148467,,1,0,0,56.17811508641406
1505741400,5981.12,5880.1423510782315,,1,0,0,55.721106865955896
1505827800,5991.08,5882.165115970409,,1,0,0,53.67459923267331
1505914200,5973.6,5882.165115970409,,1,0,0,54.61427071605378
1506000600,5934.91,5882.165115970409,,1,0,0,54.84610852204998
1506087000,5932.32,5882.165115970409,,1,0,0,52.79352934190359
1506346200,5867.35,,5983.809351911814,1,0,0,55.62470581748187
1506432600,5881.34,,5983.809351911814,1,0,0,54.900083973376056
1506519000,5937.79,,5983.809351911814,1,0,0,56.436506546706326
1506605400,5933.07,,5983.809351911814,1,0,0,54.59104179337019
1506691800,5979.3,,5983.809351911814,1,0,0,54.22025309384379
1506951000,5981.92,,5983.809351911814,1,0,0,53.87380644428351
1507037400,5995.06,5888.428542400633,,1,0,0,51.635677412548965
1507123800,5998.84,5896.68468816057,,1,0,0,50.353843311652646
1507210200,6057.14,5938.2637193445125,,1,0,0,51.06928307510602
1507296600,6064.57,5956.4613474100615,,1,0,0,49.39647714116985
1507555800,6058.53,5974.625712669056,,1,0,0,47.83030020251488
1507642200,6063.52,5974.625712669056,,1,0,0,47.80099304519239
1507728600,6081.25,5979.591577261934,,1,0,0,46.51592211339296
1507815000,6069.99,5993.578919535741,,1,0,0,45.35692767672203
1507901400,6092.45,6010.998527582167,,1,0,0,44.26500427124193
1508160600,6114.53,6026.672174823951,,1,0,0,42.75178968043893
1508247000,6122.61,6038.390957341555,,1,0,0,41.06666184612185
1508333400,6114.35,6046.2778616074,,1,0,0,39.750471714255966
1508419800,6092.62,6046.2778616074,,1,0,0,41.402580877523405
1508506200,6108.82,6046.2778616074,,1,0,0,40.58382510055748
1508765400,6067.83,6046.2778616074,,1,0,0,42.05355187908908
1508851800,6080.22,6046.2778616074,,1,0,0,41.42115531629705
1508938200,6055.04,6046.2778616074,,1,0,0,43.91535850799013
1509024600,6037.87,,6135.009886959501,1,0,0,42.96854718599082
1509111000,6213.47,6064.1651017364475,,1,0,0,53.15936524413436
1509370200,6227.59,6115.789591562804,,1,0,0,52.8136962981248
1509456600,6248.56,6137.8086324065225,,1,0,0,51.24343227683017
1509543000,6248.65,6144.825269165871,,1,0,0,51.30318711419944
1509629400,6236.39,6144.825269165871,,1,0,0,51.500816606042314
1509715800,6295.58,6159.9626680243555,,1,0,0,52.19575827703926
1509978600,6313.61,6202.95690122192,,1,0,0,50.377489828679295
1510065000,6320.78,6216.217211099728,,1,0,0,48.85409769805936
1510151400,6345.81,6232.073989989754,,1,0,0,48.1045192910551
1510237800,6312.21,6232.073989989754,,1,0,0,51.63419648455119
1510324200,6309.07,6232.073989989754,,1,0,0,50.01389673565466
1510583400,6316.18,6232.073989989754,,1,0,0,49.24218982596505
1510669800,6293.64,6232.073989989754,,1,0,0,49.46846198125325
1510756200,6258.36,6232.073989989754,,1,0,0,50.62428612544949
1510842600,6339.14,6232.073989989754,,1,0,0,53.730408545060286
1510929000,6314.51,6232.073989989754,,1,0,0,52.54109364898461
1511188200,6308.61,6232.073989989754,,1,0,0,50.410301245485705
1511274600,6378.63,6252.833943374972,,1,0,0,51.91385115652245
1511361000,6386.12,6282.768049037474,,1,0,0,49.59286178819942
1511533800,6409.29,6306.341244133727,,1,0,0,47.81122880332807
1511793000,6405.97,6316.100619720355,,1,0,0,46.410426745947476
1511879400,6422.56,6316.527557748319,,1,0,0,46.00396769266553
1511965800,6311.37,,6454.902198026512,1,0,0,52.94654142890376
1512052200,6365.56,,6454.902198026512,1,0,0,53.65178846969633
1512138600,6337.87,,6428.712130401475,1,0,0,58.44237500757519
1512397800,6263.7,,6428.712130401475,1,0,0,63.12220536417696
1512484200,6265.11,,6428.712130401475,1,0,0,65.84847640959289
1512570600,6293.05,,6411.584833062676,1,0,0,66.13644238033626
1512657000,6316.28,,6411.584833062676,1,0,0,64.45812506745513
1512743400,6344.57,,6411.584833062676,1,0,0,64.23040184835122
1513002600,6393.89,,6411.584833062676,1,0,0,63.20394457346903
1513089000,6383.65,,6411.584833062676,1,0,0,60.961519961078416
1513175400,6394.67,,6411.584833062676,1,0,0,58.97712567814426
1513261800,6389.91,,6411.584833062676,1,0,0,57.43804527256255
1513348200,6466.32,6318.590563355105,,1,1,0,59.12175632452238
1513607400,6513.27,6390.218007019595,,1,0,0,58.925916587056506
1513693800,6480.67,6390.218007019595,,1,0,0,58.32263683083822
1513780200,6472.48,6390.218007019595,,1,0,0,58.20101991434977
1513866600,6472.69,6390.218007019595,,1,0,0,56.45380420618198
1513953000,6465.17,6390.218007019595,,1,0,0,54.11353247716895
1514298600,6433.16,6390.218007019595,,1,0,0,54.33256587165691
1514385000,6435.15,6390.218007019595,,1,0,0,52.09595402368138
1514471400,6441.42,6390.218007019595,,1,0,0,49.75981445056124
1514557800,6396.42,6390.218007019595,,1,0,0,49.499113418378265
1514903400,6511.34,6390.218007019595,,1,0,0,54.29203388849413
1514989800,6575.8,6438.687267759845,,1,0,0,55.26474575360169
1515076200,6584.58,6485.060040983861,,1,0,0,53.272263914058705
1515162600,6653.29,6521.438536885474,,1,0,0,54.49567363448306
1515421800,6676.63,6560.826183196928,,1,0,0,52.82598266059141
1515508200,6677.94,6576.084564877234,,1,0,0,51.75626961340627
1515594600,6662.66,6576.084564877234,,1,0,0,52.24439321244863
1515681000,6708.49,6585.00334755056,,1,0,0,51.786222268702296
1515767400,6758.54,6624.607512795505,,1,0,0,52.97720639236636
1516113000,6737.14,6659.4857615159535,,1,0,0,57.52740593576879
1516199400,6810.28,6659.4857615159535,,1,0,0,59.33973408321385
1516285800,6811.38,6686.867966827923,,1,0,0,58.10618164869855
1516372200,6834.33,6707.0866701451305,,1,0,0,56.93074010236291
1516631400,6906.28,6744.083503130618,,1,0,0,58.82354438076551
1516717800,6963.46,6826.827652817556,,1,0,0,59.130434067853685
1516804200,6919.35,6826.827652817556,,1,0,0,62.9232602058641
1516890600,6916.3,6826.827652817556,,1,0,0,63.62588447687382
1516977000,7022.97,6841.362133903998,,1,0,0,66.70046415709713
1517236200,6988.32,6861.239420513598,,1,0,0,65.38400243159022
1517322600,6930.73,6861.239420513598,,1,0,0,67.40585940076231
1517409000,6949.99,6861.239420513598,,1,0,0,67.45758372927929
1517495400,6901.5,6861.239420513598,,1,0,0,69.19204203433075
1517581800,6760.29,,6982.519365201028,1,0,0,74.60403903187856
1517841000,6495.92,,6857.931928680925,1,0,0,91.60160767245864
1517927400,6665.98,,6768.1622358128325,1,0,0,106.69649283871162
1518013800,6582.02,,6768.1622358128325,1,0,0,108.70888620737506
1518100200,6306.1,,6739.2015610083945,1,0,0,122.50610862113398
1518186600,6412.68,,6622.407904907555,1,0,0,134.3985294339101
1518445800,6523.85,,6622.407904907555,1,0,0,135.69863447434506
1518532200,6553.86,,6622.407904907555,1,0,0,132.37801772617755
1518618600,6675.03,6300.213607322393,,1,0,0,134.61958788859337
1518705000,6794.92,6433.069246590153,,1,0,0,134.2896173251224
1518791400,6770.66,6515.071321931138,,1,0,0,130.5610732304708
1519137000,6779.69,6515.071321931138,,1,0,0,128.2009965711515
1519223400,6759.26,6547.309620764222,,1,0,0,127.63306824464068
1519309800,6761.85,6547.309620764222,,1,0,0,124.37070622716635
1519396200,6896.6,6581.037542819019,,1,0,0,125.17851292522586
1519655400,6989.1,6703.844288537118,,1,0,0,122.86290485913824
1519741800,6900.35,6703.844288537118,,1,0,0,121.42841165491406
1519828200,6854.42,6703.844288537118,,1,0,0,120.59352510813447
1519914600,6750.54,6703.844288537118,,1,0,0,126.61827331469634
1520001000,6811.04,6703.844288537118,,1,0,0,130.0983966493609
1520260200,6881.28,6703.844288537118,,1,0,0,131.36279688869226
1520346600,6913.02,6703.844288537118,,1,0,0,126.62045425378562
1520433000,6929.39,6703.844288537118,,1,0,0,123.61685037851521
1520519400,6966.43,6717.266771360509,,1,0,0,117.75921820862125
1520605800,7101.18,6816.811594224458,,1,0,0,118.98213119371974
1520861400,7131.12,6907.386934802013,,1,0,0,114.41697896559688
1520947800,7046.51,6907.386934802013,,1,0,0,117.69148046805427
1521034200,7040.98,6907.386934802013,,1,0,0,114.39208900605038
1521120600,7030.97,6907.386934802013,,1,0,0,110.90265407704679
1521207000,7019.95,6907.386934802013,,1,0,0,106.55103592868635
1521466200,6864.88,,7104.133287118761,1,0,0,114.21096193378017
1521552600,6885.92,,7089.204958406884,1,0,0,110.0801789385101
1521639000,6853.45,,7089.204958406884,1,0,0,109.49016615718793
1521725400,6682.26,,6972.076216309576,1,0,0,114.10515428881732
1521811800,6508.09,,6853.046094678619,1,1,0,120.29335755390177
1522071000,6753.83,,6853.046094678619,1,0,0,129.74097487148018
1522157400,6529.84,,6853.046094678619,1,0,0,142.89804809494586
1522243800,6460.81,,6790.8374330207125,1,0,0,143.39390180244973
1522330200,6581.13,,6790.8374330207125,1,0,0,147.8007659594176
1522675800,6390.84,,6778.162920746778,1,0,0,155.70999696231632
1522762200,6458.83,,6745.6036286721,1,0,0,154.6857114650081
1522848600,6560.06,,6745.6036286721,1,0,0,161.63816064607894
1522935000,6594.84,,6745.6036286721,1,0,0,155.94472059993046
1523021400,6433.21,,6745.6036286721,1,0,0,158.57795484279262
1523280600,6472.34,,6745.6036286721,1,0,0,159.46881521116458
1523367000,6615.87,,6745.6036286721,1,0,0,160.0517569817957
1523453400,6583.44,,6745.6036286721,1,0,0,154.0059171973817
1523539800,6656.26,,6745.6036286721,1,0,0,150.0947802547116
1523626200,6628.34,,6745.6036286721,1,0,0,146.87158166508934
1523885400,6675.18,,6745.6036286721,1,0,0,141.48218297472582
1523971800,6816.37,6497.575623272155,,1,0,0,142.742741333674
1524058200,6833.21,6552.885060944939,,1,0,0,137.44968838126871
1524144600,6774.89,6552.885060944939,,1,0,0,133.6418534968924
1524231000,6667.75,6552.885060944939,,1,0,0,133.5288639614001
1524490200,6648.8,6552.885060944939,,1,0,0,131.71251653558576
1524576600,6509.05,,6851.750547514026,1,0,0,138.3151939259011
1524663000,6513.94,,6753.944992762623,1,0,0,136.59196578833675
1524749400,6649.65,,6753.944992762623,1,0,0,138.2432539463127
1524835800,6656.35,,6753.944992762623,1,0,0,137.76302152157604
1525095000,6605.57,,6753.944992762623,1,0,0,136.41566284146344
1525181400,6681.96,,6753.944992762623,1,0,0,134.32525835278744
1525267800,6644.48,,6753.944992762623,1,0,0,130.30202561330262
1525354200,6643.48,,6753.944992762623,1,0,0,130.09688092663816
1525440600,6769.12,6435.101451947615,,1,0,0,133.01638943187825
1525699800,6821.87,6569.290806752853,,1,0,0,129.0395044724584
1525786200,6815.48,6569.290806752853,,1,0,0,124.14882558156849
1525872600,6893.21,6618.9654034698115,,1,0,0,121.60462375431364
1525959000,6963.55,6712.6763631228305,,1,0,0,118.18429348614839
1526045400,6952.56,6735.560726810547,,1,0,0,113.00612966570927
1526304600,6964.37,6780.505154129493,,1,0,0,108.91283468958716
1526391000,6888.54,6780.505154129493,,1,0,0,109.10763221175954
1526477400,6929.97,6780.505154129493,,1,0,0,105.31422991091958
1526563800,6901.63,6780.505154129493,,1,0,0,103.7624992029967
1526650200,6866.25,6780.505154129493,,1,0,0,99.49732068849694
1526909400,6905.53,6780.505154129493,,1,0,0,98.24894063931863
1526995800,6893.62,6780.505154129493,,1,0,0,95.77973059365304
1527082200,6953.63,6780.505154129493,,1,0,0,96.63546412267785
1527168600,6949.7,6780.505154129493,,1,0,0,95.52650239962948
1527255000,6960.92,6795.041476467938,,1,0,0,91.60818079965595
1527600600,6926.54,6795.041476467938,,1,0,0,90.60259645682336
1527687000,6976.37,6801.26534593903,,1,0,0,88.49455385276455
1527773400,6967.73,6828.715311345127,,1,0,0,86.48994286328139
1527859800,7083.93,6881.267280210614,,1,0,0,88.67708980161846
1528119000,7143.57,6961.712552189553,,1,0,0,86.83086910150284
1528205400,7166.75,7004.845796970598,,1,0,0,83.6779498799669
1528291800,7210.08,7024.112717273537,,1,0,0,82.81023917425497
1528378200,7152.83,7024.112717273537,,1,0,0,83.7930792332368
1528464600,7152.62,7024.112717273537,,1,0,0,82.17857357371993
1528723800,7168.48,7024.112717273537,,1,0,0,79.26296117559706
1528810200,7209.18,7053.382839303168,,1,0,0,76.88774966305444
1528896600,7205.26,7086.797055372852,,1,0,0,76.26362468712195
1528983000,7279.59,7119.026849835566,,1,0,0,76.96265149518467
1529069400,7255.76,7119.026849835566,,1,1,0,75.65246210267148
1529328600,7251.41,7119.026849835566,,1,0,0,75.26800052390925
1529415000,7228.04,7119.026849835566,,1,0,0,77.99100048648711
1529501400,7280.7,7132.563249677115,,1,0,0,78.27378616602373
1529587800,7217.49,7132.563249677115,,1,0,0,80.13494429702203
1529674200,7197.51,7132.563249677115,,1,0,0,78.86030541866332
1529933400,7038.17,,7242.825520985383,1,0,0,88.98099788875881
1530019800,7068.2,,7242.825520985383,1,0,0,87.64521232527602
1530106200,6969.67,,7240.86587199816,1,0,0,92.84698287347062
1530192600,7031.6,,7196.841784798345,1,0,0,93.71648409679418
1530279000,7040.8,,7196.841784798345,1,0,0,92.05316380416605
1530538200,7097.82,,7196.841784798345,1,0,0,94.77150924672567
1530624600,7014.55,,7196.841784798345,1,0,0,96.06925858624524
1530797400,7101.05,,7196.841784798345,1,0,0,95.70645440151341
1530883800,7207.33,6960.858494494426,,1,0,0,97.15242194426244
1531143000,7276,7054.777645044983,,1,0,0,95.23082037681513
1531229400,7282.6,7094.374880540484,,1,0,0,91.30719034989978
1531315800,7243.98,7094.374880540484,,1,0,0,89.24024818204985
1531402200,7366.25,7136.817653237792,,1,0,0,91.77523045476062
1531488600,7375.82,7194.438387914013,,1,0,0,87.98985685084914
1531747800,7357.9,7203.1095491226115,,1,0,0,84.86915279007421
1531834200,7403.89,7203.1095491226115,,1,0,0,88.10207044792605
1531920600,7390.13,7223.845434789316,,1,0,0,84.8726368445028
1532007000,7352.36,7223.845434789316,,1,0,0,82.08173421275261
1532093400,7350.23,7223.845434789316,,1,0,0,80.16303891184172
1532352600,7371.78,7223.845434789316,,1,0,0,79.82853613242443
1532439000,7406.25,7266.92724926527,,1,0,0,81.57006926582268
1532525400,7508.59,7294.314024338743,,1,0,0,83.29792146112108
1532611800,7400.75,7294.314024338743,,1,0,0,86.12449849961241
1532698200,7296.78,7294.314024338743,,1,0,0,93.39560574964011
1532957400,7193.1,,7430.412406257055,1,0,0,96.74520533895154
1533043800,7231.98,,7426.23366563135,1,0,0,96.51697638616929
1533130200,7272.89,,7426.23366563135,1,0,0,94.11004950144296
1533216600,7372.15,,7426.23366563135,1,0,0,98.76004596562561
1533303000,7395.49,,7426.23366563135,1,0,0,94.50289982522376
1533562200,7438.99,7225.719094479271,,1,0,0,91.89340698056493
1533648600,7462.65,7287.064685031343,,1,0,0,88.18459219623888
1533735000,7469.54,7293.982216528209,,1,0,0,85.48854989650751
1533821400,7466.96,7320.202994875388,,1,0,0,82.22508204675698
1533907800,7408.3,7320.202994875388,,1,0,0,82.36114761484578
1534167000,7401.17,7320.202994875388,,1,0,0,81.49892278521394
1534253400,7447.17,7320.202994875388,,1,0,0,80.3504283005558
1534339800,7354.66,7320.202994875388,,1,0,0,84.51468342194464
1534426200,7374.29,7320.202994875388,,1,0,0,83.34720603466289
1534512600,7377.54,7320.202994875388,,1,0,0,83.27169131790126
1534771800,7371.42,7320.202994875388,,1,0,0,81.05799908090829
1534858200,7397.23,7320.202994875388,,1,0,0,80.26814200370055
1534944600,7424.6,7320.202994875388,,1,0,0,78.80541757486479
1535031000,7413.84,7320.202994875388,,1,0,0,77.49574489094589
1535117400,7485.4,7320.202994875388,,1,0,0,77.36747739873545
1535376600,7559.13,7386.664317737708,,1,0,0,77.22408615596866
1535463000,7570.25,7431.559885963937,,1,0,0,73.99450857339949
1535549400,7660.18,7477.355397367543,,1,0,0,75.25918653244237
1535635800,7642.67,7510.299357630789,,1,0,0,74.98138749441082
1535722200,7654.55,7512.31192186771,,1,0,0,73.04843124481006
1536067800,7622.32,7512.31192186771,,1,0,0,73.05925758446647
1536154200,7523.26,7512.31192186771,,1,0,0,76.69359632843313
1536240600,7453.17,,7630.570708958439,1,0,0,80.28548230497366
1536327000,7430.26,,7608.461638062596,1,0,0,80.86580499747552
1536586200,7447.68,,7601.786974256336,1,0,0,79.59039035479871
1536672600,7507.87,,7601.786974256336,1,0,0,82.31464818659877
1536759000,7488.06,,7601.786974256336,1,0,0,82.503601887556
1536845400,7561.69,,7601.786974256336,1,0,0,83.08905889558771
1536931800,7545.5,,7601.786974256336,1,0,0,81.8869832601886
1537191000,7434.73,,7601.786974256336,1,0,0,84.44577017017514
1537277400,7494.4,,7601.786974256336,1,0,0,85.30464372944836
1537363800,7490.32,,7601.786974256336,1,0,0,84.33859774877347
1537450200,7569.03,,7601.786974256336,1,0,0,84.89369790957541
1537536600,7531.07,,7601.786974256336,1,0,0,84.66843377317716
1537795800,7548.75,,7601.786974256336,1,0,0,86.31497421795022
1537882200,7563.19,,7601.786974256336,1,0,0,83.2196189166681
1537968600,7563.09,,7601.786974256336,1,0,0,83.30107470833464
1538055000,7629.57,7457.994339984562,,1,0,0,84.1159979434536
1538141400,7627.65,7461.425905986106,,1,1,0,81.72271237606411
1538400600,7645.45,7503.084815387496,,1,0,0,81.10609006348811
1538487000,7628.28,7503.084815387496,,1,0,0,80.67779791609608
1538573400,7637.43,7503.084815387496,,1,0,0,78.57938377923202
1538659800,7490,,7701.203924582515,1,0,0,87.33585636642974
1538746200,7399.01,,7616.605532124264,1,0,0,94.16972376882764
1539005400,7352.82,,7548.878478911838,1,0,0,98.05188635676849
1539091800,7371.62,,7548.878478911838,1,0,0,97.5124659027136
1539178200,7044.5,,7436.006767918588,1,0,0,114.08728976680545
1539264600,6964.03,,7277.2580911267305,1,0,0,122.16748335489079
1539351000,7157.21,,7277.2580911267305,1,0,0,128.79909168668433
1539610200,7068.67,,7277.2580911267305,1,0,0,127.43772799477829
1539696600,7276.43,,7277.2580911267305,1,0,0,134.23431885229414
1539783000,7278.63,6970.746797911753,,1,0,0,132.22401036284458
1539869400,7116.09,6970.746797911753,,1,0,0,136.8322953369271
1539955800,7107.23,6970.746797911753,,1,0,0,137.57427424143233
1540215000,7141.21,6970.746797911753,,1,0,0,135.23468322418722
1540301400,7118.67,6970.746797911753,,1,0,0,140.97292013674524
1540387800,6789.15,,7288.80482655109,1,0,0,155.274854412692
1540474200,7016.39,,7288.80482655109,1,0,0,163.8102219546426
1540560600,6852.4,,7240.874459506382,1,0,0,171.58163467216815
1540819800,6713.9,,7196.121013555743,1,0,0,187.78580362415613
1540906200,6810.12,,7147.08391220017,1,0,0,186.06824622243076
1540992600,6967.1,,7147.08391220017,1,0,0,188.51980006368575
1541079000,7069.17,,7147.08391220017,1,0,0,185.0276714877082
1541165400,6965.29,,7147.08391220017,1,0,0,184.39712352430053
1541428200,6937.09,,7147.08391220017,1,0,0,178.7609004154219
1541514600,6988.85,,7147.08391220017,1,0,0,172.90512181432032
1541601000,7203.13,6764.546242196429,,1,0,0,176.06261311329743
1541687400,7158.59,6812.572117976786,,1,0,0,169.0574264623476
1541773800,7039.15,6812.572117976786,,1,0,0,169.53189600075135
1542033000,6829.1,6812.572117976786,,1,0,0,173.12033200069763
1542119400,6830.91,6812.572117976786,,1,0,0,170.73745114350487
1542205800,6769.87,,7175.607786395431,1,0,0,171.39263320468308
1542292200,6890.45,,7161.432507755887,1,0,0,173.89387369006286
1542378600,6867.02,,7161.432507755887,1,0,0,168.66573985505835
1542637800,6642.92,,7087.465081282268,1,0,0,174.02175843683995
1542724200,6526.96,,6887.851073154041,1,0,0,175.91734711992285
1542810600,6575.66,,6887.851073154041,1,0,0,171.38110803992836
1542983400,6527.35,,6883.020319254774,1,0,0,163.9260288942192
1543242600,6678.34,,6883.020319254774,1,0,0,163.11416968748924
1543329000,6701.04,,6883.020319254774,1,0,0,159.0581575669543
1543415400,6913.33,6490.53616226327,,1,0,0,162.96471774074328
1543501800,6892.4,6577.867546036943,,1,0,0,158.36509504497596
1543588200,6949.01,6616.161291433249,,1,0,0,152.68473111319196
1543847400,7062.13,6762.508162289924,,1,0,0,153.06367889082108
1543933800,6795.21,6762.508162289924,,1,0,0,161.86484468433383
1544106600,6838.85,6762.508162289924,,1,0,0,165.28021292116713
1544193000,6613.27,,7072.372209690646,1,0,0,171.6773405696552
1544452200,6682.74,,6972.942988721582,1,0,0,171.9903876718227
1544538600,6704.24,,6972.942988721582,1,0,0,169.53678855240682
1544625000,6763.96,,6972.942988721582,1,0,0,169.09987508437777
1544711400,6767.97,,6972.942988721582,1,0,0,164.8598840069222
1544797800,6594.96,,6972.942988721582,1,0,0,166.1313208635706
1545057000,6448.39,,6854.566185810207,1,0,0,170.12765508760125
1545143400,6491.52,,6825.686567229185,1,0,0,166.29282258134398
1545229800,6342.97,,6787.768910506267,1,0,0,175.17690668267656
1545316200,6243.19,,6637.17651945564,1,0,0,178.31569906248538
1545402600,6046.56,,6549.200867510077,1,1,0,186.6024348437365
1545661800,5899.35,,6370.40528075907,1,0,0,186.13440378346962
1545834600,6262.77,,6370.40528075907,1,0,0,198.87266065607886
1545921000,6288.3,,6370.40528075907,1,0,0,202.42032775207323
1546007400,6285.27,,6370.40528075907,1,0,0,199.00959005549657
1546266600,6329.96,,6370.40528075907,1,0,0,191.32676219438972
1546439400,6360.87,,6370.40528075907,1,0,0,191.66485060907613
1546525800,6147.13,,6370.40528075907,1,0,0,193.793789851285
1546612200,6422.67,5922.665737445808,,1,0,0,201.2420905761932
1546871400,6488.25,6070.011663701226,,1,0,0,194.6147983921794
1546957800,6551.85,6134.840497331104,,1,0,0,189.12302707845225
1547044200,6600.69,6231.003947597994,,1,0,0,181.44423942999146
1547130600,6620.94,6231.003947597994,,1,0,0,176.1675080421349
1547217000,6601.4,6261.168097554375,,1,0,0,167.79125746769665
1547476200,6541.04,6261.168097554375,,1,0,0,162.1461676485754
1547562600,6669.64,6317.323359019043,,1,0,0,160.09929853082002
1547649000,6668.56,6408.416523117139,,1,0,0,152.61792006433285
1547735400,6718.45,6414.271870805426,,1,0,0,149.58664005973762
1547821800,6784.61,6502.402683724882,,1,0,0,145.88616576975633
1548167400,6646.81,6502.402683724882,,1,0,0,148.3978682147737
1548253800,6658.76,6502.402683724882,,1,0,0,146.96659191371842
1548340200,6702.55,6502.402683724882,,1,0,0,140.34112106273847
1548426600,6787.37,6513.573222291897,,1,0,0,137.34675527254288
1548685800,6697.09,6513.573222291897,,1,0,0,137.75484418164692
1548772200,6632.79,6513.573222291897,,1,0,0,134.20449816867216
1548858600,6807.91,6513.573222291897,,1,0,0,138.48489115662417
1548945000,6906.84,6625.009908645713,,1,0,0,137.76668464543675
1549031400,6875.52,6640.793917781142,,1,0,0,132.54335002790552
1549290600,6959.96,6675.158526003028,,1,0,0,129.388110740198
1549377000,7023.52,6767.429173402725,,1,0,0,125.13253140161245
1549463400,6997.62,6781.079756062452,,1,0,0,120.84520773006868
1549549800,6904.98,6781.079756062452,,1,0,0,122.44697860649231
1549636200,6913.13,6781.079756062452,,1,0,0,119.26219442031433
1549895400,6909.18,6781.079756062452,,1,0,0,115.35275196172043
1549981800,7014.67,6781.079756062452,,1,0,0,115.15469825016896
1550068200,7015.88,6834.036329107317,,1,0,0,110.70436266087121
1550154600,7022.42,6834.036329107317,,1,0,0,108.38190818509473
1550241000,7055.18,6860.016676576927,,1,0,0,104.33248617187364
1550586600,7066.61,6880.360508919235,,1,0,0,100.9030228738827
1550673000,7062.34,6885.482458027311,,1,0,0,98.60852124003392
1550759400,7035.16,6885.482458027311,,1,0,0,95.94148400860288
1550845800,7090.63,6906.510591002121,,1,0,0,93.31209229370269
1551105000,7115.43,6973.459531901909,,1,0,0,91.72551427272388
1551191400,7123.22,6973.459531901909,,1,0,0,89.28154896752928
1551277800,7117,6973.459531901909,,1,0,0,88.6450097555629
1551364200,7097.53,6973.459531901909,,1,0,0,85.45608048730841
1551450600,7151.57,6981.565945380842,,1,0,0,83.8113604525007
1551709800,7150.83,6981.565945380842,,1,0,0,87.29197756303635
1551796200,7156.79,6993.467065758483,,1,0,0,85.1718363085338
1551882600,7112.47,6993.467065758483,,1,0,0,83.20884800078136
1551969000,7026.88,6993.467065758483,,1,0,0,85.16964457215411
1552055400,7015.69,6993.467065758483,,1,0,0,85.24038424557168
1552311000,7164.02,6993.467065758483,,1,0,0,89.95392822803088
1552397400,7201.28,7025.085435309727,,1,0,0,87.48507621174292
1552483800,7256.98,7091.768891778754,,1,0,0,87.777570768047
1552570200,7243.01,7096.413002600879,,1,0,0,83.4348871417579
1552656600,7306.99,7138.570702340791,,1,0,0,83.78096663163231
1552915800,7326.28,7166.401632106712,,1,0,0,81.71375472937281
1553002200,7349.28,7203.056468896041,,1,0,0,80.75991510584616
1553088600,7380.75,7211.970822006437,,1,0,0,82.44349259828572
1553175000,7493.27,7258.728239805792,,1,0,0,87.15967169840818
1553261400,7326.06,7258.728239805792,,1,0,0,93.0589808628076
1553520600,7316.96,7258.728239805792,,1,0,0,91.92833937260708
1553607000,7351.15,7258.728239805792,,1,0,0,92.7106008459923
1553693400,7308.19,7258.728239805792,,1,0,0,95.01198649984995
1553779800,7320.47,7258.728239805792,,1,0,0,93.10755889271785
1553866200,7378.77,7258.728239805792,,1,0,0,90.82987611466652
1554125400,7478.42,7268.075111094067,,1,0,0,91.7041706779046
1554211800,7499.64,7309.513599984662,,1,0,0,88.40672991519713
1554298200,7544.97,7379.745239986195,,1,0,0,88.52410634982586
1554384600,7540.57,7379.745239986195,,1,0,0,87.54595589626686
1554471000,7578.84,7404.676794388817,,1,0,0,84.24481618939066
1554730200,7599.74,7408.7626149499365,,1,0,0,82.9173293187199
1554816600,7568.49,7422.922353454942,,1,0,0,80.1460915102399
1554903000,7611.49,7446.424618109448,,1,0,0,77.62994211665134
1554989400,7594.89,7460.688656298504,,1,0,0,74.99137482260478
1555075800,7628.15,7480.084290668654,,1,0,0,72.17984804956158
1555335000,7629.12,7480.084290668654,,1,0,0,71.18557318887864
1555421400,7654.73,7524.1780754416095,,1,0,0,69.04946081824443
1555507800,7680.72,7561.234267897448,,1,0,0,68.42735647408412
1555594200,7689.72,7561.234267897448,,1,0,0,66.8811167259353
1555939800,7713.49,7561.658756996933,,1,0,0,66.4924655312256
1556026200,7810.71,7637.38888129724,,1,0,0,69.30371799328096
1556112600,7784.41,7677.984493167515,,1,0,0,67.45773813661803
1556199000,7816.92,7685.750043850764,,1,0,0,67.90647112685966
1556285400,7826.68,7685.750043850764,,1,0,0,69.07672318922683
1556544600,7839.04,7704.6883355191185,,1,0,0,66.91981438999635
1556631000,7781.46,7704.6883355191185,,1,0,0,70.20911336213949
1556717400,7751.85,7704.6883355191185,,1,0,0,72.42917669341524
1556803800,7724.06,7704.6883355191185,,1,0,0,75.75352121531418
1556890200,7845.73,7704.6883355191185,,1,0,0,79.16112684279175
1557149400,7794.09,7704.6883355191185,,1,0,0,86.56461778259231
1557235800,7640.15,,7866.892479953384,1,0,0,96.20143079812146
1557322200,7617.55,,7841.450731958045,1,0,0,95.40632859825563
1557408600,7582.75,,7752.487158762241,1,0,0,98.93730512695166
1557495000,7586.53,,7752.487158762241,1,0,0,105.88892618931227
1557754200,7324.13,,7633.714698597416,1,0,0,118.53186003293278
1557840600,7401.88,,7633.714698597416,1,0,0,118.98672717343756
1557927000,7503.25,,7633.714698597416,1,0,0,122.65338951819206
1558013400,7580.14,,7633.714698597416,1,0,0,122.76886169546401
1558099800,7503.68,,7633.714698597416,1,0,0,121.76751443150229
1558359000,7376.7,,7633.714698597416,1,0,0,123.90983482925215
1558445400,7451.02,,7633.714698597416,1,0,0,121.91698948430557
1558531800,7420.66,,7633.714698597416,1,0,0,116.59434737828371
1558618200,7307.93,,7550.5600047834205,1,0,0,119.63760827983485
1558704600,7300.96,,7550.5600047834205,1,0,0,116.60635054556091
1559050200,7278.38,,7550.5600047834205,1,0,0,114.53375407802085
1559136600,7216.86,,7447.097858487113,1,0,0,113.61777164387651
1559223000,7245.4,,7447.097858487113,1,0,0,109.67007366931394
1559309400,7127.96,,7376.6359153745625,1,0,0,110.36721126436291
1559568600,6978.02,,7269.6433238371055,1,0,0,116.14669617405126
1559655000,7166.75,,7269.6433238371055,1,0,0,121.54836073304757
1559741400,7220.9,,7269.6433238371055,1,0,0,119.20919210925841
1559827800,7275.93,7008.461871922751,,1,0,0,117.23924981573997
1559914200,7417.29,7128.439184730475,,1,0,0,121.01216054318708
1560173400,7501.93,7265.2882662574275,,1,0,0,123.49057764724515
1560259800,7513.85,7291.896939631685,,1,0,0,122.21125067244192
1560346200,7472.29,7291.896939631685,,1,0,0,117.38544705298182
1560432600,7510.68,7291.896939631685,,1,0,0,113.18791512062596
1560519000,7479.11,7291.896939631685,,1,0,0,109.08949261200985
1560778200,7526.52,7313.8894140923485,,1,0,0,106.14595742543773
1560864600,7635.4,7424.701472683114,,1,0,0,110.17553189504929
1560951000,7667.74,7432.993825414802,,1,0,0,107.68299390254582
1561037400,7738.05,7515.612442873322,,1,0,0,107.33920862379253
1561123800,7728.78,7538.167198585989,,1,0,0,104.26355086495019
1561383000,7723.02,7546.54947872739,,1,0,0,98.66615437459664
1561469400,7591.54,7546.54947872739,,1,0,0,101.53785763355403
1561555800,7627.05,7546.54947872739,,1,0,0,101.2208678025859
1561642200,7657.05,7546.54947872739,,1,0,0,97.27152010240115
1561728600,7671.07,7546.54947872739,,1,0,0,93.38212580937254
1561987800,7768.14,7590.235812593736,,1,0,0,97.40768825156026
1562074200,7799.82,7593.144231334363,,1,0,0,94.33999623359168
1562160600,7857.69,7660.829808200927,,1,0,0,91.73499650262083
1562333400,7841.3,7660.829808200927,,1,0,0,91.11821103814786
1562592600,7785.79,7660.829808200927,,1,0,0,90.69476739256591
1562679000,7826.86,7660.829808200927,,1,0,0,90.33728400738266
1562765400,7903.4,7716.611588160628,,1,0,0,90.81819229256965
1562851800,7896.78,7734.367929344565,,1,0,0,88.71974998595758
1562938200,7943.24,7760.214136410109,,1,0,0,85.76119641553204
1563197400,7966.93,7803.4332227690975,,1,0,0,81.73111095727975
1563283800,7927.08,7803.4332227690975,,1,0,0,80.32031731747409
1563370200,7888.76,7803.4332227690975,,1,0,0,78.37743750908315
1563456600,7904.13,7803.4332227690975,,1,0,0,78.83904911557723
1563543000,7834.9,7803.4332227690975,,1,0,0,81.62411703589314
1563802200,7905.12,7803.4332227690975,,1,0,0,81.76310867618653
1563888600,7954.56,7803.4332227690975,,1,0,0,80.21145805645892
1563975000,8010.6,7814.071717483468,,1,0,0,80.47063962385472
1564061400,7929.87,7814.071717483468,,1,0,0,81.1077367935794
1564147800,8016.95,7845.97879116161,,1,0,0,82.26504130832377
1564407000,7989.08,7845.97879116161,,1,0,0,81.88682407201496
1564493400,7952.47,7845.97879116161,,1,0,0,80.72562235258533
1564579800,7848.78,7845.97879116161,,1,0,0,89.55022075597206
1564666200,7801.15,,8095.600096118867,1,0,0,99.719490701974
1564752600,7692.8,,7920.887086506981,1,0,1,103.73738422326151
1565011800,7415.69,,7708.567877856283,1,0,0,120.36542820731425
1565098200,7521.32,,7708.567877856283,1,0,0,120.77146904964897
1565184600,7551.9,,7708.567877856283,1,0,0,125.25279268895972
1565271000,7724.83,7369.374582042769,,1,0,0,128.77473606831975
1565357400,7646.27,7369.543123838493,,1,0,0,129.12582634915404
1565616600,7561.68,7369.543123838493,,1,0,0,128.28255303850023
1565703000,7728.15,7372.2861303091795,,1,0,0,135.1916563928931
1565789400,7490.13,7372.2861303091795,,1,0,0,143.21868093625784
1565875800,7484.89,7372.2861303091795,,1,0,0,139.7130608693823
1565962200,7604.11,7372.2861303091795,,1,0,0,139.5792708072835
1566221400,7719.32,7418.334000595853,,1,0,0,139.36860860676327
1566307800,7664.47,7418.334000595853,,1,0,0,134.20656513485164
1566394200,7733.22,7460.673390482641,,1,0,0,131.06252476807649
1566480600,7707.43,7460.673390482641,,1,0,0,129.95163014178533
1566567000,7464.99,7460.673390482641,,1,0,0,140.63365656022924
1566826200,7575.02,7460.673390482641,,1,0,0,138.64410966307005
1566912600,7566.03,7460.673390482641,,1,0,0,136.50667325856506
1566999000,7587.9,7460.673390482641,,1,0,0,133.75119659723893
1567085400,7702.31,7460.673390482641,,1,0,0,133.914682554579
1567171800,7691,7460.673390482641,,1,0,0,131.7907766578234
1567517400,7609.51,7460.673390482641,,1,0,0,129.96143546797887
1567603800,7719.25,7460.673390482641,,1,0,0,128.9213329345518
1567690200,7862.54,7577.5066475791255,,1,0,0,131.19266629636954
1567776600,7852.54,7609.8369828212135,,1,0,0,124.61461870377168
1568035800,7832.4,7609.8369828212135,,1,0,0,121.53857451064515
1568122200,7814.74,7609.8369828212135,,1,0,0,119.19939061702765
1568208600,7887.58,7626.713100476664,,1,0,0,116.13300557295427
1568295000,7917.34,7722.637290428998,,1,0,0,114.10564803202897
1568381400,7892.95,7722.637290428998,,1,0,0,109.08524460116973
1568640600,7852.41,7722.637290428998,,1,0,0,105.66415570108616
1568727000,7888.79,7722.637290428998,,1,0,0,101.70385886529432
1568813400,7888.56,7722.637290428998,,1,0,0,101.55286894634473
1568899800,7901.79,7737.010739525419,,1,0,0,98.72052116446294
1568986200,7823.55,7737.010739525419,,1,0,1,100.68762679557268
1569245400,7818.61,7737.010739525419,,1,0,0,97.25922488160317
1569331800,7710.04,,7979.513030885969,1,0,0,103.77285167577436
1569418200,7803.54,,7950.429227797373,1,0,0,108.84621941321906
1569504600,7771.99,,7950.429227797373,1,0,0,107.1322037408463
1569591000,7681.58,,7931.352374515871,1,0,0,111.19276061650017
1569850200,7749.45,,7931.352374515871,1,0,0,108.9832777153216
1569936600,7684.14,,7931.352374515871,1,0,0,111.64875787851292
1570023000,7550.79,,7808.17451102207,1,0,0,115.84884660147634
1570109400,7638.39,,7799.458559919864,1,0,0,120.20607184422806
1570195800,7754.1,,7799.458559919864,1,0,0,120.26063814106887
1570455000,7725.13,,7799.458559919864,1,0,0,116.8213068452782
1570541400,7604.27,,7799.458559919864,1,0,0,117.14621349918689
1570627800,7690.53,,7799.458559919864,1,0,0,116.89791253495919
1570714200,7740.36,,7799.458559919864,1,0,0,114.98163306817644
1570800600,7843.87,7627.258242992628,,1,0,0,118.4608021347353
1571059800,7842.33,7627.258242992628,,1,0,0,112.75003055368279
1571146200,7942.85,7686.740576824029,,1,0,0,113.11145694270547
1571232600,7920.21,7708.488019141625,,1,0,0,108.21349573251223
1571319000,7942.14,7744.407717227463,,1,0,0,105.21253175161856
1571405400,7868.49,7744.407717227463,,1,0,0,106.05877948364584
1571664600,7940.33,7744.407717227463,,1,0,0,103.69672380624255
1571751000,7874.62,7744.407717227463,,1,0,0,103.79195782008242
1571837400,7889.47,7744.407717227463,,1,0,0,99.60110369007653
1571923800,7966.72,7753.770158145645,,1,0,0,98.21459628364246
1572010200,8029.22,7789.92914233108,,1,0,0,98.81998226338226
1572269400,8110.67,7906.198728097972,,1,0,0,98.22641210171206
1572355800,8047.51,7906.198728097972,,1,0,0,95.8552398087326
1572442200,8083.11,7906.198728097972,,1,0,0,94.60915125096598
1572528600,8083.83,7906.198728097972,,1,0,0,92.76492616161126
1572615000,8161.17,7962.5798200050795,,1,0,1,91.72100286435328
1572877800,8210.66,8042.545338004573,,1,0,0,89.96664551689946
1572964200,8210.18,8049.210304204114,,1,0,0,86.2575994085495
1573050600,8196.03,8049.210304204114,,1,0,0,83.869199450796
1573137000,8219.65,8080.403046405333,,1,0,0,83.29211377573907
1573223400,8255.89,8080.403046405333,,1,0,0,82.34124850604346
1573482600,8241.91,8080.403046405333,,1,0,0,80.28330218418311
1573569000,8263.79,8120.845575829489,,1,0,0,78.46663774245577
1573655400,8259.81,8120.845575829489,,1,0,0,75.80687790370904
1573741800,8257.83,8120.845575829489,,1,0,0,74.1313866248727
1573828200,8315.52,8166.694769779696,,1,0,0,72.98414472309607
1574087400,8328.48,8174.3792928017265,,1,0,0,72.46599152858917
1574173800,8338.74,8203.286863521555,,1,0,0,70.82699213368984
1574260200,8283.75,8203.286863521555,,1,0,0,73.84006412414058
1574346600,8265.62,8203.286863521555,,1,0,0,71.53220240098773
1574433000,8272.05,8203.286863521555,,1,0,0,70.89561651520295
1574692200,8371.93,8203.286863521555,,1,0,0,73.02950104983134
1574778600,8385.75,8248.503784240844,,1,0,0,70.23667954627197
1574865000,8444.71,8291.333905816757,,1,0,0,69.49548815010972
1575037800,8403.68,8292.37151523508,,1,0,0,67.57295328224474
1575297000,8309.26,8292.37151523508,,1,0,0,72.40774233351299
1575383400,8254.74,,8368.212322659583,1,0,0,77.37147502397637
1575469800,8296.53,,8368.212322659583,1,0,0,76.25351252226372
1575556200,8308.4,,8368.212322659583,1,0,0,74.26111877067349
1575642600,8397.37,8234.119296781162,,1,0,0,75.91746742991116
1575901800,8362.74,8243.352367103047,,1,0,0,75.20193404206033
1575988200,8354.29,8243.352367103047,,1,0,0,73.65322446762737
1576074600,8402.61,8243.352367103047,,1,0,0,72.23442271993963
1576161000,8466.89,8286.681655618122,,1,0,0,75.14767823994397
1576247400,8487.71,8329.64549005631,,1,0,0,75.18284407994805
1576506600,8570.33,8409.136941050678,,1,0,0,76.74621235995187
1576593000,8575.7,8433.62324694561,,1,0,0,73.28576861995539
1576679400,8580.62,8456.640922251048,,1,0,0,70.36535657567283
1576765800,8641.29,8482.265830025943,,1,0,0,69.77640253455327
1576852200,8678.49,8540.89624702335,,1,0,0,68.10451663922797
1577111400,8696.01,8575.981622321016,,1,0,0,65.55490830785453
1577197800,8699.51,8579.265460088915,,1,0,0,62.59384342872196
1577370600,8778.31,8626.201914080022,,1,0,0,63.75285461238466
1577457000,8770.98,8659.35172267202,,1,0,0,63.57336499721431
1577716200,8709.73,8659.35172267202,,1,0,0,66.1081246402704
1577802600,8733.07,8659.35172267202,,1,0,0,65.7468300231083
1577975400,8872.22,8686.813765827903,,1,0,0,71.09062787860053
1578061800,8793.9,8686.813765827903,,1,0,0,74.37344017298616
1578321000,8848.52,8686.813765827903,,1,0,0,78.78176587491573
1578407400,8846.45,8688.882750288542,,1,0,0,76.7823540267074
1578493800,8912.37,8728.149975259686,,1,0,0,79.77004302479963
1578580200,8989.63,8803.61847773372,,1,0,0,80.65646852302812
1578666600,8966.64,8822.612629960347,,1,0,0,80.11243505709761
1578925800,9070.65,8861.298366964313,,1,0,0,81.88226112444787
1579012200,9033.42,8885.564530267882,,1,0,0,80.26495675841586
1579098600,9035.67,8885.564530267882,,1,0,0,79.52603127567188
1579185000,9125,8931.894269516983,,1,0,0,80.30274332740957
1579271400,9173.73,8988.360842565284,,1,0,0,78.67326166116602
1579617000,9166.63,9012.044258308757,,1,0,0,76.31374297108269
1579703400,9188.57,9058.404832477881,,1,0,0,76.28061847314824
1579789800,9216.98,9058.404832477881,,1,0,0,76.2534314393519
1579876200,9141.47,9058.404832477881,,1,0,0,83.01604347939822
1580135400,8952.18,,9156.518952123624,1,0,0,93.55061180229835
1580221800,9090.93,,9156.518952123624,1,0,0,98.23556810213414
1580308200,9101.61,,9156.518952123624,1,0,0,97.34659895198163
1580394600,9136.09,,9156.518952123624,1,0,0,99.03398474112589
1580481000,8991.51,,9156.518952123624,1,0,0,106.86227154533114
1580740200,9126.23,,9156.518952123624,1,0,0,110.44282357780746
1580826600,9334.06,9027.363787449469,,1,0,0,118.74905046510689
1580913000,9367.48,9115.749408704522,,1,0,0,119.61483257474217
1580999400,9445.92,9149.70896783407,,1,0,0,117.5609159622605
1581085800,9401.1,9171.586071050664,,1,0,0,114.61585053638474
1581345000,9516.84,9197.421963945599,,1,0,0,116.75328978378577
1581431400,9517.86,9302.312767551037,,1,0,0,116.01519765637251
1581517800,9613.2,9344.282490795933,,1,0,0,114.73125496663155
1581604200,9595.7,9348.126741716342,,1,0,0,113.94116532615787
1581690600,9623.58,9385.777567544706,,1,0,0,109.49322494571803
1582036200,9629.8,9390.581310790234,,1,0,0,107.41870887816665
1582122600,9718.73,9489.743679711211,,1,0,0,107.37237252972622
1582209000,9627.83,9489.743679711211,,1,0,0,114.38148877760293
1582295400,9446.69,,9756.896819433918,1,0,0,122.02923957920277
1582554600,9079.63,,9426.490137490526,1,0,0,143.1571510378311
1582641000,8834.87,,9353.919123741474,1,0,0,159.83664024941461
1582727400,8873.76,,9289.811711367327,1,0,0,164.05902308874218
1582813800,8436.67,,9027.026040230594,1,0,0,183.999807153832
1582900200,8461.83,,8760.062936207534,1,0,0,196.32982092855823
1583159400,8877.98,8173.254357413219,,1,0,0,213.22697657651833
1583245800,8594.49,8221.022421671898,,1,0,0,232.55933539248124
1583332200,8949.28,8255.663179504709,,1,0,0,241.49224000730405
1583418600,8671.66,8255.663179504709,,1,0,1,248.19779429249667
1583505000,8530.34,8255.663179504709,,1,0,0,255.59509470017548
1583760600,7948.03,,8723.034897141068,1,0,0,281.49544507873435
1583847000,8372.27,,8723.034897141068,1,0,0,292.41077043025336
1583933400,8006.12,,8723.034897141068,1,0,0,305.18714397094965
1584019800,7263.65,,8308.24286501584,1,0,0,336.9959194015961
1584106200,7995.26,,8308.24286501584,1,0,0,365.41478230148215
1584365400,7020.38,,8239.92392066283,1,0,0,410.8601549942335
1584451800,7473.95,,8238.090528596545,1,0,1,423.72585820893113
1584538200,7175.18,,8099.5944757368925,1,0,0,438.9182969082932
1584624600,7288.52,,8099.5944757368925,1,0,0,441.6141328434151
1584711000,6994.29,,8099.5944757368925,1,0,0,447.0745519260283
1584970200,7006.92,,7941.777647812195,1,0,0,441.81065535988336
1585056600,7553.82,,7941.777647812195,1,0,0,449.4663228341774
1585143000,7469.62,,7941.777647812195,1,0,0,445.0187283460219
1585229400,7897.13,,7941.777647812195,1,0,0,444.9095334641632
1585315800,7588.37,,7941.777647812195,1,0,0,435.7667096452944
1585575000,7889.01,,7941.777647812195,1,0,0,427.04908752777334
1585661400,7813.5,,7941.777647812195,1,0,0,414.1277241329324
1585747800,7486.29,,7941.777647812195,1,0,0,412.37074383772296
1585834200,7635.66,,7941.777647812195,1,0,0,397.885690706457
1585920600,7528.11,,7941.777647812195,1,0,0,386.1588556559958
1586179800,8081.66,7123.408262367835,,1,0,0,400.1867945377104
1586266200,8049.31,7389.705936131051,,1,0,0,390.3534520707311
1586352600,8229.54,7409.228342517947,,1,0,0,377.12106263710746
1586439000,8238.53,7545.356508266152,,1,0,0,362.0624153058854
1586784600,8332.74,7577.299857439537,,1,0,0,349.0272427840364
1586871000,8692.16,7910.524371695584,,1,0,0,350.9402968708909
1586957400,8591.96,7933.871434526024,,1,0,0,339.5588470943987
1587043800,8757.83,8074.576291073422,,1,0,0,329.6896437305131
1587130200,8832.41,8194.469661966079,,1,0,0,318.63038346404795
1587389400,8726.51,8226.671695769472,,1,0,0,305.14678464518744
1587475800,8403,8226.671695769472,,1,0,0,309.5413000276741
1587562200,8664.63,8226.671695769472,,1,0,0,309.25120716855446
1587648600,8641.5,8226.671695769472,,1,0,0,299.43754951365776
1587735000,8786.6,8226.671695769472,,1,0,0,291.7184388341108
1587994200,8837.66,8337.817305734916,,1,0,0,278.0971217745315
1588080600,8677.6,8337.817305734916,,1,0,0,276.06947021920774
1588167000,8982.76,8402.892717645282,,1,0,0,281.2230794892643
1588253400,9000.51,8477.787445880753,,1,0,0,268.4650023828883
1588339800,8718.18,8477.787445880753,,1,0,0,271.56964506982484
1588599000,8834.11,8477.787445880753,,1,0,0,264.6668132791231
1588685400,8930.62,8484.306463047069,,1,0,0,259.82561233061426
1588771800,8984.86,8547.912316742362,,1,0,0,250.9066400212846
1588858200,9101.88,8646.150585068126,,1,0,0,243.7933085911928
1588944600,9220.35,8751.109026561313,,1,0,0,235.1373579775362
1589203800,9298.92,8830.369123905182,,1,0,0,231.98897526485513
1589290200,9112.45,8830.369123905182,,1,0,0,232.94404846022266
1589376600,9000.08,8830.369123905182,,1,0,0,239.11447357020674
1589463000,9094.43,8830.369123905182,,1,0,0,238.9620111723348
1589549400,9152.64,8830.369123905182,,1,0,0,236.1347246600251
1589808600,9331.93,8863.92158817477,,1,0,0,234.61795861288056
1589895000,9298.54,8934.430429357295,,1,0,0,226.90596156910334
1589981400,9485.02,9032.976886421564,,1,0,0,224.9655357427388
1590067800,9377.99,9032.976886421564,,1,0,0,219.84085461825742
1590154200,9413.99,9032.976886421564,,1,0,0,211.05650785981052
1590499800,9389.98,9086.77311520132,,1,0,0,209.59747158410985
1590586200,9442.05,9086.77311520132,,1,0,0,213.38408075667334
1590672600,9416.71,9086.77311520132,,1,0,0,210.78878927405376
1590759000,9555.52,9086.77311520132,,1,0,0,209.56244718304984
1591018200,9598.89,9186.873041383587,,1,0,0,201.31084381283193
1591104600,9657.31,9218.401737245227,,1,0,0,197.5172121119154
1591191000,9704.69,9342.337563520707,,1,0,0,189.1774112467786
1591277400,9629.66,9342.337563520707,,1,0,0,187.397596157723
1591363800,9824.39,9399.031526451772,,1,0,0,189.5099107178856
1591623000,9901.52,9480.457373806594,,1,0,0,186.73420280946516
1591709400,9967.17,9589.506136425936,,1,0,0,183.96033118021765
1591795800,10094.26,9742.11452278334,,1,0,0,184.25102181020216
1591882200,9588.48,,10195.856929494994,1,0,0,207.37666310947344
1591968600,9663.77,,10116.310236545494,1,0,0,217.55761574451103
1592227800,9776.89,,10111.490712890944,1,0,0,224.86278604847453
1592314200,9949.37,,10111.490712890944,1,0,0,225.5154441878692
1592400600,9982.48,,10111.490712890944,1,0,0,217.2129124601642
1592487000,10012.05,,10111.490712890944,1,0,0,207.15841871300952
1592573400,10008.64,,10111.490712890944,1,0,0,205.49424594779458
1592832600,10130.33,9668.112947495025,,1,0,0,201.1839426658092
1592919000,10209.82,9849.614152745524,,1,0,0,199.4258039039657
1593005400,10002.7,9849.614152745524,,1,0,0,205.83681791082532
1593091800,10101.83,9849.614152745524,,1,0,0,206.06847377433792
1593178200,9849.36,,10387.375407648513,1,0,0,210.21286850474235
1593437400,9961.16,,10277.786866883662,1,0,0,211.06837789726077
1593523800,10156.85,,10277.786866883662,1,0,0,212.31492233317073
1593610200,10279.25,9812.042887824235,,1,0,0,209.93671359508716
1593696600,10341.89,9971.809599041811,,1,0,0,205.89123405258087
1594042200,10604.06,10130.843139137629,,1,0,0,211.41400304882515
1594128600,10524.01,10190.969325223865,,1,0,0,209.763002831052
1594215000,10666.7,10192.121392701478,,1,0,0,205.1456454859768
1594301400,10754.59,10272.098753431332,,1,0,0,205.5630993798356
1594387800,10836.33,10332.940378088198,,1,0,0,205.40144942413312
1594647000,10602.21,10355.599340279377,,1,0,0,226.06563160812365
1594733400,10689.52,10355.599340279377,,1,0,0,233.56737220754326
1594819800,10701.68,10355.599340279377,,1,0,0,231.8439884784331
1594906200,10626.46,10355.599340279377,,1,0,0,230.04013215854502
1594992600,10645.22,10355.599340279377,,1,0,0,222.31726557579182
1595251800,10952.08,10355.599340279377,,1,0,0,231.4103180346639
1595338200,10833.07,10438.634151067414,,1,0,0,230.34958103218787
1595424600,10870.75,10438.634151067414,,1,0,0,223.4674681013173
1595511000,10580.59,10438.634151067414,,1,0,0,232.8033632369375
1595597400,10483.13,10438.634151067414,,1,0,0,235.22098014858483
1595856600,10674.38,10438.634151067414,,1,0,0,233.16376728082878
1595943000,10532.5,10438.634151067414,,1,0,0,227.0056410464838
1596029400,10662.98,10438.634151067414,,1,0,0,222.38952382887777
1596115800,10715.51,10438.634151067414,,1,0,0,221.16455784110076
1596202200,10905.88,10438.634151067414,,1,0,0,219.71994656673647
1596461400,11055.08,10612.861915191686,,1,0,0,216.85566466911249
1596547800,11096.54,10645.289223672518,,1,0,0,208.17311719274738
1596634200,11125.44,10732.477301305265,,1,0,0,197.87432310755113
1596720600,11267.08,10808.523071174739,,1,0,0,197.43544288558317
1596807000,11139.39,10808.523071174739,,1,0,0,199.8829112508986
1597066200,11085.17,10808.523071174739,,1,0,0,201.14198901869142
1597152600,10876.08,10808.523071174739,,1,0,0,203.62184694592779
1597239000,11157.72,10808.523071174739,,1,0,0,211.51885787836153
1597325400,11178.37,10808.523071174739,,1,0,0,205.80893945847856
1597411800,11164.45,10808.523071174739,,1,0,0,198.70401521144439
1597671000,11288.57,10890.651751632859,,1,0,0,194.6551569820554
1597757400,11399.03,10982.698076469573,,1,0,0,190.8955029119086
1597843800,11318.64,11013.793268822614,,1,0,0,187.0329669896294
1597930200,11477.05,11014.860941940353,,1,0,0,190.01061220465593
1598016600,11555.16,11164.344847746317,,1,0,0,184.5284256186091
1598275800,11626.17,11274.878362971685,,1,0,0,185.10068093156565
1598362200,11721.81,11302.560526674517,,1,0,0,182.09777515073964
1598448600,11971.94,11507.383474007065,,1,0,0,187.50793406854396
1598535000,11926.16,11574.58762660636,,1,0,0,188.7680816350765
1598621400,11995.85,11621.274363945724,,1,0,0,181.854647232571
1598880600,12110.7,11732.536427551151,,1,0,0,181.1228867159587
1598967000,12292.8629,11862.538164796037,,1,0,0,181.73829480767586
1599053400,12420.5433,11936.503778316433,,1,0,0,187.5642666071276
1599139800,11771.3653,,12434.430194515211,1,0,0,228.3409761351898
1599226200,11622.1312,,12073.41205006369,1,0,0,262.0442421255334
1599571800,11068.2573,,11860.797120057321,1,0,0,283.82495340228104
1599658200,11395.8462,,11860.797120057321,1,0,0,292.98847815926104
1599744600,11154.1239,,11860.797120057321,1,0,0,305.6602511478853
1599831000,11087.4004,,11792.734287121786,1,0,0,307.7692689230363
1600090200,11277.7625,,11792.734287121786,1,0,0,305.48907828567644
1600176600,11438.874,,11792.734287121786,1,0,0,299.21397269384244
1600263000,11247.5986,,11792.734287121786,1,0,0,295.20809607285366
1600349400,11080.9511,,11675.915409545603,1,0,0,296.32170349622123
1600435800,10936.9824,,11603.343888591044,1,0,0,302.6255532464911
1600695000,10980.2196,,11470.17975973194,1,0,0,302.93159230031324
1600781400,11186.3709,,11470.17975973194,1,0,0,300.13777856457654
1600867800,10833.3326,,11470.17975973194,1,0,0,305.8650658099638
1600954200,10896.4706,,11470.17975973194,1,0,0,305.30481110925206
1601040600,11151.133,,11470.17975973194,1,0,0,306.78698174430554
1601299800,11364.45,,11470.17975973194,1,0,0,300.4638116197123
1601386200,11322.9537,,11470.17975973194,1,0,0,285.46113936116143
1601472600,11418.0626,,11470.17975973194,1,0,0,280.2182722639356
1601559000,11583.2029,11006.630466392195,,1,0,0,273.67903138794026
1601645400,11255.6943,11006.630466392195,,1,0,0,279.7040791459446
1601904600,11509.0634,11006.630466392195,,1,0,0,278.03699492123434
1601991000,11291.2742,11006.630466392195,,1,0,0,278.1881595697176
1602077400,11503.1943,11006.630466392195,,1,0,0,274.62313388616633
1602163800,11550.9426,11040.286675255426,,1,0,0,260.6920743228688
1602250200,11725.8505,11173.296427729885,,1,0,0,254.68961187123531
1602509400,12088.1056,11504.868214956896,,1,0,0,270.7047038804327
1602595800,12083.1705,11595.398823461206,,1,0,0,262.44250360325896
1602682200,11985.3591,11595.398823461206,,1,0,0,261.24222477445477
1602768600,11898.5728,11595.398823461206,,1,0,0,258.28726586199366
1602855000,11852.1684,11595.398823461206,,1,0,0,254.8374183004227
1603114200,11634.3486,11595.398823461206,,1,0,0,262.06221699324965
1603200600,11677.8358,11595.398823461206,,1,0,0,256.7457657794461
1603287000,11665.3656,11595.398823461206,,1,0,0,248.6200610809142
1603373400,11662.9138,11595.398823461206,,1,0,0,245.82514243227752
1603459800,11692.5719,11595.398823461206,,1,0,0,237.11786082997205
1603719000,11504.5188,,12011.595053233952,1,0,0,244.9914850564027
1603805400,11598.9453,,12011.595053233952,1,0,0,236.80617898094533
1603891800,11142.7556,,11783.668386119502,1,0,0,252.95168762516343
1603978200,11350.7433,,11783.668386119502,1,0,0,258.07068850908024
1604064600,11052.9458,,11670.545867756795,1,0,0,267.54572504414597
1604327400,11084.757,,11632.187435981115,1,0,0,267.39345182670695
1604413800,11279.9099,,11632.187435981115,1,0,0,267.6743481247994
1604500200,11777.0157,11104.211976355296,,1,0,0,289.0223375444565
1604586600,12078.0661,11437.727718719769,,1,0,0,292.66554200556675
1604673000,12091.3455,11437.727718719769,,1,0,0,287.5761890051691
1604932200,11830.3851,11437.727718719769,,1,0,0,299.2078683619428
1605018600,11624.286,11437.727718719769,,1,0,0,300.5445134789469
1605105000,11892.9302,11437.727718719769,,1,0,0,299.06579108759354
1605191400,11827.1396,11437.727718719769,,1,0,0,291.33256315276543
1605277800,11937.8447,11437.727718719769,,1,0,0,281.1047729275679
1605537000,12013.3849,11437.727718719769,,1,0,0,271.28658200417016
1605623400,11977.4896,11505.788905031002,,1,0,0,257.8324404324438
1605709800,11894.7097,11505.788905031002,,1,0,0,249.03090897298344
1605796200,11985.4302,11505.788905031002,,1,0,0,242.5022226177704
1605882600,11906.4412,11523.1343872676,,1,0,0,233.3130424307869
1606141800,11905.9414,11523.1343872676,,1,0,0,229.81215368573072
1606228200,12079.8064,11555.626944186755,,1,0,0,228.8152569938929
1606314600,12152.2153,11721.66504976808,,1,0,0,219.27024578004344
1606487400,12258.2118,11863.752514791273,,1,0,0,214.64343536718317
1606746600,12268.3164,11863.752514791273,,1,0,0,214.21736855524153
1606833000,12455.3264,12016.860471980932,,1,0,0,216.1809708012957
1606919400,12456.407,12016.860471980932,,1,0,0,211.7377514583461
1607005800,12467.129,12115.774126304552,,1,0,0,203.29616206846427
1607092200,12528.4827,12135.989608674097,,1,0,0,194.53985763500262
1607351400,12596.469,12229.796262806689,,1,0,0,186.8499249467882
1607437800,12635.7212,12245.79845652602,,1,0,0,183.95967316487472
1607524200,12364.6381,12245.79845652602,,1,0,0,194.5296393673837
1607610600,12401.743,12245.79845652602,,1,0,0,196.4715579839992
1607697000,12375.41,12245.79845652602,,1,0,0,194.219303842285
1607956200,12462.2098,12245.79845652602,,1,0,0,192.4107392821218
1608042600,12595.9216,12245.79845652602,,1,0,0,188.28354361911303
1608129000,12668.1634,12286.959635123545,,1,0,0,184.07792621774777
1608215400,12752.06,12393.10744661119,,1,0,0,177.5585386307658
1608301800,12738.1813,12393.10744661119,,1,0,0,177.89366444285392
1608561000,12690.2569,12393.10744661119,,1,0,0,184.05503126836433
1608647400,12717.5621,12393.10744661119,,1,0,0,181.96660046348123
1608733800,12653.1373,12393.10744661119,,1,0,0,175.25372900180398
1608820200,12711.0092,12393.10744661119,,1,0,0,168.40784121596081
1609165800,12838.8612,12491.422681619697,,1,0,0,167.15705970053503
1609252200,12843.4914,12567.522348457727,,1,0,0,162.9991054362111
1609338600,12845.3572,12582.202518611954,,1,0,0,157.68970504791028
1609425000,12888.2836,12582.202518611954,,1,0,0,153.5217118302025
1609770600,12694.6649,12582.202518611954,,1,0,0,172.04131812804522
1609857000,12802.3758,12582.202518611954,,1,0,0,170.21937397604205
1609943400,12623.3531,12582.202518611954,,1,0,0,174.7661044063247
1610029800,12939.5708,12582.202518611954,,1,0,0,186.80636123444438
1610116200,13105.1991,12650.147857200405,,1,0,0,185.8571068605556
1610375400,12902.4914,12650.147857200405,,1,0,0,188.4106849419445
1610461800,12892.0921,12650.147857200405,,1,0,0,187.36174316037696
1610548200,12973.6326,12650.147857200405,,1,0,0,183.3233615060643
1610634600,12898.6895,12650.147857200405,,1,0,0,181.00670711277397
1610721000,12803.9325,12650.147857200405,,1,0,0,181.16294231900434
1611066600,12996.5367,12650.147857200405,,1,0,0,183.09086072478976
1611153000,13296.45,12837.792401661498,,1,0,0,193.99343495873333
1611239400,13404.9865,12980.550981495348,,1,0,0,189.93966817596655
1611325800,13366.397,13010.545288345813,,1,0,0,181.23617759196904
1611585000,13483.2906,13010.545288345813,,1,0,0,193.8699363353998
1611671400,13490.1857,13112.823079060108,,1,0,0,186.87757659715695
1611757800,13112.6498,,13642.977183845902,1,0,0,206.1037068402172
1611844200,13201.5329,,13642.977183845902,1,0,0,212.03905635163036
1611930600,12925.3756,,13477.539538915182,1,0,0,222.3290308979425
1612189800,13248.9001,,13477.539538915182,1,0,0,231.7942286909466
1612276200,13456.119,,13477.539538915182,1,0,0,233.26119807016468
1612362600,13402.3736,,13477.539538915182,1,0,0,228.1262696365815
1612449000,13560.8907,13022.02459258275,,1,0,0,223.31407180539708
1612535400,13603.956,13145.868453324474,,1,0,0,215.58866667644017
1612794600,13695.0244,13238.730927992028,,1,0,0,206.93618334240878
1612881000,13687.0847,13314.815020192824,,1,0,0,197.66134167509378
1612967400,13655.2675,13314.815020192824,,1,0,0,200.61261726972992
1613053800,13734.3471,13314.815020192824,,1,0,0,194.1406160361778
1613140200,13807.6961,13362.946031720568,,1,0,0,191.6641077478793
1613485800,13773.7658,13436.459533548514,,1,0,0,188.9023286230308
1613572200,13699.7114,13436.459533548514,,1,0,0,191.20223372138565
1613658600,13637.5128,13436.459533548514,,1,0,0,193.44090274128672
1613745000,13580.7757,13436.459533548514,,1,0,0,190.7840668311948
1614004200,13223.7395,,13743.150052538822,1,0,0,202.8711334861095
1614090600,13194.7065,,13477.50096728494,1,0,0,224.21793109424453
1614177000,13302.1887,,13477.50096728494,1,0,0,232.5312574446556
1614263400,12828.3107,,13477.50096728494,1,0,0,253.6665176271802
1614349800,12909.4431,,13477.50096728494,1,0,0,258.83452351095315
1614609000,13282.9528,,13477.50096728494,1,0,0,267.7987218315994
1614695400,13059.949,,13477.50096728494,1,0,0,266.4917559864852
1614781800,12683.3283,,13457.863254867027,1,0,0,274.60342341602205
1614868200,12464.0027,,13183.944794380324,1,0,0,289.6256074577348
1614954600,12668.511,,13117.77910494229,1,0,0,304.12139978218227
1615213800,12299.0802,,13117.77910494229,1,0,0,313.18452836916924
1615300200,12794.4915,,13117.77910494229,1,0,0,331.48872634279996
1615386600,12752.0675,,13117.77910494229,1,0,0,325.8486530326
1615473000,13052.8991,,13117.77910494229,1,0,0,328.70211353027156
1615559400,12937.2927,,13117.77910494229,1,0,0,324.850083992395
1615815000,13082.5385,,13117.77910494229,1,0,0,315.88696370722386
1615901400,13152.2756,12554.547264818173,,1,0,0,308.6765805852793
1615987800,13202.378,12554.547264818173,,1,0,0,310.21492482918796
1616074200,12789.1443,12554.547264818173,,1,0,0,318.1175587699603
1616160600,12866.9892,12554.547264818173,,1,0,0,309.82004742924886
1616419800,13086.5142,12554.547264818173,,1,0,0,309.15250832715964
1616506200,13017.79,12554.547264818173,,1,0,0,300.43880773236253
1616592600,12798.881,12554.547264818173,,1,0,0,298.9532857514795
1616679000,12780.511,12554.547264818173,,1,0,0,293.151836769231
1616765400,12979.1174,12554.547264818173,,1,0,0,291.54376271428583
1617024600,12965.7426,12554.547264818173,,1,0,0,283.35312966326546
1617111000,12896.5339,12554.547264818173,,1,0,0,275.0932775444607
1617197400,13091.4428,12554.547264818173,,1,0,0,274.7672791484278
1617283800,13329.515,12763.346196646056,,1,0,0,272.42413063782584
1617629400,13598.1631,12985.24794698145,,1,0,0,273.97124273512406
1617715800,13578.4575,13100.947067283305,,1,0,0,262.16508968261525
1617802200,13616.7004,13112.982225554975,,1,0,0,251.73685470528557
1617888600,13758.5051,13274.088362999477,,1,0,0,244.2184150834794
1617975000,13845.055,13313.90901669953,,1,0,0,239.23053543465946
1618234200,13819.3506,13370.639140029576,,1,0,0,229.10141147504095
1618320600,13986.4941,13521.334496026619,,1,0,0,225.821403512538
1618407000,13803.9143,13521.334496026619,,1,0,0,224.574731833071
1618493400,14026.1946,13562.867093781562,,1,0,0,225.404722416423
1618579800,14041.9081,13611.269534403405,,1,0,0,215.29257081524995
1618839000,13907.6711,13611.269534403405,,1,0,0,214.64015147130354
1618925400,13809.3041,13611.269534403405,,1,0,0,213.9015406519246
1619011800,13935.1523,13611.269534403405,,1,0,0,214.49844489107286
1619098200,13762.3577,13611.269534403405,,1,0,0,216.1250988274248
1619184600,13941.442,13611.269534403405,,1,0,0,216.90689176832305
1619443800,14026.1598,13611.269534403405,,1,0,0,209.9469923562999
1619530200,13960.2785,13611.269534403405,,1,0,0,203.31995004513553
1619616600,13901.6159,13611.269534403405,,1,0,0,195.72061075619732
1619703000,13970.2049,13611.269534403405,,1,0,0,198.69642427361177
1619789400,13860.7595,13611.269534403405,,1,0,0,193.88817253978235
1620048600,13799.7186,13611.269534403405,,1,0,0,192.20633878694068
1620135000,13544.6678,,13956.009101547468,1,0,0,207.30662887358773
1620221400,13503.3708,,13956.009101547468,1,0,0,206.66192681118864
1620307800,13613.7317,,13917.129515753448,1,0,0,207.17720346753228
1620394200,13719.6283,,13917.129515753448,1,0,0,206.73048893413707
1620653400,13359.0806,,13917.129515753448,1,0,0,217.75005401027013
1620739800,13351.2671,,13689.627719884265,1,0,0,222.68918586667942
1620826200,13001.6339,,13585.126152895838,1,0,0,234.2176511619165
1620912600,13109.1469,,13585.126152895838,1,0,0,233.55942607892237
1620999000,13393.1152,,13585.126152895838,1,0,0,239.79479564471367
1621258200,13312.9081,,13585.126152895838,1,0,0,236.70563167009132
1621344600,13217.6777,,13585.126152895838,1,0,0,233.2029436936562
1621431000,13237.9067,,13585.126152895838,1,0,0,234.37618342982364
1621517400,13494.0915,,13585.126152895838,1,0,0,238.21389889912194
1621603800,13411.7362,,13585.126152895838,1,0,0,233.50652040632758
1621863000,13641.7519,13113.182096608212,,1,0,0,236.53239752016134
1621949400,13657.7299,13217.892456947393,,1,0,0,228.19896912586412
1622035800,13702.7405,13268.971781252652,,1,0,0,216.77994275973097
1622122200,13657.8462,13291.789043127388,,1,0,0,206.48316113403592
1622208600,13686.5118,13346.733068814649,,1,0,0,199.44547819589044
1622554200,13654.5887,13346.733068814649,,1,0,0,197.4374726104698
1622640600,13675.7938,13346.733068814649,,1,0,0,190.6573745668649
1622727000,13529.6838,13346.733068814649,,1,0,0,191.7491406692317
1622813400,13770.7748,13346.733068814649,,1,0,0,196.27340205000084
1623072600,13802.8919,13399.34652368536,,1,0,0,189.2754733321437
1623159000,13810.8629,13472.585321316827,,1,0,0,187.68308952270482
1623245400,13814.9422,13516.319624185142,,1,0,0,180.695040271083
1623331800,13960.3464,13555.195391766629,,1,0,0,178.36271596600574
1623418200,13998.2979,13651.705067589966,,1,0,0,170.2401076827197
1623677400,14128.1967,13730.402250830968,,1,0,0,169.89362856252544
1623763800,14030.4077,13759.128605747874,,1,0,0,166.27720509377357
1623850200,13983.0116,13759.128605747874,,1,0,0,172.72229758707545
1623936600,14163.8089,13759.128605747874,,1,0,0,178.87875490228438
1624023000,14049.5848,13759.128605747874,,1,0,0,176.0448581235498
1624282200,14137.2296,13759.128605747874,,1,0,0,176.5434896861534
1624368600,14270.4158,13867.104737344562,,1,0,0,175.39599756571377
1624455000,14274.2428,13963.696863610106,,1,0,0,168.37910488244847
1624541400,14365.9588,14062.202002249094,,1,0,0,167.41642596227354
1624627800,14345.1821,14062.202002249094,,1,0,0,160.99000267925402
1624887000,14524.9775,14154.241450821768,,1,0,0,162.69678105930726
1624973400,14572.7465,14229.87041073959,,1,0,0,157.7431324122139
1625059800,14554.8017,14277.51863466563,,1,0,0,150.14927295419858
1625146200,14560.0539,14277.51863466563,,1,0,0,146.08282488604146
1625232600,14727.6318,14404.036522579163,,1,0,0,148.36846596560991
1625578200,14786.3566,14433.354370321245,,1,0,0,149.352532682352
1625664600,14810.5351,14527.657393289122,,1,0,0,149.78735177646973
1625751000,14722.1358,14527.657393289122,,1,0,0,157.5723123638647
1625837400,14826.0933,14527.657393289122,,1,0,0,157.2590543378744
1626096600,14877.8908,14561.639771107768,,1,0,0,152.14516474231192
1626183000,14874.5435,14625.856713996993,,1,0,0,152.59749583214685
1626269400,14900.4396,14643.085682597293,,1,0,0,150.94054612985065
1626355800,14794.6908,14643.085682597293,,1,0,0,153.7278714062898
1626442200,14681.3772,14643.085682597293,,1,0,0,157.66673059155482
1626701400,14549.0932,,14844.495559986573,1,0,0,162.56945697787242
1626787800,14728.2094,,14844.495559986573,1,0,0,169.51581005088156
1626874200,14842.6308,,14844.495559986573,1,0,0,166.9118664758185
1626960600,14940.1652,14578.899579069788,,1,0,0,162.04339744183136
1627047000,15111.7909,14707.73110116281,,1,0,0,163.73131905312917
1627306200,15125.951,14780.181601046528,,1,0,0,158.7589105493342
1627392600,14956.9711,14780.181601046528,,1,0,0,171.57233122438166
1627479000,15018.0991,14780.181601046528,,1,0,0,171.12441470835452
1627565400,15048.362,14780.181601046528,,1,0,0,165.15372794347215
1627651800,14959.8963,14780.181601046528,,1,0,0,165.21216166179553
1627911000,14963.6238,14780.181601046528,,1,0,0,161.60832154309588
1627997400,15061.4219,14780.181601046528,,1,0,0,164.2884414328747
1628083800,15083.3907,14780.181601046528,,1,0,0,159.71399561624074
1628170200,15181.6388,14829.163350651712,,1,0,0,155.51137450079497
1628256600,15109.3572,14829.163350651712,,1,0,0,152.87613346502394
1628515800,15133.1097,14835.32153902789,,1,0,0,147.16530964609368
1628602200,15053.5815,14835.32153902789,,1,0,0,148.03147324280118
1628688600,15027.7572,14835.32153902789,,1,0,0,148.54220372545817
1628775000,15088.9827,14835.32153902789,,1,0,0,148.05079631649687
1628861400,15136.6776,14841.185031766196,,1,0,0,142.55964657960422
1629120600,15140.7722,14841.185031766196,,1,0,0,147.4393432524897
1629207000,15002.8267,14841.185031766196,,1,0,0,153.66146159159752
1629293400,14857.9238,14841.185031766196,,1,0,0,156.49927147791206
1629379800,14933.9353,14841.185031766196,,1,0,0,161.53464494377553
1629466200,15092.5679,14841.185031766196,,1,0,0,162.1393274477916
1629725400,15312.8159,14894.31447041051,,1,0,0,168.3364540586637
1629811800,15357.6803,15025.826508369459,,1,0,0,161.4271573401878
1629898200,15368.9187,15067.108917532512,,1,0,0,154.3565103873172
1629984600,15278.5188,15067.108917532512,,1,0,0,150.76290964536594
1630071000,15432.9508,15069.567213701335,,1,0,0,152.03056609926833
1630330200,15605.0868,15232.3630573312,,1,0,0,154.57626852074912
1630416600,15582.5122,15270.119406598082,,1,0,0,149.4139850549813
1630503000,15611.565,15363.115985938273,,1,0,0,146.87799326533988
1630589400,15604.2482,15363.115985938273,,1,0,0,145.4915651749585
1630675800,15652.859,15363.115985938273,,1,0,0,143.18119623389
1631021400,15675.764,15387.390327899,,1,0,0,139.46643221718352
1631107800,15620.8471,15387.390327899,,1,0,0,140.0269799159561
1631194200,15561.0474,15387.390327899,,1,0,0,138.5050670648165
1631280600,15440.7482,15387.390327899,,1,0,0,145.75994084590104
1631539800,15434.5027,15387.390327899,,1,0,0,150.39012364262243
1631626200,15382.9031,,15745.732021527418,1,0,0,152.07017909672075
1631712600,15503.5327,,15734.235614374677,1,0,0,155.6758877326693
1631799000,15515.9073,,15734.235614374677,1,0,0,156.57459575176432
1631885400,15333.4707,,15719.799028143489,1,0,0,161.45236748378116
1632144600,15012.1854,,15390.13555032914,1,0,0,186.52323409208248
1632231000,15027.7699,,15390.13555032914,1,0,0,184.122395942648
1632317400,15176.5095,,15390.13555032914,1,0,0,185.4399176610304
1632403800,15316.5808,,15390.13555032914,1,0,0,185.08083782809965
1632490200,15329.6782,,15390.13555032914,1,0,0,181.60192084037826
1632749400,15204.8249,,15390.13555032914,1,0,0,184.57544078035124
1632835800,14770.3021,,15335.269557820968,1,0,0,203.237237867469
1632922200,14752.8858,,15250.609942038871,1,0,0,202.11357087693548
1633008600,14689.616,,15213.619252834984,1,0,0,202.2250729571544
1633095000,14791.8661,,15132.636127551486,1,0,0,207.4751391745004
1633354200,14472.1235,,15033.343654796337,1,0,0,221.72225066203606
1633440600,14674.1454,,15033.343654796337,1,0,0,226.70743990046208
1633527000,14766.7541,,15033.343654796337,1,0,0,230.23956562185762
1633613400,14897.1319,,15033.343654796337,1,0,0,231.19116807743922
1633699800,14820.7474,,15033.343654796337,1,0,0,224.8809917861936
1633959000,14713.7282,,15033.343654796337,1,0,0,222.99855665860838
1634045400,14662.1089,,15033.343654796337,1,0,0,217.6734668972792
1634131800,14774.6009,,15033.343654796337,1,0,0,212.0338406903308
1634218200,15052.4211,14535.605548090605,,1,0,0,217.26655206959296
1634304600,15146.9214,14687.200248281544,,1,0,0,208.72759835033634
1634563800,15300.8881,14766.40123845339,,1,0,0,210.4471556110265
1634650200,15410.718,14962.741624608052,,1,0,0,203.56420163881037
1634736600,15388.7061,15005.985827147248,,1,0,0,197.8576229503239
1634823000,15489.5898,15044.267559432523,,1,0,0,194.23092845387217
1634909400,15355.0653,15044.267559432523,,1,0,0,194.4745764214527
1635168600,15514.1938,15060.449202640344,,1,0,0,196.09514953420606
1635255000,15559.4871,15227.408362376309,,1,0,0,196.13075313890565
1635341400,15598.3933,15271.611086138679,,1,0,0,194.2830707718409
1635427800,15778.1621,15335.53986252481,,1,0,0,193.66306571670947
1635514200,15850.4716,15360.87128127233,,1,0,0,195.41274673694457
1635773400,15905.2776,15474.568093145095,,1,0,0,190.3856219700199
1635859800,15972.4944,15574.651843830588,,1,0,0,184.71990611501846
1635946200,16144.5033,15690.358029447529,,1,0,0,186.3121556782314
1636032600,16346.2439,15902.702696502774,,1,0,0,190.3933017012148
1636119000,16359.3768,16009.341796852497,,1,0,0,187.68087300827074
1636381800,16336.0272,16009.341796852497,,1,0,0,180.5554320791085
1636468200,16219.9351,16009.341796852497,,1,0,0,184.31997978774353
1636554600,15985.5724,,16453.919958444527,1,0,0,193.95598123147616
1636641000,16032.4726,,16444.074852600075,1,0,0,189.43588257208503
1636727400,16199.8852,,16444.074852600075,1,0,0,190.6030552455075
1636986600,16189.1151,,16444.074852600075,1,0,0,188.4429298708283
1637073000,16309.7677,,16444.074852600075,1,0,0,187.32631345148337
1637159400,16308.0714,,16444.074852600075,1,0,0,182.67294820494888
1637245800,16482.9741,16044.398004769682,,1,0,0,183.47137333316664
1637332200,16573.3433,16221.082414292712,,1,0,0,180.57264666651196
1637591400,16380.9784,16221.082414292712,,1,0,0,195.53740047604697
1637677800,16306.7163,16221.082414292712,,1,0,0,202.69952901347213
1637764200,16367.8144,16221.082414292712,,1,0,0,207.11671979822407
1637937000,16025.5826,,16606.050443097552,1,0,0,219.3845969554938
1638196200,16399.2397,,16606.050443097552,1,0,0,233.11254003010143
1638282600,16135.9243,,16606.050443097552,1,0,0,243.661715742237
1638369000,15877.7168,,16606.050443097552,1,0,0,266.4851003320772
1638455400,15990.7618,,16502.766117206305,1,0,0,268.55042887978595
1638541800,15712.0411,,16451.453300485675,1,0,0,288.3901982455156
1638801000,15846.1586,,16367.839980437106,1,0,0,292.1340983708359
1638887400,16325.6617,,16367.839980437106,1,0,0,306.80357705863327
1638973800,16394.3355,15687.932717845944,,1,0,0,295.65389298301653
1639060200,16149.5719,15687.932717845944,,1,0,0,293.95654348422977
1639146600,16331.9799,15687.932717845944,,1,0,0,287.25380466392755
1639405800,16082.5457,15687.932717845944,,1,0,0,285.0998043307898
1639492200,15914.8973,15687.932717845944,,1,0,0,289.00288259287635
1639578600,16289.5949,15687.932717845944,,1,0,0,307.955169550528
1639665000,15863.938,15687.932717845944,,1,0,0,324.3795788683474
1639751400,15801.4606,15687.932717845944,,1,0,0,322.3635589491796
1640010600,15627.6433,,16262.269933551903,1,0,0,320.24619759566673
1640097000,15986.277,,16262.269933551903,1,0,0,324.52332633883344
1640183400,16180.1373,,16262.269933551903,1,0,0,318.39248874320253
1640269800,16308.2096,15640.482150190663,,1,0,0,308.5508966901166
1640615400,16567.5002,15841.952610171596,,1,0,0,305.0421540693939
1640701800,16488.6613,15942.935909154437,,1,0,0,293.87487163586576
1640788200,16491.0095,15942.935909154437,,1,0,0,283.79520937616115
1640874600,16429.1001,15956.155254415095,,1,0,0,274.5594015635783
1640961000,16320.0796,15956.155254415095,,1,0,0,265.47377288046556
1641220200,16501.7681,15956.155254415095,,1,0,0,260.6180891032894
1641306600,16279.7322,15956.155254415095,,1,0,0,267.85710416734025
1641393000,15771.7752,,16580.154787993255,1,0,0,285.57379672681606
1641479400,15765.3582,,16329.248324193932,1,0,0,286.03500410347203
1641565800,15592.1874,,16259.740586774536,1,0,0,287.6185466675097
1641825000,15614.4259,,16010.156138097083,1,0,0,300.10179333411617
1641911400,15844.123,,16010.156138097083,1,0,0,303.7839080959649
1641997800,15905.0963,,16010.156138097083,1,0,0,296.4739432319674
1642084200,15495.6169,,16010.156138097083,1,0,0,312.6037187153983
1642170600,15611.594,,16010.156138097083,1,0,0,306.03998880715557
1642516200,15210.7581,,15962.433091150946,1,0,0,314.7967967495016
1642602600,15047.8422,,15861.958902035854,1,0,0,316.85194698168004
1642689000,14846.4564,,15779.704626832267,1,0,0,331.0004007687029
1642775400,14438.3995,,15358.30540914904,1,0,0,338.4874007137954
1643034600,14509.5818,,14927.237118234138,1,0,0,372.0038220913815
1643121000,14149.1216,,14927.237118234138,1,0,0,379.4156562277114
1643207400,14172.7592,,14927.237118234138,1,0,0,398.039037925732
1643293800,14003.1115,,14927.237118234138,1,0,0,401.50544235960825
1643380200,14454.6123,,14927.237118234138,1,0,0,414.06253933392196
1643639400,14930.0525,13786.827598692425,,1,0,0,419.6042150957847
1643725800,15019.6771,14023.279278823184,,1,0,0,409.9845283032286
1643812200,15139.7391,14249.706600940865,,1,0,0,397.525154852998
1643898600,14501.1125,14249.706600940865,,1,0,0,416.88362236349815
1643985000,14694.3508,14249.706600940865,,1,0,0,414.232899337534
1644244200,14571.2478,14249.706600940865,,1,0,0,405.30456367056735
1644330600,14747.026,14249.706600940865,,1,0,0,397.7427805512411
1644417000,15056.9599,14249.706600940865,,1,0,0,391.53795336900964
1644503400,14705.6365,14249.706600940865,,1,0,0,393.59555669979466
1644589800,14253.839,14249.706600940865,,1,0,0,406.5600026498093
1644849000,14268.5947,14249.706600940865,,1,0,0,397.59487388910856
1644935400,14620.8162,14249.706600940865,,1,0,0,394.61918289702936
1645021800,14603.6357,14249.706600940865,,1,0,0,384.18236269009867
1645108200,14171.7358,,15107.31971137971,1,0,0,388.75554392652026
1645194600,14009.5425,,14836.420765241739,1,0,0,382.9135336460546
1645540200,13870.5295,,14680.522708717564,1,0,0,383.3017526713365
1645626600,13509.4338,,14564.816287845808,1,0,0,394.0193846233838
1645713000,13974.6689,,14428.006739061228,1,0,0,431.8506571502849
1645799400,14189.1641,,14428.006739061228,1,0,0,425.4835244966932
1646058600,14237.8098,,14428.006739061228,1,0,0,415.6087227469293
1646145000,14005.9873,,14428.006739061228,1,0,0,411.96950683643433
1646231400,14243.6942,,14428.006739061228,1,0,0,406.1167134909747
1646317800,14035.2121,,14428.006739061228,1,0,0,404.0690125273337
1646404200,13837.8291,,14428.006739061228,1,0,0,396.39294020395283
1646663400,13319.3798,,14421.374106490186,1,0,0,408.411694475099
1646749800,13267.605,,14245.249020841167,1,0,0,417.3729805840206
1646836200,13742.1987,,14245.249020841167,1,0,0,425.0964462565906
1646922600,13590.9954,,14245.249020841167,1,0,0,419.21355009540565
1647009000,13301.8297,,14245.249020841167,1,0,0,419.93068223144803
1647264600,13046.6404,,14043.167624968888,1,0,0,416.0972263577732
1647351000,13458.5641,,14043.167624968888,1,0,0,417.9146101893608
1647437400,13956.7851,,14043.167624968888,1,0,0,423.89833089012075
1647523800,14118.5999,13142.91149224768,,1,0,0,414.92910725511217
1647610200,14420.0807,13388.107833022912,,1,1,0,414.79385673688995
1647869400,14376.0902,13525.01754972062,,1,0,0,405.1768098271122
1647955800,14654.3318,13749.65509474856,,1,0,0,398.58433055374695
1648042200,14447.5451,13807.781245273702,,1,0,0,386.92071408562214
1648128600,14765.6945,13858.474075746333,,1,0,0,382.64521307950633
1648215000,14754.3092,13974.924073171698,,1,0,0,371.6194907166844
1648474200,14987.4031,14145.735670854529,,1,0,0,365.30106995120696
1648560600,15239.3175,14465.327083769076,,1,0,0,359.0666149546922
1648647000,15071.5473,14465.327083769076,,1,0,0,349.7746138864998
1648733400,14838.4935,14465.327083769076,,1,0,0,342.87794146603557
1648819800,14861.2116,14465.327083769076,,1,0,0,332.82202421846165
1649079000,15159.5812,14465.327083769076,,1,0,0,330.52571534571433
1649165400,14820.639,14465.327083769076,,1,0,0,333.84607139244906
1649251800,14498.885,14465.327083769076,,1,0,0,340.3741662929883
1649338200,14531.8103,14465.327083769076,,1,0,0,338.10076870063193
1649424600,14327.2563,,15031.107215248954,1,0,0,329.9600852220154
1649683800,13990.2054,,14721.983158724059,1,0,0,331.2568648490143
1649770200,13940.2404,,14721.983158724059,1,0,0,334.88023164551316
1649856600,14217.2902,,14721.983158724059,1,0,0,335.1980079565479
1649943000,13893.2146,,14718.702009159839,1,0,0,336.29590738822293
1650288600,13910.7634,,14527.973248243854,1,0,0,327.20112828906406
1650375000,14210.2562,,14527.973248243854,1,0,0,331.8129334112738
1650461400,13998.5295,,14527.973248243854,1,0,0,329.5940238818971
1650547800,13720.4527,,14527.973248243854,1,0,0,348.51741503319005
1650634200,13356.8691,,14270.591274422795,1,0,0,354.0953496736765
1650893400,13533.2244,,14094.199741980514,1,0,0,350.37667469698533
1650979800,13009.7129,,13966.477842782462,1,0,0,362.7476479329149
1651066200,13003.3565,,13814.318383504216,1,0,0,358.66028022342095
1651152600,13456.0582,,13814.318383504216,1,0,0,371.55651020746234
1651239000,12854.8036,,13814.318383504216,1,0,0,389.3436523355007
1651498200,13075.8472,,13701.172391924574,1,0,0,387.7438914543935
1651584600,13089.8985,,13701.172391924574,1,0,0,374.05108492193676
1651671000,13535.7091,,13701.172391924574,1,0,0,395.1287931417984
1651757400,12850.5527,,13701.172391924574,1,0,0,425.84208648881287
1651843800,12693.5347,,13616.52333195171,1,1,0,424.26803745389765
1652103000,12187.721,,13253.388838756542,1,0,0,433.77366335004774
1652189400,12345.8557,,13251.283279880887,1,0,0,428.8198945393301
1652275800,11967.5569,,13117.3973668928,1,0,0,436.1755092150922
1652362200,11945.497,,12818.91004520352,1,0,0,436.20667284258565
1652448600,12387.3968,,12818.91004520352,1,0,0,439.605324782401
1652707800,12243.5773,,12818.91004520352,1,0,0,422.44075872651507
1652794200,12564.101,,12818.91004520352,1,0,0,415.795904531764
1652880600,11928.3115,,12818.91004520352,1,0,0,434.4608113509238
1652967000,11875.6259,,12789.771053766226,1,0,0,422.78917482585774
1653053400,11835.6194,,12651.581903389602,1,0,0,432.0478266240107
1653312600,12034.2805,,12651.581903389602,1,0,0,419.90506757943865
1653399000,11769.8402,,12563.56013224558,1,0,0,422.638612752336
1653485400,11943.9279,,12563.56013224558,1,0,0,414.9228118414548
1653571800,12276.7887,,12563.56013224558,1,0,0,416.4179181384938
1653658200,12681.4209,11710.713009592973,,1,0,0,415.6589811286015
1654003800,12642.1001,11816.580298633675,,1,0,0,406.0059467622728
1654090200,12548.3636,11841.271953770309,,1,0,0,402.9027005649676
1654176600,12892.8862,11864.606573393276,,1,0,0,406.25694338175566
1654263000,12548.0252,11864.606573393276,,1,0,0,404.8902831402017
1654522200,12599.6299,11891.300388948554,,1,0,0,395.2466700587588
1654608600,12711.6754,11891.300388948554,,1,0,0,390.1392293402761
1654695000,12615.1285,11949.350406548328,,1,0,0,376.4221843873992
1654781400,12269.7831,11949.350406548328,,1,0,0,378.14529978829927
1654867800,11832.8207,,12704.888641695852,1,0,0,382.8800212319923
1655127000,11288.3182,,12202.921517526269,1,0,0,396.8625697154215
1655213400,11311.6855,,12066.885215773642,1,0,0,383.6791433071772
1655299800,11593.7714,,12066.885215773642,1,0,0,387.67414735666455
1655386200,11127.5725,,11975.971373776649,1,0,0,399.7375868311885
1655472600,11265.988,,11975.971373776649,1,1,0,390.33055205753215
1655818200,11546.7575,,11975.971373776649,1,0,0,389.0558554819941
1655904600,11527.7122,,11975.971373776649,1,0,0,381.6146086618516
1655991000,11697.6764,,11975.971373776649,1,0,0,369.65159375743366
1656077400,12105.8483,11231.816764611625,,1,0,0,372.9010942033312
1656336600,12008.2435,11371.148218150463,,1,0,0,361.28733747452173
1656423000,11637.7685,11371.148218150463,,1,0,0,371.24842765491303
1656509400,11658.2628,11371.148218150463,,1,0,0,357.0511542509907
1656595800,11503.7169,11371.148218150463,,1,0,0,355.50452894734855
1656682200,11585.676,11371.148218150463,,1,0,0,345.4127483082521
1657027800,11779.9045,11371.148218150463,,1,0,0,350.43090914337694
1657114200,11852.5877,11371.148218150463,,1,0,0,340.6823156331357
1657200600,12109.0533,11371.245591811186,,1,0,0,336.7138930879118
1657287000,12125.6907,11441.289367630066,,1,0,0,328.6123435816324
1657546200,11860.2808,11441.289367630066,,1,0,0,326.1975833258015
1657632600,11744.9856,11441.289367630066,,1,0,0,324.7848630882442
1657719000,11728.5275,11441.289367630066,,1,0,0,324.49514429622667
1657805400,11768.3952,11441.289367630066,,1,0,0,323.6624197036391
1657891800,11983.6238,11441.289367630066,,1,0,0,316.19550401052203
1658151000,11877.4996,11441.289367630066,,1,0,0,316.43593229548475
1658237400,12249.4197,11489.13227328628,,1,0,0,321.0383871315216
1658323800,12439.6819,11747.443845957654,,1,0,0,316.40623805069856
1658410200,12619.4087,11880.578906361889,,1,0,0,313.0258353327915
1658496600,12396.4672,11880.578906361889,,1,0,0,314.9557185233064
1658755800,12328.4121,11880.578906361889,,1,0,0,304.6867886287846
1658842200,12086.8959,11880.578906361889,,1,0,0,302.72374658387145
1658928600,12601.4701,11880.578906361889,,1,0,0,322.09139325645214
1659015000,12717.8706,11950.780785368632,,1,0,0,321.104486595277
1659101400,12947.9749,12229.472631831768,,1,1,0,317.36658040990005
1659360600,12940.7831,12344.315178648592,,1,0,0,312.65844609490716
1659447000,12901.6008,12344.315178648592,,1,0,0,309.2009999452709
1659533400,13253.259,12509.13978120536,,1,0,0,314.800192806323
1659619800,13311.0414,12656.728493084824,,1,0,0,303.4772147487286
1659706200,13207.6924,12656.728493084824,,1,0,0,298.9915422666765
1659965400,13159.1613,12668.297759898707,,1,0,0,298.40205353334244
1660051800,13008.1654,12668.297759898707,,1,0,0,292.3423068523894
1660138200,13378.3213,12718.767517017954,,1,0,0,298.5094135057902
1660224600,13291.9865,12830.342545316158,,1,0,0,297.4752125410909
1660311000,13565.8719,12874.265760784541,,1,0,0,295.79022593101297
1660570200,13667.1801,13051.318119706088,,1,0,0,286.1712455073692
1660656600,13635.2097,13073.810632735478,,1,0,0,280.9047422568427
1660743000,13470.8572,13073.810632735478,,1,0,0,278.36804638135396
1660829400,13505.9909,13073.810632735478,,1,0,0,269.02357878268583
1660915800,13242.9014,13073.810632735478,,1,0,0,270.8915302982083
1661175000,12890.5384,,13510.743779032253,1,0,0,278.9050638483363
1661261400,12881.7888,,13446.179036129026,1,0,0,269.5552450020265
1661347800,12917.8637,,13417.198142516125,1,0,0,261.1268775018817
1661434200,13143.5829,,13417.198142516125,1,0,0,258.8303433946044
1661520600,12605.166,,13417.198142516125,1,0,0,281.1887402949899
1661779800,12484.3217,,13053.271408244253,1,0,0,272.87285170249055
1661866200,12342.6984,,12955.572007419829,1,0,0,277.0999480094555
1661952600,12272.0305,,12925.777006677845,1,0,0,274.0264374373515
1662039000,12274.6246,,12693.72606601006,1,0,0,274.26392762039785
1662125400,12098.4426,,12693.72606601006,1,0,0,284.3705827903694
1662471000,12011.3136,,12599.24821396815,1,0,0,280.030898305343
1662557400,12259.3874,,12599.24821396815,1,0,0,280.5151055692471
1662643800,12321.1939,,12599.24821396815,1,0,0,278.61140517144383
1662730200,12588.2917,,12599.24821396815,1,0,0,279.3704333734835
1662989400,12739.7216,12161.861632335496,,1,0,0,271.1680167039489
1663075800,12033.6203,,12840.265015898054,1,0,0,304.3206226536669
1663162200,12134.3994,,12689.352214308246,1,0,0,293.57063532126205
1663248600,11927.4873,,12604.113552877423,1,0,0,292.9913256554575
1663335000,11861.3762,,12370.270952589679,1,0,0,287.57993810863917
1663594200,11953.2747,,12370.270952589679,1,0,0,281.6354853865936
1663680600,11851.5371,,12370.270952589679,1,0,0,275.2030721446941
1663767000,11637.7915,,12370.270952589679,1,0,0,285.993931277216
1663853400,11501.6475,,12087.736180489088,1,0,0,279.0607504717005
1663939800,11311.2436,,11851.30826744018,1,1,0,282.8414040094361
1664199000,11254.1119,,11851.30826744018,1,0,0,279.6114394373335
1664285400,11271.7497,,11851.30826744018,1,0,0,283.00301519180977
1664371800,11493.8273,,11851.30826744018,1,0,0,286.79309982096623
1664458200,11164.7804,,11799.404835817502,1,0,0,298.7995426908973
1664544600,10971.2224,,11746.377752235752,1,0,0,300.9714539272618
1664803800,11229.7275,,11746.377752235752,1,0,0,302.7022929324574
1664890200,11582.5387,,11746.377752235752,1,0,0,308.18943629442464
1664976600,11573.1825,,11746.377752235752,1,0,0,310.11159084482284
1665063000,11485.5042,,11746.377752235752,1,0,0,301.3694986416212
1665149400,11039.4693,,11746.377752235752,1,0,0,315.117484452934
1665408600,10926.9659,,11574.634009418969,1,0,0,309.67784984915295
1665495000,10791.3477,,11470.046728477073,1,0,0,306.5275105742135
1665581400,10785.6152,,11405.832490629367,1,0,0,294.0355669617698
1665667800,11033.5805,,11405.832490629367,1,0,0,319.24886932164344
1665754200,10692.058,,11405.832490629367,1,0,0,330.40349294152605
1666013400,11062.5317,,11405.832490629367,1,0,0,335.28952201713133
1666099800,11147.7356,,11405.832490629367,1,0,0,335.5244490159078
1666186200,11103.3772,,11405.832490629367,1,0,0,327.511966943343
1666272600,11046.7061,,11405.832490629367,1,0,0,324.01351930453274
1666359000,11310.3322,,11405.832490629367,1,0,0,326.99570363992325
1666618200,11430.2622,10657.62852741449,,1,0,0,325.1884319513573
1666704600,11669.9927,10937.074389673044,,1,0,0,319.9310296691175
1666791000,11405.8958,10937.074389673044,,1,0,0,317.19680612132345
1666877400,11191.6305,10937.074389673044,,1,0,0,311.47799139837167
1666963800,11546.2064,10937.074389673044,,1,0,0,316.8125205842024
1667223000,11405.5691,10937.074389673044,,1,0,0,309.53615482818776
1667309400,11288.9525,10937.074389673044,,1,0,0,308.576865197603
1667395800,10906.3432,,11809.760206763818,1,0,0,322.78093196920287
1667482200,10690.5987,,11398.913806087436,1,0,0,315.833565399974
1667568600,10857.0273,,11398.913806087436,1,1,0,314.86182501426157
1667831400,10976.9986,,11398.913806087436,1,0,0,305.4836660846714
1667917800,11059.4973,,11398.913806087436,1,0,0,304.69013279290914
1668004200,10797.5503,,11398.913806087436,1,0,0,302.15150187912997
1668090600,11605.9555,10725.05117556843,,1,0,0,338.7587231734778
1668177000,11817.0085,10997.884643011588,,1,0,0,336.3121643753721
1668436200,11700.9404,11106.578433710429,,1,0,0,326.19793120570273
1668522600,11871.1483,11221.483605339386,,1,0,0,326.0418646910097
1668609000,11699.0865,11221.483605339386,,1,0,0,316.8969172130805
1668695400,11676.8567,11221.483605339386,,1,0,0,309.8499374121462
1668781800,11677.0173,11221.483605339386,,1,0,0,303.0777918827072
1669041000,11553.4515,11221.483605339386,,1,0,0,292.32781389108516
1669127400,11724.8375,11221.483605339386,,1,0,0,287.7630486131505
1669213800,11838.7151,11266.067982151968,,1,0,0,277.52345228363976
1669386600,11756.0337,11283.03201893677,,1,0,0,264.12348426337974
1669645800,11587.7516,11283.03201893677,,1,0,0,260.227235387424
1669732200,11503.4506,11283.03201893677,,1,0,0,253.28172571689365
1669818600,12030.06,11283.03201893677,,1,0,0,274.4366810228298
1669905000,12041.8948,11505.136444454418,,1,0,0,268.1682395211991
1669991400,11994.2596,11505.136444454418,,1,0,0,264.46790098397054
1670250600,11786.7999,11505.136444454418,,1,0,0,264.2995009136869
1670337000,11549.6853,11505.136444454418,,1,0,0,267.015922276995
1670423400,11497.3919,,12001.510238058458,1,0,0,258.3523492572096
1670509800,11637.4954,,12001.510238058458,1,0,0,254.28828145312326
1670596200,11563.3265,,12001.510238058458,1,0,0,247.3231684921859
1670855400,11706.4393,,12001.510238058458,1,0,0,242.3934350284583
1670941800,11834.2055,,12001.510238058458,1,0,0,257.93461824071125
1671028200,11740.9242,,12001.510238058458,1,0,0,262.64388122351767
1671114600,11345.2161,,12001.084619747075,1,0,0,275.35336827898067
1671201000,11243.7212,,11820.754202772367,1,1,0,270.53189911619637
1671460200,11084.5937,,11672.195402495132,1,0,0,267.0508777507538
1671546600,11072.4246,,11569.02669224562,1,0,0,260.5866864828428
1671633000,11235.8798,,11569.02669224562,1,0,0,257.2126660197826
1671719400,10956.1438,,11493.979302718952,1,0,0,271.11637558979817
1671805800,10985.4467,,11444.604477447056,1,0,0,264.3361916190984
1672151400,10822.514,,11391.140119702352,1,0,0,258.15770650344854
1672237800,10679.3446,,11288.156777732116,1,0,0,255.96402746748797
1672324200,10951.0476,,11288.156777732116,1,0,0,259.2317755055245
1672410600,10939.7616,,11288.156777732116,1,0,0,253.02996296941564
1672756200,10862.6369,,11288.156777732116,1,0,0,257.96890132874313
1672842600,10914.8009,,11288.156777732116,1,0,0,253.5371083766901
1672929000,10741.2175,,11271.951300177036,1,0,0,248.7517649212123
1673015400,11040.3542,,11271.951300177036,1,0,0,258.56744599826857
1673274600,11108.445,,11271.951300177036,1,0,0,258.99042128410656
1673361000,11205.7797,,11271.951300177036,1,0,0,251.69655547809893
1673447400,11402.5247,10826.013535398846,,1,0,0,247.86893722966337
1673533800,11459.6129,10884.79806185896,,1,0,0,248.36660599897306
1673620200,11541.4818,10967.931030673066,,1,0,0,244.93732699904643
1673965800,11557.1857,11091.737672605757,,1,0,0,236.86515364197172
1674052200,11410.286,11091.737672605757,,1,0,0,240.44289266754512
1674138600,11295.6697,11091.737672605757,,1,0,0,234.57898604843476
1674225000,11619.0268,11091.737672605757,,1,0,0,241.2181941878322
1674484200,11872.5439,11281.033505961637,,1,0,0,245.4906017458442
1674570600,11846.6447,11374.284520365476,,1,0,0,235.76261590685525
1674657000,11814.6868,11374.284520365476,,1,0,0,240.10664334207996
1674743400,12051.4796,11480.026835496034,,1,0,0,240.17899024621715
1674829800,12166.6009,11647.248951946432,,1,0,0,240.75737665720166
1675089000,11912.3856,11647.248951946432,,1,0,0,242.16694261025867
1675175400,12101.9293,11647.248951946432,,1,0,0,238.5651181380974
1675261800,12363.1038,11720.904097268947,,1,0,0,253.5347525568047
1675348200,12803.1401,12174.783427542054,,1,0,0,272.4165273741757
1675434600,12573.3607,12174.783427542054,,1,1,0,274.9412397045916
1675693800,12464.5146,12174.783427542054,,1,0,0,266.83715829712077
1675780200,12728.2726,12174.783427542054,,1,0,0,272.9110327044693
1675866600,12495.3771,12174.783427542054,,1,0,0,271.78578751129294
1675953000,12381.17,12174.783427542054,,1,0,0,277.5229026890578
1676039400,12304.917,12174.783427542054,,1,0,0,270.33951678269653
1676298600,12502.3132,12174.783427542054,,1,0,0,266.5912155839325
1676385000,12590.8863,12174.783427542054,,1,0,0,266.9114144707945
1676471400,12687.8936,12174.783427542054,,1,0,0,262.3407134371663
1676557800,12442.4806,12174.783427542054,,1,0,0,261.3089124773686
1676644200,12358.1849,12174.783427542054,,1,0,0,257.55021158612806
1676989800,12060.2984,,12678.596278603363,1,0,0,260.57908218711896
1677076200,12066.2718,,12580.016140743028,1,0,0,252.69317631661048
1677162600,12180.14,,12580.016140743028,1,0,0,250.65060657970974
1677249000,11969.652,,12459.878603001851,1,0,0,252.69709896687328
1677508200,12057.7884,,12459.878603001851,1,0,0,248.2177418978109
1677594600,12042.1165,,12459.878603001851,1,0,0,239.43091747653867
1677681000,11938.5666,,12428.13948383835,1,0,0,232.89284479964303
1677767400,12044.8691,,12404.089850454515,1,0,0,233.7214773139543
1677853800,12290.8072,,12404.089850454515,1,0,0,235.28335750581465
1678113000,12302.4844,,12404.089850454515,1,0,0,231.0537891125422
1678199400,12152.1701,,12404.089850454515,1,0,0,229.83841131878924
1678285800,12215.3326,,12404.089850454515,1,0,0,223.0959105103043
1678372200,11995.8824,,12404.089850454515,1,0,0,233.59671690242544
1678458600,11830.2818,,12398.827854755249,1,0,0,236.89433712368074
1678714200,11923.1672,,12382.570689279723,1,0,0,247.012020186275
1678800600,12199.7865,,12382.570689279723,1,0,0,250.41860445868397
1678887000,12251.3212,,12382.570689279723,1,0,0,249.9076755687779
1678973400,12581.3902,11857.676031565083,,1,0,0,260.9886701710081
1679059800,12519.8754,12031.209978408573,,1,0,0,258.7941437302219
1679319000,12562.6074,12031.209978408573,,1,0,0,252.48959774949168
1679405400,12741.4372,12174.260984010945,,1,0,0,248.72924076738505
1679491800,12567.1512,12229.21945560985,,1,0,0,258.094237855429
1679578200,12729.2328,12229.21945560985,,1,0,0,263.44117086575557
1679664600,12767.0475,12229.21945560985,,1,1,0,256.20425151820166
1679923800,12673.0694,12239.92207943958,,1,0,0,251.58112640975864
1680010200,12610.569,12239.92207943958,,1,0,0,244.69653880906165
1680096600,12846.0314,12313.667957846059,,1,0,0,245.5574788941287
1680183000,12963.1422,12474.067827061453,,1,0,0,238.1563161159766
1680269400,13181.3505,12612.991419355309,,1,0,0,237.26594353626402
1680528600,13148.3503,12649.166422419778,,1,0,0,230.66143328367383
1680615000,13100.075,12693.147415177802,,1,0,0,225.19285233483998
1680701400,12967.1993,12693.147415177802,,1,0,0,223.79568431092295
1680787800,13062.5964,12693.147415177802,,1,0,0,224.38693543157137
1681133400,13051.2338,12693.147415177802,,1,0,0,222.72191147217342
1681219800,12964.1548,12693.147415177802,,1,0,0,214.21161065273245
1681306200,12848.3476,12693.147415177802,,1,0,0,215.95869560610868
1681392600,13109.3887,12693.147415177802,,1,0,0,220.25208877710097
1681479000,13079.516,12693.147415177802,,1,0,0,218.07543957873665
1681738200,13087.7137,12693.147415177802,,1,0,0,211.38586532311254
1681824600,13091.793,12723.488566950298,,1,0,0,207.1421035143188
1681911000,13088.7148,12723.488566950298,,1,0,0,202.34994612043877
1681997400,12985.9804,12723.488566950298,,1,0,0,200.33397854040737
1682083800,13000.7679,12723.488566950298,,1,0,0,195.39640150180682
1682343000,12969.7576,12723.488566950298,,1,0,0,192.90028710882066
1682429400,12725.1085,12723.488566950298,,1,0,0,196.65845945819072
1682515800,12806.4848,12723.488566950298,,1,0,0,197.2192837826057
1682602200,13160.0263,12723.488566950298,,1,0,0,209.49882779813387
1682688600,13245.9865,12767.476973589308,,1,0,0,205.28120438398147
1682947800,13231.4675,12852.502421230378,,1,0,0,197.83784692798287
1683034200,13113.6596,12852.502421230378,,1,0,0,197.61688643312692
1683120600,13030.2084,12852.502421230378,,1,0,0,198.1916516879037
1683207000,12982.4807,12852.502421230378,,1,0,0,193.00387656733912
1683293400,13259.1323,12852.502421230378,,1,1,0,201.26270681252922
1683552600,13291.6424,12867.449482796326,,1,0,0,194.69769204020577
1683639000,13201.114,12867.449482796326,,1,0,0,187.7735783230483
1683725400,13347.8275,12932.295955565025,,1,0,0,187.45433701425918
1683811800,13389.7784,13011.691400008523,,1,0,0,181.60869151324064
1683898200,13340.1755,13011.691400008523,,1,0,0,180.84065640515203
1684157400,13413.5092,13022.450884506901,,1,0,0,176.635073804784
1684243800,13426.0143,13116.132881056212,,1,0,0,172.13691853301364
1684330200,13589.2632,13183.115517950591,,1,0,0,173.33991720922697
1684416600,13834.616,13377.035671155532,,1,0,0,179.20850169428226
1684503000,13803.4889,13483.180309039979,,1,0,0,174.3025658589763
1684762200,13849.7429,13520.81067813598,,1,0,0,169.04806829762077
1684848600,13672.5384,13520.81067813598,,1,0,0,170.31842056207634
1684935000,13604.4825,13520.81067813598,,1,0,0,168.9826833790709
1685021400,13938.5308,13530.367421961131,,1,0,0,184.22579170913733
1685107800,14298.4087,13745.390624765017,,1,0,0,198.99241372991315
1685453400,14354.9861,13996.879447288517,,1,0,0,200.6187627492051
1685539800,14254.0902,13996.879447288517,,1,0,0,197.66172255283328
1685626200,14441.513,13996.879447288517,,1,0,0,203.06972094191661
1685712600,14546.6405,14111.50166522333,,1,0,0,199.58601230320818
1685971800,14556.4966,14193.967063700995,,1,0,0,195.7633185672648
1686058200,14558.0943,14193.967063700995,,1,0,0,190.10206009817443
1686144600,14303.2867,14193.967063700995,,1,0,0,202.52482009116207
1686231000,14484.5434,14193.967063700995,,1,0,0,202.34603294179325
1686317400,14528.3605,14193.967063700995,,1,0,0,201.343330588808
1686576600,14784.3008,14259.769534279301,,1,0,0,205.62187126103595
1686663000,14900.8526,14440.00211585137,,1,0,0,202.4839018852477
1686749400,15005.6924,14484.485109266234,,1,0,0,204.62674460772993
1686835800,15185.4766,14650.33103333961,,1,0,0,212.61744142146344
1686922200,15083.9177,14742.574895005651,,1,0,0,212.5162741770732
1687267800,15070.1495,14742.574895005651,,1,0,0,210.24334030728227
1687354200,14867.4506,14742.574895005651,,1,0,0,212.66363028533348
1687440600,15042.3194,14742.574895005651,,1,0,0,215.27809240780957
1687527000,14891.4824,14742.574895005651,,1,0,0,215.65180723582313
1687786200,14689.0213,,15291.189709536613,1,0,0,221.37625671897857
1687872600,14945.9071,,15291.189709536613,1,0,0,225.7989026676229
1687959000,14964.5748,,15291.189709536613,1,0,0,222.90394533422116
1688045400,14939.9515,,15291.189709536613,1,0,0,214.8353635246339
1688131800,15179.2084,,15291.189709536613,1,0,0,219.04713041573152
1688391000,15208.6933,,15291.189709536613,1,0,0,209.0697782431793
1688563800,15203.7777,,15291.189709536613,1,0,0,202.1736083686665
1688650200,15089.4487,,15291.189709536613,1,0,0,204.4921720566189
1688736600,15036.852,,15291.189709536613,1,0,0,202.60453119543192
1688995800,15045.6387,,15291.189709536613,1,0,0,198.26132182432966
1689082200,15119.0618,,15291.189709536613,1,0,0,195.60912740830614
1689168600,15307.2259,14894.493258825047,,1,0,0,199.13918973628432
1689255000,15571.9761,15099.457622942542,,1,0,0,206.0230618979783
1689341400,15565.5972,15216.674230648287,,1,0,0,204.81114319097992
1689600600,15713.2771,15257.107967583459,,1,0,0,203.04388296305277
1689687000,15841.3514,15330.518465825113,,1,0,0,209.10967703712043
1689773400,15826.3523,15447.9278292426,,1,0,0,204.89406439161192
1689859800,15466.0883,15447.9278292426,,1,0,0,218.5790955064968
1689946200,15425.674,,15946.265515813491,1,0,0,216.53573154174703
1690205400,15448.0205,,15862.306494232145,1,0,0,210.35547214590795
1690291800,15561.4154,,15862.306494232145,1,0,0,207.80623127834312
1690378200,15499.2647,,15862.306494232145,1,0,0,204.33804332989
1690464600,15464.9292,,15862.306494232145,1,0,0,216.84711166346932
1690551000,15750.9277,,15862.306494232145,1,1,0,224.4685179732215
1690810200,15756.9994,,15862.306494232145,1,0,0,215.636123832277
1690896600,15718.0092,,15862.306494232145,1,0,0,208.8359721299716
1690983000,15370.7389,,15862.306494232145,1,0,0,222.2456884064022
1691069400,15353.5412,,15795.261840374355,1,0,0,218.21871780594486
1691155800,15274.915,,15795.261840374355,1,0,0,221.5337236769487
1691415000,15407.8544,,15770.607400203227,1,0,0,216.56227912859518
1691501400,15273.0484,,15666.092565182904,1,0,0,219.6370234765527
1691587800,15101.7074,,15625.168638664612,1,0,0,219.00931465679892
1691674200,15128.8374,,15625.168638664612,1,0,0,224.35114932417042
1691760600,15028.0715,,15479.900028818336,1,0,0,219.40978865815825
1692019800,15205.5855,,15479.900028818336,1,0,0,220.4699751825755
1692106200,15037.6475,,15479.900028818336,1,0,0,218.38074124096298
1692192600,14876.4695,,15410.583120258569,1,0,0,217.28388115232275
1692279000,14715.8104,,15265.738003232711,1,0,0,219.71337535572826
1692365400,14694.8371,,15086.168072909439,1,0,0,217.35804854460477
1692624600,14936.6859,,15086.168072909439,1,0,0,220.69161650570445
1692711000,14908.9623,,15086.168072909439,1,0,0,215.91446532672555
1692797400,15148.0556,14624.687858249019,,1,0,0,220.48494637481662
1692883800,14816.4419,14624.687858249019,,1,0,0,237.90814306232974
1692970200,14941.827,14624.687858249019,,1,0,0,241.33830427216327
1693229400,15052.4603,14624.687858249019,,1,0,0,234.41446825272303
1693315800,15376.5476,14710.62346559218,,1,0,0,243.17179909181417
1693402200,15462.4308,14932.622014032962,,1,0,0,236.00831344239887
1693488600,15501.0744,15065.509282629668,,1,0,0,227.19225533937043
1693575000,15490.8636,15076.5250243667,,1,0,0,224.49952995798682
1693920600,15508.2357,15076.5250243667,,1,0,0,218.24144210384492
1694007000,15371.443,15076.5250243667,,1,0,0,218.27819623928454
1694093400,15258.5222,15076.5250243667,,1,0,0,219.3095750793356
1694179800,15280.2302,15076.5250243667,,1,0,0,212.9415982879545
1694439000,15461.8651,15076.5250243667,,1,0,0,212.2036984102435
1694525400,15289.7364,15076.5250243667,,1,0,0,210.1166413809405
1694611800,15348.5251,15076.5250243667,,1,0,0,206.3947098537304
1694698200,15473.8931,15076.5250243667,,1,0,0,204.1975877213211
1694784600,15202.3982,15076.5250243667,,1,0,0,211.05375288408388
1695043800,15225.3718,15076.5250243667,,1,0,0,204.08573482093507
1695130200,15191.2344,15076.5250243667,,1,0,0,200.6479751908684
1695216600,14969.9226,,15512.174467007862,1,0,0,206.14380553437778
1695303000,14694.2433,,15191.314630307077,1,0,0,211.293047996208
1695389400,14701.0966,,15183.95791727637,1,0,0,208.27753028219317
1695648600,14768.8951,,15095.735725548731,1,0,0,204.51979240489368
1695735000,14545.826,,15006.929872993858,1,0,0,208.71262866168692
1695821400,14580.1593,,14963.193135694473,1,0,0,209.84846947156646
1695907800,14702.7656,,14963.193135694473,1,0,0,214.6745502235974
1695994200,14715.2441,,14963.193135694473,1,0,0,216.27462520762614
1696253400,14837.5694,,14963.193135694473,1,0,0,214.44444483565294
1696339800,14565.6163,,14963.193135694473,1,0,0,222.9430987759635
1696426200,14776.2525,,14963.193135694473,1,0,0,223.97762029196613
1696512600,14723.2224,,14963.193135694473,1,0,0,222.2863616996828
1696599000,14973.2414,14303.880234502712,,1,0,0,238.22559300684821
1696858200,15047.1545,14447.310041052444,,1,0,0,239.37530779207344
1696944600,15131.52,14660.729106947198,,1,0,0,236.19051437835384
1697031000,15241.1159,14721.235146252478,,1,0,0,228.50559192275713
1697117400,15184.1001,14747.26632162723,,1,0,0,229.56126392827446
1697203800,14995.1154,14747.26632162723,,1,0,0,233.80325221911198
1697463000,15172.7321,14747.26632162723,,1,0,0,232.4159627748897
1697549400,15122.0119,14747.26632162723,,1,0,0,233.97840114811189
1697635800,14909.2594,14747.26632162723,,1,0,0,235.5658867803896
1697722200,14783.1269,14747.26632162723,,1,0,0,238.35456629607611
1697808600,14560.8768,,15150.295323799903,1,0,0,237.82956870349912
1698067800,14604.8502,,15083.434996419912,1,0,0,244.22082808182057
1698154200,14745.855,,15083.434996419912,1,0,0,238.87015464740472
1698240600,14381.6409,,15015.751312100128,1,0,0,249.20903645830435
1698327000,14109.573,,14741.588020890116,1,0,0,254.50184099699695
1698413400,14180.4208,,14741.547623801105,1,0,0,251.4278452114971
1698672600,14335.5072,,14741.547623801105,1,0,0,248.31023483924736
1698759000,14409.7831,,14741.547623801105,1,0,0,244.0052823507297
1698845400,14664.9052,,14741.547623801105,1,0,0,245.72476932567747
1698931800,14919.5453,14361.158425474097,,1,0,0,247.1629500881291
1699018200,15099.4915,14560.921567926685,,1,0,0,245.95385365326274
1699281000,15154.9263,14652.541151134017,,1,0,0,236.62049267802968
1699367400,15296.0186,14784.941706020616,,1,0,0,232.72852891531326
1699453800,15313.2411,14844.084115418555,,1,0,0,224.84089113564806
1699540200,15187.8975,14844.084115418555,,1,0,0,223.83729891167323
1699626600,15529.1195,14924.044372489028,,1,0,0,232.65640613226813
1699885800,15482.7867,15023.872755240125,,1,0,0,224.92467712282044
1699972200,15812.473,15317.989834716112,,1,0,0,235.11220018547607
1700058600,15817.1761,15383.885456244503,,1,0,0,228.27002160079925
1700145000,15833.1727,15383.885456244503,,1,0,0,219.42287005788492
1700231400,15837.9932,15415.751734058047,,1,0,0,211.60136505375027
1700490600,16027.0635,15541.501260652241,,1,0,0,212.11288897848235
1700577000,15933.6197,15541.501260652241,,1,0,0,208.40826119430508
1700663400,16001.3859,15644.167022128317,,1,0,0,206.78582825185472
1700836200,15982.0133,15644.167022128317,,1,0,0,196.78706194815075
1701095400,15961.9808,15644.167022128317,,1,0,0,190.8099503804257
1701181800,16010.4291,15644.167022128317,,1,0,0,185.06978249610955
1701268200,15987.6007,15724.886189028388,,1,0,0,185.40929088924466
1701354600,15947.8695,15724.886189028388,,1,0,0,185.58098439715576
1701441000,15997.5789,15724.886189028388,,1,0,0,185.098299797359
1701700200,15839.6692,15724.886189028388,,1,0,0,193.4480855261191
1701786600,15877.7089,15724.886189028388,,1,0,0,191.8627865599677
1701873000,15788.0482,15724.886189028388,,1,0,0,193.44297323425582
1701959400,16022.4872,15724.886189028388,,1,0,0,197.80130371752327
1702045800,16084.6887,15724.886189028388,,1,0,0,195.33541773770025
1702305000,16221.7348,15766.81778380184,,1,0,0,193.5529736135788
1702391400,16354.2475,15886.874935421656,,1,0,0,192.49820406975167
1702477800,16562.3699,16083.585271879492,,1,0,0,194.94781806476948
1702564200,16537.8255,16144.709559691539,,1,0,0,198.26926677442864
1702650600,16623.447,16231.254228722388,,1,0,0,193.5320691476839
1702909800,16729.8026,16324.704660850148,,1,0,0,189.7703856371351
1702996200,16811.8549,16421.66445476513,,1,0,0,182.1588509487684
1703082600,16554.1581,16421.66445476513,,1,0,0,191.19125445242773
1703169000,16757.4081,16421.66445476513,,1,0,0,192.8108934201115
1703255400,16777.4034,16421.66445476513,,1,0,0,188.73026531867484
1703601000,16878.4617,16499.813529251405,,1,0,0,184.5429963673411
1703687400,16906.8011,16553.638516326264,,1,0,0,175.8229180553883
1703773800,16898.4732,16611.247309693634,,1,0,0,168.82462390857503
1703860200,16825.9307,16611.247309693634,,1,0,0,168.31037220081976
1704205800,16543.9376,,16931.915409148158,1,0,0,182.91537418647547
1704292200,16368.4906,,16775.803178233342,1,0,0,183.54967603029874
1704378600,16282.0124,,16704.310440410005,1,0,0,180.65378488527742
1704465000,16305.9791,,16686.269706369007,1,0,0,179.6216216791863
1704724200,16649.8743,,16686.269706369007,1,0,0,191.73807013067292
1704810600,16678.7044,,16686.269706369007,1,0,0,192.1246365499107
1704897000,16793.0451,16356.412183006996,,1,0,0,190.7319125106315
1704983400,16820.9007,16356.469959706295,,1,0,0,197.0580259027293
1705069800,16832.918,16452.119738735666,,1,0,0,191.80040976681994
1705415400,16830.7093,16452.119738735666,,1,0,0,190.15295906919008
1705501800,16736.2793,16452.119738735666,,1,0,0,195.8005191356764
1705588200,16982.2886,16497.8440387383,,1,0,0,200.43651062598542
1705674600,17314.0048,16743.80701486447,,1,0,0,210.04272415270083
1705933800,17330.38,16959.84437837802,,1,0,0,205.07075099893638
1706020200,17404.2056,16959.84437837802,,1,0,0,199.34033307044092
1706106600,17499.2985,17158.5386869862,,1,0,0,203.7484307082666
1706193000,17516.9881,17158.5386869862,,1,0,0,203.54943565767599
1706279400,17421.0092,17158.5386869862,,1,0,0,197.68538311069898
1706538600,17596.27,17158.5386869862,,1,0,0,197.08860574564906
1706625000,17476.7093,17158.5386869862,,1,0,0,193.90346247810288
1706711400,17137.2358,,17668.92233017752,1,0,0,204.90825087252406
1706797800,17344.7093,,17668.92233017752,1,0,0,205.95236152448686
1706884200,17642.7316,,17668.92233017752,1,0,0,215.35451427273782
1707143400,17613.0361,,17668.92233017752,1,0,0,213.2688989675421
1707229800,17572.7339,,17668.92233017752,1,0,0,212.69138475557466
1707316200,17755.0715,17277.375776946978,,1,0,0,212.60165013017667
1707402600,17783.166,17364.008184252278,,1,0,0,203.52779654944973
1707489000,17962.4051,17485.81239082705,,1,0,0,203.61376108163185
1707748200,17882.661,17547.407926744345,,1,0,0,202.05537100437255
1707834600,17600.4236,17547.407926744345,,1,0,0,216.51059450406032
1707921000,17807.6307,17547.407926744345,,1,0,0,216.38542346805602
1708007400,17845.7234,17547.407926744345,,1,0,0,211.09212893462333
1708093800,17685.9804,17547.407926744345,,1,0,0,210.35401972500745
1708439400,17546.096,,17967.179545133233,1,0,0,215.7982611732213
1708525800,17478.908,,17841.15867061991,1,0,0,216.57393537513403
1708612200,18004.7023,17414.016256442083,,1,0,0,240.81125427691026
1708698600,17937.6097,17502.666660797873,,1,0,0,237.09957182855968
1708957800,17933.3323,17507.814719718088,,1,0,0,226.41020241223404
1709044200,17971.0465,17507.814719718088,,1,0,0,218.558316525646
1709130600,17874.5035,17507.814719718088,,1,0,0,212.2820582023855
1709217000,18043.85,17547.329546974488,,1,0,0,211.5660326165007
1709303400,18302.9098,17762.912517277036,,1,0,0,217.12607314389365
1709562600,18226.4823,17854.45858054933,,1,0,0,208.415875062187
1709649000,17897.8674,17854.45858054933,,1,0,0,223.67094827203078
1709735400,18017.5747,17854.45858054933,,1,0,0,225.1952162526002
1709821800,18297.9904,17854.45858054933,,1,0,0,231.99408652027145
1709908200,18018.4524,17854.45858054933,,1,0,0,245.51908034025215
1710163800,17951.692,17854.45858054933,,1,0,0,238.34812460166248
1710250200,18219.1145,17854.45858054933,,1,0,0,243.39732284440106
1710336600,18068.4673,17854.45858054933,,1,0,0,239.49118549837243
1710423000,18014.8059,17854.45858054933,,1,0,0,238.76138653420279
1710509400,17808.2499,,18336.591700040954,1,0,0,239.55112321033113
1710768600,17985.0069,,18336.591700040954,1,0,0,245.01707155245043
1710855000,18032.2049,,18336.591700040954,1,0,0,243.99248787013238
1710941400,18240.1069,,18336.591700040954,1,0,0,244.12722445083736
1711027800,18320.3755,,18336.591700040954,1,0,0,242.73218699006338
1711114200,18339.4425,17859.08321250582,,1,0,0,233.877216490773
1711373400,18277.0636,17859.08321250582,,1,0,0,227.89771531286058
1711459800,18210.5367,17859.08321250582,,1,0,0,223.82080707622768
1711546200,18280.842,17859.08321250582,,1,0,0,220.3966137136399
1711632600,18254.6888,17866.321967875065,,1,0,0,210.14923416266566
1711978200,18293.1985,17902.19260608756,,1,0,0,208.0176460081896
1712064600,18121.7838,17902.19260608756,,1,0,0,213.94007129331888
1712151000,18160.1904,17902.19260608756,,1,0,0,212.46190191522464
1712237400,17878.7799,,18589.28390926217,1,0,0,232.03903749270853
1712323800,18108.4563,,18545.98233833595,1,0,0,238.62022052894352
1712583000,18100.1923,,18545.98233833595,1,0,0,230.716404776876
1712669400,18169.9049,,18545.98233833595,1,0,0,231.16184014995625
1712755800,18011.6548,,18453.30935324691,1,0,0,231.61383728210245
1712842200,18307.9827,,18453.30935324691,1,0,0,239.27700604766656
1712928600,18003.4867,,18453.30935324691,1,0,0,247.60704132997603
1713187800,17706.8324,,18453.30935324691,1,0,0,263.9018669492634
1713274200,17713.6642,,18269.567220585293,1,0,0,256.2543693100302
1713360600,17493.6217,,18167.081953526766,1,0,0,261.44809293074223
1713447000,17394.3142,,18015.240693174088,1,0,0,258.08163629283206
1713533400,17037.6457,,17730.61484885668,1,0,0,269.67381941477277
1713792600,17210.8856,,17722.936688971015,1,0,0,271.47556088514614
1713879000,17471.4714,,17722.936688971015,1,0,0,273.6859922504927
1713965400,17526.8005,,17722.936688971015,1,0,0,269.73166423260045
1714051800,17430.5036,,17722.936688971015,1,0,0,275.77780964455764
1714138200,17718.2987,,17722.936688971015,1,0,0,280.5274518128034
1714397400,17782.7151,17191.424633368508,,1,0,0,271.1303338261745
1714483800,17440.6918,17191.424633368508,,1,0,0,276.1941171243049
1714570200,17318.5486,17191.424633368508,,1,0,0,283.85851590114027
1714656600,17541.5413,17191.424633368508,,1,0,0,283.9520576224873
1714743000,17890.7953,17251.929063373078,,1,0,0,291.20095350659545
1715002200,18093.5659,17431.58272203577,,1,0,0,284.94839968469574
1715088600,18091.4462,17564.159679832195,,1,0,0,271.3602068500744
1715175000,18085.0116,17564.159679832195,,1,0,0,262.52300636078337
1715261400,18113.4629,17582.373268164076,,1,0,0,252.7285487635846
1715347800,18161.1799,17700.43974134767,,1,0,0,245.2395952804714
1715607000,18198.6141,17747.4449472129,,1,0,0,233.85980990329475
1715693400,18322.7706,17825.801812491613,,1,0,0,228.8899806244881
1715779800,18596.6513,18037.99913124245,,1,0,0,232.8804605798819
1715866200,18557.9644,18187.279428118203,,1,0,0,224.54577768131884
1715952600,18546.2298,18187.279428118203,,1,0,0,217.65785070408174
1716211800,18674.1869,18228.716110275745,,1,0,0,213.36791851093304
1716298200,18713.7978,18270.985389248173,,1,0,0,207.50338861729506
1716384600,18705.2023,18305.215175323356,,1,0,0,203.43364657320242
1716471000,18623.3873,18322.098007791017,,1,0,0,214.0922075322594
1716557400,18808.3467,18344.461332011917,,1,0,0,215.12859985138397
1716903000,18869.44,18419.185873810726,,1,0,0,208.28031414771365
1716989400,18736.7545,18419.185873810726,,1,0,0,205.03282028001976
1717075800,18538.6626,18419.185873810726,,1,0,0,208.17274740287547
1717162200,18536.6508,18419.185873810726,,1,0,0,220.78784401695586
1717421400,18600.9743,18419.185873810726,,1,0,0,227.4920265871734
1717507800,18654.8366,18419.185873810726,,1,0,0,223.82091040237543
1717594200,19035.0484,18424.527280755843,,1,0,0,235.05023823077727
1717680600,19021.1934,18576.95613768026,,1,0,0,224.8986997857218
1717767000,19000.9507,18601.710448912236,,1,0,0,219.92051408674186
1718026200,19074.6747,18601.710448912236,,1,0,0,214.86400593768897
1718112600,19210.1848,18661.53742211891,,1,0,0,217.09317694213982
1718199000,19465.1795,18997.491899907018,,1,0,0,226.35154287484428
1718285400,19576.9237,19112.587054916316,,1,0,0,222.63144695521274
1718371800,19659.8001,19174.022644424684,,1,0,0,216.0129150298405
1718631000,19902.7488,19346.925149982217,,1,0,0,225.8782139562806
1718717400,19908.8576,19460.18369998399,,1,0,0,217.0755415308318
1718890200,19752.2978,19460.18369998399,,1,0,0,222.63420285005802
1718976600,19700.4312,19460.18369998399,,1,0,0,218.0493740750538
1719235800,19474.6198,19460.18369998399,,1,0,0,220.3795902125499
1719322200,19701.1286,19460.18369998399,,1,0,0,221.62359805451052
1719408600,19751.0478,19460.18369998399,,1,0,0,213.60495533633122
1719495000,19789.027,19460.18369998399,,1,0,0,209.02417281230743
1719581400,19682.8709,19460.18369998399,,1,0,0,219.22716046857107
1719840600,19812.2225,19460.18369998399,,1,0,0,221.44045614938736
1719927000,20011.893,19460.18369998399,,1,0,0,225.13084499585986
1720013400,20186.6335,19643.83370728254,,1,0,0,222.7182417818699
1720186200,20391.9661,19857.765266554292,,1,0,0,222.54990308316482
1720445400,20439.5417,19989.139289898856,,1,0,0,213.22563857722452
1720531800,20453.024,20061.858780908977,,1,0,0,208.5902715359942
1720618200,20675.3786,20170.775037818075,,1,0,0,210.68685214056603
1720704600,20211.3595,20170.775037818075,,1,0,0,232.0931127019543
1720791000,20331.4936,20170.775037818075,,1,0,0,237.9953903661006
1721050200,20386.8773,20170.775037818075,,1,0,0,241.04128391137922
1721136600,20398.6243,20170.775037818075,,1,0,0,238.85902791770943
1721223000,19799.1434,,20499.0588583138,1,0,0,265.00302592358736
1721309400,19705.0942,,20342.166107482422,1,0,0,272.6592669290454
1721395800,19522.6197,,20215.20461673418,1,0,0,274.97626929125653
1721655000,19822.8654,,20215.20461673418,1,0,0,279.5566357704525
1721741400,19754.337,,20215.20461673418,1,0,0,271.6148403582774
1721827800,19032.3881,,19904.23008824922,1,0,0,305.7044160469719
1721914200,18830.5847,,19669.750689424298,1,0,0,319.9750934721883
1722000600,19023.6562,,19669.750689424298,1,0,0,319.41192965274644
1722259800,19059.4867,,19669.750689424298,1,0,0,314.4591989632646
1722346200,18796.2733,,19618.40243344031,1,0,0,327.5835276087456
1722432600,19362.428,,19618.40243344031,1,0,0,349.2091470652637
1722519000,18890.3861,,19618.40243344031,1,0,0,381.5428508463164
1722605400,18440.845,,19329.791269677986,1,0,0,399.06740435729364
1722864600,17895.1551,,18798.81415271019,1,0,0,442.38112547462987
1722951000,18077.918,,18798.81415271019,1,0,0,447.2007022264419
1723037400,17867.3659,,18798.81415271019,1,0,0,457.73427349598194
1723123800,18413.8168,,18798.81415271019,1,0,0,466.32788253198316
1723210200,18513.1037,,18798.81415271019,1,0,0,451.1505337796988
1723469400,18542.0258,,18798.81415271019,1,0,0,435.50682422400587
1723555800,19006.4326,17939.232965078594,,1,0,0,438.041136779434
1723642200,19022.6753,18080.638038570734,,1,0,0,425.74581986661724
1723728600,19490.1455,18474.912419713663,,1,0,0,429.6387113047162
1723815000,19508.5239,18625.206242742293,,1,0,0,412.1300962115223
1724074200,19766.4854,18782.405543468063,,1,0,0,405.7152679106994
1724160600,19719.821,18965.668564121257,,1,0,0,389.8214487742208
1724247000,19824.8386,19048.74382770913,,1,0,0,375.8841524332051
1724333400,19491.8351,19048.74382770913,,1,0,0,383.2515772594047
1724419800,19720.8675,19048.74382770913,,1,0,0,379.20252888373307
1724679000,19516.4368,19048.74382770913,,1,0,0,372.7996125348949
1724765400,19581.5228,19048.74382770913,,1,0,0,363.9136544966881
1724851800,19350.7815,19048.74382770913,,1,0,0,364.0311434612103
1724938200,19325.4544,19048.74382770913,,1,0,0,362.3916617854097
1725024600,19574.6395,19048.74382770913,,1,0,0,354.84331451502345
1725370200,18958.735,,19915.22736450711,1,0,0,379.8427920496646
1725456600,18921.3961,,19677.347408056397,1,0,0,371.42974261754586
1725543000,18930.3302,,19677.347408056397,1,0,0,366.007911002007
1725629400,18421.3121,,19422.44283402568,1,0,0,377.707238787578
1725888600,18660.7804,,19317.059655623114,1,0,0,370.19605030275113
1725975000,18829.1359,,19317.059655623114,1,0,0,363.4013824239832
1726061400,19237.3042,,19317.059655623114,1,0,0,389.93047653655594
1726147800,19423.0691,18540.727520000746,,1,0,0,382.76518535537355
1726234200,19514.5847,18742.533208000674,,1,0,0,367.7187006871325
1726493400,19423.0638,18742.533208000674,,1,0,0,357.19650778090875
1726579800,19432.3969,18785.357998480547,,1,0,0,350.1984715108437
1726666200,19344.4942,18811.386678632494,,1,0,0,347.51982354578325
1726752600,19839.8288,19108.206680769243,,1,0,0,366.0750147210844
1726839000,19791.4885,19108.206680769243,,1,0,1,355.13894224100676
1727098200,19852.1979,19195.687192423087,,1,0,0,337.0068892237919
1727184600,19944.8433,19228.45570818078,,1,0,0,330.4207328506639
1727271000,19972.6079,19387.632452362704,,1,0,0,315.5487162184735
1727357400,20115.538,19523.658752126434,,1,0,0,314.8888007742968
1727443800,20008.6241,19523.658752126434,,1,0,0,305.8540650047042
1727703000,20060.6866,19523.658752126434,,1,0,0,299.6914246472252
1727789400,19773.3027,19523.658752126434,,1,0,0,309.59864431528064
1727875800,19802.5848,19523.658752126434,,1,0,0,305.0409340070464
1727962200,19793.3429,19523.658752126434,,1,0,0,298.5719387208287
1728048600,20035.0169,19523.658752126434,,1,0,0,295.2702645264838
1728307800,19800.7395,19523.658752126434,,1,0,0,293.60622420316344
1728394200,20107.7767,19523.658752126434,,1,0,0,296.3436367600803
1728480600,20268.8591,19606.14873777071,,1,0,0,292.07322699150313
1728567000,20241.761,19672.31941899364,,1,0,0,285.28473220639574
1728653400,20271.9739,19704.420952094275,,1,0,0,277.12305847736747
1728912600,20439.0455,19909.15508188485,,1,0,0,273.1806543004127
1728999000,20159.8261,19909.15508188485,,1,0,0,282.2931932789549
1729085400,20174.0493,19909.15508188485,,1,0,0,273.83360804474387
1729171800,20190.4243,19909.15508188485,,1,0,0,268.8171074701194
1729258200,20324.0416,19909.15508188485,,1,0,0,261.7488426508253
1729517400,20361.4663,19909.15508188485,,1,0,0,256.88485389005194
1729603800,20383.6453,19909.15508188485,,1,0,0,254.18427146933405
1729690200,20066.9559,19909.15508188485,,1,0,0,268.0799092215245
1729776600,20232.8724,19909.15508188485,,1,0,0,262.46187284855847
1729863000,20352.0153,19917.87846615438,,1,0,0,266.56798193080436
1730122200,20351.0682,19917.87846615438,,1,0,0,256.499368935747
1730208600,20550.6527,19942.70197758505,,1,0,0,260.0009497260507
1730295000,20387.6997,19978.80626482654,,1,0,0,254.34138903133285
1730381400,19890.4155,,20596.50513665611,1,0,0,272.4199826719519
1730467800,20033.1418,,20596.50513665611,1,0,0,272.39861248109827
1730730600,19963.6024,,20533.09956969145,1,0,0,267.82921158959124
1730817000,20227.4564,,20533.09956969145,1,0,0,269.09871076176336
1730903400,20781.334,20069.954415549924,,1,0,0,291.27580999306616
1730989800,21101.5664,20407.114058994932,,1,0,0,295.5748592792758
1731076200,21117.1791,20534.982678095435,,1,0,0,281.93991933075597
1731335400,21106.5911,20539.136705285895,,1,0,1,275.268682235702
1731421800,21070.7926,20539.136705285895,,1,0,0,269.74461921886603
1731508200,21036.1636,20539.136705285895,,1,0,0,264.7411749889471
1731594600,20896.6732,20539.136705285895,,1,0,0,260.3763339183079
1731681000,20394.1333,,21073.951539861922,1,0,0,283.3205100670004
1731940200,20539.1916,,21073.951539861922,1,0,0,279.3795736336431
1732026600,20684.5935,,21073.951539861922,1,0,0,278.93569694552576
1732113000,20667.1042,,21073.951539861922,1,0,0,279.1580328779882
1732199400,20740.7807,,21073.951539861922,1,0,0,286.2274591009891
1732285800,20776.2296,,21073.951539861922,1,0,0,275.8909191652041
1732545000,20804.8926,,21073.951539861922,1,0,0,276.6204820819753
1732631400,20922.898,,21073.951539861922,1,0,0,266.86228336183433
1732717800,20744.488,,21073.951539861922,1,0,0,269.76337740741775
1732890600,20930.3662,,21073.951539861922,1,0,0,265.6245361640307
1733149800,21164.5957,20561.099325075433,,1,0,0,265.9844550094572
1733236200,21229.3169,20655.235152567893,,1,0,0,257.9841582230673
1733322600,21492.362,20912.6121523111,,1,0,0,258.77988263570535
1733409000,21425.2225,20986.99056707999,,1,0,0,247.8641338760121
1733495400,21622.2542,21067.980180371993,,1,0,0,244.52318859915403
1733754600,21440.8198,21067.980180371993,,1,0,0,242.8777251277857
1733841000,21368.1805,21067.980180371993,,1,0,0,243.65389476151532
1733927400,21763.984,21151.82214759118,,1,0,0,256.00240227855016
1734013800,21615.2732,21166.053082832063,,1,0,0,249.6678949729394
1734100200,21780.2543,21270.943514548857,,1,0,0,251.22497390344375
1734359400,22096.6569,21489.961118093972,,1,0,0,258.4919614817693
1734445800,22001.0839,21491.650401284576,,1,0,0,252.56047851878597
1734532200,21209.3148,,22220.664003843885,1,0,0,298.1814086245869
1734618600,21110.5064,,21883.040248459496,1,0,0,299.75999372283087
1734705000,21289.1544,,21883.040248459496,1,0,1,323.10549417119995
1734964200,21503.1707,,21883.040248459496,1,0,0,320.44238744468566
1735050600,21797.6509,,21883.040248459496,1,0,0,318.5879454843511
1735223400,21768.3118,,21883.040248459496,1,0,0,309.5515636640404
1735309800,21473.0147,,21883.040248459496,1,0,0,321.4491448308945
1735569000,21197.0892,,21883.040248459496,1,0,0,328.9444202001162
1735655400,21012.1737,,21809.097457015167,1,0,0,326.63567590010786
1735828200,20975.624,,21718.90637131365,1,0,0,334.4541133358143
1735914600,21326.1572,,21718.90637131365,1,0,0,337.9936623832561
1736173800,21559.5003,,21718.90637131365,1,0,0,340.803693641595
1736260200,21173.0431,,21718.90637131365,1,0,0,353.6149083814811
1736346600,21180.9648,,21718.90637131365,1,0,0,346.25140778280394
1736519400,20847.5817,,21607.901584912,1,0,0,354.532185798318
1736778600,20784.7241,,21396.246541420795,1,0,0,351.29809395558095
1736865000,20757.4098,,21396.246541420795,1,0,0,350.97682295875364
1736951400,21237.8524,,21396.246541420795,1,0,0,363.6643713188424
1737037800,21091.2518,,21396.246541420795,1,0,0,355.0265519389251
1737124200,21441.1549,20682.415691638816,,1,0,0,359.98984108614485
1737469800,21566.5067,20782.90650747493,,1,0,0,351.5025095799916
1737556200,21852.9963,21129.26514672744,,1,0,0,353.2901660385636
1737642600,21900.9297,21129.26514672744,,1,0,0,340.8329827500949
1737729000,21774.0111,21164.287694349227,,1,0,0,333.3750125536595
1737988200,21127.2788,,21890.226575085697,1,0,0,366.6418116569694
1738074600,21463.0373,,21890.226575085697,1,0,0,373.13864653861447
1738161000,21411.458,,21890.226575085697,1,0,0,362.63417892871337
1738247400,21508.1233,,21890.226575085697,1,0,0,359.2147732909479
1738333800,21478.0478,,21890.226575085697,1,0,0,363.5725823415947
1738593000,21297.5822,,21890.226575085697,1,0,0,371.4385693171951
1738679400,21566.9177,,21890.226575085697,1,0,0,365.25145008025254
1738765800,21658.1638,,21890.226575085697,1,0,0,357.3292322173774
1738852200,21774.0652,,21890.226575085697,1,0,0,343.0796656304218
1738938600,21491.3085,,21890.226575085697,1,0,0,347.4210180853916
1739197800,21756.7342,,21890.226575085697,1,0,0,344.1639525078637
1739284200,21693.5213,,21890.226575085697,1,0,0,330.348248757302
1739370600,21719.2614,,21890.226575085697,1,0,0,327.57134527463734
1739457000,22030.7144,21259.886916211886,,1,0,0,326.95117061216337
1739543400,22114.6886,21474.686634590693,,1,0,0,312.817994139866
1739889000,22164.6057,21537.93111613163,,1,0,0,302.0302445584472
1739975400,22175.5979,21583.52438951846,,1,0,0,293.08919851855825
1740061800,22068.0571,21583.52438951846,,1,0,0,293.357420052947
1740148200,21614.0795,21583.52438951846,,1,0,0,309.40688290630806
1740407400,21352.0796,,22154.65994374104,1,0,0,314.8508055558573
1740493800,21087.2453,,21770.89606936694,1,0,0,322.46875515901047
1740580200,21132.9191,,21770.89606936694,1,0,0,323.5712655047955
1740666600,20550.9532,,21669.94501468722,1,0,0,356.4036965401671
1740753000,20884.4081,,21416.659178218495,1,0,0,366.18331107301225
1741012200,20425.584,,21416.659178218495,1,0,0,396.7635031392257
1741098600,20352.528,,21252.96817685698,1,0,0,415.1222886292809
1741185000,20628.4645,,21252.96817685698,1,0,0,421.6240180129036
1741271400,20052.6349,,21166.101083754158,1,0,0,438.64433815483886
1741357800,20201.3725,,20948.90240037874,1,0,0,444.1990925723506
1741613400,19430.9527,,20605.310895340866,1,0,0,480.9036645314686
1741699800,19376.9598,,20460.86892580678,1,0,0,480.7583884935066
1741786200,19596.0202,,20460.86892580678,1,0,0,473.6208821725417
1741872600,19225.4827,,20355.915052903492,1,0,0,471.4659191602172
1741959000,19704.6356,,20355.915052903492,1,0,0,473.7702035059161
1742218200,19812.2355,,20355.915052903492,1,0,0,462.8820175412079
1742304600,19483.3596,,20355.915052903492,1,0,0,459.473344859693
1742391000,19736.6616,,20355.915052903492,1,0,0,457.95812736971504
1742477400,19677.6087,,20355.915052903492,1,0,0,449.49958970045
1742563800,19753.9656,,20355.915052903492,1,0,0,443.0207832932748
1742823000,20180.4447,,20355.915052903492,1,0,0,443.867613058041
1742909400,20287.8263,,20355.915052903492,1,0,0,421.314719268181
1742995800,19916.9915,,20355.915052903492,1,0,0,422.60166074902526
1743082200,19798.6219,,20355.915052903492,1,0,0,411.21169926695194
1743168600,19281.3996,,20335.39457074541,1,0,0,421.6311136050266
1743427800,19278.4469,,19915.563688670867,1,0,0,428.43380549038187
1743514200,19436.4225,,19915.563688670867,1,0,0,424.5065408124976
1743600600,19581.7766,,19915.563688670867,1,0,0,433.48023789731934
1743687000,18521.4753,,19703.239857141067,1,0,0,479.5747637617965
1743773400,17397.695,,18865.91450142696,1,0,0,526.2938092073822
1744032600,17430.6823,,18711.349056284263,1,0,0,606.5088371211407
1744119000,17090.4015,,18711.349056284263,1,0,0,660.1028987553449
1744205400,19145.0623,16394.58207140975,,1,0,0,766.6429488442488
1744291800,18343.5725,16395.181924268774,,1,0,0,808.3517024982311
1744378200,18690.0544,16654.391631841896,,1,0,0,791.7286737483576
1744637400,18796.0207,17156.801173657706,,1,0,0,770.919282766332
1744723800,18830.2271,17292.323126291936,,1,0,0,733.6610839973082
1744810200,18257.6431,17292.323126291936,,1,0,0,740.847556568929
1744896600,18258.0921,17292.323126291936,,1,0,0,706.2580025282912
1745242200,17808.3007,17292.323126291936,,1,0,0,703.3232594905561
1745328600,18276.4065,17292.323126291936,,1,0,0,695.0921052412307
1745415000,18693.2579,17379.90505041363,,1,0,0,700.1998405811428
1745501400,19214.4001,17572.38840537226,,1,0,0,688.1525805396325
1745587800,19432.5591,17956.505879835036,,1,0,0,661.4511676439445
1745847000,19427.2892,18069.020651851537,,1,0,0,639.6953913836626
1745933400,19544.9455,18243.523381666382,,1,0,0,613.8555705705439
1746019800,19571.0183,18243.523381666382,,1,0,0,612.921822672648
1746106200,19786.7091,18722.755573649767,,1,0,0,601.5318853388874
1746192600,20102.6141,18924.708106284786,,1,0,0,586.4144863861095
1746451800,19967.9422,18940.54235565631,,1,0,0,559.0516159299588
1746538200,19791.345,18940.54235565631,,1,0,0,541.1635219349619
1746624600,19867.9725,18940.54235565631,,1,0,0,527.922484653893
1746711000,20063.5654,19116.01589827345,,1,0,0,517.4840428929006
1746797400,20061.449,19183.814963446108,,1,0,0,496.1672684005503
1747056600,20868.1488,19760.747567101498,,1,0,0,518.4892849433683
1747143000,21197.6987,20114.17916539135,,1,0,0,509.3999717331277
1747229400,21319.2061,20375.418963852215,,1,0,0,482.92731660933293
1747315800,21335.8224,20447.40761246699,,1,0,0,468.1263439943806
1747402200,21427.9358,20528.378866220293,,1,0,0,447.7150408519248
1747661400,21447.0533,20528.378866220293,,1,0,0,439.05228793393013
1747747800,21367.3738,20555.014386138435,,1,0,0,423.4336816529352
1747834200,21080.3589,20555.014386138435,,1,0,0,427.5373972491543
1747920600,21112.4712,20555.014386138435,,1,0,0,412.4959974456433
1748007000,20915.6549,20555.014386138435,,1,0,0,406.924976199526
1748352600,21414.9907,20555.014386138435,,1,0,0,414.54923504241697
1748439000,21318.1685,20670.822348167385,,1,0,0,400.05049682510133
1748525400,21363.9502,20707.642948350647,,1,0,0,396.53341848045113
1748611800,21340.9925,20707.642948350647,,1,0,0,393.4762885889903
1748871000,21491.748,20707.642948350647,,1,0,0,386.8699465469195
1748957400,21662.5821,20904.39168744762,,1,0,0,376.4830360792824
1749043800,21721.9189,21031.78218870286,,1,0,0,360.594497787905
1749130200,21547.4314,21031.78218870286,,1,0,0,364.77494794591183
1749216600,21761.7891,21104.781065349318,,1,0,0,359.3725088069179
1749475800,21797.8663,21171.393953814386,,1,0,0,342.69210817785233
1749562200,21941.9192,21238.816423432945,,1,0,0,334.9341218794342
1749648600,21860.8014,21310.229996089653,,1,0,0,330.05044888804616
1749735000,21913.3203,21312.01299148069,,1,0,0,316.8325668246144
1749821400,21631.0384,21312.01299148069,,1,0,0,317.216783479999
1750080600,21937.5678,21312.01299148069,,1,0,0,319.467634659999
1750167000,21719.0776,21312.01299148069,,1,0,0,315.03374646999924
1750253400,21719.6888,21312.01299148069,,1,0,0,306.99400029357065
1750426200,21626.3876,21312.01299148069,,1,0,0,310.0787502726012
1750685400,21856.3296,21312.01299148069,,1,0,0,312.18386811027256
1750771800,22190.5219,21532.269300486576,,1,0,0,315.90709181668143
1750858200,22237.7425,21680.544435437918,,1,0,0,304.3532209726328
1750944600,22447.2916,21800.833106894122,,1,0,0,298.9884694745876
1751031000,22534.2026,21944.647721204714,,1,0,0,293.37725022640285
1751290200,22679.009,22112.324919084243,,1,0,0,285.80028235308833
1751376600,22478.1353,22112.324919084243,,1,0,0,286.16570504215343
1751463000,22641.8862,22112.324919084243,,1,0,0,279.7717046819995
1751549400,22866.9707,22295.610437362415,,1,0,0,277.9397472047138
1751895000,22685.568,22295.610437362415,,1,0,0,278.0509224043772
1751981400,22702.2503,22295.610437362415,,1,0,0,266.0017422326359
1752067800,22864.9066,22337.5132690372,,1,0,0,262.2217106445906
1752154200,22829.2621,22337.5132690372,,1,0,0,257.1084741699772
1752240600,22780.5973,22337.5132690372,,1,0,0,249.07020458640721
1752499800,22855.6319,22337.5132690372,,1,0,0,246.3978542588066
1752586200,22884.5884,22516.100697930306,,1,0,0,242.8146932403204
1752672600,22907.9667,22516.100697930306,,1,0,0,243.98395086601184
1752759000,23081.0477,22555.684756323546,,1,0,0,240.78560437558238
1752845400,23065.4739,22654.329295691194,,1,0,0,233.21913263446933
1753104600,23180.0618,22765.586676122075,,1,0,0,230.77329458915008
1753191000,23063.5783,22765.586676122075,,1,0,0,230.8975521184966
1753277400,23162.406,22765.586676122075,,1,0,0,226.40733411003268
1753363800,23219.8649,22805.73230524299,,1,0,0,218.680038816459
1753450200,23272.2458,22870.400024718692,,1,0,0,212.51047890099758
1753709400,23356.27,22969.614032246824,,1,0,0,205.5106589794977
1753795800,23308.303,23015.348259022143,,1,0,0,207.0828261952479
1753882200,23345.4143,23015.348259022143,,1,0,0,208.02192432415862
1753968600,23218.1238,23015.348259022143,,1,0,0,222.68064401529006
1754055000,22763.3133,,23320.42329907286,1,0,0,245.6497765856266
1754314200,23188.6082,,23320.42329907286,1,0,0,258.6556139723674
1754400600,23018.5599,,23320.42329907286,1,0,0,260.03085583148425
1754487000,23315.0437,,23320.42329907286,1,0,0,263.73800184352103
1754573400,23389.5284,22836.4440013233,,1,0,0,268.8289302832694
1754659800,23611.2665,22981.379281190966,,1,0,0,266.03499240589315
1754919000,23526.6342,23056.03564807187,,1,0,0,262.2999572340437
1755005400,23839.1964,23140.264368264685,,1,0,0,266.79454600304035
1755091800,23849.0396,23351.200421438214,,1,0,0,260.60632843139473
1755178200,23832.4419,23351.200421438214,,1,0,0,253.36811925772378
1755264600,23712.07,23351.200421438214,,1,0,0,248.2157893107437
1755523800,23713.7587,23351.200421438214,,1,0,0,237.34959721711897
1755610200,23384.77,23351.200421438214,,1,0,0,246.64054027303905
1755696600,23249.57,,23677.37229732945,1,0,0,259.3854659678221
1755783000,23142.5805,,23672.138437596506,1,0,0,256.4209326844063
1755869400,23498.1151,,23672.138437596506,1,0,0,269.1991589212344
1756128600,23425.6046,,23672.138437596506,1,0,0,261.70301899828905
1756215000,23525.2931,,23672.138437596506,1,0,0,254.68656764126828
1756301400,23565.8458,,23672.138437596506,1,0,0,247.69059138117777
1756387800,23703.4504,23141.72004010164,,1,0,0,246.1795562825223
1756474200,23415.4198,23141.72004010164,,1,0,0,253.5587736909136
1756819800,23231.1081,23141.72004010164,,1,0,0,266.69988985584837
1756906200,23414.8394,23141.72004010164,,1,0,0,265.2855977232877
1756992600,23633.0126,23141.72004010164,,1,0,0,265.45822645733875
1757079000,23652.4429,23141.72004010164,,1,0,0,273.9916531389573
1757338200,23762.3003,23242.800435115605,,1,0,0,268.66123505760345
1757424600,23839.796,23253.263061604044,,1,0,0,260.5011182677747
1757511000,23849.2703,23349.87831544364,,1,0,0,256.0686455343621
1757597400,23992.5619,23457.82054889928,,1,0,0,249.72484942476473
1757683800,24092.1933,23586.908434009347,,1,0,0,242.8464530372815
1757943000,24293.7812,23768.113865608415,,1,0,0,240.15332782033283
1758029400,24274.2492,23853.543844047574,,1,0,0,230.0810615474521
1758115800,24223.6874,23853.543844047574,,1,0,0,234.5260714369198
1758202200,24454.8945,23975.655143678534,,1,0,0,241.40519490571128
1758288600,24626.2466,24090.357524310682,,1,0,1,237.5214024124462
1758547800,24761.0741,24220.463746879614,,1,0,0,235.10110938298592
1758634200,24580.1683,24220.463746879614,,1,0,0,234.5797015699155
1758720600,24503.5673,24220.463746879614,,1,0,0,236.5259871720645
1758807000,24397.3106,24220.463746879614,,1,0,0,242.28808808834563
1758893400,24503.8476,24220.463746879614,,1,0,0,240.17236751060676
1759152600,24611.3522,24220.463746879614,,1,0,0,240.0118269741349
1759239000,24679.9877,24220.463746879614,,1,0,0,236.16032504741085
1759325400,24800.8628,24220.463746879614,,1,0,0,240.64286611545293
1759411800,24892.764,24398.095395670665,,1,0,0,235.21396853577764
1759498200,24785.5219,24398.095395670665,,1,0,0,235.8901350689364
1759757400,24978.5581,24504.029283993237,,1,0,0,237.52205399258386
1759843800,24840.2265,24504.029283993237,,1,0,0,240.48542156454218
1759930200,25136.6227,24519.415616534523,,1,0,0,244.87648430993195
1760016600,25098.1764,24575.00423488107,,1,0,0,239.70982828779407
1760103000,24221.7452,,25329.10854360704,1,0,0,293.1680548386659
1760362200,24750.2524,,25329.10854360704,1,0,0,312.0781009216184
1760448600,24579.3168,,25222.3599023217,1,0,0,326.22157228435987
1760535000,24745.3583,,25222.3599023217,1,0,0,334.145352835477
1760621400,24657.2415,,25222.3599023217,1,0,0,347.2157276329427
1760707800,24817.9535,,25222.3599023217,1,0,0,348.8345685163041
1760967000,25141.0182,,25222.3599023217,1,0,0,350.0506564794254
1761053400,25127.1314,,25222.3599023217,1,0,0,334.7022381594665
1761139800,24879.0049,,25222.3599023217,1,0,0,344.72536400521875
1761226200,25097.4154,,25222.3599023217,1,0,0,339.41920229056024
1761312600,25358.1621,24649.53786068179,,1,0,0,338.119316412663
1761571800,25821.5456,25017.809374613615,,1,0,0,348.3156652403298
1761658200,26012.1555,25265.89380715225,,1,0,0,342.43157486602047
1761744600,26119.846,25350.759911437024,,1,0,0,337.590433804162
1761831000,25734.8132,25350.759911437024,,1,0,0,341.1525599610077
1761917400,25858.126,25350.759911437024,,1,0,1,340.2611199637928
1762180200,25972.9431,25350.759911437024,,1,0,0,335.58113282352195
1762266600,25435.704,25350.759911437024,,1,0,0,351.4195804789847
1762353000,25620.0314,25350.759911437024,,1,0,0,353.88841044477147
1762439400,25130.0417,,26090.631492624994,1,0,0,366.95314541300195
1762525800,25059.8081,,25628.116103362496,1,0,0,378.33227788350194
1762785000,25611.7367,,25628.116103362496,1,0,0,393.85892946325197
1762871400,25533.486,,25628.116103362496,1,0,0,382.2174916444484
1762957800,25517.3279,,25628.116103362496,1,0,0,374.44797081270195
1763044200,24993.4626,,25628.116103362496,1,0,0,391.1825586117946
1763130600,25008.2416,,25628.116103362496,1,0,0,410.6719472823807
1763389800,24799.9178,,25628.116103362496,1,0,0,418.25125819078204
1763476200,24503.0963,,25412.74920478518,1,0,0,424.134975462869
1763562600,24640.5154,,25412.74920478518,1,0,0,427.5873272155212
1763649000,24054.3796,,25412.74920478518,1,0,0,482.8675752715554
1763735400,24239.5734,,25267.155871488398,1,0,0,496.0774127521586
1763994600,24873.854,,25267.155871488398,1,0,0,509.5018904127185
1764081000,25018.3602,,25267.155871488398,1,0,0,510.7394696689527
1764167400,25236.9391,,25267.155871488398,1,0,0,495.02864326402744
1764340200,25434.8892,24373.103102391462,,1,0,0,473.8718473165969
1764599400,25342.849,24373.103102391462,,1,0,0,460.3505582225544
1764685800,25555.8569,24590.737258937086,,1,0,0,447.44945406380066
1764772200,25606.5448,24649.194723043376,,1,0,0,433.45687877352924
1764858600,25581.6992,24734.22920073904,,1,0,0,417.3449802897057
1764945000,25692.051,24935.053605665136,,1,0,0,405.06174598329824
1765204200,25627.9505,24935.053605665136,,1,0,0,397.30077841306274
1765290600,25668.6876,24935.053605665136,,1,0,0,380.7739013835583
1765377000,25776.4373,24951.793629029882,,1,0,0,377.19880842758994
1765463400,25686.6848,24951.793629029882,,1,0,0,379.1316149684766
1765549800,25196.7338,24951.793629029882,,1,0,1,393.6225638992997
1765809000,25067.2648,24951.793629029882,,1,0,0,390.8508164779211
1765895400,25132.9403,24951.793629029882,,1,0,0,381.920586729498
1765981800,24647.6058,,25696.796227856143,1,0,0,393.6265233916767
1766068200,25019.3666,,25696.796227856143,1,0,0,402.408293149414
1766154600,25346.1769,,25696.796227856143,1,0,0,397.6257936387414
1766413800,25461.7018,,25696.796227856143,1,0,0,384.07057266454586
1766500200,25587.8302,,25696.796227856143,1,0,0,369.9777889027926
1766586600,25656.1464,,25696.796227856143,1,0,0,351.2955468383075
1766759400,25644.3901,,25696.796227856143,1,0,0,333.08846492128566
1767018600,25525.5603,,25696.796227856143,1,0,0,323.8261959983368
1767105000,25462.5606,,25696.796227856143,1,0,0,309.31401771274125
1767191400,25249.8466,,25696.796227856143,1,0,0,304.2851307332599
1767364200,25206.1678,,25696.796227856143,1,0,0,319.07101425231264
1767623400,25401.3202,,25696.796227856143,1,0,0,318.7335775200046
1767709800,25639.7053,,25696.796227856143,1,0,0,314.09549341143287
1767796200,25653.8958,,25696.796227856143,1,0,0,307.4295224534734
1767882600,25507.1021,,25696.796227856143,1,0,0,303.5938994210823
1767969000,25766.2578,25049.0852277947,,1,0,0,307.30014231957637
1768228200,25787.6632,25150.886420015235,,1,0,0,303.0851821538924
1768314600,25741.9525,25193.18588301371,,1,0,0,297.94149057147143
1768401000,25465.9443,25193.18588301371,,1,0,0,310.64201981636626
1768487400,25547.0751,25193.18588301371,,1,0,0,310.95952554376873
1768573800,25529.2636,25193.18588301371,,1,0,0,309.5485808620711
1768919400,24987.5664,,25775.160533759703,1,0,0,328.51537508620885
1769005800,25326.5811,,25775.160533759703,1,0,0,341.56731972290834
1769092200,25518.3513,,25775.160533759703,1,0,0,335.02231117127207
1769178600,25605.4663,,25775.160533759703,1,0,0,330.71501751618115
1769437800,25713.2099,,25775.160533759703,1,0,0,322.6878376935966
1769524200,25939.7443,25257.313027900233,,1,0,0,318.88040642976824
1769610600,26022.7903,25457.93165511021,,1,0,0,312.1987773990707
1769697000,25884.2956,25457.93165511021,,1,0,0,334.74109329913705
1769783400,25552.3867,25457.93165511021,,1,0,0,341.41102234919873
1770042600,25738.6139,25457.93165511021,,1,0,0,342.35473503854166
1770129000,25338.6206,,26247.983041732194,1,0,0,369.8709325357887
1770215400,24891.2385,,25804.290032558973,1,0,0,390.40492306894663
1770301800,24548.6902,,25485.570649303074,1,0,0,393.6503857068791
1770388200,25075.7723,,25485.570649303074,1,0,0,407.15015101353043
1770647400,25268.1413,,25485.570649303074,1,0,0,411.01536879827836
1770733800,25127.6379,,25485.570649303074,1,0,0,399.49266388411576
1770820200,25201.2607,,25485.570649303074,1,0,0,399.71083074953594
1770906600,24687.6116,,25485.570649303074,1,0,0,418.79059998171203
1770993000,24732.7318,,25485.570649303074,1,0,0,417.9135071258756
1771338600,24701.5965,,25475.3800441763,1,0,0,418.83641375974173
1771425000,24898.868,,25475.3800441763,1,0,0,414.66060563404596
1771511400,24797.3393,,25475.3800441763,1,0,0,399.89898380304254
1771597800,25012.6186,,25475.3800441763,1,0,0,403.04650638853946
1771857000,24708.9417,,25475.3800441763,1,0,0,402.4283702179297
1771943400,24977.044,,25475.3800441763,1,0,0,400.7713080595062
1772029800,25329.0352,,25475.3800441763,1,0,0,398.35378605525574
1772116200,25034.3707,,25475.3800441763,1,0,0,406.22002990845164
1772202600,24960.0353,,25475.3800441763,1,0,0,397.7128206292765
1772461800,24992.6006,,25475.3800441763,1,0,0,403.8500834414711
1772548200,24720.0843,,25433.47438507987,1,0,0,423.34397033850894
1772634600,25093.6771,,25433.47438507987,1,0,0,425.9107010286155
1772721000,25020.414,,25433.47438507987,1,0,0,426.18489381228585
1772807400,24643.0149,,25433.47438507987,1,0,0,427.21123711140837
1773063000,24967.2476,,25433.47438507987,1,0,0,448.8340987463078
1773149400,24956.4711,,25433.47438507987,1,0,0,439.47004883585714
1773235800,24965.0062,,25433.47438507987,1,0,0,429.18783820472464
1773322200,24533.583,,25433.47438507987,1,0,0,430.15766404724434
1773408600,24380.7341,,25433.47438507987,1,0,0,431.5841094724411
1773667800,24655.3421,,25433.47438507987,1,0,0,430.2967159386952
1773754200,24780.4185,,25433.47438507987,1,0,0,415.942721943074
1773840600,24425.0942,,25409.99474686123,1,0,0,412.16390608999734
1773927000,24355.2762,,25091.337117175106,1,0,0,408.5291485121405
1774013400,23898.1546,,24861.551210457597,1,0,0,421.8706236184161
1774272600,24188.5904,,24861.551210457597,1,0,0,432.23712193138635
1774359000,24002.4476,,24861.551210457597,1,0,0,419.9985703648589
1774445400,24162.9756,,24861.551210457597,1,0,0,412.27034391022613
1774531800,23586.9947,,24657.13355179623,1,0,0,424.84089791663877
1774618200,23132.7712,,24150.058181616605,1,0,0,430.06664806545035
1774877400,22953.3776,,23984.356503454943,1,0,0,436.15725177506107
1774963800,23740.1887,,23984.356503454943,1,0,0,464.73346236255674
1775050200,24019.9879,23065.05789270149,,1,0,0,461.7163221938027
1775136600,24045.5324,23065.05789270149,,1,0,0,469.0047848942455
1775482200,24192.1663,23234.19547758821,,1,0,0,451.6547859732278
1775568600,24202.3718,23234.19547758821,,1,0,0,450.0669369751402
1775655000,24903.1659,23911.75881884645,,1,0,0,478.1326771912017
1775741400,25082.0865,23991.031661961806,,1,0,0,466.0185288204015
1775827800,25116.3376,24251.236265765623,,1,0,0,444.7608339046587
1776087000,25383.716,24314.184739189062,,1,0,0,440.74151719718327
1776173400,25841.9959,24795.288825270156,,1,0,0,441.99425882595597
1776259800,26204.5806,25149.818152743137,,1,0,0,437.98069748124493
1776346200,26333.0003,25415.049457468827,,1,0,0,427.1869976611559
1776432600,26672.4332,25765.255536721943,,1,0,0,424.2848549710734
1776691800,26590.3434,25765.255536721943,,1,0,0,412.5441653302824
1776778200,26479.4707,25779.647173744776,,1,0,0,406.3152320924049
1776864600,26937.2749,26000.4838713703,,1,0,0,410.34007265723295
1776951000,26782.6247,26000.4838713703,,1,0,0,414.42633175314484
1777037400,27303.6666,26310.189175309944,,1,0,0,422.795172342206
1777296600,27305.6785,26449.679962778944,,1,0,0,403.7638528891913
1777383000,27029.0116,26449.679962778944,,1,0,0,405.50117053996354
1777469400,27186.9851,26449.679962778944,,1,0,0,391.1329083585375
1777555800,27452.1197,26486.869093015852,,1,0,0,395.95350776149905
1777642200,27710.3572,26882.610798714268,,1,0,0,391.599935778535
1777901400,27651.8174,26914.07567884284,,1,0,0,386.36264750863944
1777987800,28015.0608,27197.929455958554,,1,0,0,388.3236084008795
1778074200,28599.1716,27608.427285362697,,1,0,0,402.9872363722454
1778160600,28563.9481,27835.666076826434,,1,0,0,401.73611948851357
1778247000,29234.9933,28141.48911914379,,1,0,0,420.9724823821909
1778506200,29320.6564,28445.514077229407,,1,0,0,407.2769836406057
1778592600,29064.7993,28445.514077229407,,1,0,0,427.61544195199104
1778679000,29366.9436,28445.514077229407,,1,0,0,431.621524669706
1778765400,29580.2989,28657.39708675024,,1,0,0,424.2766729075842
1778851800,29125.1999,28657.39708675024,,1,0,0,436.03372484275684
1779111000,28994.3682,28657.39708675024,,1,0,0,442.9297373539885
1779197400,28818.844,28657.39708675024,,1,0,0,444.4887989715608
1779283800,29297.6982,28657.39708675024,,1,0,0,447.19919904502063
1779370200,29357.2721,28657.39708675024,,1,0,0,445.503184827519
1779456600,29481.6417,28665.372674912836,,1,0,0,435.5828216255536
1779802200,30001.319,28995.668382421547,,1,0,0,444.67322722372836
1779888600,29973.5719,29083.351274179397,,1,0,0,433.68996099346214
1779975000,30223.8888,29189.195571761455,,1,0,0,432.314642351072
1780061400,30333.1797,29507.91484958531,,1,0,0,420.0084321831382
1780320600,30513.8616,29610.006319626777,,1,0,0,418.03300131291405
1780407000,30660.6006,29717.474197664105,,1,0,0,409.3986155048488
1780493400,30571.2366,29814.270097897694,,1,0,0,403.04117154021685
1780579800,30407.8115,29814.270097897694,,1,0,0,408.4669021444871
1780666200,28957.5991,,30510.350251702872,1,0,0,484.85695913416663
1780925400,29414.2586,,30510.350251702872,1,0,0,503.10287633886907
1781011800,29084.4993,,30282.128070879327,1,0,0,582.0524851718071
1781098200,28508.0273,,30140.466453791392,1,0,0,594.0106219452492
1781184600,29446.1762,,30140.466453791392,1,0,0,622.9131846634456
1781271000,29635.9479,,30140.466453791392,1,0,0,615.066135758914
1781530200,30543.9184,29042.268110286073,,1,0,0,639.0763760618489
1781616600,29968.1296,29042.268110286073,,1,0,0,636.0854849145741
1781703000,29670.9481,29042.268110286073,,1,0,0,633.7943217063903
1781789400,30406.1938,29042.268110286073,,1,0,0,645.1536415845052
1782135000,30347.0826,29086.429799883696,,1,0,0,631.0940814713264
1782221400,29347.2727,29086.429799883696,,1,0,0,662.4519327948034
1782307800,29220.0562,29086.429799883696,,1,0,0,660.119309023746
1782394200,29440.3229,29086.429799883696,,1,0,0,673.20636552205
1782480600,29118.2384,29086.429799883696,,1,0,0,664.3764394133322
1782739800,29774.751,29086.429799883696,,1,0,0,674.1430865980943
1782826200,30276.3482,29086.429799883696,,1,0,0,666.0641018410877
1782912600,29809.1327,29086.429799883696,,1,0,0,653.412387423867
1782999000,29329.2129,29086.429799883696,,1,0,0,675.1095026078764
1783344600,29697.8728,29086.429799883696,,1,0,0,663.9254095644567
1783431000,29173.0171,29086.429799883696,,1,0,0,668.1737660241386
1783517400,29252.5622,29086.429799883696,,1,0,0,653.7333827367
1783603800,29727.0968,29086.429799883696,,1,0,0,644.2654411126499
1783690200,29825.1099,29086.429799883696,,1,0,0,624.8500667474606
1783949400,29264.1027,29086.429799883696,,1,0,0,625.6396548369275
1784035800,29586.2875,29086.429799883696,,1,0,0,611.6418366342898
1784122200,29502.5959,29086.429799883696,,1,0,0,609.3101483032691
1784208600,29025.77,,30314.737707566972,1,0,0,610.1713734244643
1784295000,28592.6588,,29795.082976810274,1,0,0,623.3340538941453
1784554200,28604.2348,,29795.082976810274,1,0,0,609.2986929017063
1784640600,29155.1788,,29795.082976810274,1,0,0,607.7813934087275
1784727000,28998.1005,,29795.082976810274,1,0,0,581.682565308104
1784813400,28454.8083,,29663.732546210224,1,0,0,591.8181177860968
1784899800,28128.342,,29392.8088865892,1,0,0,579.4315808013755
1785159000,28039.2106,,29275.57919793028,1,0,0,586.1618178869916
1785245400,27763.1344,,28843.979173137253,1,0,0,586.1690808950634
1785331800,27192.3064,,28760.063580823524,1,0,0,599.9346036882731
1785418200,28106.3464,,28760.063580823524,1,0,0,626.804210567682
1785504600,28274.1951,,28760.063580823524,1,0,0,628.641874098562
1785763800,28776.8035,27244.078134379648,,1,0,0,629.8446616629507
1785850200,29733.1608,28111.424695941685,,1,0,0,660.184307258454
1785936600,29487.7906,28388.896636347516,,1,0,0,647.2143067399929
1786023000,29373.3338,28388.896636347516,,1,0,0,632.8685419728505
1786109400,29722.303,28388.896636347516,,1,0,0,614.3650961176469
1786368600,29621.8041,28558.835334647338,,1,0,0,583.1771178235291
1786455000,29525.4786,28558.835334647338,,1,0,0,561.3923308361342
1786541400,29742.604,28756.843967064346,,1,0,0,546.723057204982
1786627800,30084.5011,28940.080715357908,,1,0,0,538.0603745474833
1786714200,30046.1412,29087.730313822118,,1,0,0,517.1392692226633
1786973400,29995.3813,29166.50340743991,,1,0,0,496.1860928496159
1787059800,29490.9578,29166.50340743991,,1,0,0,501.4797076460721
1787146200,29426.0226,29166.50340743991,,1,0,0,491.6270142427813
1787232600,29213.1647,29166.50340743991,,1,0,0,478.5076060825827
1787319000,29308.859,29166.50340743991,,1,0,0,463.0914627909697
1787578200,29090.3791,,29853.722794600813,1,0,0,460.93451544875745