time,close,Up Trend,Down Trend,Macro Score Heatmap,Rate Hike,Rate Cut,ATR
475770600,124.63,,,1,0,0,
476375400,128.65,,,1,0,0,
476980200,126.02,,,1,1,0,
477585000,124.95,,,1,0,0,
478189800,124.84,,,1,0,0,
478794600,119.79,,,1,0,0,
479399400,116.61,,,1,0,0,
480004200,117.31,,,1,0,0,
480609000,117.36,,,1,1,0,
481213800,115.97,112.351,,1,0,0,
481818600,117.5,112.351,,1,0,0,
482423400,118.02,113.55205999999998,,1,0,0,
483028200,117.84,113.55205999999998,,1,0,1,
483629400,115.29,113.55205999999998,,1,0,0,2.3792857142857167
484234200,119.75,113.55205999999998,,1,0,0,2.587908163265308
484839000,121.66,115.394549566,,1,0,0,2.5530575801749285
485443800,121.05,117.0490946094,,1,0,1,2.5356963244481476
486048600,119.64,117.0490946094,,1,0,0,2.521003729844708
486653400,119.16,117.0490946094,,1,0,0,2.4080748919986577
487258200,115.45,,122.0453150297474,1,0,0,2.5610695425701815
487863000,115.8,,120.12178352677267,1,0,0,2.4667074323865967
488467800,122.14,114.0043948259046,,1,0,0,2.743371187216126
489072600,121.76,116.47795534331414,,1,0,0,2.6288446738435454
489677400,122.84,116.47795534331414,,1,0,1,2.621784339997578
490282200,125.87,119.40924382808446,,1,0,0,2.703799744283465
490887000,125.5,120.339319445276,,1,1,0,2.5663854768346464
491491800,124.45,120.339319445276,,1,0,0,2.555215085632171
492096600,121.72,120.339319445276,,1,0,0,2.606985436658445
492701400,118.81,,125.30995612439379,1,0,0,2.6286293340399842
493306200,119.17,,124.54546051195442,1,1,0,2.590155810179984
493911000,118.3,,123.41941446075897,1,0,0,2.4944303951671283
494515800,117.19,,121.84947301468307,1,0,0,2.4426853669409043
495120600,114.19,,120.80552571321476,1,1,0,2.502493555016554
495725400,114.01,,117.62097314189329,1,0,0,2.551601158229657
496330200,111.13,,117.62097314189329,1,0,0,2.667915361213253
496935000,110.074997,,116.63083984493356,1,0,0,2.6691355496980207
497539800,111.050003,,114.6990061604402,1,0,0,2.7906260818624475
498144600,114.32,,114.6990061604402,1,0,0,2.8977237188722724
498749400,113.910004,,114.6990061604402,1,0,0,2.8821720246671094
499357800,116.275002,108.8966637365391,,1,0,0,2.931302594333745
499962600,119.260002,111.41049316288517,,1,0,0,2.9765668375956205
500567400,122.175003,114.77869504659667,,1,0,0,3.0439547777673615
501172200,123.970001,116.786328241937,,1,0,0,3.012600579355407
501777000,126.059998,118.2794453177433,,1,0,0,3.0559859665443057
502381800,126.955002,120.56000118596897,,1,0,0,3.2069868260768546
502986600,132.125,122.36150186737207,,1,0,0,3.359344624214222
503591400,132.259995,125.03134828063486,,1,0,1,3.295820151056063
504196200,131.485001,125.03134828063486,,1,0,0,3.271475997409202
504801000,130.550003,125.03134828063486,,1,0,0,3.2277994261656864
505405800,129.565002,125.03134828063486,,1,0,0,3.413671038582424
506010600,132.770004,125.03134828063486,,1,0,0,3.5248374643979647
506615400,130.199997,125.03134828063486,,1,0,0,3.582348074083826
507220200,132.925003,125.03134828063486,,1,0,0,3.6361094259349827
507825000,137.419998,127.38421316913029,,1,0,0,3.7021014669396273
508429800,140.160004,131.26378665221725,,1,0,0,3.675166505015369
509034600,141.145004,132.6951605869955,,1,0,0,3.576583111799987
509639400,140.425003,132.96839587829595,,1,0,0,3.5464699609571313
510244200,140.710007,133.67080664046637,,1,0,0,3.4506508208887654
510849000,147,136.43497727641972,,1,0,1,3.685603619396711
511453800,148.005005,139.65398384877776,,1,0,0,3.6519888608683737
512058600,148.375,140.28882981389998,,1,0,0,3.5947032993777746
512663400,147.035004,141.23144988251,,1,1,0,3.5518670637079346
513268200,152.664993,141.23144988251,,1,0,0,3.9203044877287962
513873000,157.660004,147.2928020248331,,1,0,0,4.167068452891025
514477800,160.460007,149.83677442234978,,1,0,1,4.154777491970236
515079000,155.009995,149.83677442234978,,1,0,0,4.374078456829504
515683800,157.914993,149.83677442234978,,1,0,0,4.281644352770255
516288600,154.994995,149.83677442234978,,1,0,0,4.251884470429524
516893400,160.164993,149.83677442234978,,1,1,0,4.342106936827415
517498200,163.160004,152.8372046206083,,1,0,0,4.294813084196885
518103000,161.884995,154.1044808085475,,1,1,0,4.174469363897108
518707800,162.354996,154.1044808085475,,1,0,0,4.2587926950473145
519312600,159.585007,154.1044808085475,,1,0,0,4.38745021682965
519917400,161.615005,154.1044808085475,,1,0,0,4.300132915627532
520522200,164.514999,154.487207978138,,1,0,0,4.209051564511281
521127000,152.854996,,168.6147602196758,1,0,0,4.7737625241890465
521731800,147.759995,,159.75453894770823,1,0,1,4.975635986746972
522336600,148.259995,,157.4370800029374,1,0,0,4.750946701979332
522941400,144.190002,,155.87687150264367,1,0,0,4.840522294695096
523546200,142.294998,,152.1169350023793,1,0,0,4.7811999165025885
524151000,149.574997,,152.1169350023793,1,0,0,5.011471708180975
524755800,150.945007,,152.1169350023793,1,0,1,4.88743865759662
525360600,151.699997,,152.1169350023793,1,0,0,4.736907253482577
525965400,149.669998,,152.1169350023793,1,0,0,4.646771449662394
526570200,135.035004,,152.1169350023793,1,0,0,5.373787560400793
527175000,138.455002,,147.27313944587195,1,0,0,5.367803306086451
527779800,137.585007,,147.27313944587195,1,0,0,5.310816855651704
528384600,138.554993,,147.27313944587195,1,0,0,5.256829437390868
528989400,139.869995,,147.27313944587195,1,0,0,5.072055763291522
529594200,141.195007,,147.27313944587195,1,0,0,4.913694351627842
530199000,141.964996,,147.27313944587195,1,0,0,4.803430112225852
530807400,144.479996,,147.27313944587195,1,0,0,4.740327818495435
531412200,144.910004,,147.27313944587195,1,0,0,4.5849474743171905
532017000,143.505005,,147.27313944587195,1,0,0,4.475664940437391
532621800,142.899994,,147.27313944587195,1,0,0,4.517760444691863
533226600,147.940002,136.37207652819976,,1,0,0,4.565777770071015
533831400,149.044998,139.10236922537976,,1,0,0,4.612508000780228
534436200,144.979996,139.10236922537976,,1,0,0,4.589828715010212
535041000,143.770004,139.10236922537976,,1,0,0,4.436626092509483
535645800,142.934998,139.10236922537976,,1,0,0,4.267224371615948
536250600,142.860001,139.10236922537976,,1,0,0,4.111708130786236
536855400,156.990005,140.1910171010395,,1,1,0,4.855514264301505
537460200,162.514999,150.19667229093557,,1,0,0,5.112263031137111
538065000,166.764999,154.71749641184203,,1,0,0,5.358529814627316
538669800,166.675003,155.2287547706578,,1,0,0,5.332563042153935
539274600,174.630005,159.21762874359206,,1,0,0,5.587737039142939
539879400,179.065002,163.0261159192328,,1,0,0,5.764683536347015
540484200,178.684998,168.99725402730957,,1,0,0,5.833634426607942
541089000,182.75,168.99725402730957,,1,0,0,6.001232538993089
541693800,184.285004,170.13872794212074,,1,0,0,5.99257235763644
542298600,183.164993,171.43435464790866,,1,0,0,5.930960403519552
542903400,189.824997,172.9384182331178,,1,0,0,6.15053501755387
543508200,189.050003,177.77732515980603,,1,0,0,5.944067802014307
544113000,191.360001,177.77732515980603,,1,0,0,6.349133744727571
544714200,188.285004,177.77732515980603,,1,0,0,6.2727680486756014
545319000,183.744995,177.77732515980603,,1,0,0,6.486498830913059
545923800,180.375,177.77732515980603,,1,0,0,6.416748557276413
546528600,185.830002,177.77732515980603,,1,1,0,6.576981017470954
547133400,190.360001,177.77732515980603,,1,0,0,6.565054016223028
547738200,187.910004,177.77732515980603,,1,0,0,6.398621657921382
548343000,181.639999,177.77732515980603,,1,0,0,6.540505396641281
548947800,188.770004,177.77732515980603,,1,1,0,6.658326654024049
549552600,185.684998,177.77732515980603,,1,0,0,6.5195173930223325
550157400,190.360001,177.77732515980603,,1,0,0,6.541337364949311
550762200,192.050003,177.93245032518016,,1,0,0,6.39981412459579
551367000,191.059998,178.84420609266212,,1,0,0,6.231613044267521
551971800,190.384995,178.84420609266212,,1,0,1,5.996854398248411
552576600,188.735001,178.84420609266212,,1,0,0,5.897435941230667
553181400,195.865005,180.4198961640507,,1,0,0,6.136547302571333
553786200,193.024994,181.04516699764562,,1,0,0,6.0842937809590945
554391000,196.350006,182.62688989788103,,1,0,0,6.015772796604873
554995800,203.729996,186.54045670809296,,1,0,0,6.34393195399024
555600600,206.464996,193.17191598728365,,1,0,0,6.282579742990936
556205400,210.574997,194.12646923855527,,1,0,0,6.362396118491581
556810200,208.845001,198.19681376469975,,1,1,0,6.150082038599327
557415000,204.059998,198.19681376469975,,1,1,0,6.217576250127946
558019800,206.365005,198.19681376469975,,1,1,0,6.449892303690235
558624600,201.675003,198.19681376469975,,1,0,0,6.443471424855219
559229400,205.115005,198.19681376469975,,1,1,0,6.700366894508418
559834200,212.145004,198.19681376469975,,1,0,0,6.832840187757816
560439000,202.464996,198.19681376469975,,1,0,0,7.1940658886322595
561043800,183.285004,,210.18222411632314,1,0,0,8.073061182301384
561648600,145.419998,,186.74450890469083,1,0,0,10.419270954994143
562257000,150.070007,,165.86605511422175,1,0,0,11.522180243923133
562861800,150.679993,,165.86605511422175,1,0,1,11.437738512214336
563466600,147.949997,,165.86605511422175,1,0,0,11.184328547056168
564071400,140.835007,,165.86605511422175,1,0,0,11.307947436552157
564676200,143.354996,,165.86605511422175,1,0,0,10.934880262512719
565281000,130.434998,,160.6405506444718,1,0,0,11.14596024376181
565885800,139.820007,,159.9600034800246,1,0,0,11.137320869207395
566490600,154.744995,,159.9600034800246,1,0,0,11.414654307121154
567095400,158.184998,,159.9600034800246,1,0,0,10.976464642326787
567700200,156.25,,159.9600034800246,1,0,0,10.648502525017731
568305000,158.195007,,159.9600034800246,1,0,0,10.808609416087892
568909800,159.824997,,159.9600034800246,1,0,0,10.695851314938755
569514600,154.354996,,159.9600034800246,1,0,0,10.525433221014557
570119400,159.130005,,159.9600034800246,1,0,1,10.11575999094209
570724200,158.014999,,159.9600034800246,1,0,0,9.701062705874799
571329000,163.934998,141.84688509867212,,1,0,1,9.593487369740885
571933800,167.074997,147.6549531888049,,1,0,0,9.22466634333082
572538600,170.645004,153.0484544199244,,1,0,0,9.06397631880719
573143400,177.389999,156.59986327793197,,1,0,0,8.932620224606676
573748200,177.889999,162.3131236001388,,1,0,0,8.7981475657062
574353000,181.035004,163.7208142901249,,1,0,0,8.541850739584328
574957800,172.880005,163.7208142901249,,1,0,0,8.54350440104259
575562600,173.259995,163.7208142901249,,1,1,0,8.261825943825261
576163800,178.929993,163.7208142901249,,1,0,0,8.292410019266315
576768600,173.134995,163.7208142901249,,1,0,0,8.469381089318722
577373400,173.320007,163.7208142901249,,1,0,0,8.253710797224526
577978200,175.919998,163.7208142901249,,1,0,0,7.9830883831370585
578583000,177.179993,163.7208142901249,,1,0,0,7.7467965700558405
579187800,173.845001,163.7208142901249,,1,1,0,7.718810815051852
579792600,169.884995,163.7208142901249,,1,0,0,7.870681613976721
580397400,169.585007,163.7208142901249,,1,1,0,7.549918998692671
581002200,178.005005,163.7208142901249,,1,0,0,7.672781141643195
581607000,184.285004,166.85213349709144,,1,0,0,7.646154131525824
582211800,183.940002,171.29792349738227,,1,0,0,7.371071622131121
582816600,187.350006,171.68737209764407,,1,1,0,7.20063793483604
583421400,189.955002,174.15139448787968,,1,0,0,7.075592153776323
584026200,188.145004,177.3257472890917,,1,1,0,6.924836357078014
584631000,188.509995,177.3257472890917,,1,0,0,6.654133403001014
585235800,181.860001,177.3257472890917,,1,1,0,6.822051731358084
585840600,181.160004,177.3257472890917,,1,0,0,6.7401186076896495
586445400,179.895004,177.3257472890917,,1,0,0,6.44011070714039
587050200,173.744995,,189.09613925442926,1,1,0,6.558317156630361
587655000,172.815002,,184.0247672789863,1,0,0,6.486651145442478
588259800,170.979996,,182.76704620108768,1,0,0,6.318675706482301
588864600,171.464996,,182.0905878309789,1,0,0,6.301627584590709
589469400,175.479996,,182.0905878309789,1,0,0,6.2486540428342305
590074200,176.645004,,182.0905878309789,1,0,0,6.070178754060357
590679000,177.475006,,182.0905878309789,1,0,0,5.91945105734176
591283800,179.365005,,182.0905878309789,1,0,0,5.855918767531635
591888600,176,,182.0905878309789,1,0,0,5.81263885556509
592493400,175.369995,,182.0905878309789,1,0,0,5.680664365881868
593098200,179.740005,,182.0905878309789,1,0,0,5.6777596968903055
593703000,174.884995,,182.0905878309789,1,0,0,5.791133932826711
594311400,173.559998,,182.0905878309789,1,0,0,5.584981437624802
594916200,169.240005,,182.0905878309789,1,0,0,5.564983334937316
595521000,166.524994,,178.01824420542712,1,1,0,5.510698311013222
596125800,165.720001,,175.43267063488443,1,1,0,5.462077145940849
596730600,171.615005,,175.43267063488443,1,0,0,5.657642849802216
597335400,171.794998,,175.43267063488443,1,0,0,5.4699540033877705
597940200,174.014999,,175.43267063488443,1,1,0,5.397813788860073
598545000,175.610001,165.38983261585236,,1,0,0,5.230827946798639
599149800,177.410004,166.3353487542671,,1,0,0,5.123983164884451
599754600,177.520004,166.3353487542671,,1,1,0,5.208341010249847
600359400,179.100006,168.20580904595633,,1,0,0,5.069174438089143
600964200,180.320007,169.2847245913607,,1,0,0,5.082805478225632
601569000,183.544998,171.17175658222465,,1,0,0,5.1976053012095145
602173800,189.975006,176.75907607400217,,1,0,0,5.368133993980265
602778600,185.705002,178.18942051660196,,1,1,0,5.523980708695959
603383400,188.509995,178.18942051660196,,1,1,0,5.474410729503389
603988200,184.589996,178.18942051660196,,1,0,0,5.406952748824575
604593000,185.815002,178.18942051660196,,1,1,0,5.230028123908533
605197800,184.994995,178.18942051660196,,1,0,0,5.106812186486495
605802600,182.009995,178.18942051660196,,1,0,0,5.144183101737459
606407400,181.039993,178.18942051660196,,1,0,0,5.010313237327641
607012200,185.869995,178.18942051660196,,1,0,0,5.067791006089952
607613400,188.399994,178.18942051660196,,1,0,0,5.001877648512099
608218200,194.630005,181.4798298225784,,1,0,0,5.102100530761235
608823000,198.860001,186.54309884032057,,1,0,0,5.093021278564003
609427800,200.470001,188.7990418062885,,1,0,0,5.00209061580943
610032600,203.440002,192.17064282565968,,1,0,0,5.081227071823043
610637400,207.154999,194.3960724930937,,1,0,0,5.1022108524071115
611242200,212.610001,199.74771854378432,,1,1,0,5.175624720092318
611847000,214.434998,201.8459479394059,,1,0,0,5.145580454371436
612451800,217.789993,204.8895958954653,,1,0,0,5.186967993344906
613056600,218.794998,205.89489240591877,,1,0,1,5.387183922391698
613661400,212.815002,205.89489240591877,,1,0,0,5.55488507079229
614266200,214.259995,205.89489240591877,,1,0,0,5.447393494307127
614871000,204.585007,,221.4108315985852,1,0,0,6.025436387570904
615475800,209.580002,,219.6227476387267,1,0,0,6.067190931315838
616080600,212.865005,,219.6227476387267,1,0,1,5.933463507650421
616685400,210.865005,,219.6227476387267,1,0,0,5.817145185675391
617290200,213.145004,,219.6227476387267,1,0,1,5.818777458127149
617895000,215.139999,,219.6227476387267,1,0,0,5.695294139689496
618499800,216.304993,,219.6227476387267,1,0,0,5.665272701140248
619104600,216.720001,,219.6227476387267,1,0,0,5.46453857963023
619709400,220.820007,205.99703987886818,,1,0,0,5.6517137525137855
620314200,223.514999,210.60508854098137,,1,0,0,5.564091555905658
620919000,222.654999,211.30432333688321,,1,0,0,5.529513730483826
621523800,221.960007,213.2428903031949,,1,0,0,5.558476892592124
622128600,223.889999,213.2428903031949,,1,0,0,5.434299471692688
622733400,226.389999,213.28257172558787,,1,0,0,5.521848723714639
623338200,234.404999,218.49181490302908,,1,0,0,5.7874313863064515
623943000,224.664993,218.49181490302908,,1,0,0,6.397615001570277
624547800,231.050003,218.49181490302908,,1,0,1,7.244571430029544
625152600,218.839996,218.49181490302908,,1,0,0,7.758173327884576
625761000,219.054993,218.49181490302908,,1,0,0,7.657232447321391
626365800,222.529999,218.49181490302908,,1,0,1,7.720287843941292
626970600,222.630005,218.49181490302908,,1,0,0,7.449196069374056
627575400,224.835007,218.49181490302908,,1,0,0,7.200324707275908
628180200,225.315002,218.49181490302908,,1,0,0,6.992801371041915
628785000,224.024994,218.49181490302908,,1,0,0,6.799029773110349
629389800,214.139999,,233.01491842170958,1,0,0,7.127312575031037
629994600,217.625,,229.27118132953862,1,0,1,7.370005176814533
630599400,223.835007,,229.27118132953862,1,0,0,7.320004735613495
631204200,223.139999,,229.27118132953862,1,0,0,7.4046475402125305
631809000,208.794998,,229.27118132953862,1,0,0,8.013244358768778
632413800,213.910004,,227.1216605222603,1,0,0,8.16444147599958
633018600,203.244995,,225.67600147003424,1,0,0,8.48626701342818
633623400,205.615005,,220.02490017303086,1,0,0,8.59939129818331
634228200,208.494995,,220.02490017303086,1,0,0,8.461577491170218
634833000,208.354996,,220.02490017303086,1,0,0,8.22075031322949
635437800,201.794998,,220.02490017303086,1,0,0,8.201410790855954
636042600,211.539993,,220.02490017303086,1,0,0,8.340595305794814
636647400,213.820007,,220.02490017303086,1,0,0,8.206267569666613
637252200,217.960007,,220.02490017303086,1,0,0,8.19796245754757
637857000,214.490005,,220.02490017303086,1,0,0,8.248821496294171
638461800,213.145004,,220.02490017303086,1,0,0,8.105691032273159
639063000,212.475006,,220.02490017303086,1,0,0,8.08635538711079
639667800,216.044998,,220.02490017303086,1,0,0,7.931259145174306
640272600,208.619995,,220.02490017303086,1,0,0,8.10152649194757
640877400,203.669998,,220.02490017303086,1,0,0,7.923202885379887
641482200,212.705002,,220.02490017303086,1,0,0,8.054402322138467
642087000,220.889999,200.61771795322508,,1,0,0,8.07837351341429
642691800,228.509995,208.67644540790255,,1,0,0,8.078847333884699
643296600,232.199997,216.6605446671123,,1,0,0,8.167144095750077
643901400,237.884995,219.15874600040107,,1,0,0,8.058776231767927
644506200,234.729996,220.93187010036098,,1,0,0,8.041363786641647
645111000,240.785004,221.26443689032487,,1,0,0,8.187694659024386
645715800,235.740005,221.8114931012924,,1,0,0,8.020359469094071
646320600,238.460007,221.8114931012924,,1,0,0,7.9596193641587805
646925400,238.464996,222.46757924204684,,1,0,0,7.61000390957601
647530200,244.740005,226.55957526784215,,1,0,0,7.7292892731777245
648135000,232.440002,226.55957526784215,,1,0,1,8.225769110807887
648739800,225.634995,,244.33144580804787,1,0,0,8.381071960035893
649344600,212.604996,,234.71130147724307,1,0,0,9.28385182003333
649949400,206.229996,,226.71067002951878,1,0,0,9.459290332888092
650554200,196.845001,,223.79609877656688,1,0,0,9.986483594824657
651159000,184.964996,,210.8789845989102,1,0,0,10.764234766622895
651763800,193.615005,,210.8789845989102,1,0,0,10.782504069006974
652368600,191.800003,,210.8789845989102,1,0,0,10.556254135506476
652973400,189.520004,,210.8789845989102,1,0,0,10.399021411541728
653578200,183.199997,,207.74162145704497,1,0,0,10.335163096431605
654183000,177.054993,,198.4677094613405,1,0,0,10.588008589543634
654787800,178.365005,,198.4677094613405,1,0,0,10.861722118861945
655392600,166.714996,,195.8998177336858,1,0,0,11.388741253228948
655997400,174.619995,,194.40784146031723,1,0,0,11.430974806569736
656602200,174.210007,,194.40784146031723,1,0,0,11.069119891814756
657210600,176.865005,,194.40784146031723,1,0,1,10.806325542399417
657815400,182.24,,194.40784146031723,1,0,0,10.490873860799459
658420200,184.96,,194.40784146031723,1,0,1,10.48652572788521
659025000,184.28,,194.40784146031723,1,0,0,10.107488175893408
659629800,192.65,,194.40784146031723,1,0,0,10.189096163329594
660234600,199.34,177.55023748071295,,1,0,0,10.234875008806052
660839400,196.13,177.75071373264166,,1,0,1,9.859526793891334
661444200,202.75,178.7486423593775,,1,0,1,9.843846308613381
662049000,199.42,181.94877812343975,,1,0,0,9.477857286569568
662653800,196.82,181.94877812343975,,1,0,0,9.167296051814601
663258600,196.19,181.94877812343975,,1,0,1,8.97963204811356
663863400,211.49,182.74608925198757,,1,0,0,9.921086901819734
664468200,221.01,195.00748032678882,,1,0,0,10.148866408832612
665073000,234.45,206.3582322941099,,1,0,0,10.565375951058854
665677800,244.47,218.4824090646989,,1,0,1,10.96499195455465
666282600,248.33,226.18016815822907,,1,0,0,10.699635386372176
666887400,248.65,228.79565134240613,,1,0,0,10.378232858774163
667492200,252.39,229.46808620816552,,1,0,0,10.100501940290297
668097000,262.86,237.94377758734896,,1,0,0,10.53975180169813
668701800,254.63,237.94377758734896,,1,0,1,10.683340958719693
669306600,252.28,237.94377758734896,,1,0,0,10.550245175954
669911400,264.9,237.94377758734896,,1,0,0,10.918084806243002
670516200,275.4,247.68058897505966,,1,0,0,11.345364462939928
671117400,279.2,251.5785300775537,,1,0,0,11.303552715587076
671722200,274,256.18867706979836,,1,0,0,11.403298950187999
672327000,271.3,256.18867706979836,,1,0,0,11.05734902517457
672931800,267.09,256.18867706979836,,1,0,1,11.223966951947814
673536600,268.71,256.18867706979836,,1,0,0,11.035112169665831
674141400,260.39,256.18867706979836,,1,0,0,11.253318443261128
674746200,269.5,256.18867706979836,,1,0,0,11.32093855445676
675351000,279,256.18867706979836,,1,0,0,11.190871514852704
675955800,270.57,256.18867706979836,,1,0,0,11.292952120934654
676560600,267.79,256.18867706979836,,1,0,0,11.084884112296464
677165400,260.28,256.18867706979836,,1,0,0,11.142392389989578
677770200,254.32,,277.3324780923381,1,0,0,11.096507219276035
678375000,251.97,,277.3324780923381,1,0,0,10.926042417899174
678979800,267.44,,277.3324780923381,1,0,0,11.412039388049234
679584600,266.92,,277.3324780923381,1,0,0,11.171893717474285
680189400,264.22,,277.3324780923381,1,0,0,11.021758451940409
680794200,275.69,,277.3324780923381,1,0,0,11.316632848230382
681399000,278.15,253.52835456012974,,1,0,1,11.124016216213928
682003800,279.51,259.43651910411677,,1,0,0,10.912300772198648
682608600,286.77,259.43651910411677,,1,0,0,11.858565002755885
683213400,287.4,264.3333804743346,,1,0,0,11.485810359701897
683818200,279.96,264.3333804743346,,1,0,0,11.248252476866044
684423000,279.49,264.3333804743346,,1,0,0,11.129091585661326
685027800,286.63,264.3333804743346,,1,0,1,11.170585043828373
685632600,285.94,265.5758439292109,,1,0,0,10.856971826412062
686237400,280.51,265.5758439292109,,1,0,0,10.75290241023977
686842200,281.5,265.5758439292109,,1,0,0,10.380552238079787
687447000,293.11,268.2106302243948,,1,0,0,10.800512792502658
688051800,282.94,268.2106302243948,,1,0,0,10.824761878752469
688660200,290,268.2106302243948,,1,0,1,10.950850315984434
689265000,295.55,269.7353994335838,,1,0,1,10.887932436271266
689869800,284.52,270.9573594902254,,1,0,0,11.545222976537605
690474600,286.32,270.9573594902254,,1,0,0,11.539849906784921
691079400,284.79,270.9573594902254,,1,0,0,11.26343205630028
691684200,296.14,270.9573594902254,,1,0,0,11.661758337993119
692289000,301.33,273.94432706153685,,1,0,1,11.521632742422181
692893800,295.82,275.9268943553832,,1,0,0,11.36508754653488
693498600,316.77,281.7307049198448,,1,0,1,12.199009864639534
694103400,334.82,299.67063442786036,,1,0,0,12.654080588593853
694708200,347.11,315.2870709850743,,1,0,0,13.093789117980007
695313000,349.73,323.3598638865669,,1,0,0,13.136375609552863
695917800,345.45,323.3598638865669,,1,0,0,13.813777351727657
696522600,338.31,323.3598638865669,,1,0,0,13.57279325517568
697127400,346.8,323.3598638865669,,1,0,0,13.74687945123456
697732200,346.69,323.3598638865669,,1,0,0,13.740673776146377
698337000,342.39,323.3598638865669,,1,0,0,13.717054220707352
698941800,345.88,323.3598638865669,,1,0,0,14.017264633513966
699546600,333,323.3598638865669,,1,0,0,14.251031445405824
700151400,336.47,323.3598638865669,,1,0,0,13.930243485019698
700756200,340.86,323.3598638865669,,1,0,0,13.675940378946862
701361000,324.22,323.3598638865669,,1,0,0,14.090516066164943
701965800,316.38,,349.1264661565965,1,0,0,13.949050632867449
702567000,312.98,,345.4613195409369,1,0,1,14.489832730519778
703171800,319.23,,345.4613195409369,1,0,0,14.510558964054082
703776600,303.81,,341.32936882815886,1,0,0,14.629804752335934
704381400,307.47,,331.470431945343,1,0,0,14.906247270026224
704986200,311.26,,331.470431945343,1,0,0,14.540801036452919
705591000,303.01,,331.470431945343,1,0,0,14.432172390992
706195800,308.38,,331.470431945343,1,0,0,13.889874363064001
706800600,315.29,,331.470431945343,1,0,0,13.767026194273715
707405400,313.24,,331.470431945343,1,0,0,13.257238608968454
708010200,304.11,,331.470431945343,1,0,0,13.150292994042134
708615000,296.86,,325.00422013911856,1,0,0,13.32812920875341
709219800,290.03,,320.1737981252067,1,0,0,13.239691408128168
709824600,300.87,,320.1737981252067,1,0,1,13.556856307547585
710429400,302.83,,320.1737981252067,1,0,0,13.4006522855799
711034200,305.54,,320.1737981252067,1,0,0,13.11560569375276
711639000,303.64,,320.1737981252067,1,0,0,12.780205287056136
712243800,310.89,,320.1737981252067,1,0,0,12.627333480837839
712848600,303.31,,320.1737981252067,1,0,0,12.52609537506371
713453400,302.23,,320.1737981252067,1,0,0,11.975659991130586
714058200,295.69,,320.1737981252067,1,0,0,11.730255706049832
714663000,299.13,,316.9489326689199,1,0,0,11.83595172704627
715267800,306.39,,316.9489326689199,1,0,0,11.914812317971537
715872600,315.19,,316.9489326689199,1,0,1,12.006611438116432
716477400,319.91,297.0092630843574,,1,0,0,11.82756776396526
717082200,310.22,297.0092630843574,,1,0,0,11.855598637967743
717687000,304.39,297.0092630843574,,1,0,0,11.707341592398617
718291800,305.63,297.0092630843574,,1,0,0,12.208245764370146
718896600,316.38,297.0092630843574,,1,0,0,12.144799638343708
719501400,325.44,297.7619567586822,,1,0,0,12.173028235604873
720109800,329.15,303.215761082814,,1,0,0,12.069954790204521
720714600,338.14,307.59868497453266,,1,0,0,12.186386590904197
721319400,348.49,318.41681647707935,,1,0,0,12.290930405839608
721924200,348.8,319.02063482937143,,1,0,0,12.309435376851066
722529000,349.31,322.0900713464343,,1,0,0,12.126618564218846
723133800,358.4,329.6525642117908,,1,0,0,12.048288666774644
723738600,350.89,332.33280779061175,,1,0,0,12.144125190576455
724343400,357.89,332.33280779061175,,1,0,0,12.348116248392424
724948200,357.56,333.27152431039553,,1,0,0,12.006822230650112
725553000,360.18,336.98387187935595,,1,0,0,11.596334928460818
726157800,365.54,339.5234846914204,,1,0,0,11.854453862142188
726762600,379.23,348.9076362222783,,1,0,0,12.31127858627489
727367400,377.82,353.9883726000505,,1,0,0,11.98690154439811
727972200,370.56,353.9883726000505,,1,0,0,12.31569429122682
728577000,369,353.9883726000505,,1,0,0,12.527430413282044
729181800,361.19,353.9883726000505,,1,0,0,12.300471098047613
729786600,347.91,,377.4898322371069,1,0,0,12.829008876758497
730391400,351.14,,371.88884901339617,1,0,0,13.056936814132893
730996200,355.56,,371.88884901339617,1,0,0,13.005727041694831
731601000,362.65,,371.88884901339617,1,0,0,12.758889395859486
732205800,351.55,,371.88884901339617,1,0,0,12.923968724726665
732810600,352.64,,371.88884901339617,1,0,0,12.784399530103329
733415400,341.18,,371.88884901339617,1,0,0,13.445513849381664
734016600,341.56,,370.02414697852834,1,0,0,13.09654857442583
734621400,340.65,,370.02414697852834,1,0,0,12.978223676252556
735226200,333.66,,364.0272590526079,1,0,0,12.84335055652023
735831000,339.94,,362.2560331473471,1,0,0,13.198825516768784
736435800,353.23,,362.2560331473471,1,0,0,13.483909408428156
737040600,349.72,,362.2560331473471,1,0,0,13.294344450683287
737645400,366.67,331.66980183558394,,1,0,0,13.871176989920196
738250200,368.11,341.59432165202554,,1,0,0,13.824664347783038
738855000,368.62,344.57288948682304,,1,0,0,13.331474037227109
739459800,363.07,344.57288948682304,,1,0,0,13.474225891710885
740064600,357.96,344.57288948682304,,1,0,0,13.340352613731538
740669400,362.22,344.57288948682304,,1,0,0,13.16461314132214
741274200,364.21,344.57288948682304,,1,0,0,12.82785505979913
741879000,362.46,344.57288948682304,,1,0,0,12.58657969838491
742483800,351.07,344.57288948682304,,1,0,0,12.845395434214558
743088600,353.2,344.57288948682304,,1,0,0,12.62072433177066
743693400,352.86,344.57288948682304,,1,0,0,12.354244022358468
744298200,363.14,344.57288948682304,,1,0,0,12.326798020761432
744903000,360.45,344.57288948682304,,1,0,0,12.048455304992759
745507800,370.87,345.1154678168965,,1,0,0,12.55856564035042
746112600,366.5,345.1154678168965,,1,0,0,12.482953808896818
746717400,373.7,347.3780789316862,,1,0,0,12.339171393975619
747322200,370.63,347.3780789316862,,1,0,0,12.584944865834505
747927000,366.18,347.3780789316862,,1,0,0,12.516020232560612
748531800,378.04,347.3780789316862,,1,0,0,12.775590215949137
749136600,382.81,358.0562600870793,,1,0,0,12.598048057667054
749741400,381.31,358.0562600870793,,1,0,0,12.476044624976549
750346200,392.45,361.9225206705342,,1,0,0,12.805612866049652
750951000,388.19,361.9225206705342,,1,0,0,12.852354804188964
751555800,390.98,362.1818917431327,,1,0,0,12.674329461032611
752164200,383.63,362.1818917431327,,1,0,0,13.502591642387424
752769000,395.17,362.1818917431327,,1,0,0,13.705263667931181
753373800,380.56,362.1818917431327,,1,0,0,14.00703054879324
753978600,386.31,362.1818917431327,,1,0,0,14.040099795308011
754583400,401.77,362.1818917431327,,1,0,0,14.532949809928867
755188200,386.96,362.9323831498622,,1,0,0,14.682024823505376
755793000,388.93,362.9323831498622,,1,0,0,14.208308764683565
756397800,390.32,362.9323831498622,,1,0,0,13.713429567206171
757002600,398.28,368.1138673162495,,1,0,0,13.506041740977158
757607400,404.78,371.7329805846246,,1,0,0,13.496324473764505
758212200,411.75,382.5141825261621,,1,0,0,13.098015582781327
758817000,411.59,383.2587642735459,,1,0,0,12.849585898296947
759421800,412.52,383.5038878461913,,1,0,0,12.589615476990021
760026600,397.48,383.5038878461913,,1,0,0,12.998214371490734
760631400,401.83,383.5038878461913,,1,1,0,13.042627630669967
761236200,407.94,383.5038878461913,,1,0,0,12.868154228479257
761841000,406.45,383.5038878461913,,1,0,0,12.803286069302166
762445800,411.99,383.5038878461913,,1,0,0,13.012337064352009
763050600,409.43,386.4458560358678,,1,0,0,12.750027274041154
763655400,417.52,389.64127043228103,,1,0,0,12.522168183038215
764260200,399.86,389.64127043228103,,1,1,0,12.9120133128212
764865000,382.96,,415.8480709498524,1,0,0,14.070440933333972
765466200,384.9,,411.03776385486714,1,0,0,14.724695152381546
766071000,366.29,,405.70348746938043,1,0,0,15.327216927211435
766675800,369.08,,395.0051387224424,1,1,0,15.64455857526776
767280600,373.25,,395.0051387224424,1,0,0,15.148518677034348
767885400,374.57,,395.0051387224424,1,0,0,14.802910200103323
768490200,364.82,,395.0051387224424,1,0,0,14.836988042953083
769095000,370.37,,395.0051387224424,1,1,0,15.311488897027862
769699800,376.81,,395.0051387224424,1,0,0,15.168525404383015
770304600,382.78,,395.0051387224424,1,0,0,15.584345018355657
770909400,374.64,,395.0051387224424,1,0,0,15.640463231330255
771514200,371.94,,395.0051387224424,1,0,0,15.115430143378095
772119000,351.76,,392.9990399701165,1,0,0,15.600756561708234
772723800,360.03,,390.94563597310486,1,0,0,15.699988235871931
773328600,359.31,,388.72257237579436,1,0,0,15.292131933309651
773933400,367.24,,388.72257237579436,1,0,0,15.512693938073246
774538200,365.06,,388.72257237579436,1,0,0,15.176072942496587
775143000,370.16,,388.72257237579436,1,0,0,14.75706773231826
775747800,367.15,,388.72257237579436,1,0,0,14.619420037152668
776352600,376.96,,388.72257237579436,1,0,0,14.505175748784623
776957400,384.12,,388.72257237579436,1,1,0,14.40552033815715
777562200,399.26,361.898392478132,,1,0,0,14.78369745686021
778167000,391.41,367.53055323031873,,1,0,0,14.619861924227338
778771800,394.84,367.8039979072869,,1,0,0,14.334871786782529
779376600,404.47,370.0000981165582,,1,0,0,14.496666659155206
779981400,390.2,370.0000981165582,,1,0,0,14.735476183501264
780586200,393.85,370.0000981165582,,1,0,0,14.423656456108317
781191000,387.36,370.0000981165582,,1,0,0,14.689109566386293
781795800,398.8,370.0000981165582,,1,0,0,15.032030311644416
782400600,400.52,371.81915513684646,,1,0,0,14.619028146526958
783005400,411.84,373.2097396231618,,1,0,0,14.839097564632173
783613800,401.46,378.9277656608456,,1,0,0,14.81487631001559
784218600,404.78,378.9277656608456,,1,0,0,14.80309943072876
784823400,412.43,381.3751901852849,,1,1,0,14.529306614248137
785428200,401.17,381.3751901852849,,1,0,0,15.381498998944702
786033000,402.04,381.3751901852849,,1,0,0,15.436391927591506
786637800,388.63,381.3751901852849,,1,0,0,16.1195067899064
787242600,392.01,381.3751901852849,,1,0,0,15.985970590627371
787847400,401.15,381.3751901852849,,1,0,0,15.89697269129684
788452200,404.27,381.3751901852849,,1,0,0,15.312188927632779
789057000,401.59,381.3751901852849,,1,0,0,14.909889718516153
789661800,410.48,381.3751901852849,,1,0,0,14.561326167193569
790266600,410.13,386.32460199214614,,1,0,0,14.3240885838226
790871400,407.22,386.32460199214614,,1,0,0,13.975225113549557
791476200,416.14,386.32460199214614,,1,1,0,14.255566176867449
792081000,430.77,395.4119148522745,,1,0,0,14.299454307091201
792685800,425.66,402.41622336704705,,1,0,0,13.857350428013259
793290600,428.42,402.4921010303424,,1,0,0,13.694682540298023
793895400,436.68,404.09189092730816,,1,0,0,13.621490930276734
794500200,441.76,409.99820183457734,,1,0,0,13.459241578114106
795105000,443.94,419.04988165111956,,1,0,0,13.030724322534526
795709800,455.43,424.1848934860076,,1,0,0,12.997101156639204
796314600,447.15,424.1848934860076,,1,0,0,13.756593931164973
796915800,444.01,424.1848934860076,,1,0,0,13.668265793224617
797520600,458.93,424.1848934860076,,1,0,0,13.908389665137147
798125400,451.34,425.10737761616963,,1,0,0,14.624218974770207
798730200,469.56,428.55013985455264,,1,0,0,15.095346190858047
799335000,470.3,441.6891258690974,,1,0,0,15.481392891511044
799939800,483.19,445.87421328218767,,1,0,0,15.555579113545972
800544600,489.87,457.64679195396894,,1,0,0,15.709466319721258
801149400,496.06,466.27861275857197,,1,0,0,15.993075868312598
801754200,492.65,466.27861275857197,,1,0,0,16.54714187771884
802359000,500.41,466.27861275857197,,1,0,0,16.180203172167495
802963800,517.57,475.06620870099897,,1,0,0,16.38233151701267
803568600,544.66,495.79208783089905,,1,0,0,17.285022122940344
804173400,538.03,496.7298790478092,,1,0,0,17.78394911415889
804778200,553.87,508.12939114302833,,1,0,1,17.73866703457611
805383000,583.25,531.1919520287255,,1,0,0,19.1787622463921
805987800,547.78,531.1919520287255,,1,0,0,22.78099351450695
806592600,574.18,531.1919520287255,,1,0,0,23.937351120613595
807197400,560.58,531.1919520287255,,1,0,0,24.722540326284054
807802200,575.64,531.1919520287255,,1,0,0,24.163787445835194
808407000,595.52,534.1557328534421,,1,0,0,24.448516913989824
809011800,580.1,535.4076595680979,,1,0,0,24.26147999156198
809616600,573.21,535.4076595680979,,1,0,0,24.84994570645041
810221400,604.27,535.4076595680979,,1,0,0,25.302092441703945
810826200,589.01,545.4406488251433,,1,0,0,25.459800124439376
811431000,592.64,545.4406488251433,,1,0,0,25.52838582983657
812035800,585.08,545.4406488251433,,1,0,0,26.643501127705385
812640600,567.42,545.4406488251433,,1,0,0,26.975393904297853
813245400,570,545.4406488251433,,1,0,0,28.743580053990865
813850200,591.88,545.4406488251433,,1,0,0,29.416895764420083
814455000,593.53,545.4406488251433,,1,0,0,29.095688924104362
815063400,621.71,545.8925402805547,,1,0,0,29.030282572382625
815668200,613.61,545.8925402805547,,1,0,0,29.26597667435529
816273000,588.81,545.8925402805547,,1,0,0,29.586264054758484
816877800,578.32,545.8925402805547,,1,0,0,29.70367376513288
817482600,587.02,545.8925402805547,,1,0,0,29.787697067623387
818087400,599.38,545.8925402805547,,1,0,0,29.400718705650288
818692200,563.28,545.8925402805547,,1,0,0,30.30352451238955
819297000,585.18,545.8925402805547,,1,0,1,31.315415618647442
819901800,576.23,545.8925402805547,,1,0,0,30.390028788744047
820506600,565.14,545.8925402805547,,1,0,0,30.65788387526234
821111400,552.71,545.8925402805547,,1,0,0,31.39732074131503
821716200,564.64,545.8925402805547,,1,0,0,31.963226402649674
822321000,577.05,545.8925402805547,,1,0,0,31.171567373888983
822925800,601.42,545.8925402805547,,1,0,1,31.241455418611196
823530600,623.01,551.4755746415168,,1,0,0,31.062065745853253
824135400,619.04,559.9275171773651,,1,0,0,30.05548962114945
824740200,642.59,567.8752654596287,,1,0,0,30.45224036249592
825345000,604.76,567.8752654596287,,1,0,0,31.434223193746217
825949800,591.71,567.8752654596287,,1,0,0,31.4667786799072
826554600,621.71,567.8752654596287,,1,0,0,31.431294488485253
827159400,612.88,567.8752654596287,,1,0,0,31.475487739307734
827764200,609.69,567.8752654596287,,1,0,0,31.112952900785753
828369000,618,567.8752654596287,,1,0,0,29.66917055072963
828970200,605.05,567.8752654596287,,1,0,0,29.15922979710609
829575000,633.01,567.8752654596287,,1,0,0,30.144999097312798
830179800,666.65,589.7719732741591,,1,0,0,30.6153563046476
830784600,661.07,606.3552759467432,,1,0,0,29.661402282887057
831389400,672.54,606.3552759467432,,1,0,0,29.44058783410941
831994200,690.81,628.485673516862,,1,0,0,29.345545845958743
832599000,688.91,635.6626061651758,,1,0,0,28.154435428390265
833203800,692.39,635.6626061651758,,1,0,0,27.54483289779096
833808600,691.46,635.6626061651758,,1,0,0,27.775201976520176
834413400,681.13,638.7011448944131,,1,0,0,27.2962589781973
835018200,672.53,638.7011448944131,,1,0,0,27.870097622611784
835623000,677.3,638.7011448944131,,1,0,0,28.020090649568086
836227800,657.68,638.7011448944131,,1,0,0,28.18079846031323
836832600,635.06,,703.2760733347756,1,0,0,29.027169998862284
837437400,633.05,,675.067966001298,1,0,0,32.04808642751498
838042200,633.39,,675.067966001298,1,0,0,33.74965168269248
838647000,667.84,,675.067966001298,1,0,0,35.11824799107159
839251800,678.31,596.2937627850537,,1,0,0,34.55337313456648
839856600,672.28,605.8518865065483,,1,0,0,33.18170362495458
840461400,677.57,605.8518865065483,,1,0,0,32.717296223172106
841066200,663.57,608.4411780703041,,1,0,0,31.68320363580267
841671000,664.22,608.4411780703041,,1,0,0,30.981546233245336
842275800,707.86,621.1916542369464,,1,0,0,31.938578645156383
842880600,743.42,660.2594888132517,,1,0,0,32.43939445621665
843485400,744.73,679.9800399319266,,1,0,0,32.017294852201175
844090200,759.12,679.9800399319266,,1,0,0,32.01534521990109
844695000,765.64,697.5199823448605,,1,0,0,31.2742491327653
845299800,756.83,705.9849841103744,,1,0,0,31.551088480424916
845904600,743.55,705.9849841103744,,1,0,0,31.73243930325171
846513000,755.51,705.9849841103744,,1,0,0,31.58583649587658
847117800,798.66,709.3454984164631,,1,0,0,32.859705317599676
847722600,799.44,737.2369485748168,,1,0,0,32.24115493777112
848327400,818.51,738.6362537173351,,1,0,0,32.17678672793032
848932200,834.01,760.7446283456015,,1,0,0,31.627016247363873
849537000,827.21,764.8161655110414,,1,0,0,32.85008651540931
850141800,828.45,779.8040489599373,,1,0,0,33.89722319288007
850746600,834.05,779.8040489599373,,1,0,0,35.408850107674354
851351400,835.19,779.8040489599373,,1,0,0,34.52607509998332
851956200,848.08,779.8040489599373,,1,0,0,35.06064116427023
852561000,865.58,786.4281440226148,,1,0,0,34.19488108110807
853165800,883.44,806.4743296203533,,1,0,0,33.525961003886074
853770600,898.37,835.571396658318,,1,0,0,35.3962495036085
854375400,921.55,835.571396658318,,1,0,0,35.8565173962079
854980200,899.84,835.571396658318,,1,0,0,37.03319472505019
855585000,899.91,835.571396658318,,1,0,0,38.4051093875466
856189800,864.3,835.571396658318,,1,0,0,38.62760157415041
856794600,850.46,835.571396658318,,1,0,0,39.89563003313966
857399400,841.03,835.571396658318,,1,0,0,39.708085030772544
858004200,838.98,835.571396658318,,1,0,0,38.94893610000308
858609000,812.73,,899.1907878284405,1,0,0,39.076154950002866
859213800,818.74,,898.2297090455965,1,1,0,40.485715310716955
859818600,822.4,,886.3372381410368,1,0,0,40.7888785028086
860419800,789.97,,886.3372381410368,1,0,0,42.160387181179416
861024600,816.43,,886.3372381410368,1,0,0,42.24107381109517
861629400,818.57,,886.3372381410368,1,0,0,43.54956853887409
862234200,909.49,759.1439295556657,,1,0,0,47.38959935752594
862839000,919.14,820.6690366000992,,1,0,0,46.1103422605598
863443800,915.29,822.1551329400892,,1,0,0,45.11388924194838
864048600,959.08,839.7996196460804,,1,0,0,45.660040010380634
864653400,958.85,874.6716576814724,,1,0,0,45.251465723924866
865258200,944.98,874.6716576814724,,1,0,0,45.63064674364451
865863000,964.4,874.6716576814724,,1,0,0,45.210600547669905
866467800,981.41,887.6374484497933,,1,0,0,44.07484336569349
867072600,963.01,890.5152036048139,,1,0,0,43.17592598242967
867677400,986.52,890.5152036048139,,1,0,0,43.14550269797041
868282200,1015.62,918.2341649198993,,1,0,0,42.39653821954395
868887000,1070.99,967.2157484279094,,1,0,0,45.975356918147945
869491800,1085.39,982.5421735851185,,1,0,0,46.66783142399453
870096600,1108.94,995.9814562266065,,1,0,0,46.5301291794235
870701400,1115.02,1032.6073106039462,,1,0,0,46.58797709517895
871306200,1076.67,1032.6073106039462,,1,0,0,46.14097873123759
871911000,1110.91,1032.6073106039462,,1,0,0,48.87305167900632
872515800,1074.17,1032.6073106039462,,1,0,0,49.470690844791584
873120600,1111.15,1032.6073106039462,,1,0,0,49.19992721302075
873725400,1106.07,1032.6073106039462,,1,0,0,48.98278955494784
874330200,1118.68,1032.6073106039462,,1,0,0,48.49616172959443
874935000,1106.82,1032.6073106039462,,1,0,0,47.71715017748055
875539800,1124.44,1032.6073106039462,,1,0,0,47.582353736231944
876144600,1137.77,1044.4518265517456,,1,0,0,46.51575704078681
876749400,1075.12,1044.4518265517456,,1,0,0,49.418917252159176
877354200,1057.34,1044.4518265517456,,1,0,0,50.72399459129066
877962600,1019.62,,1112.4196234437775,1,0,0,56.413709263341325
878567400,1028.32,,1112.4196234437775,1,0,0,55.782730030245524
879172200,1027.85,,1112.4196234437775,1,0,0,56.68682074237084
879777000,1056.59,,1112.4196234437775,1,0,0,55.9320478322015
880381800,1050.51,,1112.4196234437775,1,0,0,54.10975870132995
880986600,1070.27,,1112.4196234437775,1,0,0,53.291918794092105
881591400,978.49,,1112.4196234437775,1,0,0,57.428210308799805
882196200,969.9,,1097.7526471643262,1,0,0,58.63119528674268
882801000,954.07,,1085.3678824478934,1,0,0,58.271109909118195
883405800,1008.23,,1085.3678824478934,1,0,0,57.97745920132404
884010600,956.19,,1085.3678824478934,1,0,0,59.405497829800886
884615400,1005.87,,1085.3678824478934,1,0,0,60.5629622705294
885220200,1024.47,,1085.3678824478934,1,0,0,57.945607822634436
885825000,1071.13,,1085.3678824478934,1,0,0,58.978064406731974
886429800,1134.32,983.787713719009,,1,0,0,59.93391694910826
887034600,1136.69,1016.3219423471083,,1,0,0,57.570065738457664
887639400,1159.73,1032.3067481123971,,1,0,0,56.1772038999964
888244200,1194.13,1074.4895733011576,,1,0,0,55.97597504999665
888849000,1163.11,1074.4895733011576,,1,0,0,57.71054826071117
889453800,1169.29,1074.4895733011576,,1,0,0,57.344794813517524
890058600,1169.43,1074.4895733011576,,1,0,0,55.644452326837715
890663400,1211.64,1083.6373200428898,,1,0,0,56.52627716063502
891268200,1233.66,1110.9440880386005,,1,0,0,55.282257363446796
891869400,1196.9,1110.9440880386005,,1,0,0,55.72995326605775
892474200,1231.25,1110.9440880386005,,1,0,0,55.592099461339345
893079000,1250.14,1154.9746151801398,,1,0,0,57.278378071243665
893683800,1251.53,1154.9746151801398,,1,0,0,56.82063678044056
894288600,1254.03,1154.9746151801398,,1,0,0,56.404877010409095
894893400,1249.49,1154.9746151801398,,1,0,0,55.9259572239513
895498200,1214.13,1154.9746151801398,,1,0,0,56.53910313652621
896103000,1192.07,1154.9746151801398,,1,0,0,55.82631005534576
896707800,1206.7,1154.9746151801398,,1,0,0,55.23871647996391
897312600,1186.99,1154.9746151801398,,1,0,0,56.04452244568078
897917400,1239.71,1154.9746151801398,,1,0,0,57.28419941384642
898522200,1320.94,1164.2039484266365,,1,0,0,61.282470884285964
899127000,1332.53,1217.5605535839732,,1,0,0,59.42086582112268
899731800,1391.11,1238.5364982255755,,1,0,0,60.261518262471064
900336600,1463.97,1302.800348403018,,1,0,0,61.315695529437434
900941400,1408.6,1302.800348403018,,1,0,0,64.08671727733477
901546200,1377.26,1302.800348403018,,1,0,0,63.990523186096574
902151000,1364.07,1302.800348403018,,1,0,0,66.46620010137538
902755800,1330.04,1302.800348403018,,1,0,0,65.92790009413429
903360600,1374.77,1302.800348403018,,1,0,0,68.30519294455327
903965400,1265.04,,1482.6948850443518,1,0,0,74.08910773422804
904570200,1205.41,,1373.3183965399164,1,0,0,80.27560003892604
905175000,1290.2,,1373.3183965399164,1,0,0,82.74805717900276
905779800,1300.7,,1373.3183965399164,1,0,0,80.65462452335971
906384600,1390.09,1146.639138922401,,1,0,0,85.14000848597688
906989400,1276.44,1146.639138922401,,1,0,1,92.23429359412138
907594200,1197.87,1146.639138922401,,1,0,0,100.87255833739843
908199000,1293.91,1146.639138922401,,1,0,1,104.01594702758425
908803800,1340.6,1146.639138922401,,1,0,0,102.15623652561395
909412200,1400.52,1160.2830056922885,,1,0,0,100.23150534521294
910017000,1458.34,1219.8662051230594,,1,0,0,97.68568353484058
910621800,1465.22,1277.0830846107538,,1,0,0,94.81670613949483
911226600,1543.79,1307.9167761496785,,1,0,1,95.00765570095949
911831400,1628.35,1391.0575985347105,,1,0,0,94.29782315089095
912436200,1629.84,1391.0758386812395,,1,0,0,95.14083578297016
913041000,1674.89,1470.9492548131157,,1,0,0,93.5136332270437
913645800,1735,1473.0513293318038,,1,0,0,95.93908799654058
914250600,1806.03979,1582.0956093986235,,1,0,0,95.08343599678767
914855400,1836.01001,1640.8439939587613,,1,0,0,91.54176199701712
915460200,1973.65991,1719.5896025628851,,1,0,0,97.4909104258016
916065000,1981.61987,1719.5896025628851,,1,0,0,102.55941325253006
916669800,1964.20996,1784.2331575759367,,1,0,0,107.34587159163506
917274600,2127.18994,1799.8332983183432,,1,0,0,112.3140343350897
917879400,1988.55005,1803.992973986509,,1,0,0,117.65090902544046
918484200,1958.6001,1803.992973986509,,1,0,0,117.85798980933755
919089000,1931.59009,1803.992973986509,,1,0,0,119.42098982295632
919693800,1925.27979,1803.992973986509,,1,0,0,120.97092769274516
920298600,1969.86987,1803.992973986509,,1,0,0,120.55658785754909
920903400,2008.95996,1803.992973986509,,1,0,0,119.11469729629559
921508200,2053.68994,1811.4303473121045,,1,0,0,119.34434963227447
922113000,2067.30005,1811.4303473121045,,1,0,0,121.69832822996916
922717800,2146.12988,1868.6415493728043,,1,0,0,120.24774335639997
923319000,2232.46997,1953.2598644355235,,1,0,0,119.17004097379996
923923800,2086.45996,1953.2598644355235,,1,0,0,123.98502590424279
924528600,2210.43994,1953.2598644355235,,1,0,0,134.56037405393974
925133400,2136.38989,1953.2598644355235,,1,0,0,139.36891019294404
925738200,2117.72998,1953.2598644355235,,1,0,0,138.18186232201944
926343000,2125.1499,1953.2598644355235,,1,0,0,137.5946014418752
926947800,2114.3999,1953.2598644355235,,1,0,0,134.46069919602698
927552600,2089.69995,1953.2598644355235,,1,0,0,136.49351853916792
928157400,2109.40991,1953.2598644355235,,1,0,0,135.46327221494167
928762200,2062.29004,1953.2598644355235,,1,0,0,133.0451713424458
929367000,2205.45996,1953.2598644355235,,1,0,0,136.81480696084253
929971800,2185.75977,1953.2598644355235,,1,0,0,134.6280314636395
930576600,2347.87988,1986.5986216422918,,1,1,0,136.61604350195097
931181400,2393.01978,2087.8218254780622,,1,0,0,132.28491396609735
931786200,2459.47998,2146.0105084302563,,1,0,0,130.99886796851894
932391000,2302.01978,2146.0105084302563,,1,0,0,135.81465739933898
932995800,2270.92993,2146.0105084302563,,1,0,0,133.6036182993862
933600600,2212.1499,2146.0105084302563,,1,0,0,135.44050770657287
934205400,2307.05981,2146.0105084302563,,1,0,0,139.11405072753195
934810200,2315.06982,2146.0105084302563,,1,0,0,134.89447853270823
935415000,2402.56982,2146.0105084302563,,1,1,0,136.14416863751478
936019800,2506.68994,2146.0105084302563,,1,0,0,139.25958587769227
936624600,2534.60986,2226.3041098921553,,1,0,0,136.1060518864285
937229400,2536.90991,2226.3041098921553,,1,0,0,135.40135032311215
937834200,2399.57983,2226.3041098921553,,1,0,0,140.4755353000327
938439000,2404.44995,2226.3041098921553,,1,0,0,137.27870920717322
939043800,2555.35986,2226.3041098921553,,1,0,0,138.4480978352323
939648600,2403.80981,2226.3041098921553,,1,0,0,143.13681156128715
940253400,2485.8999,2226.3041098921553,,1,0,0,148.8884793069095
940858200,2637.43994,2226.3041098921553,,1,0,0,154.52718292784454
941466600,2755.69995,2367.61220516957,,1,0,0,154.43023557585568
942071400,2888.90991,2485.323569652613,,1,0,0,155.14950446329456
942676200,3028.84009,2629.135159687352,,1,1,0,155.87667128734498
943281000,3116.61987,2737.8462387186164,,1,0,0,157.31834190967746
943885800,3172.36987,2739.4274558467546,,1,0,0,164.16275605898622
944490600,3203.27979,2823.3148402620795,,1,0,0,161.69256491191575
945095400,3359.86011,2913.280203235872,,1,0,0,172.49310670392177
945700200,3590.27979,3105.7041544122844,,1,0,0,179.74719122507022
946305000,3707.83008,3245.8521654710557,,1,0,0,183.23382470899378
946909800,3529.59985,3245.8521654710557,,1,0,0,207.43927365835137
947514600,3704.73999,3245.8521654710557,,1,0,0,214.64146982561198
948205800,3849.95996,3309.0690316884,,1,0,0,215.4485212666397
948724200,3446.12988,3309.0690316884,,1,0,0,235.45291331902257
949329000,3874.37012,3309.0690316884,,1,1,0,260.1169909390924
949933800,3968.88989,3401.0302219958435,,1,0,0,258.06362587201437
950538600,3965.75,3418.349229796259,,1,0,0,260.14705902401334
951229800,4178.57812,3472.1792913166328,,1,0,0,273.09663766515524
951748200,4442.86719,3605.6122461849695,,1,0,0,283.5033964033584
952353000,4587.15625,3819.6457655664735,,1,0,0,291.3139795174042
952957800,4440.44922,3819.6457655664735,,1,0,0,308.87557169473246
953562600,4691.60937,3819.6457655664735,,1,1,0,334.02787514510874
954167400,4397.83984,3819.6457655664735,,1,0,0,355.17376406331533
954768600,4291.53125,3819.6457655664735,,1,0,0,392.1184880587928
955373400,3205.69995,,4763.5945608913535,1,0,0,447.6958224831647
955978200,3505.29004,,4495.707591302218,1,0,0,461.86255159151006
956583000,3773.17993,,4495.707591302218,1,0,0,471.0066643349736
957187800,3688.35986,,4495.707591302218,1,0,0,468.5511975967612
957792600,3406.25,,4495.707591302218,1,0,0,467.4689799112783
958397400,3260.63989,,4472.661838813885,1,1,0,462.26261277475845
959002200,3101.43994,,4092.6756959324975,1,0,0,457.90029614799005
959693400,3755.66992,,4092.6756959324975,1,0,0,472.22028428027653
960211800,3760.26001,,4092.6756959324975,1,0,0,454.041707545971
960816600,3787.36011,,4092.6756959324975,1,0,0,438.4194477212588
961421400,3685.30005,,4092.6756959324975,1,0,0,430.01877716974025
962026200,3763.78979,,4092.6756959324975,1,0,0,412.4081652290445
962631000,3841.26978,,4092.6756959324975,1,0,0,402.56260414125563
963235800,4041.1499,,4092.6756959324975,1,0,0,397.5138552740231
963840600,3908.75,,4092.6756959324975,1,0,0,387.25714561159293
964445400,3477.30981,,4092.6756959324975,1,0,0,396.30162663933635
965050200,3618.62988,,4092.6756959324975,1,0,0,394.6900990222409
965655000,3644.60986,,4092.6756959324975,1,0,0,384.99081623493794
966259800,3807.50977,,4092.6756959324975,1,0,0,375.49361721815666
966864600,3931.25,,4092.6756959324975,1,0,0,364.8590809882883
967469400,4099.29687,3353.0219112352133,,1,0,0,354.91924806055346
968160600,3813.43994,3353.0219112352133,,1,0,0,350.1176603419425
968679000,3676.32983,3353.0219112352133,,1,0,0,342.38068817466086
969283800,3701.17993,3353.0219112352133,,1,0,0,339.7192190193279
969888600,3570.60986,3353.0219112352133,,1,0,0,332.6757112322331
970493400,3311.93994,,4076.689278072119,1,0,0,333.9888968585022
971098200,3277.76978,,3823.7713387649073,1,0,0,336.4853999400378
971703000,3456.60986,,3823.7713387649073,1,0,0,350.5164549443208
972307800,3175.25,,3823.7713387649073,1,0,0,364.1824288768693
972916200,3321.90991,,3823.7713387649073,1,0,0,361.13940395709295
973521000,2890.25977,,3823.7713387649073,1,0,0,369.59017438872917
974125800,2934.80981,,3682.7485380362896,1,0,0,370.7551726466771
974730600,2830.08984,,3502.345593732661,1,0,0,363.3940853147716
975335400,2549.73999,,3421.077050359395,1,0,0,372.24808636371654
975940200,2895.38989,,3421.077050359395,1,0,0,377.0403723377368
976545000,2549.47998,,3421.077050359395,1,0,0,384.3575050278985
977149800,2436.25977,,3204.680700851999,1,0,0,390.06341395447726
977841000,2341.69995,,3170.6336222667987,1,0,0,374.82960152915746
978445800,2267.86011,,3087.1648420401193,1,0,1,380.8932171342176
978964200,2506.0498,,3087.1648420401193,1,0,0,385.14299733891636
979655400,2655.67993,,3087.1648420401193,1,0,0,379.6249361004223
980173800,2631.77979,,3087.1648420401193,1,0,0,370.0145892361065
980778600,2472.17993,,3087.1648420401193,1,0,1,361.22785000495605
981383400,2261.76978,,3087.1648420401193,1,0,0,355.67802286174486
981988200,2212.50977,,2976.9751597080326,1,0,0,348.1460198001917
982679400,2056.05981,,2756.1772057372295,1,0,0,344.74487767160656
983197800,1881.33984,,2627.5669176635065,1,0,0,339.095236409349
983802600,1813.01978,,2552.265768897156,1,0,0,331.0241552372526
984407400,1647.50977,,2330.5911190074403,1,0,0,320.6567248631631
985012200,1705.01978,,2251.8650526066963,1,0,1,310.0505245157943
985617000,1573.25,,2209.8099913460264,1,0,0,303.6897727646661
986218200,1448.15991,,2032.8611022114242,1,0,0,299.55766971004715
986823000,1714.28979,,2032.8611022114242,1,0,0,297.93498544504376
987427800,1933.56982,,2032.8611022114242,1,0,1,303.6474800561121
988032600,1810.46997,,2032.8611022114242,1,0,0,295.5383650521041
988637400,1923.80981,,2032.8611022114242,1,0,0,286.54704683409665
989242200,1821.19995,,2032.8611022114242,1,0,0,275.87440991737543
989847000,1927.68994,,2032.8611022114242,1,0,1,269.53696278042
990451800,1960.73999,,2032.8611022114242,1,0,0,260.53934543896145
991143000,1840.82983,,2032.8611022114242,1,0,0,255.62653576474992
991661400,1896.21997,,2032.8611022114242,1,0,0,247.7068010672678
992266200,1701.52979,,2032.8611022114242,1,0,0,247.05417741960582
992871000,1727.46997,,2032.8611022114242,1,0,0,237.90675260391967
993475800,1830.18994,,2032.8611022114242,1,0,1,232.3012652750683
994080600,1668.58984,,2032.8611022114242,1,0,0,229.82118061256344
994685400,1751.10986,,2032.8611022114242,1,0,0,226.4289591402375
995290200,1676.45996,,2032.8611022114242,1,0,0,217.89331420164913
995895000,1683.17993,,2016.8106330652115,1,0,0,210.82022890153135
996499800,1725.8999,,2016.8106330652115,1,0,0,203.1837954085648
997104600,1617.44995,,2001.2124597828213,1,0,0,199.37281573652444
997709400,1516.57983,,1943.1433033045391,1,0,0,196.422619612487
998314200,1579.61987,,1861.1473414740854,1,0,1,190.39958249730938
998919000,1469.69995,,1856.817667326677,1,0,0,188.44675946178728
999610200,1354.26978,,1756.575865594009,1,0,0,186.6134216430882
1000128600,1365.38989,,1666.5094075346083,1,0,0,175.86890509715334
1000733400,1126.94995,,1532.9849182811477,1,0,1,183.0518354473567
1001338200,1168.36987,,1509.6258784530326,1,0,0,181.01599362968838
1001943000,1271.72998,,1509.6258784530326,1,0,1,181.10914194185352
1002547800,1393.83984,,1509.6258784530326,1,0,0,179.66349751743542
1003152600,1347.58984,,1509.6258784530326,1,0,0,176.69468269476147
1003757400,1454.8999,,1509.6258784530326,1,0,0,175.0579217879928
1004365800,1425.77979,,1509.6258784530326,1,0,0,172.15520737456472
1004970600,1514.95996,1198.4378032662967,,1,0,1,170.91628541923865
1005575400,1582.13989,1221.7558974396673,,1,0,0,169.54013288929303
1006180200,1577.46997,1268.2427201957005,,1,0,0,164.00941696862924
1006785000,1596.0498,1309.7318686761305,,1,0,0,158.53375075658428
1007389800,1673.8999,1352.4093403085174,,1,0,0,159.4849185596854
1007994600,1605.66992,1355.4208212776655,,1,0,1,155.55313437685072
1008599400,1578.26978,1355.4208212776655,,1,0,0,152.17147906421854
1009204200,1621.12988,1355.4208212776655,,1,0,0,145.77068055963153
1009809000,1675.02979,1366.7088612214181,,1,0,0,144.88564123394357
1010413800,1634.16992,1413.7080075992765,,1,0,0,140.45167114580474
1011018600,1548.21997,1413.7080075992765,,1,0,0,137.2894039211044
1011709800,1558.25977,1413.7080075992765,,1,0,0,133.5866036410255
1012228200,1528.1499,1413.7080075992765,,1,0,0,131.27255623809512
1012833000,1452.16992,1413.7080075992765,,1,0,0,130.64667793537404
1013437800,1436.69995,1413.7080075992765,,1,0,0,126.69263236856162
1014129000,1356.15991,,1604.642387175523,1,0,0,125.26958862795007
1014647400,1435.40991,,1604.642387175523,1,0,0,122.01963729738222
1015252200,1555.10986,,1604.642387175523,1,0,0,123.3575203475692
1015857000,1495.40991,,1604.642387175523,1,0,0,121.89840675131427
1016461800,1470.09985,,1604.642387175523,1,0,0,118.91281341193466
1017066600,1452.80981,,1604.642387175523,1,0,0,114.62905388251076
1017671400,1376.71997,,1604.642387175523,1,0,0,114.02055789090285
1018272600,1351.84985,,1568.06702058902,1,0,0,111.79409661298122
1018877400,1385.00977,,1568.06702058902,1,0,0,110.20809614062541
1019482200,1250.88989,,1516.601657377106,1,0,0,111.92108570200932
1020087000,1190.73999,,1447.9394271393955,1,0,0,111.52673315186578
1020691800,1188.77979,,1428.437563925456,1,0,0,113.57410506958966
1021296600,1325.7998,,1428.437563925456,1,0,0,117.01597256461898
1021901400,1253.02979,,1428.437563925456,1,0,0,115.23054666714619
1022592600,1208.33984,,1428.437563925456,1,0,0,111.47265904806432
1023111000,1140.23999,,1372.7507675444915,1,0,0,111.12247411605972
1023715800,1109.59985,,1317.2732382900422,1,0,0,110.34159667919832
1024320600,1035.62988,,1314.454447961038,1,0,0,111.85362620211272
1024925400,1050.30005,,1241.9764206649343,1,0,0,110.70408218767611
1025530200,1060.88989,,1220.6378750984409,1,0,0,110.7052348885564
1026135000,1000.81982,,1220.6378750984409,1,0,0,111.39987382508808
1026739800,965.44995,,1220.6378750984409,1,0,0,110.97704212329607
1027344600,910.90991,,1142.3920742467635,1,0,0,111.01225125734634
1027949400,892.50977,,1142.3920742467635,1,0,0,111.21566973896446
1028554200,937.32983,,1120.9302978898784,1,0,0,110.20240975760986
1029159000,996.05981,,1120.9302978898784,1,0,0,109.45580906063773
1029763800,1010.48999,,1120.9302978898784,1,0,0,105.8539676991636
1030368600,942.37988,,1120.9302978898784,1,0,0,105.08225929208048
1031059800,922.21997,,1102.7868653790492,1,0,0,101.82852862836044
1031578200,923.82983,,1102.7868653790492,1,0,0,100.07863944062044
1032183000,871.59985,,1084.0497033070296,1,0,0,97.8430244805761
1032787800,860.34985,,1044.2547804763267,1,0,0,95.65709344624922
1033392600,815.3999,,1023.3033389286942,1,0,0,94.02659248580287
1033997400,890.60986,,1023.3033389286942,1,0,0,94.75397587967407
1034602200,956.12988,,1023.3033389286942,1,0,0,93.76797403112593
1035207000,995.55005,,1023.3033389286942,1,0,0,91.42670731461693
1035815400,1019.05981,,1023.3033389286942,1,0,0,90.56909750643
1036420200,1008.43994,,1023.3033389286942,1,0,1,88.84774911311357
1037025000,1061.27979,848.805983755496,,1,0,0,88.96721489074831
1037629800,1116.00977,898.1872848799463,,1,0,0,90.00099882712344
1038234600,1116.09985,943.7395648919517,,1,0,0,87.19665891090035
1038839400,1065.96997,943.7395648919517,,1,0,0,89.5490497029789
1039444200,1005.84985,943.7395648919517,,1,0,0,87.44698329562327
1040049000,1013.41992,943.7395648919517,,1,0,0,84.97150520307875
1040653800,997.84985,943.7395648919517,,1,0,0,82.14426483143026
1041258600,1031.62988,943.7395648919517,,1,0,0,80.26112305775668
1041863400,1087.35986,943.7395648919517,,1,0,0,79.15819069648833
1042468200,1017.57983,943.7395648919517,,1,0,0,79.70333993245345
1043159400,996.17993,943.7395648919517,,1,0,0,77.31810565156391
1043677800,983.0498,943.7395648919517,,1,0,0,75.69825096216648
1044282600,957.0498,943.7395648919517,,1,0,0,73.68337517915458
1044887400,982.08984,943.7395648919517,,1,0,0,72.04886909492926
1045578600,1015.91992,943.7395648919517,,1,0,0,69.55681844529146
1046097000,1009.73999,943.7395648919517,,1,0,0,67.89991069919921
1046701800,986.81982,943.7395648919517,,1,0,0,67.27991493497069
1047306600,1030.44995,943.7395648919517,,1,0,0,69.31494029675851
1047911400,1093.11987,943.7395648919517,,1,0,0,70.13889741841862
1048516200,1046.71997,943.7395648919517,,1,0,0,68.61040403138873
1049121000,1050.70996,943.7395648919517,,1,0,0,68.26680731486096
1049722200,1026.1499,943.7395648919517,,1,0,0,68.64561179237089
1050327000,1083.55981,943.7395648919517,,1,0,0,67.95737237863011
1050931800,1083.18994,967.3789329414279,,1,0,0,66.30399292301368
1051536600,1136.50977,986.9605016472851,,1,0,0,65.44370842851269
1052141400,1143.5498,1018.2345169825568,,1,0,0,63.935592112190356
1052746200,1154.47998,1034.841533284301,,1,0,0,61.62877410417676
1053351000,1130.0498,1034.841533284301,,1,0,0,60.889578096735576
1054042200,1197.88989,1044.3761689602838,,1,0,0,62.11175108982589
1054560600,1213.10986,1099.6273730642554,,1,0,0,63.79520958340976
1055165400,1203.90991,1099.6273730642554,,1,0,0,62.655558184594774
1055770200,1223.12988,1112.042462432047,,1,0,0,61.857302599980855
1056375000,1205.25,1112.042462432047,,1,0,1,60.4803752714108
1056979800,1231.33984,1112.042462432047,,1,0,0,61.196795609167175
1057584600,1280.56982,1157.2570123079622,,1,0,0,62.23203806565522
1058189400,1259.90991,1157.2570123079622,,1,0,0,62.95189677525127
1058794200,1278.30981,1157.2570123079622,,1,0,0,62.40462129130474
1059399000,1264.33984,1159.5595546625045,,1,0,0,60.924304056211554
1060003800,1207.27979,1159.5595546625045,,1,0,0,61.77115948076787
1060608600,1253.62988,1159.5595546625045,,1,0,0,60.94323166071302
1061213400,1304.53979,1174.8238642589656,,1,0,0,62.94800154209066
1061818200,1341.19995,1187.3834573330694,,1,0,0,63.03386928908418
1062509400,1361.8999,1234.6215380997623,,1,0,0,61.88503576843531
1063027800,1357.62988,1235.849912289786,,1,0,0,61.716821070689925
1063632600,1392.25977,1254.4894705608074,,1,0,0,61.64206027992636
1064237400,1309.30981,1254.4894705608074,,1,0,0,63.17190025993161
1064842200,1375.31982,1254.4894705608074,,1,0,0,64.62606952707937
1065447000,1404.86987,1265.8451343738286,,1,0,0,63.57850813228798
1066051800,1394.01978,1291.9085064364456,,1,0,0,62.45791040855313
1066656600,1370.60986,1291.9085064364456,,1,0,0,63.9387868079422
1067265000,1416.38989,1291.9085064364456,,1,0,0,64.64316275023205
1067869800,1436.72998,1308.8552279321689,,1,0,0,62.81794326807261
1068474600,1407.50977,1308.8552279321689,,1,0,0,61.66024089178172
1069079400,1373.31982,1308.8552279321689,,1,0,0,60.84592154236873
1069684200,1424.25,1308.8552279321689,,1,0,0,60.31694071791382
1070289000,1406.90991,1312.8851373367959,,1,0,0,59.32860423806283
1070893800,1417.26978,1312.8851373367959,,1,0,0,58.81514250677263
1071498600,1426.16992,1312.8851373367959,,1,0,0,58.766212327717426
1072103400,1443.85986,1325.8321548035244,,1,0,0,56.810778590023325
1072708200,1463.56982,1357.744472323172,,1,0,0,55.305025119307366
1073313000,1520.45996,1397.0865040908548,,1,0,0,56.945399753642555
1073917800,1553.61987,1425.5032791817691,,1,0,0,55.76572334266809
1074609000,1531.20996,1434.5295027635925,,1,0,0,54.620313103906085
1075127400,1493.07983,1434.5295027635925,,1,0,0,56.399578596484226
1075732200,1498.94995,1434.5295027635925,,1,0,0,55.69820298244964
1076337000,1484.46997,1434.5295027635925,,1,0,0,54.410486340846084
1077028200,1482.09985,1434.5295027635925,,1,0,0,54.32189231649993
1077546600,1470.37988,1434.5295027635925,,1,0,0,53.07817929389278
1078151400,1472.98999,1434.5295027635925,,1,0,0,51.98688434432902
1078756200,1431.3999,,1547.1830693076004,1,0,0,53.91567760544838
1079361000,1398.57983,,1515.7332558768403,1,0,0,52.7874234907735
1079965800,1415.38989,,1504.5919372891562,1,0,0,53.52761824143255
1080570600,1490.2998,,1504.5919372891562,1,0,0,55.054942652758804
1081171800,1485.50977,,1504.5919372891562,1,0,0,53.46175032041889
1081776600,1449.05981,,1504.5919372891562,1,0,0,54.06878315467468
1082381400,1497.00977,,1504.5919372891562,1,0,0,54.70744221505506
1082986200,1401.35986,,1504.5919372891562,1,0,0,57.80620277112255
1083591000,1406.18994,,1504.5919372891562,1,0,0,56.32934043032809
1084195800,1399.84985,,1504.5919372891562,1,0,0,55.66653397101894
1084800600,1408.16992,,1504.5919372891562,1,0,0,55.62249940166045
1085405400,1466.21997,,1504.5919372891562,1,0,0,56.15160873011329
1086096600,1455.03979,,1504.5919372891562,1,0,0,54.20436096367664
1086615000,1481.26978,,1504.5919372891562,1,0,0,53.25835018055688
1087219800,1464.6499,,1504.5919372891562,1,0,0,52.02920302480281
1087824600,1498.37988,,1504.5919372891562,1,0,0,52.24783780874548
1088429400,1481.18994,,1504.5919372891562,1,1,0,52.06942082240652
1089120600,1440,,1504.5919372891562,1,0,0,51.94875719223462
1089639000,1392.16992,,1504.5919372891562,1,0,0,51.65456596421786
1090243800,1375.47998,,1504.5919372891562,1,0,0,52.43424482391658
1090848600,1400.38989,,1489.444772466421,1,0,0,52.4603737650654
1091453400,1315.2998,,1473.768350719779,1,0,0,55.38035349613215
1092058200,1307.81982,,1434.191453147801,1,1,0,54.62318753212271
1092663000,1366.72998,,1434.191453147801,1,0,0,55.37797342268537
1093267800,1388.55981,,1434.191453147801,1,0,0,53.737415321064994
1093872600,1371.81982,,1434.191453147801,1,0,0,53.32547279813178
1094563800,1413,,1434.191453147801,1,0,0,52.56866974112238
1095082200,1426.2998,,1434.191453147801,1,0,0,50.48591904532792
1095687000,1399.0498,,1434.191453147801,1,1,0,49.97335768494735
1096291800,1452.93994,1312.3542737037442,,1,0,0,51.82882856459396
1096896600,1430.95996,1349.7372648333694,,1,0,0,51.454632952837244
1097501400,1430.97998,1349.7372648333694,,1,0,0,50.45288631334888
1098106200,1438.25,1351.8236410650293,,1,0,0,50.68054729096681
1098711000,1486.71997,1356.0453559585264,,1,0,0,52.274793913040604
1099319400,1525.23999,1402.3627673626738,,1,0,0,52.468039347823414
1099924200,1558.40991,1433.0583601264063,,1,1,0,51.86961439440746
1100529000,1552.10986,1460.849045613766,,1,0,0,51.01822765194979
1101133800,1578.25977,1466.0336980523891,,1,0,0,50.45336210538194
1101738600,1614.3999,1497.1166217471502,,1,0,0,51.465987669283216
1102343400,1605.15991,1500.6924495724354,,1,0,0,51.39557569290584
1102948200,1596.60986,1516.160274615192,,1,1,0,50.52588957198399
1103553000,1613.76978,1516.160274615192,,1,0,0,49.227618888270854
1104157800,1621.11987,1522.3789027883054,,1,0,0,47.8292103962515
1104762600,1564.80981,1522.3789027883054,,1,0,0,50.424278225090674
1105367400,1561.10986,1522.3789027883054,,1,0,0,49.29898478044133
1106058600,1503.63989,,1640.2669119373254,1,0,0,50.91405086755265
1106577000,1499.45996,,1595.2547102435929,1,0,0,49.61876366272746
1107181800,1534.48999,,1595.2547102435929,1,1,0,48.610995543961224
1107786600,1530.50977,,1595.2547102435929,1,0,0,48.35735729082114
1108391400,1515.3999,,1595.2547102435929,1,0,0,48.363256055762484
1109082600,1526.8999,,1595.2547102435929,1,0,0,47.62373848035087
1109601000,1520.57983,,1595.2547102435929,1,0,0,47.29132644604009
1110205800,1505.63989,,1595.2547102435929,1,0,0,47.52337741418007
1110810600,1484.3999,,1590.9022150827382,1,0,0,47.355290456024356
1111415400,1469.93994,,1566.1796565744644,1,1,0,45.9113511377369
1112020200,1469.34985,,1564.6456779170178,1,0,0,45.297705342184265
1112621400,1485.59985,,1564.6456779170178,1,0,0,45.057882103456805
1113226200,1408.58984,,1545.5770872627845,1,0,0,47.87519409606704
1113831000,1421.20996,,1521.273470036506,1,0,0,47.563413089205106
1114435800,1420.78979,,1516.2746390328555,1,0,0,47.913184297119024
1115040600,1456,,1516.2746390328555,1,1,0,47.71653970446766
1115645400,1470.62988,,1516.2746390328555,1,0,0,47.59821972557711
1116250200,1528.05981,1399.1520289100486,,1,0,0,48.641933316607314
1116855000,1549.7998,1444.4003395190434,,1,0,0,47.075381651135366
1117546200,1544.47998,1463.6376330671392,,1,0,0,45.88572367605426
1118064600,1521.01978,1463.6376330671392,,1,0,0,45.72031984205039
1118669400,1538.12988,1463.6376330671392,,1,0,0,45.29815842476108
1119274200,1500.17993,1463.6376330671392,,1,0,0,45.54972353727815
1119879000,1490.52979,1463.6376330671392,,1,1,0,43.941173998901135
1120570200,1533.26978,1463.6376330671392,,1,0,0,44.381812284693915
1121088600,1577.81982,1470.7814309688986,,1,0,0,44.720977121501484
1121693400,1600.75977,1503.1077868720088,,1,0,0,44.44235804139423
1122298200,1605.13989,1521.3749816848076,,1,0,0,43.30719318129464
1122903000,1601.58984,1532.876072016327,,1,0,0,42.23668438263074
1123507800,1591.75,1532.876072016327,,1,1,0,41.27692478387139
1124112600,1573.71997,1532.876072016327,,1,0,0,40.79428872788056
1124717400,1558.83984,1532.876072016327,,1,0,0,40.446834533031954
1125322200,1573.11987,1532.876072016327,,1,0,0,40.16565063781538
1126013400,1607.82983,1532.876072016327,,1,0,0,39.93955059225714
1126531800,1599.43994,1532.876072016327,,1,0,0,39.51888983566736
1127136600,1571.75,1532.876072016327,,1,1,0,40.42541270454826
1127741400,1601.65991,1532.876072016327,,1,0,0,40.453602511366235
1128346200,1555.91992,1532.876072016327,,1,0,0,43.0947866176972
1128951000,1544.28979,1532.876072016327,,1,0,0,43.24730043071882
1129555800,1565.11987,1532.876072016327,,1,0,0,43.70393182852462
1130160600,1557.10986,1532.876072016327,,1,0,0,44.488663840772865
1130769000,1628.02979,1532.876072016327,,1,1,0,46.64520070928909
1131373800,1653.35986,1545.8157820028698,,1,0,0,46.09768494433988
1131978600,1679.84985,1569.1832278025827,,1,0,0,46.42071601974417
1132583400,1701.0498,1596.8737140223245,,1,0,0,45.34567344690531
1133188200,1709.09985,1599.9928866200921,,1,0,0,44.80385820069779
1133793000,1692.61987,1606.1085879580828,,1,0,0,44.59714761493365
1134397800,1688.67993,1614.5701766622747,,1,1,0,43.10879849958125
1135002600,1682.91992,1614.5701766622747,,1,0,0,42.668165749611155
1135693800,1645.19995,1614.5701766622747,,1,0,0,43.314741053210355
1136298600,1734.98999,1614.5701766622747,,1,0,0,47.497983120838185
1136817000,1746.77979,1651.0372714211182,,1,0,0,46.38099218363545
1137508200,1676.37988,1651.0372714211182,,1,0,0,48.24377631337578
1138026600,1711.10986,1651.0372714211182,,1,0,0,48.554942290991804
1138631400,1664.52979,1651.0372714211182,,1,1,0,49.55101784163525
1139236200,1663.75,1651.0372714211182,,1,0,0,49.201670138661314
1139841000,1675.20996,1651.0372714211182,,1,0,0,49.264430843042646
1140532200,1676.5,1651.0372714211182,,1,0,0,48.36341078282531
1141050600,1684.31982,1651.0372714211182,,1,0,0,47.821740726909226
1141655400,1648.22998,,1761.0711733350922,1,0,0,48.46733853213
1142260200,1685.65991,,1761.0711733350922,1,0,0,48.92539506554929
1142865000,1679.80981,,1761.0711733350922,1,0,0,48.77858970372434
1143469800,1703.65991,,1761.0711733350922,1,1,0,49.02654758202975
1144071000,1723.02979,,1761.0711733350922,1,0,0,48.85108489759905
1144675800,1712.06982,,1761.0711733350922,1,0,0,47.5867324049134
1145280600,1709.01978,,1761.0711733350922,1,0,0,48.25912651884816
1145885400,1700.70996,,1761.0711733350922,1,0,0,47.63633462464473
1146490200,1713.83984,,1761.0711733350922,1,0,0,46.87160858002726
1147095000,1635.80981,,1761.0711733350922,1,1,0,49.70077796716817
1147699800,1600.85986,,1711.8278384895984,1,0,0,50.74288596951332
1148304600,1606.36987,,1684.4354981406384,1,0,0,50.81126482883379
1148995800,1612.8999,,1684.4354981406384,1,0,0,51.32975091248852
1149514200,1550.96997,,1681.3152424439172,1,0,0,53.886205133025044
1150119000,1562.83984,,1657.9898226995256,1,0,0,54.69863690923754
1150723800,1551.0498,,1657.9898226995256,1,0,0,53.793736415720566
1151328600,1575.22998,,1657.9898226995256,1,1,0,54.94419452888338
1151933400,1533.70996,,1657.9898226995256,1,0,0,55.09389777682029
1152538200,1462.16992,,1619.5008603156587,1,0,0,57.35435079276171
1153143000,1451.87988,,1590.6307572840929,1,0,0,56.93977502185015
1153747800,1510.2998,,1590.6307572840929,1,0,0,57.09551394886086
1154352600,1503.83984,,1590.6307572840929,1,0,0,56.87299366679938
1154957400,1486.73999,,1590.6307572840929,1,0,0,55.769202690599414
1155562200,1576.45996,,1590.6307572840929,1,0,0,58.78425821269946
1156167000,1557.69995,,1590.6307572840929,1,0,0,57.083255483220945
1156771800,1589.46997,,1590.6307572840929,1,0,0,55.953023662990894
1157463000,1574.70996,,1590.6307572840929,1,0,0,55.168537687062965
1157981400,1632.43994,1484.548077745367,,1,0,0,57.47294070941562
1158586200,1622.36987,1516.6735699708304,,1,0,0,56.645597087314506
1159191000,1654.12988,1527.1037934737471,,1,0,0,56.23449300964918
1159795800,1684.87988,1541.2558391263726,,1,0,0,57.05561708038853
1160400600,1727.20996,1587.8528027137354,,1,0,0,56.7859322889322
1161005400,1709.57983,1602.0614789423619,,1,0,0,55.62551141115133
1161610200,1717.60986,1615.2842600481256,,1,0,0,54.73870416749768
1162218600,1703.97998,1615.2842600481256,,1,0,0,54.15737529839071
1162823400,1751.10986,1629.0983112889817,,1,0,0,54.50113206279137
1163428200,1800.66992,1668.9114431600835,,1,0,0,54.64249548687769
1164033000,1815.52979,1702.6283648440753,,1,0,0,53.14945938067213
1164637800,1775.11987,1702.6283648440753,,1,0,0,53.318785139195555
1165242600,1786.20996,1702.6283648440753,,1,0,0,52.581031914967305
1165847400,1808.55981,1702.6283648440753,,1,0,0,52.3881103496125
1166452200,1748.60986,1702.6283648440753,,1,0,0,53.812536753211596
1167143400,1756.8999,1702.6283648440753,,1,0,0,52.009503413696486
1167834600,1785.2998,1702.6283648440753,,1,0,0,53.10597531271817
1168266600,1844.80981,1702.6283648440753,,1,0,0,54.23768779038115
1168957800,1796.80981,1707.699839991948,,1,0,0,54.65072866249678
1169476200,1772.96997,1707.699839991948,,1,0,0,54.09997590088987
1170081000,1798.12988,1707.699839991948,,1,0,0,53.248561907969176
1170685800,1785.52979,1707.699839991948,,1,0,0,52.50154177168567
1171290600,1821.48999,1707.699839991948,,1,0,0,52.31143807370812
1171981800,1839.76978,1728.0517314251454,,1,0,0,51.672057497014684
1172500200,1726.02979,,1901.312413217369,1,0,0,57.348349104370776
1173105000,1744.73999,,1851.9761168956325,1,0,0,56.822752025487134
1173706200,1742.22998,,1848.736966706069,1,0,0,56.136141166523764
1174311000,1794.03979,,1848.736966706069,1,0,0,56.78355608320063
1174915800,1772.35986,,1848.736966706069,1,0,0,56.264732077257726
1175520600,1812.93994,,1848.736966706069,1,0,0,55.90939692888218
1176125400,1816.84985,,1848.736966706069,1,0,0,54.10445000539061
1176730200,1845.88989,,1848.736966706069,1,0,0,53.06699500500556
1177335000,1891.05981,1765.5959988717498,,1,0,0,53.04222536179087
1177939800,1895.69995,1777.5533909845751,,1,0,0,52.71922855023439
1178544600,1898.78979,1791.1250913861174,,1,0,0,51.4578593680748
1179149400,1896.92993,1791.1250913861174,,1,0,0,50.59657655606945
1179754200,1889.25,1797.671443822755,,1,0,0,50.976832516350214
1180445400,1928.25977,1811.5394174404796,,1,0,0,51.36135233661092
1180963800,1906.25977,1811.5394174404796,,1,0,0,51.930564312567284
1181568600,1942.40991,1812.8859974767884,,1,0,0,52.4305361473839
1182173400,1921.93994,1831.6988892291097,,1,0,0,51.02909070828504
1182778200,1934.09985,1831.6988892291097,,1,0,0,50.74701851483611
1183383000,1988.30981,1863.658936575579,,1,0,0,51.07438004949067
1183987800,2032.15991,1894.7774899180208,,1,0,0,52.188365045955614
1184592600,2035.87988,1937.755246426219,,1,0,0,51.39777611410163
1185197400,1956.18994,1937.755246426219,,1,0,0,54.16866282023723
1185802200,1918.55981,,2067.234744394763,1,0,0,56.04448547593456
1186407000,1925.13989,,2067.234744394763,1,0,0,59.063455084796374
1187011800,1888.77979,,2015.203825359758,1,0,0,64.92250043588234
1187616600,1961.37988,,2015.203825359758,1,0,0,66.50732897617645
1188221400,1988.72998,,2015.203825359758,1,0,0,68.50609047787813
1188912600,1958.34985,,2015.203825359758,1,0,0,69.4863861580297
1189431000,2000.81982,,2015.203825359758,1,0,0,69.03024000388471
1190035800,2049.47998,1867.6198297172666,,1,0,1,69.88381071789294
1190640600,2091.10986,1930.50075924554,,1,0,0,68.78140923804347
1191245400,2149.66992,1977.858148820986,,1,0,0,68.36346429246895
1191850200,2177.98999,2019.0337829388875,,1,0,0,68.27107898586401
1192455000,2131.07983,2021.8398891449988,,1,0,0,67.72172191544513
1193059800,2194.58984,2021.8398891449988,,1,0,0,69.20874463577047
1193664600,2213.85986,2069.862502307449,,1,0,1,68.38883287607258
1194273000,2034.2998,,2293.717153923296,1,0,0,77.11463409921024
1194877800,2048.61987,,2205.9020450309663,1,0,0,79.52645523498093
1195482600,2028.8999,,2194.04488602787,1,0,0,79.39100343248231
1196087400,2089.09985,,2194.04488602787,1,0,0,83.31593818730498
1196692200,2130,,2194.04488602787,1,0,0,83.54980617392606
1197297000,2072.10986,,2194.04488602787,1,0,1,83.13481930435988
1197901800,2111.76978,,2194.04488602787,1,0,0,85.20948792547702
1198506600,2107.0498,,2194.04488602787,1,0,0,82.62668807365723
1199111400,1963.51978,,2194.04488602787,1,0,0,87.01264035411027
1199716200,1912.80981,,2120.8341332095874,1,0,0,87.4560210431024
1200321000,1844.08984,,2081.544801388629,1,0,0,89.98988954002365
1201012200,1789.16992,,1984.131800249766,1,0,1,95.7720538585934
1201530600,1855.26978,,1984.131800249766,1,0,1,95.45048001155102
1202135400,1773.73999,,1984.131800249766,1,0,0,98.66186858215453
1202740200,1780.37988,,1984.131800249766,1,0,0,95.67745868342921
1203431400,1773.43994,,1968.1473378293713,1,0,0,93.72192949175569
1203949800,1745.26978,,1963.6875715464344,1,0,0,91.86679167091599
1204554600,1707.5,,1912.321257391791,1,0,0,91.4548844087077
1205155800,1713.82983,,1905.6491901526117,1,0,0,91.4909783795143
1205760600,1751.98999,,1905.6491901526117,1,0,1,92.35021349526328
1206365400,1767.56982,,1905.6491901526117,1,0,0,91.46734038845875
1206970200,1865.86987,,1905.6491901526117,1,0,0,93.25967750356884
1207575000,1798.71997,,1905.6491901526117,1,0,0,93.10613696759965
1208179800,1900.27979,,1905.6491901526117,1,0,0,95.84142361277111
1208784600,1918.57983,1712.8385520865158,,1,0,0,94.37132264043031
1209389400,1981.86987,1764.662592377864,,1,0,1,93.60981459468529
1209994200,1960.28979,1791.6097536400778,,1,0,0,90.81198355220776
1210599000,2031.26978,1818.67789027607,,1,0,0,89.7775618699072
1211203800,1958.95996,1818.67789027607,,1,0,0,91.00346387919953
1211895000,2032.56982,1821.3952737236166,,1,0,0,90.36107431639958
1212413400,1990.38989,1838.7017798512552,,1,0,0,89.47458329379963
1213018200,1966.00977,1838.7017798512552,,1,0,0,89.37283091567109
1213623000,1928.38989,1838.7017798512552,,1,0,0,88.18907870740887
1214227800,1855.71997,1838.7017798512552,,1,0,0,90.61772951402251
1214832600,1816.34985,,2016.3843561465917,1,0,0,89.3714752630209
1215437400,1810.87988,,2005.5384130319324,1,0,0,89.19423702994797
1216042200,1823.22998,,1992.3500497287391,1,0,0,90.10251724209455
1216647000,1846.5498,,1992.3500497287391,1,0,0,89.44734958194495
1217251800,1826.55981,,1992.3500497287391,1,0,0,88.50326961180603
1217856600,1926.22998,,1992.3500497287391,1,0,0,91.21233463953415
1218461400,1957.55981,,1992.3500497287391,1,0,0,88.67646859385313
1219066200,1931.46997,,1992.3500497287391,1,0,0,87.86172226572076
1219671000,1872.53979,,1992.3500497287391,1,0,0,86.20446781816929
1220362200,1768.22998,,1992.3500497287391,1,0,0,92.35272225972862
1220880600,1767.12988,,1940.3886313274113,1,0,0,91.68182852689085
1221485400,1745.05981,,1890.11479569467,1,0,0,97.09957506068437
1222090200,1672.03979,,1890.11479569467,1,0,0,97.98674969920691
1222695000,1470.83984,,1778.4719297126828,1,0,0,105.4905382921207
1223299800,1269.7998,,1573.2216462414144,1,0,1,117.57906984268352
1223904600,1311.71997,,1573.2216462414144,1,0,0,129.09056413963472
1224509400,1202.26978,,1548.4492806555456,1,0,0,134.41553384394652
1225114200,1334.77979,,1548.4492806555456,1,0,1,138.46085642652176
1225722600,1271.61987,,1548.4492806555456,1,0,0,139.05651311034163
1226327400,1179.62988,,1515.8884564378927,1,0,0,142.56677645960295
1226932200,1085.56982,,1417.9525637941035,1,0,0,144.4634438553456
1227537000,1185.75,,1417.9525637941035,1,0,0,141.8246457228209
1228141800,1177.86987,,1417.9525637941035,1,0,0,138.45932888547654
1228746600,1206.6499,,1417.9525637941035,1,0,0,135.29438753651394
1229351400,1217.18994,,1417.9525637941035,1,0,1,131.10336842676296
1229956200,1185.43994,,1417.9525637941035,1,0,0,125.15956639627989
1230561000,1263.69995,,1417.9525637941035,1,0,0,123.95531522511703
1231165800,1223.00977,,1417.9525637941035,1,0,0,119.97352199475152
1231770600,1198.13989,,1414.066645609226,1,0,0,117.37041542369784
1232461800,1175.88989,,1385.8244705483035,1,0,0,113.38181646486227
1232980200,1180.25,,1385.8244705483035,1,0,0,110.70312457451496
1233585000,1277.48999,,1385.8244705483035,1,0,0,110.81504567633532
1234189800,1236.84985,,1385.8244705483035,1,0,0,108.68253955659706
1234881000,1172.70996,,1383.588402852742,1,0,0,106.88307173112584
1235399400,1116.98999,,1346.477110067468,1,0,0,104.36285946461683
1236004200,1064.69995,,1279.046366060721,1,0,0,102.68907878857279
1236605400,1168.51978,,1279.046366060721,1,0,0,104.63701601796045
1237210200,1187.17993,,1279.046366060721,1,0,0,102.86294701667755
1237815000,1251.46997,,1279.046366060721,1,0,0,102.23845937262915
1238419800,1316.15991,1061.8084737820611,,1,0,0,102.88287370315564
1239024600,1340.27979,1111.6705194038548,,1,0,0,100.73910558150168
1239629400,1353.91992,1141.0860124634694,,1,0,0,98.26987803996583
1240234200,1373.27979,1157.6488452171225,,1,0,0,96.61274889425398
1240839000,1396.61987,1209.5795061954104,,1,0,0,94.17898397323584
1241443800,1394.15991,1234.8305395758691,,1,0,0,91.61477297514757
1242048600,1355.10986,1234.8305395758691,,1,0,0,90.10730776263703
1242653400,1363.16992,1234.8305395758691,,1,0,0,88.63678720816294
1243344600,1435.56982,1234.8305395758691,,1,0,0,88.33703026472274
1243863000,1493.20996,1312.9098577532277,,1,0,0,87.04154238867112
1244467800,1489.96997,1333.4587744779049,,1,0,0,84.02500793233746
1245072600,1471.22998,1333.4587744779049,,1,0,0,81.63679950859908
1245677400,1480.19995,1333.4587744779049,,1,0,0,80.807762400842
1246282200,1446.27979,1333.4587744779049,,1,0,0,78.89006222935328
1246887000,1419.83984,1333.4587744779049,,1,0,0,76.92719492725662
1247491800,1527.25977,1333.4587744779049,,1,0,0,80.36597171816686
1248096600,1599.05981,1414.8863548635823,,1,0,0,80.18485373829779
1248701400,1603.35986,1459.1095383772242,,1,0,0,78.20380632841939
1249306200,1619.48999,1473.8280720395016,,1,0,0,75.31782373353228
1249911000,1611.57983,1475.0273343355514,,1,0,0,73.2751377525657
1250515800,1637.77979,1475.0273343355514,,1,0,0,73.4762057702396
1251120600,1643.23999,1504.9743055117967,,1,0,0,72.24790750093676
1251725400,1638.06982,1504.9743055117967,,1,0,0,71.56664339372699
1252416600,1685.45996,1535.6845667145553,,1,0,0,70.1411767227465
1252935000,1725.23999,1573.1290605430995,,1,0,0,69.36609552826461
1253539800,1694.1499,1593.1567074887898,,1,0,0,68.97281084767428
1254144600,1662.48999,1593.1567074887898,,1,0,0,69.56191150141184
1254749400,1727.75977,1593.1567074887898,,1,0,0,69.71750639416815
1255354200,1739.31982,1610.3944878543277,,1,0,0,67.39698593744185
1255959000,1753.62988,1632.1465080688952,,1,0,0,66.06936551333885
1256563800,1667.12988,1632.1465080688952,,1,0,0,69.53155654810037
1257172200,1730.75977,1632.1465080688952,,1,0,0,70.33501893752178
1257777000,1788.60986,1632.1781135322244,,1,0,0,69.83682829912738
1258381800,1764.38989,1652.144761679002,,1,0,0,68.86634056347542
1258986600,1765.45996,1652.144761679002,,1,0,0,68.16303195179862
1259591400,1791.90991,1652.144761679002,,1,0,0,67.91711681238444
1260196200,1792.05981,1655.7484294239925,,1,0,0,66.7066241829284
1260801000,1807.35986,1672.134009481593,,1,0,0,64.61401959843352
1261405800,1869.83984,1719.141116533434,,1,0,0,64.4658781985454
1262010600,1860.30981,1755.7384663800906,,1,0,0,61.49048047007788
1262615400,1892.58984,1769.4680482420813,,1,0,0,59.45117400792946
1263220200,1864.51978,1769.4680482420813,,1,0,0,58.594676578791635
1263911400,1794.81982,1769.4680482420813,,1,0,0,61.91935253744939
1264429800,1741.03979,,1905.8825416665225,1,0,0,64.06226735620301
1265034600,1746.11987,,1878.6932944998703,1,0,0,64.84353397361708
1265639400,1779.10986,,1878.6932944998703,1,0,0,63.75328726121586
1266330600,1823.31982,,1878.6932944998703,1,0,0,62.86162531398615
1266849000,1818.67993,,1878.6932944998703,1,0,0,61.80437064870143
1267453800,1888.55981,1735.579701603635,,1,0,0,62.46120131665133
1268058600,1924.42993,1788.8052649432714,,1,0,0,61.20541050831908
1268659800,1932.42993,1813.5996329489442,,1,0,0,60.39218904343915
1269264600,1952.62988,1832.5226731540497,,1,0,0,59.98345554033636
1269869400,1959.55981,1849.755953838645,,1,0,0,58.236067287455185
1270474200,1994.42993,1868.1742094547803,,1,0,0,56.681363195494114
1271079000,2012.83984,1905.6642790093022,,1,0,0,56.465562967244544
1271683800,2055.32983,1911.351805108372,,1,0,0,57.236594898155644
1272288600,2000.62988,1912.6076780975347,,1,0,0,57.967550262573084
1272893400,1849.43994,,2055.126488212218,1,0,0,74.34202595810358
1273498200,1907.09985,,2055.126488212218,1,0,0,78.58116267538188
1274103000,1822.76978,,2036.2265395018972,1,0,0,84.88465676999746
1274707800,1852.38989,,2002.7684625517074,1,0,0,86.82005485785479
1275399000,1832.04004,,2002.7684625517074,1,0,0,85.92004879657945
1275917400,1847.1499,,1992.551925316883,1,0,0,85.36577102539522
1276522200,1913.47998,,1992.551925316883,1,0,0,85.05679023786698
1277127000,1838.52002,,1992.551925316883,1,0,0,86.8720173637336
1277731800,1728.34009,,1973.3026944760077,1,0,0,91.56829255203834
1278423000,1814.79004,,1963.685425528407,1,0,0,91.8877030840356
1278941400,1803.47998,,1963.685425528407,1,0,0,89.68000857803305
1279546200,1875.37988,,1963.685425528407,1,0,0,89.76213867960212
1280151000,1864,,1963.685425528407,1,0,0,88.08270020248769
1280755800,1902.87988,,1963.685425528407,1,0,0,85.1489366165957
1281360600,1818.80005,,1963.685425528407,1,0,0,87.01830328683887
1281965400,1825.75,,1963.685425528407,1,0,0,85.1334337663504
1282570200,1791.63989,,1963.685425528407,1,0,0,85.87175778303967
1283175000,1870.31006,,1963.685425528407,1,0,0,87.94735936996541
1283866200,1892.34009,,1963.685425528407,1,0,0,84.77254798639646
1284384600,1955.83008,,1963.685425528407,1,0,0,83.62236027308244
1284989400,2023.84009,1827.707799790706,,1,0,0,82.5079073964337
1285594200,1996.6001,1846.7239693116355,,1,0,0,80.17947901097413
1286199000,2027.03003,1846.7239693116355,,1,0,0,79.25308479590454
1286803800,2097.72998,1894.255626892425,,1,0,0,80.06358588191138
1287408600,2104.20996,1927.742201203182,,1,0,0,78.03260689034629
1288013400,2124.44995,1970.1725230828642,,1,0,0,75.49384854103583
1288618200,2186.70996,2009.0897302745777,,1,0,0,75.53498935953326
1289226600,2137.94995,2013.8601742471199,,1,0,0,75.69248940528088
1289831400,2135.27002,2013.8601742471199,,1,0,0,75.11587373347511
1290436200,2153.90991,2013.8601742471199,,1,0,0,74.00329632394116
1291041000,2191.16992,2013.8601742471199,,1,0,0,74.62091087223108
1291645800,2215.34009,2062.2269290660356,,1,0,0,71.75441652421458
1292250600,2218.29004,2081.720677659432,,1,0,0,68.78339820105639
1292855400,2230.27002,2098.870656893489,,1,0,0,66.20028904383807
1293460200,2217.86011,2105.65162170414,,1,0,0,63.42811768356395
1294065000,2276.69995,2142.1390120337255,,1,0,0,63.54110999188081
1294669800,2323.42993,2176.1840448303533,,1,0,0,63.17602570674645
1295361000,2268.32007,2180.6881128473183,,1,0,0,63.364886013407435
1295879400,2270.51001,2180.6881128473183,,1,0,0,64.2273898695926
1296484200,2338.19995,2180.6881128473183,,1,0,0,65.39756630747884
1297089000,2379.1499,2237.7273219906947,,1,0,0,63.81202228551604
1297693800,2392.46997,2270.7220447916256,,1,0,0,61.56331212226488
1298385000,2346.29004,2270.7220447916256,,1,0,0,64.86736625638883
1298903400,2359.95996,2270.7220447916256,,1,0,0,65.06397366664677
1299508200,2299.26001,2270.7220447916256,,1,0,0,67.61084840474345
1300109400,2221.07007,,2390.0470135362143,1,0,0,70.92435923297606
1300714200,2316.36011,,2390.0470135362143,1,0,0,73.75546285919202
1301319000,2342.91992,,2390.0470135362143,1,0,0,73.30006408353545
1301923800,2321.17993,,2390.0470135362143,1,0,0,70.8350623632829
1302528600,2307.58008,,2390.0470135362143,1,0,0,69.01113290876272
1303133400,2377.30005,,2390.0470135362143,1,0,0,73.10462841527968
1303738200,2404.08008,2253.1137784570406,,1,0,0,70.79215352847399
1304343000,2383.17993,2253.9258116113365,,1,0,0,69.38557827644014
1304947800,2379.23999,2260.784131450203,,1,0,0,67.55160554240868
1305552600,2351.42993,2260.784131450203,,1,0,0,66.93434157509377
1306157400,2336.09009,2260.784131450203,,1,0,0,65.9183143197299
1306848600,2292.31006,2260.784131450203,,1,0,0,67.23916043974921
1307367000,2221.09009,,2395.583264565522,1,0,0,68.04849326548138
1307971800,2192.95996,,2355.72540110897,1,0,0,68.58217374651842
1308576600,2217.06006,,2355.72540110897,1,0,0,68.67844205033855
1309181400,2361.38989,2136.0279532017344,,1,0,0,74.35999761817152
1309872600,2405.88989,2237.914196881561,,1,0,0,73.45427850258785
1310391000,2356.66992,2237.914196881561,,1,0,0,74.47111146668871
1310995800,2429.5,2237.914196881561,,1,0,0,77.02460136192524
1311600600,2362.81006,2237.914196881561,,1,0,0,78.42426340750201
1312205400,2194.37988,,2463.6081378205076,1,0,0,91.74967173553759
1312810200,2182.05005,,2326.789291038457,1,0,0,96.64827232585633
1313415000,2038.21997,,2326.789291038457,1,0,0,102.52767858829516
1314019800,2161.96997,,2326.789291038457,1,0,0,104.58070297484551
1314624600,2167.83008,,2326.789291038457,1,0,0,105.04494419092798
1315315800,2163.65991,,2326.789291038457,1,0,0,106.94672817729024
1315834200,2306.09009,,2326.789291038457,1,0,0,111.68696616462667
1316439000,2206.86011,,2326.789291038457,1,0,0,117.01075215286764
1317043800,2139.17993,,2326.789291038457,1,0,0,119.47712985623426
1317648600,2202.76001,,2326.789291038457,1,0,0,124.12019058078896
1318253400,2371.93994,2025.8859343328772,,1,0,0,127.33874339644692
1318858200,2335.92993,2053.7793728995894,,1,0,0,125.44097743955784
1319463000,2401.29004,2084.01596260963,,1,0,0,125.10519262244657
1320067800,2356.32007,2084.01596260963,,1,0,0,124.2798252922718
1320676200,2355.78003,2086.4964244638004,,1,0,0,123.40126491425238
1321281000,2253.94995,2086.4964244638004,,1,0,0,123.4554717060915
1321885800,2150.87988,2086.4964244638004,,1,0,0,122.01150872708497
1322490600,2302.04004,2086.4964244638004,,1,0,0,126.17070381800748
1323095400,2318.67993,2086.4964244638004,,1,0,0,121.77852354529269
1323700200,2238.17993,2086.4964244638004,,1,0,0,120.15148614920035
1324305000,2287.57007,2086.4964244638004,,1,0,0,117.16851499568602
1324996200,2277.83008,2086.4964244638004,,1,0,0,111.59076963885128
1325601000,2356.16992,2119.3970400008247,,1,0,0,109.67357180750477
1326119400,2371.97998,2160.8103390007423,,1,0,0,104.83402524982584
1326810600,2437.02002,2218.727303100668,,1,0,0,102.60374558912399
1327329000,2461.77002,2262.7945252906015,,1,0,0,99.27991161847225
1327933800,2529.16992,2293.5864692615414,,1,0,0,99.23349864572424
1328538600,2547.32007,2359.218387835387,,1,0,0,95.98610731388679
1329143400,2584.23999,2402.3680830518483,,1,0,0,92.96137750575201
1329834600,2604.20996,2425.4757817466634,,1,0,0,89.13412768391257
1330353000,2641.58008,2452.8851105719973,,1,0,0,87.79384142077596
1330957800,2646.8501,2452.8851105719973,,1,0,0,87.01214560500625
1331559000,2712.78003,2516.182824163318,,1,0,0,86.84913377607724
1332163800,2728.55005,2577.4309457469863,,1,0,0,83.63348707778603
1332768600,2755.27002,2615.8674681722873,,1,0,0,82.33466300080133
1333373400,2762.5,2615.8674681722873,,1,0,0,81.17791135788694
1333978200,2698.98999,2615.8674681722873,,1,0,0,80.6859205466093
1334583000,2676.04004,2615.8674681722873,,1,0,0,80.46764979328006
1335187800,2741.34009,2615.8674681722873,,1,0,0,83.40139195090289
1335792600,2637.91992,2615.8674681722873,,1,0,0,85.94986966869553
1336397400,2615.97998,2615.8674681722873,,1,0,0,84.39701897807443
1337002200,2478.53003,,2721.632235979606,1,0,0,88.54937690821195
1337607000,2527.05005,,2695.344562881645,1,0,0,88.23298355762539
1338298200,2458.83008,,2694.6040880934806,1,0,0,89.93491758922356
1338816600,2559.20996,,2694.371632284133,1,0,0,92.55099918999333
1339421400,2571.22998,,2694.371632284133,1,0,0,90.83164067642238
1340026200,2585.53003,,2694.371632284133,1,0,0,89.95509919953508
1340631000,2615.71997,,2694.371632284133,1,0,0,91.06187425671116
1341235800,2612.29004,,2694.371632284133,1,0,0,89.14030538123178
1341840600,2584.96997,,2694.371632284133,1,0,0,90.42600785400093
1342445400,2618.04004,,2694.371632284133,1,0,0,91.737009435858
1343050200,2647.03003,,2694.371632284133,1,0,0,93.39436161901101
1343655000,2676,,2694.371632284133,1,0,0,92.29762436051024
1344259800,2722.95996,2526.9563970523045,,1,0,0,89.36994119190236
1344864600,2780.30005,2570.2941658470745,,1,0,0,88.15709824962362
1345469400,2778.05005,2609.4681902623665,,1,0,0,85.59373551750764
1346074200,2772.23999,2610.38091823613,,1,0,0,82.87918940911425
1346765400,2825.11011,2625.903361912517,,1,0,0,83.07781230846324
1347283800,2855.22998,2657.2959962212653,,1,0,0,83.57012714357302
1347888600,2861.63989,2706.5469145991387,,1,0,0,80.15724591903208
1348493400,2799.18994,2706.5469145991387,,1,0,0,81.0788576391012
1349098200,2811.93994,2706.5469145991387,,1,0,0,80.07036495059398
1349703000,2720.13989,2706.5469145991387,,1,0,0,81.33462602555157
1350307800,2678.32007,,2895.051068408005,1,0,0,83.32786630944072
1350912600,2665.83008,,2828.7799830672047,1,0,0,81.82230443019496
1351517400,2656.28003,,2827.968313760484,1,0,0,80.42642768518103
1352125800,2584.1001,,2800.5585818844356,1,0,0,83.58167213623952
1352730600,2534.15991,,2718.527586195992,1,0,0,85.20226841222241
1353335400,2639.59009,,2718.527586195992,1,0,0,86.70424781134939
1353940200,2677.87988,,2718.527586195992,1,0,0,85.92037153911016
1354545000,2640.54004,,2718.527586195992,1,0,0,85.17033928631656
1355149800,2628.09009,,2718.527586195992,1,0,0,84.57387362300821
1355754600,2664.66992,,2718.527586195992,1,0,0,84.67715193565047
1356359400,2606.36011,,2718.527586195992,1,0,0,83.274501083104
1356964200,2724.48999,2495.4763334121394,,1,0,0,88.20132243431087
1357569000,2748.26001,2556.136170070925,,1,0,0,85.15909297471724
1358173800,2743.23999,2571.187017563833,,1,0,0,82.35343490509457
1358865000,2736.72998,2588.3763988074493,,1,0,0,80.00533098330207
1359383400,2763.95996,2595.778673926705,,1,0,0,77.58422591306622
1359988200,2775.56006,2600.0793225340344,,1,0,0,76.65820049070433
1360593000,2764.66992,2631.491372780631,,1,0,0,73.09404402708262
1361284200,2737.28003,2631.491372780631,,1,0,0,73.76875802514814
1361802600,2747.75,2631.491372780631,,1,0,0,73.79455245192328
1362407400,2804.11011,2631.491372780631,,1,0,0,74.08137441964307
1363008600,2799.40991,2666.2909931358718,,1,0,0,70.54485267538283
1363613400,2800.81006,2666.2909931358718,,1,0,0,68.96021034142692
1364218200,2818.68994,2674.333872590056,,1,0,0,67.02661603132499
1364823000,2771.75,2674.333872590056,,1,0,0,68.26613488623035
1365427800,2856.47998,2677.3808646479456,,1,0,0,70.48425525149959
1366032600,2780.45996,2677.3808646479456,,1,0,0,74.4146663049639
1366637400,2840.55005,2677.3808646479456,,1,0,0,74.83004585460935
1367242200,2944.59009,2743.9266533083523,,1,0,0,77.46146543642298
1367847000,2981.02002,2812.847989477517,,1,0,0,74.69779076239277
1368451800,3028.95996,2854.9906555297653,,1,0,0,73.45008999365044
1369056600,2991.02002,2860.944154976789,,1,0,0,74.5043664226754
1369747800,2981.76001,2863.4151424791103,,1,0,0,73.26120453534145
1370266200,2990.87012,2863.4151424791103,,1,0,0,74.83969778281703
1370871000,2943.86011,2863.4151424791103,,1,0,0,75.95614579833007
1371475800,2877.93994,2863.4151424791103,,1,0,0,81.11641752702076
1372080600,2909.6001,2863.4151424791103,,1,0,0,82.63024913223357
1372685400,2963.21997,2863.4151424791103,,1,0,0,80.60094347993117
1373290200,3079.07007,2863.4151424791103,,1,0,0,83.67944394565039
1373895000,3044.92993,2896.9530748828997,,1,0,0,81.64662437810395
1374499800,3076.22998,2896.9530748828997,,1,0,0,79.18328763681079
1375104600,3143.52002,2943.6201701051486,,1,0,0,79.28520351989573
1375709400,3118.57007,2967.426621594634,,1,0,0,77.1105525541889
1376314200,3073.90991,2967.426621594634,,1,0,0,77.39979237174683
1376919000,3124.27002,2967.426621594634,,1,0,0,76.55910220233633
1377523800,3073.81006,2967.426621594634,,1,0,0,77.84845990216945
1378215000,3133.38,2967.426621594634,,1,0,0,77.65785133772877
1378733400,3178.27,3016.7969622932656,,1,0,0,76.1008619564624
1379338200,3224.73,3052.9972660639387,,1,0,0,76.76437181671508
1379943000,3230.3,3077.409039457545,,1,0,0,74.18691668694971
1380547800,3242.57,3077.409039457545,,1,0,0,73.87713692359615
1381152600,3233.83,3077.409039457545,,1,0,0,77.52019857191074
1381757400,3353.88,3115.1284797645503,,1,0,0,82.23875581677426
1382362200,3383.83,3199.3116317880954,,1,0,0,81.3531304012904
1382967000,3379.76,3228.5114686092857,,1,0,0,78.65862108691252
1383575400,3366.84,3228.5114686092857,,1,0,0,78.96014815213304
1384180200,3422.58,3228.5114686092857,,1,0,0,78.76085185555212
1384785000,3422.02,3237.9917156161696,,1,0,0,78.12721958015553
1385389800,3487.82,3302.4060440545522,,1,0,0,77.94741818157296
1385994600,3504.26,3330.400939649097,,1,0,0,76.51403116860345
1386599400,3456.4,3335.4378456841873,,1,0,0,76.35374322798894
1387204200,3531.19,3335.4378456841873,,1,0,0,79.33633299741827
1387809000,3574.02,3415.8521050041923,,1,0,0,77.96373778331694
1388413800,3538.73,3415.8521050041923,,1,0,0,76.27989937022286
1389018600,3565.08,3415.8521050041923,,1,0,0,75.61347798663554
1389623400,3591.25,3415.8521050041923,,1,0,0,78.52180098759014
1390314600,3541.48,3427.328224093251,,1,0,0,79.57524377419084
1390833000,3521.92,3427.328224093251,,1,0,0,80.09415493317722
1391437800,3561.91,3427.328224093251,,1,0,0,84.6774295808074
1392042600,3663.88,3434.5824603639794,,1,0,0,86.71904175360685
1392733800,3662.6,3492.7442143275816,,1,0,0,83.84839591406349
1393252200,3696.1,3527.0732928948237,,1,0,0,82.12922477734469
1393857000,3703.4,3527.0732928948237,,1,0,0,83.45285157896295
1394458200,3627.87,3527.0732928948237,,1,0,0,84.5526478947513
1395063000,3653.07,3527.0732928948237,,1,0,0,84.90531590226908
1395667800,3571.48,3527.0732928948237,,1,0,0,87.59136476639272
1396272600,3539.38,3527.0732928948237,,1,0,0,91.62626728307895
1396877400,3446.85,,3725.712302495682,1,0,0,96.63867676285899
1397482200,3534.53,,3693.783072246114,1,0,0,99.51519985122619
1398087000,3533.1,,3693.783072246114,1,0,0,98.66482843328143
1398691800,3587.64,,3693.783072246114,1,0,0,100.43376925947564
1399296600,3555.7,,3693.783072246114,1,0,0,100.32492859808454
1399901400,3587.2,,3693.783072246114,1,0,0,99.09743369822135
1400506200,3677.33,,3693.783072246114,1,0,0,99.58190271977695
1401197400,3736.82,3517.740848087453,,1,0,0,97.05748109693575
1401715800,3794.57,3555.3347632787077,,1,0,0,96.3569467328689
1402320600,3775.56,3590.8327869508366,,1,0,0,93.21359339480684
1402925400,3802.64,3608.0370082557533,,1,0,0,90.11405100946347
1403530200,3844.44,3646.787307430178,,1,0,0,87.51804736593036
1404135000,3923.01,3712.03907668716,,1,0,0,87.08461541122107
1404739800,3904.58,3712.03907668716,,1,0,0,87.06142859613387
1405344600,3939.89,3736.971602116599,,1,0,0,86.64775512498144
1405949400,3965.16,3788.7729419049397,,1,0,0,86.15577261605422
1406554200,3879.67,3788.7729419049397,,1,0,0,89.54821742919322
1407159000,3888.09,3788.7729419049397,,1,0,0,88.65548761282228
1407763800,3987.51,3788.7729419049397,,1,0,0,90.14438135476355
1408368600,4052.75,3855.043175183831,,1,0,0,88.9476398294233
1408973400,4082.56,3903.322857665448,,1,0,0,84.75280841303591
1409664600,4089.92,3918.633571898903,,1,0,0,82.46189352639051
1410183000,4069.23,3926.9242147090126,,1,0,0,80.69675827450544
1410787800,4100.09,3926.9242147090126,,1,0,0,82.71341839775505
1411392600,4053.72,3926.9242147090126,,1,0,0,83.40960279791541
1411997400,4027.31,3926.9242147090126,,1,0,0,87.13034545520716
1412602200,3870.85,,4152.393895229417,1,0,0,93.6167493512638
1413207000,3815.47,,4008.9445057064745,1,0,0,100.74698154045926
1413811800,4042.02,3686.2319448641724,,1,0,0,110.70934000185504
1414416600,4158.21,3849.7587503777554,,1,0,0,113.6329585731511
1415025000,4160.5,3921.9208753399803,,1,0,0,109.31703296078317
1415629800,4224.99,3966.3762878059815,,1,0,0,107.02295917787013
1416234600,4251.32,4020.1736590253836,,1,0,0,105.88489066516513
1416839400,4337.78,4085.999793122845,,1,0,0,105.16239847479622
1417444200,4311.57,4095.9198138105603,,1,0,0,102.15794144088217
1418049000,4199.28,4095.9198138105603,,1,0,0,103.48951705224773
1418653800,4281.78,4095.9198138105603,,1,0,0,111.19098011994429
1419258600,4314.09,4095.9198138105603,,1,0,0,106.9566243970911
1419863400,4230.24,4095.9198138105603,,1,0,0,107.51257979729887
1420468200,4213.28,4095.9198138105603,,1,0,0,111.52168124034897
1421073000,4142.14,4095.9198138105603,,1,0,0,115.97370400889545
1421764200,4278.14,4095.9198138105603,,1,0,0,120.24201086540295
1422282600,4148.43,4095.9198138105603,,1,0,0,124.42258151787414
1422887400,4228.68,4095.9198138105603,,1,0,0,128.14596855231167
1423492200,4384.03,4095.9198138105603,,1,0,0,131.65482794143222
1424183400,4443.05,4139.849751214515,,1,0,0,127.53591165990133
1424701800,4440.67,4198.469276093064,,1,0,0,120.96120368419415
1425306600,4399.23,4198.469276093064,,1,0,0,119.04611770675174
1425907800,4314.9,4198.469276093064,,1,0,0,120.17996644198377
1426512600,4458.54,4198.469276093064,,1,0,0,123.29425455327068
1427117400,4332.86,4198.469276093064,,1,0,0,127.8332363708942
1427722200,4316.01,4198.469276093064,,1,0,0,125.85371948725889
1428327000,4422.02,4198.469276093064,,1,0,0,126.77273952388327
1428931800,4351.8,4198.469276093064,,1,0,0,125.93825812932019
1429536600,4536.78,4198.469276093064,,1,0,0,130.64552540579731
1430141400,4479.06,4202.127358095266,,1,0,0,133.25870216252605
1430746200,4458.65,4202.127358095266,,1,0,0,135.2073662937742
1431351000,4494.29,4202.127358095266,,1,0,0,134.73612584421886
1431955800,4527.16,4250.580329051449,,1,0,0,129.30497399820322
1432647000,4508.25,4250.580329051449,,1,0,0,126.83819014118868
1433165400,4477.19,4250.580329051449,,1,0,0,123.99546227396091
1433770200,4453.79,4250.580329051449,,1,0,0,123.62935782582085
1434375000,4513.42,4250.580329051449,,1,0,0,125.12440369540504
1434979800,4484.28,4271.527963201589,,1,0,0,122.78766057430472
1435584600,4433.39,4271.527963201589,,1,0,0,121.6635419618544
1436189400,4420.15,4271.527963201589,,1,0,0,120.13471753600767
1436794200,4661.6,4297.582870173958,,1,0,0,128.8000948548643
1437399000,4557.37,4359.580583156562,,1,0,0,129.72365950808833
1438003800,4588.91,4359.580583156562,,1,0,0,128.33554097179632
1438608600,4520.08,4359.580583156562,,1,0,0,129.82585947381085
1439213400,4530.74,4359.580583156562,,1,0,0,131.05901236853865
1439818200,4197.27,,4696.92422789098,1,0,0,148.22051148507157
1440423000,4329.12,,4457.253805101881,1,0,0,177.16690352185216
1441027800,4184.72,,4457.253805101881,1,0,0,179.3185532702913
1441719000,4323.23,,4457.253805101881,1,0,0,178.52722803669903
1442237400,4323.86,,4457.253805101881,1,0,0,176.98171174836332
1442842200,4224.74,,4457.253805101881,1,0,0,176.7908751949088
1443447000,4267.45,,4457.253805101881,1,0,0,179.47224125241533
1444051800,4370.01,,4457.253805101881,1,0,0,174.5677954486714
1444656600,4438.62,,4457.253805101881,1,0,0,169.94081005948058
1445261400,4624.09,4163.34481827536,,1,0,0,174.6636093409463
1445866200,4648.83,4300.904336447823,,1,0,0,167.514065816593
1446474600,4707.23,4368.3874028030405,,1,0,0,161.85448968683633
1447079400,4502.14,4368.3874028030405,,1,0,0,165.15702613777654
1447684200,4686.36,4368.3874028030405,,1,0,0,168.03866712793538
1448289000,4680.47,4368.3874028030405,,1,0,0,162.10661947594
1448893800,4716.12,4368.3874028030405,,1,0,0,161.94471808480145
1449498600,4537.56,4368.3874028030405,,1,0,0,163.7179525073156
1450103400,4514.83,4368.3874028030405,,1,1,0,166.5152416139359
1450708200,4622.77,4368.3874028030405,,1,0,0,163.24701007008335
1451313000,4593.27,4368.3874028030405,,1,0,0,160.3443664936488
1451917800,4270.78,,4746.812368385806,1,0,0,172.35262602981675
1452522600,4141.08,,4595.399631547226,1,0,0,179.5924384562584
1453213800,4259.77,,4515.737168392502,1,0,0,185.88154999509712
1453732200,4279.17,,4515.737168392502,1,0,0,184.55001070973302
1454337000,4024.47,,4515.737168392502,1,0,0,192.30929565903782
1454941800,4019.19,,4361.921505758134,1,0,0,189.76577454053512
1455633000,4164.09,,4361.921505758134,1,0,0,190.02464778763974
1456151400,4235.62,,4361.921505758134,1,0,0,189.85931580280834
1456756200,4329,,4361.921505758134,1,0,0,187.45436467403633
1457361000,4361.83,,4361.921505758134,1,0,0,183.33262434017658
1457962200,4410.83,4029.643029964879,,1,0,0,176.0245797444497
1458567000,4405.53,4081.870726968392,,1,0,0,168.88353833413188
1459171800,4532.08,4131.507154271552,,1,0,0,167.53828559597954
1459776600,4474.93,4190.059938844398,,1,0,0,161.64483662483812
1460381400,4543.16,4194.640444959957,,1,0,0,159.71877686592106
1460986200,4474.19,4203.437400463962,,1,0,0,157.89886423264096
1461591000,4341.3,4203.437400463962,,1,0,0,159.6889453588809
1462195800,4330.17,4203.437400463962,,1,0,0,155.78044926181798
1462800600,4326.53,4203.437400463962,,1,0,0,151.442560028831
1463405400,4362.9,4203.437400463962,,1,0,0,148.57737716962876
1464010200,4512.54,4203.437400463962,,1,0,0,149.33470737179817
1464701400,4509.79,4238.573690399969,,1,0,0,142.2786568452412
1465219800,4461.05,4238.573690399969,,1,0,0,138.48875278486682
1465824600,4374.38,4238.573690399969,,1,0,0,135.67527044309062
1466429400,4285.7,4238.573690399969,,1,0,0,139.76560826858412
1467034200,4437.44,4238.573690399969,,1,0,0,149.36235053511382
1467725400,4528.36,4238.573690399969,,1,0,0,149.6936112111771
1468243800,4589.83,4294.028138964849,,1,0,0,144.6304961246645
1468848600,4666.07,4361.493325068364,,1,0,0,140.06474640147417
1469453400,4730.23,4434.496492561528,,1,0,0,136.79797880136886
1470058200,4791.21,4487.213343305375,,1,0,0,134.90598031555675
1470663000,4807.08,4551.419508974838,,1,0,0,128.35126743587406
1471267800,4806.14,4575.668558077355,,1,0,0,123.84331976188305
1471872600,4783.69,4575.668558077355,,1,0,0,120.59379692174852
1472477400,4798.74,4575.668558077355,,1,0,0,116.72709714162363
1473168600,4681.53,4575.668558077355,,1,0,0,119.6794473457934
1473687000,4818.05,4575.668558077355,,1,0,0,123.2387725353796
1474291800,4858.91,4608.3220773590965,,1,0,0,122.15457449713823
1474896600,4875.7,4624.831869623186,,1,0,0,118.99710489019978
1475501400,4864.52,4653.220182660869,,1,0,0,114.10945454089976
1476106200,4808.49,4653.220182660869,,1,0,0,116.29092207369267
1476711000,4851.86,4653.220182660869,,1,0,0,113.00085621128608
1477315800,4805.59,4653.220182660869,,1,0,0,113.33579505333712
1477920600,4660.46,4653.220182660869,,1,0,0,117.83538112095589
1478529000,4751.95,4653.220182660869,,1,0,0,123.3707110408876
1479133800,4808.04,4653.220182660869,,1,0,0,126.22994596653852
1479738600,4870.02,4653.220182660869,,1,0,0,122.68423554035721
1480343400,4739.37,4653.220182660869,,1,0,0,126.43250443033169
1480948200,4895.9,4653.220182660869,,1,0,0,128.67803982816514
1481553000,4914.86,4653.220182660869,,1,1,0,127.073179840439
1482157800,4940.02,4697.41634317576,,1,0,0,121.65723842326477
1482849000,4863.62,4697.41634317576,,1,0,0,122.83529282160298
1483453800,5007.08,4701.960487972366,,1,0,0,125.2813433343456
1483972200,5059.51,4791.049439175129,,1,0,0,121.46696166760664
1484663400,5063.2,4830.364495257616,,1,0,0,116.77146440563477
1485181800,5168.06,4872.172545731854,,1,0,0,118.21207409094662
1485786600,5161.6,4900.945291158669,,1,0,0,115.60621165587904
1486391400,5226.69,4971.463762042803,,1,0,0,113.50648225188768
1486996200,5324.72,5064.367885838521,,1,0,0,112.40101923389575
1487687400,5343.31,5124.76259725467,,1,0,0,108.26666071718888
1488205800,5373.48,5155.362337529203,,1,0,0,106.37118495167543
1488810600,5385.9,5171.671603776282,,1,0,0,102.95752888369861
1489411800,5408.76,5206.213443398654,,1,1,0,100.32770539200588
1490016600,5364,5206.213443398654,,1,0,0,101.18501214971975
1490621400,5436.23,5206.213443398654,,1,0,0,103.63465413902546
1491226200,5418.37,5244.701410237618,,1,0,0,101.93075027195219
1491831000,5353.59,5244.701410237618,,1,0,0,101.01569668109846
1492435800,5442.05,5244.701410237618,,1,0,0,101.10671834673428
1493040600,5583.53,5340.439558063224,,1,0,0,105.16695275053897
1493645400,5646.09,5424.576602256902,,1,0,0,102.12359898264336
1494250200,5686.81,5474.781942031212,,1,0,0,98.6726276267403
1494855000,5651.56,5474.781942031212,,1,0,0,102.78458279625883
1495459800,5788.36,5517.409123045282,,1,0,0,105.55496973938318
1496151000,5881.46,5609.274210740754,,1,0,0,106.50818618657006
1496669400,5741.94,5609.274210740754,,1,0,0,116.03831574467215
1497274200,5681.48,5609.274210740754,,1,1,0,117.81057890576696
1497879000,5803.11,5609.274210740754,,1,0,0,118.59768041249795
1498483800,5646.92,5609.274210740754,,1,0,0,127.67713181160525
1499088600,5656.47,5609.274210740754,,1,0,0,126.08162239649053
1499693400,5838.08,5609.274210740754,,1,0,0,130.97150651102692
1500298200,5921.52,5609.274210740754,,1,0,0,129.78854176023927
1500903000,5908.92,5647.243486777024,,1,0,0,131.14078877736506
1501507800,5899.91,5647.243486777024,,1,0,0,127.24001815041039
1502112600,5831.53,5647.243486777024,,1,0,0,131.6921597110954
1502717400,5790.91,5647.243486777024,,1,0,0,134.77414830315996
1503322200,5822.53,5647.243486777024,,1,0,0,134.32599485293426
1503927000,5987.9,5647.243486777024,,1,0,0,140.75913807772463
1504618200,5913.37,5649.734386706268,,1,0,0,137.6799139293157
1505136600,5988,5707.169948035642,,1,0,0,134.70777722007884
1505741400,5932.32,5707.169948035642,,1,0,0,132.3336502757875
1506346200,5979.3,5707.169948035642,,1,0,0,132.90481811323124
1506951000,6064.57,5745.2341471179825,,1,0,0,131.18590253371474
1507555800,6092.45,5817.207732406185,,1,0,0,126.33976663844942
1508160600,6108.82,5848.811959165566,,1,0,0,122.888354735703
1508765400,6213.47,5857.4197632490095,,1,0,0,129.2727579688671
1509370200,6295.58,5991.532286924109,,1,0,0,127.39898954251944
1509978600,6309.07,6048.786058231698,,1,0,0,125.34834743233945
1510583400,6314.51,6048.786058231698,,1,0,0,125.2863226157438
1511188200,6409.29,6110.572957167676,,1,0,0,124.11515671461926
1511793000,6337.87,6110.572957167676,,1,0,0,128.1926455207179
1512397800,6344.57,6110.572957167676,,1,0,0,129.5038851263809
1513002600,6466.32,6149.258360775235,,1,1,0,129.27860761735374
1513607400,6465.17,6236.220024697712,,1,0,0,125.38513564468558
1514298600,6396.42,6236.220024697712,,1,0,0,121.33976881292232
1514903400,6653.29,6270.511070005146,,1,0,0,131.14121389771353
1515421800,6758.54,6423.470463004632,,1,0,0,132.10469861930537
1516113000,6834.33,6514.973916704168,,1,0,0,131.535077289355
1516631400,7022.97,6643.305025033752,,1,0,0,136.43400034011535
1517236200,6760.29,6643.305025033752,,1,0,0,145.71942888725
1517841000,6412.68,,6889.33842972266,1,0,0,181.27732682387497
1518445800,6770.66,,6889.33842972266,1,0,0,198.89466062216962
1519137000,6896.6,6384.023221924644,,1,0,0,195.90575629201467
1519655400,6811.04,6384.023221924644,,1,0,0,207.49105941401368
1520260200,7101.18,6441.280759758962,,1,0,0,217.49026945586988
1520861400,7019.95,6625.173683783066,,1,0,0,214.53239306616487
1521466200,6508.09,,7256.440684595241,1,1,0,235.78793641858164
1522071000,6581.13,,7153.671616135717,1,0,0,246.33594096011151
1522675800,6433.21,,7036.038454522146,1,0,0,250.85551660581783
1523280600,6628.34,,7036.038454522146,1,0,0,252.23012256254515
1523885400,6667.75,,7036.038454522146,1,0,0,250.54368523664905
1524490200,6656.35,,7036.038454522146,1,0,0,255.8055648626027
1525095000,6769.12,,7036.038454522146,1,0,0,254.92659594384534
1525699800,6952.56,,7036.038454522146,1,0,0,251.01612480499927
1526304600,6866.25,,7036.038454522146,1,0,0,244.19568731892792
1526909400,6960.92,,7036.038454522146,1,0,0,236.43742393900456
1527600600,7083.93,6506.798282017189,,1,0,0,233.6718936576471
1528119000,7152.62,6698.802453815471,,1,0,0,226.16104411067226
1528723800,7255.76,6778.385208433925,,1,1,0,220.37954095990997
1529328600,7197.51,6793.327687590532,,1,0,0,216.92171660563062
1529933400,7040.8,6793.327687590532,,1,0,0,219.0901654195142
1530538200,7207.33,6793.327687590532,,1,0,0,221.14372503240605
1531143000,7375.82,6869.268679253497,,1,0,0,218.23417324437702
1531747800,7350.23,6936.094311328147,,1,0,0,211.94101801263582
1532352600,7296.78,6956.597380195332,,1,0,0,215.09308815459048
1532957400,7395.49,6956.597380195332,,1,0,0,216.63715328640544
1533562200,7408.3,7028.33552795822,,1,0,0,209.5052137659479
1534167000,7377.54,7028.33552795822,,1,0,0,205.99055563980872
1534771800,7485.4,7028.33552795822,,1,0,0,201.71051595125093
1535376600,7654.55,7208.073624881543,,1,0,0,201.99547909759022
1536067800,7430.26,7208.073624881543,,1,0,0,205.6786591620481
1536586200,7545.5,7208.073624881543,,1,0,0,203.8144692219018
1537191000,7531.07,7208.073624881543,,1,0,0,201.83272142033735
1537795800,7627.65,7208.073624881543,,1,1,0,202.45681274745615
1538400600,7399.01,7208.073624881543,,1,0,0,214.6470404083522
1539005400,7157.21,,7658.688155159329,1,0,0,237.705823236327
1539610200,7107.23,,7658.688155159329,1,0,0,239.61112157658937
1540215000,6852.4,,7508.947555679057,1,0,0,254.6346128925473
1540819800,6965.29,,7418.291800111151,1,0,0,272.91214054307966
1541428200,7039.15,,7418.291800111151,1,0,0,278.1441305042882
1542033000,6867.02,,7418.291800111151,1,0,0,282.3288354682676
1542637800,6527.35,,7272.378752281029,1,0,0,292.49534722053426
1543242600,6949.01,,7272.378752281029,1,0,0,301.8728224190675
1543847400,6613.27,,7272.378752281029,1,0,0,316.9147636748484
1544452200,6594.96,,7272.378752281029,1,0,0,318.08728055521635
1545057000,6046.56,,7057.797153371584,1,1,0,338.7703319441295
1545661800,6285.27,,6906.380938034425,1,0,0,349.80387966240596
1546266600,6422.67,,6906.380938034425,1,0,0,346.6607454008055
1546871400,6601.4,,6906.380938034425,1,0,0,337.4764064436052
1547476200,6784.61,,6906.380938034425,1,0,0,335.0559488404905
1548167400,6787.37,,6906.380938034425,1,0,0,326.58552392331256
1548685800,6875.52,,6906.380938034425,1,0,0,326.32370078593306
1549290600,6913.13,6287.622467250047,,1,0,0,317.1748650155092
1549895400,7055.18,6364.479220525043,,1,0,0,307.39023180011566
1550586600,7090.63,6472.630798472539,,1,0,0,292.1730723858216
1551105000,7151.57,6561.596218625285,,1,0,0,279.6121386439772
1551709800,7015.69,6561.596218625285,,1,0,0,278.58412874083587
1552311000,7306.99,6640.566637086481,,1,0,0,281.22811954506193
1552915800,7326.06,6862.445473377833,,1,0,0,276.2518252918432
1553520600,7378.77,6862.445473377833,,1,0,0,268.31955205671153
1554125400,7578.84,6999.0255334360445,,1,0,0,264.21958405266065
1554730200,7628.15,7108.31448009244,,1,0,0,252.06818519175636
1555335000,7689.72,7191.859032083196,,1,0,0,243.81545767805943
1555939800,7826.68,7303.8626288748765,,1,0,0,240.54863927248377
1556544600,7845.73,7322.172365987389,,1,0,0,236.17445075302066
1557149400,7586.53,7322.172365987389,,1,0,0,249.23198998494772
1557754200,7503.68,7322.172365987389,,1,0,0,254.52899070030853
1558359000,7300.96,,7862.390460195194,1,0,0,253.6497770788579
1559050200,7127.96,,7737.168914175674,1,0,0,252.41193585893944
1559568600,7417.29,,7736.9320227581065,1,0,0,270.76179758330085
1560173400,7479.11,,7736.9320227581065,1,0,0,264.1559548987793
1560778200,7728.78,,7736.9320227581065,1,0,0,266.2462438345808
1561383000,7671.07,,7736.9320227581065,1,0,0,258.8365121321108
1561987800,7841.3,7298.610729368407,,1,0,0,253.67818983696
1562592600,7943.24,7358.722656431565,,1,0,0,249.54760484860574
1563197400,7834.9,7431.490890788408,,1,0,0,241.8870616451339
1563802200,8016.95,7485.834801709569,,1,0,0,238.34370009905297
1564407000,7692.8,7485.834801709569,,1,0,1,247.87415009197773
1565011800,7646.27,7485.834801709569,,1,0,0,256.6109965139793
1565616600,7604.11,7485.834801709569,,1,0,0,263.2087824772665
1566221400,7464.99,,8146.301105098353,1,0,0,267.3981551574617
1566826200,7691,,8146.301105098353,1,0,0,268.44757264621444
1567517400,7852.54,,8146.301105098353,1,0,0,270.35488888577055
1568035800,7892.95,,8146.301105098353,1,0,0,267.5952539653584
1568640600,7823.55,,8146.301105098353,1,0,1,259.81202153926137
1569245400,7681.58,,8146.301105098353,1,0,0,258.8561628578856
1569850200,7754.1,,8146.301105098353,1,0,0,265.94857979660804
1570455000,7843.87,,8146.301105098353,1,0,0,268.4015383825646
1571059800,7868.49,,8146.301105098353,1,0,0,260.22857135523856
1571664600,8029.22,,8146.301105098353,1,0,0,255.08367340129294
1572269400,8161.17,7607.003449233884,,1,0,1,247.15341101548626
1572877800,8255.89,7757.046104310496,,1,0,0,237.67531022866584
1573482600,8315.52,7824.632493879448,,1,0,0,228.80850235518963
1574087400,8272.05,7874.667244491502,,1,0,0,221.86146647267603
1574692200,8403.68,7967.246020042351,,1,0,0,218.41136172462782
1575297000,8397.37,7967.246020042351,,1,0,0,220.1326930300116
1575901800,8487.71,8016.792676234304,,1,0,0,217.13392924215358
1576506600,8678.49,8204.562908610875,,1,0,0,215.90650572485694
1577111400,8770.98,8351.658617749787,,1,0,0,209.95675531593864
1577716200,8793.9,8376.076755974807,,1,0,0,209.3677013648001
1578321000,8966.64,8450.155580377328,,1,0,0,216.6257226958859
1578925800,9173.73,8664.642022339594,,1,0,0,216.14031393189407
1579617000,9141.47,8775.377820105636,,1,0,0,212.91100579390167
1580135400,8991.51,8775.377820105636,,1,0,0,216.22093395148013
1580740200,9401.1,8775.377820105636,,1,0,0,233.75729581208867
1581345000,9623.58,9027.049785857009,,1,0,0,235.86106039693942
1582036200,9446.69,9075.457307271306,,1,0,0,242.59884179715806
1582554600,8461.83,,9373.363923455825,1,0,0,319.04463881164673
1583159400,8530.34,,9373.363923455825,1,0,1,344.86716461081477
1583760600,7995.26,,8767.748777999217,1,0,0,411.28593856718516
1584365400,6994.29,,8288.587400199296,1,0,1,464.603371526672
1584970200,7588.37,,8288.587400199296,1,0,0,512.9317021319097
1585575000,7528.11,,8288.587400199296,1,0,0,518.2672948367733
1586179800,8238.53,,8288.587400199296,1,0,0,538.8282023484323
1586784600,8832.41,7254.192675729242,,1,0,0,551.8161878949729
1587389400,8786.6,7370.196408156318,,1,0,0,547.7821744739034
1587994200,8718.18,7662.232767340685,,1,0,0,534.1655905829103
1588599000,9220.35,7766.615990606617,,1,0,0,535.9459055412739
1589203800,9152.64,7948.377891545956,,1,0,0,532.9269122883258
1589808600,9413.99,8266.12410239136,,1,0,0,520.7471328391596
1590499800,9555.52,8295.568192152225,,1,0,0,511.4866233506481
1591018200,9824.39,8638.116372937002,,1,0,0,498.86257882560176
1591623000,9663.77,8758.905235643302,,1,0,0,510.09382319520165
1592227800,10008.64,8758.905235643302,,1,0,0,518.8078358241158
1592832600,9849.36,8999.433540871074,,1,0,0,515.261561836679
1593437400,10341.89,8999.433540871074,,1,0,0,527.718593134059
1594042200,10836.33,9570.94016810557,,1,0,0,525.8022650530548
1594647000,10645.22,9596.311651295015,,1,0,0,538.1356746921223
1595251800,10483.13,9596.311651295015,,1,0,0,549.9466979283992
1595856600,10905.88,9596.311651295015,,1,0,0,541.0369337906565
1596461400,11139.39,10054.989788794064,,1,0,0,529.2735813770381
1597066200,11164.45,10054.989788794064,,1,0,0,521.1940398501068
1597671000,11555.16,10365.670428923191,,1,0,0,513.2758941465278
1598275800,11995.85,10757.066886030872,,1,0,0,513.2161874217758
1598880600,11622.1312,10757.066886030872,,1,0,0,568.9500240345061
1599571800,11087.4004,10757.066886030872,,1,0,0,576.6615437463271
1600090200,10936.9824,10757.066886030872,,1,0,0,587.3289334787324
1600695000,11151.133,10757.066886030872,,1,0,0,583.1792953731087
1601299800,11255.6943,10757.066886030872,,1,0,0,574.0663814178868
1601904600,11725.8505,10757.066886030872,,1,0,0,566.7692041737521
1602509400,11852.1684,10845.840081971639,,1,0,0,560.4928967327697
1603114200,11692.5719,10845.840081971639,,1,0,0,551.3671183947148
1603719000,11052.9458,10845.840081971639,,1,0,0,565.4162170808066
1604327400,12091.3455,10845.840081971639,,1,0,0,607.8817658607489
1604932200,11937.8447,10845.840081971639,,1,0,0,618.4759111564098
1605537000,11906.4412,10845.840081971639,,1,0,0,588.9037889309519
1606141800,12258.2118,10881.13249079424,,1,0,0,581.7807754358839
1606746600,12528.4827,11162.438661714816,,1,0,0,572.2240486190351
1607351400,12375.41,11316.460665543334,,1,0,0,561.7238665748183
1607956200,12738.1813,11516.195393989,,1,0,0,551.4621618194741
1608561000,12711.0092,11575.891569590101,,1,0,0,532.5867002609402
1609165800,12888.2836,11855.82090763109,,1,0,0,509.86798595658735
1609770600,13105.1991,11855.82090763109,,1,0,0,514.5678226739741
1610375400,12803.9325,11930.352782681184,,1,0,0,502.60592105440446
1611066600,13366.397,12151.045229413066,,1,0,0,511.68822669337544
1611585000,12925.3756,12164.109026471759,,1,0,0,526.4439747867058
1612189800,13603.956,12233.099858824584,,1,0,0,540.0971265876555
1612794600,13807.6961,12645.286727942123,,1,0,0,521.8278318313943
1613485800,13580.7757,12672.026715147911,,1,0,0,513.3120438434377
1614004200,12909.4431,12672.026715147911,,1,0,0,535.4080407117636
1614609000,12668.511,,13936.950982730194,1,0,0,575.2528306609235
1615213800,12937.2927,,13932.527589457175,1,0,0,593.4699213280003
1615815000,12866.9892,,13932.527589457175,1,0,0,593.465684090286
1616419800,12979.1174,,13932.527589457175,1,0,0,590.5562566552655
1617024600,13329.515,,13932.527589457175,1,0,0,586.6149954656038
1617629400,13845.055,,13932.527589457175,1,0,0,581.8421672180607
1618234200,14041.9081,12773.515582698934,,1,0,0,561.9067124167707
1618839000,13941.442,12793.22929442904,,1,0,0,544.9953186727157
1619443800,13860.7595,12937.141594986137,,1,0,0,523.0229387675217
1620048600,13719.6283,12937.141594986137,,1,0,0,525.5849717126987
1620653400,13393.1152,12937.141594986137,,1,0,0,541.7895380189344
1621258200,13411.7362,12937.141594986137,,1,0,0,544.4828210175821
1621863000,13686.5118,12937.141594986137,,1,0,0,530.8815909448977
1622554200,13770.7748,12937.141594986137,,1,0,0,515.4558273059764
1623072600,13998.2979,12937.141594986137,,1,0,0,499.2472539269782
1623677400,14049.5848,13086.527269411345,,1,0,0,489.4321143607655
1624282200,14345.1821,13262.07441747021,,1,0,0,487.419541906425
1624887000,14727.6318,13647.974340723189,,1,0,0,480.6719746273947
1625578200,14826.0933,13824.33789665087,,1,0,0,470.58331215400943
1626096600,14681.3772,13960.230151985783,,1,0,0,460.91158271443743
1626701400,15111.7909,13960.230151985783,,1,0,0,475.9012696634062
1627306200,14959.8963,14065.118985608486,,1,0,0,467.2330504017342
1627911000,15109.3572,14150.490597047636,,1,0,0,456.69751823018174
1628515800,15136.6776,14233.689187342872,,1,0,0,439.3053454994544
1629120600,15092.5679,14233.689187342872,,1,0,0,434.2718636780648
1629725400,15432.9508,14484.682461247727,,1,0,0,428.5710877010601
1630330200,15652.859,14797.376705122955,,1,0,0,416.77826000812723
1631021400,15440.7482,14811.183244610656,,1,0,0,406.1494057218324
1631539800,15333.4707,14811.183244610656,,1,0,0,396.5128124559873
1632144600,15329.6782,14811.183244610656,,1,0,0,406.4687615662739
1632749400,14791.8661,,15744.453432428829,1,0,0,432.76100716868285
1633354200,14820.7474,,15584.646029185946,1,0,0,446.51984237091983
1633959000,15146.9214,,15584.646029185946,1,0,0,451.3264893444255
1634563800,15355.0653,,15584.646029185946,1,0,0,449.2940615341094
1635168600,15850.4716,14688.020418673445,,1,0,0,454.23084285310154
1635773400,16359.3768,15167.3557668061,,1,0,0,469.58356122073707
1636381800,16199.8852,15196.98794512549,,1,0,0,471.5165282763987
1636986600,16573.3433,15394.263425612942,,1,0,0,475.6576691137988
1637591400,16025.5826,15394.263425612942,,1,0,0,497.10410703424196
1638196200,15712.0411,15394.263425612942,,1,0,0,526.6865922460819
1638801000,16331.9799,15394.263425612942,,1,0,0,550.1732427999333
1639405800,15801.4606,15394.263425612942,,1,0,0,559.1917611713666
1640010600,16308.2096,15394.263425612942,,1,0,0,580.1071639448403
1640615400,16320.0796,15394.263425612942,,1,0,0,560.0263593773517
1641220200,15592.1874,15394.263425612942,,1,0,0,590.5295051361123
1641825000,15611.594,15394.263425612942,,1,0,0,609.1958119121043
1642516200,14438.3995,,16343.252903168126,1,0,0,649.8930967755254
1643034600,14454.6123,,15633.443297851314,1,0,0,669.3072398629878
1643639400,14694.3508,,15633.443297851314,1,0,0,675.32246558706
1644244200,14253.839,,15633.443297851314,1,0,0,688.75371090227
1644849000,14009.5425,,15633.443297851314,1,0,0,691.631088694965
1645540200,14189.1641,,15185.551469385246,1,0,0,722.7683466453246
1646058600,13837.8291,,15185.551469385246,1,0,0,714.2814075992301
1646663400,13301.8297,,15023.528845702049,1,0,0,716.8114070564279
1647264600,14420.0807,,15023.528845702049,1,1,0,766.1150136952546
1647869400,14754.3092,,15023.528845702049,1,0,0,755.3460627170222
1648474200,14861.2116,,15023.528845702049,1,0,0,741.3574796658064
1649079000,14327.2563,,15023.528845702049,1,0,0,749.4181025468204
1649683800,13893.2146,,15023.528845702049,1,0,0,727.6384380791902
1650288600,13356.8691,,15023.528845702049,1,0,0,742.4079567878194
1650893400,12854.8036,,14717.49703152964,1,0,0,739.8846955886895
1651498200,12693.5347,,14622.124633376674,1,1,0,760.8855101894975
1652103000,12387.3968,,13741.668195039008,1,0,0,778.0663166045334
1652707800,11835.6194,,13710.784360535108,1,0,0,799.6829154184953
1653312600,12681.4209,,13710.784360535108,1,0,0,821.5966857457457
1654003800,12548.0252,,13710.784360535108,1,0,0,795.0442153353354
1654522200,11832.8207,,13710.784360535108,1,0,0,808.1913428113829
1655127000,11265.988,,13064.844780132084,1,1,0,807.2927897534271
1655818200,12105.8483,,13064.844780132084,1,0,0,810.1170904853252
1656336600,11585.676,,13064.844780132084,1,0,0,813.1883340220876
1657027800,12125.6907,,13064.844780132084,1,0,0,813.1926244490812
1657546200,11983.6238,,13064.844780132084,1,0,0,800.6372727027183
1658151000,12396.4672,,13064.844780132084,1,0,0,802.472967509667
1658755800,12947.9749,,13064.844780132084,1,1,0,811.9703626875479
1659360600,13207.6924,11472.629753071153,,1,0,0,790.9514653527231
1659965400,13565.8719,11695.966927764037,,1,0,0,778.7603749703857
1660570200,13242.9014,11960.054554987633,,1,0,0,759.5700481867867
1661175000,12605.166,11960.054554987633,,1,0,0,750.9933518877306
1661779800,12098.4426,11960.054554987633,,1,0,0,739.6498196100355
1662471000,12588.2917,11960.054554987633,,1,0,0,735.5052324950329
1662989400,11861.3762,,13739.882901602614,1,0,0,757.4386373168163
1663594200,11311.2436,,13152.168366442353,1,1,0,767.1117775084723
1664199000,10971.2224,,12755.367059798118,1,0,0,753.7409505435814
1664803800,11039.4693,,12755.367059798118,1,0,0,749.1401969333256
1665408600,10692.058,,12277.045235436475,1,0,0,746.5055257238024
1666013400,11310.3322,,12277.045235436475,1,0,0,741.9206596006736
1666618200,11546.2064,,12277.045235436475,1,0,0,725.7376267720541
1667223000,10857.0273,,12277.045235436475,1,1,0,741.1851177169074
1667831400,11817.0085,,12277.045235436475,1,0,0,763.2233807371283
1668436200,11677.0173,,12277.045235436475,1,0,0,744.8201535416191
1669041000,11756.0337,,12277.045235436475,1,0,0,717.5528782886462
1669645800,11994.2596,,12277.045235436475,1,0,0,713.7988941251715
1670250600,11563.3265,,12277.045235436475,1,0,0,702.9774302590878
1670855400,11243.7212,,12277.045235436475,1,1,0,723.5414495262958
1671460200,10985.4467,,12277.045235436475,1,0,0,707.6999031315603
1672151400,10939.7616,,12139.230016513287,1,0,0,679.5968671935917
1672756200,11040.3542,,12139.230016513287,1,0,0,659.388583822621
1673274600,11541.4818,,12139.230016513287,1,0,0,648.5468564067195
1673965800,11619.0268,,12139.230016513287,1,0,0,633.5314023776681
1674484200,12166.6009,10678.993859665632,,1,0,0,638.1422593506919
1675089000,12573.3607,11100.46955369907,,1,1,0,662.1945122542139
1675693800,12304.917,11210.656488329161,,1,0,0,655.4213899503414
1676298600,12358.1849,11220.937899496246,,1,0,0,641.1444978110313
1676989800,11969.652,11220.937899496246,,1,0,0,628.0160622531005
1677508200,12290.8072,11220.937899496246,,1,0,0,616.7551435207362
1678113000,11830.2818,11220.937899496246,,1,0,0,621.059590412112
1678714200,12519.8754,11220.937899496246,,1,0,0,646.6217910969614
1679319000,12767.0475,11421.502102490038,,1,1,0,638.7060203043212
1679923800,13181.3505,11590.367332241034,,1,0,0,641.0099331397269
1680528600,13062.5964,11816.756319016931,,1,0,0,620.7985164868893
1681133400,13079.516,11841.534072115239,,1,0,0,599.2397653092545
1681738200,13000.7679,11952.465194903714,,1,0,0,577.6184892157363
1682343000,13245.9865,11952.465194903714,,1,0,0,573.727489986041
1682947800,13259.1323,12062.77421937201,,1,1,0,557.9365264156095
1683552600,13340.1755,12316.574687434808,,1,0,0,534.8221245287803
1684157400,13803.4889,12576.513813691327,,1,0,0,537.8044370624388
1684762200,14298.4087,12854.832247322194,,1,0,0,557.1447629865503
1685453400,14546.6405,13366.717422589974,,1,0,0,544.4668799160823
1685971800,14528.3605,13465.234930330977,,1,0,0,533.3597670649336
1686576600,15083.9177,13864.926812297881,,1,0,0,549.2833622745812
1687267800,14891.4824,13937.923996068092,,1,0,0,533.7963506835397
1687786200,15179.2084,13937.923996068092,,1,0,0,533.2915756347154
1688391000,15036.852,14137.301046815155,,1,0,0,517.0591273750929
1688995800,15565.5972,14276.885997133639,,1,0,0,536.9420039911577
1689600600,15425.674,14626.097457420276,,1,0,0,535.8379108489322
1690205400,15750.9277,14626.097457420276,,1,1,0,527.6249743597227
1690810200,15274.915,14626.097457420276,,1,0,0,528.8564904768853
1691415000,15028.0715,14626.097457420276,,1,0,0,522.3087840142506
1692019800,14694.8371,14626.097457420276,,1,0,0,531.3177065846612
1692624600,14941.827,14626.097457420276,,1,0,0,535.109748971471
1693229400,15490.8636,14626.097457420276,,1,0,0,545.2466740449374
1693920600,15280.2302,14626.097457420276,,1,0,0,536.1662758988705
1694439000,15202.3982,14626.097457420276,,1,0,0,522.0906776203798
1695043800,14701.0966,14626.097457420276,,1,0,0,526.378372076067
1695648600,14715.2441,14626.097457420276,,1,0,0,522.2981740706336
1696253400,14973.2414,14626.097457420276,,1,0,0,521.9368402084455
1696858200,14995.1154,14626.097457420276,,1,0,0,521.6312230506993
1697463000,14560.8768,,15938.004303147234,1,0,0,531.3271571185065
1698067800,14180.4208,,15510.88826783251,1,0,0,544.5058601814703
1698672600,15099.4915,,15510.88826783251,1,0,0,574.8525915970796
1699281000,15529.1195,14144.850936055667,,1,0,0,567.3842636258597
1699885800,15837.9932,14515.0002424501,,1,0,0,562.565380509727
1700490600,15982.0133,14900.10665320509,,1,0,0,542.4764747590322
1701095400,15997.5789,14954.15313788458,,1,0,0,528.0741408476728
1701700200,16084.6887,14954.15313788458,,1,0,0,519.3026165014105
1702305000,16623.447,15327.326188686511,,1,0,0,525.630993894167
1702909800,16777.4034,15709.999574817863,,1,0,0,510.1296729017264
1703601000,16825.9307,15924.537302336073,,1,0,0,488.783653408746
1704205800,16305.9791,15924.537302336073,,1,0,0,495.066371022407
1704724200,16832.918,15924.537302336073,,1,0,0,502.16091594937785
1705415400,17314.0048,15924.537302336073,,1,0,0,520.2723933815652
1705933800,17421.0092,16467.3089310127,,1,0,0,510.198715282882
1706538600,17642.7316,16467.3089310127,,1,0,0,513.2954499055332
1707143400,17962.4051,16708.71424562029,,1,0,0,513.6515177694238
1707748200,17685.9804,16729.160381058253,,1,0,0,517.1922307858938
1708439400,17937.6097,16729.160381058253,,1,0,0,535.4060785869013
1708957800,18302.9098,17014.379418157187,,1,0,0,532.3699872592655
1709562600,18018.4524,17022.98074634147,,1,0,0,538.074381026461
1710163800,17808.2499,17022.98074634147,,1,0,0,532.7391680959996
1710768600,18339.4425,17041.246581036587,,1,0,0,541.5759203748569
1711373400,18254.6888,17245.24098293293,,1,0,0,517.9273546337956
1711978200,18108.4563,17245.24098293293,,1,0,0,517.7780078742388
1712583000,18003.4867,17245.24098293293,,1,0,0,509.70356445465046
1713187800,17037.6457,,18704.623164241893,1,0,0,557.4489455650327
1713792600,17718.2987,,18571.470462817706,1,0,0,572.0969923103875
1714397400,17890.7953,,18571.470462817706,1,0,0,577.1337857167885
1715002200,18161.1799,,18571.470462817706,1,0,0,561.3966081655891
1715607000,18546.2298,,18571.470462817706,1,0,0,558.5772075823327
1716211800,18808.3467,17636.817595725304,,1,0,0,544.4869498978802
1716903000,18536.6508,17636.817595725304,,1,0,0,554.5533606194602
1717421400,19000.9507,17636.817595725304,,1,0,0,566.464606289499
1718026200,19659.8001,18121.022355683745,,1,0,0,577.7092058402493
1718631000,19700.4312,18667.11334011537,,1,0,0,561.8880554230888
1719235800,19682.8709,18667.11334011537,,1,0,0,560.6950086071537
1719840600,20391.9661,18809.12697599345,,1,0,0,579.8924722780711
1720445400,20331.4936,19257.968343394103,,1,0,0,576.0403171153519
1721050200,19522.6197,19257.968343394103,,1,0,0,613.879473035684
1721655000,19023.6562,,20696.484214350774,1,0,0,654.5230606759923
1722259800,18440.845,,20401.3317879157,1,0,0,698.8767277705641
1722864600,18513.1037,,19578.041669124126,1,0,0,729.8315115012381
1723469400,19508.5239,,19578.041669124126,1,0,0,758.2456178225783
1724074200,19720.8675,18113.273621509456,,1,0,0,739.3557022638228
1724679000,19574.6395,18113.273621509456,,1,0,0,722.6458235306925
1725370200,18421.3121,18113.273621509456,,1,0,0,754.8619718499288
1725888600,19514.5847,18113.273621509456,,1,0,0,782.0497667177909
1726493400,19791.4885,18113.273621509456,,1,0,1,773.1612119522345
1727098200,20008.6241,18427.774559787118,,1,0,0,756.0520110985036
1727703000,20035.0169,18427.774559787118,,1,0,0,734.2004745914676
1728307800,20271.9739,18568.62416342757,,1,0,0,721.1286049777913
1728912600,20324.0416,18850.870432084812,,1,0,0,702.2743474793778
1729517400,20352.0153,18850.870432084812,,1,0,0,696.2474440879938
1730122200,20033.1418,18850.870432084812,,1,0,0,697.9326837959942
1730730600,21117.1791,19014.692878389826,,1,0,0,737.8257563819944
1731335400,20394.1333,19214.280655550843,,1,0,1,747.0486666404234
1731940200,20776.2296,19214.280655550843,,1,0,0,723.7450690232502
1732545000,20930.3662,19411.836490496185,,1,0,0,699.4107283787324
1733149800,21622.2542,19904.240706446562,,1,0,0,699.1633334945371
1733754600,21780.2543,20229.99914580191,,1,0,0,690.1849882449272
1734359400,21289.1544,20229.99914580191,,1,0,1,727.992974798861
1734964200,21473.0147,20229.99914580191,,1,0,0,719.8097051703711
1735569000,21326.1572,20229.99914580191,,1,0,0,716.4314905153445
1736173800,20847.5817,20229.99914580191,,1,0,0,735.5941554785342
1736778600,21441.1549,20229.99914580191,,1,0,0,752.8686872300675
1737469800,21774.0111,20229.99914580191,,1,0,0,739.551059570777
1737988200,21478.0478,20229.99914580191,,1,0,0,748.948176744293
1738593000,21491.3085,20229.99914580191,,1,0,0,757.235328405415
1739197800,22114.6886,20269.893914825698,,1,0,0,752.0928692335993
1739889000,21614.0795,20410.565238343126,,1,0,0,743.047242859771
1740407400,20884.4081,20410.565238343126,,1,0,0,784.2674255126445
1741012200,20201.3725,,22124.774637442068,1,0,0,823.7481165474557
1741613400,19704.6356,,21267.10993869786,1,0,0,839.8235153654945
1742218200,19753.9656,,21267.10993869786,1,0,0,818.8883428393877
1742823000,19281.3996,,21267.10993869786,1,0,0,835.443175493717
1743427800,17397.695,,20570.235130810743,1,0,0,941.4475343870229
1744032600,18690.0544,,20246.85685772967,1,0,0,1066.474081930807
1744637400,18258.0921,,20246.85685772967,1,0,0,1070.2399617928922
1745242200,19432.5591,,20246.85685772967,1,0,0,1126.2685073791142
1745847000,20102.6141,,20246.85685772967,1,0,0,1129.0076139948917
1746451800,20061.449,,20246.85685772967,1,0,0,1094.4133272809706
1747056600,21427.9358,18637.293154103212,,1,0,0,1114.9861039037585
1747661400,20915.6549,18837.31841869289,,1,0,0,1085.7021464820616
1748352600,21340.9925,19119.0295918236,,1,0,0,1057.8577860190571
1748871000,21761.7891,19424.40974264124,,1,0,0,1031.7619084462674
1749475800,21631.0384,19817.229273377117,,1,0,0,990.2591864143911
1750080600,21626.3876,19881.576226039408,,1,0,0,950.0237016705061
1750685400,22534.2026,20157.350363435464,,1,0,0,958.657644408327
1751290200,22866.9707,20821.091472091917,,1,0,0,926.4619340934466
1751895000,22780.5973,21046.967469882726,,1,0,0,883.7044459439148
1752499800,23065.4739,21280.530707894453,,1,0,0,855.1429212336351
1753104600,23272.2458,21597.899372105006,,1,0,0,820.6646768598041
1753709400,22763.3133,21597.899372105006,,1,0,0,827.4381285126752
1754314200,23611.2665,21711.284476905053,,1,0,0,829.4731836189127
1754919000,23712.07,22203.13715921455,,1,0,0,804.8695347889906
1755523800,23498.1151,22203.13715921455,,1,0,0,802.6500965897769
1756128600,23415.4198,22203.13715921455,,1,0,0,772.9801968333642
1756819800,23652.4429,22203.13715921455,,1,0,0,780.7935470595523
1757338200,24092.1933,22486.570673085662,,1,0,0,759.6380722695843
1757943000,24626.2466,22904.5378507771,,1,0,1,751.2482313931854
1758547800,24503.8476,23090.31065069939,,1,0,0,740.1132362936723
1759152600,24785.5219,23386.451720629455,,1,0,0,719.7062622726959
1759757400,24221.7452,23386.451720629455,,1,0,0,738.8790292532176
1760362200,24817.9535,23386.451720629455,,1,0,0,741.5704771637019
1760967000,25358.1621,23601.52084553887,,1,0,0,743.3533573662946
1761571800,25858.126,24463.988270984984,,1,0,1,749.1096246972736
1762180200,25059.8081,24463.988270984984,,1,0,0,804.8222657903256
1762785000,25008.2416,24463.988270984984,,1,0,0,827.9257182338737
1763389800,24239.5734,,26323.95326470195,1,0,0,866.567866931454
1763994600,25434.8892,,26323.95326470195,1,0,0,890.1129621506358
1764599400,25692.051,,26323.95326470195,1,0,0,874.2796648541619
1765204200,25196.7338,,26323.95326470195,1,0,1,863.9986459360076
1765809000,25346.1769,,26323.95326470195,1,0,0,854.4286069405783
1766413800,25644.3901,,26323.95326470195,1,0,0,819.8648207305372
1767018600,25206.1678,,26323.95326470195,1,0,0,801.162147821213
1767623400,25766.2578,,26323.95326470195,1,0,0,787.2937444054121
1768228200,25529.2636,,26323.95326470195,1,0,0,774.4138340907397
1768919400,25605.4663,,26323.95326470195,1,0,0,773.0673102271154
1769437800,25552.3867,,26323.95326470195,1,0,0,771.1722594966071
1770042600,25075.7723,,26323.95326470195,1,0,0,814.9919195325639
1770647400,24732.7318,,26323.95326470195,1,0,0,818.7694038516665
1771338600,25012.6186,,26323.95326470195,1,0,0,809.5780107194047
1771857000,24960.0353,,26323.95326470195,1,0,0,803.5898670965902
1772461800,24643.0149,,26323.95326470195,1,0,0,807.8710480182623
1773063000,24380.7341,,26323.95326470195,1,0,0,814.4480374455292
1773667800,23898.1546,,26017.109453376866,1,0,0,836.6100704851341
1774272600,23132.7712,,25577.613653039178,1,0,0,875.1495583076247
1774877400,24045.5324,,25386.787682735263,1,0,0,907.0149541427944
1775482200,25116.3376,,25386.787682735263,1,0,0,945.5287859897378
1776087000,26672.4332,23728.34847548444,,1,0,0,1000.8740227047566
1776691800,27303.6666,24760.047762935996,,1,0,0,994.3056782258454
1777296600,27710.3572,25260.713906642395,,1,0,0,988.2503440668568
1777901400,29234.9933,26158.883465978153,,1,0,0,1041.296790919224
1778506200,29125.1999,26954.12283938034,,1,0,0,1041.936405853565
1779111000,29481.6417,26954.12283938034,,1,0,0,1045.850084006882
1779802200,30333.1797,27934.758600898072,,1,0,0,1041.7459351492475
1780320600,28957.5991,27934.758600898072,,1,0,0,1098.21517549573
1780925400,29635.9479,27934.758600898072,,1,0,0,1134.6567629603207
1781530200,30406.1938,27934.758600898072,,1,0,0,1123.7686798917264
1782135000,29118.2384,27934.758600898072,,1,0,0,1168.6305456137459
1782739800,29329.2129,27934.758600898072,,1,0,0,1180.676242355621
1783344600,29825.1099,27934.758600898072,,1,0,0,1170.7972750445053
1783949400,28592.6588,27934.758600898072,,1,0,0,1201.0109553984692
1784554200,28128.342,27934.758600898072,,1,0,0,1196.5969514414355
1785159000,28274.1951,27934.758600898072,,1,0,0,1213.3219477670475
1785763800,29722.303,27934.758600898072,,1,0,0,1251.6601943551157
1786368600,30046.1412,27934.758600898072,,1,0,0,1215.9854947583215
1786973400,29308.859,27934.758600898072,,1,0,0,1206.1044951327272
1787578200,29090.715,27934.758600898072,,1,0,0,1150.8751883375323