time,close,Up Trend,Down Trend,Macro Score Heatmap,Rate Hike,Rate Cut,ATR
1279027800,1095.34,1051.141657943351,,1,0,0,20.227031876198176
1279114200,1095.17,1056.0779921490162,,1,0,0,19.596529599326868
1279200600,1096.48,1056.0779921490162,,1,0,0,19.491777485089244
1279287000,1064.88,1056.0779921490162,,1,0,0,20.46807909329716
1279546200,1071.25,1056.0779921490162,,1,0,0,19.97678772949023
1279632600,1083.48,1056.0779921490162,,1,0,0,20.48273146309807
1279719000,1069.59,1056.0779921490162,,1,0,0,20.713250644305354
1279805400,1093.67,1056.0779921490162,,1,0,0,21.22730416971212
1279891800,1102.66,1056.0779921490162,,1,0,0,20.843211014732677
1280151000,1115.01,1068.1097844615888,,1,0,0,20.333695942251776
1280237400,1113.84,1077.0903060154299,,1,0,0,19.67914623209094
1280323800,1106.13,1077.0903060154299,,1,0,0,19.09849292979874
1280410200,1101.53,1077.0903060154299,,1,0,0,19.382886291955987
1280496600,1101.6,1077.0903060154299,,1,0,0,19.314822985387707
1280755800,1125.86,1078.4226232767235,,1,0,0,19.77090705786002
1280842200,1120.46,1084.1868609490512,,1,0,0,19.008699410870012
1280928600,1127.24,1089.0251748541461,,1,0,0,18.314506595807867
1281015000,1125.81,1089.4271573687313,,1,0,0,17.60847041039302
1281101400,1121.64,1089.4271573687313,,1,0,0,17.68215109536494
1281360600,1127.79,1093.1149474686724,,1,0,0,17.014140302838868
1281447000,1121.06,1093.1149474686724,,1,0,0,16.95670170977895
1281533400,1089.47,,1138.0274425503753,1,0,0,18.067651587651884
1281619800,1083.61,,1116.0376982953376,1,0,0,17.68996218853389
1281706200,1079.25,,1114.974428465804,1,0,0,16.94425060363861
1281965400,1079.38,,1107.7954856192234,1,0,0,16.671804131950132
1282051800,1092.54,,1107.7954856192234,1,0,0,16.963818122525122
1282138200,1094.16,,1107.7954856192234,1,0,0,16.75283111377333
1282224600,1075.63,,1107.7954856192234,1,0,0,17.234771748503807
1282311000,1071.69,,1102.4653606147726,1,0,0,16.840859480753537
1282570200,1067.36,,1102.4653606147726,1,0,0,16.673655232128283
1282656600,1051.87,,1088.1692420979657,1,0,0,16.95982271554768
1282743000,1055.33,,1083.4213178881691,1,0,0,17.14483537872286
1282829400,1047.22,,1083.4213178881691,1,0,0,17.066632851671223
1282915800,1064.59,,1083.4213178881691,1,0,0,17.669730505123276
1283175000,1048.92,,1083.4213178881691,1,0,0,17.536178326185897
1283261400,1049.33,,1082.365596166428,1,0,0,17.30216558860119
1283347800,1080.29,,1082.365596166428,1,0,0,18.34986804655825
1283434200,1090.1,1049.7003671051934,,1,0,0,17.739877471804085
1283520600,1104.51,1064.364830394674,,1,0,0,17.544171938103794
1283866200,1091.84,1064.364830394674,,1,0,0,17.245302513953515
1283952600,1098.87,1064.779162619686,,1,0,0,16.829209477242554
1284039000,1104.18,1073.7022463577175,,1,0,0,16.441408800296664
1284125400,1109.55,1077.2010217219458,,1,0,0,15.764165314561192
1284384600,1121.9,1088.581919549751,,1,0,0,15.661010649235388
1284471000,1121.1,1092.075227594776,,1,0,0,15.38379560286143
1284557400,1125.07,1092.075227594776,,1,0,0,15.129953059799893
1284643800,1124.66,1094.9088343517687,,1,0,0,14.517813555528468
1284730200,1125.59,1100.6159509165918,,1,0,0,14.126541158705004
1284989400,1142.71,1108.1603558249326,,1,0,0,14.493931075940361
1285075800,1139.78,1115.1318202424393,,1,0,0,14.342221713373187
1285162200,1134.28,1115.1318202424393,,1,0,0,14.23206301956083
1285248600,1124.83,1115.1318202424393,,1,0,0,14.214058518163629
1285335000,1148.67,1115.1318202424393,,1,0,0,14.91805433829481
1285594200,1142.16,1118.0184667610645,,1,0,0,14.418193314130901
1285680600,1147.7,1118.0184667610645,,1,0,0,14.667608077407271
1285767000,1144.73,1118.0184667610645,,1,0,0,14.217778929021046
1285853400,1141.2,1118.0184667610645,,1,0,0,14.707937576948126
1285939800,1146.24,1118.0184667610645,,1,0,0,14.434513464308965
1286199000,1137.03,1118.0184667610645,,1,0,0,14.567048216858339
1286285400,1160.75,1120.7430530539668,,1,0,0,15.364401915654172
1286371800,1159.97,1129.21474774857,,1,0,0,14.801230350250304
1286458200,1158.06,1129.21474774857,,1,0,0,14.633999610946697
1286544600,1165.15,1133.1882456763417,,1,0,0,14.456571067307653
1286803800,1165.32,1138.3979211087076,,1,0,0,13.899673133928541
1286890200,1169.77,1138.3979211087076,,1,0,0,14.111839338647924
1286976600,1178.1,1150.060216098053,,1,0,0,14.147422243030224
1287063000,1173.81,1150.060216098053,,1,0,0,14.006892082813783
1287149400,1176.19,1150.060216098053,,1,0,0,14.012114076898524
1287408600,1184.71,1153.0776875354807,,1,0,0,13.795534499977203
1287495000,1165.9,1153.0776875354807,,1,0,0,14.595853464264547
1287581400,1178.17,1153.0776875354807,,1,0,0,14.77043535967422
1287667800,1180.26,1153.0776875354807,,1,0,0,15.019689976840345
1287754200,1183.08,1153.089746792029,,1,0,0,14.299712121351751
1288013400,1185.62,1162.294772112826,,1,0,0,14.211161255540924
1288099800,1185.64,1162.294772112826,,1,0,0,13.86679259443085
1288186200,1182.45,1162.294772112826,,1,0,0,13.87202169482865
1288272600,1183.78,1162.294772112826,,1,0,0,13.769020145198038
1288359000,1183.26,1162.294772112826,,1,0,0,13.196947277683892
1288618200,1184.38,1162.294772112826,,1,0,0,13.551451043563603
1288704600,1193.57,1165.6601109264122,,1,0,0,13.4049188261662
1288791000,1197.96,1165.6601109264122,,1,0,0,13.50028176715433
1288877400,1221.06,1181.253789850394,,1,0,0,14.199547355214733
1288963800,1225.85,1196.6399108653545,,1,0,0,13.670293972699394
1289226600,1223.25,1196.6399108653545,,1,0,0,13.286701546078005
1289313000,1213.4,1196.6399108653545,,1,0,0,13.61622286421528
1289399400,1218.71,1196.6399108653545,,1,0,0,13.673635516771336
1289485800,1213.54,1196.6399108653545,,1,0,0,13.71266155128767
1289572200,1199.21,1196.6399108653545,,1,0,0,14.123185726195697
1289831400,1197.75,1196.6399108653545,,1,0,0,13.848672460038859
1289917800,1178.34,,1213.7451169533244,1,0,0,14.627338712893225
1290004200,1178.59,,1208.1031052579922,1,0,0,14.135385947686567
1290090600,1196.69,,1208.1031052579922,1,0,0,14.675715522851815
1290177000,1199.73,,1208.1031052579922,1,0,0,14.379592985505255
1290436200,1197.84,,1208.1031052579922,1,0,0,14.434622057969174
1290522600,1180.73,,1208.1031052579922,1,0,0,14.898577625257078
1290609000,1198.35,,1208.1031052579922,1,0,0,15.11225065202442
1290781800,1189.4,,1208.1031052579922,1,0,0,14.848518462594091
1291041000,1187.76,,1208.1031052579922,1,0,0,15.253624286694512
1291127400,1180.55,,1208.1031052579922,1,0,0,15.136936837644896
1291213800,1206.07,,1208.1031052579922,1,0,0,15.988584206384543
1291300200,1221.53,1181.3367806607262,,1,0,0,15.976542477357087
1291386600,1224.71,1189.7331025946535,,1,0,0,15.46036087183158
1291645800,1223.12,1193.8932923351883,,1,0,0,14.722477952415032
1291732200,1223.75,1200.3564631016695,,1,0,0,14.523015241528247
1291818600,1228.28,1200.3564631016695,,1,0,0,14.159228438561948
1291905000,1233,1204.187835112352,,1,0,0,13.709283550093247
1291991400,1240.4,1210.993051601117,,1,0,0,13.28862043937231
1292250600,1240.46,1219.309746441005,,1,0,0,12.79586183656001
1292337000,1241.59,1219.309746441005,,1,0,0,12.48330027680571
1292423400,1235.23,1219.309746441005,,1,0,0,12.32306454274816
1292509800,1242.87,1219.309746441005,,1,0,0,12.221417075409011
1292596200,1243.91,1220.9092951399434,,1,0,0,11.772744427165515
1292855400,1247.08,1224.3793656259493,,1,0,0,11.552548396653696
1292941800,1254.6,1231.5489290633543,,1,0,0,11.351652082607004
1293028200,1258.84,1237.2385361570186,,1,0,0,10.88296264813509
1293114600,1256.77,1237.4281825413168,,1,0,0,10.447751030411153
1293460200,1257.54,1237.4281825413168,,1,0,0,10.197911671096074
1293546600,1258.51,1240.7706278584667,,1,0,0,9.732346551732075
1293633000,1259.78,1244.3115650726202,,1,0,0,9.32932179803692
1293719400,1257.88,1244.3115650726202,,1,0,0,9.003655955319996
1293805800,1257.64,1244.3115650726202,,1,0,0,8.728394815654273
1294065000,1271.89,1249.54538093794,,1,0,0,9.429938043107553
1294151400,1270.2,1250.483342844146,,1,0,0,9.574942468599858
1294237800,1276.56,1252.9250085597312,,1,0,0,9.767446577985597
1294324200,1273.85,1256.0390077037584,,1,0,0,9.622628965272341
1294410600,1271.5,1256.0390077037584,,1,0,0,10.016012610610021
1294669800,1269.75,1256.0390077037584,,1,0,0,9.967725995566441
1294756200,1274.48,1256.0390077037584,,1,0,0,9.800745567311704
1294842600,1285.96,1261.708528954436,,1,0,0,9.985692312503716
1294929000,1283.76,1264.7426760589922,,1,0,0,9.717428575896308
1295015400,1293.24,1267.881908453093,,1,0,0,9.880469391903716
1295361000,1295.02,1274.507717607784,,1,0,0,9.59615014962487
1295447400,1281.92,1274.507717607784,,1,0,0,10.060710853223087
1295533800,1280.26,1274.507717607784,,1,0,0,10.20566007799286
1295620200,1283.35,1274.507717607784,,1,0,0,10.258827215279087
1295879400,1290.84,1274.507717607784,,1,0,0,10.201768128473441
1295965800,1291.18,1274.507717607784,,1,0,0,10.2009275478682
1296052200,1296.63,1275.8059268431982,,1,0,0,10.083718437306183
1296138600,1299.54,1278.4298341588783,,1,0,0,9.85488140607002
1296225000,1276.34,,1311.8771492570095,1,0,0,11.120247019922173
1296484200,1286.12,,1304.6939343313086,1,0,0,11.099515089927744
1296570600,1307.59,1273.8789591018224,,1,0,0,11.930978297790048
1296657000,1304.03,1281.5080631916398,,1,0,0,11.435194133662188
1296743400,1307.1,1281.5080631916398,,1,0,0,11.601965981257745
1296829800,1310.87,1282.8687811852285,,1,0,0,11.439682696882187
1297089000,1319.05,1293.8344030667056,,1,0,0,11.478276789962033
1297175400,1324.57,1297.5179627600348,,1,0,0,11.28982844782188
1297261800,1320.88,1297.5179627600348,,1,0,0,11.174840701548877
1297348200,1321.87,1297.5179627600348,,1,0,0,11.165209222866812
1297434600,1329.15,1300.2201848520656,,1,0,0,11.418408564090614
1297693800,1332.32,1307.8246663668592,,1,0,0,11.035665095226994
1297780200,1328.01,1307.8246663668592,,1,0,0,10.798117588425068
1297866600,1336.32,1312.3468797571559,,1,0,0,10.712537760680414
1297953000,1340.43,1315.0581917814402,,1,0,0,10.697356492060385
1298039400,1343.01,1320.832372603296,,1,0,0,10.35825959977036
1298385000,1315.44,,1349.9923646570332,1,0,0,11.809812485501054
1298471400,1307.4,,1334.33712819133,1,0,0,12.277683022250987
1298557800,1306.1,,1328.961415372197,1,0,0,12.589991377804495
1298644200,1319.88,,1328.961415372197,1,0,0,12.727134850818459
1298903400,1327.22,,1328.961415372197,1,0,0,12.49662521861714
1298989800,1306.33,,1328.961415372197,1,0,0,13.457580560144475
1299076200,1308.44,,1328.961415372197,1,0,0,13.325610520134164
1299162600,1330.97,1292.399188286871,,1,0,0,14.076638340124575
1299249000,1321.15,1292.399188286871,,1,0,0,14.391878458687106
1299508200,1310.13,1292.399188286871,,1,0,0,15.056029997352317
1299594600,1321.82,1292.399188286871,,1,0,0,15.329170711827159
1299681000,1320.02,1292.399188286871,,1,0,0,15.015658518125223
1299767400,1295.11,1292.399188286871,,1,0,0,15.786682909687702
1299853800,1304.28,1292.399188286871,,1,0,0,15.827634130424288
1300109400,1296.39,1292.399188286871,,1,0,0,15.976374549679702
1300195800,1281.87,,1312.3152451093358,1,0,0,17.354490653274024
1300282200,1256.88,,1305.3167205984023,1,0,0,18.45916989232588
1300368600,1273.72,,1305.3167205984023,1,0,0,18.712086328588317
1300455000,1279.2,,1305.3167205984023,1,0,0,18.4583658765463
1300714200,1298.38,,1305.3167205984023,1,0,0,18.667054028221553
1300800600,1293.77,,1305.3167205984023,1,0,0,17.66940731192002
1300887000,1297.54,,1305.3167205984023,1,0,0,17.583021075354306
1300973400,1309.66,1268.9145576684646,,1,0,0,17.312805284257568
1301059800,1313.8,1280.698101901618,,1,0,0,16.756176335382026
1301319000,1310.19,1282.4847917114564,,1,0,0,16.241449454283305
1301405400,1319.44,1282.4847917114564,,1,0,0,16.09491735040593
1301491800,1328.26,1295.4918312862796,,1,0,0,15.82385182537693
1301578200,1325.83,1298.2611481576516,,1,0,0,15.032148123564294
1301664600,1332.41,1304.7410333418864,,1,0,0,14.816994686166842
1301923800,1332.87,1305.625930007698,,1,0,0,14.304352208583504
1302010200,1332.63,1307.919337006928,,1,0,0,13.866898479398973
1302096600,1335.54,1309.9964033062354,,1,0,0,13.468548588013347
1302183000,1333.51,1309.9964033062354,,1,0,0,13.380795117440966
1302269400,1328.17,1309.9964033062354,,1,0,0,13.605024037623753
1302528600,1324.46,1309.9964033062354,,1,0,0,13.541093749222059
1302615000,1314.16,1309.9964033062354,,1,0,0,13.641729909991914
1302701400,1314.41,1309.9964033062354,,1,0,0,13.535892059278195
1302787800,1314.52,1309.9964033062354,,1,0,0,13.595471197901174
1302874200,1319.68,1309.9964033062354,,1,0,0,13.281508969479665
1303133400,1305.14,,1332.0317727582803,1,0,0,14.11711547165969
1303219800,1312.62,,1332.0317727582803,1,0,0,13.732321509398284
1303306200,1330.36,,1332.0317727582803,1,0,0,14.182869973012705
1303392600,1337.38,1308.2956026592135,,1,0,0,13.679093546368948
1303738200,1335.25,1309.1160423932924,,1,0,0,13.136301150199731
1303824600,1347.24,1317.435438153963,,1,0,0,13.219422496614033
1303911000,1355.66,1325.0788943385667,,1,0,0,13.22089231828446
1303997400,1360.48,1332.82100490471,,1,0,0,12.85582858126415
1304083800,1363.61,1338.8304044142392,,1,0,0,12.185412254030982
1304343000,1361.22,1341.4468639728152,,1,0,0,12.171454235885914
1304429400,1356.62,1341.4468639728152,,1,0,0,12.137778933322638
1304515800,1347.32,1341.4468639728152,,1,0,0,12.350794723799584
1304602200,1335.1,,1363.8357011638177,1,0,0,12.813595100671037
1304688600,1340.2,,1363.8357011638177,1,0,0,13.274052593480247
1304947800,1346.29,,1363.8357011638177,1,0,0,13.097334551088798
1305034200,1357.16,,1363.8357011638177,1,0,0,13.101096368868175
1305120600,1342.08,,1363.8357011638177,1,0,0,13.651018056806176
1305207000,1348.65,,1363.8357011638177,1,0,0,14.034516767034305
1305293400,1337.77,,1363.8357011638177,1,0,0,14.254194140817576
1305552600,1329.47,,1363.8357011638177,1,0,0,14.37960884504489
1305639000,1328.98,,1353.4160117993326,1,0,0,14.203208213255975
1305725400,1340.68,,1353.4160117993326,1,0,0,14.276550483737692
1305811800,1343.6,,1353.4160117993326,1,0,0,13.888939734899296
1305898200,1333.27,,1353.4160117993326,1,0,0,13.820444039549333
1306157400,1317.37,,1352.029392841542,1,0,0,14.289698036724372
1306243800,1316.28,,1346.913953557388,1,0,0,13.972576748386928
1306330200,1320.47,,1346.913953557388,1,0,0,13.978821266359287
1306416600,1325.69,,1346.913953557388,1,0,0,13.98747689019076
1306503000,1331.1,,1346.913953557388,1,0,0,13.626228540891407
1306848600,1345.2,,1346.913953557388,1,0,0,13.660069359399174
1306935000,1314.55,,1346.913953557388,1,0,0,14.933635833727806
1307021400,1312.94,,1342.0126186774917,1,0,0,14.754090417032968
1307107800,1300.16,,1335.6013568097426,1,0,0,14.77451253010204
1307367000,1286.17,,1322.7612211287683,1,0,0,14.82919020652332
1307453400,1284.94,,1320.0200990158914,1,0,0,14.589962334628797
1307539800,1279.56,,1310.7400891143022,1,0,0,14.234965025012446
1307626200,1289,,1310.7400891143022,1,0,0,14.288181808940129
1307712600,1270.98,,1308.373572182585,1,0,0,14.747597394015836
1307971800,1271.83,,1300.5602149643264,1,0,0,14.508483294443266
1308058200,1287.87,,1300.5602149643264,1,0,0,14.948591630554466
1308144600,1265.42,,1300.5602149643264,1,0,0,15.735835085514847
1308231000,1267.64,,1298.6226767089938,1,0,0,15.757561150835212
1308317400,1271.5,,1298.6226767089938,1,0,0,15.519163925775542
1308576600,1278.36,,1298.6226767089938,1,0,0,15.329223645363014
1308663000,1295.52,,1298.6226767089938,1,0,0,15.60999338497994
1308749400,1287.14,,1298.6226767089938,1,0,0,15.339279571767083
1308835800,1283.5,,1298.6226767089938,1,0,0,15.977188173783734
1308922200,1268.45,,1298.6226767089938,1,0,0,16.02810330422776
1309181400,1280.1,,1298.6226767089938,1,0,0,16.124667353925783
1309267800,1296.67,,1298.6226767089938,1,0,0,16.165762542931088
1309354200,1307.41,1270.7360138124825,,1,0,0,15.906779504150293
1309440600,1320.64,1282.8284124312345,,1,0,0,15.810580968139552
1309527000,1339.67,1296.250071188111,,1,0,0,16.311968041843866
1309872600,1337.88,1306.2665640692999,,1,0,0,15.617541753140742
1309959000,1339.22,1306.2665640692999,,1,0,0,15.217717342202118
1310045400,1353.22,1317.4183668961327,,1,0,0,15.363594674901965
1310131800,1343.8,1317.4183668961327,,1,0,0,15.659766483837538
1310391000,1319.49,1317.4183668961327,,1,0,0,16.496926020706276
1310477400,1313.64,,1353.437480532719,1,0,0,16.30714559065584
1310563800,1317.72,,1353.437480532719,1,0,0,16.416635191323273
1310650200,1308.87,,1350.8620592315026,1,0,0,16.69901839194305
1310736600,1316.14,,1345.3963533083524,1,0,0,16.233374221089978
1310995800,1305.44,,1339.481717977517,1,0,0,16.51813320529784
1311082200,1326.73,,1339.481717977517,1,0,0,16.95969511920514
1311168600,1325.84,,1339.481717977517,1,0,0,16.232574039261912
1311255000,1343.8,1302.6979975943902,,1,0,0,16.598104465028914
1311341400,1345.02,1309.4306978349512,,1,0,0,16.066097003241126
1311600600,1337.43,1309.4306978349512,,1,0,0,15.913518645866763
1311687000,1331.94,1309.4306978349512,,1,0,0,15.413981599733429
1311773400,1304.89,,1350.6490062783207,1,0,0,16.345125771181042
1311859800,1300.67,,1340.8261056504887,1,0,0,16.403331073239528
1311946200,1292.28,,1327.5474950854398,1,0,0,16.753093139436718
1312205400,1286.94,,1327.5474950854398,1,0,0,17.88858648661982
1312291800,1254.05,,1310.3243710192064,1,0,0,18.96154459471841
1312378200,1260.34,,1289.2344339172857,1,0,0,19.51000569509568
1312464600,1200.07,,1279.2639905255571,1,0,0,22.459291002588845
1312551000,1199.38,,1247.5450914730013,1,0,0,24.427913073832496
1312810200,1119.46,,1223.9005823257014,1,0,0,28.404490711415896
1312896600,1172.53,,1209.9965240931313,1,0,0,31.47131280345763
1312983000,1120.76,,1209.9965240931313,1,0,0,33.11764760321065
1313069400,1172.64,,1209.9965240931313,1,0,0,35.43281563155274
1313155800,1178.81,,1209.9965240931313,1,0,0,34.20904308644183
1313415000,1204.49,,1209.9965240931313,1,0,0,33.59982572312456
1313501400,1192.76,,1209.9965240931313,1,0,0,32.91126674290138
1313587800,1193.89,,1209.9965240931313,1,0,0,32.282604832694155
1313674200,1140.65,,1209.9965240931313,1,0,0,34.46670448750172
1313760600,1123.53,,1209.9965240931313,1,0,0,34.32551130982303
1314019800,1123.82,,1204.999984286011,1,0,0,33.61654621626425
1314106200,1162.35,,1204.999984286011,1,0,0,34.03250720081679
1314192600,1177.6,,1204.999984286011,1,0,0,33.191613829329874
1314279000,1159.27,,1204.999984286011,1,0,0,33.33578427009203
1314365400,1176.8,,1204.999984286011,1,0,0,34.191799679371165
1314624600,1210.08,1122.7725265789534,,1,0,0,34.14095684513037
1314711000,1212.92,1138.878773921058,,1,0,0,33.44017421333534
1314797400,1218.89,1153.607396528952,,1,0,0,32.57730462666854
1314883800,1204.42,1153.607396528952,,1,0,0,32.06749715333508
1314970200,1173.97,1153.607396528952,,1,0,0,32.19553307095401
1315315800,1165.24,1153.607396528952,,1,0,0,32.31299499445729
1315402200,1198.62,1153.607396528952,,1,0,0,32.38920963771033
1315488600,1185.9,1153.607396528952,,1,0,0,31.579980377873888
1315575000,1154.23,1153.607396528952,,1,0,0,32.00498177945434
1315834200,1162.27,1153.607396528952,,1,0,0,31.608197366636176
1315920600,1172.87,1153.607396528952,,1,0,0,30.705468983305025
1316007000,1188.68,1153.607396528952,,1,0,0,31.3443640559261
1316093400,1209.11,1153.607396528952,,1,0,0,30.564766623359937
1316179800,1216.01,1154.783741142484,,1,0,0,29.495854721691362
1316439000,1204.09,1154.783741142484,,1,0,0,29.36400795585627
1316525400,1202.09,1155.4872303254122,,1,0,0,28.630864530437975
1316611800,1166.76,1155.4872303254122,,1,0,0,29.449374206835255
1316698200,1129.56,,1201.9449434364162,1,0,0,31.098704620632734
1316784600,1136.43,,1191.9159490927746,1,0,0,30.331654290587547
1317043800,1162.95,,1191.9159490927746,1,0,0,30.530821841259872
1317130200,1175.38,,1191.9159490927746,1,0,0,30.70076313831273
1317216600,1151.06,,1191.9159490927746,1,0,0,30.958565771290388
1317303000,1160.4,,1191.9159490927746,1,0,0,31.31438250191249
1317389400,1131.42,,1191.9159490927746,1,0,0,31.153355180347326
1317648600,1099.23,,1183.3405887218132,1,0,0,31.790258381751084
1317735000,1123.95,,1167.9620298496318,1,0,0,33.115954211626
1317821400,1144.03,,1167.9620298496318,1,0,0,32.92124319650985
1317907800,1164.97,,1167.9620298496318,1,0,0,32.755440111044855
1317994200,1155.46,,1167.9620298496318,1,0,0,31.9257658173988
1318253400,1194.89,1110.8207647156567,,1,0,0,32.46321111615603
1318339800,1195.54,1131.743688244091,,1,0,0,30.997267465002032
1318426200,1207.25,1147.9043194196818,,1,0,0,30.5481769317876
1318512600,1203.66,1147.9043194196818,,1,0,0,29.571878579517065
1318599000,1224.58,1159.0458987299423,,1,0,0,28.956030109551545
1318858200,1200.86,1159.0458987299423,,1,0,0,28.74702795886929
1318944600,1225.38,1159.0458987299423,,1,0,0,29.66652596180719
1319031000,1209.88,1160.7152301741278,,1,0,0,29.213916964535258
1319117400,1215.39,1160.7152301741278,,1,0,0,28.7122086099256
1319203800,1238.25,1172.1073864410437,,1,0,0,28.349907994930906
1319463000,1254.19,1194.3826477969392,,1,0,0,27.63205742386441
1319549400,1229.05,1194.3826477969392,,1,0,0,27.615481893588388
1319635800,1242,1194.3826477969392,,1,0,0,27.44437604404636
1319722200,1284.59,1210.3836352439687,,1,0,0,29.102634898043053
1319808600,1285.09,1227.8927717195718,,1,0,0,27.74316097675426
1320067800,1253.3,1227.8927717195718,,1,0,0,28.042220906986085
1320154200,1218.28,,1290.3967049071468,1,0,0,28.744919413629926
1320240600,1237.9,,1287.358034416432,1,0,0,28.42028231265636
1320327000,1261.15,,1287.358034416432,1,0,0,28.418833576038057
1320413400,1253.23,,1287.358034416432,1,0,0,27.976774034892482
1320676200,1261.12,,1287.358034416432,1,0,0,27.47486160382874
1320762600,1275.92,,1287.358034416432,1,0,0,27.12380006069811
1320849000,1229.1,,1287.358034416432,1,0,0,28.706385770648243
1320935400,1239.66,,1287.358034416432,1,0,0,27.97878678703051
1321021800,1263.85,,1287.358034416432,1,0,0,27.9317305879569
1321281000,1251.78,,1287.358034416432,1,0,0,27.163035545959964
1321367400,1257.81,,1287.358034416432,1,0,0,26.6449615783914
1321453800,1236.91,,1287.358034416432,1,0,0,26.451750037077716
1321540200,1216.13,,1275.6227499574386,1,0,0,26.583767891572162
1321626600,1215.65,,1266.7034749616948,1,0,0,25.552784470745586
1321885800,1192.98,,1250.2296274655253,1,0,0,26.048299865692332
1321972200,1188.04,,1238.0176647189728,1,0,0,25.270564161000014
1322058600,1161.79,,1223.7938982470755,1,0,0,25.340523863785727
1322231400,1158.67,,1212.7030084223682,1,0,0,24.530486444943886
1322490600,1192.55,,1212.7030084223682,1,0,0,25.54116598459074
1322577000,1195.19,,1212.7030084223682,1,0,0,24.56465412854855
1322663400,1246.96,1168.8338868600938,,1,0,0,26.518607405080786
1322749800,1244.58,1195.3649981740843,,1,0,0,25.435849733289295
1322836200,1244.28,1203.328498356676,,1,0,0,24.814003323768635
1323095400,1257.08,1207.4921485210084,,1,0,0,24.64514594349945
1323181800,1258.47,1213.6959336689074,,1,0,0,23.81334980467806
1323268200,1261.01,1213.6959336689074,,1,0,0,23.702396247201055
1323354600,1234.35,1213.6959336689074,,1,0,0,24.11936794382955
1323441000,1255.19,1213.6959336689074,,1,0,0,24.10369880498459
1323700200,1236.47,1213.6959336689074,,1,0,0,24.377720318914264
1323786600,1225.73,1213.6959336689074,,1,0,0,24.810026010420376
1323873000,1211.82,,1265.2035023250621,1,0,0,24.19930986681892
1323959400,1215.75,,1264.4591520925558,1,0,0,23.45507344776042
1324045800,1219.66,,1264.4591520925558,1,0,0,22.911139630063243
1324305000,1205.35,,1257.69651319497,1,0,0,22.860343942201585
1324391400,1241.3,,1257.69651319497,1,0,0,23.9038908034729
1324477800,1243.72,,1257.69651319497,1,0,0,23.3093271746534
1324564200,1254,,1257.69651319497,1,0,0,22.4658038050353
1324650600,1265.33,1218.35189869278,,1,0,0,21.676817818961354
1324996200,1265.43,1227.198708823502,,1,0,0,20.633473689035537
1325082600,1249.64,1227.198708823502,,1,0,0,20.388939854104414
1325169000,1263.02,1227.198708823502,,1,0,0,19.9254441502398
1325255400,1257.6,1227.198708823502,,1,0,0,18.977912425222662
1325601000,1277.06,1235.0269113590996,,1,0,0,19.55234725199247
1325687400,1277.3,1238.2472202231897,,1,0,0,18.915036733993013
1325773800,1281.06,1238.9459982008707,,1,0,0,18.834676967279222
1325860200,1277.81,1244.2018983807836,,1,0,0,18.096485755330708
1326119400,1280.7,1246.7327085427053,,1,0,0,17.335308201378517
1326205800,1292.08,1257.0794376884348,,1,0,0,17.222786186994337
1326292200,1292.48,1259.5449939195914,,1,0,0,16.591872887923305
1326378600,1295.5,1262.0309945276322,,1,0,0,16.19602482450021
1326465000,1289.09,1262.0309945276322,,1,0,0,16.319165908464488
1326810600,1293.67,1266.8985555673821,,1,0,0,16.14708262928846
1326897000,1308.04,1269.3857000106439,,1,0,0,16.21657672719642
1326983400,1314.5,1283.1421300095794,,1,0,0,15.59039267525382
1327069800,1315.38,1285.2589170086217,,1,0,0,14.920364627021408
1327329000,1316,1289.2925253077594,,1,0,0,14.73962429651987
1327415400,1314.65,1289.2925253077594,,1,0,0,14.396793989625596
1327501800,1326.06,1290.353895499285,,1,0,0,14.843451561795188
1327588200,1318.43,1294.7020059493564,,1,0,0,15.202490735952683
1327674600,1316.33,1294.7020059493564,,1,0,0,14.71231282624177
1327933800,1313.01,1294.7020059493564,,1,0,0,14.792861910081639
1328020200,1312.41,1294.7020059493564,,1,0,0,14.787657487932952
1328106600,1324.09,1294.7020059493564,,1,0,0,15.024967667366306
1328193000,1325.54,1297.7821185430357,,1,0,0,14.496041405411578
1328279400,1344.9,1306.976906688732,,1,0,0,14.87489559073932
1328538600,1344.33,1313.545716019859,,1,0,0,14.339545905686519
1328625000,1347.05,1315.2611444178729,,1,0,0,14.266721198137477
1328711400,1349.96,1320.0780299760856,,1,0,0,13.894098255413368
1328797800,1351.95,1323.7797269784771,,1,0,0,13.59380552288383
1328884200,1342.64,1323.7797269784771,,1,0,0,13.665676556963566
1329143400,1351.77,1323.7797269784771,,1,0,0,13.454556802894727
1329229800,1350.5,1323.7797269784771,,1,0,0,13.274945602687964
1329316200,1343.23,1323.7797269784771,,1,0,0,13.403163773924534
1329402600,1358.04,1323.7797269784771,,1,0,0,13.717223504358492
1329489000,1361.23,1335.062489410169,,1,0,0,13.177421825475747
1329834600,1362.21,1338.273240469152,,1,0,0,12.925463123656057
1329921000,1357.66,1338.273240469152,,1,0,0,12.514358614823488
1330007400,1363.46,1338.273240469152,,1,0,0,12.474761570907528
1330093800,1365.74,1343.8052373020118,,1,0,0,11.973707172985565
1330353000,1367.59,1343.8052373020118,,1,0,0,12.334156660629452
1330439400,1372.18,1346.9107422146294,,1,0,0,11.961716899155912
1330525800,1365.68,1347.7216679931666,,1,0,0,12.123737120644776
1330612200,1374.09,1348.05400119385,,1,0,0,12.007041612027292
1330698600,1369.63,1348.1701010744648,,1,0,0,11.728681496882478
1330957800,1364.33,1348.1701010744648,,1,0,0,11.640918532819443
1331044200,1343.36,,1376.6469681296833,1,0,0,12.54513863761805
1331130600,1352.63,,1373.753271316715,1,0,0,12.469771592073906
1331217000,1365.91,,1373.753271316715,1,0,0,12.728359335497192
1331303400,1370.87,,1373.753271316715,1,0,0,12.451333668675957
1331559000,1371.09,,1373.753271316715,1,0,0,12.015524120913382
1331645400,1395.95,1357.9324886891034,,1,0,0,12.94584382656244
1331731800,1394.28,1369.321739820193,,1,0,0,12.696140696093696
1331818200,1402.6,1372.8990658381736,,1,0,0,12.492844932087014
1331904600,1404.17,1380.4676592543565,,1,0,0,11.915498865509376
1332163800,1409.75,1385.0143933289207,,1,0,0,11.890820375115846
1332250200,1405.52,1385.0143933289207,,1,0,0,11.903618919750425
1332336600,1402.89,1385.0143933289207,,1,0,0,11.561217568339673
1332423000,1392.78,1385.0143933289207,,1,0,0,11.746844884886844
1332509400,1397.11,1385.0143933289207,,1,0,0,11.787070250252082
1332768600,1416.51,1385.0143933289207,,1,0,0,12.33585094666265
1332855000,1412.52,1391.858481330115,,1,0,0,11.969004450472465
1332941400,1405.54,1391.858481330115,,1,0,0,12.289075561153007
1333027800,1403.28,1391.858481330115,,1,0,0,12.409855878213508
1333114200,1408.47,1391.858481330115,,1,0,0,12.19986617262683
1333373400,1419.04,1391.858481330115,,1,0,0,12.608447160296349
1333459800,1413.38,1391.858481330115,,1,0,0,12.737843791703757
1333546200,1398.96,1391.858481330115,,1,0,0,13.205854949439216
1333632600,1398.08,1391.858481330115,,1,0,0,12.882579595907831
1333978200,1382.2,,1415.3305942394884,1,0,0,13.379538196200125
1334064600,1358.59,,1400.0580348155397,1,0,0,14.254571182185822
1334151000,1368.71,,1396.9457313339856,1,0,0,14.387816097743988
1334237400,1387.57,,1396.9457313339856,1,0,0,14.747257805047994
1334323800,1370.26,,1396.9457313339856,1,0,0,14.962453676115993
1334583000,1369.57,,1396.9457313339856,1,0,0,14.913706984964849
1334669400,1390.78,,1396.9457313339856,1,0,0,15.504870771753078
1334755800,1385.14,,1396.9457313339856,1,0,0,14.932380002342144
1334842200,1376.92,,1396.9457313339856,1,0,0,15.305781430746283
1334928600,1378.53,,1396.9457313339856,1,0,0,14.961082757121549
1335187800,1366.94,,1396.9457313339856,1,0,0,15.302433988755725
1335274200,1371.97,,1396.9457313339856,1,0,0,14.834402989558887
1335360600,1390.69,,1396.9457313339856,1,0,0,15.160517061733243
1335447000,1399.98,1363.7591996471006,,1,0,0,15.135480128752294
1335533400,1403.36,1372.2757796823905,,1,0,0,14.720802976698568
1335792600,1397.91,1372.2757796823905,,1,0,0,14.33788847836295
1335879000,1405.82,1375.8658315427365,,1,0,0,14.71303930133702
1335965400,1402.31,1375.8658315427365,,1,0,0,14.51210792267008
1336051800,1391.57,1375.8658315427365,,1,0,0,14.50124307105078
1336138200,1369.1,,1410.5911338053452,1,0,0,15.151868565975718
1336397400,1369.58,,1398.6895204248108,1,0,0,14.781735096977455
1336483800,1363.72,,1389.6090683823295,1,0,0,15.285182590050487
1336570200,1354.58,,1385.5886615440966,1,0,0,15.664812405046874
1336656600,1357.99,,1385.5886615440966,1,0,0,15.35304009040068
1336743000,1353.39,,1385.5886615440966,1,0,0,15.454251512514917
1337002200,1338.35,,1375.9188642656463,1,0,0,15.54894783304958
1337088600,1330.66,,1368.464977839082,1,0,0,15.619022987831752
1337175000,1324.8,,1365.2939800551735,1,0,0,15.716949917272341
1337261400,1304.86,,1348.7180820496562,1,0,0,16.13002492318146
1337347800,1295.22,,1335.9592738446909,1,0,0,16.42502314295421
1337607000,1315.99,,1335.9592738446909,1,0,0,16.763950061314628
1337693400,1316.63,,1335.9592738446909,1,0,0,16.884382199792157
1337779800,1318.86,,1335.9592738446909,1,0,0,17.405497756949863
1337866200,1320.68,,1335.9592738446909,1,0,0,17.136533631453453
1337952600,1317.82,,1335.9592738446909,1,0,0,16.624638372063924
1338298200,1332.42,,1335.9592738446909,1,0,0,16.659307059773653
1338384600,1313.32,,1335.9592738446909,1,0,0,17.01649941264697
1338471000,1310.33,,1335.9592738446909,1,0,0,17.289606597457894
1338557400,1278.04,,1332.1213427493449,1,0,0,18.41749184049661
1338816600,1278.18,,1312.5122084744105,1,0,0,18.231242423318275
1338903000,1285.5,,1312.5122084744105,1,0,0,17.89043939308124
1338989400,1315.13,1261.3487611357275,,1,0,0,18.72897943643259
1339075800,1314.99,1282.4718850221548,,1,0,0,18.560480905258824
1339162200,1325.66,1282.4718850221548,,1,0,0,18.523303697740335
1339421400,1308.93,1282.4718850221548,,1,0,0,19.185210576473164
1339507800,1324.18,1282.4718850221548,,1,0,0,19.078409821010798
1339594200,1314.88,1282.4718850221548,,1,0,0,18.91352340522431
1339680600,1329.1,1285.0278787367322,,1,0,0,18.95827173342257
1339767000,1342.84,1298.417090863059,,1,0,0,18.61982375246382
1340026200,1344.78,1304.533881776753,,1,0,0,18.27269348443069
1340112600,1357.98,1317.2834935990777,,1,0,0,18.30178680697136
1340199000,1355.69,1317.81064423917,,1,0,0,18.074516320759113
1340285400,1325.51,1317.81064423917,,1,0,0,19.202050869276313
1340371800,1335.02,1317.81064423917,,1,0,0,18.70976152147086
1340631000,1313.72,,1361.325450349645,1,0,0,19.212635698508652
1340717400,1319.99,,1355.3744053146806,1,0,0,18.836018862900897
1340803800,1331.85,,1355.3744053146806,1,0,0,18.519874658407982
1340890200,1329.04,,1355.3744053146806,1,0,0,18.52274075423598
1340976600,1362.16,1306.0656685255979,,1,0,0,19.566116414647702
1341235800,1365.51,1322.8236016730382,,1,0,0,18.92925095645857
1341322200,1374.02,1332.5327415057343,,1,0,0,18.3828758881401
1341495000,1367.58,1333.261467355161,,1,0,0,17.855527610415805
1341581400,1354.68,1333.261467355161,,1,0,0,17.976561352528957
1341840600,1352.46,1333.261467355161,,1,0,0,17.279664113062587
1341927000,1341.47,1333.261467355161,,1,0,0,17.85040239070097
1342013400,1341.45,1333.261467355161,,1,0,0,17.41465936279376
1342099800,1334.76,1333.261467355161,,1,0,0,17.31646940830849
1342186200,1356.78,1333.261467355161,,1,0,0,17.718150164857885
1342445400,1353.64,1333.261467355161,,1,0,0,17.07756801022518
1342531800,1363.67,1333.261467355161,,1,0,0,17.307027438066235
1342618200,1372.78,1333.261467355161,,1,0,0,17.235096906775787
1342704600,1376.51,1343.4098376967613,,1,0,0,16.659732842006093
1342791000,1362.66,1343.4098376967613,,1,0,0,16.49260906757708
1343050200,1350.52,1343.4098376967613,,1,0,0,17.1074227056073
1343136600,1338.31,,1375.293268319061,1,0,0,17.477606798063917
1343223000,1337.89,,1371.653441487155,1,0,0,17.120634883916495
1343309400,1360.02,,1371.653441487155,1,0,0,17.700589535065316
1343395800,1385.97,1336.7729123954043,,1,0,0,18.51983313970351
1343655000,1385.3,1350.4186211558638,,1,0,0,17.937702201153268
1343741400,1379.32,1350.4186211558638,,1,0,0,17.227152043928037
1343827800,1375.32,1350.4186211558638,,1,0,0,16.830926897933182
1343914200,1365,1350.4186211558638,,1,0,0,17.105146405223657
1344000600,1390.99,1350.4186211558638,,1,0,0,17.966207376279115
1344259800,1394.23,1360.920097856326,,1,0,0,17.3000497065449
1344346200,1401.35,1367.2445880706937,,1,0,0,16.986474727505986
1344432600,1402.22,1368.3331292636244,,1,0,0,16.345297961255557
1344519000,1402.8,1372.3233163372618,,1,0,0,15.688490964023023
1344605400,1405.87,1372.3233163372618,,1,0,0,15.307884466592816
1344864600,1404.11,1373.6783362331817,,1,0,0,14.825178433264753
1344951000,1403.93,1378.3040026098638,,1,0,0,14.439808545174417
1345037400,1405.53,1379.2901023488773,,1,0,0,13.829822220519107
1345123800,1415.51,1385.1960921139896,,1,0,0,13.791263490482025
1345210200,1418.16,1392.8429829025906,,1,0,0,13.094744669733306
1345469400,1418.13,1392.8429829025906,,1,0,0,12.590834336180942
1345555800,1413.17,1395.2027161510985,,1,0,0,12.821489026453744
1345642200,1413.49,1395.2027161510985,,1,0,0,12.572811238849898
1345728600,1402.08,1395.2027161510985,,1,0,0,12.602610436074906
1345815000,1411.13,1395.2027161510985,,1,0,0,12.803852547783848
1346074200,1410.44,1395.2027161510985,,1,0,0,12.393577365799299
1346160600,1409.3,1395.2027161510985,,1,0,0,12.082607553956505
1346247000,1410.49,1395.2027161510985,,1,0,0,11.74670701438819
1346333400,1399.48,1395.2027161510985,,1,0,0,11.870513656217607
1346419800,1406.58,1395.2027161510985,,1,0,0,12.03190553791634
1346765400,1404.94,1395.2027161510985,,1,0,0,12.083197999493745
1346851800,1403.44,1395.2027161510985,,1,0,0,11.760112428101332
1346938200,1432.12,1395.2027161510985,,1,0,0,12.968675826094083
1347024600,1437.92,1410.1945357057666,,1,0,0,12.504484695658793
1347283800,1429.08,1410.1945357057666,,1,0,0,12.308450074540307
1347370200,1433.56,1410.1945357057666,,1,0,0,12.049275069216005
1347456600,1436.56,1413.840931529504,,1,0,0,11.628612564272009
1347543000,1459.99,1423.8598383765534,,1,0,0,12.827997381109727
1347629400,1465.77,1441.2648545388981,,1,0,0,12.94885471103046
1347888600,1461.19,1441.2648545388981,,1,0,0,12.611079374528286
1347975000,1459.32,1441.2648545388981,,1,0,0,12.091716562061974
1348061400,1461.05,1441.2648545388981,,1,0,0,11.747308236200402
1348147800,1460.26,1441.2648545388981,,1,0,0,11.711786219328944
1348234200,1460.15,1441.3504714566739,,1,0,0,11.415230060805444
1348493400,1456.89,1441.3504714566739,,1,0,0,11.21842791360506
1348579800,1441.59,1441.3504714566739,,1,0,0,11.96354020549042
1348666200,1433.32,,1459.5728363080848,1,0,0,11.899715905098242
1348752600,1447.15,,1459.5728363080848,1,0,0,12.25545048330552
1348839000,1440.67,,1459.5728363080848,1,0,0,12.205061163069425
1349098200,1444.49,,1459.5728363080848,1,0,0,12.509699651421611
1349184600,1445.75,,1459.5728363080848,1,0,0,12.509721104891495
1349271000,1450.99,,1459.5728363080848,1,0,0,12.495455311684955
1349357400,1461.4,1432.0341407245953,,1,0,0,12.470779932278893
1349443800,1460.93,1438.5427266521358,,1,0,0,12.58500993711611
1349703000,1455.88,1438.5427266521358,,1,0,0,12.245366370179257
1349789400,1441.48,1438.5427266521358,,1,0,0,12.422125915166456
1349875800,1432.56,,1461.3777372705931,1,0,0,12.3834026355117
1349962200,1432.84,,1461.3777372705931,1,0,0,12.308873875832303
1350048600,1428.59,,1456.6873671891806,1,0,0,12.351097170415716
1350307800,1440.13,,1456.6873671891806,1,0,0,12.473875943957447
1350394200,1454.92,,1456.6873671891806,1,0,0,12.681456233674764
1350480600,1460.91,1432.9455893190875,,1,0,0,12.40778078841229
1350567000,1457.34,1433.7005303871788,,1,0,0,12.335082160668547
1350653400,1433.19,,1471.2550226515389,1,0,0,13.417576292049365
1350912600,1433.82,,1456.3340203863852,1,0,0,13.416320842617273
1350999000,1413.11,,1450.7186183477468,1,0,0,14.333726496716038
1351085400,1408.75,,1443.219756512972,1,0,0,14.234174604093468
1351171800,1412.97,,1443.010780861675,1,0,0,14.358876418086778
1351258200,1411.94,,1439.8397027755072,1,0,0,14.319670959652004
1351690200,1412.16,,1439.8397027755072,1,0,0,14.211837319676858
1351776600,1427.59,,1439.8397027755072,1,0,0,14.353134653985643
1351863000,1414.2,,1439.8397027755072,1,0,0,14.853625035843805
1352125800,1417.26,,1439.8397027755072,1,0,0,14.633366104712104
1352212200,1428.39,,1439.8397027755072,1,0,0,14.73955424008982
1352298600,1394.53,,1439.8397027755072,1,0,0,16.56172893722626
1352385000,1377.51,,1425.9466760699465,1,0,0,17.07303401313867
1352471400,1379.85,,1418.801008462952,1,0,0,17.164960155057347
1352730600,1380.03,,1415.4979076166567,1,0,0,16.48746300112467
1352817000,1374.53,,1414.605116854991,1,0,0,16.554072786758613
1352903400,1355.49,,1402.895605169492,1,0,0,17.345210444847293
1352989800,1353.33,,1389.7715446525428,1,0,0,17.004123984501053
1353076200,1359.88,,1388.3188901872886,1,0,0,17.123829414179554
1353335400,1386.89,,1388.3188901872886,1,0,0,17.829984456023872
1353421800,1387.81,,1388.3188901872886,1,0,0,17.46569985202217
1353508200,1391.03,1355.207519053467,,1,0,0,16.565292719734863
1353681000,1409.15,1366.2177671481202,,1,0,0,16.677057525468094
1353940200,1406.29,1370.631490433308,,1,0,0,16.30512484507752
1354026600,1398.94,1371.8188413899773,,1,0,0,15.92475878471484
1354113000,1409.93,1371.8188413899773,,1,0,0,16.564418871520914
1354199400,1415.95,1382.0816615258814,,1,0,0,16.142674666412283
1354285800,1416.18,1384.7394953732933,,1,0,0,15.50605504738282
1354545000,1409.46,1385.5860458359641,,1,0,0,15.48919397256976
1354631400,1407.05,1385.5860458359641,,1,0,0,15.060680117386207
1354717800,1409.28,1385.5860458359641,,1,0,0,15.222774394715758
1354804200,1413.94,1385.5860458359641,,1,0,0,14.708290509378916
1354890600,1418.07,1388.080373172976,,1,0,0,14.331984044423267
1355149800,1418.55,1392.6543358556785,,1,0,0,13.736842326964462
1355236200,1427.84,1399.8789022701105,,1,0,0,13.878496446467002
1355322600,1428.48,1406.4310120430996,,1,0,0,13.732175271719354
1355409000,1419.45,1406.4310120430996,,1,0,0,13.848448466596537
1355495400,1413.58,1406.4310120430996,,1,0,0,13.399987861839637
1355754600,1430.36,1406.4310120430996,,1,0,0,13.666417300279672
1355841000,1446.79,1411.9390915014778,,1,0,0,13.950244635973988
1355927400,1435.81,1414.81868235133,,1,0,0,13.807370019118707
1356013800,1443.69,1414.81868235133,,1,0,0,13.598272160610236
1356100200,1430.15,1414.81868235133,,1,0,0,14.134824149138085
1356359400,1426.66,1414.81868235133,,1,0,0,13.517336709913936
1356532200,1419.83,1414.81868235133,,1,0,0,13.479669802062942
1356618600,1418.1,1414.81868235133,,1,0,0,14.016836244772731
1356705000,1402.43,,1438.209474847527,1,0,0,14.195633655860393
1356964200,1426.19,,1438.209474847527,1,0,0,15.226659823298943
1357137000,1462.42,1408.9293253735032,,1,0,0,16.727612693063303
1357223400,1459.37,1426.6693928361528,,1,0,0,16.24278321498736
1357309800,1466.47,1431.2274535525378,,1,0,0,15.721870128202552
1357569000,1461.89,1431.2274535525378,,1,0,0,15.302450833330951
1357655400,1457.15,1431.2274535525378,,1,0,0,14.941561488093027
1357741800,1461.02,1432.4821286397998,,1,0,0,14.41573566751495
1357828200,1472.12,1438.7919157758197,,1,0,0,14.191754548406736
1357914600,1472.05,1444.0497241982378,,1,0,0,13.547343509234832
1358173800,1470.68,1444.094251778414,,1,0,0,13.033961830003765
1358260200,1472.34,1444.3268266005725,,1,0,0,12.785107413574922
1358346600,1472.63,1447.7206439405154,,1,0,0,12.32617116974815
1358433000,1480.94,1455.6355795464638,,1,0,0,12.340730371908993
1358519400,1485.98,1457.9275215918174,,1,0,0,12.185678202486928
1358865000,1492.56,1463.909269432636,,1,0,0,12.129558330880709
1358951400,1494.81,1471.1133424893724,,1,0,0,11.708161307246373
1359037800,1494.82,1473.591508240435,,1,0,0,11.786864071014486
1359124200,1502.96,1477.3058574163915,,1,0,0,11.547802351656314
1359383400,1500.18,1478.8392716747524,,1,0,0,11.215816469395154
1359469800,1507.84,1482.621344507277,,1,0,0,11.21897243586693
1359556200,1501.96,1484.0702100565495,,1,0,0,11.119760119019302
1359642600,1498.11,1484.0702100565495,,1,0,0,10.856205824803641
1359729000,1513.17,1484.689220145805,,1,0,0,11.245048265889109
1359988200,1495.71,1484.689220145805,,1,0,0,11.738259104039894
1360074600,1511.29,1484.689220145805,,1,0,0,12.274812025179902
1360161000,1512.12,1484.9256014862917,,1,0,0,11.956611166238476
1360247400,1509.39,1484.9256014862917,,1,0,0,12.131853225792877
1360333800,1517.93,1490.2797372038963,,1,0,0,11.902435138236232
1360593000,1517.01,1493.8067634835068,,1,0,0,11.387975485505077
1360679400,1519.43,1497.6760871351557,,1,0,0,11.051691522254718
1360765800,1520.33,1499.4114784216404,,1,0,0,10.887999270665095
1360852200,1521.38,1499.4114784216404,,1,0,0,10.76171360847474
1360938600,1519.79,1499.4114784216404,,1,0,0,10.714448350726538
1361284200,1530.94,1504.6045377693758,,1,0,0,10.745559182817505
1361370600,1511.95,1504.6045377693758,,1,0,0,11.37301924118768
1361457000,1502.42,,1527.8833744068054,1,0,0,11.607803581102853
1361543400,1515.6,,1527.8833744068054,1,0,0,11.722960468166937
1361802600,1487.85,,1527.8833744068054,1,0,0,13.599177577583585
1361889000,1496.94,,1520.7348399425612,1,0,0,13.626379179184758
1361975400,1515.99,,1520.7348399425612,1,0,0,14.453066380671547
1362061800,1514.68,,1520.7348399425612,1,0,0,14.197847353480714
1362148200,1518.2,,1520.7348399425612,1,0,0,14.50585825680352
1362407400,1525.2,1488.5625515136855,,1,0,0,14.396868381317557
1362493800,1539.79,1503.485296362317,,1,0,0,14.673520639794873
1362580200,1541.46,1512.4872667260852,,1,0,0,14.135412022666674
1362666600,1544.26,1516.4825400534767,,1,0,0,13.434311163904765
1362753000,1551.18,1521.3782860481292,,1,0,0,13.156146080768707
1363008600,1556.22,1526.3344574433163,,1,0,0,12.852849932142377
1363095000,1552.48,1527.8665116989846,,1,0,0,12.544074936989347
1363181400,1554.52,1528.5173605290863,,1,0,0,12.229498155775829
1363267800,1563.23,1535.7376244761776,,1,0,0,11.98453400179184
1363354200,1560.7,1537.2398620285596,,1,0,0,11.691353001663842
1363613400,1552.1,1537.2398620285596,,1,0,0,11.968399215830706
1363699800,1548.34,1537.2398620285596,,1,0,0,12.447799271842802
1363786200,1558.71,1537.2398620285596,,1,0,0,12.502956466711174
1363872600,1545.8,1537.2398620285596,,1,0,0,12.692745290517523
1363959000,1556.89,1537.2398620285596,,1,0,0,12.638977769766274
1364218200,1551.69,1537.2398620285596,,1,0,0,13.071193643354402
1364304600,1563.77,1537.2398620285596,,1,0,0,13.013251240257658
1364391000,1562.85,1537.2398620285596,,1,0,0,12.95301900881067
1364477400,1569.19,1540.354854179537,,1,0,0,12.684946222467053
1364823000,1562.17,1540.354854179537,,1,0,0,12.643164349433686
1364909400,1570.25,1542.925631885425,,1,0,0,12.56079546733128
1364995800,1553.69,1542.925631885425,,1,0,0,13.21145293395048
1365082200,1559.98,1542.925631885425,,1,0,0,12.987777724382582
1365168600,1553.28,1542.925631885425,,1,0,0,13.522936458355256
1365427800,1563.07,1542.925631885425,,1,0,0,13.588440997044154
1365514200,1568.61,1542.925631885425,,1,0,0,13.544266640112431
1365600600,1587.73,1549.9258799598222,,1,0,0,14.038247594390116
1365687000,1593.37,1563.50129196384,,1,0,0,13.834087051933667
1365773400,1588.85,1563.50129196384,,1,0,0,13.803080833938395
1366032600,1552.36,,1603.1755535092896,1,0,0,15.429289345799933
1366119000,1574.57,,1597.8069981583606,1,0,0,15.969340106814226
1366205400,1552.01,,1595.8627983425247,1,0,0,17.03438724204177
1366291800,1541.61,,1581.934518508272,1,0,0,17.12835958189594
1366378200,1555.25,,1581.934518508272,1,0,0,17.082762468903372
1366637400,1562.5,,1581.934518508272,1,0,0,17.10256514969598
1366723800,1578.78,,1581.934518508272,1,0,0,17.10095335328912
1366810200,1578.79,,1581.934518508272,1,0,0,16.393742399482758
1366896600,1585.16,1552.5687208160505,,1,0,0,16.212046513805426
1366983000,1582.24,1552.5687208160505,,1,0,0,15.641186048533612
1367242200,1593.61,1558.2282138610008,,1,0,0,15.553244187924074
1367328600,1597.57,1561.6808924749007,,1,0,0,15.233012460215207
1367415000,1582.7,1561.6808924749007,,1,0,0,15.308511570199832
1367501400,1597.59,1561.6808924749007,,1,0,0,15.350760743756977
1367587800,1614.42,1576.2268756142025,,1,0,0,15.744992119202916
1367847000,1617.5,1587.2551880527824,,1,0,0,15.01749268211699
1367933400,1625.96,1592.6956692475042,,1,0,0,14.615528919108625
1368019800,1632.69,1599.9486023227537,,1,0,0,14.29156256774372
1368106200,1626.67,1601.6537420904783,,1,0,0,14.122165241476315
1368192600,1633.7,1602.0503678814305,,1,0,0,13.827010581370866
1368451800,1633.77,1605.5288310932874,,1,0,0,13.500795539844376
1368538200,1650.34,1615.6979479839588,,1,0,0,13.775738715569771
1368624600,1658.78,1627.0686531855629,,1,0,0,13.849614521600499
1368711000,1650.47,1627.8582878670065,,1,0,0,13.711070627200469
1368797400,1667.47,1632.532959080306,,1,0,0,13.945994153829007
1369056600,1666.29,1641.6316631722752,,1,0,0,13.615565999984073
1369143000,1669.16,1642.454496855048,,1,0,0,13.518739857128066
1369229400,1655.35,1642.454496855048,,1,0,0,15.290258438761787
1369315800,1650.51,1642.454496855048,,1,0,0,15.560954264564511
1369402200,1649.6,1642.454496855048,,1,0,0,15.42302895995275
1369747800,1660.06,1642.454496855048,,1,0,0,16.07924117709899
1369834200,1648.36,1642.454496855048,,1,0,0,16.36000966444906
1369920600,1654.41,1642.454496855048,,1,0,0,16.159294688416995
1370007000,1630.74,,1680.4995327471709,1,0,0,17.02291649638721
1370266200,1640.42,,1667.181079472454,1,0,0,17.071279603788128
1370352600,1631.38,,1667.181079472454,1,0,0,17.48833106066041
1370439000,1608.9,,1656.0267743726874,1,0,0,17.974164556327537
1370525400,1622.56,,1649.3050969354188,1,0,0,18.428152802304137
1370611800,1643.38,,1649.3050969354188,1,0,0,18.671856173568138
1370871000,1642.81,,1649.3050969354188,1,0,0,18.011723589741845
1370957400,1626.13,,1649.3050969354188,1,0,0,18.14588619047456
1371043800,1612.52,,1649.3050969354188,1,0,0,18.763322891154946
1371130200,1636.36,,1649.3050969354188,1,0,0,19.650228398929595
1371216600,1626.73,,1649.3050969354188,1,0,0,19.449497799006046
1371475800,1639.04,,1649.3050969354188,1,0,0,19.472390813362754
1371562200,1651.81,1607.4119035261806,,1,0,0,19.16364861240828
1371648600,1628.93,1607.4119035261806,,1,0,0,19.4762451400934
1371735000,1588.19,,1649.6793581437935,1,0,0,21.271513344372455
1371821400,1592.43,,1633.4314223294145,1,0,0,21.28711953406014
1372080600,1573.09,,1621.4577800964728,1,0,0,22.05946813877014
1372167000,1588.03,,1621.4577800964728,1,0,0,21.962363271715134
1372253400,1603.26,,1621.4577800964728,1,0,0,21.73648018087834
1372339800,1613.2,,1621.4577800964728,1,0,0,21.384588739387024
1372426200,1606.28,,1621.4577800964728,1,0,0,20.919975258002243
1372685400,1614.96,,1621.4577800964728,1,0,0,20.877834168144936
1372771800,1614.08,,1621.4577800964728,1,0,0,20.63584601327744
1372858200,1615.41,,1621.4577800964728,1,0,0,20.190428440900487
1373031000,1631.89,1583.4200964685776,,1,0,0,19.98825498083616
1373290200,1640.46,1600.9090868217202,,1,0,0,19.47409391077643
1373376600,1652.32,1611.1131781395482,,1,0,0,19.06308720286383
1373463000,1652.62,1617.0583603255932,,1,0,0,18.434295259802127
1373549400,1675.02,1630.0595242930337,,1,0,0,18.83255988410199
1373635800,1680.19,1641.4235718637303,,1,0,0,18.048805606666143
1373895000,1682.5,1648.5232146773574,,1,0,0,17.232462349047125
1373981400,1676.26,1648.5232146773574,,1,0,0,16.850857895543765
1374067800,1680.91,1651.0236038886594,,1,0,0,16.25365376014778
1374154200,1689.37,1657.3672434997936,,1,0,0,15.96482134870864
1374240600,1692.09,1659.7370191498142,,1,0,0,15.39661982380088
1374499800,1695.53,1667.2388172348326,,1,0,0,14.792575550672234
1374586200,1692.39,1669.2139355113495,,1,0,0,14.282391582767065
1374672600,1685.94,1669.2139355113495,,1,0,0,14.391506469712287
1374759000,1690.25,1669.2139355113495,,1,0,0,14.139970293304275
1374845400,1691.65,1669.2139355113495,,1,0,0,14.259972415211108
1375104600,1685.33,1669.2139355113495,,1,0,0,13.94068867126747
1375191000,1685.96,1669.2139355113495,,1,0,0,13.714210909034078
1375277400,1685.73,1669.2139355113495,,1,0,0,13.698195844103072
1375363800,1706.87,1671.2587645503784,,1,0,0,14.299753283809988
1375450200,1709.67,1678.7383880953407,,1,0,0,13.920485192109274
1375709400,1707.14,1681.3780492858064,,1,0,0,13.36330767838719
1375795800,1697.37,1681.3780492858064,,1,0,0,13.398071415645258
1375882200,1690.91,1681.3780492858064,,1,0,0,13.331066314527726
1375968600,1697.48,1681.3780492858064,,1,0,0,13.221704434918601
1376055000,1691.42,1681.3780492858064,,1,0,0,13.234439832424423
1376314200,1689.47,1681.3780492858064,,1,0,0,12.870551272965542
1376400600,1694.16,1681.3780492858064,,1,0,0,12.964797610610864
1376487000,1685.39,1681.3780492858064,,1,0,0,12.802312066995807
1376573400,1661.32,,1696.4399067616464,1,0,0,13.802146919353262
1376659800,1655.83,,1684.908916085482,1,0,0,13.601279282256602
1376919000,1646.06,,1679.3015244769338,1,0,0,13.582616476381142
1377005400,1652.35,,1679.1843720292404,1,0,0,13.531001013782499
1377091800,1642.8,,1675.7379348263164,1,0,0,13.818786655655174
1377178200,1656.96,,1675.7379348263164,1,0,0,14.02815903739409
1377264600,1663.5,,1675.7379348263164,1,0,0,13.743290534723082
1377523800,1656.78,,1675.7379348263164,1,0,0,13.725198353671434
1377610200,1630.48,,1670.8989080395463,1,0,0,14.725541328409191
1377696600,1634.96,,1664.1605172355917,1,0,0,14.653002662094252
1377783000,1638.17,,1664.1605172355917,1,0,0,14.715645329087518
1377869400,1632.97,,1663.433168960829,1,0,0,14.523813519866978
1378215000,1639.77,,1663.433168960829,1,0,0,14.799255411305042
1378301400,1653.08,,1663.433168960829,1,0,0,15.050022881926107
1378387800,1655.08,,1663.433168960829,1,0,0,14.410735533217109
1378474200,1655.17,,1663.433168960829,1,0,0,15.110682995130174
1378733400,1671.71,1633.40996831032,,1,0,0,15.262062781192308
1378819800,1683.99,1648.6354714792878,,1,0,0,15.056201153964277
1378906200,1689.13,1654.3164243313593,,1,0,0,14.725758214395404
1378992600,1683.42,1657.7242818982234,,1,0,0,14.246061199081444
1379079000,1687.99,1658.7563537084009,,1,0,0,13.693485399147054
1379338200,1697.6,1670.8862183375609,,1,0,0,13.926807870636553
1379424600,1704.76,1675.3460965038048,,1,0,0,13.49775016559109
1379511000,1725.52,1685.4259868534243,,1,0,0,14.611482296620308
1379597400,1722.34,1696.5758881680817,,1,0,0,14.257804989718847
1379683800,1709.91,1696.5758881680817,,1,0,0,14.406533204738924
1379943000,1701.84,1696.5758881680817,,1,0,0,14.401780832971868
1380029400,1697.42,1696.5758881680817,,1,0,0,14.282367916331022
1380115800,1692.77,,1724.4265947729216,1,0,0,13.964341636593087
1380202200,1698.67,,1724.4265947729216,1,0,0,13.75831723397929
1380288600,1691.75,,1718.0029917660665,1,0,0,13.601294574409351
1380547800,1681.55,,1708.4961925894597,1,0,0,13.826916390522968
1380634200,1695,,1708.4961925894597,1,0,0,13.910708076914185
1380720600,1693.87,,1708.4961925894597,1,0,0,13.964228928563177
1380807000,1678.66,,1708.4961925894597,1,0,0,14.646069719380092
1380893400,1690.5,,1708.4961925894597,1,0,0,14.643493310852952
1381152600,1676.12,,1708.4961925894597,1,0,0,14.72610093150631
1381239000,1655.45,,1697.141907160935,1,0,0,15.228522293541573
1381325400,1656.4,,1685.7787164448416,1,0,0,15.28362784400289
1381411800,1692.56,1641.3101551996426,,1,0,0,16.774797283716957
1381498200,1703.2,1661.1271396796783,,1,0,0,16.642311763451467
1381757400,1710.14,1666.4324257117105,,1,0,0,16.80357520891921
1381843800,1698.06,1668.9891831405396,,1,0,0,16.7204626939964
1381930200,1721.54,1675.1002648264855,,1,0,0,17.219001072996658
1382016600,1733.15,1687.4967383438368,,1,0,0,17.369786710639765
1382103000,1744.5,1705.4335645094534,,1,0,0,16.9976590884512
1382362200,1744.66,1711.223708058508,,1,0,0,16.292112010704678
1382448600,1754.67,1720.2653372526572,,1,0,0,16.176246867082902
1382535000,1746.38,1720.2653372526572,,1,0,0,16.03294351943413
1382621400,1752.07,1720.2653372526572,,1,0,0,15.490590410903126
1382707800,1759.77,1726.975945857187,,1,0,0,14.937691095838616
1382967000,1762.11,1733.6228512714683,,1,0,0,14.39357030327871
1383053400,1771.95,1740.5775661443215,,1,0,0,14.078315281615945
1383139800,1763.31,1740.5775661443215,,1,0,0,14.357007047214807
1383226200,1756.54,1740.5775661443215,,1,0,0,14.246506543842317
1383312600,1761.64,1740.5775661443215,,1,0,0,14.155327504996439
1383575400,1767.93,1740.5775661443215,,1,0,0,13.659946968925267
1383661800,1762.97,1740.5775661443215,,1,0,0,13.55352218543061
1383748200,1770.49,1743.5474041793045,,1,0,0,13.354699172185565
1383834600,1747.15,1743.5474041793045,,1,0,0,14.425077802743733
1383921000,1770.61,1743.5474041793045,,1,0,0,15.082572245404887
1384180200,1771.89,1743.5474041793045,,1,0,0,14.40453137073312
1384266600,1767.69,1743.5474041793045,,1,0,0,14.061350558537907
1384353000,1782,1743.5474041793045,,1,0,0,14.582682661499478
1384439400,1790.62,1757.3865982344537,,1,0,0,14.34891961424951
1384525800,1798.18,1767.2804384110084,,1,0,0,13.866853927517411
1384785000,1791.53,1767.8553945699075,,1,0,0,13.89993578983759
1384871400,1787.87,1767.8553945699075,,1,0,0,13.677797519134902
1384957800,1781.37,1767.8553945699075,,1,0,0,14.022240553482408
1385044200,1795.85,1767.8553945699075,,1,0,0,14.148509085376535
1385130600,1804.76,1772.4117858773163,,1,0,0,13.86218700784963
1385389800,1802.48,1778.2136072895846,,1,0,0,13.409173650146085
1385476200,1802.75,1779.5512465606262,,1,0,0,12.997804103707086
1385562600,1807.23,1781.8766219045635,,1,0,0,12.463675239156577
1385735400,1805.81,1785.5719597141072,,1,0,0,12.256984150645389
1385994600,1800.9,1785.5719597141072,,1,0,0,12.197199568456439
1386081000,1795.15,1785.5719597141072,,1,0,0,12.258113884995279
1386167400,1792.81,1785.5719597141072,,1,0,0,12.861820036067046
1386253800,1785.03,,1812.7118897315743,1,0,0,12.617404319205102
1386340200,1805.09,,1812.7118897315743,1,0,0,13.21687543926188
1386599400,1808.37,,1812.7118897315743,1,0,0,12.73209862217175
1386685800,1802.62,,1812.7118897315743,1,0,0,12.306234434873767
1386772200,1782.22,,1812.7118897315743,1,0,0,13.061503403811363
1386858600,1775.5,,1803.2196409675973,1,0,0,12.893538874967698
1386945000,1775.32,,1801.4051768708375,1,0,0,12.577571812470008
1387204200,1786.54,,1801.4051768708375,1,0,0,12.886316683007871
1387290600,1781,,1801.4051768708375,1,0,0,12.660151205650168
1387377000,1810.65,1758.4085910611593,,1,0,0,14.833711833818006
1387463400,1809.6,1776.1952319550435,,1,0,0,14.45487527425959
1387549800,1818.32,1787.2422087595392,,1,0,0,14.43309846895534
1387809000,1827.99,1797.2669878835852,,1,0,0,14.218591435458535
1387895400,1833.32,1803.4427890952268,,1,0,0,13.58369204721149
1388068200,1842.02,1812.491510185704,,1,0,0,13.293428329553524
1388154600,1841.4,1817.5663591671334,,1,0,0,12.706754877442568
1388413800,1841.07,1817.57472325042,,1,0,0,12.06341524333953
1388500200,1848.36,1823.5102509253784,,1,0,0,11.799599868815287
1388673000,1831.98,1823.5102509253784,,1,0,0,12.429628449614187
1388759400,1831.37,1823.5102509253784,,1,0,0,12.192512131784595
1389018600,1826.77,1823.5102509253784,,1,0,0,12.280904122371414
1389105000,1837.88,1823.5102509253784,,1,0,0,12.355839542202022
1389191400,1837.49,1823.5102509253784,,1,0,0,12.088993860616155
1389277800,1838.13,1823.5102509253784,,1,0,0,12.143351442000709
1389364200,1842.37,1823.5102509253784,,1,0,0,12.041683481857802
1389623400,1819.2,,1856.2639111546027,1,0,0,13.176563233153678
1389709800,1838.88,,1856.2639111546027,1,0,0,13.66823728792841
1389796200,1848.38,,1856.2639111546027,1,0,0,13.546220338790652
1389882600,1845.89,,1856.2639111546027,1,0,0,13.155776028877044
1389969000,1838.7,,1856.2639111546027,1,0,0,12.988220598242965
1390314600,1843.8,,1856.2639111546027,1,0,0,13.269776269797026
1390401000,1844.86,,1856.2639111546027,1,0,0,12.749792250525795
1390487400,1828.46,,1856.2639111546027,1,0,0,13.610521375488235
1390573800,1790.29,,1841.2520712463595,1,0,0,15.36476984866765
1390833000,1781.56,,1818.4143641217236,1,0,0,15.917286288048526
1390919400,1792.5,,1818.4143641217236,1,0,0,15.807480124616479
1391005800,1774.2,,1814.8257349385963,1,0,0,16.253374401429586
1391092200,1794.19,,1814.8257349385963,1,0,0,16.847419087041754
1391178600,1782.59,,1814.8257349385963,1,0,0,17.210460580824492
1391437800,1741.89,,1804.3760007702365,1,0,0,19.207570539337016
1391524200,1755.2,,1792.560900693213,1,0,0,19.038458357955797
1391610600,1751.64,,1787.5863106238914,1,0,0,18.95499704667323
1391697000,1773.43,,1787.5863106238914,1,0,0,19.202497257625133
1391783400,1797.02,1745.072038394648,,1,0,0,19.58803316779476
1392042600,1799.84,1756.509834555183,,1,0,0,18.768173655809427
1392129000,1819.75,1771.7973510996646,,1,0,0,19.120446966108755
1392215400,1819.26,1782.9841159896982,,1,0,0,18.510415039958126
1392301800,1829.83,1782.9841159896982,,1,0,0,18.690385394246828
1392388200,1838.63,1795.6191339516554,,1,0,0,18.50250072322921
1392733800,1840.76,1803.16722055649,,1,0,0,17.742322100141404
1392820200,1828.75,1803.16722055649,,1,0,0,17.940013378702734
1392906600,1839.78,1803.16722055649,,1,0,0,17.959298137366826
1392993000,1836.25,1806.0802237856813,,1,0,0,17.42863398469778
1393252200,1847.61,1811.9467014071129,,1,0,0,17.788017271505083
1393338600,1845.12,1811.9467014071129,,1,0,0,17.42601603782615
1393425000,1845.16,1812.9707781397617,,1,0,0,17.037729177981426
1393511400,1854.29,1814.8342003257853,,1,0,0,16.77789137955417
1393597800,1859.45,1824.048780293207,,1,0,0,17.025899138157445
1393857000,1845.73,1824.048780293207,,1,0,0,17.596192056860485
1393943400,1873.91,1824.7937620374976,,1,0,0,18.517892624227592
1394029800,1873.81,1838.5933858337478,,1,0,0,17.582328865354196
1394116200,1877.03,1844.730047250373,,1,0,0,16.907162517828905
1394202600,1878.04,1844.730047250373,,1,0,0,16.62879376655541
1394458200,1877.17,1844.730047250373,,1,0,0,16.22673706894431
1394544600,1867.63,1844.730047250373,,1,0,0,16.386970135448273
1394631000,1868.2,1844.730047250373,,1,0,0,16.21647226863054
1394717400,1846.34,1844.730047250373,,1,0,0,17.382438535156943
1394803800,1841.13,,1880.0899043992147,1,0,0,17.060121496931455
1395063000,1858.83,,1880.0899043992147,1,0,0,17.353684247150625
1395149400,1872.25,,1880.0899043992147,1,0,0,17.180563943782726
1395235800,1860.77,,1880.0899043992147,1,0,0,17.65266651922683
1395322200,1872.01,,1880.0899043992147,1,0,0,17.738904624996334
1395408600,1866.52,,1880.0899043992147,1,0,0,17.936840008925167
1395667800,1857.44,,1880.0899043992147,1,0,0,18.3449228654305
1395754200,1865.62,,1880.0899043992147,1,0,0,18.170999803614027
1395840600,1852.56,,1880.0899043992147,1,0,0,18.541642674784466
1395927000,1849.04,,1880.0899043992147,1,0,0,18.17723962658558
1396013400,1857.62,,1880.0899043992147,1,0,0,18.13529393897233
1396272600,1872.34,,1880.0899043992147,1,0,0,18.094201514760034
1396359000,1885.52,1844.346659166965,,1,0,0,17.766044263705744
1396445400,1890.9,1854.6059932502685,,1,0,0,17.167041102012483
1396531800,1888.77,1855.5083939252415,,1,0,0,16.737252451868724
1396618200,1865.09,1855.5083939252415,,1,0,0,17.971734419592384
1396877400,1845.04,,1890.1060509205543,1,0,0,18.37446767533578
1396963800,1851.96,,1883.323445828499,1,0,0,18.30914855566894
1397050200,1872.18,,1883.323445828499,1,0,0,18.463495087406873
1397136600,1833.08,,1883.323445828499,1,0,0,20.12038829544925
1397223000,1815.69,,1866.7203520089756,1,0,0,20.162503417202878
1397482200,1830.61,,1866.499816808078,1,0,0,20.043753173116958
1397568600,1842.98,,1866.499816808078,1,0,0,20.592770803608605
1397655000,1862.31,,1866.499816808078,1,0,0,20.502572889065128
1397741400,1864.85,,1866.499816808078,1,0,0,19.96024625413191
1398087000,1871.89,1829.06339569222,,1,0,0,19.156657235979633
1398173400,1879.55,1841.5055561229979,,1,0,0,18.71689600483823
1398259800,1875.39,1842.1600005106982,,1,0,0,17.79711771877835
1398346200,1878.61,1843.1830004596284,,1,0,0,17.51303788172275
1398432600,1863.4,1843.1830004596284,,1,0,0,17.612820890171115
1398691800,1869.43,1843.1830004596284,,1,0,0,18.240476540873185
1398778200,1878.33,1843.1830004596284,,1,0,0,17.735442502239376
1398864600,1883.95,1845.1127736015624,,1,0,0,17.362196609222277
1398951000,1883.68,1850.7559962414061,,1,0,0,16.875611137134968
1399037400,1881.14,1853.0458966172653,,1,0,0,16.586638913053893
1399296600,1884.66,1853.0458966172653,,1,0,0,16.74045041926433
1399383000,1867.72,1853.0458966172653,,1,0,0,16.754703960745452
1399469400,1878.21,1853.0458966172653,,1,0,0,16.917939392120775
1399555800,1875.63,1853.0458966172653,,1,0,0,17.06808657839786
1399642200,1878.48,1853.0458966172653,,1,0,0,16.673937537083724
1399901400,1896.65,1855.541156509176,,1,0,0,16.815084855863464
1399987800,1897.45,1868.1580408582586,,1,0,0,16.050435937587512
1400074200,1888.53,1868.1580408582586,,1,0,0,15.738261942045552
1400160600,1870.85,1868.1580408582586,,1,0,0,16.483386089042305
1400247000,1877.86,1868.1580408582586,,1,0,0,16.267429939825
1400506200,1885.08,1868.1580408582586,,1,0,0,16.075470658408925
1400592600,1872.83,1868.1580408582586,,1,0,0,16.13722275423685
1400679000,1888.03,1868.1580408582586,,1,0,0,16.125278271791363
1400765400,1892.49,1868.1580408582586,,1,0,0,15.754901252377682
1400851800,1900.53,1868.1580408582586,,1,0,0,15.255979734350703
1401197400,1911.91,1878.3560795621936,,1,0,0,15.005552610468511
1401283800,1909.78,1883.5379716059742,,1,0,0,14.445155995435053
1401370200,1920.03,1888.2671744453767,,1,0,0,14.145501995761121
1401456600,1923.57,1894.864957000839,,1,0,0,13.662966138921032
1401715800,1924.97,1896.0269613007551,,1,0,0,13.39418284328382
1401802200,1924.24,1898.2612651706795,,1,0,0,12.886026925906403
1401888600,1927.88,1900.3071386536117,,1,0,0,12.682025002627388
1401975000,1940.46,1907.5959247882506,,1,0,0,13.119737502439714
1402061400,1949.44,1921.8638323094256,,1,0,0,12.824041966551164
1402320600,1951.27,1928.021949078483,,1,0,0,12.507324683226072
1402407000,1950.79,1928.021949078483,,1,0,0,12.087515777281343
1402493400,1943.89,1928.021949078483,,1,0,0,11.989121793189822
1402579800,1930.11,1928.021949078483,,1,0,0,12.426327379390559
1402666200,1936.16,1928.021949078483,,1,0,0,12.225161138005513
1402925400,1937.78,1928.021949078483,,1,0,0,12.083363913862263
1403011800,1941.99,1928.021949078483,,1,0,0,11.94455220572925
1403098200,1956.98,1928.021949078483,,1,0,0,12.409227048177163
1403184600,1959.48,1932.8698673776266,,1,0,0,12.0664251161645
1403271000,1962.87,1939.716380639864,,1,0,0,11.543109036438466
1403530200,1962.61,1940.7037425758776,,1,0,0,11.065029819549997
1403616600,1949.98,1940.7037425758776,,1,0,0,11.691099118153579
1403703000,1959.53,1940.7037425758776,,1,0,0,11.808877752571174
1403789400,1957.22,1940.7037425758776,,1,0,0,12.051100770244664
1403875800,1960.96,1940.7037425758776,,1,0,0,11.853879286655756
1404135000,1960.23,1940.7037425758776,,1,0,0,11.4371736233232
1404221400,1973.32,1946.914234603267,,1,0,0,11.930946935942966
1404307800,1974.62,1952.6383111429402,,1,0,0,11.370879297661336
1404394200,1985.44,1958.7529800286463,,1,0,0,11.3422450621141
1404739800,1977.65,1958.7529800286463,,1,0,0,11.286370414820231
1404826200,1963.71,1958.7529800286463,,1,0,0,11.779486813761647
1404912600,1972.83,1958.7529800286463,,1,0,0,11.683809184207247
1404999000,1964.68,1958.7529800286463,,1,0,0,12.275679956763875
1405085400,1967.57,1958.7529800286463,,1,0,0,12.044559959852167
1405344600,1977.1,1958.7529800286463,,1,0,0,12.06137710557701
1405431000,1973.28,1958.7529800286463,,1,0,0,12.42699302660723
1405517400,1981.57,1958.7529800286463,,1,0,0,12.300779238992433
1405603800,1958.12,,1996.2491544642296,1,0,0,13.294295007635835
1405690200,1978.22,,1996.2491544642296,1,0,0,13.901131078519002
1405949400,1973.63,,1996.2491544642296,1,0,0,13.79747885862479
1406035800,1983.53,,1996.2491544642296,1,0,0,13.712658940151584
1406122200,1987.01,,1996.2491544642296,1,0,0,13.218183301569326
1406208600,1987.98,,1996.2491544642296,1,0,0,12.67402735145724
1406295000,1978.34,,1996.2491544642296,1,0,0,12.740882540638877
1406554200,1978.91,,1996.2491544642296,1,0,0,12.845819502021817
1406640600,1969.95,,1996.2491544642296,1,0,0,12.99254668044882
1406727000,1970.07,,1996.2491544642296,1,0,0,13.24165048898819
1406813400,1930.67,,1979.9800141006242,1,0,0,15.110104025489024
1406899800,1925.15,,1959.9235126905617,1,0,0,15.529382309382667
1407159000,1938.99,,1959.9235126905617,1,0,0,15.971569287283907
1407245400,1920.21,,1959.9235126905617,1,0,0,16.632171481049344
1407331800,1920.24,,1955.1335407514196,1,0,0,16.619873518117252
1407418200,1909.57,,1953.5651866762776,1,0,0,17.154882552537458
1407504600,1931.59,,1953.5651866762776,1,0,0,17.598819513070506
1407763800,1936.92,,1953.5651866762776,1,0,0,17.29247526213691
1407850200,1933.75,,1953.5651866762776,1,0,0,16.86872702912714
1407936600,1946.72,,1953.5651866762776,1,0,0,16.71096081276092
1408023000,1955.18,1918.4428626695249,,1,0,0,16.12517789756371
1408109400,1955.06,1918.6725764025723,,1,0,0,16.583379476309155
1408368600,1971.74,1931.101318762315,,1,0,0,16.60813808514422
1408455000,1981.6,1944.8176868860837,,1,0,0,16.19541393620534
1408541400,1986.51,1951.3979181974753,,1,0,0,15.81645579790495
1408627800,1992.37,1960.5856263777277,,1,0,0,15.275994669483168
1408714200,1988.4,1960.5856263777277,,1,0,0,14.81199505023437
1408973400,1997.92,1968.0890573659594,,1,0,0,14.721852546646195
1409059800,2000.02,1974.5106516293636,,1,0,0,14.178863079028602
1409146200,2000.12,1974.5106516293636,,1,0,0,13.590372859097991
1409232600,1996.74,1974.5106516293636,,1,0,0,13.305346226305272
1409319000,2003.37,1974.6738500378062,,1,0,0,12.978535781569182
1409664600,2002.28,1976.3239650340254,,1,0,0,12.856497511457096
1409751000,2000.72,1979.737068530623,,1,0,0,12.73389054635301
1409837400,1997.65,1979.737068530623,,1,0,0,13.155041221613516
1409923800,2007.71,1979.737068530623,,1,0,0,13.473252562926845
1410183000,2001.54,1979.737068530623,,1,0,0,13.375877379860652
1410269400,1988.44,1979.737068530623,,1,0,0,13.629743281299183
1410355800,1995.69,1979.737068530623,,1,0,0,13.63261876120639
1410442200,1997.45,1979.737068530623,,1,0,0,13.496003135405934
1410528600,1985.54,1979.737068530623,,1,0,0,13.759860054305515
1410787800,1984.13,1979.737068530623,,1,0,0,13.39844147899798
1410874200,1998.98,1979.737068530623,,1,0,0,14.099981373355272
1410960600,2001.57,1979.737068530623,,1,0,0,14.339268418115612
1411047000,2011.36,1979.737068530623,,1,0,0,14.084320673964497
1411133400,2010.4,1984.9510818839315,,1,0,0,13.983297768681323
1411392600,1994.29,1984.9510818839315,,1,0,0,14.369490785204093
1411479000,1982.77,,2017.7670736740158,1,0,0,14.245955729118094
1411565400,1998.3,,2017.7670736740158,1,0,0,14.739816034181077
1411651800,1965.99,,2015.1542296759526,1,0,0,15.994829174596711
1411738200,1982.85,,2010.5203067083573,1,0,0,16.308055662125508
1411997400,1977.8,,2007.2247760375215,1,0,0,16.486765971973682
1412083800,1972.29,,2007.2247760375215,1,0,0,16.466996973975565
1412170200,1946.16,,1993.6092685903923,1,0,0,17.474354332977306
1412256600,1946.17,,1977.759341731353,1,0,0,18.10404330919321
1412343000,1967.9,,1977.759341731353,1,0,0,18.598040215679408
1412602200,1964.82,,1977.759341731353,1,0,0,18.656037343130865
1412688600,1935.1,,1977.759341731353,1,0,0,19.462748961478667
1412775000,1968.89,,1977.759341731353,1,0,0,21.294695464230184
1412861400,1928.21,,1977.759341731353,1,0,0,22.72578864535661
1412947800,1906.13,,1972.8220233140519,1,0,0,23.311803742116858
1413207000,1874.74,,1946.881320982647,1,0,0,24.357389189108495
1413293400,1877.7,,1939.0236888843822,1,0,0,24.540432818457894
1413379800,1862.49,,1907.224319995944,1,0,0,26.86183047428233
1413466200,1862.76,,1907.224319995944,1,0,0,27.87098544040502
1413552600,1886.76,,1907.224319995944,1,0,0,28.40877219466181
1413811800,1904.01,,1907.224319995944,1,0,0,28.00314560932883
1413898200,1941.28,1863.186843650661,,1,0,0,28.74863520866249
1413984600,1927.11,1877.118659285595,,1,0,0,28.300875550900884
1414071000,1950.82,1884.6607933570356,,1,0,0,28.767955868693686
1414157400,1964.58,1896.3282140213319,,1,0,0,28.070244735215567
1414416600,1961.63,1901.8533926191988,,1,0,0,27.0130843969859
1414503000,1985.05,1919.374553357279,,1,0,0,26.756435511486895
1414589400,1982.3,1926.049598021551,,1,0,0,26.442404403523557
1414675800,1994.65,1933.3916382193959,,1,0,0,26.314375517557597
1414762200,2018.05,1956.6719743974563,,1,0,0,26.116205837732053
1415025000,2017.81,1969.1932769577109,,1,0,0,25.020762563608336
1415111400,2012.1,1969.1932769577109,,1,0,0,24.43356523763631
1415197800,2023.57,1973.3368543357456,,1,0,0,23.52188200637658
1415284200,2031.21,1979.402668902171,,1,0,0,22.96674757734968
1415370600,2031.92,1987.9279020119538,,1,0,0,21.982694178967563
1415629800,2038.26,1995.1656118107585,,1,0,0,21.02178745189845
1415716200,2039.68,2001.7375506296826,,1,0,0,19.948802633905704
1415802600,2038.25,2001.7375506296826,,1,0,0,19.122459588626718
1415889000,2039.33,2004.0542160100429,,1,0,0,18.88085533229624
1415975400,2039.82,2006.4757944090388,,1,0,0,18.03365137998936
1416234600,2041.32,2008.0322149681347,,1,0,0,17.36053342427583
1416321000,2051.8,2018.1684934713212,,1,0,0,17.174781036827557
1416407400,2048.72,2018.1684934713212,,1,0,0,16.78872524848273
1416493800,2052.75,2018.1684934713212,,1,0,0,16.54310201644826
1416580200,2063.5,2033.7374717405933,,1,0,0,16.697880443844813
1416839400,2069.41,2038.9552245665338,,1,0,0,15.981603269284475
1416925800,2067.03,2041.7897021098806,,1,0,0,15.515774464335587
1417012200,2072.83,2043.6997318988924,,1,0,0,14.883933431168765
1417185000,2067.56,2044.640258709003,,1,0,0,14.58508104322816
1417444200,2053.44,2044.640258709003,,1,0,0,14.828289540140418
1417530600,2066.55,2044.640258709003,,1,0,0,14.864126001558954
1417617000,2074.33,2045.0590785988634,,1,0,0,14.497402715733315
1417703400,2071.92,2045.0590785988634,,1,0,0,14.533302521752363
1417789800,2075.37,2049.3192036650794,,1,0,0,14.113780913055754
1418049000,2060.31,2049.3192036650794,,1,0,0,14.64208227640893
1418135400,2059.82,2049.3192036650794,,1,0,0,15.484076399522566
1418221800,2026.14,,2075.7373805281572,1,0,0,16.918070942413824
1418308200,2035.33,,2075.7373805281572,1,0,0,17.8089230179557
1418394600,2002.33,,2056.863878227807,1,0,0,18.893999945244577
1418653800,1989.63,,2043.3774904050265,1,0,0,20.14657137772711
1418740200,1972.74,,2042.2032413645238,1,0,0,21.8739591364609
1418826600,2012.89,,2042.2032413645238,1,0,0,23.455104912427977
1418913000,2061.23,1984.0578244947355,,1,0,0,25.232597418683117
1418999400,2070.65,2015.6335420452622,,1,0,0,24.63169760306287
1419258600,2078.54,2023.6981878407364,,1,0,0,23.549433488558382
1419345000,2082.17,2036.3223690566622,,1,0,0,22.4523310965185
1419431400,2081.88,2041.335132150996,,1,0,0,21.255736018195737
1419604200,2088.77,2047.2986189358965,,1,0,0,20.510326302610306
1419863400,2090.57,2051.008757042307,,1,0,0,19.60244585242387
1419949800,2080.35,2051.008757042307,,1,0,0,18.990842577250735
1420036200,2058.9,2051.008757042307,,1,0,0,19.60863953601853
1420209000,2058.2,2051.008757042307,,1,0,0,20.08802242630293
1420468200,2020.58,,2080.239431504542,1,0,0,21.57173511013843
1420554600,2002.61,,2058.821488354088,1,0,0,22.731611173699967
1420641000,2025.9,,2058.821488354088,1,0,0,23.036496089864254
1420727400,2062.14,1996.3930444331884,,1,0,0,24.118174940588226
1420813800,2044.81,2000.3032399898698,,1,0,0,24.259733873403345
1421073000,2028.26,2000.3032399898698,,1,0,0,24.43546716816027
1421159400,2023.03,2000.3032399898698,,1,0,0,26.167219513291666
1421245800,2011.27,2000.3032399898698,,1,0,0,26.768846690913684
1421332200,1992.67,,2063.905598242646,1,0,0,26.991071927276984
1421418600,2019.42,,2062.5040384183817,1,0,0,27.37313821818578
1421764200,2022.55,,2062.5040384183817,1,0,0,27.164342631172513
1421850600,2032.12,,2062.5040384183817,1,0,0,27.099032443231618
1421937000,2063.15,1986.7280659929997,,1,0,0,27.89481584014363
1422023400,2051.82,2001.3432593937,,1,0,0,26.80304328013338
1422282600,2057.09,2001.3432593937,,1,0,0,26.077825902980983
1422369000,2029.55,2001.3432593937,,1,0,0,26.870838338482347
1422455400,2002.16,2001.3432593937,,1,0,0,27.88006417144789
1422541800,2021.25,2001.3432593937,,1,0,0,28.42148815920162
1422628200,1994.99,,2067.691488160614,1,0,0,28.529953290687207
1422887400,2020.85,,2062.839339344553,1,0,0,29.403528055638123
1422973800,2050.03,,2062.839339344553,1,0,0,29.40684748023542
1423060200,2041.51,,2062.839339344553,1,0,0,28.59350123164716
1423146600,2062.52,,2062.839339344553,1,0,0,28.12539400081523
1423233000,2055.47,,2062.839339344553,1,0,0,27.71858014361416
1423492200,2046.74,,2062.839339344553,1,0,0,26.75868156192742
1423578600,2068.59,2006.9407806393913,,1,0,0,26.570204307504042
1423665000,2068.53,2015.1177025754519,,1,0,0,25.778761142682338
1423751400,2088.48,2029.6994323179072,,1,0,0,25.3659924896336
1423837800,2096.99,2045.198989086116,,1,0,0,24.29199302608837
1424183400,2100.34,2051.250590177505,,1,0,0,23.37827923851063
1424269800,2099.68,2054.682531159754,,1,0,0,22.293402150045587
1424356200,2097.45,2056.8352780437785,,1,0,0,21.5110162821852
1424442600,2110.3,2057.328750239401,,1,0,0,21.77237226202912
1424701800,2109.66,2068.438375215461,,1,0,0,20.73863138616991
1424788200,2115.48,2075.2130376939144,,1,0,0,20.11944343001493
1424874600,2113.86,2079.777233924523,,1,0,0,19.37519747072817
1424961000,2110.74,2079.777233924523,,1,0,0,18.71625479424756
1425047400,2104.5,2079.777233924523,,1,0,0,18.02152230894415
1425306600,2117.39,2079.777233924523,,1,0,0,17.664270715448136
1425393000,2107.78,2079.777233924523,,1,0,0,17.768965664344673
1425479400,2098.53,2079.777233924523,,1,0,0,17.939753831177217
1425565800,2101.04,2079.777233924523,,1,0,0,17.303342843236003
1425652200,2071.26,,2119.096067279326,1,0,0,18.479532640147713
1425907800,2079.43,,2111.801460551393,1,0,0,18.033137451565704
1425994200,2044.16,,2097.7603144962536,1,0,0,19.264341919310993
1426080600,2040.24,,2080.812283046628,1,0,0,18.630460353645912
1426167000,2065.95,,2080.812283046628,1,0,0,19.168998899814053
1426253400,2053.4,,2080.812283046628,1,0,0,19.56978469268446
1426512600,2081.19,2027.8870706590083,,1,0,0,20.172657214635553
1426599000,2074.28,2033.1693635931074,,1,0,0,19.882467413590167
1426685400,2099.5,2039.2169272337965,,1,0,0,21.72086259833372
1426771800,2089.27,2048.996234510417,,1,0,0,21.165086698452743
1426858200,2108.1,2058.374111059375,,1,0,0,21.414009077134697
1427117400,2104.42,2068.180699953438,,1,0,0,20.63015128591079
1427203800,2091.5,2068.180699953438,,1,0,0,20.308711908345742
1427290200,2061.05,,2123.0014330377153,1,0,0,21.456661057749592
1427376600,2056.15,,2100.0402897339436,1,0,0,21.470470982196055
1427463000,2061.02,,2099.2127607605494,1,0,0,20.641865912039187
1427722200,2086.24,,2099.2127607605494,1,0,0,21.163875489750662
1427808600,2067.89,,2099.2127607605494,1,0,0,21.023598669054174
1427895000,2059.69,,2099.2127607605494,1,0,0,20.91548447840743
1427981400,2066.96,,2099.2127607605494,1,0,0,20.482235587092607
1428327000,2080.62,,2099.2127607605494,1,0,0,21.19564733087169
1428413400,2076.33,,2099.2127607605494,1,0,0,20.660958235809428
1428499800,2081.9,,2099.2127607605494,1,0,0,20.141604076108745
1428586200,2091.18,,2099.2127607605494,1,0,0,20.061489499243834
1428672600,2102.06,2059.1062716398633,,1,0,0,19.444954535012155
1428931800,2092.43,2062.7676444758763,,1,0,0,19.15031492536844
1429018200,2095.84,2062.7676444758763,,1,0,0,18.881006716413562
1429104600,2106.63,2068.73249202546,,1,0,0,18.680220522383998
1429191000,2104.99,2070.8847428229137,,1,0,0,18.151633342213724
1429277400,2081.18,2070.8847428229137,,1,0,0,19.185088103484166
1429536600,2100.4,2070.8847428229137,,1,0,0,19.44043895323531
1429623000,2097.29,2070.8847428229137,,1,0,0,19.141836170861342
1429709400,2107.96,2070.8847428229137,,1,0,0,19.126705015799807
1429795800,2112.93,2074.367233989503,,1,0,0,18.996226086099803
1429882200,2117.69,2081.5105105905527,,1,0,0,18.219352794235522
1430141400,2108.92,2081.5105105905527,,1,0,0,18.266541880361565
1430227800,2114.76,2081.5105105905527,,1,0,0,18.4760746031929
1430314200,2106.85,2081.5105105905527,,1,0,0,18.39564070296486
1430400600,2085.51,2081.5105105905527,,1,0,0,19.171666367038785
1430487000,2108.29,2081.5105105905527,,1,0,0,19.437975912250273
1430746200,2114.49,2081.5105105905527,,1,0,0,18.953834775660958
1430832600,2089.46,2081.5105105905527,,1,0,0,19.512846577399444
1430919000,2080.15,,2124.6477925154095,1,0,0,20.29692896472807
1431005400,2088,,2124.6477925154095,1,0,0,20.126434038676088
1431091800,2116.1,,2124.6477925154095,1,0,0,20.8074030359135
1431351000,2105.33,,2124.6477925154095,1,0,0,20.257588533348258
1431437400,2099.12,,2124.6477925154095,1,0,0,20.222046495251938
1431523800,2098.48,,2124.6477925154095,1,0,0,19.788328888448234
1431610200,2121.1,,2124.6477925154095,1,0,0,20.015591110701916
1431696600,2122.73,,2124.6477925154095,1,0,0,19.093048888508914
1431955800,2129.2,2089.619173227183,,1,0,0,18.56997396790113
1432042200,2127.83,2094.407755904465,,1,0,0,17.85211868447962
1432128600,2125.85,2095.311980314018,,1,0,0,17.44339592130248
1432215000,2130.82,2096.340282282616,,1,0,0,17.006724784066613
1432301400,2126.06,2098.8397540543547,,1,0,0,16.226958728061867
1432647000,2104.2,2098.8397540543547,,1,0,0,16.98789024748603
1432733400,2123.48,2098.8397540543547,,1,0,0,17.34732665837988
1432819800,2120.79,2098.8397540543547,,1,0,0,16.866803325638454
1432906200,2107.39,2098.8397540543547,,1,0,0,16.797745945235715
1433165400,2111.73,2098.8397540543547,,1,0,0,16.78433552057603
1433251800,2109.6,2098.8397540543547,,1,0,0,16.90331155482062
1433338200,2114.07,2098.8397540543547,,1,0,0,16.575932158047728
1433424600,2095.84,,2136.136823040586,1,0,0,16.8805084324729
1433511000,2092.83,,2126.163140736527,1,0,0,16.769043544439103
1433770200,2079.28,,2118.389826662875,1,0,0,16.56411186269346
1433856600,2080.15,,2110.6728439965873,1,0,0,16.343818158215356
1433943000,2105.2,,2110.6728439965873,1,0,0,17.20140257548568
1434029400,2108.86,,2110.6728439965873,1,0,0,16.674159534379573
1434115800,2094.11,,2110.6728439965873,1,0,0,16.735290996209617
1434375000,2084.43,,2110.6728439965873,1,0,0,17.08419878219467
1434461400,2096.29,,2110.6728439965873,1,0,0,16.95675601203792
1434547800,2100.44,,2110.6728439965873,1,0,0,17.026273439749485
1434634200,2121.24,2078.3351058442486,,1,0,0,17.68225390833881
1434720600,2109.99,2080.856095259824,,1,0,0,17.294950057743165
1434979800,2122.85,2086.0204857338413,,1,0,0,17.47959648219009
1435066200,2124.2,2090.6839371604574,,1,0,0,16.812482447747964
1435152600,2108.58,2090.6839371604574,,1,0,0,16.791590844337396
1435239000,2102.31,2090.6839371604574,,1,0,0,16.610762926884707
1435325400,2101.49,2090.6839371604574,,1,0,0,16.39142271782151
1435584600,2057.64,,2115.5933608290243,1,0,0,18.42417823797711
1435671000,2063.11,,2103.054524746122,1,0,0,18.391022649550173
1435757400,2077.42,,2103.054524746122,1,0,0,18.482378174582305
1435843800,2076.78,,2103.054524746122,1,0,0,18.165065447826425
1436189400,2068.76,,2103.054524746122,1,0,0,18.31113220155311
1436275800,2081.34,,2103.054524746122,1,0,0,19.840337044299304
1436362200,2046.68,,2103.054524746122,1,0,0,21.043170112563644
1436448600,2051.31,,2103.054524746122,1,0,0,21.511515104523394
1436535000,2076.62,,2103.054524746122,1,0,0,22.117835454200296
1436794200,2099.6,,2103.054524746122,1,0,0,22.255847207471714
1436880600,2108.95,2059.791441179555,,1,0,0,21.651858121223746
1436967000,2107.4,2065.225297061599,,1,0,0,20.937439683993485
1437053400,2124.29,2075.3002673554397,,1,0,0,20.657622563708234
1437139800,2126.64,2084.6227406198955,,1,0,0,19.827078094871915
1437399000,2128.28,2090.605966557906,,1,0,0,19.065858230952497
1437485400,2119.21,2090.605966557906,,1,0,0,18.63901121445587
1437571800,2114.15,2090.605966557906,,1,0,0,17.96551041342331
1437658200,2102.15,2090.605966557906,,1,0,0,17.985116812464486
1437744600,2079.65,,2128.706150841358,1,0,0,18.766179897288456
1438003800,2067.64,,2107.521535757222,1,0,0,18.577881333196434
1438090200,2093.25,,2107.521535757222,1,0,0,19.248032666539547
1438176600,2108.57,2064.1373060366504,,1,0,0,19.11245890464386
1438263000,2108.63,2065.2405754329848,,1,0,0,18.85514041145503
1438349400,2103.84,2071.9850178896863,,1,0,0,18.377630382065355
1438608600,2098.04,2071.9850178896863,,1,0,0,18.378513926203535
1438695000,2093.32,2071.9850178896863,,1,0,0,18.05933436004616
1438781400,2099.84,2071.9850178896863,,1,0,0,18.150810477185697
1438867800,2083.56,2071.9850178896863,,1,0,0,18.839324014529574
1438954200,2077.57,2071.9850178896863,,1,0,0,18.611515156348897
1439213400,2104.18,2071.9850178896863,,1,0,0,19.266406930895386
1439299800,2084.07,2071.9850178896863,,1,0,0,19.86809215011715
1439386200,2086.05,2071.9850178896863,,1,0,0,21.08965699653734
1439472600,2083.39,2071.9850178896863,,1,0,0,20.631110068213218
1439559000,2091.54,2071.9850178896863,,1,0,0,20.003173634769393
1439818200,2102.44,2071.9850178896863,,1,0,0,20.257946946571558
1439904600,2096.92,2071.9850178896863,,1,0,0,19.477379307530725
1439991000,2079.61,2071.9850178896863,,1,0,0,19.971137928421378
1440077400,2035.73,,2101.2598165118043,1,0,0,21.678913790677
1440163800,1970.89,,2056.0338348606238,1,0,0,24.761848519914356
1440423000,1893.21,,1985.0499513745613,1,0,0,30.413145054206193
1440509400,1867.61,,1985.0499513745613,1,0,0,34.02363469319147
1440595800,1940.51,,1985.0499513745613,1,0,0,36.9848036436778
1440682200,1987.66,1879.3859854479447,,1,0,0,37.84946052627224
1440768600,1988.87,1902.5578869031503,,1,0,0,36.452356202967074
1441027800,1972.18,1902.5578869031503,,1,0,0,35.483616474183705
1441114200,1913.85,1902.5578869031503,,1,0,0,37.88550101174202
1441200600,1948.86,1902.5578869031503,,1,0,0,37.683679510903325
1441287000,1951.13,1902.5578869031503,,1,0,0,37.1555595458388
1441373400,1921.22,1902.5578869031503,,1,0,0,37.35301957827888
1441719000,1969.41,1902.5578869031503,,1,0,0,38.19923246554468
1441805400,1942.04,1902.5578869031503,,1,0,0,39.095715860862924
1441891800,1952.29,1902.5578869031503,,1,0,0,38.310307585086996
1441978200,1961.05,1902.5578869031503,,1,0,0,37.13528561472363
1442237400,1953.03,1902.5578869031503,,1,0,0,35.53919378510051
1442323800,1978.09,1902.5578869031503,,1,0,0,35.15496565759334
1442410200,1995.31,1919.3114813286923,,1,0,0,34.024610967765234
1442496600,1990.2,1935.513833195823,,1,0,0,34.03213875578199
1442583000,1958.03,1935.513833195823,,1,0,0,34.226271701797565
1442842200,1966.97,1935.513833195823,,1,0,0,33.484395151669176
1442928600,1942.74,1935.513833195823,,1,0,0,33.789081212264236
1443015000,1938.76,1935.513833195823,,1,0,0,32.58628969710251
1443101400,1932.24,,1986.7970531861986,1,0,0,32.390126147309466
1443187800,1931.34,,1986.7970531861986,1,0,0,32.3186885653588
1443447000,1881.77,,1971.9103630808208,1,0,0,33.733782239261735
1443533400,1884.09,,1952.1528267727388,1,0,0,33.29351207931446
1443619800,1920.03,,1952.1528267727388,1,0,0,33.51826121650629
1443706200,1923.82,,1952.1528267727388,1,0,0,33.017671129612985
1443792600,1951.36,,1952.1528267727388,1,0,0,34.77783747749776
1444051800,1987.05,1900.5986478544062,,1,0,0,34.99442051481936
1444138200,1979.92,1913.8427830689654,,1,0,0,33.89696190661797
1444224600,1995.83,1922.135004762069,,1,0,0,33.10932177043096
1444311000,2013.43,1937.055004285862,,1,0,0,32.81365592968589
1444397400,2014.89,1952.9020038572758,,1,0,0,31.364109077565484
1444656600,2017.46,1958.1118034715482,,1,0,0,29.703101286310815
1444743000,2003.69,1958.1118034715482,,1,0,0,29.050022623002896
1444829400,1994.24,1958.1118034715482,,1,0,0,28.32002100707411
1444915800,2023.86,1958.1118034715482,,1,0,0,28.433590935140252
1445002200,2033.11,1975.8869057576828,,1,0,0,27.336905868344513
1445261400,2033.66,1979.9502151819147,,1,0,0,26.251412592034196
1445347800,2030.77,1986.7761936637228,,1,0,0,25.26988312117461
1445434200,2018.94,1986.7761936637228,,1,0,0,24.947034326805
1445520600,2052.51,1990.2210668676157,,1,0,0,25.75510330346177
1445607000,2075.15,2020.0319601808544,,1,0,0,25.86045306750018
1445866200,2071.18,2025.0712641627688,,1,0,0,24.628992134107303
1445952600,2065.89,2025.0712641627688,,1,0,0,23.751206981671043
1446039000,2090.35,2031.992173971843,,1,0,0,24.000406482980235
1446125400,2089.41,2045.3329565746585,,1,0,0,22.992520305624492
1446211800,2079.36,2045.8161609171927,,1,0,0,22.420197426651317
1446474600,2104.05,2051.1995448254734,,1,0,0,22.735897610461915
1446561000,2109.79,2065.148590342926,,1,0,0,22.466904924000335
1446647400,2102.31,2065.148590342926,,1,0,0,22.11998314371461
1446733800,2099.93,2065.148590342926,,1,0,0,21.852127204877878
1446820200,2099.2,2065.148590342926,,1,0,0,21.58911811881518
1447079400,2078.58,2065.148590342926,,1,0,0,22.258466824614096
1447165800,2081.72,2065.148590342926,,1,0,0,21.65143347999882
1447252200,2075,2065.148590342926,,1,0,0,20.968473945713196
1447338600,2045.97,,2100.2027588771084,1,0,0,21.56644009244796
1447425000,2023.04,,2075.2249829893976,1,0,0,21.736694371558823
1447684200,2053.19,,2075.2249829893976,1,0,0,22.600501916447456
1447770600,2050.44,,2075.2249829893976,1,0,0,22.47118035098692
1447857000,2083.58,2021.9118974007288,,1,0,0,23.35681032591642
1447943400,2081.24,2039.0897076606564,,1,0,0,22.258466731208074
1448029800,2089.17,2047.4817368945908,,1,0,0,21.798576250407507
1448289000,2086.59,2047.4817368945908,,1,0,0,21.257249375378418
1448375400,2089.14,2047.4817368945908,,1,0,0,21.441017277137096
1448461800,2088.87,2050.7648861961566,,1,0,0,20.38808747162729
1448634600,2090.11,2051.881397576541,,1,0,0,19.586081223653903
1448893800,2080.41,2051.881397576541,,1,0,0,19.144218279107204
1448980200,2102.63,2056.314832036998,,1,0,0,19.41677411631383
1449066600,2079.51,2056.314832036998,,1,0,0,19.969861679434263
1449153000,2049.62,,2106.9302860500316,1,0,0,21.58987155947468
1449239400,2091.69,,2106.9302860500316,1,0,0,23.206309305226508
1449498600,2077.07,,2106.9302860500316,1,0,0,23.328001497710318
1449585000,2063.59,,2106.9302860500316,1,0,0,23.42957281930244
1449671400,2047.62,,2106.9302860500316,1,0,0,24.884603332209405
1449757800,2052.23,,2106.9302860500316,1,0,0,24.67713166562302
1449844200,2012.37,,2082.8601662337146,1,0,0,26.016622260935666
1450103400,2021.94,,2063.3646496103433,1,0,0,26.276863528011695
1450189800,2043.41,,2063.3646496103433,1,0,0,26.680658990296564
1450276200,2073.07,2002.1971338156218,,1,0,0,27.224183348132506
1450362600,2041.89,2002.1971338156218,,1,1,0,27.7588845375516
1450449000,2005.55,2002.1971338156218,,1,0,0,28.387535642012214
1450708200,2021.15,2002.1971338156218,,1,0,0,27.59914023901135
1450794600,2038.97,2002.1971338156218,,1,0,0,27.21705879336768
1450881000,2064.29,2002.1971338156218,,1,0,0,27.112983165269988
1450967400,2060.99,2011.158534637108,,1,0,0,25.792770082036423
1451313000,2056.5,2011.158534637108,,1,0,0,25.14971507617666
1451399400,2078.36,2020.9877630560577,,1,0,0,25.14330685644975
1451485800,2063.36,2021.3209867504513,,1,0,0,24.518070652417652
1451572200,2043.94,2021.3209867504513,,1,0,0,24.176779891530693
1451917800,2012.66,,2067.495750732134,1,0,0,26.325581327849928
1452004200,2016.71,,2064.809175658921,1,0,0,25.714468375860644
1452090600,1990.26,,2049.490758093029,1,0,0,26.567720634727745
1452177000,1943.09,,2021.0606822837258,1,0,0,28.343597732247197
1452263400,1922.03,,2000.9051140553534,1,0,0,29.314769322800974
1452522600,1923.67,,1980.612602649818,1,0,0,29.688714371172345
1452609000,1938.68,,1980.612602649818,1,0,0,29.927377630374334
1452695400,1890.28,,1980.612602649818,1,0,0,32.355422085347584
1452781800,1921.84,,1980.0356723317173,1,0,0,34.011463364965614
1452868200,1880.33,,1966.0591050985456,1,0,0,36.15421598175379
1453213800,1881.33,,1961.3116945886911,1,0,0,36.20320055448567
1453300200,1859.33,,1928.505525129822,1,0,0,38.548686229165256
1453386600,1868.99,,1928.505525129822,1,0,0,38.71449435565345
1453473000,1906.9,,1928.505525129822,1,0,0,38.796316187392485
1453732200,1877.08,,1928.505525129822,1,0,0,38.2344364597216
1453818600,1903.63,,1928.505525129822,1,0,0,37.62126242688435
1453905000,1882.95,,1928.505525129822,1,0,0,38.09760082496403
1453991400,1893.36,,1928.505525129822,1,0,0,37.46991505175231
1454077800,1940.24,1837.5538994550338,,1,0,0,38.14206397662715
1454337000,1939.38,1856.7605095095307,,1,0,0,37.33905940686808
1454423400,1903.03,1856.7605095095307,,1,0,0,37.67841230637752
1454509800,1912.53,1856.7605095095307,,1,0,0,38.257097141636265
1454596200,1915.45,1856.7605095095307,,1,0,0,37.44087591723367
1454682600,1880.05,1856.7605095095307,,1,0,0,37.82367049457412
1454941800,1853.44,,1930.8827580397174,1,0,0,38.80697974496167
1455028200,1852.21,,1930.2819822357455,1,0,0,38.41433833460727
1455114600,1851.86,,1930.2819822357455,1,0,0,37.90474273927818
1455201000,1829.08,,1906.2688556109538,1,0,0,38.180118257901164
1455287400,1864.78,,1906.2688556109538,1,0,0,38.00296695376537
1455633000,1895.58,,1906.2688556109538,1,0,0,37.50204074278213
1455719400,1926.82,1839.7013542596146,,1,0,0,37.330466404011986
1455805800,1917.83,1852.0282188336532,,1,0,0,35.72900451801114
1455892200,1917.78,1852.0282188336532,,1,0,0,34.36336133815319
1456151400,1945.5,1869.6776072552593,,1,0,0,33.974549813999396
1456237800,1921.27,1869.6776072552593,,1,0,0,33.40922482728515
1456324200,1929.8,1869.6776072552593,,1,0,0,33.95713733962192
1456410600,1951.7,1873.6843256890838,,1,0,0,33.41877038679177
1456497000,1948.05,1892.4918931201753,,1,0,0,32.25885821630665
1456756200,1932.23,1892.4918931201753,,1,0,0,31.844654057999033
1456842600,1978.35,1893.611933427342,,1,0,0,32.86432162528481
1456929000,1986.45,1916.415740084608,,1,0,0,31.781870080621612
1457015400,1993.4,1927.150666076147,,1,0,0,30.67745078914865
1457101800,1999.99,1940.9365994685324,,1,0,0,30.08334716135233
1457361000,2001.76,1943.0899395216793,,1,0,0,29.130250935541433
1457447400,1979.26,1943.0899395216793,,1,0,0,28.787375868717042
1457533800,1989.26,1943.0899395216793,,1,0,0,27.69042044952297
1457620200,1989.57,1943.0899395216793,,1,0,0,28.271818988842757
1457706600,2022.19,1953.9451603201737,,1,0,0,28.595260489639703
1457962200,2019.64,1966.6706442881564,,1,0,0,27.44702759752258
1458048600,2015.93,1966.6706442881564,,1,0,0,26.515811340556688
1458135000,2027.22,1972.2123218734066,,1,0,0,26.19182481623121
1458221400,2040.59,1985.448089686066,,1,0,0,26.040980186500406
1458307800,2049.58,2000.5292807174596,,1,0,0,25.02162445889325
1458567000,2051.6,2004.7633526457137,,1,0,0,24.003651283257998
1458653400,2049.8,2005.993517381142,,1,0,0,23.43410476302528
1458739800,2036.71,2005.993517381142,,1,0,0,22.82738299423778
1458826200,2035.94,2005.993517381142,,1,0,0,22.212569923220798
1459171800,2037.05,2005.993517381142,,1,0,0,21.39095778584789
1459258200,2055.01,2005.993517381142,,1,0,0,21.834460801144463
1459344600,2063.95,2025.9134326283904,,1,0,0,21.50342788677699
1459431000,2059.74,2025.9134326283904,,1,0,0,20.714611609150065
1459517400,2072.78,2025.9134326283904,,1,0,0,21.455710779925074
1459776600,2066.13,2030.0452123860969,,1,0,0,20.741017152787556
1459863000,2045.17,2030.0452123860969,,1,0,0,20.943087356159886
1459949400,2066.66,2030.0452123860969,,1,0,0,21.17858111643418
1460035800,2041.91,2030.0452123860969,,1,0,0,22.012968179546018
1460122200,2047.6,2030.0452123860969,,1,0,0,21.793470452435592
1460381400,2041.99,2030.0452123860969,,1,0,0,21.740365420118742
1460467800,2061.72,2030.0452123860969,,1,0,0,21.995339318681705
1460554200,2082.42,2031.556095564612,,1,0,0,21.95710079591873
1460640600,2082.78,2042.3484860081505,,1,0,0,21.08230788192454
1460727000,2080.73,2042.3484860081505,,1,0,0,20.070000176072774
1460986200,2094.34,2045.7936236666017,,1,0,0,20.13714302063899
1461072600,2100.8,2060.8657612999414,,1,0,0,19.582347090593373
1461159000,2102.4,2067.439685169948,,1,0,0,19.235750869836703
1461245400,2091.48,2067.439685169948,,1,0,0,18.95176866484838
1461331800,2091.58,2067.439685169948,,1,0,0,18.53521376021638
1461591000,2087.79,2067.439685169948,,1,0,0,18.215555634486634
1461677400,2091.7,2067.439685169948,,1,0,0,17.705158803451855
1461763800,2095.15,2067.439685169948,,1,0,0,17.696218888919574
1461850200,2075.81,2067.439685169948,,1,0,0,18.409346111139627
1461936600,2065.3,,2099.5677446147383,1,0,0,18.775107103201062
1462195800,2081.43,,2099.5677446147383,1,0,0,18.72831373868669
1462282200,2063.37,,2099.5677446147383,1,0,0,19.286291328780496
1462368600,2051.12,,2090.812140824144,1,0,0,19.1815562338676
1462455000,2050.63,,2089.9904267417296,1,0,0,18.844302217162774
1462541400,2057.14,,2085.5303840675565,1,0,0,18.80328063022256
1462800600,2058.69,,2085.5303840675565,1,0,0,18.163046299492386
1462887000,2084.39,,2085.5303840675565,1,0,0,18.735685849528632
1462973400,2064.46,,2085.5303840675565,1,0,0,18.820994003133716
1463059800,2064.11,,2085.5303840675565,1,0,0,18.96663728862414
1463146200,2046.61,,2085.5303840675565,1,0,0,19.301877482293833
1463405400,2066.66,,2085.5303840675565,1,0,0,19.733886233558568
1463491800,2047.21,,2085.5303840675565,1,0,0,20.17003721687581
1463578200,2047.63,,2085.5303840675565,1,0,0,20.595034558527544
1463664600,2040.04,,2077.3391441054255,1,0,0,20.675389232918437
1463751000,2052.32,,2077.3391441054255,1,0,0,20.506432859138545
1464010200,2048.04,,2077.3391441054255,1,0,0,19.635973369200077
1464096600,2076.06,,2077.3391441054255,1,0,0,20.492689557114367
1464183000,2090.54,2045.6458155524301,,1,0,0,20.362497445891915
1464269400,2090.1,2052.1802339971873,,1,0,0,19.423747628328222
1464355800,2099.06,2058.1012105974683,,1,0,0,18.67919422630478
1464701400,2096.96,2060.2930895377212,,1,0,0,18.403537495854454
1464787800,2099.33,2060.2930895377212,,1,0,0,18.222570531864843
1464874200,2105.26,2061.755102525555,,1,0,0,18.111672636731644
1464960600,2099.13,2061.755102525555,,1,0,0,18.239410305536534
1465219800,2109.41,2072.1793830456995,,1,0,0,17.95302385514107
1465306200,2112.13,2081.313944741129,,1,0,0,17.371379294059558
1465392600,2119.12,2084.898550267016,,1,0,0,16.731995058769595
1465479000,2115.48,2084.898550267016,,1,0,0,16.350423983143184
1465565400,2096.07,2084.898550267016,,1,0,0,17.005393698632954
1465824600,2079.06,,2121.793006855345,1,0,0,17.195008434444876
1465911000,2075.32,,2106.2927061698106,1,0,0,17.19536497484169
1465997400,2071.5,,2106.2927061698106,1,0,0,17.09926747663871
1466083800,2077.99,,2100.9080919975463,1,0,0,17.96717694259309
1466170200,2071.22,,2100.9080919975463,1,0,0,17.78095001812213
1466429400,2083.25,,2100.9080919975463,1,0,0,18.613739302541983
1466515800,2088.9,,2100.9080919975463,1,0,0,18.04418649521755
1466602200,2085.45,,2100.9080919975463,1,0,0,17.851744602702002
1466688600,2113.32,2065.485107106369,,1,0,0,18.567334273937597
1466775000,2037.41,,2118.1574036042684,1,0,0,23.008953254370642
1467034200,2000.54,,2065.6816632438413,1,0,0,24.63188516477274
1467120600,2036.09,,2065.6816632438413,1,0,0,25.41175051014611
1467207000,2070.77,2000.2685027724883,,1,0,0,26.2423397594214
1467293400,2098.86,2026.80465249524,,1,0,0,26.435029776605592
1467379800,2102.95,2049.2441872457157,,1,0,0,25.31895622113376
1467725400,2088.55,2049.2441872457157,,1,0,0,25.088316491052755
1467811800,2099.73,2049.2441872457157,,1,0,0,25.20343674169183
1467898200,2097.9,2049.2441872457157,,1,0,0,24.809619831570988
1467984600,2129.9,2066.018378751914,,1,0,0,25.452504129315912
1468243800,2137.16,2086.798540876722,,1,0,0,24.581610977221903
1468330200,2152.14,2098.2246867890503,,1,0,0,24.128638764563213
1468416600,2152.43,2104.979218110145,,1,0,0,23.136593138522965
1468503000,2163.75,2118.407296299131,,1,0,0,22.66683648577132
1468589400,2161.74,2119.243066669218,,1,0,0,21.994919593930526
1468848600,2166.89,2123.386760002296,,1,0,0,21.0467110515069
1468935000,2163.78,2123.7010840020666,,1,0,0,20.106231690684954
1469021400,2173.02,2133.58297560186,,1,0,0,19.51650085563602
1469107800,2165.17,2133.58297560186,,1,0,0,19.180322223090588
1469194200,2175.03,2134.4268102375067,,1,0,0,18.658156350012714
1469453400,2168.48,2134.4268102375067,,1,0,0,18.25971661072612
1469539800,2169.18,2134.4268102375067,,1,0,0,17.909736852817122
1469626200,2166.58,2134.4268102375067,,1,0,0,17.766898506187317
1469712600,2170.06,2134.4268102375067,,1,0,0,17.43426289860252
1469799000,2173.6,2138.450075827145,,1,0,0,17.160386977273795
1470058200,2170.84,2141.1780682444305,,1,0,0,16.797502193182805
1470144600,2157.03,2141.1780682444305,,1,0,0,17.259109179384048
1470231000,2163.79,2141.1780682444305,,1,0,0,16.82845852371376
1470317400,2164.25,2141.1780682444305,,1,0,0,16.277854343448485
1470403800,2182.87,2144.867537575171,,1,0,0,16.445150461773586
1470663000,2180.89,2152.2607838176536,,1,0,0,15.812639714504055
1470749400,2181.74,2154.8792054358887,,1,0,0,15.329594020610887
1470835800,2175.49,2154.8792054358887,,1,0,0,15.04962301913867
1470922200,2185.79,2155.6770064030698,,1,0,0,14.900364232057338
1471008600,2184.05,2156.698305762763,,1,0,0,14.326052501196108
1471267800,2190.15,2164.456475186486,,1,0,0,13.999905893967796
1471354200,2178.15,2164.456475186486,,1,0,0,13.857769758684398
1471440600,2182.22,2164.456475186486,,1,0,0,13.90935763306408
1471527000,2187.02,2164.456475186486,,1,0,0,13.385117802130944
1471613400,2183.87,2164.456475186486,,1,0,0,13.278323673407296
1471872600,2182.64,2164.456475186486,,1,0,0,12.986300553878207
1471959000,2186.9,2166.5385223045814,,1,0,0,12.828707657172634
1472045400,2175.44,2166.5385223045814,,1,0,0,13.030228538803167
1472131800,2172.47,2166.5385223045814,,1,0,0,12.760926500317241
1472218200,2169.04,2166.5385223045814,,1,0,0,13.817288893151737
1472477400,2180.38,2166.5385223045814,,1,0,0,13.861768257926617
1472563800,2176.12,2166.5385223045814,,1,0,0,13.718784810931867
1472650200,2170.95,2166.5385223045814,,1,0,0,13.793871610151017
1472736600,2170.86,2166.5385223045814,,1,0,0,13.985023637997358
1472823000,2179.98,2166.5385223045814,,1,0,0,13.986807663854673
1473168600,2186.48,2166.5385223045814,,1,0,0,13.80703568786507
1473255000,2186.16,2166.5385223045814,,1,0,0,13.449390281588975
1473341400,2181.3,2166.5385223045814,,1,0,0,13.108005261475483
1473427800,2127.81,,2181.952526574186,1,0,0,15.992433457084394
1473687000,2159.04,,2180.202773916768,1,0,0,18.00583106729267
1473773400,2127.02,,2178.2174965250906,1,0,0,19.48898599105748
1473859800,2125.77,,2173.4637468725814,1,0,0,19.627629848839074
1473946200,2147.26,,2173.4637468725814,1,0,0,20.29351343106484
1474032600,2139.16,,2173.4637468725814,1,0,0,19.991119614560237
1474291800,2139.12,,2173.4637468725814,1,0,0,19.827468213520238
1474378200,2139.76,,2173.4637468725814,1,0,0,19.24550619826881
1474464600,2163.12,,2173.4637468725814,1,0,0,19.695112898392463
1474551000,2177.18,2134.723068813288,,1,0,0,19.49331911993585
1474637400,2164.69,2134.723068813288,,1,0,0,19.04451061136901
1474896600,2146.1,2134.723068813288,,1,0,0,19.087759853414088
1474983000,2159.93,2134.723068813288,,1,0,0,19.122919863884505
1475069400,2171.37,2134.723068813288,,1,0,0,19.229139873607046
1475155800,2151.13,2134.723068813288,,1,0,0,19.817772739777986
1475242200,2168.27,2134.723068813288,,1,0,0,20.128646115508136
1475501400,2161.2,2134.723068813288,,1,0,0,19.65517139297184
1475587800,2150.49,2134.723068813288,,1,0,0,19.783373436330983
1475674200,2159.73,2134.723068813288,,1,0,0,19.33170390516449
1475760600,2160.77,2134.723068813288,,1,0,0,18.854439340509856
1475847000,2153.74,2134.723068813288,,1,0,0,19.008407959044884
1476106200,2163.66,2134.723068813288,,1,0,0,18.78352167625597
1476192600,2136.73,2134.723068813288,,1,0,0,19.928984413666235
1476279000,2139.18,2134.723068813288,,1,0,0,19.404771241261518
1476365400,2132.55,,2166.641806038626,1,0,0,19.765859009742844
1476451800,2132.98,,2166.641806038626,1,0,0,19.542583366189774
1476711000,2126.5,,2166.641806038626,1,0,0,18.945255982890526
1476797400,2139.6,,2166.641806038626,1,0,0,18.869166269826923
1476883800,2144.29,,2166.641806038626,1,0,0,18.256368679124996
1476970200,2141.34,,2166.641806038626,1,0,0,17.93377091633034
1477056600,2141.16,,2166.641806038626,1,0,0,17.548501565163882
1477315800,2151.33,,2166.641806038626,1,0,0,17.26860859622361
1477402200,2143.16,,2166.641806038626,1,0,0,16.71442226792194
1477488600,2139.43,,2166.641806038626,1,0,0,16.530534963070362
1477575000,2133.04,,2166.641806038626,1,0,0,16.39335389427963
1477661400,2126.41,,2162.510320771151,1,0,0,16.74811433040249
1477920600,2126.15,,2160.157288694036,1,0,0,16.10324902108801
1478007000,2111.72,,2149.060559824632,1,0,0,17.353016948153147
1478093400,2097.94,,2137.4015038421694,1,0,0,17.382087166142224
1478179800,2088.66,,2128.430353457952,1,0,0,17.378366654274917
1478266200,2085.18,,2125.5678181121575,1,0,0,17.228483321826722
1478529000,2131.52,2076.2069636990586,,1,0,0,19.342163084553395
1478615400,2139.56,2094.473767329153,,1,0,0,19.625580007085293
1478701800,2163.26,2102.107890596237,,1,0,0,21.420181435150628
1478788200,2167.48,2119.453601536614,,1,0,0,22.113739904068446
1478874600,2164.45,2119.453601536614,,1,0,0,21.604901339492148
1479133800,2164.2,2119.6678672446574,,1,0,0,21.15312267238558
1479220200,2180.39,2130.6350805201914,,1,0,0,20.830756767215206
1479306600,2176.94,2135.394572468172,,1,0,0,19.927845569556982
1479393000,2187.12,2143.789115221355,,1,0,0,19.31942802887433
1479479400,2181.9,2148.52370369922,,1,0,0,18.618754598240432
1479738600,2198.18,2156.254833329297,,1,0,0,18.488843555508954
1479825000,2202.94,2164.917849996368,,1,0,0,17.903211872972598
1479911400,2204.72,2166.309564996731,,1,0,0,17.353696739188813
1480084200,2213.35,2178.109108497058,,1,0,0,16.730575543532478
1480343400,2201.72,2178.109108497058,,1,0,0,16.463391576137287
1480429800,2204.66,2178.109108497058,,1,0,0,16.166720749270333
1480516200,2198.81,2178.109108497058,,1,0,0,16.104097838608162
1480602600,2191.08,2178.109108497058,,1,0,0,16.03666227870757
1480689000,2191.95,2178.109108497058,,1,0,0,15.57547211594274
1480948200,2204.71,2178.109108497058,,1,0,0,15.710795536232563
1481034600,2212.23,2178.4708499689064,,1,0,0,15.343595855073106
1481121000,2241.35,2192.6182649720154,,1,0,0,16.583339008282188
1481207400,2246.19,2212.4104384748143,,1,0,0,16.40738622197631
1481293800,2259.53,2222.7953946273333,,1,0,0,16.207572920406584
1481553000,2256.96,2227.3203551645993,,1,0,0,15.882746283234708
1481639400,2271.72,2238.5193196481396,,1,0,0,16.217550120146527
1481725800,2253.28,2238.5193196481396,,1,0,0,17.04201082585033
1481812200,2262.03,2238.5193196481396,,1,1,0,17.170438624003857
1481898600,2258.07,2238.5193196481396,,1,0,0,16.930407293717895
1482157800,2262.53,2238.5193196481396,,1,0,0,16.392521058452306
1482244200,2270.76,2238.5193196481396,,1,0,0,15.938055268562838
1482330600,2265.18,2238.925730048127,,1,0,0,15.233908463665488
1482417000,2260.96,2238.925730048127,,1,0,0,14.795772144832231
1482503400,2263.79,2238.925730048127,,1,0,0,14.092502705915631
1482849000,2268.88,2244.2801472050846,,1,0,0,13.802323941207387
1482935400,2249.92,2244.2801472050846,,1,0,0,14.402157945406845
1483021800,2249.26,2244.2801472050846,,1,0,0,14.08414666359209
1483108200,2238.83,,2271.7182376874935,1,0,0,14.503850473335515
1483453800,2257.83,,2271.7182376874935,1,0,0,15.257146868097276
1483540200,2270.75,,2271.7182376874935,1,0,0,15.238064948947487
1483626600,2269,,2271.7182376874935,1,0,0,14.938917452594108
1483713000,2276.98,2242.953954253235,,1,0,0,15.160423348837384
1483972200,2268.9,2243.4655588279115,,1,0,0,14.654678823920422
1484058600,2268.9,2243.6135029451207,,1,0,0,14.607916050783249
1484145000,2275.32,2243.6135029451207,,1,0,0,14.59949347572732
1484231400,2270.44,2243.6135029451207,,1,0,0,15.06167251317538
1484317800,2274.64,2246.4164336469935,,1,0,0,14.574410190805693
1484663400,2267.89,2246.4164336469935,,1,0,0,14.378380891462424
1484749800,2271.89,2246.4164336469935,,1,0,0,13.969925113500844
1484836200,2263.69,2246.4164336469935,,1,0,0,14.109216176822217
1484922600,2271.31,2246.4164336469935,,1,0,0,14.049272164192057
1485181800,2265.2,2246.4164336469935,,1,0,0,14.100038438178355
1485268200,2280.07,2246.866893478791,,1,0,0,14.480749978308493
1485354600,2298.37,2264.4097041309124,,1,0,0,14.837839265572173
1485441000,2296.68,2269.328233717821,,1,0,0,14.271565032317008
1485527400,2294.69,2269.328233717821,,1,0,0,13.780738958580086
1485786600,2280.9,2269.328233717821,,1,0,0,14.699971890110087
1485873000,2278.87,2269.328233717821,,1,0,0,14.627831040816513
1485959400,2279.55,2269.328233717821,,1,0,0,14.775843109329605
1486045800,2280.85,2269.328233717821,,1,0,0,14.60042574437747
1486132200,2297.42,2269.328233717821,,1,0,0,14.804681048350512
1486391400,2292.56,2269.328233717821,,1,0,0,14.37934668775404
1486477800,2293.08,2269.328233717821,,1,0,0,14.012250495771626
1486564200,2294.67,2269.328233717821,,1,0,0,13.763518317502205
1486650600,2307.87,2276.346867767245,,1,0,0,13.952552723394893
1486737000,2316.1,2288.14468099052,,1,0,0,13.767370386009551
1486996200,2328.25,2299.085712891468,,1,0,0,13.889701072723156
1487082600,2337.58,2302.1201416023214,,1,0,0,13.998293853242918
1487169000,2349.25,2314.7776274420894,,1,0,0,14.176272863725584
1487255400,2347.22,2317.1523646978803,,1,0,0,14.052253373459475
1487341800,2351.16,2317.910128228092,,1,0,0,13.875663846783793
1487687400,2365.38,2332.986115405283,,1,0,0,13.995259286299248
1487773800,2362.82,2335.285503864755,,1,0,0,13.498455051563585
1487860200,2363.81,2335.285503864755,,1,0,0,13.474993976451907
1487946600,2367.34,2335.285503864755,,1,0,0,13.54606583527679
1488205800,2369.75,2340.751177317406,,1,0,0,13.269203989899882
1488292200,2363.64,2340.751177317406,,1,0,0,13.092117990621317
1488378600,2395.96,2360.122203627099,,1,0,0,14.824109562719803
1488465000,2381.92,2360.122203627099,,1,0,0,14.893101736811243
1488551400,2383.12,2360.122203627099,,1,0,0,14.436451612753297
1488810600,2375.31,2360.122203627099,,1,0,0,14.486705068985197
1488897000,2368.39,2360.122203627099,,1,0,0,14.151940421200521
1488983400,2362.98,2360.122203627099,,1,0,0,14.00394467682905
1489069800,2364.87,2360.122203627099,,1,0,0,14.04223434276983
1489156200,2372.6,2360.122203627099,,1,0,0,14.026360461143426
1489411800,2373.47,2360.122203627099,,1,0,0,13.445906142490331
1489498200,2365.45,2360.122203627099,,1,0,0,13.577627132312447
1489584600,2385.26,2360.122203627099,,1,0,0,14.362082337147301
1489671000,2381.38,2360.122203627099,,1,0,0,14.116219313065356
1489757400,2378.25,2360.122203627099,,1,1,0,13.68434650498927
1490016600,2373.47,2360.122203627099,,1,0,0,13.413321754632916
1490103000,2344.02,,2393.644604512334,1,0,0,15.314513057873404
1490189400,2348.45,,2375.7586440611008,1,0,0,15.31776212516817
1490275800,2345.96,,2375.7586440611008,1,0,0,15.422921973370439
1490362200,2343.98,,2375.7586440611008,1,0,0,15.78414183241541
1490621400,2341.59,,2367.5686615205423,1,0,0,16.27456027295717
1490707800,2358.57,,2367.5686615205423,1,0,0,16.979948824888808
1490794200,2361.13,,2367.5686615205423,1,0,0,16.51138105168247
1490880600,2368.06,2331.2387207515244,,1,0,0,16.177710976562302
1490967000,2362.72,2334.989848676372,,1,0,0,15.575731621093567
1491226200,2358.84,2334.989848676372,,1,0,0,15.973179362444016
1491312600,2360.16,2334.989848676372,,1,0,0,15.532952265126614
1491399000,2352.95,2334.989848676372,,1,0,0,16.412027103331866
1491485400,2357.49,2334.989848676372,,1,0,0,16.329739453093858
1491571800,2355.54,2334.989848676372,,1,0,0,16.093329492158613
1491831000,2357.16,2334.989848676372,,1,0,0,16.005948814147278
1491917400,2353.78,2334.989848676372,,1,0,0,16.284809613136748
1492003800,2344.93,2334.989848676372,,1,0,0,16.02160892648415
1492090200,2328.95,,2371.554615971719,1,0,0,16.25649400316388
1492435800,2349.01,,2371.554615971719,1,0,0,16.537458717223608
1492522200,2342.19,,2371.554615971719,1,0,0,16.389783094564798
1492608600,2338.17,,2371.554615971719,1,0,0,16.474798587810163
1492695000,2355.84,,2371.554615971719,1,0,0,16.955170117252283
1492781400,2348.69,,2371.554615971719,1,0,0,16.57765796601995
1493040600,2374.15,2337.2109071183736,,1,0,0,17.41425382558995
1493127000,2388.61,2350.8623164065366,,1,0,0,17.47966426661923
1493213400,2387.45,2357.8225847658828,,1,0,0,17.04540253328926
1493299800,2388.77,2357.8225847658828,,1,0,0,16.500730923768604
1493386200,2384.2,2357.8225847658828,,1,0,0,16.13067871492797
1493645400,2388.33,2358.7876842943283,,1,0,0,15.7134873781474
1493731800,2391.17,2360.167915864896,,1,0,0,15.098952565422563
1493818200,2388.13,2360.167915864896,,1,0,0,14.836170239320955
1493904600,2389.52,2360.167915864896,,1,0,0,14.567872365083739
1493991000,2399.29,2367.216595665509,,1,0,0,14.235167196149176
1494250200,2399.38,2371.7454360989586,,1,0,0,13.749798110709952
1494336600,2396.92,2372.5638924890623,,1,0,0,13.584098245659229
1494423000,2399.63,2372.5638924890623,,1,0,0,13.110234085254985
1494509400,2394.44,2372.5638924890623,,1,0,0,13.451645936308225
1494595800,2390.9,2372.5638924890623,,1,0,0,13.008671226571924
1494855000,2402.32,2374.3581843620736,,1,0,0,13.01876613895965
1494941400,2400.67,2376.7928659258664,,1,0,0,12.783139986176804
1495027800,2357.03,,2401.13742066672,1,0,0,15.045772844307036
1495114200,2365.72,,2396.3716786000477,1,0,0,15.615360498285103
1495200600,2381.73,,2396.3716786000477,1,0,0,16.167120462693322
1495459800,2394.02,,2396.3716786000477,1,0,0,15.9930404296438
1495546200,2398.42,2366.2872363005645,,1,0,0,15.348537541812087
1495632600,2404.39,2372.297012670508,,1,0,0,14.79435628882552
1495719000,2415.07,2383.956811403458,,1,0,0,14.760473696766567
1495805400,2415.82,2387.0811302631114,,1,0,0,14.026154146997527
1496151000,2412.91,2387.0811302631114,,1,0,0,13.480714565069155
1496237400,2411.8,2387.0811302631114,,1,0,0,13.40352066756419
1496323800,2430.06,2394.9362039618086,,1,0,0,13.750412048452445
1496410200,2439.07,2407.288583565628,,1,0,0,13.662525473562983
1496669400,2436.1,2411.8757252090654,,1,0,0,13.060202225451343
1496755800,2429.33,2411.8757252090654,,1,0,0,12.705187780776258
1496842200,2433.14,2411.8757252090654,,1,0,0,12.549817225006539
1496928600,2433.79,2411.8757252090654,,1,0,0,12.462687423220354
1497015000,2431.77,2411.8757252090654,,1,0,0,13.751066892990329
1497274200,2429.39,2411.8757252090654,,1,0,0,13.61170497206246
1497360600,2440.35,2411.8757252090654,,1,0,0,13.503726045486562
1497447000,2437.92,2411.8757252090654,,1,0,0,13.639888470808941
1497533400,2432.46,2411.8757252090654,,1,0,0,14.050610722894008
1497619800,2433.15,2411.8757252090654,,1,1,0,13.780567099830149
1497879000,2453.46,2418.8564735849977,,1,0,0,14.272669449842287
1497965400,2437.03,2418.8564735849977,,1,0,0,14.457478774853561
1498051800,2435.61,2418.8564735849977,,1,0,0,14.24551600522118
1498138200,2434.5,2418.8564735849977,,1,0,0,13.824407719133946
1498224600,2438.3,2418.8564735849977,,1,0,0,13.571950024910091
1498483800,2439.07,2418.8564735849977,,1,0,0,13.55895359455936
1498570200,2419.38,2418.8564735849977,,1,0,0,14.07402833780512
1498656600,2440.69,2418.8564735849977,,1,0,0,14.753740599390445
1498743000,2419.7,2418.8564735849977,,1,0,0,16.344901985148287
1498829400,2423.41,2418.8564735849977,,1,0,0,16.106694700494852
1499088600,2429.01,2418.8564735849977,,1,0,0,16.081930793316666
1499261400,2432.54,2418.8564735849977,,1,0,0,15.85107859379404
1499347800,2409.75,,2450.4227164495724,1,0,0,16.493144408523047
1499434200,2425.18,,2450.4227164495724,1,0,0,16.54149123648569
1499693400,2427.43,,2450.4227164495724,1,0,0,16.054956148165285
1499779800,2425.53,,2450.4227164495724,1,0,0,16.08745928043921
1499866200,2443.25,,2450.4227164495724,1,0,0,16.383355046122123
1499952600,2447.83,,2450.4227164495724,1,0,0,15.758115399970551
1500039000,2459.27,2423.0837114773226,,1,0,0,15.836107157115505
1500298200,2459.14,2430.02984032959,,1,0,0,15.109242360178706
1500384600,2460.61,2430.02984032959,,1,0,0,14.785725048737365
1500471000,2473.83,2440.0238706669684,,1,0,0,14.673887545256111
1500557400,2473.45,2445.2524836002713,,1,0,0,14.282181292023536
1500643800,2472.54,2445.2524836002713,,1,0,0,13.861311199736132
1500903000,2469.91,2445.2524836002713,,1,0,0,13.35550325689782
1500989400,2477.13,2452.983255544598,,1,0,0,13.210824452833682
1501075800,2477.83,2454.382429990138,,1,0,0,12.74933699191699
1501162200,2475.42,2454.382429990138,,1,0,0,13.560812921065788
1501248600,2472.1,2454.382429990138,,1,0,0,13.36075485527539
1501507800,2470.3,2454.382429990138,,1,0,0,13.079986651327136
1501594200,2476.35,2454.382429990138,,1,0,0,12.732130461946628
1501680600,2477.57,2454.382429990138,,1,0,0,12.815549714664732
1501767000,2472.16,2454.382429990138,,1,0,0,12.523010449331554
1501853400,2476.83,2454.382429990138,,1,0,0,12.19422398866502
1502112600,2480.91,2456.592964335925,,1,0,0,11.685350846617498
1502199000,2474.92,2456.845167902333,,1,0,0,12.318540071859086
1502285400,2474.02,2456.845167902333,,1,0,0,12.355787209583449
1502371800,2438.21,,2480.3675639991106,1,0,0,14.063945266041772
1502458200,2441.32,,2470.9403075992,1,0,0,13.790806318467377
1502717400,2465.84,,2470.9403075992,1,0,0,14.727177295719681
1502803800,2464.61,,2470.9403075992,1,0,0,14.195950346025414
1502890200,2468.11,,2470.9403075992,1,0,0,13.97266817845215
1502976600,2430.01,,2470.9403075992,1,0,0,15.696049022848417
1503063000,2425.55,,2464.156226934251,1,0,0,15.973474092644953
1503322200,2428.37,,2456.919604240826,1,0,0,15.77751165745603
1503408600,2452.51,,2456.919604240826,1,0,0,16.536260824780605
1503495000,2444.04,,2456.919604240826,1,0,0,16.147242194439144
1503581400,2438.97,,2456.919604240826,1,0,0,16.008153466264908
1503667800,2443.05,,2456.919604240826,1,0,0,15.935428218674573
1503927000,2444.24,,2456.919604240826,1,0,0,15.517897631626369
1504013400,2446.3,,2456.919604240826,1,0,0,15.908762086510217
1504099800,2457.59,2419.392553650886,,1,0,0,15.953850508902343
1504186200,2471.65,2435.9632982857975,,1,0,0,16.05857547255218
1504272600,2476.55,2445.7889684572174,,1,0,0,15.535105795941314
1504618200,2457.85,2445.7889684572174,,1,0,0,16.56831252480265
1504704600,2465.54,2445.7889684572174,,1,0,0,16.227004487316744
1504791000,2465.1,2445.7889684572174,,1,0,0,15.662932738222684
1504877400,2461.43,2445.7889684572174,,1,0,0,15.094866114063922
1505136600,2488.11,2449.3404496343023,,1,0,0,15.98237567734507
1505223000,2496.48,2462.6829046708717,,1,0,0,15.459348843248984
1505309400,2498.37,2466.210614203785,,1,0,0,14.800109640159773
1505395800,2495.62,2467.3340527834066,,1,0,0,14.248673237291213
1505482200,2500.23,2470.4806475050655,,1,0,0,13.735910863198995
1505741400,2503.87,2478.8470827545593,,1,0,0,13.354774372970502
1505827800,2506.65,2481.8393744791038,,1,0,0,12.733004774901186
1505914200,2508.24,2481.8393744791038,,1,0,0,12.693504433836804
1506000600,2500.6,2481.8393744791038,,1,0,0,12.446825545705588
1506087000,2502.22,2481.8393744791038,,1,0,0,12.052766578155177
1506346200,2496.66,2481.8393744791038,,1,0,0,12.228283251144076
1506432600,2496.84,2481.8393744791038,,1,0,0,11.954120161776666
1506519000,2507.04,2481.8393744791038,,1,0,0,12.231683007364058
1506605400,2510.06,2484.348913311794,,1,0,0,11.92084850683806
1506691800,2519.36,2491.1560219806147,,1,0,0,11.887216470635362
1506951000,2529.12,2502.537919782553,,1,0,0,11.743129579875685
1507037400,2534.58,2510.6846278042976,,1,0,0,11.352906038456009
1507123800,2537.74,2515.244165023868,,1,0,0,11.165555607137723
1507210200,2552.07,2524.4822485214813,,1,0,0,11.423015920913631
1507296600,2549.33,2525.339523669333,,1,0,0,11.19851478370553
1507555800,2544.73,2525.5315713023997,,1,0,0,11.128620870583726
1507642200,2550.64,2528.8844141721597,,1,0,0,11.083719379827745
1507728600,2555.24,2531.0924727549436,,1,0,0,10.81273942412576
1507815000,2550.93,2531.9637254794493,,1,0,0,10.541829465259635
1507901400,2553.17,2535.6553529315042,,1,0,0,10.268841646312536
1508160600,2557.64,2537.395817638354,,1,0,0,10.02321010014735
1508247000,2559.36,2539.4027358745184,,1,0,0,9.665837950136824
1508333400,2561.26,2544.922462287067,,1,0,0,9.314706667984195
1508419800,2562.1,2544.922462287067,,1,0,0,9.680799048842472
1508506200,2575.21,2552.489094452524,,1,0,0,9.942170545353735
1508765400,2564.98,2552.489094452524,,1,0,0,10.229158363542755
1508851800,2569.13,2552.489094452524,,1,0,0,10.012789909003974
1508938200,2557.15,2552.489094452524,,1,0,0,11.092590629789413
1509024600,2560.4,2552.489094452524,,1,0,0,11.008834156233032
1509111000,2581.07,2552.489094452524,,1,0,0,11.835346002216381
1509370200,2572.83,2552.489094452524,,1,0,0,11.905678430629509
1509456600,2575.26,2552.489094452524,,1,0,0,11.493844257013107
1509543000,2579.36,2557.9360394046043,,1,0,0,11.635712524369314
1509629400,2579.85,2557.9360394046043,,1,0,0,11.871733058342938
1509715800,2587.84,2558.3593919177297,,1,0,0,11.85589498274702
1509978600,2591.13,2566.1639527259567,,1,0,0,11.560473912550822
1510065000,2590.64,2567.130557453361,,1,0,0,11.639725775940054
1510151400,2594.38,2567.130557453361,,1,0,0,11.554745363372893
1510237800,2584.62,2567.130557453361,,1,0,0,12.732977837417698
1510324200,2582.3,2567.130557453361,,1,0,0,12.469907991887842
1510583400,2584.84,2567.130557453361,,1,0,0,12.520628849610128
1510669800,2578.87,2567.130557453361,,1,0,0,12.93201250320942
1510756200,2564.62,,2593.6066916014283,1,0,0,13.53829732440875
1510842600,2585.64,,2593.6066916014283,1,0,0,14.390561801236714
1510929000,2578.85,,2593.6066916014283,1,0,0,13.935521672576948
1511188200,2582.14,,2593.6066916014283,1,0,0,13.397270124535746
1511274600,2599.03,2566.531518140303,,1,0,0,13.801036544211778
1511361000,2597.08,2571.1593663262724,,1,0,0,13.223105362482368
1511533800,2602.42,2576.6559296936452,,1,0,0,12.787883550876492
1511793000,2601.42,2578.0388367242804,,1,0,0,12.413034725813883
1511879400,2627.04,2589.1699530518526,,1,0,0,13.402817959684318
1511965800,2626.07,2600.0354577466674,,1,0,0,13.486188105421132
1512052200,2647.58,2614.6884119720007,,1,0,0,14.785031812176738
1512138600,2642.22,2614.6884119720007,,1,0,0,16.950386682735537
1512397800,2639.44,2614.6884119720007,,1,0,0,17.608216205397273
1512484200,2629.57,2614.6884119720007,,1,0,0,17.849772190726025
1512570600,2629.27,2614.6884119720007,,1,0,0,17.264788462817013
1512657000,2636.98,2614.6884119720007,,1,0,0,17.064446429758625
1512743400,2651.5,2614.6884119720007,,1,0,0,16.893414541918727
1513002600,2659.99,2622.2017862006305,,1,0,0,16.31959921749597
1513089000,2664.11,2632.433607580568,,1,0,0,15.863913559103372
1513175400,2662.85,2636.474246822511,,1,0,0,15.375776876310287
1513261800,2652.01,2636.474246822511,,1,0,0,15.426078528002405
1513348200,2675.81,2636.474246822511,,1,1,0,16.297072918859367
1513607400,2690.16,2656.5170809336105,,1,0,0,16.501567710369404
1513693800,2681.47,2656.5170809336105,,1,0,0,16.301455731057324
1513780200,2679.25,2656.5170809336105,,1,0,0,16.201351750267523
1513866600,2684.57,2656.5170809336105,,1,0,0,16.00054091096269
1513953000,2683.34,2656.5170809336105,,1,0,0,15.373359417322485
1514298600,2680.5,2656.5170809336105,,1,0,0,14.659548030370887
1514385000,2682.62,2656.5170809336105,,1,0,0,14.093151742487253
1514471400,2687.54,2659.830901147095,,1,0,0,13.446498046595304
1514557800,2673.61,2659.830901147095,,1,0,0,13.808176757552767
1514903400,2695.81,2660.8084799291473,,1,0,0,14.413306989156123
1514989800,2713.06,2676.8731319362323,,1,0,0,14.709499347073537
1515076200,2723.99,2694.6568187426096,,1,0,0,14.818106536568285
1515162600,2743.15,2705.222136868348,,1,0,0,15.149670355384838
1515421800,2747.71,2713.456423181514,,1,0,0,14.846836758571657
1515508200,2751.29,2724.575280863362,,1,0,0,14.60277699010224
1515594600,2748.23,2724.575280863362,,1,0,0,14.647578633666368
1515681000,2767.56,2730.1335774993236,,1,0,0,14.982037302690193
1515767400,2786.24,2747.654219749391,,1,0,0,15.361177495355177
1516113000,2776.42,2752.328297774452,,1,0,0,17.04252195997267
1516199400,2802.56,2754.4004679970067,,1,0,0,18.012341819974615
1516285800,2798.03,2762.062421197306,,1,0,0,17.673603118547856
1516372200,2810.3,2768.3256790775754,,1,0,0,17.289774324365847
1516631400,2832.97,2783.3016111698175,,1,0,0,17.834076158339737
1516717800,2839.13,2800.5389500528363,,1,0,0,17.392356432744016
1516804200,2837.54,2800.9695550475526,,1,0,0,18.161473830405146
1516890600,2839.25,2802.0975995427975,,1,0,0,18.12279712823334
1516977000,2872.87,2818.9138395885175,,1,0,0,19.22974019050238
1517236200,2853.53,2820.221955629666,,1,0,0,19.384044462609342
1517322600,2822.43,2820.221955629666,,1,0,0,20.51804128670869
1517409000,2823.81,2820.221955629666,,1,0,0,20.9253240519438
1517495400,2821.98,2820.221955629666,,1,0,0,21.092086619662116
1517581800,2762.13,,2837.209627911376,1,0,0,24.014794718257694
1517841000,2648.94,,2773.312165120238,1,0,0,31.243737952667846
1517927400,2695.14,,2733.927948608215,1,0,0,36.72418524176299
1518013800,2681.66,,2733.927948608215,1,0,0,37.411029153065634
1518100200,2581,,2732.565288372654,1,0,0,42.218098499275236
1518186600,2619.55,,2696.5612595353887,1,0,0,46.77252003504129
1518445800,2656,,2696.5612595353887,1,0,0,47.221625746824046
1518532200,2662.94,,2696.5612595353887,1,0,0,46.1172239077652
1518618600,2698.63,2569.694041798701,,1,0,0,46.625279342924834
1518705000,2731.2,2607.1151376188313,,1,0,0,46.27275938985878
1518791400,2732.22,2640.7081238569485,,1,0,0,45.06113371915457
1519137000,2716.26,2640.7081238569485,,1,0,0,44.045338453500655
1519223400,2701.33,2640.7081238569485,,1,0,0,44.217814278250614
1519309800,2703.96,2640.7081238569485,,1,0,0,43.451541829804164
1519396200,2747.3,2640.7081238569485,,1,0,0,43.476431699103884
1519655400,2779.6,2677.9198324062895,,1,0,0,42.75240086345359
1519741800,2744.28,2677.9198324062895,,1,0,0,42.90794365892121
1519828200,2713.83,2677.9198324062895,,1,0,0,43.2702333975697
1519914600,2677.67,,2790.525592175815,1,0,0,45.26807386917185
1520001000,2691.25,,2767.3010329582335,1,0,0,45.52964002137385
1520260200,2720.94,,2767.3010329582335,1,0,0,46.016094305561445
1520346600,2728.12,,2767.3010329582335,1,0,0,44.21637328373561
1520433000,2726.8,,2767.3010329582335,1,0,0,43.1194894777545
1520519400,2738.97,,2767.3010329582335,1,0,0,41.31095451505773
1520605800,2786.57,2685.350806898493,,1,0,0,41.76017204969649
1520861400,2783.02,2709.2422262086434,,1,0,0,40.04301690328958
1520947800,2765.31,2709.2422262086434,,1,0,0,40.26994426734034
1521034200,2749.48,2709.2422262086434,,1,0,0,39.73137681967318
1521120600,2747.33,2709.2422262086434,,1,0,0,38.43342133255369
1521207000,2752.01,2709.2422262086434,,1,0,0,36.72531980879985
1521466200,2712.92,2709.2422262086434,,1,0,0,38.20351125102844
1521552600,2716.94,2709.2422262086434,,1,0,0,36.486831875954955
1521639000,2711.93,2709.2422262086434,,1,0,0,35.977058170529595
1521725400,2643.69,,2744.6723896845765,1,0,0,38.43155401549175
1521811800,2588.26,,2704.5696507161183,1,1,0,40.81358587152806
1522071000,2658.55,,2704.5696507161183,1,0,0,43.11975830927605
1522157400,2612.62,,2704.5696507161183,1,0,0,45.65834700147064
1522243800,2605,,2704.5696507161183,1,0,0,45.224893644222746
1522330200,2640.87,,2704.5696507161183,1,0,0,45.8566869553497
1522675800,2581.88,,2699.557450851361,1,0,0,48.800495029967564
1522762200,2614.45,,2699.2017057662247,1,0,0,48.43260252782703
1522848600,2644.69,,2699.2017057662247,1,0,0,50.419559490125096
1522935000,2662.84,,2699.2017057662247,1,0,0,48.774590955116146
1523021400,2604.47,,2699.2017057662247,1,0,0,50.759977315465
1523280600,2613.16,,2699.2017057662247,1,0,0,50.63997893578896
1523367000,2656.87,,2699.2017057662247,1,0,0,50.75783758323261
1523453400,2642.19,,2699.2017057662247,1,0,0,48.71656347014455
1523539800,2663.99,,2699.2017057662247,1,0,0,47.56038036513421
1523626200,2656.3,,2699.2017057662247,1,0,0,46.678210339053194
1523885400,2677.84,,2699.2017057662247,1,0,0,45.5004810291208
1523971800,2706.39,2614.2948789302754,,1,0,0,44.78616095561217
1524058200,2708.64,2628.2278910372474,,1,0,0,42.5771494587827
1524144600,2693.13,2628.2278910372474,,1,0,0,41.44592449744106
1524231000,2670.14,2628.2278910372474,,1,0,0,40.866215604766694
1524490200,2670.29,2628.2278910372474,,1,0,0,39.72362877585481
1524576600,2634.56,2628.2278910372474,,1,0,0,41.6169410061509
1524663000,2639.4,2628.2278910372474,,1,0,0,40.975016648568705
1524749400,2666.94,2628.2278910372474,,1,0,0,40.69680117367094
1524835800,2669.91,2628.2278910372474,,1,0,0,39.099886804122995
1525095000,2648.05,2628.2278910372474,,1,0,0,38.798466318114215
1525181400,2654.8,2628.2278910372474,,1,0,0,38.160004438248926
1525267800,2635.67,2628.2278910372474,,1,0,0,37.517861264088296
1525354200,2629.73,2628.2278910372474,,1,0,0,37.875156888081996
1525440600,2663.42,2628.2278910372474,,1,0,0,39.14193139607612
1525699800,2672.63,2628.2278910372474,,1,0,0,37.76965058207067
1525786200,2671.92,2628.2278910372474,,1,0,0,36.58181839763707
1525872600,2697.79,2628.2278910372474,,1,0,0,36.06525994066299
1525959000,2723.07,2647.826549614122,,1,0,0,35.512027087758504
1526045400,2727.72,2661.3243946527095,,1,0,0,34.076168010061494
1526304600,2730.13,2673.0114551874385,,1,0,0,32.83001315219997
1526391000,2711.45,2673.0114551874385,,1,0,0,32.500726498471415
1526477400,2722.46,2673.0114551874385,,1,0,0,31.344246034294915
1526563800,2720.13,2673.0114551874385,,1,0,0,30.576799888988127
1526650200,2712.97,2673.0114551874385,,1,0,0,29.17488561120328
1526909400,2733.01,2679.92560312363,,1,0,0,28.96382235326021
1526995800,2724.44,2680.7205428112675,,1,0,0,28.349263613741602
1527082200,2733.29,2680.7205428112675,,1,0,0,28.02360192704577
1527168600,2727.76,2680.7205428112675,,1,0,0,27.872630360828204
1527255000,2721.33,2680.7205428112675,,1,0,0,26.793871049340506
1527600600,2689.86,2680.7205428112675,,1,0,0,28.060023117244754
1527687000,2724.01,2680.7205428112675,,1,0,0,28.875735751727273
1527773400,2705.27,2680.7205428112675,,1,0,0,28.479611769461066
1527859800,2734.62,2680.7205428112675,,1,0,0,28.706782357356694
1528119000,2746.87,2692.2279133288516,,1,0,0,27.69486933183121
1528205400,2748.8,2696.080121995967,,1,0,0,26.652378665271833
1528291800,2772.35,2710.65710979637,,1,0,0,26.45792304632383
1528378200,2770.37,2721.290898816733,,1,0,0,25.97807140015786
1528464600,2779.03,2724.4648089350594,,1,0,0,25.251066300146565
1528723800,2782,2740.631328041554,,1,0,0,24.24599013585037
1528810200,2786.85,2741.9831952373984,,1,0,0,23.301276554718196
1528896600,2775.63,2741.9831952373984,,1,0,0,22.83832822938116
1528983000,2782.49,2742.8078881422925,,1,0,0,22.166304784425346
1529069400,2779.66,2742.8078881422925,,1,1,0,22.088711585537816
1529328600,2773.75,2742.8078881422925,,1,0,0,22.120946472285112
1529415000,2762.59,2742.8078881422925,,1,0,0,22.72373600997903
1529501400,2767.32,2742.8078881422925,,1,0,0,21.977040580694815
1529587800,2749.76,2742.8078881422925,,1,0,0,22.18510911064521
1529674200,2754.88,2742.8078881422925,,1,0,0,21.629744174170543
1529933400,2717.07,,2768.4978335329947,1,0,0,24.09976244744408
1530019800,2723.06,,2768.4978335329947,1,0,0,23.61477941548378
1530106200,2699.63,,2768.4978335329947,1,0,0,25.264438028663513
1530192600,2716.31,,2760.615095645553,1,0,0,25.770549598044717
1530279000,2718.37,,2760.615095645553,1,0,0,25.854796055327256
1530538200,2726.71,,2760.615095645553,1,0,0,26.03016776566105
1530624600,2713.22,,2760.615095645553,1,0,0,25.986584353828125
1530797400,2736.61,,2760.615095645553,1,0,0,25.88825689998327
1530883800,2759.82,,2760.615095645553,1,0,0,26.245524264270166
1531143000,2784.17,2723.5890334200312,,1,0,0,26.144415388250867
1531229400,2793.84,2740.9361300780283,,1,0,0,25.09195714623294
1531315800,2774.02,2740.9361300780283,,1,0,0,24.947531635787744
1531402200,2798.29,2740.9361300780283,,1,0,0,24.965565090374323
1531488600,2801.31,2750.8377088268826,,1,0,0,24.09945329820474
1531747800,2798.43,2753.9409379441945,,1,0,0,23.11520663404727
1531834200,2809.55,2756.576844149775,,1,0,0,23.24626330304391
1531920600,2815.62,2768.5266597347972,,1,0,0,22.362244495683655
1532007000,2804.49,2768.5266597347972,,1,0,0,21.897084174563386
1532093400,2801.83,2768.5266597347972,,1,0,0,21.025149590665972
1532352600,2806.98,2768.5266597347972,,1,0,0,20.485496048475564
1532439000,2820.4,2781.5676989520002,,1,0,0,20.665817759298722
1532525400,2846.07,2791.7314290568006,,1,0,0,21.353973633634542
1532611800,2837.44,2801.2192861511203,,1,0,0,20.6008326598035
1532698200,2818.82,2801.2192861511203,,1,0,0,21.617201755531816
1532957400,2802.6,2801.2192861511203,,1,0,0,21.76097305870809
1533043800,2816.29,2801.2192861511203,,1,0,0,21.76804641165752
1533130200,2813.36,2801.2192861511203,,1,0,0,21.640328810824837
1533216600,2827.22,2801.2192861511203,,1,0,0,22.49244818148018
1533303000,2840.35,2801.2192861511203,,1,0,0,21.825844739945904
1533562200,2850.4,2802.344444626794,,1,0,0,21.503284401378334
1533648600,2858.45,2819.007500164115,,1,0,0,20.89804980127986
1533735000,2857.7,2819.294250147703,,1,0,0,20.073189101188436
1533821400,2853.58,2820.506325132933,,1,0,0,19.389389879674976
1533907800,2833.28,2820.506325132933,,1,0,0,19.988004888269618
1534167000,2821.93,2820.506325132933,,1,0,0,20.240290253393216
1534253400,2839.96,2820.506325132933,,1,0,0,20.307412378150865
1534339800,2818.37,,2858.4799090802826,1,0,0,21.53331149399725
1534426200,2840.69,,2858.4799090802826,1,0,0,22.289503530140298
1534512600,2850.13,,2858.4799090802826,1,0,0,22.261681849415996
1534771800,2857.05,,2858.4799090802826,1,0,0,21.359418860172006
1534858200,2862.96,2825.6918776524267,,1,0,0,20.98946037015971
1534944600,2861.82,2825.6918776524267,,1,0,0,20.310927486576855
1535031000,2856.98,2825.6918776524267,,1,0,0,19.913718380392794
1535117400,2874.69,2830.588523808619,,1,0,0,19.86130992465044
1535376600,2896.74,2851.9581714277574,,1,0,0,20.12550207288969
1535463000,2897.52,2861.0203542849817,,1,0,0,19.421537639111854
1535549400,2914.04,2869.800818856483,,1,0,0,19.38999923631815
1535635800,2901.13,2869.800818856483,,1,0,0,19.34928500515258
1535722200,2901.52,2869.800818856483,,1,0,0,19.00933607621312
1536067800,2896.72,2869.800818856483,,1,0,0,18.82224064219789
1536154200,2888.6,2869.800818856483,,1,0,0,18.892080596326593
1536240600,2878.05,2869.800818856483,,1,0,0,19.311217696588994
1536327000,2871.68,2869.800818856483,,1,0,0,19.338273575404067
1536586200,2877.13,2869.800818856483,,1,0,0,19.04625403430378
1536672600,2887.89,2869.800818856483,,1,0,0,19.52437874613921
1536759000,2888.92,2869.800818856483,,1,0,0,19.233351692843573
1536845400,2904.18,2869.800818856483,,1,0,0,19.133826571926186
1536931800,2904.98,2869.800818856483,,1,0,0,18.66212467393147
1537191000,2888.8,2869.800818856483,,1,0,0,18.673401482936377
1537277400,2904.31,2869.800818856483,,1,0,0,18.9374442341552
1537363800,2907.95,2872.702506679284,,1,0,0,18.194769646001255
1537450200,2930.75,2890.0462560113556,,1,0,0,18.813000385572618
1537536600,2929.67,2897.75313041022,,1,0,0,18.454928929460266
1537795800,2919.37,2897.75313041022,,1,0,0,18.353862577355958
1537882200,2915.56,2897.75313041022,,1,0,0,17.77501525040196
1537968600,2905.97,2897.75313041022,,1,0,0,18.496085589658954
1538055000,2914,2897.75313041022,,1,0,0,18.692793761826174
1538141400,2913.98,2897.75313041022,,1,1,0,18.288308493124322
1538400600,2924.59,2897.75313041022,,1,0,0,18.630572172186866
1538487000,2923.43,2897.75313041022,,1,0,0,18.16053130274496
1538573400,2925.51,2897.75313041022,,1,0,0,18.184779066834604
1538659800,2901.61,2897.75313041022,,1,0,0,19.856580562060714
1538746200,2885.57,,2934.111891249086,1,0,0,21.320396236199226
1539005400,2884.43,,2921.421202124177,1,0,0,21.752510790756418
1539091800,2880.34,,2921.421202124177,1,0,0,21.66733144855953
1539178200,2785.68,,2889.2183237205836,1,0,0,26.939664916519565
1539264600,2728.37,,2823.551491348525,1,0,0,31.060403136768144
1539351000,2767.13,,2823.551491348525,1,0,0,32.22751719842757
1539610200,2750.79,,2823.551491348525,1,0,0,31.85126596996843
1539696600,2809.92,,2823.551491348525,1,0,0,34.05260411497069
1539783000,2809.21,,2823.551491348525,1,0,0,34.12956096390136
1539869400,2768.78,,2823.551491348525,1,0,0,35.55102089505128
1539955800,2767.78,,2823.551491348525,1,0,0,35.690233688261905
1540215000,2755.88,,2823.551491348525,1,0,0,35.26378842481464
1540301400,2740.69,,2804.558354147889,1,0,0,37.34851782304219
1540387800,2656.1,,2789.2235187331,1,0,0,41.15933797853919
1540474200,2705.57,,2789.2235187331,1,0,0,42.976528122929246
1540560600,2658.69,,2762.246650173811,1,0,0,45.436061828434326
1540819800,2641.25,,2762.246650173811,1,0,0,49.56991455497473
1540906200,2682.63,,2762.246650173811,1,0,0,49.60706351533366
1540992600,2711.74,,2762.246650173811,1,0,0,49.92513040709554
1541079000,2740.37,,2762.246650173811,1,0,0,48.7033353780173
1541165400,2723.06,,2762.246650173811,1,0,0,49.23238285101608
1541428200,2738.31,,2762.246650173811,1,0,0,47.59649836165778
1541514600,2755.45,,2762.246650173811,1,0,0,45.606748478682235
1541601000,2813.89,2696.905333148734,,1,0,0,46.613409301633524
1541687400,2806.83,2712.95679983386,,1,0,0,44.69530863723115
1541773800,2781.01,2712.95679983386,,1,0,0,44.5449294488575
1542033000,2726.22,2712.95679983386,,1,0,0,45.57814877393913
1542119400,2722.18,2712.95679983386,,1,0,0,45.15256671865775
1542205800,2701.58,,2811.6900926290045,1,0,0,46.28809766732507
1542292200,2730.2,,2801.864583366104,1,0,0,47.59823354823043
1542378600,2736.27,,2801.864583366104,1,0,0,46.66907400907113
1542637800,2690.73,,2801.864583366104,1,0,0,47.276997294137466
1542724200,2641.89,,2749.88287627389,1,0,0,48.129354630270505
1542810600,2649.93,,2749.88287627389,1,0,0,46.75154358525119
1542983400,2632.56,,2728.7955297818507,1,0,0,44.75786190059036
1543242600,2673.45,,2728.7955297818507,1,0,0,44.545871764833905
1543329000,2682.17,,2728.7955297818507,1,0,0,43.266880924488646
1543415400,2743.79,2625.031158789031,,1,0,0,44.59281800131088
1543501800,2737.76,2651.940042910128,,1,0,0,43.608331001217245
1543588200,2760.17,2663.431538619115,,1,0,0,42.50202164398744
1543847400,2790.37,2703.7283847572035,,1,0,0,42.32402009798832
1543933800,2700.06,,2834.9394537185167,1,0,0,45.95730437670344
1544106600,2695.95,,2758.5920083466654,1,0,0,48.283925492653175
1544193000,2633.08,,2758.5920083466654,1,0,0,50.93507367174938
1544452200,2637.72,,2724.3971267607985,1,0,0,51.88828269519587
1544538600,2636.78,,2724.3971267607985,1,0,0,51.97126250268185
1544625000,2651.07,,2724.3971267607985,1,0,0,51.73474375249028
1544711400,2650.54,,2724.3971267607985,1,0,0,50.390833484455264
1544797800,2599.95,,2718.87090786776,1,0,0,50.841488235565585
1545057000,2545.94,,2673.927317080984,1,0,0,52.25209621873948
1545143400,2546.16,,2657.6890853728855,1,0,0,51.75408934597236
1545229800,2506.96,,2652.096176835597,1,0,0,54.938082964117186
1545316200,2467.42,,2592.569059152037,1,0,0,55.903219895251695
1545402600,2416.62,,2581.0996532368335,1,1,0,58.7572756170194
1545661800,2351.1,,2505.9816879131504,1,0,0,59.24032735866087
1545834600,2467.7,,2505.9816879131504,1,0,0,63.66458969018511
1545921000,2488.83,,2505.9816879131504,1,0,0,65.6285475694576
1546007400,2485.74,,2505.9816879131504,1,0,0,64.32507988592492
1546266600,2506.85,2367.597442560182,,1,0,0,61.617574179787404
1546439400,2510.03,2367.597442560182,,1,0,0,60.93203316694545
1546525800,2447.89,2367.597442560182,,1,0,0,61.29903079787793
1546612200,2531.94,2374.2168256263726,,1,0,0,63.3619571694581
1546871400,2549.69,2418.255143063735,,1,0,0,61.80753165735394
1546957800,2574.41,2442.843628757362,,1,0,0,59.69699368182868
1547044200,2584.96,2468.0572658816254,,1,0,0,57.32077984741237
1547130600,2596.64,2470.117039293463,,1,0,0,55.78358128688292
1547217000,2596.26,2484.1643353641166,,1,0,0,53.17332548067698
1547476200,2582.61,2484.1643353641166,,1,0,0,51.22165937491436
1547562600,2610.3,2505.179761644935,,1,0,0,49.73939799099189
1547649000,2616.1,2531.6087854804414,,1,0,0,47.2908695630639
1547735400,2635.96,2539.119906932397,,1,0,0,46.67723602284504
1547821800,2670.71,2575.691916239157,,1,0,0,46.1652905926418
1548167400,2632.9,2575.691916239157,,1,0,0,46.68491269316739
1548253800,2638.7,2575.691916239157,,1,0,0,46.230990357941145
1548340200,2642.33,2575.691916239157,,1,0,0,44.37091961808818
1548426600,2664.76,2584.570701744511,,1,0,0,43.347996788224755
1548685800,2643.85,2584.570701744511,,1,0,0,43.158854160494435
1548772200,2640,2584.570701744511,,1,0,0,41.49607886331624
1548858600,2681.05,2590.602946571749,,1,0,0,42.13493037307937
1548945000,2704.1,2616.831651914574,,1,0,0,41.28957820357368
1549031400,2706.53,2633.5424867231163,,1,0,0,39.75317976046126
1549290600,2724.87,2640.717238050805,,1,0,0,38.78795263471401
1549377000,2737.7,2664.4775142457247,,1,0,0,37.08524173223442
1549463400,2731.61,2668.0042628211518,,1,0,0,35.43129589421766
1549549800,2706.05,2668.0042628211518,,1,0,0,36.06834618748782
1549636200,2707.88,2668.0042628211518,,1,0,0,35.36632145981013
1549895400,2709.8,2668.0042628211518,,1,0,0,33.85872706982371
1549981800,2744.73,2673.031135336958,,1,0,0,34.182389421979146
1550068200,2753.03,2695.6840218032617,,1,0,0,32.9636473204092
1550154600,2745.73,2695.6840218032617,,1,0,0,32.51410108323712
1550241000,2775.6,2708.923057660642,,1,0,0,32.32952243443446
1550586600,2779.76,2720.177751894578,,1,0,0,31.45169940340342
1550673000,2784.7,2727.3869767051206,,1,0,0,30.335149446017475
1550759400,2774.88,2727.3869767051206,,1,0,0,29.607638771301914
1550845800,2792.67,2734.9517511311474,,1,0,0,28.872807430494614
1551105000,2796.11,2753.5430760180325,,1,0,0,28.297606899744977
1551191400,2793.9,2753.5430760180325,,1,0,0,27.251349264048915
1551277800,2792.38,2753.5430760180325,,1,0,0,26.778395745188284
1551364200,2784.49,2753.5430760180325,,1,0,0,25.66708176338911
1551450600,2803.69,2753.5430760180325,,1,0,0,25.514433066004187
1551709800,2792.81,2753.5430760180325,,1,0,0,27.207687847003907
1551796200,2789.65,2753.5430760180325,,1,0,0,26.226424429360787
1551882600,2771.45,2753.5430760180325,,1,0,0,25.894536970120726
1551969000,2748.93,,2802.6193216850997,1,0,0,26.356355757969222
1552055400,2743.07,,2783.036389516589,1,0,0,26.378044632399984
1552311000,2783.3,2712.7662494350698,,1,0,0,27.417470015799974
1552397400,2791.52,2741.7861244915625,,1,0,0,26.531936443242834
1552483800,2810.92,2758.9010120424064,,1,0,0,26.759655268725474
1552570200,2808.48,2760.473910838166,,1,0,0,25.67253703524508
1552656600,2822.48,2772.4295197543493,,1,0,0,25.42807010415615
1552915800,2832.94,2782.518567778914,,1,0,0,24.570350811002147
1553002200,2832.57,2790.451711001023,,1,0,0,24.897468610216286
1553088600,2824.23,2790.451711001023,,1,0,0,25.341220852343703
1553175000,2854.88,2790.451711001023,,1,0,0,26.597562220033428
1553261400,2800.71,2790.451711001023,,1,0,0,28.58416491860249
1553520600,2798.36,2790.451711001023,,1,0,0,28.31172456727374
1553607000,2818.46,2790.451711001023,,1,0,0,28.540172812468455
1553693400,2805.37,2790.451711001023,,1,0,0,29.204446183006432
1553779800,2815.44,2790.451711001023,,1,0,0,28.614128598505975
1553866200,2834.4,2790.451711001023,,1,0,0,28.040976555755556
1554125400,2867.19,2801.410122014678,,1,0,0,28.538049658915874
1554211800,2867.24,2811.15060981321,,1,0,0,27.510331826136174
1554298200,2873.4,2821.9870488318893,,1,0,0,26.979593838555015
1554384600,2879.39,2823.4813439487,,1,0,0,26.062479992943967
1554471000,2892.74,2839.6892095538296,,1,0,0,25.190159993447963
1554730200,2895.77,2841.7477885984467,,1,0,0,24.474434279630227
1554816600,2878.2,2841.7477885984467,,1,0,0,24.32911754537093
1554903000,2888.21,2841.7477885984467,,1,0,0,23.413466292130163
1554989400,2888.32,2845.7279728882677,,1,0,0,22.55750441412089
1555075800,2907.41,2862.231675599441,,1,0,0,22.533396955969383
1555335000,2905.58,2862.415008039497,,1,0,0,21.86101145911442
1555421400,2907.06,2868.7525072355475,,1,0,0,21.39593921203481
1555507800,2900.45,2868.7525072355475,,1,0,0,21.478372125460908
1555594200,2905.03,2868.7525072355475,,1,0,0,21.122774116499414
1555939800,2907.97,2868.7525072355475,,1,0,0,20.554004536749478
1556026200,2933.68,2882.4195314972426,,1,0,0,21.11014706983881
1556112600,2927.25,2893.2835783475184,,1,0,0,20.372279421993163
1556199000,2926.17,2893.2835783475184,,1,0,0,20.36425946327935
1556285400,2939.88,2893.2835783475184,,1,0,0,20.503955215902266
1556544600,2943.03,2907.2852486153406,,1,0,0,19.765815557623537
1556631000,2945.83,2907.2852486153406,,1,0,0,20.07611444636469
1556717400,2923.73,2907.2852486153406,,1,0,0,20.8399634144815
1556803800,2917.52,2907.2852486153406,,1,0,0,21.57853745630424
1556890200,2945.64,2907.2852486153406,,1,0,0,22.203641923711075
1557149400,2932.47,2907.2852486153406,,1,0,0,24.005524643445987
1557235800,2884.05,,2946.4137872056144,1,0,0,27.28155859748555
1557322200,2879.42,,2943.294908485053,1,0,0,27.095732983379428
1557408600,2870.72,,2916.6964176365477,1,0,0,28.233180627423753
1557495000,2881.4,,2916.6964176365477,1,0,0,30.92509629689349
1557754200,2811.87,,2897.6838482856037,1,0,0,34.428303704258255
1557840600,2834.41,,2897.6838482856037,1,0,0,34.8741391539541
1557927000,2850.96,,2897.6838482856037,1,0,0,35.49741492867165
1558013400,2876.32,,2897.6838482856037,1,0,0,35.904028148052255
1558099800,2859.53,,2897.6838482856037,1,0,0,35.571597566048524
1558359000,2840.23,,2897.6838482856037,1,0,0,35.047912025616505
1558445400,2864.36,,2897.6838482856037,1,0,0,34.59091830950105
1558531800,2856.27,,2897.6838482856037,1,0,0,33.14585271596523
1558618200,2822.24,,2893.175877118067,1,0,0,34.405434664824874
1558704600,2826.06,,2893.175877118067,1,0,0,33.460046474480244
1559050200,2802.39,,2891.0271104656345,1,0,0,33.85075744058882
1559136600,2783.02,,2849.294899419071,1,0,0,34.02784619483247
1559223000,2788.86,,2849.294899419071,1,0,0,33.18728575234445
1559309400,2752.06,,2828.3272185294477,1,0,0,33.555336770034145
1559568600,2744.45,,2814.5114966765027,1,0,0,33.60566985788886
1559655000,2803.27,,2814.5114966765027,1,0,0,35.493836296611086
1559741400,2826.15,2742.477887692033,,1,0,0,34.84141941828173
1559827800,2843.49,2766.885098922829,,1,0,0,34.47060374554733
1559914200,2873.34,2797.2730890305465,,1,0,0,34.971274906579666
1560173400,2886.73,2824.371780127492,,1,0,0,34.71832669896682
1560259800,2885.72,2824.462602114743,,1,0,0,34.52987479189776
1560346200,2879.84,2824.462602114743,,1,0,0,33.05559802104794
1560432600,2891.64,2826.2478077129413,,1,0,0,31.794483876687348
1560519000,2886.98,2827.938526941647,,1,0,0,30.582735028352534
1560778200,2889.67,2837.0401742474824,,1,0,0,29.13325395489878
1560864600,2917.75,2860.170656822734,,1,0,0,29.98945010097743
1560951000,2926.46,2865.373091140461,,1,0,0,29.29806080805047
1561037400,2954.18,2887.8692820264146,,1,0,0,29.46248503604686
1561123800,2950.46,2900.8343538237737,,1,0,0,28.592307533472102
1561383000,2945.35,2900.8343538237737,,1,0,0,27.326428423938374
1561469400,2917.38,2900.8343538237737,,1,0,0,27.553826393657044
1561555800,2913.78,2900.8343538237737,,1,0,0,26.985695936967282
1561642200,2924.92,2900.8343538237737,,1,0,0,26.16671765575533
1561728600,2941.76,2900.8343538237737,,1,0,0,25.659094966058518
1561987800,2964.33,2914.69415246046,,1,0,0,26.409873897054315
1562074200,2973.01,2915.764237214414,,1,0,0,25.758454332979003
1562160600,2995.82,2938.4133134929725,,1,0,0,25.549279023480498
1562333400,2990.41,2938.4133134929725,,1,0,0,25.71361623608906
1562592600,2975.95,2938.4133134929725,,1,0,0,25.32835793351125
1562679000,2979.63,2938.4133134929725,,1,0,0,24.83776093826045
1562765400,2993.07,2946.6427149827396,,1,0,0,24.731492299813265
1562851800,2999.91,2950.4174434844654,,1,0,0,23.931385706969444
1562938200,3013.77,2964.4601991360187,,1,0,0,23.222715299328787
1563197400,3014.3,2972.387679222417,,1,0,0,22.208949920805317
1563283800,3004.04,2972.387679222417,,1,0,0,21.613310640747788
1563370200,2984.42,2972.387679222417,,1,0,0,21.570217023551532
1563456600,2995.11,2972.387679222417,,1,0,0,21.82877295044071
1563543000,2976.61,2972.387679222417,,1,0,0,22.42386059683779
1563802200,2985.03,2972.387679222417,,1,0,0,21.829299125635085
1563888600,3005.47,2972.387679222417,,1,0,0,21.760777759518284
1563975000,3019.56,2972.387679222417,,1,0,0,21.832865062409834
1564061400,3003.67,2972.387679222417,,1,0,0,21.867660415094857
1564147800,3025.86,2977.535996933219,,1,0,0,22.042113242588076
1564407000,3020.97,2979.168897239897,,1,0,0,21.293390868117495
1564493400,3013.18,2979.168897239897,,1,0,0,21.20314866325194
1564579800,2980.38,2979.168897239897,,1,0,0,23.9257809015911
1564666200,2953.56,,3036.737528912115,1,0,0,27.099653694334602
1564752600,2932.05,,2989.289776020904,1,0,1,27.981821287596404
1565011800,2844.74,,2935.6172984188133,1,0,0,33.83526262419668
1565098200,2881.77,,2935.6172984188133,1,0,0,34.251315293896944
1565184600,2883.98,,2935.6172984188133,1,0,0,36.55193563004717
1565271000,2938.09,2832.203524452685,,1,0,0,37.85108308504378
1565357400,2918.65,2834.4096720074162,,1,0,0,37.85743429325495
1565616600,2883.09,2834.4096720074162,,1,0,0,38.40404612945104
1565703000,2926.32,2834.4096720074162,,1,0,0,40.39375712020452
1565789400,2840.6,2834.4096720074162,,1,0,0,43.69991732590422
1565875800,2847.6,2834.4096720074162,,1,0,0,42.80420894548247
1565962200,2888.68,2834.4096720074162,,1,0,0,43.03462259223374
1566221400,2923.65,2834.4096720074162,,1,0,0,42.98357812135991
1566307800,2900.51,2834.4096720074162,,1,0,0,41.631179684119935
1566394200,2924.43,2838.0969497307474,,1,0,0,40.673238278111356
1566480600,2922.95,2838.180254757673,,1,0,0,40.23729268681767
1566567000,2847.11,2838.180254757673,,1,0,0,43.93748606633072
1566826200,2878.38,2838.180254757673,,1,0,0,43.096237061592795
1566912600,2869.16,2838.180254757673,,1,0,0,42.74650584290758
1566999000,2887.94,2838.180254757673,,1,0,0,42.33461256841418
1567085400,2924.58,2838.180254757673,,1,0,0,42.35071167067031
1567171800,2926.46,2842.7058010536725,,1,0,0,41.26208940847955
1567517400,2906.27,2842.7058010536725,,1,0,0,40.78694016501673
1567603800,2937.78,2849.429148853475,,1,0,0,40.200015867515546
1567690200,2976,2890.785233968127,,1,0,0,40.762871876978714
1567776600,2978.71,2902.065710571315,,1,0,0,38.74552388576594
1568035800,2978.43,2906.368139514183,,1,0,0,37.40941503678266
1568122200,2979.39,2906.368139514183,,1,0,0,36.33588539129816
1568208600,3000.93,2919.803693006488,,1,0,0,35.57046500620543
1568295000,3009.57,2945.3813237058393,,1,0,0,34.44543179147645
1568381400,3007.39,2948.3251913352556,,1,0,0,33.015758092085264
1568640600,2997.96,2948.3251913352556,,1,0,0,31.851775371222015
1568727000,3005.7,2948.3251913352556,,1,0,0,30.468077130420443
1568813400,3006.73,2948.3251913352556,,1,0,0,30.38178590681897
1568899800,3006.79,2958.5423705350613,,1,0,0,29.55665834204618
1568986200,2992.07,2958.5423705350613,,1,0,1,29.709039889042884
1569245400,2991.78,2958.5423705350613,,1,0,0,28.79553703982554
1569331800,2966.6,2958.5423705350613,,1,0,0,30.327998679838
1569418200,2984.87,2958.5423705350613,,1,0,0,30.801713059849572
1569504600,2977.62,2958.5423705350613,,1,0,0,30.285162127003186
1569591000,2961.79,2958.5423705350613,,1,0,0,31.10622197507437
1569850200,2976.74,2958.5423705350613,,1,0,0,30.460063262569054
1569936600,2940.25,,3029.430099050936,1,0,0,32.129344458099865
1570023000,2887.61,,2970.3525891458426,1,0,0,34.500105568235604
1570109400,2910.63,,2958.020830231258,1,0,0,35.977955170504494
1570195800,2952.01,,2958.020830231258,1,0,0,36.48738694403986
1570455000,2938.79,,2958.020830231258,1,0,0,35.60043073375131
1570541400,2893.06,,2958.020830231258,1,0,0,36.35254282419765
1570627800,2919.4,,2958.020830231258,1,0,0,36.345932622469256
1570714200,2938.13,,2958.020830231258,1,0,0,35.9883660065786
1570800600,2970.27,2901.06943171607,,1,0,0,37.35705414896585
1571059800,2966.15,2901.06943171607,,1,0,0,35.395835995468296
1571146200,2995.68,2916.7814896900168,,1,0,0,35.51970485293485
1571232600,2989.69,2924.404840721015,,1,0,0,33.8640116491538
1571319000,2997.95,2936.0513566489135,,1,0,0,32.77372510278567
1571405400,2986.2,2936.0513566489135,,1,0,0,32.12488759544384
1571664600,3006.72,2941.01899888562,,1,0,0,31.339538481483572
1571751000,2995.99,2946.6100989970582,,1,0,0,30.496000018520476
1571837400,3004.52,2946.6100989970582,,1,0,0,29.287000017197595
1571923800,3010.29,2955.534530187617,,1,0,0,28.312928587397774
1572010200,3022.55,2962.135577168855,,1,0,0,28.108433688297918
1572269400,3039.42,2986.5175194519697,,1,0,0,27.63854556770519
1572355800,3036.89,2992.303767506773,,1,0,0,26.597220884297673
1572442200,3046.77,2992.303767506773,,1,0,0,26.42170510684783
1572528600,3037.56,2992.303767506773,,1,0,0,26.228011884930133
1572615000,3066.91,3009.0311065124374,,1,0,1,26.453868178863683
1572877800,3078.27,3031.5534958611934,,1,0,0,25.870734737516273
1572964200,3074.62,3032.0566462750744,,1,0,0,24.865682256265092
1573050600,3076.78,3032.0566462750744,,1,0,0,23.978847809389034
1573137000,3085.18,3045.3063834828104,,1,0,0,23.765358680146942
1573223400,3093.08,3045.3063834828104,,1,0,0,23.461404488707892
1573482600,3087.01,3045.3063834828104,,1,0,0,23.01844702522874
1573569000,3091.84,3051.973933558969,,1,0,0,22.651415094855263
1573655400,3094.04,3051.973933558969,,1,0,0,22.409171159508443
1573741800,3096.63,3051.973933558969,,1,0,0,21.87565893382924
1573828200,3120.46,3071.558247564488,,1,0,0,22.01525472427
1574087400,3122.03,3078.818422808039,,1,0,0,21.307736529679296
1574173800,3120.18,3082.354080527235,,1,0,0,20.79789820613078
1574260200,3108.46,3082.354080527235,,1,0,0,21.36733404855001
1574346600,3103.54,3082.354080527235,,1,0,0,20.952524473653575
1574433000,3110.29,3082.354080527235,,1,0,0,20.428058439821154
1574692200,3133.64,3086.6981907339195,,1,0,0,20.650339979833923
1574778600,3140.52,3099.4638716605277,,1,0,0,20.010315695560077
1574865000,3153.63,3112.4439844944745,,1,0,0,19.56243600302009
1575037800,3140.98,3112.4439844944745,,1,0,0,19.18583343137579
1575297000,3113.87,3112.4439844944745,,1,0,0,20.21041675770607
1575383400,3093.2,,3126.2374303035276,1,0,0,21.876815560727064
1575469800,3112.76,,3126.2374303035276,1,0,0,22.18418587781801
1575556200,3117.43,,3126.2374303035276,1,0,0,21.720315457973836
1575642600,3145.91,3097.1354033087277,,1,0,0,22.53815006811857
1575901800,3135.96,3098.555862977855,,1,0,0,21.88613934896723
1575988200,3132.52,3098.555862977855,,1,0,0,21.467843681183837
1576074600,3141.63,3098.555862977855,,1,0,0,20.75299770395642
1576161000,3168.57,3113.3622791108564,,1,0,0,21.971355010816705
1576247400,3168.8,3124.7495511997713,,1,0,0,22.271258224329767
1576506600,3191.45,3144.527096079794,,1,0,0,22.745454065449056
1576593000,3192.52,3151.6583864718145,,1,0,0,21.63435020363124
1576679400,3191.14,3154.672047824633,,1,0,0,20.61332518908616
1576765800,3205.37,3159.9078430421696,,1,0,0,20.165230532722877
1576852200,3221.22,3181.691058737953,,1,0,0,20.173428351814117
1577111400,3224.01,3188.493952864157,,1,0,0,19.201040612398852
1577197800,3223.38,3189.394557577742,,1,0,0,18.252394854370333
1577370600,3239.91,3199.6321018199674,,1,0,0,18.141509507629582
1577457000,3240.02,3207.8308916379706,,1,0,0,17.81425882851318
1577716200,3221.29,3207.8308916379706,,1,0,0,18.281097483619373
1577802600,3230.78,3207.8308916379706,,1,0,0,18.381733377646533
1577975400,3257.85,3209.584470004081,,1,0,0,19.02303813638604
1578061800,3234.85,3209.584470004081,,1,0,0,20.200678269501307
1578321000,3246.28,3209.584470004081,,1,0,0,21.057772678822662
1578407400,3237.18,3209.584470004081,,1,0,0,20.542931773192496
1578493800,3253.05,3209.584470004081,,1,0,0,21.247008075107324
1578580200,3274.7,3226.0528523427097,,1,0,0,21.338650355456785
1578666600,3265.35,3228.284067108439,,1,0,0,21.39517533006699
1578925800,3288.13,3234.4471603975944,,1,0,0,21.494091377919364
1579012200,3283.15,3242.8584443578357,,1,0,0,21.177370565210833
1579098600,3289.29,3247.505599922052,,1,0,0,20.948272667695758
1579185000,3316.81,3266.448539929847,,1,0,0,21.43911033428893
1579271400,3329.62,3282.591185936862,,1,0,0,20.841316738982588
1579617000,3320.79,3282.9630673431757,,1,0,0,20.29407982905525
1579703400,3321.75,3289.145760608858,,1,0,0,20.110931269837018
1579789800,3325.54,3289.145760608858,,1,0,0,20.460864750562962
1579876200,3295.47,3289.145760608858,,1,0,0,22.688660125522723
1580135400,3243.63,,3301.2021055161426,1,0,0,25.42304154512823
1580221800,3276.24,,3301.2021055161426,1,0,0,26.61782429190479
1580308200,3273.4,,3301.2021055161426,1,0,0,26.25797969962587
1580394600,3283.66,,3301.2021055161426,1,0,0,27.461695435366856
1580481000,3225.52,,3301.2021055161426,1,0,0,30.42728861855494
1580740200,3248.92,,3301.2021055161426,1,0,0,31.31962514580102
1580826600,3297.59,,3301.2021055161426,1,0,0,33.22536620681523
1580913000,3334.69,3251.4510337956563,,1,0,0,33.70855433489984
1580999400,3345.78,3271.668430416091,,1,0,0,32.27008616812129
1581085800,3327.71,3271.668430416091,,1,0,0,31.655080013255507
1581345000,3352.09,3271.668430416091,,1,0,0,31.85757429802299
1581431400,3357.75,3298.7555907733304,,1,0,0,31.2634618481642
1581517800,3379.45,3311.973531695997,,1,0,0,30.72464314472389
1581604200,3373.94,3311.973531695997,,1,0,0,30.28502577724362
1581690600,3380.16,3314.5560106737576,,1,0,0,29.160381078869076
1582036200,3370.29,3314.5560106737576,,1,0,0,28.831068144664123
1582122600,3386.15,3329.430168645744,,1,0,0,28.430991848616685
1582209000,3373.23,3329.430168645744,,1,0,0,29.838063859429788
1582295400,3337.75,3329.430168645744,,1,0,0,30.905345012327675
1582554600,3225.89,,3319.074442057253,1,0,0,37.490677511447124
1582641000,3128.21,,3282.1839978515277,1,0,0,43.97134340348661
1582727400,3116.39,,3249.827598066375,1,0,0,46.081961731809024
1582813800,2978.76,,3158.6998382597376,1,0,0,52.71896446525124
1582900200,2954.22,,3041.6868544337635,1,0,0,57.733324146304724
1583159400,3090.23,2868.4048310096123,,1,0,0,64.02165813585438
1583245800,3003.37,2889.953847908652,,1,0,0,70.8836825547219
1583332200,3130.12,2907.1059631177864,,1,0,0,74.93484808652748
1583418600,3023.94,2907.1059631177864,,1,0,1,78.88878750891838
1583505000,2972.37,2907.1059631177864,,1,0,0,81.99673125828136
1583760600,2746.56,,3017.8768078871335,1,0,0,93.13553616840412
1583847000,2882.23,,3017.8768078871335,1,0,0,97.09656929923241
1583933400,2741.38,,3005.318814388578,1,0,0,102.66181434928725
1584019800,2480.64,,2837.42693294972,1,0,0,114.08025618148102
1584106200,2711.02,,2837.42693294972,1,0,0,122.40952359708953
1584365400,2386.13,,2796.1929656892735,1,0,0,137.2431290544403
1584451800,2529.19,,2789.6726691203457,1,0,1,140.78933412198026
1584538200,2398.1,,2713.047902208312,1,0,0,148.49509597041023
1584624600,2409.39,,2713.047902208312,1,0,0,148.4018748296666
1584711000,2304.92,,2712.531550788732,1,0,0,149.04816948469048
1584970200,2237.4,,2573.3288957098594,1,0,0,146.4775859500697
1585056600,2447.33,,2573.3288957098594,1,0,0,151.17990123935047
1585143000,2475.56,,2573.3288957098594,1,0,0,152.0877654365397
1585229400,2630.07,2234.2728700275125,,1,0,0,152.7564964767869
1585315800,2541.47,2244.8220830247615,,1,0,0,149.7060324427307
1585575000,2626.65,2279.645374722285,,1,0,0,145.46488726824995
1585661400,2584.59,2314.2168372500564,,1,0,0,140.0916810348035
1585747800,2470.5,2314.2168372500564,,1,0,0,139.87798953231757
1585834200,2526.9,2314.2168372500564,,1,0,0,135.41741885143773
1585920600,2488.65,2314.2168372500564,,1,0,0,131.33188893347787
1586179800,2663.68,2349.841479919762,,1,0,0,135.39389686680087
1586266200,2659.41,2439.1543319277857,,1,0,0,132.8100470906008
1586352600,2749.98,2450.4438987350077,,1,0,0,130.5621865841293
1586439000,2789.82,2541.3240088615066,,1,0,0,126.13560182812009
1586784600,2761.63,2541.3240088615066,,1,0,0,122.0294874118258
1586871000,2846.06,2596.2697971778202,,1,0,0,119.75738116812394
1586957400,2783.36,2596.2697971778202,,1,0,0,117.2404253704008
1587043800,2799.55,2596.2697971778202,,1,0,0,111.87968070108647
1587130200,2874.56,2648.5519671426314,,1,0,0,109.5789892224374
1587389400,2823.16,2648.5519671426314,,1,0,0,105.61834713512044
1587475800,2736.56,2648.5519671426314,,1,0,0,104.9356080540404
1587562200,2799.31,2648.5519671426314,,1,0,0,103.05020747875179
1587648600,2797.8,2648.5519671426314,,1,0,0,99.3066212302695
1587735000,2836.74,2648.5519671426314,,1,0,0,95.8525768566788
1587994200,2878.48,2702.544028980247,,1,0,0,92.64739279548745
1588080600,2863.39,2727.8571260822227,,1,0,0,90.34686473866692
1588167000,2939.51,2768.4504134740005,,1,0,0,90.42708868590502
1588253400,2912.43,2768.4504134740005,,1,0,0,87.32801092262612
1588339800,2830.71,2768.4504134740005,,1,0,0,87.5774387138671
1588599000,2842.74,2768.4504134740005,,1,0,0,84.63547880573371
1588685400,2868.44,2768.4504134740005,,1,0,0,82.55365889103847
1588771800,2848.42,2768.4504134740005,,1,0,0,79.76125468453573
1588858200,2881.19,2768.4504134740005,,1,0,0,77.88545077849746
1588944600,2929.8,2781.8047963613326,,1,0,0,75.96291858003335
1589203800,2930.32,2793.5393167251996,,1,0,0,73.45199582431668
1589290200,2870.12,2793.5393167251996,,1,0,0,73.65042469400835
1589376600,2820,2793.5393167251996,,1,0,0,74.17468007300774
1589463000,2852.5,2793.5393167251996,,1,0,0,75.03077435350721
1589549400,2863.7,2793.5393167251996,,1,0,0,73.1164333282567
1589808600,2953.91,2798.702234483063,,1,0,0,75.35025951909553
1589895000,2922.94,2806.862511034756,,1,0,0,72.95809812487444
1589981400,2971.61,2832.714259931281,,1,0,0,71.84323397309768
1590067800,2948.51,2832.714259931281,,1,0,0,69.56371726073355
1590154200,2955.45,2832.714259931281,,1,0,0,66.2498803135383
1590499800,2991.77,2883.1865954899035,,1,0,0,66.25131743399984
1590586200,3036.13,2883.1865954899035,,1,0,0,66.26908047442842
1590672600,3029.73,2926.3866923468217,,1,0,0,64.76914615482639
1590759000,3044.31,2926.3866923468217,,1,0,0,63.75420714376735
1591018200,3055.73,2934.7160708009255,,1,0,0,61.38890663349825
1591104600,3080.82,2959.5394637208333,,1,0,0,59.1061275882484
1591191000,3122.87,3008.76201734875,,1,0,0,58.46426133194494
1591277400,3112.35,3008.76201734875,,1,0,0,57.03824266537744
1591363800,3193.93,3074.9880340524874,,1,0,0,60.06193961785048
1591623000,3232.39,3105.212230647239,,1,0,0,58.571801073718326
1591709400,3207.18,3105.212230647239,,1,0,0,57.193815282738434
1591795800,3190.14,3105.212230647239,,1,0,0,56.092828476828565
1591882200,3002.1,,3193.241928858163,1,0,0,65.70405501419796
1591968600,3041.31,,3175.7937359723464,1,0,0,68.43590822746955
1592227800,3066.59,,3170.943862375112,1,0,0,71.6976290683646
1592314200,3124.74,,3170.943862375112,1,0,0,72.7806555634814
1592400600,3113.49,,3170.943862375112,1,0,0,69.94846588037557
1592487000,3115.34,,3170.943862375112,1,0,0,66.84428974606301
1592573400,3097.74,,3170.943862375112,1,0,0,67.24255476420137
1592832600,3117.86,,3170.943862375112,1,0,0,65.40594370961557
1592919000,3131.29,,3170.943862375112,1,0,0,63.37980487321446
1593005400,3050.33,,3170.943862375112,1,0,0,65.93553309655627
1593091800,3083.76,,3170.943862375112,1,0,0,65.67156644680223
1593178200,3009.05,,3170.943862375112,1,0,0,66.6328831291735
1593437400,3053.24,,3157.6937115315195,1,0,0,65.74124861994683
1593523800,3100.29,,3157.6937115315195,1,0,0,65.59401657566494
1593610200,3115.86,,3157.6937115315195,1,0,0,62.919443963117445
1593696600,3130.01,,3157.6937115315195,1,0,0,61.99305510860904
1594042200,3179.72,3049.71863336417,,1,0,0,61.320694029422675
1594128600,3145.32,3049.71863336417,,1,0,0,59.884930170178215
1594215000,3169.94,3049.71863336417,,1,0,0,58.12672087230834
1594301400,3152.05,3049.71863336417,,1,0,0,58.551955095714916
1594387800,3185.04,3049.9208453502315,,1,0,0,57.98395830316388
1594647000,3155.22,3074.7577608152083,,1,0,0,59.977246995795056
1594733400,3197.52,3074.7577608152083,,1,0,0,60.928157924666834
1594819800,3226.56,3102.905836260319,,1,0,0,59.48757521576208
1594906200,3215.57,3102.905836260319,,1,0,0,57.23631984320763
1594992600,3224.73,3114.5189273708584,,1,0,0,55.13872556869279
1595251800,3251.84,3133.6355346337727,,1,0,0,54.303816599500465
1595338200,3257.3,3163.701481170395,,1,0,0,52.53354398525043
1595424600,3276.02,3172.0203330533554,,1,0,0,50.654005129161135
1595511000,3235.66,3172.0203330533554,,1,0,0,51.13086190564962
1595597400,3215.63,3172.0203330533554,,1,0,0,50.02222891238891
1595856600,3239.41,3172.0203330533554,,1,0,0,48.39064113293255
1595943000,3218.44,3172.0203330533554,,1,0,0,46.90202390915164
1596029400,3258.44,3172.0203330533554,,1,0,0,46.859022201355074
1596115800,3246.22,3172.0203330533554,,1,0,0,47.39123490125828
1596202200,3271.12,3172.0203330533554,,1,0,0,47.714003836882675
1596461400,3294.61,3205.775787161249,,1,0,0,46.563717848533926
1596547800,3306.51,3213.442208445124,,1,0,0,44.69988085935295
1596634200,3327.77,3244.371487600611,,1,0,0,43.23988936939916
1596720600,3349.16,3256.2783388405505,,1,0,0,42.500611557299244
1596807000,3351.28,3265.3900049564954,,1,0,0,41.166282160349304
1597066200,3360.47,3276.0790044608457,,1,0,0,40.21511914889577
1597152600,3333.69,3276.8536040147615,,1,0,0,41.240467781117516
1597239000,3380.35,3291.650743613285,,1,0,0,42.16614865389482
1597325400,3373.43,3298.4951692519567,,1,0,0,40.8607094643309
1597411800,3372.85,3298.4951692519567,,1,0,0,39.14708735973586
1597671000,3381.99,3315.2125370940844,,1,0,0,37.4037239768976
1597757400,3389.78,3316.2497833846764,,1,0,0,36.511315121404905
1597843800,3374.85,3318.9043050462087,,1,0,0,36.03764975559027
1597930200,3385.51,3318.9043050462087,,1,0,0,36.042817630190974
1598016600,3397.16,3325.791687087429,,1,0,0,34.94333065660591
1598275800,3431.28,3358.165018378686,,1,0,0,34.94237846684836
1598362200,3443.62,3373.3505165408174,,1,0,0,33.75863714778775
1598448600,3478.73,3399.612964886736,,1,0,0,34.02230592294579
1598535000,3484.55,3421.561668398062,,1,0,0,33.95142692844968
1598621400,3508.01,3434.820001558256,,1,0,0,33.30561071927469
1598880600,3500.31,3443.9465014024304,,1,0,0,32.46378138218364
1598967000,3526.65,3450.5718512621875,,1,0,0,32.532796997741976
1599053400,3580.84,3494.7091661359686,,1,0,0,34.599025783617556
1599139800,3455.06,,3587.0807504776285,1,0,0,43.08695251335918
1599226200,3426.96,,3522.149675429866,1,0,0,49.26074161954781
1599571800,3331.84,,3471.141707886879,1,0,0,52.71997436100868
1599658200,3398.96,,3471.141707886879,1,0,0,55.59211904950805
1599744600,3339.19,,3471.141707886879,1,0,0,58.499824831686055
1599831000,3340.97,,3468.7389850495347,1,0,0,58.49840877227991
1600090200,3383.54,,3468.7389850495347,1,0,0,58.74566528854563
1600176600,3401.2,,3468.7389850495347,1,0,0,57.11668919650666
1600263000,3385.49,,3468.7389850495347,1,0,0,56.21335425389906
1600349400,3357.01,,3468.7389850495347,1,0,0,56.24597180719196
1600435800,3319.47,,3448.2745085818997,1,0,0,57.21911667810681
1600695000,3281.06,,3384.2545577237097,1,0,0,59.587036915384886
1600781400,3315.57,,3384.2545577237097,1,0,0,58.856534278571694
1600867800,3236.92,,3384.2545577237097,1,0,0,61.13678183010227
1600954200,3246.59,,3374.7860775805843,1,0,0,61.716297413666396
1601040600,3298.46,,3374.7860775805843,1,0,0,62.910847598404516
1601299800,3351.6,,3374.7860775805843,1,0,0,62.865787055661315
1601386200,3335.47,,3374.7860775805843,1,0,0,60.545373694542654
1601472600,3363,,3374.7860775805843,1,0,0,60.369989859218194
1601559000,3380.8,3260.1923349994404,,1,0,0,58.61427629784546
1601645400,3348.44,3260.1923349994404,,1,0,0,58.5068279908565
1601904600,3408.63,3269.449141349547,,1,0,0,58.69419742008104
1601991000,3360.95,3270.572227214592,,1,0,0,60.00318331864668
1602077400,3419.45,3282.118004493133,,1,0,0,60.38224165302909
1602163800,3446.83,3321.1862040438195,,1,0,0,58.057081534955614
1602250200,3477.13,3358.2270836394373,,1,0,0,56.44657571103023
1602509400,3534.22,3409.405875275494,,1,0,0,57.60896316024234
1602595800,3511.93,3409.405875275494,,1,0,0,55.87689436308215
1602682200,3488.67,3409.405875275494,,1,0,0,55.27068762286199
1602768600,3483.34,3409.405875275494,,1,0,0,54.764924221229
1602855000,3483.81,3409.405875275494,,1,0,0,53.37528677685553
1603114200,3426.92,3409.405875275494,,1,0,0,55.45490914993729
1603200600,3443.12,3409.405875275494,,1,0,0,55.0659870677989
1603287000,3435.56,3409.405875275494,,1,0,0,53.40413084867042
1603373400,3453.49,3409.405875275494,,1,0,0,52.817407216622534
1603459800,3465.39,3409.405875275494,,1,0,0,50.90259241543522
1603719000,3400.97,,3511.427971718027,1,0,0,54.44740724290411
1603805400,3390.68,,3500.7291745462244,1,0,0,52.044021011268114
1603891800,3271.03,,3421.5002570916017,1,0,0,57.02587665332039
1603978200,3310.11,,3420.914731382442,1,0,0,58.754742606654645
1604064600,3269.96,,3393.100758244197,1,0,0,59.99868956332217
1604327400,3310.24,,3393.100758244197,1,0,0,60.01164030879915
1604413800,3369.02,,3393.100758244197,1,0,0,61.38580885817064
1604500200,3443.44,3308.0975022399803,,1,0,0,65.3746796540156
1604586600,3510.45,3366.4217520159823,,1,0,0,66.82005967872877
1604673000,3509.44,3368.636076814384,,1,0,0,64.70719827310526
1604932200,3550.5,3448.5334691329454,,1,0,0,69.83882696788343
1605018600,3545.53,3448.5334691329454,,1,0,0,68.0867678987489
1605105000,3572.66,3448.5334691329454,,1,0,0,65.76842733455253
1605191400,3537.01,3448.5334691329454,,1,0,0,64.93353966779877
1605277800,3585.15,3448.5334691329454,,1,0,0,64.34185826295598
1605537000,3626.91,3488.053085838313,,1,0,0,62.84315410131627
1605623400,3609.53,3488.053085838313,,1,0,0,61.085071665507975
1605709800,3567.79,3488.053085838313,,1,0,0,60.418995117971704
1605796200,3581.87,3488.053085838313,,1,0,0,59.05906689525942
1605882600,3557.54,3488.053085838313,,1,0,0,56.627704974169454
1606141800,3577.59,3488.053085838313,,1,0,0,55.2285831903002
1606228200,3635.41,3510.299135515999,,1,0,0,55.90654153385017
1606314600,3629.65,3525.7777219643995,,1,0,0,53.18035999571799
1606487400,3638.35,3543.056949767959,,1,0,0,50.451762853166706
1606746600,3621.63,3543.056949767959,,1,0,0,49.988065506511944
1606833000,3662.45,3566.935129312047,,1,0,0,50.47606082747536
1606919400,3669.01,3566.9736163808425,,1,0,0,48.73634219694139
1607005800,3666.72,3583.004254742758,,1,0,0,47.08088918287415
1607092200,3699.12,3600.322829268482,,1,0,0,46.03796852695457
1607351400,3691.96,3607.8245463416342,,1,0,0,44.19525648931494
1607437800,3702.25,3615.4275917074706,,1,0,0,43.15416674007815
1607524200,3672.82,3615.4275917074706,,1,0,0,43.77529768721542
1607610600,3668.1,3615.4275917074706,,1,0,0,43.02777642384289
1607697000,3663.46,3615.4275917074706,,1,0,0,42.43293525071124
1607956200,3647.49,3615.4275917074706,,1,0,0,43.09986844708901
1608042600,3694.62,3615.4275917074706,,1,0,0,43.435592129439804
1608129000,3701.17,3621.27040002461,,1,0,0,41.954478405908375
1608215400,3722.48,3642.420360022149,,1,0,0,40.66844423405776
1608301800,3709.41,3642.420360022149,,1,0,0,40.682126788767896
1608561000,3694.92,3642.420360022149,,1,0,0,42.98554630385589
1608647400,3687.26,3642.420360022149,,1,0,0,41.49372156786621
1608733800,3690.01,3642.420360022149,,1,0,0,40.24274145587573
1608820200,3703.06,3642.420360022149,,1,0,0,38.40397420902747
1609165800,3735.36,3660.0042388755314,,1,0,0,38.33583319409695
1609252200,3727.05,3668.563814987978,,1,0,0,37.94113082309002
1609338600,3732.05,3669.8679334891804,,1,0,0,36.48676433572644
1609425000,3756.08,3676.079140140262,,1,0,0,36.26056688317453
1609770600,3700.66,3676.079140140262,,1,0,0,41.33338353437633
1609857000,3726.87,3676.079140140262,,1,0,0,41.43528471049229
1609943400,3748.15,3676.079140140262,,1,0,0,44.025621516885685
1610029800,3803.8,3694.6343858460264,,1,0,0,45.409505694250996
1610116200,3824.69,3712.3809472614234,,1,0,0,45.24382671609022
1610375400,3799.62,3712.818352535281,,1,0,0,44.55998195065521
1610461800,3801.2,3712.818352535281,,1,0,0,43.82498323989412
1610548200,3809.85,3720.765865553578,,1,0,0,42.79891300847311
1610634600,3795.55,3725.1642789982197,,1,0,0,41.93756207929645
1610721000,3768.26,3725.1642789982197,,1,0,0,42.22273621648958
1611066600,3798.92,3725.1642789982197,,1,0,0,41.79754077245461
1611153000,3851.86,3751.294829389702,,1,0,0,43.157002145850704
1611239400,3853.08,3771.948846450732,,1,0,0,41.24578770686134
1611325800,3841.48,3771.948846450732,,1,0,0,39.91894572779982
1611585000,3855.37,3771.948846450732,,1,0,0,41.501163890099846
1611671400,3849.63,3780.602319062584,,1,0,0,40.18822361223556
1611757800,3750.78,,3878.9489128436744,1,0,0,45.68549335421874
1611844200,3787.39,,3878.9489128436744,1,0,0,48.11652954320311
1611930600,3714.25,,3845.4666694033763,1,0,0,51.34177743297431
1612189800,3773.87,,3845.4666694033763,1,0,0,52.679507616333304
1612276200,3826.32,,3845.4666694033763,1,0,0,53.8609713580238
1612362600,3830.18,,3845.4666694033763,1,0,0,52.21590197530784
1612449000,3871.75,3747.3474407044446,,1,0,0,51.50333754850015
1612535400,3886.84,3783.709696634,,1,0,0,49.453813437893
1612794600,3915.6,3807.4622269706006,,1,0,0,47.987826763757774
1612881000,3911.24,3820.30700427354,,1,0,0,45.68226770920365
1612967400,3909.89,3820.30700427354,,1,0,0,45.744962872831955
1613053800,3916.39,3820.30700427354,,1,0,0,45.020322667629664
1613140200,3934.84,3835.517231115411,,1,0,0,44.0510139056561
1613485800,3932.6,3854.43500800387,,1,0,0,42.80308434096637
1613572200,3931.34,3854.43500800387,,1,0,0,42.115721173754515
1613658600,3913.98,3854.43500800387,,1,0,0,42.41531251848634
1613745000,3906.72,3854.43500800387,,1,0,0,41.33850448145158
1614004200,3876.51,3854.43500800387,,1,0,0,40.67218273277645
1614090600,3881.38,3854.43500800387,,1,0,0,44.22345539472098
1614177000,3925.44,3854.43500800387,,1,0,0,45.99678000938378
1614263400,3829.35,,3975.690094942274,1,0,0,50.66843858014209
1614349800,3811.16,,3935.1620854480466,1,0,0,52.15926439584622
1614609000,3901.83,,3935.1620854480466,1,0,0,55.81503122471436
1614695400,3870.3,,3935.1620854480466,1,0,0,54.531100422949024
1614781800,3819.73,,3935.1620854480466,1,0,0,54.60816467845264
1614868200,3768.48,,3910.851805262463,1,0,0,59.30258148713459
1614954600,3841.95,,3910.851805262463,1,0,0,63.74525423805354
1615213800,3821.36,,3910.851805262463,1,0,0,63.607021792478285
1615300200,3875.45,,3910.851805262463,1,0,0,64.94937737872985
1615386600,3898.82,,3910.851805262463,1,0,0,63.302993280249154
1615473000,3939.35,3804.572056960568,,1,0,0,63.17063661737421
1615559400,3943.35,3804.572056960568,,1,0,0,60.785591144704604
1615815000,3968.95,3824.14191613806,,1,0,0,59.76804892008284
1615901400,3962.72,3851.318724524254,,1,0,0,57.470331140076915
1615987800,3974.13,3851.318724524254,,1,0,0,56.80316463007143
1616074200,3915.47,3851.318724524254,,1,0,0,57.26508144220918
1616160600,3913.11,3851.318724524254,,1,0,0,56.27257562490852
1616419800,3940.6,3851.318724524254,,1,0,0,55.267391651700756
1616506200,3910.53,3851.318724524254,,1,0,0,54.71686367657927
1616592600,3889.15,3851.318724524254,,1,0,0,54.59494484253788
1616679000,3909.53,3851.318724524254,,1,0,0,55.4124487823566
1616765400,3974.55,3851.318724524254,,1,0,0,56.35870244075969
1617024600,3971.1,3853.097260399623,,1,0,0,55.08879512356257
1617111000,3958.56,3853.097260399623,,1,0,0,53.064595471879535
1617197400,3972.9,3880.0613809236943,,1,0,0,51.83498150960242
1617283800,4019.88,3906.588742831325,,1,0,0,51.54176854463082
1617629400,4077.92,3956.117368548193,,1,0,0,52.398785077157186
1617715800,4073.95,3981.0356316933735,,1,0,0,49.94815757164597
1617802200,4079.96,3986.2215685240362,,1,0,0,47.43900345938556
1617888600,4097.18,4006.1704116716323,,1,0,0,45.35264606942941
1617975000,4128.81,4029.9258705044695,,1,0,0,44.53959992161298
1618234200,4128,4045.5897834540224,,1,0,0,42.56819992721209
1618320600,4141.6,4061.5708051086203,,1,0,0,41.211185646696926
1618407000,4124.67,4062.936224597758,,1,0,0,40.46895810050427
1618493400,4170.43,4080.8516021379824,,1,0,0,41.065461093325375
1618579800,4185.48,4108.657941924185,,1,0,0,39.62364244380215
1618839000,4163.27,4108.657941924185,,1,0,0,39.29409655495909
1618925400,4134.95,4108.657941924185,,1,0,0,39.69380394389061
1619011800,4173.43,4108.657941924185,,1,0,0,40.334960805041284
1619098200,4134.99,4108.657941924185,,1,0,0,41.44532074753835
1619184600,4180.18,4108.657941924185,,1,0,0,42.71208355128562
1619443800,4187.63,4110.18539830413,,1,0,0,40.66193472619374
1619530200,4186.73,4111.078358473717,,1,0,0,38.98108224575134
1619616600,4183.19,4121.369022626345,,1,0,0,37.607433513911964
1619703000,4211.48,4126.143620363711,,1,0,0,37.91904540577535
1619789400,4181.18,4126.143620363711,,1,0,0,37.8269707339342
1620048600,4192.67,4128.436982494606,,1,0,0,37.140044252938914
1620135000,4164.67,4128.436982494606,,1,0,0,39.064326806300414
1620221400,4167.6,4128.436982494606,,1,0,0,38.18687489156472
1620307800,4201.63,4128.436982494606,,1,0,0,39.377098113595835
1620394200,4232.61,4142.897649214711,,1,0,0,39.165162534053266
1620653400,4188.44,4142.897649214711,,1,0,0,39.81479378162091
1620739800,4152.11,4142.897649214711,,1,0,0,42.46445136864798
1620826200,4063.05,,4192.603893722476,1,0,0,46.233419128030235
1620912600,4112.51,,4192.603893722476,1,0,0,47.82603204745663
1620999000,4173.86,,4192.603893722476,1,0,0,49.45417261549544
1621258200,4163.3,,4192.603893722476,1,0,0,48.1481602858172
1621344600,4127.84,,4192.603893722476,1,0,0,47.76686312254451
1621431000,4115.69,,4191.659021354185,1,0,0,49.099944328077065
1621517400,4159.13,,4191.659021354185,1,0,0,49.672091161785886
1621603800,4155.87,,4191.659021354185,1,0,0,48.76694179308689
1621863000,4197.06,4088.4836834327994,,1,0,0,49.1157316650093
1621949400,4188.12,4100.5693150895195,,1,0,0,47.81460797465147
1622035800,4195.98,4101.999383580567,,1,0,0,45.720707405033515
1622122200,4200.87,4119.87544522251,,1,0,0,43.697799733245446
1622208600,4204.12,4130.452900700259,,1,0,0,41.82581403801361
1622554200,4202.03,4135.980110630233,,1,0,0,41.44754160672691
1622640600,4208.11,4135.980110630233,,1,0,0,39.851288634817806
1622727000,4192.86,4135.980110630233,,1,0,0,39.87476801804506
1622813400,4229.88,4143.07660564944,,1,0,0,39.925856016756136
1623072600,4226.53,4151.6579450844965,,1,0,0,38.265437729845004
1623159000,4227.25,4151.801150576047,,1,0,0,37.55576360628464
1623245400,4219.54,4160.548535518442,,1,0,0,36.18392334869291
1623331800,4239.19,4168.370181966598,,1,0,0,35.75650025235769
1623418200,4247.45,4177.086163769938,,1,0,0,34.35460737718929
1623677400,4255.16,4183.620047392944,,1,0,0,33.437849707390086
1623763800,4246.58,4188.90404265365,,1,0,0,32.39300329971933
1623850200,4223.71,4188.90404265365,,1,0,0,33.610645921167986
1623936600,4221.85,4188.90404265365,,1,0,0,33.79845692679883
1624023000,4166.46,,4253.514827905489,1,0,0,35.48785286059896
1624282200,4224.8,,4253.514827905489,1,0,0,37.223006227699024
1624368600,4246.43,,4253.514827905489,1,0,0,37.31922006857764
1624455000,4241.83,,4253.514827905489,1,0,0,35.737132920822106
1624541400,4266.48,4195.318556411208,,1,0,0,35.28805199790623
1624627800,4280.69,4212.786200770087,,1,0,0,34.17033399805581
1624887000,4290.62,4220.642580693079,,1,0,0,32.9774529981947
1624973400,4291.81,4234.597822623771,,1,0,0,31.58477778403797
1625059800,4297.49,4239.037040361393,,1,0,0,30.362293656606706
1625146200,4319.93,4255.518836325254,,1,0,0,29.84855839542052
1625232600,4352.33,4284.256452692729,,1,0,0,30.252232795747624
1625578200,4343.53,4284.256452692729,,1,0,0,31.097787596051376
1625664600,4358.14,4285.8663766811105,,1,0,0,31.168659910619144
1625751000,4320.83,4285.8663766811105,,1,0,0,33.85446991700352
1625837400,4369.54,4285.8663766811105,,1,0,0,35.06272206578901
1626096600,4384.64,4306.828533600528,,1,0,0,34.176099061089836
1626183000,4369.2,4312.881180240477,,1,0,0,33.55280627101198
1626269400,4374.31,4312.881180240477,,1,0,0,33.393320108796885
1626355800,4360.04,4312.881180240477,,1,0,0,33.408797243882866
1626442200,4327.15,4312.881180240477,,1,0,0,34.77674029789126
1626701400,4258.49,,4346.844818144223,1,0,0,39.00840170518471
1626787800,4323.05,,4346.844818144223,1,0,0,41.81851586910011
1626874200,4358.68,4257.497347303179,,1,0,0,41.449336164164365
1626960600,4367.49,4276.877112572861,,1,0,0,39.903669295295444
1627047000,4411.8,4313.872901315575,,1,0,0,40.45983577420294
1627306200,4422.31,4334.748611184017,,1,0,0,38.80413321890272
1627392600,4401.47,4334.748611184017,,1,0,0,39.58955227469539
1627479000,4400.63,4334.748611184017,,1,0,0,38.7945842550743
1627565400,4419.14,4339.881727553149,,1,0,0,38.11925680828329
1627651800,4395.27,4339.881727553149,,1,0,0,37.502881321977384
1627911000,4387.15,4339.881727553149,,1,0,0,37.49338979897899
1627997400,4423.16,4339.881727553149,,1,0,0,38.443147670480485
1628083800,4402.65,4339.881727553149,,1,0,0,37.33506569401761
1628170200,4429.09,4346.704735302858,,1,0,0,36.58041814444495
1628256600,4436.51,4367.4032617725725,,1,0,0,34.80681684841316
1628515800,4432.34,4368.347435595316,,1,0,0,33.36704421638369
1628602200,4436.74,4377.238192035784,,1,0,0,32.06796962949916
1628688600,4447.69,4385.982372832205,,1,0,0,30.707400370249186
1628775000,4460.82,4392.450135548985,,1,0,0,30.35758605808856
1628861400,4467.99,4412.311621994086,,1,0,0,28.728472768225107
1629120600,4479.72,4412.311621994086,,1,0,0,29.71929614192334
1629207000,4448.07,4412.311621994086,,1,0,0,32.01720356035741
1629293400,4400.27,,4493.456982566311,1,0,0,33.782403306046135
1629379800,4405.8,,4464.09778430968,1,0,0,35.00366021275713
1629466200,4441.67,,4464.09778430968,1,0,0,35.25697019756021
1629725400,4479.53,4396.052494709159,,1,0,0,36.182186612020196
1629811800,4486.23,4418.259745238243,,1,0,0,34.54631613973309
1629898200,4496.2,4428.118270714418,,1,0,0,33.22515070118074
1629984600,4470.01,4428.118270714418,,1,0,0,32.79549707966783
1630071000,4509.38,4428.118270714418,,1,0,0,33.547247288262966
1630330200,4528.8,4459.960234350811,,1,0,0,33.14958676767272
1630416600,4522.69,4461.43721091573,,1,0,0,31.895330569981827
1630503000,4524.1,4470.604989824158,,1,0,0,30.69494981498307
1630589400,4536.94,4477.840990841742,,1,0,0,30.056024828198563
1630675800,4535.42,4477.840990841742,,1,0,0,29.348451626184353
1631021400,4520.02,4477.840990841742,,1,0,0,28.85356222431405
1631107800,4514.08,4477.840990841742,,1,0,0,28.781164922577343
1631194200,4493.27,4477.840990841742,,1,0,0,29.427510285250385
1631280600,4458.57,,4552.761797267861,1,0,0,31.81197383630396
1631539800,4468.72,,4536.130117541074,1,0,0,32.91754713371082
1631626200,4443.06,,4530.720605786966,1,0,0,34.153436624160065
1631712600,4480.69,,4530.720605786966,1,0,0,35.17819115100578
1631799000,4473.76,,4530.720605786966,1,0,0,35.6704632116482
1631885400,4432.98,,4525.409391618699,1,0,0,36.40828726795904
1632144600,4357.72,,4448.0364524568295,1,0,0,42.88412389167623
1632231000,4354.18,,4448.0364524568295,1,0,0,43.171686470842204
1632317400,4395.63,,4448.0364524568295,1,0,0,44.557280294353454
1632403800,4448.99,4335.019876158972,,1,0,0,46.35818884475675
1632490200,4455.47,4349.175388543074,,1,0,0,45.39331821298837
1632749400,4443.1,4354.755349688768,,1,0,0,43.65879548348924
1632835800,4352.64,,4485.079685280109,1,0,0,47.452452948954324
1632922200,4359.45,,4468.841216752098,1,0,0,46.415134881171824
1633008600,4307.53,,4448.321595076889,1,0,0,48.55048238965958
1633095000,4357.05,,4442.722935569199,1,0,0,51.27330507611241
1633354200,4300.47,,4432.6281420122805,1,0,0,53.190211856390135
1633440600,4345.71,,4432.6281420122805,1,0,0,54.30233958093364
1633527000,4363.56,,4432.6281420122805,1,0,0,55.78645818229552
1633613400,4399.75,,4432.6281420122805,1,0,0,56.545282597845826
1633699800,4391.35,,4432.6281420122805,1,0,0,54.349190983713996
1633959000,4361.2,,4432.6281420122805,1,0,0,54.41639162773442
1634045400,4350.64,,4432.6281420122805,1,0,0,52.87236365432483
1634131800,4363.79,,4432.6281420122805,1,0,0,52.16362339330161
1634218200,4438.25,4301.48282822794,,1,0,0,53.861936008065754
1634304600,4471.38,4353.659545405146,,1,0,0,52.698226293203895
1634563800,4486.47,4362.568090864633,,1,0,0,51.88263870083217
1634650200,4519.64,4406.631281778168,,1,0,0,50.60030736505839
1634736600,4536.2,4436.792653600352,,1,0,0,48.50242826755419
1634823000,4549.79,4447.996888240317,,1,0,0,46.79154053415741
1634909400,4544.91,4452.649699416285,,1,0,0,45.99714478171761
1635168600,4566.49,4467.671229474657,,1,0,0,45.2302058687378
1635255000,4574.8,4498.855106527191,,1,0,0,44.28804830668509
1635341400,4551.67,4498.855106527191,,1,0,0,43.475330570493284
1635427800,4596.41,4498.855106527191,,1,0,0,43.64709267260092
1635514200,4605.39,4504.185902658322,,1,0,0,43.42158605312941
1635773400,4613.68,4527.359812392491,,1,0,0,42.12575847790587
1635859800,4630.66,4547.576831153241,,1,0,0,40.67463287234113
1635946200,4660.58,4564.869648037917,,1,0,0,40.788587667173935
1636032600,4680.07,4598.6011832341255,,1,0,0,39.476545690947226
1636119000,4697.54,4625.449564910712,,1,0,0,39.40179242730816
1636381800,4701.69,4633.534608419642,,1,0,0,38.05380725392899
1636468200,4685.26,4633.534608419642,,1,0,0,38.02567816436262
1636554600,4646.7,4633.534608419642,,1,0,0,39.19527258119389
1636641000,4649.26,4633.534608419642,,1,0,0,37.67061025396578
1636727400,4682.86,4633.534608419642,,1,0,0,37.7805666643968
1636986600,4682.81,4633.534608419642,,1,0,0,36.83624047408278
1637073000,4700.91,4633.534608419642,,1,0,0,36.742937583076845
1637159400,4688.68,4633.534608419642,,1,0,0,35.339156327142796
1637245800,4704.55,4633.534608419642,,1,0,0,35.387788018061194
1637332200,4697.95,4641.096269668346,,1,0,0,34.54080315962823
1637591400,4682.95,4642.268142701511,,1,0,0,36.477888648226205
1637677800,4690.69,4642.268142701511,,1,0,0,37.21018231621008
1637764200,4701.45,4642.268142701511,,1,0,0,37.62231215076647
1637937000,4594.61,,4715.104183970599,1,0,0,43.22214699714026
1638196200,4655.26,,4715.104183970599,1,0,0,45.7305650687731
1638282600,4567.01,,4709.123289016185,1,0,0,49.26838184957504
1638369000,4513.03,,4705.640960114565,1,0,0,55.939926003176765
1638455400,4577.09,,4679.8733641031085,1,0,0,58.424931288664176
1638541800,4538.44,,4679.8733641031085,1,0,0,62.316721910902444
1638801000,4591.68,,4679.8733641031085,1,0,0,63.16267034583804
1638887400,4686.76,4516.284352568833,,1,0,0,65.96247960684958
1638973800,4701.22,4551.63341731195,,1,0,0,63.43230249207461
1639060200,4667.44,4551.63341731195,,1,0,0,61.41856659978362
1639146600,4712.01,4564.428968022679,,1,0,0,60.32652612837051
1639405800,4668.98,4565.339571220412,,1,0,0,59.18963140491547
1639492200,4634.1,4565.339571220412,,1,0,0,59.42322916170716
1639578600,4709.84,4565.339571220412,,1,0,0,62.42014136444237
1639665000,4668.66,4565.339571220412,,1,0,0,63.682988409839304
1639751400,4620.65,4565.339571220412,,1,0,0,64.02277495199361
1640010600,4568.01,4565.339571220412,,1,0,0,65.8461481697083
1640097000,4649.22,4565.339571220412,,1,0,0,67.08070901472914
1640183400,4696.57,4565.339571220412,,1,0,0,66.01351551367708
1640269800,4725.78,4589.206384405547,,1,0,0,64.45326440555729
1640615400,4791.18,4629.768745964992,,1,0,0,64.54303123373178
1640701800,4786.34,4668.459871368494,,1,0,0,61.859957574179546
1640788200,4793.05,4673.310884231643,,1,0,0,59.29710346173818
1640874600,4778.74,4679.426795808479,,1,0,0,57.46159607161405
1640961000,4766.19,4679.426795808479,,1,0,0,54.86291063792733
1641220200,4796.57,4679.426795808479,,1,0,0,53.69198844950397
1641306600,4793.53,4695.074804144381,,1,0,0,53.02470356025365
1641393000,4700.59,4695.074804144381,,1,0,0,56.25579616309269
1641479400,4696.04,4695.074804144381,,1,0,0,56.07681072287178
1641565800,4677.04,,4793.878992778746,1,0,0,55.300609956952364
1641825000,4670.28,,4744.270593500872,1,0,0,58.12199496002721
1641911400,4713.08,,4744.270593500872,1,0,0,59.38899532002524
1641997800,4726.36,,4744.270593500872,1,0,0,58.15549565430914
1642084200,4659.02,,4744.270593500872,1,0,0,60.7043888218585
1642170600,4662.84,,4744.270593500872,1,0,0,59.96693247744004
1642516200,4577.1,,4728.539029256329,1,0,0,62.40786587190863
1642602600,4532.77,,4702.407126330697,1,0,0,63.760875452486616
1642689000,4482.74,,4683.240913697627,1,0,0,68.07509863445185
1642775400,4397.95,,4593.655822327864,1,0,0,70.29687730341959
1643034600,4410.14,,4492.7842400950785,1,0,0,79.18495749603251
1643121000,4356.46,,4492.7842400950785,1,0,0,82.3788891034588
1643207400,4349.92,,4492.7842400950785,1,0,0,87.09682559606884
1643293800,4326.5,,4492.7842400950785,1,0,0,89.39276662492105
1643380200,4431.86,,4492.7842400950785,1,0,0,93.02614043742672
1643639400,4515.54,4260.381844716258,,1,0,0,93.7292732633248
1643725800,4546.53,4319.0521602446315,,1,0,0,91.81718231594446
1643812200,4589.37,4381.454944220169,,1,0,0,88.90095500766277
1643898600,4477.43,4381.454944220169,,1,0,0,91.04945822140111
1643985000,4500.54,4381.454944220169,,1,0,0,90.84306834844388
1644244200,4483.88,4381.454944220169,,1,0,0,87.95356346641213
1644330600,4521.55,4381.454944220169,,1,0,0,86.37973750452556
1644417000,4587.19,4395.099207062567,,1,0,0,85.10118482563085
1644503400,4504.07,4395.099207062567,,1,0,0,86.49467162380006
1644589800,4418.65,4395.099207062567,,1,0,0,89.23933793638578
1644849000,4401.66,4395.099207062567,,1,0,0,87.24938522664395
1644935400,4471.08,4395.099207062567,,1,0,0,86.09657199616943
1645021800,4475.02,4395.099207062567,,1,0,0,84.22324542501447
1645108200,4380.26,,4587.329120594462,1,0,0,85.43658503751344
1645194600,4348.88,,4529.540708535016,1,0,0,84.14682896340534
1645540200,4304.77,,4485.3846376815145,1,0,0,84.92276975173354
1645626600,4225.49,,4459.2026739133635,1,0,0,87.4282861980383
1645713000,4288.69,,4400.629406522026,1,0,0,94.04626575532127
1645799400,4384.64,,4400.629406522026,1,0,0,94.36510391565548
1646058600,4373.95,,4400.629406522026,1,0,0,92.89045363596583
1646145000,4306.27,,4400.629406522026,1,0,0,93.32042123339683
1646231400,4386.53,,4400.629406522026,1,0,0,93.45539114529699
1646317800,4363.5,,4400.629406522026,1,0,0,91.86714892063287
1646404200,4328.88,,4400.629406522026,1,0,0,90.9137811405877
1646663400,4201.1,,4400.629406522026,1,0,0,93.63636820197428
1646749800,4170.69,,4400.629406522026,1,0,0,95.45305618754752
1646836200,4277.87,,4400.629406522026,1,0,0,97.82855217415127
1646922600,4259.51,,4400.629406522026,1,0,0,95.70294130456901
1647009000,4204.32,,4400.629406522026,1,0,0,95.33273121138554
1647264600,4173.12,,4396.446614621196,1,0,0,94.6553932677151
1647351000,4262.44,,4396.446614621196,1,0,0,94.88929374859262
1647437400,4357.85,,4396.446614621196,1,0,0,95.74791562369315
1647523800,4411.66,4183.824162941148,,1,0,0,94.41020736485795
1647610200,4463.11,4241.716746647033,,1,1,0,93.01162112451095
1647869400,4461.17,4273.893571982329,,1,0,0,90.47150532990301
1647955800,4511.6,4322.165714784097,,1,0,0,88.35425494919564
1648042200,4456.23,4322.165714784097,,1,0,0,86.0282367385388
1648128600,4520.17,4329.521528975119,,1,0,0,84.47979125721463
1648215000,4543.05,4367.539876077606,,1,0,0,81.65694902455644
1648474200,4575.51,4394.668888469846,,1,0,0,79.96430980851669
1648560600,4631.61,4464.320999622861,,1,0,0,78.66614482219406
1648647000,4602.46,4464.320999622861,,1,0,0,76.63927733489449
1648733400,4530.42,4464.320999622861,,1,0,0,76.35504323954488
1648819800,4545.87,4464.320999622861,,1,0,0,73.83896872243453
1649079000,4582.63,4464.320999622861,,1,0,0,71.7283280994035
1649165400,4525.11,4464.320999622861,,1,0,0,72.26773323516038
1649251800,4481.16,4464.320999622861,,1,0,0,72.46789514693462
1649338200,4500.2,4464.320999622861,,1,0,0,72.35304549358213
1649424600,4488.27,4464.320999622861,,1,0,0,70.45711367261194
1649683800,4412.54,,4572.086144299842,1,0,0,71.1308912674254
1649770200,4397.46,,4566.251029869858,1,0,0,72.45439903403785
1649856600,4446.6,,4561.626926882872,1,0,0,71.65194196017802
1649943000,4392.6,,4561.626926882872,1,0,0,71.5118032487367
1650288600,4391.7,,4522.887910775126,1,0,0,69.26167444525552
1650375000,4462.22,,4522.887910775126,1,0,0,70.05726912773724
1650461400,4459.46,,4522.887910775126,1,0,0,67.87674990432743
1650547800,4393.67,,4522.887910775126,1,0,0,72.20483919687543
1650634200,4271.79,,4480.173427759561,1,0,0,76.05092211138434
1650893400,4296.13,,4407.663584983605,1,0,0,77.63299910342836
1650979800,4175.21,,4392.777226485244,1,0,0,80.73707059604064
1651066200,4183.97,,4366.93550383672,1,0,0,80.5279941248949
1651152600,4287.49,,4366.93550383672,1,0,0,83.66742311597382
1651239000,4131.92,,4366.93550383672,1,0,0,89.34903575054713
1651498200,4155.39,,4307.543697296968,1,0,0,90.63124748265092
1651584600,4175.47,,4307.543697296968,1,0,0,87.94472980531874
1651671000,4300.16,,4307.543697296968,1,0,0,93.00224910493884
1651757400,4146.86,,4307.543697296968,1,0,0,100.22708845458604
1651843800,4123.35,,4307.543697296968,1,1,0,99.48086785068702
1652103000,3991.23,,4248.674893816887,1,0,0,102.93723443278084
1652189400,4001.04,,4233.894904435198,1,0,0,103.48814625901079
1652275800,3935.19,,4211.368913991679,1,0,0,104.68685009765287
1652362200,3930.09,,4133.193522592511,1,0,0,104.77564651924911
1652448600,4023.9,,4133.193522592511,1,0,0,105.06238605358847
1652707800,4008.02,,4133.193522592511,1,0,0,102.02007276404645
1652794200,4088.84,,4133.193522592511,1,0,0,100.64006756661455
1652880600,3923.67,,4133.193522592511,1,0,0,106.08934845471353
1652967000,3900.78,,4124.484343805651,1,0,0,103.46725213651972
1653053400,3901.35,,4095.3829094250864,1,0,0,105.58387698391117
1653312600,3973.76,,4095.3829094250864,1,0,0,103.79431434220325
1653399000,3941.49,,4095.3829094250864,1,0,0,103.42543474633159
1653485400,3978.74,,4095.3829094250864,1,0,0,101.34504655016504
1653571800,4057.85,,4095.3829094250864,1,0,0,100.99182893943897
1653658200,4158.23,3914.466311513581,,1,0,0,100.96669830090761
1654003800,4132.16,3940.7736803622233,,1,0,0,98.28764842227135
1654090200,4101.24,3940.7736803622233,,1,0,0,97.88781639210912
1654176600,4176.81,3940.7736803622233,,1,0,0,98.26297236410134
1654263000,4108.55,3940.7736803622233,,1,0,0,96.82561719523699
1654522200,4121.44,3954.1577086856537,,1,0,0,94.21164453843433
1654608600,4160.67,3954.1577086856537,,1,0,0,93.5300984999747
1654695000,4115.78,3958.02934403538,,1,0,0,90.66866289283367
1654781400,4017.81,3958.02934403538,,1,0,0,91.47304411477414
1654867800,3900.85,,4121.421331331342,1,0,0,93.34282667800457
1655127000,3749.64,,3985.2666981982084,1,0,0,98.57191048671851
1655213400,3735.47,,3935.567528378387,1,0,0,96.70963116623862
1655299800,3790,,3935.567528378387,1,0,0,98.03465751150728
1655386200,3666.76,,3891.6141979864933,1,0,0,101.76289626068534
1655472600,3674.85,,3873.3332781878444,1,1,0,99.55411795635068
1655818200,3764.8,,3873.3332781878444,1,0,0,99.92882381661136
1655904600,3759.9,,3873.3332781878444,1,0,0,98.79819354399625
1655991000,3795.72,,3873.3332781878444,1,0,0,95.95975114799651
1656077400,3911.73,3672.674665180955,,1,0,0,97.52905463742536
1656336600,3900.12,3725.5551986628593,,1,0,0,93.2812650204664
1656423000,3821.54,3725.5551986628593,,1,0,0,95.59831751900454
1656509400,3818.84,3725.5551986628593,,1,0,0,91.44700912478993
1656595800,3785.39,3725.5551986628593,,1,0,0,90.65222275873349
1656682200,3825.32,3725.5551986628593,,1,0,0,89.72849256168112
1657027800,3831.38,3725.5551986628593,,1,0,0,89.75717166441818
1657114200,3845.09,3725.5551986628593,,1,0,0,87.74165940267402
1657200600,3902.63,3725.5551986628593,,1,0,0,86.1558265881973
1657287000,3899.37,3734.652810264897,,1,0,0,83.5132675461832
1657546200,3854.44,3734.652810264897,,1,0,0,81.27303415002726
1657632600,3818.79,3734.652810264897,,1,0,0,80.54281742502529
1657719000,3801.77,3734.652810264897,,1,0,0,79.81618760895205
1657805400,3790.37,3734.652810264897,,1,0,0,79.84431706545547
1657891800,3863.17,3734.652810264897,,1,0,0,79.37329441792293
1658151000,3830.86,3734.652810264897,,1,0,0,79.69020195949986
1658237400,3936.691,3740.4883349479883,,1,0,0,81.78018753382129
1658323800,3959.899,3793.8565014531896,,1,0,0,79.66017413854833
1658410200,3998.949,3810.3338513078706,,1,0,0,79.08801884293773
1658496600,3961.631,3823.115966177084,,1,0,0,78.69458892558502
1658755800,3966.839,3823.115966177084,,1,0,0,75.34783257375753
1658842200,3921.049,3823.115966177084,,1,0,0,73.97291596134629
1658928600,4023.611,3845.339589343094,,1,0,0,77.15420767839298
1659015000,4072.429,3883.6241304087844,,1,0,0,77.78462141565062
1659101400,4130.289,3959.0385173679056,,1,1,0,77.06579131453269
1659360600,4118.631,3975.117165631116,,1,0,0,75.05609193492316
1659447000,4091.191,3975.117165631116,,1,0,0,74.02779965385723
1659533400,4155.171,3993.849454161203,,1,0,0,74.20217110715315
1659619800,4151.939,4013.6165087450827,,1,0,0,70.74987317092791
1659706200,4145.191,4013.6165087450827,,1,0,0,68.88409651586163
1659965400,4140.05,4029.0936020835175,,1,0,0,68.08166105044292
1660051800,4122.48,4029.0936020835175,,1,0,0,65.21582811826843
1660138200,4210.23,4067.15406768765,,1,0,0,66.88255468124927
1660224600,4207.28,4104.068160918884,,1,0,0,66.14094363258862
1660311000,4280.14,4122.454344826996,,1,0,0,66.64444765883232
1660570200,4297.15,4155.463410344295,,1,0,0,65.09055854034432
1660656600,4305.19,4180.529569309866,,1,0,0,63.834804358891105
1660743000,4274.03,4180.529569309866,,1,0,0,62.997318333256
1660829400,4283.73,4180.529569309866,,1,0,0,60.679652738023435
1660915800,4228.49,4180.529569309866,,1,0,0,60.9903918281646
1661175000,4138,,4285.833240075795,1,0,0,63.67893526900999
1661261400,4128.72,,4260.074916068216,1,0,0,61.68329703550933
1661347800,4140.76,,4251.940424461395,1,0,0,59.8909186758301
1661434200,4199.11,,4251.940424461395,1,0,0,59.88299591327079
1661520600,4057.66,,4251.940424461395,1,0,0,65.9899247766086
1661779800,4030.6,,4168.041144432357,1,0,0,64.53135872113654
1661866200,3986.15,,4136.101529989121,1,0,0,65.61983309819821
1661952600,3954.99,,4115.023876990209,1,0,0,65.2784164483269
1662039000,3966.86,,4067.3224892911885,1,0,0,65.37138670201783
1662125400,3924.27,,4067.3224892911885,1,0,0,68.71771622330225
1662471000,3908.2,,4051.6194163258624,1,0,0,67.7950222073521
1662557400,3979.88,,4051.6194163258624,1,0,0,68.7996634782555
1662643800,4006.19,,4051.6194163258624,1,0,0,68.5775446583801
1662730200,4067.35,3910.814775498446,,1,0,0,68.72343432563866
1662989400,4110.42,3965.934797948602,,1,0,0,67.52390330237874
1663075800,3932.68,,4139.014181846258,1,0,0,76.21076735220882
1663162200,3946.02,,4090.8447636616324,1,0,0,74.32142682705106
1663248600,3901.34,,4076.288287295469,1,0,0,74.07418205369024
1663335000,3873.32,,4009.187458565922,1,0,0,73.37316904985525
1663594200,3899.88,,4009.187458565922,1,0,0,72.55722840343701
1663680600,3855.94,,3999.033691438397,1,0,0,72.54171208890581
1663767000,3789.94,,3999.033691438397,1,0,0,75.758732653984
1663853400,3758,,3918.908940065102,1,0,0,73.30810889298516
1663939800,3693.22,,3843.2715460585914,1,1,0,75.9668154006291
1664199000,3655.05,,3834.7668914527326,1,0,0,75.60561430058416
1664285400,3647.28,,3828.354702307459,1,0,0,76.93664185054247
1664371800,3719.03,,3828.354702307459,1,0,0,78.30759600407512
1664458200,3640.46,,3815.669608869042,1,0,0,80.47348200378406
1664544600,3585.61,,3795.5151479821375,1,0,0,80.96180471779948
1664803800,3678.44,,3795.5151479821375,1,0,0,83.23167580938522
1664890200,3790.92,,3795.5151479821375,1,0,0,85.39227039442913
1664976600,3783.29,,3795.5151479821375,1,0,0,85.31067965196992
1665063000,3744.53,,3795.5151479821375,1,0,0,83.41063110540064
1665149400,3639.67,,3795.5151479821375,1,0,0,86.29558602644347
1665408600,3612.4,,3794.3715616937757,1,0,0,84.70804416741181
1665495000,3588.83,,3775.8099055243974,1,0,0,83.8153267268824
1665581400,3577.04,,3752.1254149719584,1,0,0,80.29137481781937
1665667800,3669.89,,3752.1254149719584,1,0,0,88.40127661654655
1665754200,3583.08,,3752.1254149719584,1,0,0,91.53832828679323
1666013400,3677.94,,3752.1254149719584,1,0,0,92.61773340916514
1666099800,3719.97,,3752.1254149719584,1,0,0,92.06289530851049
1666186200,3695.15,,3752.1254149719584,1,0,0,89.92054564361686
1666272600,3665.77,,3752.1254149719584,1,0,0,89.1805066690728
1666359000,3752.76,3516.5725910316987,,1,0,0,90.70118476413901
1666618200,3797.35,3594.902831928529,,1,0,0,89.15752870955762
1666704600,3859.1,3654.882048735676,,1,0,0,87.46770523030351
1666791000,3830.59,3684.0573438621086,,1,0,0,85.65429771385325
1666877400,3807.29,3684.0573438621086,,1,0,0,83.54756216286373
1666963800,3901.07,3688.5525485283083,,1,0,0,84.58916486551632
1667223000,3871.97,3719.418293675477,,1,0,0,81.25351023226519
1667309400,3856.11,3721.0639643079294,,1,0,0,80.30611664424623
1667395800,3759.68,3721.0639643079294,,1,0,0,84.26710831251437
1667482200,3719.88,,3888.064938910577,1,0,0,82.64302914733476
1667568600,3770.56,,3888.064938910577,1,1,0,82.98995563681085
1667831400,3806.79,,3888.064938910577,1,0,0,80.57995880561008
1667917800,3828.1,,3888.064938910577,1,0,0,80.04710460520936
1668004200,3748.56,,3888.064938910577,1,0,0,80.3208828476944
1668090600,3956.38,3724.889535522693,,1,0,0,89.56724835857338
1668177000,3992.92,3796.019581970424,,1,0,0,87.21673061867527
1668436200,3957.26,3812.7536237733816,,1,0,0,84.74196414591272
1668522600,3991.74,3822.9327613960436,,1,0,0,84.09396670691896
1668609000,3958.78,3822.9327613960436,,1,0,0,80.75868337071043
1668695400,3946.55,3822.9327613960436,,1,0,0,78.72163455851684
1668781800,3965.33,3822.9327613960436,,1,0,0,76.23508923290849
1669041000,3949.95,3822.9327613960436,,1,0,0,73.07472571627216
1669127400,4003.57,3845.55318382675,,1,0,0,71.85010245082417
1669213800,4027.27,3886.951865444075,,1,0,0,69.22652370433676
1669386600,4026.11,3908.3966788996677,,1,0,0,65.22891486831269
1669645800,3963.95,3908.3966788996677,,1,0,0,65.59399237771893
1669732200,3957.62,3908.3966788996677,,1,0,0,63.702992922167574
1669818600,4080.11,3908.3966788996677,,1,0,0,69.26206485629848
1669905000,4076.58,3945.6220700260715,,1,0,0,67.86048879513433
1669991400,4071.71,3945.6220700260715,,1,0,0,66.85973959548187
1670250600,3998.83,3945.6220700260715,,1,0,0,68.31404391009032
1670337000,3941.25,,4095.8168209509936,1,0,0,69.37161220222676
1670423400,3933.93,,4069.3831388558947,1,0,0,66.90863990206773
1670509800,3963.52,,4069.3831388558947,1,0,0,65.00516562334863
1670596200,3934.39,,4069.3831388558947,1,0,0,63.503368078823726
1670855400,3990.57,,4069.3831388558947,1,0,0,62.99027035890776
1670941800,4019.64,,4069.3831388558947,1,0,0,66.37596533327148
1671028200,3995.33,,4069.3831388558947,1,0,0,67.92839638089495
1671114600,3895.74,,4063.2591916517154,1,0,0,71.35351092511675
1671201000,3852.35,,4002.890272486544,1,1,0,71.1018315733227
1671460200,3817.65,,3967.5462452378893,1,0,0,69.93884360379965
1671546600,3821.61,,3951.5406207141004,1,0,0,67.98749763209968
1671633000,3878.45,,3951.5406207141004,1,0,0,68.00339065837827
1671719400,3822.38,,3951.5406207141004,1,0,0,71.28600561135126
1671805800,3844.81,,3951.5406207141004,1,0,0,69.67914806768331
1672151400,3829.26,,3951.5406207141004,1,0,0,67.08992320570596
1672237800,3783.23,,3947.0314896254695,1,0,0,67.12207154815553
1672324200,3849.27,,3947.0314896254695,1,0,0,67.68192358043014
1672410600,3839.49,,3947.0314896254695,1,0,0,66.34250046754225
1672756200,3824.13,,3947.0314896254695,1,0,0,67.6130361484321
1672842600,3852.98,,3947.0314896254695,1,0,0,66.88281928068695
1672929000,3808.09,,3947.0314896254695,1,0,0,65.71690361778073
1673015400,3895.07,,3947.0314896254695,1,0,0,68.02998193079638
1673274600,3892.1,,3947.0314896254695,1,0,0,67.46712607859665
1673361000,3919.26,,3947.0314896254695,1,0,0,65.6866170729826
1673447400,3969.6,3822.6241449441327,,1,0,0,64.62400156776955
1673533800,3983.16,3841.607230449719,,1,0,0,64.30800145578603
1673620200,3999.08,3851.106507404747,,1,0,0,63.73457278037272
1673965800,3990.98,3881.5828566642726,,1,0,0,61.38353186748894
1674052200,3928.85,3881.5828566642726,,1,0,0,63.25399387695399
1674138600,3898.86,3881.5828566642726,,1,0,0,61.829422885742986
1674225000,3972.6,3881.5828566642726,,1,0,0,62.777321251047056
1674484200,4019.82,3881.5828566642726,,1,0,0,63.1267983045437
1674570600,4016.94,3887.9643374316865,,1,0,0,61.05559842564772
1674657000,4016.21,3887.9643374316865,,1,0,0,61.72948425238719
1674743400,4060.42,3918.784363319666,,1,0,0,60.76880680578812
1674829800,4070.57,3955.571926987699,,1,0,0,59.67889203394612
1675089000,4017.76,3955.571926987699,,1,0,0,59.346114031521395
1675175400,4076.59,3955.571926987699,,1,0,0,59.34996302926984
1675261800,4119.2,3966.6409997740325,,1,0,0,63.09282281289342
1675348200,4179.75,4039.6213997966292,,1,0,0,64.03190689768674
1675434600,4136.49,4039.6213997966292,,1,1,0,63.6724849764234
1675693800,4111.07,4039.6213997966292,,1,0,0,62.20373604953598
1675780200,4163.99,4039.6213997966292,,1,0,0,64.05704061742628
1675866600,4117.85,4039.6213997966292,,1,0,0,63.218680573324384
1675953000,4081.51,4039.6213997966292,,1,0,0,64.88591767522975
1676039400,4090.45,4039.6213997966292,,1,0,0,62.64906641271335
1676298600,4137.3,4039.6213997966292,,1,0,0,61.63484738323382
1676385000,4136.14,4039.6213997966292,,1,0,0,61.8580725701457
1676471400,4147.61,4039.6213997966292,,1,0,0,60.59178167227816
1676557800,4090.42,4039.6213997966292,,1,0,0,60.415225838543996
1676644200,4079.1,4039.6213997966292,,1,0,0,59.13342399293373
1676989800,3997.35,,4144.602434801309,1,0,0,60.903179422009885
1677076200,3991.06,,4113.978191321178,1,0,0,59.44366660615202
1677162600,4012.33,,4113.978191321178,1,0,0,59.419833277141166
1677249000,3970.05,,4079.797784970154,1,0,0,60.12198804305966
1677508200,3982.23,,4079.797784970154,1,0,0,59.25613175426968
1677594600,3970.16,,4079.797784970154,1,0,0,57.060693771821846
1677681000,3951.4,,4061.683400243243,1,0,0,55.31921564526313
1677767400,3981.34,,4061.683400243243,1,0,0,55.84498595631578
1677853800,4045.65,,4061.683400243243,1,0,0,56.638201245150356
1678113000,4048.43,,4061.683400243243,1,0,0,55.01261544192531
1678199400,3986.36,,4061.683400243243,1,0,0,56.06100005321637
1678285800,3992,,4061.683400243243,1,0,0,54.24592862084375
1678372200,3918.33,,4061.683400243243,1,0,0,58.16479086221206
1678458600,3861.6,,4012.3512449028026,1,0,0,60.2765915149112
1678714200,3855.77,,3986.142620412522,1,0,0,62.841834978131835
1678800600,3919.3,,3986.142620412522,1,0,0,64.17598962255099
1678887000,3891.92,,3986.142620412522,1,0,0,65.38199036379737
1678973400,3960.29,,3986.142620412522,1,0,0,67.87970533781184
1679059800,3916.65,,3986.142620412522,1,0,0,67.24686924225385
1679319000,3951.56,,3986.142620412522,1,0,0,65.2985214392357
1679405400,4002.86,3858.324489660349,,1,0,0,64.74291276500458
1679491800,3936.98,3858.324489660349,,1,0,0,67.49841899607566
1679578200,3948.71,3858.324489660349,,1,0,0,69.00638906778451
1679664600,3970.98,3858.324489660349,,1,1,0,68.61878984865704
1679923800,3977.54,3858.324489660349,,1,0,0,66.0988762880387
1680010200,3971.28,3858.324489660349,,1,0,0,63.35395655317876
1680096600,4027.8,3889.6675570145862,,1,0,0,63.065102513665984
1680183000,4050.82,3926.111801313127,,1,0,0,60.70688090554696
1680269400,4109.32,3964.502121181815,,1,0,0,60.6513894122936
1680528600,4124.5,4000.3844090636335,,1,0,0,58.38129016855833
1680615000,4100.61,4000.3844090636335,,1,0,0,57.515483727947036
1680701400,4090.37,4000.3844090636335,,1,0,0,55.41080631880794
1680787800,4105.03,4000.3844090636335,,1,0,0,54.13003443889306
1681133400,4109.12,4000.3844090636335,,1,0,0,52.90288912182926
1681219800,4108.95,4019.5910722579843,,1,0,0,50.67053989884149
1681306200,4091.96,4019.5910722579843,,1,0,0,50.43907276320994
1681392600,4146.21,4028.6190185289674,,1,0,0,51.00056756583781
1681479000,4137.63,4041.6071166760707,,1,0,0,50.92838416827795
1681738200,4151.31,4044.8129050084644,,1,0,0,49.32921387054381
1681824600,4154.86,4065.7226145076174,,1,0,0,47.88569859407638
1681911000,4154.51,4065.7226145076174,,1,0,0,46.471005837356635
1681997400,4129.8,4065.7226145076174,,1,0,0,46.00450542040262
1682083800,4133.51,4065.7226145076174,,1,0,0,44.444183604659635
1682343000,4137.03,4065.7226145076174,,1,0,0,43.029599061469625
1682429400,4071.62,4065.7226145076174,,1,0,0,44.64534198565034
1682515800,4056,,4152.865474383458,1,0,0,44.33638898667533
1682602200,4135.34,,4152.865474383458,1,0,0,47.04378977334136
1682688600,4169.49,4057.715865749399,,1,0,0,46.747090503817
1682947800,4167.88,4089.15077917446,,1,0,0,45.03658403925865
1683034200,4119.57,4089.15077917446,,1,0,0,47.40254232216876
1683120600,4090.74,4089.15077917446,,1,0,0,48.262360727728144
1683207000,4061.23,,4160.261281981819,1,0,0,47.847906390033245
1683293400,4136.26,,4160.261281981819,1,1,0,50.558055933602326
1683552600,4138.13,,4160.261281981819,1,0,0,48.26748050977357
1683639000,4119.18,,4160.261281981819,1,0,0,46.354089044789774
1683725400,4137.63,,4160.261281981819,1,0,0,46.997368398733336
1683811800,4130.63,,4160.261281981819,1,0,0,45.66469922739525
1683898200,4124.07,,4160.261281981819,1,0,0,45.59007785400987
1684157400,4136.27,,4160.261281981819,1,0,0,44.546500864437704
1684243800,4109.89,,4160.261281981819,1,0,0,43.251036516977926
1684330200,4158.78,,4160.261281981819,1,0,0,44.07453390862234
1684416600,4198.06,4091.013862255256,,1,0,0,44.40492434372073
1684503000,4191.99,4111.86047602973,,1,0,0,43.56957260488354
1684762200,4192.62,4112.316928426758,,1,0,0,42.567460275963285
1684848600,4145.57,4112.316928426758,,1,0,0,43.10407025625161
1684935000,4115.23,4112.316928426758,,1,0,0,42.99592238080508
1685021400,4151.27,4112.316928426758,,1,0,0,43.53264221074759
1685107800,4205.44,4112.316928426758,,1,0,0,44.82316776712272
1685453400,4205.53,4123.451302966716,,1,0,0,44.40151292661396
1685539800,4179.84,4123.451302966716,,1,0,0,44.04283343185583
1685626200,4221.01,4123.451302966716,,1,0,0,45.2390596152947
1685712600,4282.38,4170.296679862736,,1,0,0,46.9834124999165
1685971800,4273.78,4190.569011876461,,1,0,0,45.94602589277961
1686058200,4283.86,4190.569011876461,,1,0,0,44.46702404329534
1686144600,4267.51,4195.076199619934,,1,0,0,43.80723661163136
1686231000,4293.92,4195.076199619934,,1,0,0,43.31671971080059
1686317400,4298.87,4224.262771692147,,1,0,0,42.4312397314577
1686576600,4338.92,4239.390494522932,,1,0,0,42.347579750639305
1686663000,4369.02,4280.476445070639,,1,0,0,41.92632405416505
1686749400,4372.58,4280.476445070639,,1,0,0,42.786586621724645
1686835800,4425.85,4309.555920507218,,1,0,0,45.20183043445856
1686922200,4409.6,4337.539328456496,,1,0,0,44.903842546282995
1687267800,4388.72,4337.539328456496,,1,0,0,44.725710935834265
1687354200,4365.68,4337.539328456496,,1,0,0,43.57244586898896
1687440600,4381.9,4337.539328456496,,1,0,0,42.63369973548976
1687527000,4348.32,4337.539328456496,,1,0,0,42.485578325811886
1687786200,4328.81,,4427.2180140897235,1,0,0,41.87803701682536
1687872600,4378.4,,4427.2180140897235,1,0,0,42.85889151562352
1687959000,4376.85,,4427.2180140897235,1,0,0,41.94968497879328
1688045400,4396.45,,4427.2180140897235,1,0,0,40.84042176602234
1688131800,4450.37,4356.412089955731,,1,0,0,42.353963068449296
1688391000,4455.58,4370.8978809601595,,1,0,0,40.340822849274346
1688563800,4446.81,4370.911592864143,,1,0,0,38.81433550289763
1688650200,4411.6,4370.911592864143,,1,0,0,40.453311538404954
1688736600,4398.96,4370.911592864143,,1,0,0,40.63450357137607
1688995800,4409.54,4370.911592864143,,1,0,0,39.35203903056352
1689082200,4439.25,4370.911592864143,,1,0,0,39.05403624266614
1689168600,4472.15,4397.642073120347,,1,0,0,39.77089079676143
1689255000,4510.05,4423.995365808312,,1,0,0,40.160827168421356
1689341400,4505.41,4436.582829227481,,1,0,0,39.30648237067696
1689600600,4522.78,4443.915546304734,,1,0,0,38.495305058485805
1689687000,4554.97,4461.439491674259,,1,0,0,39.15349755430825
1689773400,4565.71,4493.958042506833,,1,0,0,38.03253344328623
1689859800,4534.86,4493.958042506833,,1,0,0,38.040923911622905
1689946200,4536.35,4493.958042506833,,1,0,0,36.76228648936415
1690205400,4554.65,4493.958042506833,,1,0,0,36.069266025838104
1690291800,4567.45,4498.634846188735,,1,0,0,35.50717559542108
1690378200,4566.74,4498.634846188735,,1,0,0,35.4630916243196
1690464600,4537.4,4498.634846188735,,1,0,0,38.537870794011006
1690551000,4582.24,4498.634846188735,,1,1,0,39.55373716586738
1690810200,4588.97,4507.622168584428,,1,0,0,38.23418451116256
1690896600,4576.72,4507.622168584428,,1,0,0,37.03459990322241
1690983000,4513.4,4507.622168584428,,1,0,0,39.458557052992255
1691069400,4501.88,,4580.999039101951,1,0,0,39.06508869206423
1691155800,4478.02,,4580.999039101951,1,0,0,40.97401092834535
1691415000,4518.43,,4580.999039101951,1,0,0,41.0344387191778
1691501400,4499.39,,4570.058444505324,1,0,0,41.96340738209367
1691587800,4467.7,,4567.6946000547905,1,0,0,41.9024497119441
1691674200,4468.84,,4567.6946000547905,1,0,0,43.87013187537666
1691760600,4464.06,,4548.56177604438,1,0,0,43.0401224557069
1692019800,4489.71,,4548.56177604438,1,0,0,42.600827994585
1692106200,4437.85,,4545.324188595948,1,0,0,43.66648313782896
1692192600,4404.32,,4516.844769736354,1,0,0,43.86173434226972
1692279000,4370.37,,4485.353292762718,1,0,0,44.75303903210761
1692365400,4369.72,,4450.984963486447,1,0,0,44.87853624409987
1692624600,4399.76,,4450.984963486447,1,0,0,45.04792651237845
1692711000,4387.54,,4450.984963486447,1,0,0,44.388788904351394
1692797400,4436.02,,4450.984963486447,1,0,0,45.192446839754886
1692883800,4376.32,,4450.984963486447,1,0,0,47.87512920834382
1692970200,4405.72,,4450.984963486447,1,0,0,48.89619140774784
1693229400,4433.32,,4450.984963486447,1,0,0,47.82074916433729
1693315800,4497.64,4363.232659356319,,1,0,0,49.294981366884635
1693402200,4514.88,4409.598393420688,,1,0,0,47.77819698353569
1693488600,4507.67,4426.63155407862,,1,0,0,46.14189719899742
1693575000,4515.78,4429.445898670758,,1,0,0,45.69604739906901
1693920600,4496.84,4429.445898670758,,1,0,0,43.844186870564045
1694007000,4465.47,4429.445898670758,,1,0,0,44.60245923695233
1694093400,4451.15,4429.445898670758,,1,0,0,43.91728357717004
1694179800,4457.5,4429.445898670758,,1,0,0,42.57676332165787
1694439000,4487.47,4429.445898670758,,1,0,0,41.91199451296806
1694525400,4461.91,4429.445898670758,,1,0,0,41.10685204775608
1694611800,4467.43,4429.445898670758,,1,0,0,40.018505472916345
1694698200,4505.11,4429.445898670758,,1,0,0,40.34289793913657
1694784600,4450.33,4429.445898670758,,1,0,0,41.596976657769645
1695043800,4453.52,4429.445898670758,,1,0,0,40.35790689650038
1695130200,4443.94,4429.445898670758,,1,0,0,40.1116278324647
1695216600,4402.21,,4513.349628739684,1,0,0,41.50722584443148
1695303000,4330.01,,4440.973165865715,1,0,0,43.75956685554352
1695389400,4320.05,,4424.8113492791435,1,0,0,43.55602636586183
1695648600,4337.45,,4406.846714351229,1,0,0,43.0027387683003
1695735000,4273.54,,4381.406542916106,1,0,0,45.03611457056458
1695821400,4274.52,,4358.758388624497,1,0,0,45.63639210123851
1695907800,4299.69,,4358.758388624497,1,0,0,46.154506951150076
1695994200,4288.04,,4358.758388624497,1,0,0,47.02132788321079
1696253400,4288.4,,4358.758388624497,1,0,0,46.54623303441001
1696339800,4229.46,,4348.896185776531,1,0,0,48.36078781766643
1696426200,4263.76,,4344.180567198879,1,0,0,48.33644583069029
1696512600,4258.18,,4344.180567198879,1,0,0,47.82812827135529
1696599000,4308.49,,4344.180567198879,1,0,0,51.87969053768707
1696858200,4335.65,,4344.180567198879,1,0,0,52.312569784995105
1696944600,4358.23,4253.804842860815,,1,0,0,52.133814800352624
1697031000,4376.94,4257.459358574733,,1,0,0,50.78854231461316
1697117400,4349.6,4257.459358574733,,1,0,0,51.47650357785508
1697203800,4327.79,4257.459358574733,,1,0,0,52.451753322294
1697463000,4373.62,4257.459358574733,,1,0,0,52.67234237070157
1697549400,4373.21,4257.459358574733,,1,0,0,52.91217505850858
1697635800,4314.59,4257.459358574733,,1,0,0,54.08773398290082
1697722200,4277.99,4257.459358574733,,1,0,0,55.21361012697936
1697808600,4224.15,,4364.165410332716,1,0,0,55.19549511790941
1698067800,4217.03,,4338.787369299445,1,0,0,56.011531180915874
1698154200,4247.69,,4338.787369299445,1,0,0,55.035707525136196
1698240600,4186.78,,4321.96546913255,1,0,0,55.83815698762644
1698327000,4137.22,,4271.0669222192955,1,0,0,56.05543148851028
1698413400,4117.36,,4244.609229997365,1,0,0,55.83147209647383
1698672600,4166.83,,4244.609229997365,1,0,0,56.13708123244003
1698759000,4193.81,,4244.609229997365,1,0,0,55.15800400155148
1698845400,4237.87,,4244.609229997365,1,0,0,54.92028943001208
1698931800,4317.79,4177.615250198728,,1,0,0,56.843840185011246
1699018200,4358.35,4238.0217251788545,,1,0,0,56.77142302893901
1699281000,4365.99,4250.621052660969,,1,0,0,54.47917852687196
1699367400,4378.37,4266.340947394873,,1,0,0,52.791380060666846
1699453800,4382.79,4275.1473526553855,,1,0,0,51.266281484904894
1699540200,4347.36,4275.1473526553855,,1,0,0,51.137261378840265
1699626600,4415.23,4281.378755650861,,1,0,0,52.5324569946374
1699885800,4411.54,4308.326380085776,,1,0,0,50.775852923591906
1699972200,4495.71,4374.876742077198,,1,0,0,54.086863429049636
1700058600,4502.89,4405.019067869478,,1,0,0,52.07065889840321
1700145000,4508.23,4405.019067869478,,1,0,0,50.077040405660114
1700231400,4514.03,4417.840244974277,,1,0,0,47.96153751954154
1700490600,4547.39,4441.54022047685,,1,0,0,47.87499912528857
1700577000,4538.18,4446.473698429166,,1,0,0,46.01821347348225
1700663400,4556.63,4472.073828586248,,1,0,0,44.89191251109066
1700836200,4559.33,4478.853445727624,,1,0,0,42.221775903155624
1701095400,4550.44,4480.648601154861,,1,0,0,40.220220481501705
1701181800,4554.9,4483.304741039376,,1,0,0,39.32091901853731
1701268200,4550.57,4495.378766935438,,1,0,0,39.40442480292755
1701354600,4567.81,4495.378766935438,,1,0,0,38.92196588843276
1701441000,4594.64,4503.903851217704,,1,0,0,39.33325403925902
1701700200,4569.77,4503.903851217704,,1,0,0,39.946593036454814
1701786600,4567.17,4503.903851217704,,1,0,0,39.01326496242233
1701873000,4549.35,4503.903851217704,,1,0,0,39.38660317939215
1701959400,4585.58,4503.903851217704,,1,0,0,39.54256009514983
1702045800,4604.36,4516.562284205543,,1,0,0,39.23023437406764
1702305000,4622.43,4534.911555784988,,1,0,0,38.59378906163421
1702391400,4643.69,4552.56740020649,,1,0,0,38.397089842946066
1702477800,4707.08,4597.06966018584,,1,0,0,40.401583425592776
1702564200,4719.54,4636.1576941672565,,1,0,0,40.67504175233612
1702650600,4719.18,4638.67442475053,,1,0,0,39.258253055740695
1702909800,4740.57,4662.689982275478,,1,0,0,38.621234980330655
1702996200,4768.36,4683.20698404793,,1,0,0,37.871146767449886
1703082600,4698.34,4683.20698404793,,1,0,0,40.89392199834636
1703169000,4746.76,4683.20698404793,,1,0,0,41.57078471275018
1703255400,4754.64,4683.20698404793,,1,0,0,41.1850143761251
1703601000,4774.74,4691.312759733847,,1,0,0,40.39179906354473
1703687400,4781.59,4701.601983760463,,1,0,0,38.68452770186302
1703773800,4783.36,4716.687285384415,,1,0,0,36.80134715172999
1703860200,4769.82,4716.687285384415,,1,0,0,36.77553664089218
1704205800,4742.82,4716.687285384415,,1,0,0,37.51656973797128
1704292200,4704.82,,4788.872308954761,1,0,0,37.91610047097331
1704378600,4688.69,,4781.940078059284,1,0,0,38.01137900876093
1704465000,4697.23,,4776.982570253355,1,0,0,38.1091376509923
1704724200,4763.55,,4776.982570253355,1,0,0,40.19491353306431
1704810600,4756.51,,4776.982570253355,1,0,0,39.83241970927399
1704897000,4783.46,4694.546086285303,,1,0,0,39.45867544432588
1704983400,4780.23,4694.546086285303,,1,0,0,40.84877005544546
1705069800,4783.84,4704.447729891095,,1,0,0,40.318143622913645
1705415400,4765.99,4704.447729891095,,1,0,0,40.061133364134115
1705501800,4739.22,4704.447729891095,,1,0,0,40.85462383812454
1705588200,4780.95,4704.447729891095,,1,0,0,41.26286499254419
1705674600,4839.82,4726.417030581547,,1,0,0,42.68123177879102
1705933800,4850.44,4771.714327523393,,1,0,0,41.674715223163105
1706020200,4864.61,4774.938894771053,,1,0,0,40.27723556436571
1706106600,4868.54,4804.558505293948,,1,0,0,40.19100445262535
1706193000,4894.17,4805.596654764553,,1,0,0,39.43521842029494
1706279400,4890.96,4818.702489288098,,1,0,0,38.41984567598811
1706538600,4927.94,4832.133240359288,,1,0,0,38.66914241341759
1706625000,4924.96,4852.11641632336,,1,0,0,36.9656322410306
1706711400,4845.66,,4956.3192253089765,1,0,0,40.02594422381416
1706797800,4906.18,,4956.3192253089765,1,0,0,41.546233922113174
1706884200,4958.62,4851.6831274997285,,1,0,0,43.51507435624792
1707143400,4942.82,4851.6831274997285,,1,0,0,43.30185475937305
1707229800,4954.24,4861.586533274781,,1,0,0,41.84386513370357
1707316200,4995.05,4899.075379947302,,1,0,0,42.115731909867634
1707402600,4997.92,4914.227841952572,,1,0,0,40.05817963059134
1707489000,5026.62,4937.206557757316,,1,0,0,39.49259537126341
1707748200,5021.83,4956.1039019815835,,1,0,0,38.9259814161732
1707834600,4953.16,,5034.964488216575,1,0,0,43.39698274358937
1707921000,5000.63,,5034.964488216575,1,0,0,43.82291254761874
1708007400,5029.72,,5034.964488216575,1,0,0,43.06984736564602
1708093800,5005.56,,5034.964488216575,1,0,0,42.792001125242685
1708439400,4975.52,,5034.964488216575,1,0,0,43.34542961629678
1708525800,4981.81,,5034.964488216575,1,0,0,42.907184643704156
1708612200,5087.02,4965.916949542696,,1,0,0,47.883814312011
1708698600,5088.79,4999.716254588426,,1,0,0,46.57782757543881
1708957800,5069.54,4999.716254588426,,1,0,0,45.30441132005033
1709044200,5078.17,4999.716254588426,,1,0,0,43.739810511475284
1709130600,5069.77,4999.716254588426,,1,0,0,42.03125261779845
1709217000,5096.28,4999.927498635467,,1,0,0,42.1075917165271
1709303400,5137.07,5032.84974877192,,1,0,0,42.39776373677517
1709562600,5130.94,5057.971273894728,,1,0,0,40.97578061271979
1709649000,5078.64,5057.971273894728,,1,0,0,43.34322485466837
1709735400,5104.77,5057.971273894728,,1,0,0,43.77085165076348
1709821800,5157.35,5057.971273894728,,1,0,0,44.99079081856605
1709908200,5123.68,5057.971273894728,,1,0,0,46.902877188668484
1710163800,5117.93,5057.971273894728,,1,0,0,45.946957389477845
1710250200,5175.28,5057.971273894728,,1,0,0,47.33574614737231
1710336600,5165.3,5072.225591486399,,1,0,0,45.90176427970288
1710423000,5150.47,5072.225591486399,,1,0,0,46.44806683115269
1710509400,5117.1,5072.225591486399,,1,0,0,46.42463348607034
1710768600,5149.43,5072.225591486399,,1,0,0,47.28715966563674
1710855000,5178.52,5072.225591486399,,1,0,0,47.389505403805565
1710941400,5224.63,5100.860762616804,,1,0,0,47.90739787496227
1711027800,5241.54,5155.377686355124,,1,0,0,47.09044088389356
1711114200,5234.17,5155.377686355124,,1,0,0,44.885409392186894
1711373400,5218.18,5155.377686355124,,1,0,0,42.970737292744964
1711459800,5203.57,5155.377686355124,,1,0,0,42.1685417718346
1711546200,5248.48,5155.377686355124,,1,0,0,42.420074502417876
1711632600,5254.34,5177.0053064158365,,1,0,0,40.749354895102364
1711978200,5243.78,5177.0053064158365,,1,0,0,40.32082954545219
1712064600,5205.8,5177.0053064158365,,1,0,0,41.70719886363414
1712151000,5211.48,5177.0053064158365,,1,0,0,41.18382751623171
1712237400,5147.2,,5295.75432196057,1,0,0,46.137125550786564
1712323800,5204.35,,5289.677389764513,1,0,0,48.197330868587564
1712583000,5202.38,,5289.677389764513,1,0,0,46.341807235116974
1712669400,5209.92,,5289.677389764513,1,0,0,47.605249575465805
1712755800,5160.65,,5260.821202138331,1,0,0,49.292017462932556
1712842200,5199.05,,5260.821202138331,1,0,0,50.986159072723034
1712928600,5123.4,,5255.6763237320465,1,0,0,53.852147710385715
1713187800,5061.81,,5236.414191358843,1,0,0,58.2884228739296
1713274200,5051.4,,5181.204772222958,1,0,0,56.9828212400775
1713360600,5022.22,,5165.979795000662,1,0,0,57.9633340086434
1713447000,5011.11,,5151.266315500596,1,0,0,57.73523872231169
1713533400,4967.24,,5109.174183950538,1,0,0,58.28700738500372
1713792600,5010.59,,5109.174183950538,1,0,0,59.237935428932055
1713879000,5070.56,,5109.174183950538,1,0,0,59.687368612579746
1713965400,5071.62,,5109.174183950538,1,0,0,58.45684228310971
1714051800,5048.41,,5109.174183950538,1,0,0,60.069924977173294
1714138200,5099.95,,5109.174183950538,1,0,0,60.508501764518066
1714397400,5116.16,4985.504694997143,,1,0,0,58.675037352766786
1714483800,5035.7,4985.504694997143,,1,0,0,60.25896325614055
1714570200,5018.4,4985.504694997143,,1,0,0,61.85975159498766
1714656600,5064.19,4985.504694997143,,1,0,0,61.88119790963139
1714743000,5127.8,4989.711833387626,,1,0,0,62.813255201800594
1715002200,5180.73,5033.657650048863,,1,0,0,62.12659411595768
1715088600,5187.71,5070.093885043976,,1,0,0,59.20826596481781
1715175000,5187.66,5070.093885043976,,1,0,0,56.84267553875941
1715261400,5214.07,5089.384896885621,,1,0,0,55.2746272859909
1715347800,5222.69,5121.050907197059,,1,0,0,53.467868194134375
1715607000,5221.41,5125.7328164773535,,1,0,0,51.513020465981946
1715693400,5246.69,5139.067534829617,,1,0,0,50.147090432697546
1715779800,5308.14,5188.899281346656,,1,0,0,51.21301254464777
1715866200,5297.09,5216.23035321199,,1,0,0,49.647797362887225
1715952600,5303.26,5216.23035321199,,1,0,0,47.662954694109544
1716211800,5308.12,5228.707386101712,,1,0,0,45.89560078738744
1716298200,5321.42,5229.16764749154,,1,0,0,44.506629302574034
1716384600,5307.02,5229.16764749154,,1,0,0,43.98258435239018
1716471000,5267.85,5229.16764749154,,1,0,0,46.90882832721944
1716557400,5304.71,5229.16764749154,,1,0,0,46.68676916098942
1716903000,5306.03,5229.16764749154,,1,0,0,45.853428506633
1716989400,5266.96,5229.16764749154,,1,0,0,45.673183613302065
1717075800,5235.47,5229.16764749154,,1,0,0,45.615099069494754
1717162200,5277.5,5229.16764749154,,1,0,0,48.68902056453082
1717421400,5283.41,5229.16764749154,,1,0,0,50.0533762384929
1717507800,5291.35,5229.16764749154,,1,0,0,49.418849364314845
1717594200,5354.04,5229.16764749154,,1,0,0,50.375360124006605
1717680600,5352.95,5252.056975808231,,1,0,0,48.70497725800618
1717767000,5346.98,5257.336778227408,,1,0,0,48.35105031100574
1718026200,5360.78,5257.336778227408,,1,0,0,47.34526100307672
1718112600,5375.31,5258.038140364201,,1,0,0,47.44202807428552
1718199000,5421.02,5329.596326327782,,1,0,0,49.19188321183652
1718285400,5433.75,5329.596326327782,,1,0,0,48.4938915538482
1718371800,5431.61,5329.596326327782,,1,0,0,47.1728993000019
1718631000,5473.24,5357.169171892952,,1,0,0,48.66769220714465
1718717400,5487.02,5389.485254703657,,1,0,0,46.552857049491486
1718890200,5473.16,5389.485254703657,,1,0,0,46.796938688813476
1718976600,5464.61,5389.485254703657,,1,0,0,45.331443068183994
1719235800,5447.88,5389.485254703657,,1,0,0,45.16991142045655
1719322200,5469.29,5389.485254703657,,1,0,0,43.8234891761382
1719408600,5477.91,5389.485254703657,,1,0,0,42.92681137784265
1719495000,5482.88,5400.444163734966,,1,0,0,41.52275342228249
1719581400,5460.49,5402.01824736147,,1,0,0,43.73684246354806
1719840600,5475.1,5402.01824736147,,1,0,0,42.971353716151796
1719927000,5509.02,5402.01824736147,,1,0,0,43.56339987928376
1720013400,5537.01,5440.1702423265115,,1,0,0,42.72672845933494
1720186200,5567.2,5468.38271809386,,1,0,0,42.43910499795386
1720445400,5572.86,5494.352446284473,,1,0,0,40.879168926671404
1720531800,5576.97,5508.470201656027,,1,0,0,39.237085431909186
1720618200,5633.92,5532.460181490424,,1,0,0,40.60729361534425
1720704600,5584.55,5532.460181490424,,1,0,0,42.41534407139109
1720791000,5615.34,5533.383997007243,,1,0,0,44.457819494863166
1721050200,5631.21,5549.7525973065185,,1,0,0,45.010118102372914
1721136600,5667.21,5564.669837575868,,1,0,0,44.542252523631994
1721223000,5588.28,5564.669837575868,,1,0,0,47.246377343372544
1721309400,5544.58,,5674.146881563548,1,0,0,50.38877896170306
1721395800,5504.99,,5634.507193407193,1,0,0,51.10815189300998
1721655000,5564.4,,5634.507193407193,1,0,0,52.126855329223545
1721741400,5555.75,,5634.507193407193,1,0,0,50.86350851999333
1721827800,5427.12,,5586.129053993844,1,0,0,56.928257911422406
1721914200,5399.23,,5571.30514859446,1,0,0,60.050525203463685
1722000600,5459.09,,5571.30514859446,1,0,0,62.12477340321629
1722259800,5463.55,,5571.30514859446,1,0,0,60.78014673155799
1722346200,5436.45,,5571.30514859446,1,0,0,62.707279107875294
1722432600,5522.29,,5571.30514859446,1,0,0,66.44675917159852
1722519000,5446.69,,5571.30514859446,1,0,0,72.8248478021986
1722605400,5346.55,,5516.669514224188,1,0,0,77.95593010204155
1722864600,5186.34,,5386.87156280177,1,0,0,88.62264938046714
1722951000,5240.04,,5386.87156280177,1,0,0,91.2924601390052
1723037400,5199.51,,5386.87156280177,1,0,0,94.42157012907629
1723123800,5319.3,,5386.87156280177,1,0,0,96.85717226271366
1723210200,5344.15,,5386.87156280177,1,0,0,94.06951710109125
1723469400,5344.38,,5386.87156280177,1,0,0,90.69526587958474
1723555800,5434.44,5211.928786868065,,1,0,0,90.79703260247153
1723642200,5455.2,5254.772908181259,,1,0,0,87.6908159880093
1723728600,5543.21,5339.161117363133,,1,0,0,87.9293291317229
1723815000,5554.26,5370.14600562682,,1,0,0,84.27794847945692
1724074200,5608.24,5411.921905064138,,1,0,0,82.36952358806717
1724160600,5597.11,5445.1647145577235,,1,0,0,78.98670047463382
1724247000,5620.84,5461.846743101951,,1,0,0,76.28122186930287
1724333400,5570.65,5461.846743101951,,1,0,0,76.70899173578127
1724419800,5634.6,5462.7220119125805,,1,0,0,76.31334946893976
1724679000,5616.85,5481.432810721322,,1,0,0,74.38239593544404
1724765400,5625.79,5481.432810721322,,1,0,0,71.76222479719809
1724851800,5592.19,5481.432810721322,,1,0,0,71.35635159739822
1724938200,5591.95,5481.432810721322,,1,0,0,70.77661219758404
1725024600,5648.39,5481.432810721322,,1,0,0,70.6911398977566
1725370200,5528.92,5481.432810721322,,1,0,0,75.9317727622026
1725456600,5520.08,5481.432810721322,,1,0,0,74.03164613633099
1725543000,5503.42,5481.432810721322,,1,0,0,73.44081426945023
1725629400,5408.43,,5617.229188494134,1,0,0,76.75575610734667
1725888600,5471.06,,5613.71476964472,1,0,0,76.68534495682187
1725975000,5495.53,,5613.71476964472,1,0,0,75.22139174562027
1726061400,5554.14,,5613.71476964472,1,0,0,80.80914947807595
1726147800,5595.75,,5613.71476964472,1,0,0,79.69492451535623
1726234200,5626.01,5464.784792136099,,1,0,0,76.89671562140225
1726493400,5633.08,5475.228312922489,,1,0,0,73.65552164844497
1726579800,5634.57,5500.52248163024,,1,0,0,72.44869867355607
1726666200,5618.25,5509.7642334672155,,1,0,0,72.60736305401635
1726752600,5713.65,5558.545310120494,,1,0,0,75.65826569301517
1726839000,5702.54,5558.545310120494,,1,0,1,73.15767528637126
1727098200,5718.58,5580.2347511976,,1,0,0,69.56212705163043
1727184600,5732.94,5588.78927607784,,1,0,0,67.18840369079967
1727271000,5722.27,5605.221848470056,,1,0,0,64.45851771288537
1727357400,5745.36,5625.727163623052,,1,0,0,63.165766447679246
1727443800,5738.16,5631.655447260745,,1,0,0,61.256783129987845
1727703000,5762.49,5631.655447260745,,1,0,0,61.28201290641733
1727789400,5708.74,5631.655447260745,,1,0,0,62.70544055595895
1727875800,5709.55,5631.655447260745,,1,0,0,61.48576623053332
1727962200,5699.95,5631.655447260745,,1,0,0,60.05178292835236
1728048600,5751.06,5631.655447260745,,1,0,0,59.56665557632721
1728307800,5695.93,5631.655447260745,,1,0,0,59.89832303516098
1728394200,5751.14,5631.655447260745,,1,0,0,60.02487138979234
1728480600,5792.05,5656.906025912235,,1,0,0,59.435952004807156
1728567000,5780.04,5671.237423321012,,1,0,0,57.352669718749475
1728653400,5815.04,5691.410180988912,,1,0,0,56.61605045312451
1728912600,5859.86,5742.73616289002,,1,0,0,56.59847542075846
1728999000,5815.25,5742.73616289002,,1,0,0,57.26144146213286
1729085400,5842.48,5742.73616289002,,1,0,0,55.89848135769482
1729171800,5841.48,5755.615492746824,,1,0,0,54.63501840357377
1729258200,5864.68,5759.636443472141,,1,0,0,52.92465994617567
1729517400,5853.97,5759.636443472141,,1,0,0,52.153612807163135
1729603800,5851.19,5759.636443472141,,1,0,0,51.419069035222904
1729690200,5797.43,5759.636443472141,,1,0,0,54.08770696127839
1729776600,5809.87,5759.636443472141,,1,0,0,52.572870749758515
1729863000,5808.11,5759.636443472141,,1,0,0,53.30623712477577
1730122200,5823.51,5759.636443472141,,1,0,0,51.985077330148954
1730208600,5832.91,5759.636443472141,,1,0,0,51.48757180656685
1730295000,5813.66,5759.636443472141,,1,0,0,50.64274524895492
1730381400,5705.44,,5848.514622915322,1,0,0,54.939692016886724
1730467800,5728.81,,5848.514622915322,1,0,0,55.806856872823445
1730730600,5712.68,,5828.654244561411,1,0,0,55.02922423905034
1730817000,5782.77,,5828.654244561411,1,0,0,56.15285107911813
1730903400,5929.03,5768.259961905258,,1,0,0,63.096933144895395
1730989800,5973.09,5835.533465714731,,1,0,0,62.50500934883147
1731076200,5995.53,5869.740619143258,,1,0,0,60.85179439534348
1731335400,6001.34,5883.498057228932,,1,0,1,58.692380509961865
1731421800,5984,5883.498057228932,,1,0,0,58.06006761639317
1731508200,5985.39,5883.498057228932,,1,0,0,56.932919929507925
1731594600,5949.16,5883.498057228932,,1,0,0,56.551997077400245
1731681000,5870.63,,6004.5481566520975,1,0,0,59.38042585758592
1731940200,5893.61,,6003.813840986888,1,0,0,58.15110972490122
1732026600,5916.97,,6003.813840986888,1,0,0,58.87031617312258
1732113000,5917.12,,6003.813840986888,1,0,0,58.95886501789952
1732199400,5948.7,,6003.813840986888,1,0,0,60.18037465947809
1732285800,5969.33,,6003.813840986888,1,0,0,57.920347898086796
1732545000,5987.38,,6003.813840986888,1,0,0,57.843180191080606
1732631400,6021.64,5897.287428207088,,1,0,0,56.42866732028914
1732717800,5998.73,5897.287428207088,,1,0,0,55.02447679741137
1732890600,6032.39,5918.00676684774,,1,0,0,54.33987131188202
1733149800,6047.14,5944.755590162967,,1,0,0,51.97202336103328
1733236200,6049.87,5949.2645311466695,,1,0,0,49.594021692388004
1733322600,6086.48,5983.337078032004,,1,0,0,48.906591571503164
1733409000,6075.1,5996.493370228803,,1,0,0,46.95969217353869
1733495400,6090.28,6006.492533205923,,1,0,0,45.38185701828592
1733754600,6052.84,6006.492533205923,,1,0,0,45.11529580269404
1733841000,6034.9,6006.492533205923,,1,0,0,44.4292032453587
1733927400,6084.18,6006.492533205923,,1,0,0,45.3764030135474
1734013800,6051.25,6006.492533205923,,1,0,0,44.48737422686547
1734100200,6051.08,6006.492533205923,,1,0,0,44.36756178208933
1734359400,6074.07,6006.492533205923,,1,0,0,43.63487879765436
1734445800,6050.6,6006.492533205923,,1,0,0,43.29524459782191
1734532200,5872.17,,6083.401037943764,1,0,0,54.6941556979775
1734618600,5867.07,,6017.438934149388,1,0,0,55.74814457669345
1734705000,5930.84,,6017.438934149388,1,0,1,62.463277106929645
1734964200,5974.08,,6017.438934149388,1,0,0,63.40732874214898
1735050600,6040.05,5874.649052005097,,1,0,0,63.59394811770979
1735223400,6037.58,5897.5751468045855,,1,0,0,62.078666109301956
1735309800,5970.85,5897.5751468045855,,1,0,0,65.11804710149468
1735569000,5906.95,5897.5751468045855,,1,0,0,67.73032945138796
1735655400,5881.62,,6042.218217979456,1,0,0,67.24102020486025
1735828200,5868.56,,6032.048396181511,1,0,0,69.9780901902274
1735914600,5942.46,,6032.048396181511,1,0,0,70.74965517663972
1736173800,5975.37,,6032.048396181511,1,0,0,71.30896552116545
1736260200,5909.02,,6032.048396181511,1,0,0,74.0726108410822
1736346600,5918.26,,6032.048396181511,1,0,0,72.57528149529065
1736519400,5827.03,,6009.016741161221,1,0,0,75.28276138848422
1736778600,5836.21,,5962.976567045099,1,0,0,74.56970700359243
1736865000,5842.9,,5962.976567045099,1,0,0,73.99329936047869
1736951400,5949.92,,5962.976567045099,1,0,0,77.1159208347302
1737037800,5937.35,,5962.976567045099,1,0,0,74.03406934653513
1737124200,5996.65,5843.280110361711,,1,0,0,74.28949296463975
1737469800,6049.23,5880.145099325539,,1,0,0,72.9016720385941
1737556200,6086.36,5944.009089392986,,1,0,0,71.37869546440886
1737642600,6118.72,5957.873180453687,,1,0,0,69.42736007409391
1737729000,6101.25,5975.627862408319,,1,0,0,67.28540578308724
1737988200,6012.29,5975.627862408319,,1,0,0,72.36001965572386
1738074600,6067.71,5975.627862408319,,1,0,0,72.8993039660293
1738161000,6039.32,5975.627862408319,,1,0,0,71.60292511131291
1738247400,6071.18,5975.627862408319,,1,0,0,70.71557331764772
1738333800,6040.52,5975.627862408319,,1,0,0,72.09160379495857
1738593000,5994.58,5975.627862408319,,1,0,0,75.27006066674724
1738679400,6037.89,5975.627862408319,,1,0,0,73.58005633340814
1738765800,6061.47,5975.627862408319,,1,0,0,72.31005230959322
1738852200,6083.56,5975.627862408319,,1,0,0,69.80219143033655
1738938600,6025.98,5975.627862408319,,1,0,0,70.62489204245534
1739197800,6066.45,5975.627862408319,,1,0,0,68.96597118228
1739284200,6068.49,5975.627862408319,,1,0,0,66.46411609783141
1739370600,6051.98,5975.627862408319,,1,0,0,66.39453637655772
1739457000,6115.08,5975.627862408319,,1,0,0,66.36349806394647
1739543400,6114.62,5996.729797289322,,1,0,0,63.04110534509317
1739889000,6129.57,5999.81231756039,,1,0,0,60.68959782044366
1739975400,6144.14,6018.752085804351,,1,0,0,58.946055118983445
1740061800,6117.51,6018.752085804351,,1,0,0,58.98919403905607
1740148200,6013.12,,6183.7347104984765,1,0,0,62.557823036266335
1740407400,5983.26,,6133.744239448628,1,0,0,62.790835676533
1740493800,5955.26,,6078.105815503765,1,0,0,64.31720455678064
1740580200,5956.07,,6078.105815503765,1,0,0,65.23240423129631
1740666600,5861.56,,6070.40441055805,1,0,0,70.20937535763228
1740753000,5954.51,,6052.6304695022445,1,0,0,73.89013426065854
1741012200,5849.71,,6052.6304695022445,1,0,0,81.12512467061151
1741098600,5778.14,,5981.686780296818,1,0,0,84.7940443369964
1741185000,5842.62,,5981.686780296818,1,0,0,87.18304117006805
1741271400,5738.53,,5957.449142040424,1,0,0,90.31139537220601
1741357800,5770.19,,5924.02422783638,1,0,0,92.1977242741913
1741613400,5614.55,,5855.365805052742,1,0,0,100.338601111749
1741699800,5572.08,,5802.536724547468,1,0,0,100.87798674662409
1741786200,5599.29,,5802.536724547468,1,0,0,100.53670197900804
1741872600,5521.53,,5765.788196883449,1,0,0,100.11550898050749
1741959000,5638.93,,5765.788196883449,1,0,0,101.802972624757
1742218200,5675.11,,5765.788196883449,1,0,0,99.70276029441725
1742304600,5614.65,,5765.788196883449,1,0,0,98.10613455910168
1742391000,5675.3,,5765.788196883449,1,0,0,98.28998209059444
1742477400,5662.88,,5765.788196883449,1,0,0,96.89926908412339
1742563800,5667.57,,5765.788196883449,1,0,0,94.81646414954312
1742823000,5767.56,5550.972857039557,,1,0,0,95.72743099600437
1742909400,5776.66,5592.305571335601,,1,0,0,90.78475735343261
1742995800,5712.21,5592.305571335601,,1,0,0,90.6722746853303
1743082200,5693.32,5592.305571335601,,1,0,0,88.57711220780672
1743168600,5580.95,,5811.053823496348,1,0,0,90.88588990724907
1743427800,5611.84,,5749.619941146713,1,0,0,94.31046919958848
1743514200,5633.06,,5749.619941146713,1,0,0,94.14900711390354
1743600600,5670.98,,5749.619941146713,1,0,0,96.26907803433906
1743687000,5396.51,,5677.996732095953,1,0,0,109.40342960331482
1743773400,5074.09,,5455.877058886358,1,0,0,124.91818463164952
1744032600,5062.24,,5370.482352997722,1,0,0,145.39045715796027
1744119000,4982.78,,5370.482352997722,1,0,0,160.50899593239168
1744205400,5456.89,4776.9953440718455,,1,0,0,187.10906765150656
1744291800,5268.06,4776.9953440718455,,1,0,0,198.1455628192561
1744378200,5363.35,4852.794778698194,,1,0,0,195.4701654750235
1744637400,5405.96,4984.963800828375,,1,0,0,188.75372508395034
1744723800,5396.62,5024.232420745537,,1,0,0,179.84060186366818
1744810200,5275.71,5024.232420745537,,1,0,0,179.5541303019776
1744896600,5282.69,5024.232420745537,,1,0,0,171.92383528040781
1745242200,5158.19,5024.232420745537,,1,0,0,172.57641847466434
1745328600,5287.77,5024.232420745537,,1,0,0,171.06524572647405
1745415000,5375.85,5053.515457276033,,1,0,0,171.84058531744014
1745501400,5484.78,5083.71891154843,,1,0,0,167.95482922333727
1745587800,5525.22,5165.2700203935865,,1,0,0,161.11876999309888
1745847000,5528.74,5200.102518354228,,1,0,0,155.68314356502034
1745933400,5560.82,5245.6322665188045,,1,0,0,149.29506188180463
1746019800,5569.07,5245.6322665188045,,1,0,0,149.2454146045329
1746106200,5604.13,5345.927885880232,,1,0,0,145.00217070420914
1746192600,5686.66,5398.194097292208,,1,0,0,141.54272993962275
1746451800,5650.37,5402.527687562988,,1,0,0,135.1596778010783
1746538200,5606.9,5402.527687562988,,1,0,0,130.10041510100126
1746624600,5631.27,5402.527687562988,,1,0,0,126.24252830807255
1746711000,5663.95,5448.939054233419,,1,0,0,123.57020485749594
1746797400,5659.9,5452.491148810077,,1,0,0,118.13947593910336
1747056600,5844.2,5584.745033929069,,1,0,0,122.94879908631027
1747143000,5886.54,5655.460030536162,,1,0,0,118.62674200871672
1747229400,5892.57,5684.109027482546,,1,0,0,112.61340329380842
1747315800,5916.92,5698.17612473429,,1,0,0,108.78744591567927
1747402200,5958.37,5745.880012260862,,1,0,0,104.6783426359879
1747661400,5963.59,5749.167011034775,,1,0,0,102.4098895905602
1747747800,5940.45,5755.6093099312975,,1,0,0,98.97561176266304
1747834200,5844.62,5755.6093099312975,,1,0,0,99.7302109224728
1747920600,5842,5755.6093099312975,,1,0,0,96.33948157086762
1748007000,5802.83,5755.6093099312975,,1,0,0,94.78594717294853
1748352600,5921.53,5755.6093099312975,,1,0,0,96.6940938034522
1748439000,5888.56,5755.6093099312975,,1,0,0,93.93308710320561
1748525400,5912.18,5755.6093099312975,,1,0,0,92.1757237386909
1748611800,5911.68,5755.6093099312975,,1,0,0,91.19745775735588
1748871000,5935.95,5755.6093099312975,,1,0,0,90.10978220325899
1748957400,5970.36,5795.873604335816,,1,0,0,87.41265490302622
1749043800,5970.82,5830.049743902235,,1,0,0,82.90960812423863
1749130200,5939.29,5830.049743902235,,1,0,0,82.59463611536444
1749216600,6000.37,5848.02534256081,,1,0,0,82.23644782140983
1749475800,6005.89,5867.566808304729,,1,0,0,78.30027297702341
1749562200,6038.8,5886.9386274742565,,1,0,0,75.75953919295034
1749648600,6022.25,5898.20826472683,,1,0,0,74.42528639345389
1749735000,6045.25,5898.20826472683,,1,0,0,72.07705165106434
1749821400,5976.96,5898.20826472683,,1,0,0,72.78869081884545
1750080600,6033.12,5898.20826472683,,1,0,0,72.86592718892791
1750167000,5982.73,5898.20826472683,,1,0,0,71.82693238971875
1750253400,5980.86,5898.20826472683,,1,0,0,70.0078657904531
1750426200,5967.85,5898.20826472683,,1,0,0,69.69587537684926
1750685400,6025.16,5898.20826472683,,1,0,0,70.82759856421724
1750771800,6092.19,5946.2214287883,,1,0,0,71.23991295248746
1750858200,6092.15,5967.7607859094705,,1,0,0,68.1813477415955
1750944600,6141.01,6002.135707318524,,1,0,0,67.19482290291016
1751031000,6173.08,6036.665636586671,,1,0,0,66.34733555270229
1751290200,6204.94,6075.610572928003,,1,0,0,64.6082401560807
1751376600,6198.02,6080.340015635204,,1,0,0,62.33693728778918
1751463000,6227.41,6097.451514071682,,1,0,0,60.692156052947134
1751549400,6279.36,6154.662862664515,,1,0,0,60.44557347773661
1751895000,6229.99,6154.662862664515,,1,0,0,61.72517537218397
1751981400,6225.51,6154.662862664515,,1,0,0,59.09837713131367
1752067800,6263.25,6154.662862664515,,1,0,0,57.9949216219341
1752154200,6280.47,6166.993880694188,,1,0,0,56.62242722036742
1752240600,6259.74,6166.993880694188,,1,0,0,55.640110990341164
1752499800,6268.55,6166.993880694188,,1,0,0,54.10081734817395
1752586200,6243.77,6171.010329026064,,1,0,0,54.54790182330436
1752672600,6263.71,6171.010329026064,,1,0,0,55.403765978782594
1752759000,6297.35,6181.332366511111,,1,0,0,54.476354123155204
1752845400,6296.78,6201.94412986,,1,0,0,52.63447168578695
1753104600,6305.59,6224.171216874,,1,0,0,51.682009422516465
1753191000,6309.63,6224.171216874,,1,0,0,50.44829446376527
1753277400,6358.9,6245.100535667941,,1,0,0,50.48841628778205
1753363800,6363.36,6281.889982101146,,1,0,0,48.482815124369104
1753450200,6388.65,6295.53798389103,,1,0,0,47.33832832977131
1753709400,6389.76,6305.400685501929,,1,0,0,45.76273344907334
1753795800,6370.87,6305.400685501929,,1,0,0,45.73253820271096
1753882200,6362.89,6305.400685501929,,1,0,0,46.7630711882316
1753968600,6339.38,6305.400685501929,,1,0,0,50.521423246215065
1754055000,6238,,6364.043425242185,1,0,0,55.962035871485455
1754314200,6329.93,,6364.043425242185,1,0,0,58.58546188066504
1754400600,6299.2,,6364.043425242185,1,0,0,58.44578603204611
1754487000,6345.05,,6364.043425242185,1,0,0,58.10180131547139
1754573400,6339.99,,6364.043425242185,1,0,0,59.62238693579489
1754659800,6389.44,6253.407944678743,,1,0,0,59.30435929752383
1754919000,6373.46,6267.4131502108685,,1,0,0,58.15333363341496
1755005400,6445.75,6295.119335189782,,1,0,0,59.22023837388533
1755091800,6466.59,6346.665901670803,,1,0,0,57.508792775750614
1755178200,6468.53,6346.665901670803,,1,0,0,55.7474504346256
1755264600,6449.79,6353.83688035335,,1,0,0,54.58620397500947
1755523800,6449.16,6353.83688035335,,1,0,0,51.94790369108026
1755610200,6411.36,6353.83688035335,,1,0,0,52.25591057028877
1755696600,6395.79,6353.83688035335,,1,0,0,53.34477410098243
1755783000,6370.18,6353.83688035335,,1,0,0,52.61157595091225
1755869400,6466.92,6353.83688035335,,1,0,0,56.618606240132806
1756128600,6439.31,6353.83688035335,,1,0,0,54.63584865155186
1756215000,6465.95,6353.83688035335,,1,0,0,53.53043089072672
1756301400,6481.41,6371.352890091862,,1,0,0,51.79397154138911
1756387800,6501.85,6388.353601082674,,1,0,0,51.04225928843271
1756474200,6460.25,6388.353601082674,,1,0,0,51.487812196401855
1756819800,6415.53,6388.353601082674,,1,0,0,54.92939703951601
1756906200,6448.27,6388.353601082674,,1,0,0,53.730154393836315
1756992600,6502.09,6388.353601082674,,1,0,0,53.93228622284804
1757079000,6481.51,6388.353601082674,,1,0,0,56.413551492644615
1757338200,6495.16,6388.353601082674,,1,0,0,54.32401210031285
1757424600,6512.62,6395.79461199018,,1,0,0,52.95443980743334
1757511000,6532.03,6433.110650791163,,1,0,0,52.2684083926167
1757597400,6587.48,6464.433085712046,,1,0,0,52.882093507429836
1757683800,6584.28,6491.285277140842,,1,0,0,50.58480111404201
1757943000,6615.29,6515.068749426756,,1,0,0,49.49588674875331
1758029400,6606.77,6521.97537448408,,1,0,0,47.88046626669951
1758115800,6600.36,6521.97537448408,,1,0,0,49.69186153336388
1758202200,6631.95,6535.698353332105,,1,0,0,50.17387142383792
1758288600,6664.37,6553.981017998895,,1,0,1,49.55502346499231
1758547800,6693.74,6575.937416199005,,1,0,0,49.644664646064314
1758634200,6656.93,6575.937416199005,,1,0,0,49.951474314202606
1758720600,6637.98,6575.937416199005,,1,0,0,50.0192261489024
1758807000,6604.73,6575.937416199005,,1,0,0,51.35785285255218
1758893400,6643.71,6575.937416199005,,1,0,0,50.87086336308416
1759152600,6661.2,6575.937416199005,,1,0,0,49.63723026572103
1759239000,6688.47,6575.937416199005,,1,0,0,49.68099953245524
1759325400,6711.19,6586.482883126494,,1,0,0,50.58092813727985
1759411800,6715.36,6614.071594813844,,1,0,0,49.73300469890272
1759498200,6715.78,6630.56793533246,,1,0,0,49.40921864898108
1759757400,6740.29,6638.970141799214,,1,0,0,48.28998874548248
1759843800,6714.58,6638.970141799214,,1,0,0,48.73570383509086
1759930200,6753.71,6642.146914857363,,1,0,0,48.18743927544154
1760016600,6735.12,6645.446723371627,,1,0,0,48.203336470052854
1760103000,6552.52,,6784.349448965536,1,0,0,59.8759552936205
1760362200,6654.71,,6782.910504068982,1,0,0,63.89624420121903
1760448600,6644.3,,6767.404953662084,1,0,0,68.30579818684625
1760535000,6671.07,,6767.404953662084,1,0,0,71.42752688778582
1760621400,6629.08,,6767.404953662084,1,0,0,74.56484639580114
1760707800,6664,,6767.404953662084,1,0,0,74.60450022467249
1760967000,6735.14,,6767.404953662084,1,0,0,75.01489306576734
1761053400,6735.34,,6767.404953662084,1,0,0,71.8088292753554
1761139800,6699.41,,6767.404953662084,1,0,0,72.82677004140147
1761226200,6738.43,,6767.404953662084,1,0,0,71.20485789558708
1761312600,6791.68,6641.744088923953,,1,0,0,71.02451090304511
1761571800,6875.15,6710.428680031558,,1,0,0,72.06561726711328
1761658200,6890.88,6747.737812028402,,1,0,0,69.81593031946238
1761744600,6890.6,6747.737812028402,,1,0,0,69.71693529664365
1761831000,6822.35,6747.737812028402,,1,0,0,69.73072563259772
1761917400,6840.19,6747.737812028402,,1,0,1,69.0599595159836
1762180200,6851.98,6747.737812028402,,1,0,0,68.53424812198476
1762266600,6771.54,6747.737812028402,,1,0,0,69.72965897041438
1762353000,6796.3,6747.737812028402,,1,0,0,69.51111190109907
1762439400,6720.31,,6896.715582353533,1,0,0,70.91531819387771
1762525800,6728.81,,6830.667524118179,1,0,0,72.8977954657436
1762785000,6832.42,6648.534728293639,,1,0,0,75.72723864676186
1762871400,6846.62,6679.683255464275,,1,0,0,73.76529302913603
1762957800,6850.93,6705.521929917847,,1,0,0,71.37420066991203
1763044200,6737.48,6705.521929917847,,1,0,0,75.29104347920403
1763130600,6734.1,6705.521929917847,,1,0,0,79.01596894497523
1763389800,6672.42,,6868.358418089889,1,0,0,81.62911402033417
1763476200,6617.33,,6794.587576280901,1,0,0,82.80560587602461
1763562600,6642.15,,6794.587576280901,1,0,0,83.05163402773714
1763649000,6538.77,,6794.587576280901,1,0,0,93.99794588289878
1763735400,6602.98,,6794.587576280901,1,0,0,97.15023546269173
1763994600,6705.11,,6794.587576280901,1,0,0,98.26593292964235
1764081000,6765.89,,6794.587576280901,1,0,0,99.56265200609646
1764167400,6812.6,6601.457505848702,,1,0,0,97.1331768628038
1764340200,6849.08,6642.075255263832,,1,0,0,92.92794994403205
1764599400,6812.62,6642.075255263832,,1,0,0,89.80023923374407
1764685800,6829.38,6654.800706763704,,1,0,0,86.58879357419093
1764772200,6849.71,6669.130636087333,,1,0,0,84.11745117603441
1764858600,6857.13,6688.3600724786,,1,0,0,80.91977609203197
1764945000,6870.39,6726.71356523074,,1,0,0,77.90050637117251
1765204200,6846.5,6726.71356523074,,1,0,0,75.98475591608882
1765290600,6840.5,6726.71356523074,,1,0,0,72.52084477922531
1765377000,6886.69,6726.71356523074,,1,0,0,72.76792729499496
1765463400,6901.01,6730.249862647888,,1,0,0,72.57093248820962
1765549800,6827.42,6730.249862647888,,1,0,1,74.47443731048038
1765809000,6816.52,6730.249862647888,,1,0,0,73.44769178830325
1765895400,6800.25,6730.249862647888,,1,0,0,72.45357094628163
1765981800,6721.42,,6910.3052666167205,1,0,0,73.8376015929758
1766068200,6774.75,,6910.3052666167205,1,0,0,75.32848719347753
1766154600,6834.49,,6910.3052666167205,1,0,0,74.61002382251488
1766413800,6878.48,,6910.3052666167205,1,0,0,72.67645069233524
1766500200,6909.78,,6910.3052666167205,1,0,0,70.49027564288271
1766586600,6932.04,6792.407609965492,,1,0,0,67.77025595410537
1766759400,6929.95,6813.0143489689435,,1,0,0,64.65595195738356
1767018600,6905.73,6813.0143489689435,,1,0,0,62.97981253185613
1767105000,6896.25,6813.0143489689435,,1,0,0,59.89411163672354
1767191400,6845.49,6813.0143489689435,,1,0,0,59.678103662671845
1767364200,6858.48,6813.0143489689435,,1,0,0,60.455381972480964
1767623400,6902.04,6813.0143489689435,,1,0,0,60.55856897444665
1767709800,6944.83,6814.571314325404,,1,0,0,59.565099761986154
1767796200,6920.92,6832.534682892863,,1,0,0,58.63187835041572
1767882600,6921.45,6832.534682892863,,1,0,0,56.72602989681458
1767969000,6966.29,6841.08169314322,,1,0,0,57.0113134756135
1768228200,6977.26,6853.521523828897,,1,0,0,56.67193394164112
1768314600,6963.75,6856.8773714460085,,1,0,0,55.98536723152386
1768401000,6926.59,6856.8773714460085,,1,0,0,57.55855528641503
1768487400,6944.46,6856.8773714460085,,1,0,0,57.2150870516711
1768573800,6940,6856.8773714460085,,1,0,0,56.14329511940888
1768919400,6796.87,,6956.984944594275,1,0,0,62.91520261087966
1769005800,6875.61,,6956.984944594275,1,0,0,66.52983099581687
1769092200,6913.36,,6956.984944594275,1,0,0,66.0019859246871
1769178600,6915.62,,6956.984944594275,1,0,0,63.96327264435231
1769437800,6950.22,,6956.984944594275,1,0,0,62.89732459832714
1769524200,6978.59,6852.772187566527,,1,0,0,61.1618014127323
1769610600,6978.02,6866.158468809875,,1,0,0,59.56595845467997
1769697000,6969.02,6866.158468809875,,1,0,0,64.02838999363141
1769783400,6939.02,6866.158468809875,,1,0,0,64.85064785122923
1770042600,6976.45,6866.158468809875,,1,0,0,65.75988729042713
1770129000,6917.82,6866.158468809875,,1,0,0,70.42203819825374
1770215400,6882.71,6866.158468809875,,1,0,0,72.3411783269499
1770301800,6798.39,,6975.906555567211,1,0,0,74.50109416073919
1770388200,6932.31,,6975.906555567211,1,0,0,79.64387314925781
1770647400,6964.81,,6975.906555567211,1,0,0,79.25716792431085
1770733800,6941.82,,6975.906555567211,1,0,0,77.1173702154315
1770820200,6941.46,,6975.906555567211,1,0,0,77.43112948575778
1770906600,6832.77,,6975.906555567211,1,0,0,82.55604880820367
1770993000,6836.18,,6975.906555567211,1,0,0,82.90275960761768
1771338600,6843.21,,6975.906555567211,1,0,0,83.51613392135926
1771425000,6881.32,,6975.906555567211,1,0,0,82.25855292697644
1771511400,6861.88,,6975.906555567211,1,0,0,79.83008486076379
1771597800,6909.52,,6975.906555567211,1,0,0,79.80865022785208
1771857000,6837.74,,6975.906555567211,1,0,0,81.04660378300552
1771943400,6890.06,,6975.906555567211,1,0,0,81.23898922707654
1772029800,6946.12,,6975.906555567211,1,0,0,79.89691856799963
1772116200,6908.87,,6975.906555567211,1,0,0,80.4414243845711
1772202600,6878.89,,6975.906555567211,1,0,0,80.20489407138746
1772461800,6881.63,,6975.906555567211,1,0,0,81.91597306628834
1772548200,6816.62,,6960.107356143177,1,0,0,88.29411784726776
1772634600,6869.49,,6960.107356143177,1,0,0,87.2945380010343
1772721000,6830.72,,6960.107356143177,1,0,0,88.17707100096047
1772807400,6740.01,,6931.067547628375,1,0,0,90.3901373580347
1773063000,6795.98,,6927.839792865538,1,0,0,96.39084183246077
1773149400,6781.49,,6927.839792865538,1,0,0,95.601495987285
1773235800,6775.79,,6927.839792865538,1,0,0,93.45567484533603
1773322200,6672.61,,6901.497128998976,1,0,0,94.30812664209778
1773408600,6632.2,,6876.75741609908,1,0,0,95.38468902480508
1773667800,6699.37,,6876.75741609908,1,0,0,95.54221123731902
1773754200,6716.08,,6876.75741609908,1,0,0,92.64133900608196
1773840600,6624.71,,6852.450446336229,1,0,0,92.76838621993326
1773927000,6606.48,,6783.191401702606,1,0,0,91.77921577565232
1774013400,6506.49,,6728.002261532345,1,0,0,94.72070036310565
1774272600,6580.99,,6728.002261532345,1,0,0,98.32136462288382
1774359000,6556.36,,6728.002261532345,1,0,0,96.34412429267786
1774445400,6591.89,,6728.002261532345,1,0,0,95.00382970034373
1774531800,6477.17,,6720.918868791372,1,0,0,96.6535561503192
1774618200,6368.86,,6606.875481912235,1,0,0,98.39901642529641
1774877400,6343.73,,6575.891433721012,1,0,0,99.25622953777528
1774963800,6528.53,,6575.891433721012,1,0,0,106.11792742793423
1775050200,6575.33,,6575.891433721012,1,0,0,104.33378975451038
1775136600,6582.68,6318.227294817381,,1,0,0,105.95066191490251
1775482200,6611.82,6393.065065335644,,1,0,0,101.1263289209809
1775568600,6616.84,6393.065065335644,,1,0,0,99.88230542662511
1775655000,6782.82,6549.743652921871,,1,0,0,105.36642646758045
1775741400,6824.67,6588.246287629685,,1,0,0,103.10882457703902
1775827800,6816.9,6630.487658866716,,1,0,0,98.40890853582198
1776087000,6886.23,6642.1493929800445,,1,0,0,98.30684364040609
1776173400,6967.39,6743.93245368204,,1,0,0,97.22706909466284
1776259800,7022.96,6810.8367083138355,,1,0,0,94.5044213021869
1776346200,7041.29,6854.069537482453,,1,0,0,90.80481978060206
1776432600,7126.05,6931.564083734207,,1,0,0,91.90661836770195
1776691800,7109.13,6933.678175360787,,1,0,0,88.31614562715184
1776778200,7064.02,6933.678175360787,,1,0,0,88.22713522521246
1776864600,7137.89,6952.598422042237,,1,0,0,87.25519699484013
1776951000,7108.41,6952.598422042237,,1,0,0,88.25339720949437
1777037400,7165.07,6974.224571854212,,1,0,0,86.24815455167335
1777296600,7173.92,7006.4936146687905,,1,0,0,82.3747149408395
1777383000,7138.81,7006.4936146687905,,1,0,0,80.68723530220811
1777469400,7135.96,7006.4936146687905,,1,0,0,77.62171849490755
1777555800,7209.02,7024.041575093548,,1,0,0,78.76873860241417
1777642200,7230.11,7104.166417584193,,1,0,0,77.67811441652745
1777901400,7200.76,7104.166417584193,,1,0,0,77.15967767248978
1777987800,7259.21,7107.3939982431975,,1,0,0,76.82684355302624
1778074200,7365.11,7178.236598418877,,1,0,0,79.19706901352437
1778160600,7337.1,7202.28193857699,,1,0,0,78.09513551255837
1778247000,7398.92,7233.5872447192905,,1,0,0,77.1169115473756
1778506200,7412.85,7263.848020247361,,1,0,0,74.80641786542023
1778592600,7400.97,7263.848020247361,,1,0,0,74.77095944646167
1778679000,7444.26,7271.6102464003625,,1,0,0,75.49517662885725
1778765400,7501.25,7339.8107217603265,,1,0,0,75.30694972679599
1778851800,7408.49,7339.8107217603265,,1,0,0,77.33859617488199
1779111000,7403.04,7339.8107217603265,,1,0,0,77.59226787667616
1779197400,7353.62,7339.8107217603265,,1,0,0,77.00424874262785
1779283800,7432.96,7339.8107217603265,,1,0,0,77.36608811815441
1779370200,7445.73,7339.8107217603265,,1,0,0,77.30279610971483
1779456600,7473.48,7339.8107217603265,,1,0,0,76.10902495902094
1779802200,7519.11,7372.222379490727,,1,0,0,75.35909460480521
1779888600,7520.37,7375.934641541654,,1,0,0,72.19058784731912
1779975000,7563.62,7400.887177387489,,1,0,0,71.36840300108206
1780061400,7580.05,7450.55545964874,,1,0,0,68.8299456438619
1780320600,7599.95,7461.306413683866,,1,0,0,67.8456638121575
1780407000,7609.77,7478.417272315479,,1,0,0,65.7074021112891
1780493400,7553.67,7478.417272315479,,1,0,0,65.1961591033399
1780579800,7584.32,7478.417272315479,,1,0,0,66.3714334531013
1780666200,7383.73,,7612.591813482016,1,0,0,77.03704534930833
1780925400,7405.72,,7589.220632133814,1,0,0,77.46868496721494
1781011800,7386.66,,7551.985568920432,1,0,0,89.45663604098526
1781098200,7267,,7529.70801202839,1,0,0,92.39759060948631
1781184600,7394.31,,7529.70801202839,1,0,0,96.89419128023732
1781271000,7431.45,,7529.70801202839,1,0,0,96.64389190307747
1781530200,7554.28,7331.3845642313045,,1,0,0,100.20289962428625
1781616600,7511.34,7331.3845642313045,,1,0,0,97.06554965112294
1781703000,7420.11,7331.3845642313045,,1,0,0,99.3865818188999
1781789400,7500.57,7331.3845642313045,,1,0,0,98.7846831175499
1782135000,7472.78,7331.3845642313045,,1,0,0,96.7286343234392
1782221400,7365.45,7331.3845642313045,,1,0,0,98.76087472890778
1782307800,7358.21,7331.3845642313045,,1,0,0,98.22366939112871
1782394200,7357.48,7331.3845642313045,,1,0,0,98.03483586319093
1782480600,7354.03,7331.3845642313045,,1,0,0,98.08734758724869
1782739800,7440.44,7331.3845642313045,,1,0,0,97.89825133101661
1782826200,7499.35,7331.3845642313045,,1,0,0,95.923376235944
1782912600,7483.22,7331.3845642313045,,1,0,0,94.22742079051945
1782999000,7483.25,7331.3845642313045,,1,0,0,95.58260501976804
1783344600,7516.62,7338.394813297106,,1,0,0,93.6167046612132
1783431000,7478.63,7338.394813297106,,1,0,0,91.03194004255514
1783517400,7482.71,7338.394813297106,,1,0,0,89.29323003951552
1783603800,7543.64,7343.10389889359,,1,0,0,87.56942789383591
1783690200,7575.39,7375.605509004231,,1,0,0,86.44089732999052
1783949400,7515.34,7375.605509004231,,1,0,0,85.19369037784837
1784035800,7543.59,7377.640612293426,,1,0,0,82.26628392228778
1784122200,7572.4,7401.390051064084,,1,0,0,80.28654935641009
1784208600,7533.77,7401.390051064084,,1,0,0,79.43608154523788
1784295000,7457.69,7401.390051064084,,1,0,0,81.0842185777209
1784554200,7443.28,7401.390051064084,,1,0,0,80.48534582216939
1784640600,7509.2,7401.390051064084,,1,0,0,79.88139254915734
1784727000,7498.96,7401.390051064084,,1,0,0,77.03915022421747
1784813400,7408.3,7401.390051064084,,1,0,0,80.31921092248766
1784899800,7411.98,7401.390051064084,,1,0,0,79.18569585659567
1785159000,7413.18,7401.390051064084,,1,0,0,80.51743186683883
1785245400,7428.78,7401.390051064084,,1,0,0,79.70475816206465
1785331800,7316.15,,7550.348258926722,1,0,0,83.7915611504886
1785418200,7437.63,,7550.348258926722,1,0,0,87.27787821116802
1785504600,7489.72,,7550.348258926722,1,0,0,89.05874405322744
1785763800,7600.5,7369.218139242419,,1,0,0,91.29169090656832
1785850200,7736.52,7492.740325318178,,1,0,0,96.03585584181344
1785936600,7723.55,7561.39979278636,,1,0,0,94.42686613882678
1786023000,7709.96,7561.39979278636,,1,0,0,90.87494712891063
1786109400,7757.64,7564.089582156951,,1,0,0,88.17816519113128
1786368600,7753.11,7592.964123941256,,1,0,0,84.06901053462195
1786455000,7728.2,7592.964123941256,,1,0,0,81.6540812107204
1786541400,7748.5,7601.339790392417,,1,0,0,78.5223611242404
1786627800,7798.99,7640.723811353176,,1,0,0,77.78504961536608
1786714200,7785.76,7652.125430217858,,1,0,0,74.63611749998277
1786973400,7745.06,7652.125430217858,,1,0,0,72.57639482141259
1787059800,7691.76,7652.125430217858,,1,0,0,71.42308090559743
1787146200,7707.98,7652.125430217858,,1,0,0,70.04786084091191
1787232600,7641.16,,7801.021681234064,1,0,0,69.97087078084672
1787319000,7674.37,,7801.021681234064,1,0,0,68.96938001078624
1787578200,7667.25,,7778.090711799592,1,0,0,66.62871001001578