event_date,close_price_usd,market_cap_usd,volume_usd
2016-10-29 00:00:00 UTC,541.529,1371289,3114610
2016-10-30 00:00:00 UTC,1894.08,519741,1131940
2016-10-31 00:00:00 UTC,1367,3217504,2878690
2016-11-01 00:00:00 UTC,968.08,3792058,4836640
2016-11-02 00:00:00 UTC,871.4,3802618.24,3925660
2016-11-03 00:00:00 UTC,611.76,4636719.4,2771550
2016-11-04 00:00:00 UTC,504.9,4234602.72,2473380
2016-11-05 00:00:00 UTC,329.59,4424438.7,1999210
2016-11-06 00:00:00 UTC,237.48,3543422.09,2337250
2016-11-07 00:00:00 UTC,195.87,3065866.8,1861440
2016-11-08 00:00:00 UTC,258.08,2940792.18,1544070
2016-11-09 00:00:00 UTC,224.83,4617309.28,3866230
2016-11-10 00:00:00 UTC,185.92,4662749.37,1259600
2016-11-11 00:00:00 UTC,144.37,4422479.04,1155770
2016-11-12 00:00:00 UTC,118.01,3900733.03,1162480
2016-11-13 00:00:00 UTC,103.73,3599423.01,1413440
2016-11-14 00:00:00 UTC,109.56,3540201.17,1446090
2016-11-15 00:00:00 UTC,97.33,4168758,2026470
2016-11-16 00:00:00 UTC,87.73,4098760.96,1441030
2016-11-17 00:00:00 UTC,70.47,4075497.15,919412
2016-11-18 00:00:00 UTC,65.26,3584174.67,1025970
2016-11-19 00:00:00 UTC,60.34,3625127.7400000007,827122
2016-11-20 00:00:00 UTC,54.05,3646104.84,594947
2016-11-21 00:00:00 UTC,56.82,3539734.5,722131
2016-11-22 00:00:00 UTC,81.63,4024219.68,1321670
2016-11-23 00:00:00 UTC,94.9,6228287.37,2368040
2016-11-24 00:00:00 UTC,91.61,7800780.000000001,4080150
2016-11-25 00:00:00 UTC,76.89,8069924.9,3537200
2016-11-26 00:00:00 UTC,70.09,7231735.17,1901420
2016-11-27 00:00:00 UTC,73.57,7039559.24,1468570
2016-11-28 00:00:00 UTC,68.59,7878317.019999999,1246070
2016-11-29 00:00:00 UTC,68.08,7810068.94,1303560
2016-11-30 00:00:00 UTC,62.87,8206839.76,1368780
2016-12-01 00:00:00 UTC,60.41,8038306.72,1246450
2016-12-02 00:00:00 UTC,59.43,8154987.54,1202280
2016-12-03 00:00:00 UTC,58.55,8450589.42,833782
2016-12-04 00:00:00 UTC,51.31,8733844.95,817921
2016-12-05 00:00:00 UTC,48.61,8023909.11,1025810
2016-12-06 00:00:00 UTC,55.55,7954102.91,1389550
2016-12-07 00:00:00 UTC,53.37,9486884.55,1472040
2016-12-08 00:00:00 UTC,50.34,9492868.53,818794
2016-12-09 00:00:00 UTC,49.12,9314460.54,674680
2016-12-10 00:00:00 UTC,48.54,9448526.72,538479
2016-12-11 00:00:00 UTC,49.13,9680380.74,513865
2016-12-12 00:00:00 UTC,46.60000000000001,10150552.78,605068
2016-12-13 00:00:00 UTC,44.63,9961635.400000002,641235
2016-12-14 00:00:00 UTC,40.3,9855151.97,803491
2016-12-15 00:00:00 UTC,40.20000000000001,9190656.8,656877
2016-12-16 00:00:00 UTC,35.96000000000001,9458296.200000005,419263
2016-12-17 00:00:00 UTC,36.85,8711993.240000002,666919
2016-12-18 00:00:00 UTC,34.47,9194775.15,602270
2016-12-19 00:00:00 UTC,36.34,8843933.43,543339
2016-12-20 00:00:00 UTC,36.2,9588090.96,1100210
2016-12-21 00:00:00 UTC,47.67,9810887.8,886111
2016-12-22 00:00:00 UTC,52.78,13267466.73,2586630
2016-12-23 00:00:00 UTC,48.21,15066367.68,4794130
2016-12-24 00:00:00 UTC,46.21,14099303.76,1399220
2016-12-25 00:00:00 UTC,43.53,13847103.76,922182
2016-12-26 00:00:00 UTC,44.39,13354742.82,896123
2016-12-27 00:00:00 UTC,48.46,13935974.16,1033480
2016-12-28 00:00:00 UTC,51.05,15560215.24,2231020
2016-12-29 00:00:00 UTC,50.51,16754916.3,1200450
2016-12-30 00:00:00 UTC,48.04,16943276.44,964451
2016-12-31 00:00:00 UTC,48.51,16456390.24,534211
2017-01-01 00:00:00 UTC,49.68999999999999,16969089.06,531127
2017-01-02 00:00:00 UTC,50.23,17729093.86,769596
2017-01-03 00:00:00 UTC,56.35,18287788.63,1127240
2017-01-04 00:00:00 UTC,50.29,20910414.35,1970270
2017-01-05 00:00:00 UTC,47.1,19028177.01,2860920
2017-01-06 00:00:00 UTC,46.92,18152057.4,1189800
2017-01-07 00:00:00 UTC,46.16,18428111.52,1082430
2017-01-08 00:00:00 UTC,46.21,18458506.96,835701
2017-01-09 00:00:00 UTC,45.63,18802571.74,663039
2017-01-10 00:00:00 UTC,40.55,18897938.28,750934
2017-01-11 00:00:00 UTC,42.83,17083471.7,1219870
2017-01-12 00:00:00 UTC,43.25,18351841.23,1394500
2017-01-13 00:00:00 UTC,43.92,18841040.75,698135
2017-01-14 00:00:00 UTC,45.41,19444218.48,576140
2017-01-15 00:00:00 UTC,43.38,20420604.54,790468
2017-01-16 00:00:00 UTC,44.75,19822230.72,676604
2017-01-17 00:00:00 UTC,43.59,20778812.25,1093110
2017-01-18 00:00:00 UTC,44.16,20539346.46,957912
2017-01-19 00:00:00 UTC,43.39,21128087.04,590666
2017-01-20 00:00:00 UTC,43.52,21071008.41,671595
2017-01-21 00:00:00 UTC,43.24,21446917.12,706104
2017-01-22 00:00:00 UTC,42.88,21620259.44,804769
2017-01-23 00:00:00 UTC,41.43,21738830.72,612632
2017-01-24 00:00:00 UTC,39.93,21305626.08,643814
2017-01-25 00:00:00 UTC,38.15,20823734.58,845308
2017-01-26 00:00:00 UTC,38.19,20165861.1,1153410
2017-01-27 00:00:00 UTC,38.16,20454793.139999997,950831
2017-01-28 00:00:00 UTC,38.74,20717789.039999995,573398
2017-01-29 00:00:00 UTC,40.31,21308200.94,890189
2017-01-30 00:00:00 UTC,39.53,22454927.360000003,746792
2017-01-31 00:00:00 UTC,39.88,22306027.93,992104
2017-02-01 00:00:00 UTC,39.33,22791659.28,630443
2017-02-02 00:00:00 UTC,38.75,22756573.98,676791
2017-02-03 00:00:00 UTC,39.53,22704361.25,837602
2017-02-04 00:00:00 UTC,38.28,23438562.43,637212
2017-02-05 00:00:00 UTC,37.64,22974928.68,621879
2017-02-06 00:00:00 UTC,37.07,22856174.84,631467
2017-02-07 00:00:00 UTC,35.34,22666673.92,751624
2017-02-08 00:00:00 UTC,33.2,21966672.540000003,945860
2017-02-09 00:00:00 UTC,32.65,20868889.2,1148550
2017-02-10 00:00:00 UTC,32.77,20761939.1,600449
2017-02-11 00:00:00 UTC,31.829999999999995,21074190.38,525076
2017-02-12 00:00:00 UTC,30.420000000000005,20690104.769999996,514038
2017-02-13 00:00:00 UTC,32.42,20000967.480000004,768624
2017-02-14 00:00:00 UTC,33.53,21544516.48,754253
2017-02-15 00:00:00 UTC,32.54,22518949.18,853972
2017-02-16 00:00:00 UTC,31.94,22090397.26,680503
2017-02-17 00:00:00 UTC,30.91,21915439.36,487685
2017-02-18 00:00:00 UTC,30.59,21429717.54,645185
2017-02-19 00:00:00 UTC,30.53,21423890.04,518257
2017-02-20 00:00:00 UTC,30.53,21532228.93,501497
2017-02-21 00:00:00 UTC,30.53,21532228.93,501497
2017-02-22 00:00:00 UTC,30.53,21532228.93,501497
2017-02-23 00:00:00 UTC,30.19,21532228.93,501497
2017-02-24 00:00:00 UTC,29.13000000000001,22227568.64,1186150
2017-02-25 00:00:00 UTC,29.36,21652503.780000005,510436
2017-02-26 00:00:00 UTC,37.36,22036705.84,503176
2017-02-27 00:00:00 UTC,37.38,28310249.84,2130980
2017-02-28 00:00:00 UTC,41.2,28589868.72,2779370
2017-03-01 00:00:00 UTC,39.73,31806152.8,2353470
2017-03-02 00:00:00 UTC,41.76,30958370.87,2400490
2017-03-03 00:00:00 UTC,40.68,32840314.56,2215570
2017-03-04 00:00:00 UTC,39.38,32282875.08,1556300
2017-03-05 00:00:00 UTC,40.3,31529833.280000005,852662
2017-03-06 00:00:00 UTC,38.12,32553574.3,1251910
2017-03-07 00:00:00 UTC,35.73,31070887.72,1055120
2017-03-08 00:00:00 UTC,36.64000000000001,29375205.12,1052090
2017-03-09 00:00:00 UTC,35.35,30383939.840000004,887512
2017-03-10 00:00:00 UTC,39.74,29573138.35,1930140
2017-03-11 00:00:00 UTC,40.16,33533367.06,1676830
2017-03-12 00:00:00 UTC,46.70000000000001,34167364.96,1850620
2017-03-13 00:00:00 UTC,45.11,40059540.20000001,5775450
2017-03-14 00:00:00 UTC,45.77,39020420.66,2436640
2017-03-15 00:00:00 UTC,47.73,39920868.62,2453360
2017-03-16 00:00:00 UTC,48.15,41871428.88,3882070
2017-03-17 00:00:00 UTC,65.62,42679245.15,5084060
2017-03-18 00:00:00 UTC,71.42,58652402.78,27404700
2017-03-19 00:00:00 UTC,72.41,64349848.52,13811800
2017-03-20 00:00:00 UTC,66.31,65763196.45999999,7571310
2017-03-21 00:00:00 UTC,69.48,60701433.89,6872830
2017-03-22 00:00:00 UTC,66.54,64095716.88,4373840
2017-03-23 00:00:00 UTC,64.33,61860175.26000001,2358350
2017-03-24 00:00:00 UTC,63.15,60261513.48,9321540
2017-03-25 00:00:00 UTC,59.94,59613978.9,4559840
2017-03-26 00:00:00 UTC,54.74,57010072.86,3204220
2017-03-27 00:00:00 UTC,63.97999999999999,52457670.44,3585640
2017-03-28 00:00:00 UTC,63.74,61769874.87999999,9378560
2017-03-29 00:00:00 UTC,67.35,61988361.06,2919460
2017-03-30 00:00:00 UTC,70.43,65985758.39999999,4495950
2017-03-31 00:00:00 UTC,64.61,69507789.58000001,6395870
2017-04-01 00:00:00 UTC,61.71,64233259.09,3411670
2017-04-02 00:00:00 UTC,63.7,61774425.24,4361880
2017-04-03 00:00:00 UTC,62.74,64230684.7,4425240
2017-04-04 00:00:00 UTC,59.11,63719120.44,5115000
2017-04-05 00:00:00 UTC,58.04,60449196.16,5395600
2017-04-06 00:00:00 UTC,59.88,59781548.24,5832680
2017-04-07 00:00:00 UTC,63.52,62106398.28,3294990
2017-04-08 00:00:00 UTC,66.49,66328790.88,3762280
2017-04-09 00:00:00 UTC,65.38,69586372.80999999,3928820
2017-04-10 00:00:00 UTC,61.91,69217413.72,4221170
2017-04-11 00:00:00 UTC,61.89,65987144.96,3185780
2017-04-12 00:00:00 UTC,64.65,66407598.66,3404260
2017-04-13 00:00:00 UTC,71.17,69828077.1,4370980
2017-04-14 00:00:00 UTC,73.06,77386272.48,5745280
2017-04-15 00:00:00 UTC,71.58,79969211.14,8401540
2017-04-16 00:00:00 UTC,70.28,78868204.02,3810090
2017-04-17 00:00:00 UTC,71.61,77934827.32,3198530
2017-04-18 00:00:00 UTC,70.13,79922560.41,3709130
2017-04-19 00:00:00 UTC,67.31,78766930.28,4601840
2017-04-20 00:00:00 UTC,67.93,76085137.39,5603260
2017-04-21 00:00:00 UTC,68.82,77276760.42,5118750
2017-04-22 00:00:00 UTC,66.29,78780387.42,4072940
2017-04-23 00:00:00 UTC,68.59,76360710.51,2680350
2017-04-24 00:00:00 UTC,69.06,79508224.79,4152290
2017-04-25 00:00:00 UTC,72.15,80543365.86,4857060
2017-04-26 00:00:00 UTC,76.54,84660377.1,7484170
2017-04-27 00:00:00 UTC,84.38,90368405.26,9224040
2017-04-28 00:00:00 UTC,96.11,100232386.22,10300800
2017-04-29 00:00:00 UTC,92.62,114853276.09,10685000
2017-04-30 00:00:00 UTC,89.13,111336742.22,12016900
2017-05-01 00:00:00 UTC,92.29,107752020.03,18997100
2017-05-02 00:00:00 UTC,91.46,112263309.51,9705020
2017-05-03 00:00:00 UTC,99.69,111896188.24,8821220
2017-05-04 00:00:00 UTC,104.22,122705330.61,9755060
2017-05-05 00:00:00 UTC,107.98,129017168.82,12206300
2017-05-06 00:00:00 UTC,102.93,134453348.62,7396210
2017-05-07 00:00:00 UTC,106.57,128902429.83,9428090
2017-05-08 00:00:00 UTC,94.17,134229604.08,11634600
2017-05-09 00:00:00 UTC,96.65,119282219.73,12588100
2017-05-10 00:00:00 UTC,95.12,123114606.35,7979380
2017-05-11 00:00:00 UTC,98.08,121841015.28,7457950
2017-05-12 00:00:00 UTC,96.83,126350971.52,7774870
2017-05-13 00:00:00 UTC,96.58,125426900.73,4827690
2017-05-14 00:00:00 UTC,93.42,125806943.02,5222890
2017-05-15 00:00:00 UTC,90.55,122365626.48,6380670
2017-05-16 00:00:00 UTC,93.17,119239047.05,5421670
2017-05-17 00:00:00 UTC,93.55,123356520.98,7994370
2017-05-18 00:00:00 UTC,103.09,124431416.3,7177290
2017-05-19 00:00:00 UTC,108.3,137820402.46,10478000
2017-05-20 00:00:00 UTC,118.91,145712884.8,7278790
2017-05-21 00:00:00 UTC,199.56,160826488.46,11380200
2017-05-22 00:00:00 UTC,255.03,271402797.36,102461000
2017-05-23 00:00:00 UTC,255.75,348197304.57,98681500
2017-05-24 00:00:00 UTC,226.74,351143215.5,54016500
2017-05-25 00:00:00 UTC,193.81,313271012.94,45862800
2017-05-26 00:00:00 UTC,191.29,269147629.39,29962300
2017-05-27 00:00:00 UTC,196.1,267010998.76,28003700
2017-05-28 00:00:00 UTC,204.84,275132025.9,17968500
2017-05-29 00:00:00 UTC,235.61,288871718.04,18753500
2017-05-30 00:00:00 UTC,235.87,333952200.34,35911200
2017-05-31 00:00:00 UTC,248.49,335998230.22,30511600
2017-06-01 00:00:00 UTC,241.39,355755429.81,23845200
2017-06-02 00:00:00 UTC,228.68,347319415.09,15700400
2017-06-03 00:00:00 UTC,238.35,330675624.92,18635400
2017-06-04 00:00:00 UTC,253.5,346350913.65,15864500
2017-06-05 00:00:00 UTC,259.84,370216216.5,43694100
2017-06-06 00:00:00 UTC,266.59,381326632.96,20731600
2017-06-07 00:00:00 UTC,272.99,393155202.04,50752200
2017-06-08 00:00:00 UTC,279.59,404545518.94,23612700
2017-06-09 00:00:00 UTC,332.8,416360115.79,16607600
2017-06-10 00:00:00 UTC,329.89,497950003.2,39176200
2017-06-11 00:00:00 UTC,308.85,495962893.91,38379200
2017-06-12 00:00:00 UTC,367.07,466550663.1,45996200
2017-06-13 00:00:00 UTC,388.78,557131871.67,44417100
2017-06-14 00:00:00 UTC,391.82,592906606.32,100846000
2017-06-15 00:00:00 UTC,384.48,600354048.58,67704400
2017-06-16 00:00:00 UTC,379.86,591832370.88,39598900
2017-06-17 00:00:00 UTC,377.05,587455769.16,27793400
2017-06-18 00:00:00 UTC,393.97,585349010.2,19804100
2017-06-19 00:00:00 UTC,401.35,611616362.68,29241200
2017-06-20 00:00:00 UTC,377.59,623073399.4,66396300
2017-06-21 00:00:00 UTC,378.61,586187329.96,31432200
2017-06-22 00:00:00 UTC,386.45,587770822.84,30168000
2017-06-23 00:00:00 UTC,362.85,599941983.8,24311600
2017-06-24 00:00:00 UTC,327.95,563304305.4,22311800
2017-06-25 00:00:00 UTC,304.65,509124009.8,27660100
2017-06-26 00:00:00 UTC,326.23,472952064.6,36083400
2017-06-27 00:00:00 UTC,343.47,506453806.12,42022700
2017-06-28 00:00:00 UTC,326.21,533217940.68,30899400
2017-06-29 00:00:00 UTC,304.46,506422757.24,27039400
2017-06-30 00:00:00 UTC,289.5,472657100.24,36840700
2017-07-01 00:00:00 UTC,300.76,449432538,25535500
2017-07-02 00:00:00 UTC,292.57,466913057.44,24712000
2017-07-03 00:00:00 UTC,282.53,454198541.08,28664900
2017-07-04 00:00:00 UTC,283.33,438612003.32,28478200
2017-07-05 00:00:00 UTC,288.01,439853958.52,38142800
2017-07-06 00:00:00 UTC,248.95,447119396.44,35353000
2017-07-07 00:00:00 UTC,248.42,420033170.05,37930200
2017-07-08 00:00:00 UTC,242.38,419138943.98,27034400
2017-07-09 00:00:00 UTC,192.67,413086779.72,17734600
2017-07-10 00:00:00 UTC,178.85,329772815.98,27158300
2017-07-11 00:00:00 UTC,210.11,307361594.4,38189100
2017-07-12 00:00:00 UTC,191.93,362611830.09,29442000
2017-07-13 00:00:00 UTC,177.78,332601446.83,27200700
2017-07-14 00:00:00 UTC,161.37,309358355.82,23119100
2017-07-15 00:00:00 UTC,163.43,281954700.72,14310700
2017-07-16 00:00:00 UTC,182.3,286732868.67,20031700
2017-07-17 00:00:00 UTC,199.2,321138586.2,29143700
2017-07-18 00:00:00 UTC,181,352346155.2,27840100
2017-07-19 00:00:00 UTC,207.14,321427764,21825600
2017-07-20 00:00:00 UTC,201.77,369360448.16,25922600
2017-07-21 00:00:00 UTC,216.47,361224997.37,20128600
2017-07-22 00:00:00 UTC,213.53,389092702.68,38395100
2017-07-23 00:00:00 UTC,206.9,385318942.07,24703000
2017-07-24 00:00:00 UTC,183.66,374855006.1,23284000
2017-07-25 00:00:00 UTC,189.49,334048889.04,24326000
2017-07-26 00:00:00 UTC,186.01,346036026.56,21248000
2017-07-27 00:00:00 UTC,176.95,341006366.69,19471100
2017-07-28 00:00:00 UTC,188.93,325659841.7,26105700
2017-07-29 00:00:00 UTC,176.11,349084827.42,31463500
2017-07-30 00:00:00 UTC,175.46,326636676.41,17767000
2017-07-31 00:00:00 UTC,192.77,326687921.24,27893000
2017-08-01 00:00:00 UTC,188.28,360293105.87,36608500
2017-08-02 00:00:00 UTC,186.25,353270893.68,29014000
2017-08-03 00:00:00 UTC,187.32,350779711.25,17412600
2017-08-04 00:00:00 UTC,205.96,354155434.08,18265100
2017-08-05 00:00:00 UTC,206.61,390869652.24,25218600
2017-08-06 00:00:00 UTC,208.19,393559818.84,17435400
2017-08-07 00:00:00 UTC,244.95,398076143.39,21640500
2017-08-08 00:00:00 UTC,243.43,470121757.2,39069300
2017-08-09 00:00:00 UTC,231.03,468942091.42,38267300
2017-08-10 00:00:00 UTC,234.25,446715218.43,20452400
2017-08-11 00:00:00 UTC,223.02,454630994.5,18834700
2017-08-12 00:00:00 UTC,212.7,434410845.12,19913500
2017-08-13 00:00:00 UTC,210.07,415864446.3,21015400
2017-08-14 00:00:00 UTC,211.83,412216369.67,18214300
2017-08-15 00:00:00 UTC,217.01,417142202.73,21174300
2017-08-16 00:00:00 UTC,217.05,428943268.06,17228100
2017-08-17 00:00:00 UTC,200.97,429044037.3,17150400
2017-08-18 00:00:00 UTC,201.9,400117403.07,17588600
2017-08-19 00:00:00 UTC,240.93,401994206.4,17680700
2017-08-20 00:00:00 UTC,238.27,483162467.58,30522700
2017-08-21 00:00:00 UTC,228.33,479501934.37,33126800
2017-08-22 00:00:00 UTC,229.22,461145314.52,26512800
2017-08-23 00:00:00 UTC,228.07,464570259.68,19834400
2017-08-24 00:00:00 UTC,237.41,463884344.92,15448900
2017-08-25 00:00:00 UTC,285.3,484567104.96,28203100
2017-08-26 00:00:00 UTC,274.11,584371145.7,62738100
2017-08-27 00:00:00 UTC,274.85,563438313.09,36241500
2017-08-28 00:00:00 UTC,271.02,566914130.35,35708000
2017-08-29 00:00:00 UTC,272.17,560955569.88,28571900
2017-08-30 00:00:00 UTC,283.37,565295456.98,29537200
2017-08-31 00:00:00 UTC,306.85,590569716.78,26721800
2017-09-01 00:00:00 UTC,252.59,641721235.15,45389600
2017-09-02 00:00:00 UTC,259.72,530071228.96,51848400
2017-09-03 00:00:00 UTC,220.94,546887469.32,34331700
2017-09-04 00:00:00 UTC,230.44,466775740.14,42291800
2017-09-05 00:00:00 UTC,247.31,488493855.64,31057200
2017-09-06 00:00:00 UTC,246.89,526054584.86,29380800
2017-09-07 00:00:00 UTC,213.56,526914119.34,27133200
2017-09-08 00:00:00 UTC,213.03,457329343.36,30735700
2017-09-09 00:00:00 UTC,210.56,457704328.32,24962700
2017-09-10 00:00:00 UTC,208.13,453921247.36,26448800
2017-09-11 00:00:00 UTC,206.38,450150016.03,22346800
2017-09-12 00:00:00 UTC,197.69,447866476.28,26212500
2017-09-13 00:00:00 UTC,158.83,430384770.61,32619500
2017-09-14 00:00:00 UTC,181.43,346953175.73,35353300
2017-09-15 00:00:00 UTC,172.089,397607292.17,46050300
2017-09-16 00:00:00 UTC,174.269,378390325.734,22690200
2017-09-17 00:00:00 UTC,193.106,384399249.089,17372900
2017-09-18 00:00:00 UTC,188.829,427366557.614,27597100
2017-09-19 00:00:00 UTC,188.066,419232292.101,19869000
2017-09-20 00:00:00 UTC,176.152,418875828.546,12243900
2017-09-21 00:00:00 UTC,196.055,393597375.688,17644500
2017-09-22 00:00:00 UTC,204,439490415.795,43579300
2017-09-23 00:00:00 UTC,206.496,458774376,29623900
2017-09-24 00:00:00 UTC,230.641,465853737.024,15145500
2017-09-25 00:00:00 UTC,231.828,522005393.121,32508700
2017-09-26 00:00:00 UTC,288.014,526320499.368,20588400
2017-09-27 00:00:00 UTC,312.148,656018416.234,130762000
2017-09-28 00:00:00 UTC,289.831,713166408.488,297820000
2017-09-29 00:00:00 UTC,277.422,664283667.239,71461300
2017-09-30 00:00:00 UTC,265.962,637833126.768,37355100
2017-10-01 00:00:00 UTC,258.282,613353319.578,32460800
2017-10-02 00:00:00 UTC,252.731,597517585.542,53506600
2017-10-03 00:00:00 UTC,237.789,586482756.711,36239700
2017-10-04 00:00:00 UTC,255.585,553541641.641,22292300
2017-10-05 00:00:00 UTC,258.748,596786118.885,47588200
2017-10-06 00:00:00 UTC,255.217,606005669.612,50066500
2017-10-07 00:00:00 UTC,241.243,599547864.673,30235200
2017-10-08 00:00:00 UTC,229.749,568469588.817,30371800
2017-10-09 00:00:00 UTC,236.18,543018883.719,33773100
2017-10-10 00:00:00 UTC,236.142,559936961.08,28198200
2017-10-11 00:00:00 UTC,227.309,561514741.398,20511300
2017-10-12 00:00:00 UTC,240.428,542133328.854,39113400
2017-10-13 00:00:00 UTC,240.889,575153304.168,62883700
2017-10-14 00:00:00 UTC,231.844,577966423.034,21225400
2017-10-15 00:00:00 UTC,232.656,557928180.964,25654900
2017-10-16 00:00:00 UTC,231.429,561525492.864,22176200
2017-10-17 00:00:00 UTC,229.775,560233140.324,60632300
2017-10-18 00:00:00 UTC,230.386,557898065.725,29238300
2017-10-19 00:00:00 UTC,222.797,560985532.666,30515600
2017-10-20 00:00:00 UTC,212.21,544127310.032,28960400
2017-10-21 00:00:00 UTC,213.939,519746005.26,37340300
2017-10-22 00:00:00 UTC,207.016,525553134.084,26328400
2017-10-23 00:00:00 UTC,215.96,510021385.896,26768800
2017-10-24 00:00:00 UTC,219.167,533611460.76,37735900
2017-10-25 00:00:00 UTC,234.593,543094510.998,44629900
2017-10-26 00:00:00 UTC,244.451,583014980.867,41529500
2017-10-27 00:00:00 UTC,232.341,609255983.144,131337000
2017-10-28 00:00:00 UTC,235.109,580729126.929,45298100
2017-10-29 00:00:00 UTC,243.37,589302119.154,59519300
2017-10-30 00:00:00 UTC,233.134,611763793.03,50055400
2017-10-31 00:00:00 UTC,222.302,587711930.146,39274100
2017-11-01 00:00:00 UTC,216.948,562008577.562,47556700
2017-11-02 00:00:00 UTC,232.647,549983573.112,47642800
2017-11-03 00:00:00 UTC,230.665,591480336.918,49079600
2017-11-04 00:00:00 UTC,225.371,588076034.865,36521800
2017-11-05 00:00:00 UTC,229.263,576218656.476,38284500
2017-11-06 00:00:00 UTC,241.423,587794566.972,47863900
2017-11-07 00:00:00 UTC,250.984,620709155.612,55303300
2017-11-08 00:00:00 UTC,260.859,647091717.496,60818700
2017-11-09 00:00:00 UTC,238.099,674406859.329,85653600
2017-11-10 00:00:00 UTC,252.649,617273086.094,79080900
2017-11-11 00:00:00 UTC,251.548,656784824.506,68221300
2017-11-12 00:00:00 UTC,266.189,655724258.288,93954900
2017-11-13 00:00:00 UTC,271.812,695806333.684,123140000
2017-11-14 00:00:00 UTC,290.439,712438007.028,52128100
2017-11-15 00:00:00 UTC,295.448,763366342.041,90002500
2017-11-16 00:00:00 UTC,291.518,778640204.288,174121000
2017-11-17 00:00:00 UTC,298.664,770381791.808,56954900
2017-11-18 00:00:00 UTC,298.473,791401659.184,61122700
2017-11-19 00:00:00 UTC,301.959,793014704.538,52930100
2017-11-20 00:00:00 UTC,290.794,804435685.704,54788700
2017-11-21 00:00:00 UTC,316.744,776796267.436,82949900
2017-11-22 00:00:00 UTC,315.417,848357310.536,136888000
2017-11-23 00:00:00 UTC,340.973,847082002.698,103359000
2017-11-24 00:00:00 UTC,345.195,918152999.912,151345000
2017-11-25 00:00:00 UTC,339.819,932011311.42,121696000
2017-11-26 00:00:00 UTC,343.953,919938966.936,81727700
2017-11-27 00:00:00 UTC,368.587,933537971.232,89287600
2017-11-28 00:00:00 UTC,303.566,1003074873.322,126515000
2017-11-29 00:00:00 UTC,311.802,828319598.146,157031000
2017-11-30 00:00:00 UTC,332.713,852994860.588,94067100
2017-12-01 00:00:00 UTC,328.108,912596491.422,78737100
2017-12-02 00:00:00 UTC,322.628,902307171.348,63270700
2017-12-03 00:00:00 UTC,328.71,889523788.732,84918700
2017-12-04 00:00:00 UTC,325.939,908618209.74,61296500
2017-12-05 00:00:00 UTC,336.423,903354279.816,85522800
2017-12-06 00:00:00 UTC,308.882,934551470.238,201406000
2017-12-07 00:00:00 UTC,328.928,860435290.008,125772000
2017-12-08 00:00:00 UTC,310.401,918661037.632,128207000
2017-12-09 00:00:00 UTC,291.83,869136457.644,130182000
2017-12-10 00:00:00 UTC,318.337,819248814.23,107962000
2017-12-11 00:00:00 UTC,373.749,895941659.628,116324000
2017-12-12 00:00:00 UTC,409.71,1054539904.731,191675000
2017-12-13 00:00:00 UTC,519.653,1158969620.76,263526000
2017-12-14 00:00:00 UTC,467.87,1473719798.757,424002000
2017-12-15 00:00:00 UTC,466.34,1330245176.78,220596000
2017-12-16 00:00:00 UTC,536.937,1329217762.46,149627000
2017-12-17 00:00:00 UTC,589.445,1534321102.728,305337000
2017-12-18 00:00:00 UTC,613.15,1688535346.455,342102000
2017-12-19 00:00:00 UTC,674.277,1760893835.15,287619000
2017-12-20 00:00:00 UTC,646.883,1941222580.413,305028000
2017-12-21 00:00:00 UTC,540.137,1867029833.302,278639000
2017-12-22 00:00:00 UTC,602.562,1562748134.428,351616000
2017-12-23 00:00:00 UTC,525.084,1747727465.628,234912000
2017-12-24 00:00:00 UTC,558.857,1526757342.096,140741000
2017-12-25 00:00:00 UTC,572.05,1628883173.333,139391000
2017-12-26 00:00:00 UTC,553.825,1671469462.7,139248000
2017-12-27 00:00:00 UTC,505.111,1622170593.575,143379000
2017-12-28 00:00:00 UTC,572.832,1483141770.859,128521000
2017-12-29 00:00:00 UTC,484.815,1686091466.592,227783000
2017-12-30 00:00:00 UTC,506.835,1430443748.61,143512000
2017-12-31 00:00:00 UTC,597.002,1499081591.385,96058400
2018-01-01 00:00:00 UTC,580.602,1770047647.788,234224000
2018-01-02 00:00:00 UTC,580.556,1725509082.462,207812000
2018-01-03 00:00:00 UTC,594.535,1729617979.664,152356000
2018-01-04 00:00:00 UTC,588.629,1775515756.79,165422000
2018-01-05 00:00:00 UTC,762.449,1761976148.924,160171000
2018-01-06 00:00:00 UTC,880.204,2287799894.706,297634000
2018-01-07 00:00:00 UTC,693.894,2647450304.876,546167000
2018-01-08 00:00:00 UTC,670.948,2092016857.236,283103000
2018-01-09 00:00:00 UTC,719.896,2027617604.012,212955000
2018-01-10 00:00:00 UTC,654.486,2180713282.576,243895000
2018-01-11 00:00:00 UTC,694.369,1987310087.784,223702000
2018-01-12 00:00:00 UTC,701.982,2113298858.489,182347000
2018-01-13 00:00:00 UTC,679.102,2141549825.058,152744000
2018-01-14 00:00:00 UTC,629.814,2076638908.738,143145000
2018-01-15 00:00:00 UTC,514.258,1930391876.466,156790000
2018-01-16 00:00:00 UTC,500.903,1579938911.402,285430000
2018-01-17 00:00:00 UTC,489.314,1542508748.768,172494000
2018-01-18 00:00:00 UTC,521.698,1510319528.284,128194000
2018-01-19 00:00:00 UTC,555.079,1614006317.688,162024000
2018-01-20 00:00:00 UTC,488.293,1721303309.474,126596000
2018-01-21 00:00:00 UTC,441.984,1517684958.192,95518800
2018-01-22 00:00:00 UTC,445.657,1376865904.896,77261700
2018-01-23 00:00:00 UTC,451.079,1391516742.858,79829800
2018-01-24 00:00:00 UTC,469.406,1411676990.924,78442500
2018-01-25 00:00:00 UTC,452.787,1472400351.786,84364100
2018-01-26 00:00:00 UTC,457.225,1423503012.903,87832700
2018-01-27 00:00:00 UTC,472.56,1439849990.85,69664600
2018-01-28 00:00:00 UTC,448.219,1492495226.64,74523200
2018-01-29 00:00:00 UTC,443.142,1418772700.964,74816400
2018-01-30 00:00:00 UTC,388.129,1402619320.998,74428500
2018-01-31 00:00:00 UTC,401.831,1231370690.949,77871000
2018-02-01 00:00:00 UTC,383.823,1277779985.914,78254200
2018-02-02 00:00:00 UTC,378.432,1222315433.163,116494000
2018-02-03 00:00:00 UTC,385.594,1208832527.808,110310000
2018-02-04 00:00:00 UTC,348.562,1234327266.964,53113200
2018-02-05 00:00:00 UTC,300.987,1118310984.072,45316000
2018-02-06 00:00:00 UTC,362.293,967851991.278,55965400
2018-02-07 00:00:00 UTC,371.056,1167650050.592,137746000
2018-02-08 00:00:00 UTC,434.634,1198555035.664,98757100
2018-02-09 00:00:00 UTC,494.168,1407027174.546,112153000
2018-02-10 00:00:00 UTC,467.799,1603355749.408,118295000
2018-02-11 00:00:00 UTC,444.89,1521127506.531,115201000
2018-02-12 00:00:00 UTC,461.07,1449871596.16,88247000
2018-02-13 00:00:00 UTC,447.192,1505891966.67,73794300
2018-02-14 00:00:00 UTC,482.757,1463706818.352,69817400
2018-02-15 00:00:00 UTC,485.232,1583602752.567,95047200
2018-02-16 00:00:00 UTC,487.869,1595148765.408,91753700
2018-02-17 00:00:00 UTC,490.941,1607623001.586,79307500
2018-02-18 00:00:00 UTC,449.37,1621010595.204,89131900
2018-02-19 00:00:00 UTC,482.53,1486895228.28,74820700
2018-02-20 00:00:00 UTC,438.566,1600132691.43,91750400
2018-02-21 00:00:00 UTC,443.276,1457439899.804,92509400
2018-02-22 00:00:00 UTC,392.401,1476350222.144,99813800
2018-02-23 00:00:00 UTC,421.15,1309616363.044,68166600
2018-02-24 00:00:00 UTC,392.78,1408675575.65,64805400
2018-02-25 00:00:00 UTC,391.651,1316492902.18,57393300
2018-02-26 00:00:00 UTC,404.238,1315558058.906,50062400
2018-02-27 00:00:00 UTC,408.966,1360738275.078,56278600
2018-02-28 00:00:00 UTC,385.412,1379593226.454,44954300
2018-03-01 00:00:00 UTC,401.567,1302834777.028,53119500
2018-03-02 00:00:00 UTC,387.844,1360330700.252,44157800
2018-03-03 00:00:00 UTC,387.667,1316684226.564,54698000
2018-03-04 00:00:00 UTC,409.291,1318855151.677,61064800
2018-03-05 00:00:00 UTC,392.234,1395362653.729,63635000
2018-03-06 00:00:00 UTC,383.557,1340016078.346,57541100
2018-03-07 00:00:00 UTC,347.421,1313071335.142,57591400
2018-03-08 00:00:00 UTC,318.174,1191829825.026,59471900
2018-03-09 00:00:00 UTC,312.339,1093812531.894,57599900
2018-03-10 00:00:00 UTC,287.946,1075962878.184,75673700
2018-03-11 00:00:00 UTC,308.858,994002261.624,51753000
2018-03-12 00:00:00 UTC,292.012,1068403446.748,55353100
2018-03-13 00:00:00 UTC,284.366,1012206743.828,51822900
2018-03-14 00:00:00 UTC,250.685,792625863.904,46337600
2018-03-15 00:00:00 UTC,242.991,872567050.735,52691100
2018-03-16 00:00:00 UTC,237.445,847526850.954,45521300
2018-03-17 00:00:00 UTC,220.638,829883571.92,43417800
2018-03-18 00:00:00 UTC,243.712,772706047.872,41220100
2018-03-19 00:00:00 UTC,251.256,855257059.328,59605100
2018-03-20 00:00:00 UTC,258.875,883527653.664,57957300
2018-03-21 00:00:00 UTC,259.732,912173503.25,54111500
2018-03-22 00:00:00 UTC,248.981,917050317.392,69590300
2018-03-23 00:00:00 UTC,256.866,880877598.311,49621100
2018-03-24 00:00:00 UTC,243.534,910630041.096,49636800
2018-03-25 00:00:00 UTC,239.636,865082936.004,45103500
2018-03-26 00:00:00 UTC,225.143,852946958.784,41496600
2018-03-27 00:00:00 UTC,216.646,802979488.933,52363100
2018-03-28 00:00:00 UTC,210.752,774221094.174,46920900
2018-03-29 00:00:00 UTC,186.299,754675303.488,65675300
2018-03-30 00:00:00 UTC,190.58,668453666.631,55229300
2018-03-31 00:00:00 UTC,185.535,685145772.48,44489300
2018-04-01 00:00:00 UTC,182.753,668365532.415,46055900
2018-04-02 00:00:00 UTC,193.89,659645856.982,44531300
2018-04-03 00:00:00 UTC,206.182,701255341.41,44433600
2018-04-04 00:00:00 UTC,183.405,747176558.158,48698900
2018-04-05 00:00:00 UTC,184.491,665960795.07,38157200
2018-04-06 00:00:00 UTC,175.633,671197814.046,36624300
2018-04-07 00:00:00 UTC,181.807,640242702.752,32598900
2018-04-08 00:00:00 UTC,182.863,664053521.833,34326500
2018-04-09 00:00:00 UTC,177.406,669208909.197,28448000
2018-04-10 00:00:00 UTC,179.248,650537867.264,33855700
2018-04-11 00:00:00 UTC,184.4368977283496,658520226.912,33267500
2018-04-12 00:00:00 UTC,214.75466936519987,678908716.2369981,34089454.83600333
2018-04-13 00:00:00 UTC,227.63876870437005,792072989.6249164,60635481.809793115
2018-04-14 00:00:00 UTC,220.38659597369968,841232012.9451697,63426803.72468433
2018-04-15 00:00:00 UTC,230.47601795731808,815980049.2730472,48567591.12230225
2018-04-16 00:00:00 UTC,224.29250195522133,854975219.0705749,46430165.5303634
2018-04-17 00:00:00 UTC,221.59565989335857,833690968.2100205,47378286.32861347
2018-04-18 00:00:00 UTC,246.45713604089823,825226447.7604052,46473221.35817488
2018-04-19 00:00:00 UTC,263.7499013328526,919594667.595418,64421773.46717655
2018-04-20 00:00:00 UTC,280.107127877863,986037182.3798108,67028726.654510856
2018-04-21 00:00:00 UTC,269.8240793570065,1049090548.07639,6428515.054831356
2018-04-22 00:00:00 UTC,271.4590544241625,1012553712.4545944,55233445.964130774
2018-04-23 00:00:00 UTC,297.8345180420006,1020667313.9600956,55472941.17317491
2018-04-24 00:00:00 UTC,317.94111080376763,1121948288.320059,70422644.02509373
2018-04-25 00:00:00 UTC,284.9000031171444,1199967299.5144746,93854047.94805464
2018-04-26 00:00:00 UTC,301.5309144587612,1077297794.8869174,76174602.29118136
2018-04-27 00:00:00 UTC,281.6126620868706,1142336602.0667806,58757571.91053607
2018-04-28 00:00:00 UTC,293.8232635161932,1068890709.8928986,49774923.3363475
2018-04-29 00:00:00 UTC,291.8408696979582,1117364034.7229743,49661691.19717558
2018-04-30 00:00:00 UTC,283.49540308975315,1111897370.4605176,50991914.96638081
2018-05-01 00:00:00 UTC,289.08206802031293,1082132004.1063154,59730137.94615613
2018-05-02 00:00:00 UTC,290.7378957428415,1105509379.015689,60590710.55444125
2018-05-03 00:00:00 UTC,305.2950694616771,1113978528.860859,48953401.56651904
2018-05-04 00:00:00 UTC,294.2383824632262,1171930382.53622,27226327.41806178
2018-05-05 00:00:00 UTC,305.52214897920015,1131558137.9680958,55035674.38228393
2018-05-06 00:00:00 UTC,290.63846969030743,1177148120.9348545,54466464.36546951
2018-05-07 00:00:00 UTC,280.0447772688765,1121858970.8736625,52272641.52382916
2018-05-08 00:00:00 UTC,273.1125422351108,1083022417.9715,50945805.70351552
2018-05-09 00:00:00 UTC,274.25004897339636,1058131871.0552129,46719395.33415335
2018-05-10 00:00:00 UTC,261.62771462091456,1064551272.9116144,42283766.98640628
2018-05-11 00:00:00 UTC,238.08681400848616,1017409680.7517306,32831731.519515127
2018-05-12 00:00:00 UTC,246.77852573270704,927534145.8864976,39300793.4753963
2018-05-13 00:00:00 UTC,260.19297064203056,963190467.226828,26524054.16290878
2018-05-14 00:00:00 UTC,312.1651540770344,1017395170.3620024,22576864.76846349
2018-05-15 00:00:00 UTC,354.93659350645856,1222885529.7424393,296471318.2861166
2018-05-16 00:00:00 UTC,367.3118881430407,1392693550.5395138,424732538.4392467
2018-05-17 00:00:00 UTC,314.1842361390756,1444134897.9196832,298437097.7480677
2018-05-18 00:00:00 UTC,358.6517322382209,1237554033.288536,125335924.23393546
2018-05-19 00:00:00 UTC,342.2395440602857,1415300257.891835,232784208.27275705
2018-05-20 00:00:00 UTC,349.29408152373543,1352939226.581971,143202520.24877748
2018-05-21 00:00:00 UTC,328.17055628309197,1383359562.0826683,114698528.4200321
2018-05-22 00:00:00 UTC,313.5119818592394,1302014630.9871907,79791145.67275888
2018-05-23 00:00:00 UTC,287.52681726121915,1246078844.748073,131499482.09128807
2018-05-24 00:00:00 UTC,296.14041896678776,1144897642.5246248,129212018.3454294
2018-05-25 00:00:00 UTC,282.41071798064036,1181246754.0523417,94187611.58686502
2018-05-26 00:00:00 UTC,272.58623911903,1128560885.8592982,58182991.02688978
2018-05-27 00:00:00 UTC,261.95133118145435,1091208714.1213284,48672550.21595065
2018-05-28 00:00:00 UTC,229.05185610818305,1050534530.1575642,47630849.475268744
2018-05-29 00:00:00 UTC,246.6961898271418,920260210.7117465,66337541.33157371
2018-05-30 00:00:00 UTC,240.88521035931805,992885864.4532298,52131949.50172378
2018-05-31 00:00:00 UTC,240.04729238086944,971190452.3987452,40189854.12974522
2018-06-01 00:00:00 UTC,239.0812144183707,969582520.1334568,50717880.78494143
2018-06-02 00:00:00 UTC,245.73781927777335,967380869.5827425,55928093.095132425
2018-06-03 00:00:00 UTC,251.79240154820377,996093642.858343,65933183.89650462
2018-06-04 00:00:00 UTC,234.62617543751637,1022432946.8341652,59578715.42692991
2018-06-05 00:00:00 UTC,238.13791899264783,954402091.5495536,57559854.888953686
2018-06-06 00:00:00 UTC,235.35950773574615,970407554.8090588,44430004.5300279
2018-06-07 00:00:00 UTC,236.07548400009424,960762517.5250129,52152043.77713728
2018-06-08 00:00:00 UTC,234.7945182136136,965390854.0804604,49120587.47670253
2018-06-09 00:00:00 UTC,228.10013989012268,961303053.798871,44015120.83007632
2018-06-10 00:00:00 UTC,200.2056246191925,936073077.2034626,44873197.450140506
2018-06-11 00:00:00 UTC,206.14654436094716,822125628.221406,34177373.056970105
2018-06-12 00:00:00 UTC,196.3006717843858,848905027.5988691,49621287.56251481
2018-06-13 00:00:00 UTC,186.097861680025,809793026.9161335,56695273.97678484
2018-06-14 00:00:00 UTC,199.1732053172558,769020335.6018158,51460627.81489882
2018-06-15 00:00:00 UTC,192.52656092552863,824498645.5638453,61305077.95848307
2018-06-16 00:00:00 UTC,193.27715454917535,798343873.7348608,49863319.25511867
2018-06-17 00:00:00 UTC,188.78485551961208,802835852.5485805,26226717.159494832
2018-06-18 00:00:00 UTC,196.86249191169188,785532603.9117589,25445127.768710483
2018-06-19 00:00:00 UTC,197.6469715775636,820551165.271144,33687441.727561645
2018-06-20 00:00:00 UTC,194.2597389014308,825241576.895663,41978990.79302794
2018-06-21 00:00:00 UTC,190.25690234234165,812499856.8188113,41698334.10108464
2018-06-22 00:00:00 UTC,168.83701268662753,797139558.5395826,39119249.5745963
2018-06-23 00:00:00 UTC,170.86775436017874,708593113.7758363,44381171.43814152
2018-06-24 00:00:00 UTC,167.1967057416284,718322699.7128676,35655672.0794953
2018-06-25 00:00:00 UTC,177.37559469391954,704097722.2397346,37063341.96383691
2018-06-26 00:00:00 UTC,162.7591900882575,748224579.6948276,45950597.151131615
2018-06-27 00:00:00 UTC,166.28440510791307,687758285.371755,37216740.54304303
2018-06-28 00:00:00 UTC,150.44436503972554,703808098.1170293,33611073.58981594
2018-06-29 00:00:00 UTC,161.8434770065178,637883167.4911548,29548790.614595145
2018-06-30 00:00:00 UTC,162.5878181768405,687330027.9337865,31061951.80494556
2018-07-01 00:00:00 UTC,166.97329176740237,691692274.0004145,35046095.770210706
2018-07-02 00:00:00 UTC,183.27732382111049,711549377.7852703,35264691.998458706
2018-07-03 00:00:00 UTC,176.9109328386865,782334148.0129706,43766978.95727025
2018-07-04 00:00:00 UTC,180.25402733432253,756423604.0050231,36568998.90277067
2018-07-05 00:00:00 UTC,174.65727890031334,771999834.3811325,35611326.44651567
2018-07-06 00:00:00 UTC,176.0993486452202,749267718.7944199,36705295.78430488
2018-07-07 00:00:00 UTC,173.0623672421859,756733020.3773112,45025030.744254135
2018-07-08 00:00:00 UTC,172.27724926365235,744906939.1215645,34030741.98168596
2018-07-09 00:00:00 UTC,167.27412039156417,742752902.276887,30159544.385961745
2018-07-10 00:00:00 UTC,161.19651184972358,722397334.5657762,32014823.37729886
2018-07-11 00:00:00 UTC,158.31840791748922,697282713.917354,47678962.15023885
2018-07-12 00:00:00 UTC,154.46057360887227,685982777.1159365,34307855.88085347
2018-07-13 00:00:00 UTC,175.04775365495786,670386885.4414723,36124042.02055883
2018-07-14 00:00:00 UTC,171.74709133618128,761001510.1911035,80065911.34582797
2018-07-15 00:00:00 UTC,173.97199883877155,747869488.9654388,52723130.59261627
2018-07-16 00:00:00 UTC,187.1066122416599,758797357.4601787,35213552.53103187
2018-07-17 00:00:00 UTC,207.7485445551917,817432536.9776902,51987303.78719922
2018-07-18 00:00:00 UTC,207.82202317407996,909119316.8291502,88623083.49821891
2018-07-19 00:00:00 UTC,199.84569864137933,910931986.4148514,96090213.3750496
2018-07-20 00:00:00 UTC,184.3408170079907,877396310.1370293,93310814.86766528
2018-07-21 00:00:00 UTC,191.46587134434253,810653720.4840208,51213276.75615326
2018-07-22 00:00:00 UTC,190.44574953882088,843341346.8785542,32863700.42696787
2018-07-23 00:00:00 UTC,191.96130497770395,840233553.819997,40438218.14737173
2018-07-24 00:00:00 UTC,222.366622395333,848311799.683001,97954076.67545296
2018-07-25 00:00:00 UTC,220.18013446699135,984248872.5859528,168858117.8133028
2018-07-26 00:00:00 UTC,218.90947732063583,976125966.2583532,111662575.43748356
2018-07-27 00:00:00 UTC,217.43710185945636,972063429.4895838,125319498.69340196
2018-07-28 00:00:00 UTC,221.06495012329,967061023.3931384,109692017.9245438
2018-07-29 00:00:00 UTC,217.94186535970056,984782178.2820346,120321743.30433342
2018-07-30 00:00:00 UTC,213.251833698124,972463413.9182764,147570998.85340038
2018-07-31 00:00:00 UTC,208.4937698480391,953050434.1000892,151055580.30056068
2018-08-01 00:00:00 UTC,197.41885865295455,933292389.7453316,142265191.4158825
2018-08-02 00:00:00 UTC,186.34504116543908,885136089.8455878,143996647.58597174
2018-08-03 00:00:00 UTC,185.46544136501493,836825499.6441737,116811877.42652927
2018-08-04 00:00:00 UTC,175.3273623889312,834196894.602641,119803775.54835962
2018-08-05 00:00:00 UTC,179.0624689704852,789844288.5820603,85477504.78065243
2018-08-06 00:00:00 UTC,181.24564899396364,807977983.033365,82973759.71063946
2018-08-07 00:00:00 UTC,177.4997533439223,819097797.5718888,108407528.61149403
2018-08-08 00:00:00 UTC,160.42709673075154,803467055.3662235,90110379.2262156
2018-08-09 00:00:00 UTC,174.15590505625212,727317299.085308,98911619.90091148
2018-08-10 00:00:00 UTC,160.416171825155,790812576.0514627,87047850.36665154
2018-08-11 00:00:00 UTC,155.99649677432566,729559715.6468441,79680722.17989556
2018-08-12 00:00:00 UTC,157.77900896951863,710592317.1720937,84509452.72934249
2018-08-13 00:00:00 UTC,142.99555948699174,719859825.5917864,90212466.55006132
2018-08-14 00:00:00 UTC,133.63211864730047,653419102.7980555,86963907.67407832
2018-08-15 00:00:00 UTC,135.7175860818288,611583259.80346,67899271.61807021
2018-08-16 00:00:00 UTC,141.1737138866969,621364738.4326077,82220180.2957136
2018-08-17 00:00:00 UTC,151.40857940858896,641373813.9328201,82469982.30679244
2018-08-18 00:00:00 UTC,142.953648086186,696274767.8073522,50803407.903559744
2018-08-19 00:00:00 UTC,143.72174770030625,658405258.7150922,69826501.81221284
2018-08-20 00:00:00 UTC,130.53398932252838,662894952.72342,89460072.82790609
2018-08-21 00:00:00 UTC,134.31427411113194,603047087.1463014,80980028.09966414
2018-08-22 00:00:00 UTC,127.45725515869348,621045772.3191483,58893130.7135854
2018-08-23 00:00:00 UTC,132.23894236324827,599960439.6752894,28145562.82011045
2018-08-24 00:00:00 UTC,140.62063468498312,613734291.0486362,82640089.37678778
2018-08-25 00:00:00 UTC,139.2163082439954,653646017.3272401,98125967.38722034
2018-08-26 00:00:00 UTC,135.58800371701594,648409849.5240552,91387993.30294555
2018-08-27 00:00:00 UTC,150.96696901540395,632200252.9561675,111292839.88841802
2018-08-28 00:00:00 UTC,155.63981308252437,705966914.1833907,128037703.32623588
2018-08-29 00:00:00 UTC,153.69755182687257,728016184.8838091,97739239.56819773
2018-08-30 00:00:00 UTC,150.0862281937028,719937676.6529288,79328232.79911129
2018-08-31 00:00:00 UTC,150.0199989830385,703963738.0435262,111647007.61672533
2018-09-01 00:00:00 UTC,157.68059491515294,705600118.2130007,113004758.50574246
2018-09-02 00:00:00 UTC,155.00694882128508,742011177.0432009,137788531.3047697
2018-09-03 00:00:00 UTC,157.22727647816075,731358658.7406156,115246757.60374586
2018-09-04 00:00:00 UTC,156.37293566171547,742168497.8397183,97143249.17929156
2018-09-05 00:00:00 UTC,131.58037279458964,739478739.6932482,103697322.45271298
2018-09-06 00:00:00 UTC,130.87540145823007,622934826.7644217,122194335.28197876
2018-09-07 00:00:00 UTC,125.5057746038358,621594890.800692,93446740.70826872
2018-09-08 00:00:00 UTC,121.04936362341772,594356911.322623,88995414.97169636
2018-09-09 00:00:00 UTC,119.39347784711508,575859240.1170434,74855261.80822428
2018-09-10 00:00:00 UTC,119.34213588477157,569055507.973155,97287814.36233231
2018-09-11 00:00:00 UTC,112.481957001165,569295280.7479941,84102836.86287883
2018-09-12 00:00:00 UTC,111.43833098854162,537738026.7362113,72813011.12391765
2018-09-13 00:00:00 UTC,118.65966281113234,530407080.1006696,85948930.88834023
2018-09-14 00:00:00 UTC,119.28567609508632,568580070.9229405,90781882.63241364
2018-09-15 00:00:00 UTC,120.64462472651736,572615933.1359727,81610896.72216693
2018-09-16 00:00:00 UTC,118.99475454245577,579842307.7505137,82784547.39260358
2018-09-17 00:00:00 UTC,107.64731785427716,572772725.9205773,83828691.23137404
2018-09-18 00:00:00 UTC,112.23362189118836,518956735.60100734,79548634.09028454
2018-09-19 00:00:00 UTC,114.27360250974284,541742847.2925755,94895703.20030116
2018-09-20 00:00:00 UTC,119.9998987672347,549344849.2888476,81891860.70184232
2018-09-21 00:00:00 UTC,126.24026523171116,580889869.7928673,91628085.4201232
2018-09-22 00:00:00 UTC,124.5755080199933,612187307.5324239,123629703.95746724
2018-09-23 00:00:00 UTC,131.1424885329771,603603295.3336616,84877123.45814344
2018-09-24 00:00:00 UTC,138.35183941561098,636103394.4069948,119650746.75425568
2018-09-25 00:00:00 UTC,135.30207852783712,674664614.0998455,140459483.69953546
2018-09-26 00:00:00 UTC,132.49799611412823,659153317.4146227,109571402.06383765
2018-09-27 00:00:00 UTC,144.07608611540786,647469960.719098,113726798.7616919
2018-09-28 00:00:00 UTC,135.9637322488931,704789581.8039442,121565634.1133353
2018-09-29 00:00:00 UTC,133.45650174297722,666123573.3262676,152540988.43066627
2018-09-30 00:00:00 UTC,131.79331216683246,655192903.6558161,135245821.19127613
2018-10-01 00:00:00 UTC,127.63814689485072,647366362.472917,144576084.39814508
2018-10-02 00:00:00 UTC,126.11657922694116,627904552.4011977,140769279.20352924
2018-10-03 00:00:00 UTC,121.97969109176616,622186772.1653732,133656696.6323122
2018-10-04 00:00:00 UTC,124.31904484104292,601968501.0012676,136371502.258049
2018-10-05 00:00:00 UTC,128.14562432714774,614430562.2522192,164352949.70668337
2018-10-06 00:00:00 UTC,125.64780246812224,636521900.3886585,143819984.30234265
2018-10-07 00:00:00 UTC,125.64051606189985,625660756.0163652,144303668.41277954
2018-10-08 00:00:00 UTC,127.1555548484432,623551040.0834633,139532277.3546988
2018-10-09 00:00:00 UTC,126.29868046842071,632203345.0207975,168221548.98135394
2018-10-10 00:00:00 UTC,123.76143179544324,628769809.3299937,186903197.10989967
2018-10-11 00:00:00 UTC,110.71377446263132,617780107.2127634,175522927.36618584
2018-10-12 00:00:00 UTC,109.22983222539597,553071873.1826984,307877775.0377719
2018-10-13 00:00:00 UTC,112.58962281756148,547917690.2646595,118287287.29699712
2018-10-14 00:00:00 UTC,109.92117623653262,563733217.5853037,215486962.65484548
2018-10-15 00:00:00 UTC,113.30739506055556,551545411.7272333,231972234.57711133
2018-10-16 00:00:00 UTC,115.85271055509246,569051275.5401117,212858714.92541623
2018-10-17 00:00:00 UTC,119.4344680894539,582714103.11144,217012758.50620195
2018-10-18 00:00:00 UTC,118.16273879950892,611198156.0450932,243502354.2872626
2018-10-19 00:00:00 UTC,119.99186606027185,595223176.9189786,183465492.7291364
2018-10-20 00:00:00 UTC,125.71531439283022,607676231.9584924,171900565.07854524
2018-10-21 00:00:00 UTC,125.19136354908863,633982521.4979692,221143751.86057937
2018-10-22 00:00:00 UTC,122.2538743843069,632557591.2962592,247080755.32610613
2018-10-23 00:00:00 UTC,119.71319545889786,619988365.4252803,202825734.96458092
2018-10-24 00:00:00 UTC,124.37645876109596,607971693.4202008,359184961.60716677
2018-10-25 00:00:00 UTC,124.38719604874696,632484915.3601186,284366623.92757833
2018-10-26 00:00:00 UTC,120.82153465286126,633225997.5860116,223258020.70928377
2018-10-27 00:00:00 UTC,118.93465653616168,616097839.5827031,179071450.5510324
2018-10-28 00:00:00 UTC,122.4153276527314,606948139.6021328,219658880.2849287
2018-10-29 00:00:00 UTC,114.86762415021452,626017862.3928243,331095883.98056066
2018-10-30 00:00:00 UTC,114.80851880531442,588277057.6251109,276817805.34331495
2018-10-31 00:00:00 UTC,115.44472665665307,588140571.5699445,395124490.6416273
2018-11-01 00:00:00 UTC,116.07935367391887,592884999.510745,393518289.4110229
2018-11-02 00:00:00 UTC,119.0487131424828,596786215.9026909,547369379.7798712
2018-11-03 00:00:00 UTC,117.36609838883832,613292733.3497562,332946324.0397388
2018-11-04 00:00:00 UTC,120.96041032319718,604325792.3239332,522678094.6785792
2018-11-05 00:00:00 UTC,122.15393272935432,643759558.4493722,655134068.0165939
2018-11-06 00:00:00 UTC,130.53678062025838,631711688.8108499,712238433.8736458
2018-11-07 00:00:00 UTC,129.0269370366682,675437137.5153803,624349628.3958981
2018-11-08 00:00:00 UTC,136.52538270674825,669151198.7092412,775022275.2087181
2018-11-09 00:00:00 UTC,134.29488932716373,708899586.9863127,935373051.214348
2018-11-10 00:00:00 UTC,130.65596707331684,700510614.9726425,496527573.9028104
2018-11-11 00:00:00 UTC,129.7320230971136,681094380.6862127,705521087.7679206
2018-11-12 00:00:00 UTC,134.66011649795388,676201659.6235595,722136450.2617337
2018-11-13 00:00:00 UTC,129.18945191628364,701810476.3971664,356684231.15425485
2018-11-14 00:00:00 UTC,112.21964508515237,671597264.0902749,267918908.12327844
2018-11-15 00:00:00 UTC,112.63382296331874,590007984.6857055,222924302.55118147
2018-11-16 00:00:00 UTC,111.00995295728256,592064739.9777447,553803991.435868
2018-11-17 00:00:00 UTC,112.80984311434676,582471116.2916342,246030478.63322657
2018-11-18 00:00:00 UTC,113.9733731231723,594489439.2098978,275473587.9703198
2018-11-19 00:00:00 UTC,99.75871378970224,600029879.6936264,178772709.52968615
2018-11-20 00:00:00 UTC,85.71382587817928,525061981.4167332,255702968.4962353
2018-11-21 00:00:00 UTC,85.86922129448854,446281843.1378895,122434625.43823494
2018-11-22 00:00:00 UTC,78.29899502251534,453960359.2887412,119223433.6557152
2018-11-23 00:00:00 UTC,78.36043172124398,414620205.290332,111274158.0062407
2018-11-24 00:00:00 UTC,67.73817254730099,415991748.406342,121140489.99490656
2018-11-25 00:00:00 UTC,70.8197070336393,360943922.34331435,119539694.73722392
2018-11-26 00:00:00 UTC,67.17895884666227,375927704.80418,114822683.12266818
2018-11-27 00:00:00 UTC,73.35194722832479,357211427.6319714,441941413.26227623
2018-11-28 00:00:00 UTC,79.93049917919572,390564905.03063166,515057139.9826573
2018-11-29 00:00:00 UTC,88.89181538372685,426325019.3462172,204496490.9696227
2018-11-30 00:00:00 UTC,81.29294524455345,473706669.348211,552529909.02954
2018-12-01 00:00:00 UTC,79.94822221596412,434774262.0263318,178430088.51863796
2018-12-02 00:00:00 UTC,79.21596861724663,428374067.1900793,207708297.74669853
2018-12-03 00:00:00 UTC,70.94264530591049,425013970.7234864,201591094.9772548
2018-12-04 00:00:00 UTC,74.66275901287383,381126503.5515424,154041068.89766416
2018-12-05 00:00:00 UTC,66.32181616468692,401656410.2549681,167012737.75849918
2018-12-06 00:00:00 UTC,58.172357944761266,357256970.6683721,163749875.76362035
2018-12-07 00:00:00 UTC,58.833158594952145,314578602.2004928,231732218.22272655
2018-12-08 00:00:00 UTC,56.64848343815022,317756786.4496129,191859980.4314184
2018-12-09 00:00:00 UTC,59.650796966393166,306370222.7134404,137827701.82351544
2018-12-10 00:00:00 UTC,55.4785699459977,323025842.3596658,159464611.7159699
2018-12-11 00:00:00 UTC,53.45064006940029,300831505.30898607,155736858.963476
2018-12-12 00:00:00 UTC,54.72480653656138,290220606.3183223,222887416.59397173
2018-12-13 00:00:00 UTC,51.46521345404861,297712471.33595455,162741668.69145772
2018-12-14 00:00:00 UTC,48.94479431057336,279980104.5750126,140874911.00448045
2018-12-15 00:00:00 UTC,49.695856686577926,267882401.60648617,144652207.7846554
2018-12-16 00:00:00 UTC,50.95553990204273,272408253.79535455,101702991.91814528
2018-12-17 00:00:00 UTC,55.67540800682308,279942717.49186814,107511239.69617864
2018-12-18 00:00:00 UTC,57.817663179301775,304849405.836416,176676424.1669071
2018-12-19 00:00:00 UTC,56.807384330356435,316845491.90770704,162387693.0357035
2018-12-20 00:00:00 UTC,63.633302564650386,312181916.1485291,143879402.3367965
2018-12-21 00:00:00 UTC,60.71807250595152,348253693.24337995,176180825.26817274
2018-12-22 00:00:00 UTC,62.52330831864266,334205219.99986565,148209869.29556924
2018-12-23 00:00:00 UTC,64.27170157183569,343910743.99712366,138306192.9703201
2018-12-24 00:00:00 UTC,67.37729213532555,353555399.1669064,119487464.48237117
2018-12-25 00:00:00 UTC,60.320968239234205,372647243.35398304,268408149.91017357
2018-12-26 00:00:00 UTC,60.144484894317294,332522563.66444016,144258429.863062
2018-12-27 00:00:00 UTC,56.098802613174016,333077336.07842773,412133338.8152935
2018-12-28 00:00:00 UTC,61.91993692247013,310742043.2740916,508856619.3379384
2018-12-29 00:00:00 UTC,59.87254594187924,343556982.19457465,745937689.0130777
2018-12-30 00:00:00 UTC,59.38204828086763,336857189.66702044,645645579.2019107
2018-12-31 00:00:00 UTC,56.26094475795592,330522334.8410365,603890522.5153058
2019-01-01 00:00:00 UTC,58.94941208974131,313617427.7315575,523496001.0502628
2019-01-02 00:00:00 UTC,60.19461778140825,328445238.4613784,178017928.92493078
2019-01-03 00:00:00 UTC,57.241993356662284,336407881.1995356,198845009.3403161
2019-01-04 00:00:00 UTC,57.97923150892718,320079321.1941589,111889454.16617964
2019-01-05 00:00:00 UTC,57.17296628160886,325026127.73617417,229378864.04774448
2019-01-06 00:00:00 UTC,60.4912528881379,320791648.8425366,286859870.858937
2019-01-07 00:00:00 UTC,60.51141423214077,340754901.4601049,308153138.2725033
2019-01-08 00:00:00 UTC,59.67016991688565,339989034.51738524,820164353.105679
2019-01-09 00:00:00 UTC,59.768469214294576,335968043.5157189,879199633.5020419
2019-01-10 00:00:00 UTC,54.47270458785039,336150790.2753556,649052258.8180985
2019-01-11 00:00:00 UTC,55.84429934159673,307487951.82762396,611892969.2467748
2019-01-12 00:00:00 UTC,55.72048811736718,316120951.3530211,855819627.8280632
2019-01-13 00:00:00 UTC,52.655485354370285,315324680.02753603,811688590.333704
2019-01-14 00:00:00 UTC,55.35369206725517,298356822.9094118,756755997.1268171
2019-01-15 00:00:00 UTC,53.10836208297867,314752545.45734465,924555189.2731324
2019-01-16 00:00:00 UTC,53.16115208960466,301641654.97717506,656829316.6626184
2019-01-17 00:00:00 UTC,53.86491366223253,302442882.2573554,226538737.77241585
2019-01-18 00:00:00 UTC,52.65710663836656,307246120.093914,273375134.5386255
2019-01-19 00:00:00 UTC,53.28341375309433,300223842.32753557,842022857.3236319
2019-01-20 00:00:00 UTC,52.12886778396909,304259402.2723964,884859665.4278738
2019-01-21 00:00:00 UTC,51.59904770228069,298456520.8000813,523867717.33107954
2019-01-22 00:00:00 UTC,51.93653782635196,295334865.09850603,659807202.9952344
2019-01-23 00:00:00 UTC,51.812550129966525,297638235.57861924,597551248.6417062
2019-01-24 00:00:00 UTC,52.57169287767045,297309310.14649284,536343253.2234102
2019-01-25 00:00:00 UTC,51.86951633890501,302048439.94808704,697492006.5466503
2019-01-26 00:00:00 UTC,51.659415042514354,298359317.91080976,815667890.8744396
2019-01-27 00:00:00 UTC,50.98820935998713,297448534.3216125,639139749.2275492
2019-01-28 00:00:00 UTC,48.918923871350415,293953442.07517153,258720338.73566192
2019-01-29 00:00:00 UTC,48.48927881486722,282448388.39167726,662740424.3486342
2019-01-30 00:00:00 UTC,49.17801029376139,279966760.1628361,119461763.65676711
2019-01-31 00:00:00 UTC,48.435558700228576,284326945.4139412,621424175.3959751
2019-02-01 00:00:00 UTC,47.83645553861621,280700106.94664407,699718388.8715564
2019-02-02 00:00:00 UTC,48.540691094028645,277722482.7708366,711891209.503325
2019-02-03 00:00:00 UTC,47.89250093283492,282004122.6351042,467049865.07297075
2019-02-04 00:00:00 UTC,48.55786968537255,278576609.5041517,374491934.3107247
2019-02-05 00:00:00 UTC,48.20798950626809,282795873.77395564,137484350.00133666
2019-02-06 00:00:00 UTC,46.55368510879128,281101088.11098367,145105669.71604577
2019-02-07 00:00:00 UTC,46.498103426515016,272346113.82950085,143360608.1113819
2019-02-08 00:00:00 UTC,49.59154252598912,271237194.3134805,212349977.61196736
2019-02-09 00:00:00 UTC,50.00325263575207,290541289.90751463,226340742.8852688
2019-02-10 00:00:00 UTC,50.01863447786086,293003121.9087295,155771257.83846256
2019-02-11 00:00:00 UTC,50.81256811120589,293387769.7639985,253275559.2806921
2019-02-12 00:00:00 UTC,53.54705134115692,298458335.459163,298897592.5208634
2019-02-13 00:00:00 UTC,52.792428431506686,314920583.6785412,189102500.94972903
2019-02-14 00:00:00 UTC,51.34171490017734,311080058.84537333,189082001.93932816
2019-02-15 00:00:00 UTC,50.78923220635192,302689251.70833117,278649232.7270736
2019-02-16 00:00:00 UTC,50.92421518414033,299792648.6463296,241404040.06048423
2019-02-17 00:00:00 UTC,51.59763577016944,301265876.2245869,320250761.27873445
2019-02-18 00:00:00 UTC,54.592013251475926,305302888.36686903,256937768.83568665
2019-02-19 00:00:00 UTC,54.80849387129326,323414346.1044765,160314174.11906326
2019-02-20 00:00:00 UTC,54.652330438798536,325182252.5095694,294223006.26408714
2019-02-21 00:00:00 UTC,52.65830311204847,324421357.14068675,179195338.97457042
2019-02-22 00:00:00 UTC,53.331309251337125,317185167.66314906,337951370.96344304
2019-02-23 00:00:00 UTC,56.282535395165795,317477617.44569886,216708254.13620323
2019-02-24 00:00:00 UTC,51.08644268477171,335446373.3161116,174586971.7021405
2019-02-25 00:00:00 UTC,51.94509972940668,306494758.9258975,182485805.8365793
2019-02-26 00:00:00 UTC,52.014961014066614,310277889.540951,182821008.4234956
2019-02-27 00:00:00 UTC,52.23308568049206,311123263.090057,143652622.19278634
2019-02-28 00:00:00 UTC,50.92449147624831,312806647.9308353,220817715.60872048
2019-03-01 00:00:00 UTC,51.304868698643695,305484600.07547814,247217911.74378613
2019-03-02 00:00:00 UTC,50.94442547725999,307978958.2773763,215193124.6741002
2019-03-03 00:00:00 UTC,50.308872687512526,306260084.9691062,249312535.30788073
2019-03-04 00:00:00 UTC,48.267576839108386,302730811.523018,157275718.52616033
2019-03-05 00:00:00 UTC,50.47049198958115,291033415.96905625,170828709.68540347
2019-03-06 00:00:00 UTC,50.159465410354315,304504514.2070215,172874751.9101237
2019-03-07 00:00:00 UTC,50.22737653390337,302907682.1699298,160699613.7918249
2019-03-08 00:00:00 UTC,49.021699880728406,303674404.6028764,184849325.973698
2019-03-09 00:00:00 UTC,51.24005847326488,296733572.6320714,230435193.12964648
2019-03-10 00:00:00 UTC,50.34893767374096,310767020.19857794,202403623.5459772
2019-03-11 00:00:00 UTC,49.21953495846478,307137482.4437579,218825390.5781907
2019-03-12 00:00:00 UTC,53.40346142221567,299004617.7869481,230354979.35419413
2019-03-13 00:00:00 UTC,51.11839884501097,323754821.4800364,235003139.3651243
2019-03-14 00:00:00 UTC,52.14686059311291,310056840.4250977,222458548.0408444
2019-03-15 00:00:00 UTC,52.947515532421896,317650006.7645046,229003972.9382169
2019-03-16 00:00:00 UTC,54.300703809733605,323140056.55585885,207312900.96531895
2019-03-17 00:00:00 UTC,53.28359488946146,332085942.2511658,115617811.46487346
2019-03-18 00:00:00 UTC,53.70347185045631,325971383.3429181,79521801.63541615
2019-03-19 00:00:00 UTC,56.09583409042042,329274174.01598674,157426026.77892384
2019-03-20 00:00:00 UTC,58.74486996060544,344035445.12993836,172914224.66847792
2019-03-21 00:00:00 UTC,55.454468547480985,360746404.35526145,222697468.3208959
2019-03-22 00:00:00 UTC,55.1255635142825,340836811.6933861,184711537.75539675
2019-03-23 00:00:00 UTC,56.72938454497764,339217566.8285411,149016717.1402552
2019-03-24 00:00:00 UTC,57.22098628744408,349558120.3399574,144346997.11275405
2019-03-25 00:00:00 UTC,55.19612836829746,352946558.71208537,153404724.6791082
2019-03-26 00:00:00 UTC,54.52372360032113,340334570.72256076,182816016.9135824
2019-03-27 00:00:00 UTC,57.0425806179427,336668492.9549335,145386748.12683293
2019-03-28 00:00:00 UTC,56.044140843986575,353075378.0179581,210762184.13373235
2019-03-29 00:00:00 UTC,57.1739951309065,347277898.254767,149903801.4354543
2019-03-30 00:00:00 UTC,56.892071544095714,354770985.4257428,188662915.56914744
2019-03-31 00:00:00 UTC,58.59795520922417,353347766.9741997,152094500.59195003
2019-04-01 00:00:00 UTC,62.6570094619544,364498462.4336496,110623283.57462378
2019-04-02 00:00:00 UTC,69.7976614287816,389934303.3894595,166628551.12920028
2019-04-03 00:00:00 UTC,68.64704918338394,434794154.84959984,450193658.73469687
2019-04-04 00:00:00 UTC,66.89143758601564,428528672.3908395,536900469.8566589
2019-04-05 00:00:00 UTC,71.69758773864373,417729251.77205384,310418732.75829893
2019-04-06 00:00:00 UTC,71.13012663442697,449095951.7216363,302030433.2956075
2019-04-07 00:00:00 UTC,74.34897392648573,443209133.4483638,289404711.9616721
2019-04-08 00:00:00 UTC,72.41879306872471,463895075.45893466,328615838.26256967
2019-04-09 00:00:00 UTC,70.50175258547064,454532780.04357654,448229691.9396667
2019-04-10 00:00:00 UTC,71.88874290824408,443363120.7341196,257684991.7806209
2019-04-11 00:00:00 UTC,69.6723075729028,452996773.6359617,316995539.9751097
2019-04-12 00:00:00 UTC,71.51723460658454,439940401.9127721,443248652.8968299
2019-04-13 00:00:00 UTC,69.39670799602315,450210695.3388574,233958469.3419032
2019-04-14 00:00:00 UTC,69.88770017401941,439079624.9677405,174134079.1051497
2019-04-15 00:00:00 UTC,67.58773574424902,441029543.6875195,182809800.0038488
2019-04-16 00:00:00 UTC,69.2716829483967,427633133.8014415,213502861.9947857
2019-04-17 00:00:00 UTC,70.47350300060104,440065724.97004056,169227077.23104724
2019-04-18 00:00:00 UTC,70.64600643704121,446908139.29544646,199384502.50575703
2019-04-19 00:00:00 UTC,69.59292399698207,447675631.0358994,242920862.9343488
2019-04-20 00:00:00 UTC,69.48950864546622,441985885.64692193,255087927.26192835
2019-04-21 00:00:00 UTC,68.47971637945132,442178420.3680218,211176608.54209608
2019-04-22 00:00:00 UTC,69.23441234942216,436807316.87594664,243779562.75186297
2019-04-23 00:00:00 UTC,67.1640528375542,441417049.38617337,231388141.09637335
2019-04-24 00:00:00 UTC,65.22710302020145,428724205.5936245,270787473.05306566
2019-04-25 00:00:00 UTC,61.78499702484953,414671177.6443786,320870113.91133046
2019-04-26 00:00:00 UTC,61.55899912638709,393915354.0188754,243528748.8762293
2019-04-27 00:00:00 UTC,61.14640199749629,394113256.8772051,265394517.7832912
2019-04-28 00:00:00 UTC,60.10538014264317,391983679.2400874,174731965.20091236
2019-04-29 00:00:00 UTC,57.59982629797922,385853258.64391035,164748511.78018343
2019-04-30 00:00:00 UTC,60.325792729327134,370110877.4215593,208070535.13476655
2019-05-01 00:00:00 UTC,60.671520492778434,388273936.5051905,226415372.08032143
2019-05-02 00:00:00 UTC,59.70651442419923,390234736.56924045,194683387.1432237
2019-05-03 00:00:00 UTC,62.33379514424688,384892319.8078289,226456870.2435355
2019-05-04 00:00:00 UTC,60.708203156037094,402006219.2048379,303703101.1169774
2019-05-05 00:00:00 UTC,59.450496256991755,392717364.2409742,242290923.4616284
2019-05-06 00:00:00 UTC,59.75428779729411,383528823.4866985,177554309.8481036
2019-05-07 00:00:00 UTC,57.69489752308275,386971382.0253678,314111482.99322295
2019-05-08 00:00:00 UTC,57.91227573323848,374114864.5909625,357080916.775165
2019-05-09 00:00:00 UTC,56.50823572099946,375804315.91214967,176684087.90401503
2019-05-10 00:00:00 UTC,57.43248068860663,367215762.47064424,201161187.3360785
2019-05-11 00:00:00 UTC,64.19366098285087,373839593.4621765,193888372.33724025
2019-05-12 00:00:00 UTC,60.48901508585534,418379995.15409213,551654299.2801669
2019-05-13 00:00:00 UTC,63.56758270428709,394427315.8629057,489396875.9299221
2019-05-14 00:00:00 UTC,67.73566149287979,414973491.49295086,451975157.1778366
2019-05-15 00:00:00 UTC,76.97596994907722,442542900.7539278,579068489.3657258
2019-05-16 00:00:00 UTC,75.3467101839269,505959593.2445955,578988672.0663395
2019-05-17 00:00:00 UTC,73.36280567741436,493038457.9314313,1059222556.319583
2019-05-18 00:00:00 UTC,72.13093220909853,479544091.7556356,935407973.3475524
2019-05-19 00:00:00 UTC,77.96958999869692,473553622.38028383,422242590.5718864
2019-05-20 00:00:00 UTC,76.2408704684799,512203191.0287522,547984090.2328635
2019-05-21 00:00:00 UTC,74.77357010648184,501388078.0217091,487063362.7311201
2019-05-22 00:00:00 UTC,70.31648394369779,492321007.4373845,401653816.68163794
2019-05-23 00:00:00 UTC,72.02143336247009,463822796.5175024,443236052.8644059
2019-05-24 00:00:00 UTC,72.52559241504908,474507158.199374,403197943.21562153
2019-05-25 00:00:00 UTC,72.37097011396848,478953756.8734963,311036044.43331397
2019-05-26 00:00:00 UTC,75.74523155172751,478630388.06960976,271569716.87019044
2019-05-27 00:00:00 UTC,76.46641387510653,501408427.4602123,348492482.7964298
2019-05-28 00:00:00 UTC,85.69622335462877,509228851.5142582,485322582.02160454
2019-05-29 00:00:00 UTC,85.09995085572939,568479287.6578292,794276249.0094371
2019-05-30 00:00:00 UTC,83.43121737042743,565147774.0974739,452986208.7466674
2019-05-31 00:00:00 UTC,90.33429536105868,554657511.8650129,840873169.3658481
2019-06-01 00:00:00 UTC,86.27273720808309,601615034.2873873,590843427.6139402
2019-06-02 00:00:00 UTC,88.88086436043528,574778583.852099,494692226.1539874
2019-06-03 00:00:00 UTC,83.8664278664463,592138266.4085556,391765277.291424
2019-06-04 00:00:00 UTC,77.93608333441225,561626630.6601435,431118722.66629773
2019-06-05 00:00:00 UTC,80.6242130420592,518692058.6901194,517248944.3420902
2019-06-06 00:00:00 UTC,79.9914442584209,539467191.3923799,403933810.1565363
2019-06-07 00:00:00 UTC,83.60646708325469,536973092.6467392,349958906.9177061
2019-06-08 00:00:00 UTC,80.67232885239008,560622642.486345,396828004.244399
2019-06-09 00:00:00 UTC,77.45061463444114,541513511.6237237,312110815.7580685
2019-06-10 00:00:00 UTC,80.30787767192824,520456028.68490785,349515582.4320785
2019-06-11 00:00:00 UTC,79.8122214610425,540267792.4535049,361207260.98067
2019-06-12 00:00:00 UTC,90.7942501838953,537424854.6871848,326159933.7742998
2019-06-13 00:00:00 UTC,87.87360531840027,611584820.7011398,513521630.8044859
2019-06-14 00:00:00 UTC,90.67158373644716,593015660.0016375,448470526.39750224
2019-06-15 00:00:00 UTC,92.32194441532096,612345508.1999213,501605956.40790266
2019-06-16 00:00:00 UTC,93.8045479921491,623917549.1084607,437816184.6789301
2019-06-17 00:00:00 UTC,102.63332228341432,634964537.2940531,540395738.4144533
2019-06-18 00:00:00 UTC,112.4228520797196,695263200.604304,572859782.2593155
2019-06-19 00:00:00 UTC,110.96707552334784,764780807.6851199,722853662.1458977
2019-06-20 00:00:00 UTC,109.67760927750363,753501615.2568804,580650545.5320393
2019-06-21 00:00:00 UTC,110.15118556659247,745582843.5260895,457463652.6693589
2019-06-22 00:00:00 UTC,113.10844823888434,749327325.3236591,650243720.6198903
2019-06-23 00:00:00 UTC,109.80137433264407,770795580.6974341,871689253.8905793
2019-06-24 00:00:00 UTC,109.00992107201388,747720811.6461087,562107420.10216
2019-06-25 00:00:00 UTC,105.4923869572192,744189473.2296503,536953870.4851407
2019-06-26 00:00:00 UTC,113.68250891297994,721131734.0910358,505028659.1325773
2019-06-27 00:00:00 UTC,106.215243713272,777762437.3065555,1139213067.0813737
2019-06-28 00:00:00 UTC,111.90003948537591,720938682.4169061,1015110089.6118898
2019-06-29 00:00:00 UTC,114.30441463197104,767453330.1010841,727234130.2181805
2019-06-30 00:00:00 UTC,103.24085528256654,783867680.28443,617627682.2692623
2019-07-01 00:00:00 UTC,103.7383251206264,709287259.7283249,582687318.0174471
2019-07-02 00:00:00 UTC,101.82769491403243,713445418.632872,528605560.1297096
2019-07-03 00:00:00 UTC,106.17332725974346,700740846.9515555,544580993.5765481
2019-07-04 00:00:00 UTC,101.33098981730238,731585480.5199704,457790338.3275289
2019-07-05 00:00:00 UTC,100.15140977534256,699347107.0339417,346416222.0722782
2019-07-06 00:00:00 UTC,103.88173004702664,691414284.8868351,354540754.3661136
2019-07-07 00:00:00 UTC,106.69293420638328,720010571.0855323,341144519.76825625
2019-07-08 00:00:00 UTC,105.23681975498413,738068089.323033,348708423.4609735
2019-07-09 00:00:00 UTC,101.01147364672056,729034416.564081,368915445.6826374
2019-07-10 00:00:00 UTC,97.46112556294976,700135613.739326,388396078.62293607
2019-07-11 00:00:00 UTC,88.58128941555022,676655606.6664784,475973861.25095475
2019-07-12 00:00:00 UTC,93.50380109227017,615124609.7141721,448366732.09435207
2019-07-13 00:00:00 UTC,89.88335723359653,650505766.3975561,401530357.3034515
2019-07-14 00:00:00 UTC,82.2277115448529,625895613.081548,371472616.0504611
2019-07-15 00:00:00 UTC,80.79561077885108,573046956.7862383,459816921.1373576
2019-07-16 00:00:00 UTC,67.0266933037739,563759958.7430787,592269218.183402
2019-07-17 00:00:00 UTC,73.98691380021988,468166966.9524666,457801572.515738
2019-07-18 00:00:00 UTC,78.97087850649606,517324163.28472805,484068911.523878
2019-07-19 00:00:00 UTC,75.57991475944412,554166155.8388474,471493054.5017217
2019-07-20 00:00:00 UTC,78.06344399434181,529523862.8534415,341944263.4373882
2019-07-21 00:00:00 UTC,75.34318311746622,547502355.523041,312056017.80168176
2019-07-22 00:00:00 UTC,73.04089955381049,529079179.0993612,262857529.49423376
2019-07-23 00:00:00 UTC,70.87408409769736,513140747.8292457,281397946.33806413
2019-07-24 00:00:00 UTC,70.90686489423356,498851465.154968,287621623.28318644
2019-07-25 00:00:00 UTC,69.92025040379237,500024939.9610301,307577677.81513345
2019-07-26 00:00:00 UTC,71.44067553801356,493691669.7550173,261347451.40322927
2019-07-27 00:00:00 UTC,69.04539933707947,504605146.2957262,216205901.752355
2019-07-28 00:00:00 UTC,68.6228914410446,487714046.1849385,260559260.08557016
2019-07-29 00:00:00 UTC,67.49720093934737,485051613.3696459,220261404.42904043
2019-07-30 00:00:00 UTC,66.74532046643637,477334273.7028754,226505045.4710791
2019-07-31 00:00:00 UTC,68.05114217778522,472706209.50487226,207844585.0543306
2019-08-01 00:00:00 UTC,67.61579931444713,482149354.3617788,246028309.88996983
2019-08-02 00:00:00 UTC,66.51183372054155,480021792.5987795,225202328.47384363
2019-08-03 00:00:00 UTC,64.9260586423989,472857291.34235424,221326228.8366533
2019-08-04 00:00:00 UTC,65.9680463287571,462057173.1633703,195463445.82051796
2019-08-05 00:00:00 UTC,66.63524454669204,469697552.8532457,187981743.7912745
2019-08-06 00:00:00 UTC,62.574079002994615,474985821.4113457,267272757.4244893
2019-08-07 00:00:00 UTC,62.126437190880814,446535638.2261213,317833179.2433344
2019-08-08 00:00:00 UTC,62.45423925331601,443394707.71942574,242850588.53530195
2019-08-09 00:00:00 UTC,58.63994341645909,446856273.2016909,300259703.28937453
2019-08-10 00:00:00 UTC,56.57890296550335,419673980.5432681,201153710.4882946
2019-08-11 00:00:00 UTC,60.00289553287089,405158916.9765615,175938778.12761122
2019-08-12 00:00:00 UTC,56.7873516256472,430222156.86143535,171624968.2038645
2019-08-13 00:00:00 UTC,55.3697584460855,407685214.48892134,147639078.83982593
2019-08-14 00:00:00 UTC,50.65886448944679,398062180.75206,223075417.96561956
2019-08-15 00:00:00 UTC,50.802279345265795,364075603.2083819,277790190.6214155
2019-08-16 00:00:00 UTC,48.99070689644009,365654607.8838403,201867066.22903016
2019-08-17 00:00:00 UTC,50.20840007637974,352723169.9740748,190884566.46840417
2019-08-18 00:00:00 UTC,52.66751838745534,361169347.8682736,128428725.77429694
2019-08-19 00:00:00 UTC,54.23264178995098,380090726.01043934,154762003.85069627
2019-08-20 00:00:00 UTC,52.065932598404935,392057754.0870065,173219007.58455104
2019-08-21 00:00:00 UTC,49.99082611713846,376529911.17904073,156807398.5670864
2019-08-22 00:00:00 UTC,50.639045520297465,361678196.0377584,206623376.12801376
2019-08-23 00:00:00 UTC,50.905837212252,368547806.36027545,148481190.889166
2019-08-24 00:00:00 UTC,49.97451645401938,369378970.1100726,155070481.71662498
2019-08-25 00:00:00 UTC,50.27443200551663,362894675.5478301,138741376.02634123
2019-08-26 00:00:00 UTC,51.43586968826463,364910920.47848934,110733595.37300752
2019-08-27 00:00:00 UTC,50.52952860919044,374229773.7945535,194337568.29077145
2019-08-28 00:00:00 UTC,46.44683605141598,368434524.2231933,145120497.44164458
2019-08-29 00:00:00 UTC,44.925797090246114,339319944.26509356,195219949.2356564
2019-08-30 00:00:00 UTC,44.57807912483588,327429379.2986632,174538243.216185
2019-08-31 00:00:00 UTC,44.62347855674202,326314464.78944004,149238954.40606716
2019-09-01 00:00:00 UTC,45.360173780022905,326735847.1464485,143122157.74788424
2019-09-02 00:00:00 UTC,46.85160093113336,331878490.4600233,133262202.1036246
2019-09-03 00:00:00 UTC,45.58161115628633,343190669.6746998,172918394.53486264
2019-09-04 00:00:00 UTC,44.867354525029874,334292903.4956398,210529702.17861015
2019-09-05 00:00:00 UTC,44.920578736446735,329582232.23407507,177279844.00594318
2019-09-06 00:00:00 UTC,45.81125358081883,330258381.1272427,156014068.56140724
2019-09-07 00:00:00 UTC,46.98458083084272,338156414.53437185,199796969.85207352
2019-09-08 00:00:00 UTC,48.25450363508843,346029133.35861355,172988434.5395398
2019-09-09 00:00:00 UTC,47.16454516937558,356048720.7496718,153763074.0419394
2019-09-10 00:00:00 UTC,44.970625245057185,348211401.6644879,198845582.73767135
2019-09-11 00:00:00 UTC,44.51331506741547,332173056.2154226,161766907.1246703
2019-09-12 00:00:00 UTC,44.73390195854827,328434251.05230707,182385627.51127672
2019-09-13 00:00:00 UTC,44.69585561111319,331118598.43756026,161365704.17599434
2019-09-14 00:00:00 UTC,46.347704018740785,330784942.286688,171912078.33444107
2019-09-15 00:00:00 UTC,46.83282519765384,343398319.6392014,215097445.2623137
2019-09-16 00:00:00 UTC,48.69450701346261,346641933.4725365,227365081.4097649
2019-09-17 00:00:00 UTC,50.81034981065102,361752692.783472,307583677.1577861
2019-09-18 00:00:00 UTC,52.70907948745514,377930650.636229,374018393.6911855
2019-09-19 00:00:00 UTC,51.288151127966394,392259296.67011726,352995037.3064542
2019-09-20 00:00:00 UTC,48.8509824516985,382010924.6879417,441812091.42476666
2019-09-21 00:00:00 UTC,47.70887678435703,364302709.44610417,274717852.63225925
2019-09-22 00:00:00 UTC,46.13300968603677,355979976.1584107,258372111.61309284
2019-09-23 00:00:00 UTC,44.18513338352725,344717093.2951777,214055312.5659859
2019-09-24 00:00:00 UTC,36.502898471631944,329396534.727263,243051344.82346132
2019-09-25 00:00:00 UTC,37.90171756030429,278231762.97184336,465566652.0558473
2019-09-26 00:00:00 UTC,35.05090381357309,284028601.7106125,429652854.8350536
2019-09-27 00:00:00 UTC,37.52292190773685,262892368.1478132,298146423.5518019
2019-09-28 00:00:00 UTC,40.63855314603365,281594969.2949273,291642721.27536875
2019-09-29 00:00:00 UTC,37.80769400571371,305409140.52168655,249510815.6028617
2019-09-30 00:00:00 UTC,38.84678462285842,284285120.86146927,187834338.1206591
2019-10-01 00:00:00 UTC,38.28641878538589,291282715.30173266,236222957.208661
2019-10-02 00:00:00 UTC,37.98397725061367,286773318.61103386,268473458.3731329
2019-10-03 00:00:00 UTC,37.30967359886995,286548038.1804779,194176409.52289897
2019-10-04 00:00:00 UTC,37.07897190880366,282243375.25698984,158674034.461625
2019-10-05 00:00:00 UTC,37.09865041134513,280464627.9545715,156474115.4228241
2019-10-06 00:00:00 UTC,35.615696493655655,279580164.9797512,124092368.10521472
2019-10-07 00:00:00 UTC,37.42876610657058,269633939.54424363,128574511.23171853
2019-10-08 00:00:00 UTC,36.5226415398384,283422696.8698455,203788800.5789625
2019-10-09 00:00:00 UTC,38.090471879866065,277040541.98455995,182040281.50550845
2019-10-10 00:00:00 UTC,37.58252746862188,289035545.2241183,227970879.58366197
2019-10-11 00:00:00 UTC,36.081542118013466,285370104.20843387,191564166.33435455
2019-10-12 00:00:00 UTC,36.57716823140854,274503605.58229256,216272363.82400817
2019-10-13 00:00:00 UTC,36.97080299954918,278560968.70723945,139462715.07378763
2019-10-14 00:00:00 UTC,37.1731578321989,282319487.3244794,129915548.81673037
2019-10-15 00:00:00 UTC,36.8240987007176,282705543.57563525,122144388.19387098
2019-10-16 00:00:00 UTC,35.787048045519896,281352723.8732439,171797686.42465475
2019-10-17 00:00:00 UTC,36.09347760656468,273889105.09669036,144418746.8543488
2019-10-18 00:00:00 UTC,35.88000472594976,276737971.070156,124780033.0629437
2019-10-19 00:00:00 UTC,35.88223948605717,274741238.2353432,141154320.41983166
2019-10-20 00:00:00 UTC,36.33452361771109,274763286.57542765,131762293.7394407
2019-10-21 00:00:00 UTC,36.81770791800479,278789833.39655787,131307823.48341492
2019-10-22 00:00:00 UTC,35.87487673204431,282727779.47873735,130336476.2046476
2019-10-23 00:00:00 UTC,32.85504059987858,275392743.762605,123012625.24435838
2019-10-24 00:00:00 UTC,33.20232968198585,253171212.8069707,244092862.93985575
2019-10-25 00:00:00 UTC,37.140703761001554,255453864.9521298,147155323.58131692
2019-10-26 00:00:00 UTC,36.09205458986609,285714798.081189,324729772.93746287
2019-10-27 00:00:00 UTC,37.32665283147319,278158581.50400746,423524862.6824929
2019-10-28 00:00:00 UTC,37.85843805768753,288281905.02277434,301362059.4523489
2019-10-29 00:00:00 UTC,39.17994163825743,292635616.1975645,312273760.0666596
2019-10-30 00:00:00 UTC,38.46792668171722,302953274.1123275,278351865.89713025
2019-10-31 00:00:00 UTC,37.576814995225135,297632100.6895253,240605889.5815587
2019-11-01 00:00:00 UTC,37.82759497543391,291767621.78784955,191797148.3452303
2019-11-02 00:00:00 UTC,37.68572293325024,293016517.09171104,157491608.28618336
2019-11-03 00:00:00 UTC,37.10884164441948,292458788.6374415,120381578.3549761
2019-11-04 00:00:00 UTC,37.70352474404058,288830284.243013,129986859.98051988
2019-11-05 00:00:00 UTC,38.532176635447215,293352038.6239781,165012336.31052977
2019-11-06 00:00:00 UTC,38.7849791687686,300076791.15776825,193264896.04685915
2019-11-07 00:00:00 UTC,38.67295461344611,302320913.21859765,190115837.7490173
2019-11-08 00:00:00 UTC,36.417532652181784,301018857.9218724,166521443.06221393
2019-11-09 00:00:00 UTC,36.76601653708717,284402250.0643158,180053961.1535412
2019-11-10 00:00:00 UTC,37.6107077953595,287252221.0369722,117412245.81183945
2019-11-11 00:00:00 UTC,36.64638593794342,294244316.5669867,163340766.98277697
2019-11-12 00:00:00 UTC,36.84875289353395,287226791.5014523,127885869.64705998
2019-11-13 00:00:00 UTC,36.91515526860474,288560875.8654039,157751344.8088212
2019-11-14 00:00:00 UTC,36.39160174994612,289115879.3127934,108953908.54681513
2019-11-15 00:00:00 UTC,36.13544426819428,285792485.05052614,132609923.0491784
2019-11-16 00:00:00 UTC,35.94863200215373,284004259.4677169,175508812.70005232
2019-11-17 00:00:00 UTC,35.79142707940328,282908950.2690055,97720537.46000963
2019-11-18 00:00:00 UTC,34.73958853021699,282171852.996809,123759691.07462268
2019-11-19 00:00:00 UTC,33.98088308071923,273776384.65815,153589566.87607157
2019-11-20 00:00:00 UTC,33.78125985161394,268025556.04819384,140621432.4815449
2019-11-21 00:00:00 UTC,31.358231549778417,266745940.68977737,148188455.38381082
2019-11-22 00:00:00 UTC,29.074766301629996,247699510.4278363,185469831.17304727
2019-11-23 00:00:00 UTC,29.61576589779396,230090995.03553036,274159042.14209497
2019-11-24 00:00:00 UTC,27.34819408828856,234832159.31102067,164192381.40575182
2019-11-25 00:00:00 UTC,27.256746172658,216700081.98086345,142409541.88952348
2019-11-26 00:00:00 UTC,28.207925311742013,216360455.19227844,216897968.4725646
2019-11-27 00:00:00 UTC,28.534019893100034,223928721.4997757,135742372.20952976
2019-11-28 00:00:00 UTC,28.588832392508102,226310689.37071213,205557424.4398159
2019-11-29 00:00:00 UTC,29.344201791268,227941297.7726203,151620811.01679656
2019-11-30 00:00:00 UTC,28.96491056041966,233461273.59526947,161782692.70848477
2019-12-01 00:00:00 UTC,28.005550565948017,231181163.58016092,147648064.35696
2019-12-02 00:00:00 UTC,27.70801886677889,222666345.6067643,166782596.07911113
2019-12-03 00:00:00 UTC,27.322146119823262,220957081.76745737,91689847.93839765
2019-12-04 00:00:00 UTC,26.7014072251069,218200410.11072448,92440646.89947028
2019-12-05 00:00:00 UTC,30.162572236705735,213629501.7476636,137635057.43989322
2019-12-06 00:00:00 UTC,29.18163200348043,241165726.3088343,154674166.89422783
2019-12-07 00:00:00 UTC,29.496827943408817,233361523.9635827,119620028.7742892
2019-12-08 00:00:00 UTC,29.238995524134054,236513595.02096543,93504353.57745568
2019-12-09 00:00:00 UTC,30.993866108575354,234652787.70149815,93731765.22042392
2019-12-10 00:00:00 UTC,30.09230791851016,248853029.19458756,150288176.5160164
2019-12-11 00:00:00 UTC,31.33248261168166,241167814.58384597,131445225.36467049
2019-12-12 00:00:00 UTC,31.815115049623977,252101742.5776396,140541607.5646926
2019-12-13 00:00:00 UTC,33.31011979408644,256368371.99393928,163138291.56280223
2019-12-14 00:00:00 UTC,32.12018602218037,269801782.31829274,176846728.7222281
2019-12-15 00:00:00 UTC,32.93040764930149,259867087.805494,137607630.81006372
2019-12-16 00:00:00 UTC,29.548231115363492,266639941.79362476,146581174.35560864
2019-12-17 00:00:00 UTC,27.59104626544182,239993258.52216664,203053444.9213426
2019-12-18 00:00:00 UTC,29.29390669046522,224370905.56269035,219763884.32871684
2019-12-19 00:00:00 UTC,28.55597145935822,238648709.35003513,286772164.3089974
2019-12-20 00:00:00 UTC,28.41758381930484,232905639.9918169,189415131.0582745
2019-12-21 00:00:00 UTC,28.348143701625528,232314635.77231145,123084955.9939761
2019-12-22 00:00:00 UTC,29.177516455711576,232155882.61317533,99946325.37519848
2019-12-23 00:00:00 UTC,28.255759111933862,238741331.99784264,144409488.29662818
2019-12-24 00:00:00 UTC,28.085459771952703,232764585.7948238,159594913.81798673
2019-12-25 00:00:00 UTC,27.423211875634298,231208106.0147698,120303642.17629056
2019-12-26 00:00:00 UTC,27.60932854475119,226127640.0300949,109355524.86512925
2019-12-27 00:00:00 UTC,27.63179217993792,227983766.1940015,131524300.30434676
2019-12-28 00:00:00 UTC,28.11116095012232,228505578.78875676,114305809.10122794
2019-12-29 00:00:00 UTC,29.162038690576168,233383659.1245322,113746037.54973385
2019-12-30 00:00:00 UTC,28.270328991707505,242690260.13099384,139333293.3508015
2019-12-31 00:00:00 UTC,27.46186647117562,235880096.55423105,131224533.19520886
2020-01-01 00:00:00 UTC,28.02404217973064,229366129.9146951,108648331.43203406
2020-01-02 00:00:00 UTC,27.029861228515006,234102214.4880824,88515249.77976815
2020-01-03 00:00:00 UTC,28.49333106638313,225967724.6269895,97262287.68740244
2020-01-04 00:00:00 UTC,29.978093595073325,238473509.2178974,136820940.59150946
2020-01-05 00:00:00 UTC,30.6972328069529,251045416.57782632,97186892.5556968
2020-01-06 00:00:00 UTC,32.87573001588741,257721025.1373999,134075291.76623198
2020-01-07 00:00:00 UTC,32.296743653325244,275582394.2218692,175414475.4989467
2020-01-08 00:00:00 UTC,30.79708645466548,273959711.93515915,198300288.6228509
2020-01-09 00:00:00 UTC,30.945884927468157,260131191.3735446,189494021.8766341
2020-01-10 00:00:00 UTC,33.471999933664236,261210860.50867635,153624548.72436532
2020-01-11 00:00:00 UTC,34.77874436635897,285178383.6677024,201947493.60749012
2020-01-12 00:00:00 UTC,35.48746080102239,295315289.9811334,209244558.73004544
2020-01-13 00:00:00 UTC,38.14284651382475,301683290.28556466,157810996.53513184
2020-01-14 00:00:00 UTC,43.77478465560792,324782007.1150062,223209599.43704963
2020-01-15 00:00:00 UTC,54.73461157617271,372443251.54426056,558966116.7289817
2020-01-16 00:00:00 UTC,50.860103948452235,467851276.3651056,717385568.93341
2020-01-17 00:00:00 UTC,61.564379309557616,434199257.0469715,416961906.7797355
2020-01-18 00:00:00 UTC,51.43900824430256,528003436.1520848,688384051.3472869
2020-01-19 00:00:00 UTC,51.36482720724081,447713814.1932188,537451938.5571672
2020-01-20 00:00:00 UTC,53.48602123316304,439737119.25224984,470940142.5365865
2020-01-21 00:00:00 UTC,53.168302893538225,461014402.8284311,346580156.59372336
2020-01-22 00:00:00 UTC,51.99944189753427,459388011.7408588,275829276.3048574
2020-01-23 00:00:00 UTC,49.47270346296694,449649772.4426406,233737672.13103792
2020-01-24 00:00:00 UTC,48.9308622783769,425671696.30262023,272060299.959724
2020-01-25 00:00:00 UTC,48.81786627482401,423409411.8659081,248375108.9261074
2020-01-26 00:00:00 UTC,53.623477549514426,426675755.8513992,217471777.43152285
2020-01-27 00:00:00 UTC,55.20878233401466,466711960.05193955,249913208.85811937
2020-01-28 00:00:00 UTC,56.603280303699925,481394869.25772154,334621567.75924885
2020-01-29 00:00:00 UTC,61.98326316110847,497929255.4473229,379898069.796253
2020-01-30 00:00:00 UTC,66.57034849018288,545232685.8363938,453141899.9765626
2020-01-31 00:00:00 UTC,66.21793518747164,584100517.9513183,578596476.7297252
2020-02-01 00:00:00 UTC,65.79536990940117,581197714.1751031,539180968.7244573
2020-02-02 00:00:00 UTC,66.31864394431106,578364612.3354486,395158742.91827303
2020-02-03 00:00:00 UTC,65.51817050709329,584171688.4440743,515798037.35123986
2020-02-04 00:00:00 UTC,64.19597874036853,577891904.546397,408711336.28528583
2020-02-05 00:00:00 UTC,71.17141063368796,567123726.4119678,276646536.7779779
2020-02-06 00:00:00 UTC,70.19415002440215,625025056.2670298,410828870.74911296
2020-02-07 00:00:00 UTC,68.62117114043939,621804728.4420172,532607108.75001234
2020-02-08 00:00:00 UTC,70.02387987396068,609988355.6312426,457169575.667809
2020-02-09 00:00:00 UTC,70.92743352940356,622670732.7026603,423558850.5509218
2020-02-10 00:00:00 UTC,69.91293441583632,631182315.1964049,416112473.7072118
2020-02-11 00:00:00 UTC,72.61811995647412,623646533.6487852,526635672.4799041
2020-02-12 00:00:00 UTC,73.15787476733907,648984020.5736662,604661334.5488433
2020-02-13 00:00:00 UTC,72.0076425079654,656133654.6230488,863654383.3244212
2020-02-14 00:00:00 UTC,72.85828484707807,647117963.1059968,902712348.335528
2020-02-15 00:00:00 UTC,64.62440100910976,651934200.0639294,547994060.7127737
2020-02-16 00:00:00 UTC,60.29005397376192,581112711.4365727,646979873.2916809
2020-02-17 00:00:00 UTC,64.35717573842297,542992197.1680787,758035324.8380938
2020-02-18 00:00:00 UTC,65.90658039695862,580550395.2747273,872999574.1713468
2020-02-19 00:00:00 UTC,62.02686217387172,593728124.8914385,577297765.900706
2020-02-20 00:00:00 UTC,60.735730700974656,561304723.552569,367683263.5654669
2020-02-21 00:00:00 UTC,61.54097191027241,549805123.344088,364481412.807868
2020-02-22 00:00:00 UTC,60.74480886396603,558779992.1734347,450715787.0949727
2020-02-23 00:00:00 UTC,63.07764270336848,551966319.9607372,269773222.82319003
2020-02-24 00:00:00 UTC,60.95030209555023,575275909.0773473,430196852.4949391
2020-02-25 00:00:00 UTC,57.19968114802879,555936467.0194399,470552376.44865847
2020-02-26 00:00:00 UTC,51.47880547628435,523938829.8276829,324408504.7350233
2020-02-27 00:00:00 UTC,52.86726794403471,471015948.2088931,422211175.548425
2020-02-28 00:00:00 UTC,50.85355117732299,484480599.74550384,407370104.5783507
2020-02-29 00:00:00 UTC,49.02546280285619,466759001.6463642,353637791.3695255
2020-03-01 00:00:00 UTC,49.26316730771138,450739511.8856252,239960421.80261308
2020-03-02 00:00:00 UTC,52.273888942023454,453563826.13852894,357849289.88537335
2020-03-03 00:00:00 UTC,50.97044153094913,482032885.38927495,238002620.23487565
2020-03-04 00:00:00 UTC,50.38850739722959,469372869.1957532,328935632.8179518
2020-03-05 00:00:00 UTC,51.85691943491874,463638750.6803658,275269865.2363863
2020-03-06 00:00:00 UTC,53.258138614772726,480297394.4244101,256111020.05907947
2020-03-07 00:00:00 UTC,50.663708917805096,493580618.02171695,230441693.55287644
2020-03-08 00:00:00 UTC,42.643358140477005,470991548.67817456,200590280.30603763
2020-03-09 00:00:00 UTC,42.16787521648878,396900124.1616176,265563069.50351736
2020-03-10 00:00:00 UTC,41.52199198337677,389865635.0534547,256600828.3160548
2020-03-11 00:00:00 UTC,40.20084465200153,388949224.5861105,239827655.77456763
2020-03-12 00:00:00 UTC,26.48964042150316,375660597.36540735,210469263.191523
2020-03-13 00:00:00 UTC,27.592404847342426,234470265.00666547,367269583.8863084
2020-03-14 00:00:00 UTC,24.993311332741815,258440292.18068743,464115973.30826426
2020-03-15 00:00:00 UTC,25.723156015184134,234463195.63065463,199527324.02478716
2020-03-16 00:00:00 UTC,24.61221449519161,242149753.80066085,195019007.09601524
2020-03-17 00:00:00 UTC,25.252436163380217,230453593.83803335,296766427.3225129
2020-03-18 00:00:00 UTC,29.10025345287693,238291299.473491,230487066.0284692
2020-03-19 00:00:00 UTC,31.912870327117243,273969768.0145364,319668087.85029864
2020-03-20 00:00:00 UTC,32.80229284111702,301911752.8400306,384170270.47784215
2020-03-21 00:00:00 UTC,32.881399063929294,311202722.66229486,402378034.95080775
2020-03-22 00:00:00 UTC,29.478864290534283,312288629.81012803,343320139.1534819
2020-03-23 00:00:00 UTC,32.292667338543076,280284488.9456945,243562223.11022645
2020-03-24 00:00:00 UTC,32.958376149310105,306199892.7551799,307356789.9072662
2020-03-25 00:00:00 UTC,32.32748593803985,314095108.1663125,264722424.8839441
2020-03-26 00:00:00 UTC,32.55356858309326,308756383.3988377,247586062.40221465
2020-03-27 00:00:00 UTC,31.057519732645925,311383040.00048566,219482024.82365775
2020-03-28 00:00:00 UTC,30.45750563772828,297514151.51239336,140775346.79972833
2020-03-29 00:00:00 UTC,28.40432936889056,291069619.54095215,360784296.4805572
2020-03-30 00:00:00 UTC,30.631787513342267,272917495.4021697,233614103.4151008
2020-03-31 00:00:00 UTC,30.955476186331794,294761458.94799846,372455283.8027714
2020-04-01 00:00:00 UTC,31.61959142159356,298642069.19814306,336402985.768858
2020-04-02 00:00:00 UTC,32.263616491713755,305061880.2671273,319759753.0736915
2020-04-03 00:00:00 UTC,32.60874642324544,311847009.91470534,433012814.21132344
2020-04-04 00:00:00 UTC,33.11685601454711,315649608.30703866,347548977.7257837
2020-04-05 00:00:00 UTC,32.54669969595157,321159647.22149235,312907543.4428783
2020-04-06 00:00:00 UTC,37.632599035879366,315984719.4199733,261578422.9137373
2020-04-07 00:00:00 UTC,36.41940866830717,363289927.17549413,582951110.2388101
2020-04-08 00:00:00 UTC,37.72658160127446,355236183.3971405,537219343.9833899
2020-04-09 00:00:00 UTC,40.92416976090814,368060174.3452039,379163679.28605264
2020-04-10 00:00:00 UTC,36.26355724037076,400262249.3999117,500523149.821692
2020-04-11 00:00:00 UTC,36.240752110144186,352449667.1104556,591574863.9867857
2020-04-12 00:00:00 UTC,36.214560361722576,355079649.29936063,391964891.8969169
2020-04-13 00:00:00 UTC,35.90046795957316,357503304.1650375,458109703.87573105
2020-04-14 00:00:00 UTC,35.48573213644059,352496681.47914726,529194247.1373948
2020-04-15 00:00:00 UTC,35.11101042516729,318279716.372647,514607809.58924395
2020-04-16 00:00:00 UTC,38.760468496408635,314539278.1924753,493053782.64600253
2020-04-17 00:00:00 UTC,40.791276457903045,346002421.185998,692134038.994417
2020-04-18 00:00:00 UTC,42.0260030872515,366037158.7423216,546527588.8463744
2020-04-19 00:00:00 UTC,46.40793793349629,377267250.2567839,683565918.9152535
2020-04-20 00:00:00 UTC,42.34441743904975,416507476.4382119,948349201.3855796
2020-04-21 00:00:00 UTC,42.07916758592609,381279599.6739764,964693782.1255984
2020-04-22 00:00:00 UTC,45.41858610696062,379361746.045352,797293948.8234794
2020-04-23 00:00:00 UTC,44.40518745713093,408425250.332638,672636388.3784585
2020-04-24 00:00:00 UTC,44.07435861308168,398393518.1237856,764889804.1750656
2020-04-25 00:00:00 UTC,44.58288847481549,397401976.20995474,553001048.8192692
2020-04-26 00:00:00 UTC,44.80955732433966,402650269.54299986,526770878.5670912
2020-04-27 00:00:00 UTC,44.57893193871426,404137948.7062054,593836338.1948628
2020-04-28 00:00:00 UTC,44.58604130394444,402547886.5733367,561236825.0605371
2020-04-29 00:00:00 UTC,46.673102598681425,404129604.3394073,575190839.7577839
2020-04-30 00:00:00 UTC,44.943646101623656,422094766.6789149,752070753.8006232
2020-05-01 00:00:00 UTC,45.62723497868878,406184025.618041,540601719.1298457
2020-05-02 00:00:00 UTC,46.49001444607384,413525904.356666,298932810.88264644
2020-05-03 00:00:00 UTC,44.878250641459125,421612931.25333905,221011126.61725685
2020-05-04 00:00:00 UTC,44.05696681263172,407150901.30680144,226534766.118399
2020-05-05 00:00:00 UTC,43.93019579986759,399704684.050202,250084363.19835255
2020-05-06 00:00:00 UTC,42.70610497662485,398678248.23265386,245120308.46168712
2020-05-07 00:00:00 UTC,44.21031783850944,390911416.0447067,278150926.73472095
2020-05-08 00:00:00 UTC,46.78735525372189,402810583.4827595,279188726.04196393
2020-05-09 00:00:00 UTC,45.00061567244346,428351885.7008695,309524916.0528535
2020-05-10 00:00:00 UTC,40.97747552642934,410828918.61361,297491262.5934182
2020-05-11 00:00:00 UTC,39.7253836882647,373738412.0342692,409045261.55026287
2020-05-12 00:00:00 UTC,42.05178202596892,362288714.810885,345090247.05740726
2020-05-13 00:00:00 UTC,43.005225234095434,384377105.8715878,234453364.83713692
2020-05-14 00:00:00 UTC,43.08078208522193,393245026.23778063,196694276.6525213
2020-05-15 00:00:00 UTC,41.890180704780306,394460565.00691754,260194228.8346642
2020-05-16 00:00:00 UTC,42.41672673546572,382850948.65377545,191404861.1521705
2020-05-17 00:00:00 UTC,46.2504885457912,389835736.08622897,212046337.34070832
2020-05-18 00:00:00 UTC,47.998664982885145,424479179.10332954,333074335.41989726
2020-05-19 00:00:00 UTC,48.57670946511372,440868637.84276855,307466390.27402604
2020-05-20 00:00:00 UTC,48.50734170655348,446743614.9557993,343065359.58041155
2020-05-21 00:00:00 UTC,46.0655620415132,446231163.1940121,420774030.6643383
2020-05-22 00:00:00 UTC,47.76277493497859,423598135.5624916,283507404.197705
2020-05-23 00:00:00 UTC,46.91395545167098,440069192.7623221,218835661.2662328
2020-05-24 00:00:00 UTC,45.02851882525938,432746223.14150727,147422920.69143903
2020-05-25 00:00:00 UTC,45.874907591840035,415518668.86761105,171486887.4685902
2020-05-26 00:00:00 UTC,44.81499610538751,423639969.7269299,172190482.7712967
2020-05-27 00:00:00 UTC,45.94551785322972,413740059.5958213,142576056.3844613
2020-05-28 00:00:00 UTC,47.78474269216493,425359047.7474322,128368930.37151
2020-05-29 00:00:00 UTC,46.64883126679408,440531851.4684303,167497684.06540802
2020-05-30 00:00:00 UTC,54.495018816347915,432141361.31659114,148245514.02801242
2020-05-31 00:00:00 UTC,51.58600518998346,509350991.3186615,332929422.2615557
2020-06-01 00:00:00 UTC,54.7944070664028,478620437.1657179,286755622.0002088
2020-06-02 00:00:00 UTC,51.5001689243769,508778055.8880958,309762247.1571163
2020-06-03 00:00:00 UTC,52.673855819397886,478566929.1100512,248848811.2418544
2020-06-04 00:00:00 UTC,52.12697469679348,489865922.5138973,232774299.5833505
2020-06-05 00:00:00 UTC,52.53083799837786,485055295.5667806,214381799.82888475
2020-06-06 00:00:00 UTC,52.84933845741264,489269926.892729,299641470.89501446
2020-06-07 00:00:00 UTC,52.234764763596274,492614299.0037543,240573621.45963112
2020-06-08 00:00:00 UTC,52.479146408287605,487258617.9387371,270971740.44642276
2020-06-09 00:00:00 UTC,51.96748543550389,489396245.33905774,278336085.6042143
2020-06-10 00:00:00 UTC,55.203550788399134,485056764.56583256,277246772.0917186
2020-06-11 00:00:00 UTC,49.658159047499666,515898776.909528,354880020.3521194
2020-06-12 00:00:00 UTC,51.62737568209033,464643635.1201032,397239896.4830567
2020-06-13 00:00:00 UTC,52.75856666133497,483444231.2957601,357851825.6818548
2020-06-14 00:00:00 UTC,51.10927799111527,495177468.4087855,308213096.23048866
2020-06-15 00:00:00 UTC,52.288296090655294,479275495.5994737,270992588.67784625
2020-06-16 00:00:00 UTC,52.998077169587496,491627587.0018712,405099644.6066115
2020-06-17 00:00:00 UTC,52.88106682269071,497797358.0966607,346334223.5613519
2020-06-18 00:00:00 UTC,51.90230677696293,497076740.0266104,295157670.1916149
2020-06-19 00:00:00 UTC,51.4522043656124,489804833.42874336,280336196.8250087
2020-06-20 00:00:00 UTC,51.34528592626781,484384236.5252438,292625518.13776565
2020-06-21 00:00:00 UTC,50.489941173615875,483647164.3787441,271746637.16464996
2020-06-22 00:00:00 UTC,53.50482029170157,476024451.5690544,262500320.817195
2020-06-23 00:00:00 UTC,58.14792709347139,505032376.33566177,347491384.96646523
2020-06-24 00:00:00 UTC,55.04838992510336,548926837.7267399,571750909.8925558
2020-06-25 00:00:00 UTC,55.968177860333675,520780423.9443338,484409620.5364794
2020-06-26 00:00:00 UTC,55.632465467049755,529385478.4668753,370999736.38321114
2020-06-27 00:00:00 UTC,52.27912462194916,526974983.2679744,338926688.8165107
2020-06-28 00:00:00 UTC,51.90411835294219,495480550.2119307,306422208.1453561
2020-06-29 00:00:00 UTC,52.49899342792796,491025446.42378104,356769795.4794336
2020-06-30 00:00:00 UTC,51.48257074468362,498040841.0079243,355816066.4745425
2020-07-01 00:00:00 UTC,51.812707333326074,489989622.6633698,301880418.4493905
2020-07-02 00:00:00 UTC,51.178927673539384,491890265.4225321,301608407.3718997
2020-07-03 00:00:00 UTC,51.095550469857095,486843308.781543,283150060.62458587
2020-07-04 00:00:00 UTC,51.36606254797926,486479979.625854,272690509.31369853
2020-07-05 00:00:00 UTC,51.22152115016462,489014457.06233144,274195104.05576915
2020-07-06 00:00:00 UTC,55.5652217117599,488070934.1015025,267047755.1728827
2020-07-07 00:00:00 UTC,54.93562130302229,529916292.0285131,346151891.7714115
2020-07-08 00:00:00 UTC,57.88204983009544,524182936.2751793,297278139.85240775
2020-07-09 00:00:00 UTC,56.80162240878261,552622597.8658636,344689980.08112574
2020-07-10 00:00:00 UTC,55.86048150294583,542963195.472622,284975276.79846543
2020-07-11 00:00:00 UTC,55.750279027614,534852221.9831409,252259045.26428136
2020-07-12 00:00:00 UTC,58.56073481587337,533530917.4194271,257803535.16643915
2020-07-13 00:00:00 UTC,61.13541840912241,560400543.7548676,345586949.5892285
2020-07-14 00:00:00 UTC,61.821876222190426,586491354.7332857,429069103.6761082
2020-07-15 00:00:00 UTC,61.24984847559928,592977280.8593186,328231679.2411034
2020-07-16 00:00:00 UTC,59.05378383835549,588020083.6843585,315612595.5181147
2020-07-17 00:00:00 UTC,59.47667460581928,567431963.1538776,300149586.74882233
2020-07-18 00:00:00 UTC,59.052957941821546,571953054.6496383,280959948.0437166
2020-07-19 00:00:00 UTC,58.39882194994907,568063275.5466624,248907495.3529257
2020-07-20 00:00:00 UTC,56.960014731625826,562348151.2833744,305120984.7229466
2020-07-21 00:00:00 UTC,62.4306342193118,549145791.537447,308954481.7599903
2020-07-22 00:00:00 UTC,64.35620735305018,600139394.9030349,365105322.1213008
2020-07-23 00:00:00 UTC,63.455955595190154,620825125.8530211,319075896.3876379
2020-07-24 00:00:00 UTC,62.92580204578078,613365266.6119579,284851037.081018
2020-07-25 00:00:00 UTC,65.63479189935278,608281790.7891997,291661995.1412441
2020-07-26 00:00:00 UTC,66.09980011298525,634597290.3462368,312947787.9052976
2020-07-27 00:00:00 UTC,70.3205660446129,638639322.7580271,351119582.44164115
2020-07-28 00:00:00 UTC,70.66180007775453,680581819.5122495,486887929.14734983
2020-07-29 00:00:00 UTC,71.82598521984842,684691462.8328301,343889767.4119902
2020-07-30 00:00:00 UTC,70.73097094710533,700282153.1307923,349826392.5747612
2020-07-31 00:00:00 UTC,74.8488231975518,688944266.7239331,324872328.48757225
2020-08-01 00:00:00 UTC,90.01333410439136,726753763.253467,399223082.2792033
2020-08-02 00:00:00 UTC,83.513632372035,903240095.6354984,809021421.6092867
2020-08-03 00:00:00 UTC,82.46214053465117,818255723.5780306,738975637.7130373
2020-08-04 00:00:00 UTC,84.61787872942185,802958542.0360457,462637139.6504489
2020-08-05 00:00:00 UTC,97.55440041485998,823560424.1376733,410408043.0887801
2020-08-06 00:00:00 UTC,96.24043140502717,948064434.9910232,720868146.8198627
2020-08-07 00:00:00 UTC,94.39760485446487,942430496.7704612,721450652.4937577
2020-08-08 00:00:00 UTC,96.9181263560465,923009983.0258464,726635582.2283858
2020-08-09 00:00:00 UTC,91.9480644489545,947126938.1698568,606228372.6807191
2020-08-10 00:00:00 UTC,89.06927185430976,898645136.0751516,659079657.7695729
2020-08-11 00:00:00 UTC,80.99035944389514,871697026.2713188,668798432.8311843
2020-08-12 00:00:00 UTC,83.47693001976796,793642518.268562,811116943.9911519
2020-08-13 00:00:00 UTC,87.12597921459718,818167825.7399982,879312752.9606367
2020-08-14 00:00:00 UTC,85.02494512726166,853394722.844231,769219493.5038081
2020-08-15 00:00:00 UTC,85.2243935979565,834551720.7784959,586917335.610661
2020-08-16 00:00:00 UTC,84.59338924934526,837121932.6405277,655208641.8359762
2020-08-17 00:00:00 UTC,86.52471028580617,831524466.0521922,676277290.3842946
2020-08-18 00:00:00 UTC,83.32196380941944,851131137.1543717,696723562.2160295
2020-08-19 00:00:00 UTC,76.43075709933547,820227660.8872107,820499158.4965085
2020-08-20 00:00:00 UTC,78.75857170707192,750111153.8584468,781455893.1814101
2020-08-21 00:00:00 UTC,73.39898062029654,776614009.1671414,673153519.4854668
2020-08-22 00:00:00 UTC,76.98558346500386,725279674.7420483,701480099.7572615
2020-08-23 00:00:00 UTC,84.014704329254,760381595.4147046,588307233.0544664
2020-08-24 00:00:00 UTC,80.36883486727882,830165283.181676,727854942.6831007
2020-08-25 00:00:00 UTC,73.15417525905819,793951197.8995014,621022634.1193666
2020-08-26 00:00:00 UTC,74.89127066941097,724656156.1141025,776551669.0074953
2020-08-27 00:00:00 UTC,72.01245680013997,741527959.3356642,628099419.8827316
2020-08-28 00:00:00 UTC,75.88716150171666,712853971.125302,634171199.1419758
2020-08-29 00:00:00 UTC,78.75351273333445,752282714.200632,641169954.9284288
2020-08-30 00:00:00 UTC,81.39092180898682,781541700.848102,596518032.2058787
2020-08-31 00:00:00 UTC,78.38972758945087,807373918.3050652,621573691.8080533
2020-09-01 00:00:00 UTC,83.63472262320111,778977830.5524732,571321466.9735069
2020-09-02 00:00:00 UTC,76.03093160162805,829334981.8766001,749620070.6272013
2020-09-03 00:00:00 UTC,56.555141655913474,756085730.3534511,559307914.0436829
2020-09-04 00:00:00 UTC,59.7866948559724,560877067.5403516,628893042.9005749
2020-09-05 00:00:00 UTC,55.56895429838212,597191163.0807449,742841502.0449175
2020-09-06 00:00:00 UTC,58.8449987520425,553102939.778185,649371494.3403549
2020-09-07 00:00:00 UTC,61.94841376105662,587259527.9062017,625265516.921568
2020-09-08 00:00:00 UTC,58.63690782722638,616804428.7174805,690220462.6341444
2020-09-09 00:00:00 UTC,60.08802348400883,585927922.8026358,644036847.7478483
2020-09-10 00:00:00 UTC,62.405076721328065,600554102.2316784,559382944.6524941
2020-09-11 00:00:00 UTC,63.35758513405382,624012835.3239907,26284333945.056538
2020-09-12 00:00:00 UTC,65.6766758376531,634591552.6272185,606448936.9610848
2020-09-13 00:00:00 UTC,62.20029001339095,658183156.999012,613271520.921046
2020-09-14 00:00:00 UTC,63.15015752459724,623859351.5100993,611750527.2330186
2020-09-15 00:00:00 UTC,59.34896035254851,633482060.2141935,603588569.059272
2020-09-16 00:00:00 UTC,58.25626986612252,596146582.2942683,557871729.7789084
2020-09-17 00:00:00 UTC,59.53100002917392,585584742.6605303,586405993.2800486
2020-09-18 00:00:00 UTC,57.689983900930976,597976379.84926,506421862.61898035
2020-09-19 00:00:00 UTC,57.82020933820186,578334901.2737714,456715993.06765133
2020-09-20 00:00:00 UTC,57.461968469357856,582443928.4895924,470615783.27709115
2020-09-21 00:00:00 UTC,51.84277500105945,579249682.8029971,528091237.0059301
2020-09-22 00:00:00 UTC,53.13463697475043,526679554.1253462,513599996.23779535
2020-09-23 00:00:00 UTC,51.70650513999606,535166924.7383006,404486067.91884655
2020-09-24 00:00:00 UTC,55.050026695388475,522875220.5073961,400222663.1046932
2020-09-25 00:00:00 UTC,54.81932303562686,556510697.6810206,429861383.8817338
2020-09-26 00:00:00 UTC,56.23687538760581,554292077.7237971,399597853.90724707
2020-09-27 00:00:00 UTC,55.400968697492594,569316468.3497256,373522394.39182514
2020-09-28 00:00:00 UTC,55.98602310783161,561015986.9530824,397258732.1571801
2020-09-29 00:00:00 UTC,61.34047653786444,566636745.0906851,441000259.8094012
2020-09-30 00:00:00 UTC,64.10155081654653,622371574.4776487,490496560.5601942
2020-10-01 00:00:00 UTC,64.45397890962793,646901492.5303639,484971997.6483714
2020-10-02 00:00:00 UTC,63.74159390154678,656127609.1156622,664181067.3754565
2020-10-03 00:00:00 UTC,60.621394912745565,648397878.277256,599404983.9214827
2020-10-04 00:00:00 UTC,63.05530089969779,617428114.6878246,433031915.4162553
2020-10-05 00:00:00 UTC,65.67765671087899,642217754.355739,478755957.4523059
2020-10-06 00:00:00 UTC,61.48840005188021,668654581.4338558,508361807.284116
2020-10-07 00:00:00 UTC,61.38669936017721,627062434.9526479,491977340.43492985
2020-10-08 00:00:00 UTC,62.016522761859875,626288592.217304,484057019.3918148
2020-10-09 00:00:00 UTC,63.535198428884,628693318.7167102,500616499.4711364
2020-10-10 00:00:00 UTC,66.61730030986143,649115296.648497,536434888.8618199
2020-10-11 00:00:00 UTC,72.40843639440739,680529092.8827162,600526537.0169383
2020-10-12 00:00:00 UTC,73.32346569795547,740783459.7353721,683027218.2221149
2020-10-13 00:00:00 UTC,70.05566256780098,751778256.5923777,752932820.1068871
2020-10-14 00:00:00 UTC,69.07146313531132,717793515.975889,619467793.6480966
2020-10-15 00:00:00 UTC,68.27509772118809,705282548.1318707,612943393.227594
2020-10-16 00:00:00 UTC,62.3952837288784,700517178.862183,531143446.07851386
2020-10-17 00:00:00 UTC,62.79201707596015,640608478.3391615,492451869.9117643
2020-10-18 00:00:00 UTC,64.46761873378279,643417266.3859717,386269606.27582014
2020-10-19 00:00:00 UTC,63.96669924950579,661911085.683642,408504272.6326046
2020-10-20 00:00:00 UTC,57.80318814066774,658337382.4702156,309854576.1367124
2020-10-21 00:00:00 UTC,62.7127259732181,598137039.1129601,248028074.36417753
2020-10-22 00:00:00 UTC,65.34743219311144,646086825.0810672,256938216.48176283
2020-10-23 00:00:00 UTC,63.099640889925496,673721815.3746988,354806818.79606235
2020-10-24 00:00:00 UTC,64.01029294934985,649769364.0911933,371679547.527857
2020-10-25 00:00:00 UTC,62.60993823173522,660708589.6633112,327763426.73688304
2020-10-26 00:00:00 UTC,60.15516167153283,646862474.3307399,324823820.81126803
2020-10-27 00:00:00 UTC,60.91704336548809,622109755.6588877,361911787.8847692
2020-10-28 00:00:00 UTC,56.84650079672849,631061755.6332415,370284765.1261971
2020-10-29 00:00:00 UTC,56.841611795470314,587984988.5457139,331969396.555713
2020-10-30 00:00:00 UTC,58.16607352908493,588878387.680925,299635825.74909157
2020-10-31 00:00:00 UTC,57.96196189931246,603603522.9811672,334760089.47629976
2020-11-01 00:00:00 UTC,58.10084180332723,601314419.0697753,282037346.7524831
2020-11-02 00:00:00 UTC,54.796394384941905,601877764.2383726,243394938.8872452
2020-11-03 00:00:00 UTC,53.17371236937877,570606354.7317815,289115919.749293
2020-11-04 00:00:00 UTC,54.023066367710655,552134018.9870502,306856406.3228267
2020-11-05 00:00:00 UTC,56.6634659181806,561575941.7233735,285341601.6039152
2020-11-06 00:00:00 UTC,61.21121271167394,591264955.1630199,311335592.9446466
2020-11-07 00:00:00 UTC,57.25180889782605,636863509.6795725,409008785.10438377
2020-11-08 00:00:00 UTC,60.627033103013304,596820408.3839709,491727781.60662675
2020-11-09 00:00:00 UTC,58.28597324468053,631579308.0628325,304730089.1138484
2020-11-10 00:00:00 UTC,58.93337044648059,609311471.7299454,339696090.6460942
2020-11-11 00:00:00 UTC,58.60262144677084,615007135.6047158,386663673.0326002
2020-11-12 00:00:00 UTC,63.032377326506875,613067097.5728842,316387921.4778047
2020-11-13 00:00:00 UTC,65.78621204052672,657553492.0452888,465723217.2663231
2020-11-14 00:00:00 UTC,64.07801609316806,688823071.1899765,424786934.692905
2020-11-15 00:00:00 UTC,61.10375170089194,671839218.8646008,426236755.5032308
2020-11-16 00:00:00 UTC,64.47998967783133,640483033.0551311,363703602.1009581
2020-11-17 00:00:00 UTC,66.68834543359053,677358817.7206448,389680077.66994345
2020-11-18 00:00:00 UTC,63.19142827321456,699972127.3292581,466274766.8412053
2020-11-19 00:00:00 UTC,62.3012402746101,662057339.7940316,581054212.0876133
2020-11-20 00:00:00 UTC,63.09557980785019,654600791.6910822,454545857.5540917
2020-11-21 00:00:00 UTC,72.31606944323394,661205348.9876231,387299616.3281299
2020-11-22 00:00:00 UTC,68.90021127031893,760173647.7350231,799357085.9185925
2020-11-23 00:00:00 UTC,79.29115760144909,723358190.0030857,784386321.9802024
2020-11-24 00:00:00 UTC,86.63699729047674,834585921.9028679,615854639.988557
2020-11-25 00:00:00 UTC,78.0251132536242,913887820.8827528,1020325064.0529872
2020-11-26 00:00:00 UTC,70.22596163024131,817129562.5119451,928821895.304943
2020-11-27 00:00:00 UTC,69.31161490441504,739916672.7521574,880329109.4521967
2020-11-28 00:00:00 UTC,75.62451329793318,732049589.5477114,536208450.9550971
2020-11-29 00:00:00 UTC,74.99182205729744,799721193.0211055,518501771.50323343
2020-11-30 00:00:00 UTC,78.43322277695337,791138299.5269057,460173367.7974645
2020-12-01 00:00:00 UTC,75.33980079440772,829690995.0959008,580006121.2022046
2020-12-02 00:00:00 UTC,76.62376233663194,799535800.6823033,660747796.6063808
2020-12-03 00:00:00 UTC,75.78009614709534,812101590.6976647,506774708.21952504
2020-12-04 00:00:00 UTC,69.21106333937777,802903271.0080723,365307075.4877619
2020-12-05 00:00:00 UTC,71.8295118126878,736635309.275696,373044490.97801936
2020-12-06 00:00:00 UTC,74.33491791995654,762757762.5969261,360750251.4119912
2020-12-07 00:00:00 UTC,75.05038168325713,788931235.1481335,373924229.6128095
2020-12-08 00:00:00 UTC,69.51057806986329,797002376.487033,438258411.9060046
2020-12-09 00:00:00 UTC,69.35221605231881,740051754.9197195,392448328.41128623
2020-12-10 00:00:00 UTC,66.01295121791317,738383387.2315013,433291680.51189005
2020-12-11 00:00:00 UTC,63.91145597664473,703519542.3032138,347722007.0744146
2020-12-12 00:00:00 UTC,66.01511297152204,681807412.358846,326404593.433609
2020-12-13 00:00:00 UTC,67.97059005955856,703917312.1768215,283927989.3366071
2020-12-14 00:00:00 UTC,67.92334464003987,726752857.3652571,330104457.65188825
2020-12-15 00:00:00 UTC,67.78671260775567,725900973.0532408,231876259.69098133
2020-12-16 00:00:00 UTC,72.912970347379,725097094.4200567,268626682.09861034
2020-12-17 00:00:00 UTC,74.36816693544952,780452687.5952454,360497630.75784254
2020-12-18 00:00:00 UTC,74.01245272400384,795556910.9678589,568628560.8527093
2020-12-19 00:00:00 UTC,73.67447598751596,794176960.1991856,412812350.2979743
2020-12-20 00:00:00 UTC,73.63656282338748,790518898.5981425,347970663.4637746
2020-12-21 00:00:00 UTC,67.95729724151452,790306251.4160767,507752801.6697543
2020-12-22 00:00:00 UTC,67.79306689453584,732170515.6200054,541336299.9279212
2020-12-23 00:00:00 UTC,55.900750834172314,728150072.6621724,492489107.3738022
2020-12-24 00:00:00 UTC,62.32826694895745,602620696.2298423,573728984.1434073
2020-12-25 00:00:00 UTC,64.3013782347485,670725777.6361157,533838938.84298
2020-12-26 00:00:00 UTC,66.50375165808332,692869369.6498576,446275849.6248528
2020-12-27 00:00:00 UTC,67.08417675539116,716291094.9497465,466168257.4321785
2020-12-28 00:00:00 UTC,69.24808432473904,723345617.7676232,609327468.691144
2020-12-29 00:00:00 UTC,65.6553884379968,747175577.0502315,497252538.1412252
2020-12-30 00:00:00 UTC,64.10538672378983,708488705.3202347,518973779.36344546
2020-12-31 00:00:00 UTC,64.02334661376565,691162735.5982615,408413936.3539137
2021-01-01 00:00:00 UTC,56.973613309853725,692573491.9925344,327069988.1361596
2021-01-02 00:00:00 UTC,57.57081440038681,616006884.914837,674871829.9621688
2021-01-03 00:00:00 UTC,59.381781851402586,623877968.6429452,542095290.5929917
2021-01-04 00:00:00 UTC,59.10648361339419,649615846.6246716,485132014.47700465
2021-01-05 00:00:00 UTC,59.884720170078744,641711870.3435407,531419595.13694817
2021-01-06 00:00:00 UTC,63.93602339438462,648929813.3083348,445635262.4898345
2021-01-07 00:00:00 UTC,68.30432912245138,693975583.9277682,559515298.9166665
2021-01-08 00:00:00 UTC,68.67244966343137,740018894.5831821,842853246.7196157
2021-01-09 00:00:00 UTC,79.40953476330026,747770426.8670092,804638326.9778208
2021-01-10 00:00:00 UTC,96.1476226784318,858985298.0178214,896666896.6806175
2021-01-11 00:00:00 UTC,88.35376539159995,1046364361.9244636,2482774378.121836
2021-01-12 00:00:00 UTC,99.653980402645,963425167.134999,2823737859.170762
2021-01-13 00:00:00 UTC,118.10062908024057,1085952469.4305906,2236738555.6602054
2021-01-14 00:00:00 UTC,111.27583720841486,1261214158.484583,2245099768.9307942
2021-01-15 00:00:00 UTC,103.80998443934244,1193642876.646965,1464411636.8900063
2021-01-16 00:00:00 UTC,108.13203731989842,1107366486.210168,1531695306.8444965
2021-01-17 00:00:00 UTC,101.80134067169026,1163939861.9209192,1947094302.6245189
2021-01-18 00:00:00 UTC,103.70826466842696,1085128720.9384327,1744791775.079173
2021-01-19 00:00:00 UTC,102.86841100862613,1108891555.847216,1430722675.2137473
2021-01-20 00:00:00 UTC,99.29542747591404,1109090580.923612,1504165108.610052
2021-01-21 00:00:00 UTC,83.0815789204119,1058351964.4796784,1659069606.8699212
2021-01-22 00:00:00 UTC,87.25669800568325,889626330.3148468,1431171837.6515567
2021-01-23 00:00:00 UTC,86.04835484641602,924179618.9283588,1454306180.55251
2021-01-24 00:00:00 UTC,90.05817966402078,923283743.6210668,1154869291.2066524
2021-01-25 00:00:00 UTC,88.37959255865796,967121208.4968476,1321478862.252161
2021-01-26 00:00:00 UTC,89.02810264912483,954345154.413018,1242351685.3488
2021-01-27 00:00:00 UTC,79.01383207890416,952117959.9990914,947228477.1639224
2021-01-28 00:00:00 UTC,86.65768253165376,848375141.7217438,792334426.4867084
2021-01-29 00:00:00 UTC,85.714691782251,926768536.9888456,891144554.9837259
2021-01-30 00:00:00 UTC,84.26272205785561,921209847.259028,959903520.7073116
2021-01-31 00:00:00 UTC,85.90671588246944,903939620.5727068,691713474.7094446
2021-02-01 00:00:00 UTC,88.23070015504072,923462234.9709104,746378435.7242783
2021-02-02 00:00:00 UTC,92.19149678434256,944863351.4031838,797910270.0201547
2021-02-03 00:00:00 UTC,95.69183826207536,998785808.4588184,977039032.7915864
2021-02-04 00:00:00 UTC,90.01614627513021,1029572824.1939569,810757384.2022732
2021-02-05 00:00:00 UTC,96.53387383755825,965254428.4136482,828404827.3927826
2021-02-06 00:00:00 UTC,94.17774336287208,1030880160.0773764,841085744.2188904
2021-02-07 00:00:00 UTC,92.04217335848293,1013087837.6216136,951781178.247072
2021-02-08 00:00:00 UTC,98.63998679752838,995483656.177504,835019219.1629428
2021-02-09 00:00:00 UTC,108.54148310211028,1062851384.9319792,923517152.1734308
2021-02-10 00:00:00 UTC,116.07608741795036,1168757691.524565,1303900628.371164
2021-02-11 00:00:00 UTC,142.07105180775915,1251460779.8171854,1598315500.1510935
2021-02-12 00:00:00 UTC,142.92285002064307,1532178390.1989553,2162158586.023326
2021-02-13 00:00:00 UTC,176.2656200434565,1542933523.2113152,1777903539.643153
2021-02-14 00:00:00 UTC,156.592941150628,1895426327.063697,3178392879.9813437
2021-02-15 00:00:00 UTC,158.34026253939425,1695816597.6379814,2142546456.3402495
2021-02-16 00:00:00 UTC,155.68385084841898,1709681239.929934,2703748216.0114737
2021-02-17 00:00:00 UTC,168.93843480171932,1681498901.4198575,1982415192.4587872
2021-02-18 00:00:00 UTC,170.03954141409395,1819472850.6143715,1999859278.420987
2021-02-19 00:00:00 UTC,182.62279238977084,1832654321.59592,2033047304.385387
2021-02-20 00:00:00 UTC,165.2233261862374,1962946664.476147,2283551962.246946
2021-02-21 00:00:00 UTC,161.81263857769574,1789075221.4970932,1945233200.3174765
2021-02-22 00:00:00 UTC,145.0939505609117,1754324158.090635,1654128207.560979
2021-02-23 00:00:00 UTC,127.45559521756928,1569906028.5078032,2090125784.020884
2021-02-24 00:00:00 UTC,132.15407326748706,1369690889.7978652,2230094101.5218205
2021-02-25 00:00:00 UTC,122.01602924044,1428832382.4359405,1792219998.942494
2021-02-26 00:00:00 UTC,118.42319496525228,1332407806.482837,1400812590.0081437
2021-02-27 00:00:00 UTC,120.55217612785732,1282876124.60376,1501207443.9246626
2021-02-28 00:00:00 UTC,111.80912282808586,1322074755.3327997,1142369456.146983
2021-03-01 00:00:00 UTC,123.94515152621898,1205866084.748711,1284980547.12768
2021-03-02 00:00:00 UTC,121.08802959744784,1343087913.186414,1297733848.9787643
2021-03-03 00:00:00 UTC,127.15144196987596,1313014112.4242032,1295257204.578334
2021-03-04 00:00:00 UTC,122.3618095997907,1384207076.5999558,1211111112.0063424
2021-03-05 00:00:00 UTC,121.72386522716596,1331991659.8101306,1213080694.095852
2021-03-06 00:00:00 UTC,125.7772713599552,1319945081.948672,1204765928.1278574
2021-03-07 00:00:00 UTC,130.1513557211582,1364428310.723038,1047660208.6935376
2021-03-08 00:00:00 UTC,129.9262464320406,1415500373.211831,832130865.720094
2021-03-09 00:00:00 UTC,138.1756548997284,1407617986.697799,1065960218.0382364
2021-03-10 00:00:00 UTC,139.63154381966345,1500349461.8520842,1129847730.2571192
2021-03-11 00:00:00 UTC,152.56534274239775,1512950456.5367968,1380506763.4376647
2021-03-12 00:00:00 UTC,145.47644188538231,1650862269.024324,1737270848.074046
2021-03-13 00:00:00 UTC,156.39034285918945,1585822843.0263712,1375201189.2815433
2021-03-14 00:00:00 UTC,144.2819961075847,1709976078.5983033,1552870284.3477273
2021-03-15 00:00:00 UTC,135.14352407493877,1595036494.4191885,1281108366.4616995
2021-03-16 00:00:00 UTC,140.2722075702173,1471661435.1193085,1364548518.988349
2021-03-17 00:00:00 UTC,146.88100495453497,1523896038.1103506,1290238024.527736
2021-03-18 00:00:00 UTC,144.46807405897343,1595843057.9032638,1378390837.191387
2021-03-19 00:00:00 UTC,149.78479869360544,1577721125.0660856,1091463161.1417537
2021-03-20 00:00:00 UTC,155.34791656164808,1632023457.0424132,1018527571.0277106
2021-03-21 00:00:00 UTC,148.19331329883818,1694331205.927968,1156366867.0050597
2021-03-22 00:00:00 UTC,139.39907820679397,1621853440.2126136,946063929.4191946
2021-03-23 00:00:00 UTC,136.6919349279946,1523493558.245618,937428732.75343
2021-03-24 00:00:00 UTC,127.60199132010068,1493851091.7565758,1089228251.7281191
2021-03-25 00:00:00 UTC,122.95159527357318,1396996020.1339734,1074695939.1174712
2021-03-26 00:00:00 UTC,133.3104867882007,1344494983.2283514,1272833240.6707869
2021-03-27 00:00:00 UTC,133.33594513998807,1450697910.4905677,1039702727.8300254
2021-03-28 00:00:00 UTC,144.01454033309085,1458384713.4954176,1045563634.9461156
2021-03-29 00:00:00 UTC,149.15726318053572,1574644601.6407506,1127227614.0834007
2021-03-30 00:00:00 UTC,154.3841949416951,1632664419.9698608,1445155405.9912603
2021-03-31 00:00:00 UTC,157.72656256126092,1686378799.354496,1344754329.0064862
2021-04-01 00:00:00 UTC,165.5236681668376,1722147671.586081,1381583632.3449223
2021-04-02 00:00:00 UTC,169.6625445855431,1812085271.540105,1546073114.776214
2021-04-03 00:00:00 UTC,171.56046749732965,1866543023.655591,1467346051.3262708
2021-04-04 00:00:00 UTC,187.1882887276144,1893737697.1969628,1486339792.6715784
2021-04-05 00:00:00 UTC,196.80346046031875,2050903883.0807605,2166140015.0701756
2021-04-06 00:00:00 UTC,190.80530961970985,2157225079.174583,1822482953.9334092
2021-04-07 00:00:00 UTC,171.44577343971136,2092980874.494036,1658468983.6601112
2021-04-08 00:00:00 UTC,185.357114670902,1880618394.90232,1906334309.8576424
2021-04-09 00:00:00 UTC,195.00400233196507,2034607154.3086977,1513413501.9756086
2021-04-10 00:00:00 UTC,205.78714505000397,2144544958.644467,1806573780.195922
2021-04-11 00:00:00 UTC,223.13436712008408,2249804417.9506555,1835859718.7600908
2021-04-12 00:00:00 UTC,221.48808518868236,2445608177.5228724,2165619525.9934006
2021-04-13 00:00:00 UTC,226.29654177714477,2452203696.3212447,1348658911.4209
2021-04-14 00:00:00 UTC,238.23880282377965,2483410765.5085382,1902895800.4932456
2021-04-15 00:00:00 UTC,252.64728550929547,2612643616.4267945,2031269639.2092152
2021-04-16 00:00:00 UTC,270.0251593427344,2777327949.7599807,2069573104.09644
2021-04-17 00:00:00 UTC,281.79123919538233,2970487722.4599776,2437368960.1860065
2021-04-18 00:00:00 UTC,259.94954271128853,3116592779.122994,3477786096.205342
2021-04-19 00:00:00 UTC,225.55275427087545,2877624863.9070644,3756475587.65894
2021-04-20 00:00:00 UTC,250.29434757652632,2504847435.9878144,2453123539.59552
2021-04-21 00:00:00 UTC,238.7483912316498,2723321639.461191,3003828635.0136213
2021-04-22 00:00:00 UTC,224.7965752062148,2630006134.5448875,2041675350.494968
2021-04-23 00:00:00 UTC,220.4433106101283,2477088496.0575233,1635199164.0635235
2021-04-24 00:00:00 UTC,198.0434307458131,2429863347.5853033,2681514135.746973
2021-04-25 00:00:00 UTC,201.2052408137868,2181556215.649298,1720680794.554661
2021-04-26 00:00:00 UTC,227.24970221554585,2228073304.0496187,1512539718.1708453
2021-04-27 00:00:00 UTC,241.18251932091673,2507392795.704754,1689879580.634642
2021-04-28 00:00:00 UTC,240.9190075782684,2657288039.883735,1687975036.360274
2021-04-29 00:00:00 UTC,229.8406342603259,2658108165.8872814,1564489461.163138
2021-04-30 00:00:00 UTC,245.43997672805847,2538292605.615729,1393718689.1307075
2021-05-01 00:00:00 UTC,257.880935095738,2713000646.2886686,1527043992.894528
2021-05-02 00:00:00 UTC,243.38386625182895,2849310346.7486587,1534493601.6996536
2021-05-03 00:00:00 UTC,250.06044115073064,2689413474.5942984,1464436577.492162
2021-05-04 00:00:00 UTC,243.3711015837955,2773551830.3349643,1711524497.5286512
2021-05-05 00:00:00 UTC,292.3873484274577,2729118530.6885576,2327520786.9373364
2021-05-06 00:00:00 UTC,308.93344143150995,3230136258.2869687,2846647560.1933537
2021-05-07 00:00:00 UTC,319.3661942439752,3418221117.3063884,2861745157.4838667
2021-05-08 00:00:00 UTC,317.4389003535158,3529497594.3598113,2869941549.394291
2021-05-09 00:00:00 UTC,305.51267541823245,3518862215.9020977,2615691980.8150167
2021-05-10 00:00:00 UTC,286.2377558020131,3377460672.4386044,2169813730.1633863
2021-05-11 00:00:00 UTC,301.5118336712611,3171283766.7635818,2509868507.304008
2021-05-12 00:00:00 UTC,285.1612270599478,3341734619.5842476,2296402889.44203
2021-05-13 00:00:00 UTC,298.6037063111626,3161755761.335816,4350190813.920681
2021-05-14 00:00:00 UTC,305.0059424031755,3322192347.0464725,3443057622.2154384
2021-05-15 00:00:00 UTC,269.1173815089742,3383897562.390942,2363185031.479364
2021-05-16 00:00:00 UTC,264.3233854021235,2997129877.7636614,2127152150.7469225
2021-05-17 00:00:00 UTC,237.5107225817623,2938142370.587813,1940775012.7000108
2021-05-18 00:00:00 UTC,254.8745644284804,2637510075.809121,2043803376.3298123
2021-05-19 00:00:00 UTC,149.88277900066262,2851320891.7826524,2171430628.8195515
2021-05-20 00:00:00 UTC,181.95855531510296,1685920998.9912748,2309978306.9483714
2021-05-21 00:00:00 UTC,154.75662639005776,2015215271.9146068,2156131407.667651
2021-05-22 00:00:00 UTC,143.10596575204983,1720674661.7159357,1918535009.892536
2021-05-23 00:00:00 UTC,115.2759993051844,1591619228.6260395,1530134265.2321632
2021-05-24 00:00:00 UTC,147.65458170137222,1285018887.703606,1564265039.7167094
2021-05-25 00:00:00 UTC,144.77596202580844,1628005596.8742075,1680362261.7356136
2021-05-26 00:00:00 UTC,158.10238120157115,1613823710.2563372,1485701852.0685425
2021-05-27 00:00:00 UTC,149.23510584734544,1760561536.086622,1393877571.3648777
2021-05-28 00:00:00 UTC,163.84181160236312,1666849987.3079257,1204142320.139113
2021-05-29 00:00:00 UTC,150.04662290916627,1814466199.3481743,1811476721.9140656
2021-05-30 00:00:00 UTC,150.27731049820667,1672469672.1943054,1848054372.9323928
2021-05-31 00:00:00 UTC,162.2108094664426,1676042686.3440993,1234905197.0197108
2021-06-01 00:00:00 UTC,153.94468997693906,1809955700.0837512,1268308173.43722
2021-06-02 00:00:00 UTC,164.41619069409205,1717432054.903496,1151083463.0554302
2021-06-03 00:00:00 UTC,174.09957895394552,1838032984.6836555,1221072686.161469
2021-06-04 00:00:00 UTC,155.57042180031513,1936463369.2003353,1298424609.5643108
2021-06-05 00:00:00 UTC,153.71346590708603,1740331544.163026,1294351010.4230895
2021-06-06 00:00:00 UTC,149.28289648676525,1719007659.1611855,1165230069.663445
2021-06-07 00:00:00 UTC,135.37542349287,1668037593.872168,990584029.7550015
2021-06-08 00:00:00 UTC,131.7617367759022,1513047906.0107014,971799750.0801948
2021-06-09 00:00:00 UTC,144.64027210255506,1472465111.7095764,1203262862.4094417
2021-06-10 00:00:00 UTC,133.31256360785267,1616833793.8424337,1255708182.315127
2021-06-11 00:00:00 UTC,124.28630494455096,1502194849.8081338,1076406598.407446
2021-06-12 00:00:00 UTC,126.40534364023398,1390799577.4633276,879350224.8187052
2021-06-13 00:00:00 UTC,132.82740347808797,1414937788.196153,937852621.0770172
2021-06-14 00:00:00 UTC,138.70669930629086,1487206271.286723,894130358.5746311
2021-06-15 00:00:00 UTC,136.22880090670023,1553477858.209447,924911858.56948
2021-06-16 00:00:00 UTC,136.3362966755464,1534592216.359299,879071024.3927172
2021-06-17 00:00:00 UTC,141.77309919852178,1527941149.5051837,1017936055.3484572
2021-06-18 00:00:00 UTC,132.58940390245166,1581483952.2424903,972539979.3004454
2021-06-19 00:00:00 UTC,128.54513394438274,1486874679.2532067,964292370.6537632
2021-06-20 00:00:00 UTC,132.63937924296013,1438758091.2639036,804516219.8302422
2021-06-21 00:00:00 UTC,102.669209068891,1487530051.53258,892532386.0770917
2021-06-22 00:00:00 UTC,106.16426311912376,1152389251.908959,992957665.0676308
2021-06-23 00:00:00 UTC,111.73832469213473,1189378795.5147386,1153289929.697301
2021-06-24 00:00:00 UTC,112.2375809296356,1254891070.4419951,940757399.6524124
2021-06-25 00:00:00 UTC,102.97178406050928,1260674230.95885,794639492.3658372
2021-06-26 00:00:00 UTC,103.5865436575198,1159072422.6088445,914017039.2668542
2021-06-27 00:00:00 UTC,107.14852479284176,1164439706.8127468,852719679.9562845
2021-06-28 00:00:00 UTC,115.6806348391848,1204703907.6815042,795624404.2702405
2021-06-29 00:00:00 UTC,124.7265538423012,1297571836.9049954,886607228.3301837
2021-06-30 00:00:00 UTC,130.429391404476,1403469323.451713,978953553.0750256
2021-07-01 00:00:00 UTC,121.78845143873085,1467652284.3118465,1095471947.3917122
2021-07-02 00:00:00 UTC,119.02449071034113,1365499040.5724297,868529825.0934666
2021-07-03 00:00:00 UTC,116.2250899420747,1320830410.9253497,797772596.8468431
2021-07-04 00:00:00 UTC,120.0640958249552,1304694838.5802555,663327135.9387245
2021-07-05 00:00:00 UTC,111.935299127813,1353357144.7291296,716524582.1460149
2021-07-06 00:00:00 UTC,116.95899151625612,1274659507.573345,707527482.5178504
2021-07-07 00:00:00 UTC,118.0221173605638,1311665517.6082392,810486773.7900606
2021-07-08 00:00:00 UTC,109.58449261292262,1334080794.2071402,785880572.4732499
2021-07-09 00:00:00 UTC,111.33702914785994,1230426687.997994,765429282.9350849
2021-07-10 00:00:00 UTC,108.65037405107596,1259712020.867639,739686791.1820315
2021-07-11 00:00:00 UTC,111.0639506814596,1220279533.495152,641602511.3028435
2021-07-12 00:00:00 UTC,108.56341062254664,1254418014.225251,522780472.2035848
2021-07-13 00:00:00 UTC,103.87332247113534,1220257425.3246202,626703658.6599063
2021-07-14 00:00:00 UTC,104.21854855659276,1172849167.190344,620725320.2640965
2021-07-15 00:00:00 UTC,100.1407398759678,1177410375.2436268,680570884.5757173
2021-07-16 00:00:00 UTC,92.5108617046426,1133558283.3672614,671459959.7040666
2021-07-17 00:00:00 UTC,93.11453336048682,1046905990.9385211,608392977.7805938
2021-07-18 00:00:00 UTC,94.58732585375574,1055567189.8110572,516921729.0598735
2021-07-19 00:00:00 UTC,89.86525346022027,1067851100.1096588,572137400.3881469
2021-07-20 00:00:00 UTC,86.1262643156697,1017200808.4310024,675775057.7555298
2021-07-21 00:00:00 UTC,95.6685281884163,972578191.6036392,638305836.336425
2021-07-22 00:00:00 UTC,97.54504975797283,1069449035.181275,679730156.9208595
2021-07-23 00:00:00 UTC,98.41920123484196,1105086062.7761831,661837272.5722771
2021-07-24 00:00:00 UTC,99.48897803100328,1111796297.5468397,650787786.8619218
2021-07-25 00:00:00 UTC,100.29727522070668,1121529691.1473637,608517527.9688793
2021-07-26 00:00:00 UTC,101.11287318072854,1132834634.9766102,666311793.2220966
2021-07-27 00:00:00 UTC,102.60391403235832,1146413909.9338298,845029295.5263922
2021-07-28 00:00:00 UTC,104.82801151657551,1163375405.23724,734817128.0556619
2021-07-29 00:00:00 UTC,108.668158976652,1187004503.1897595,691124206.2567803
2021-07-30 00:00:00 UTC,110.8122150578502,1233832717.751091,573603332.4401171
2021-07-31 00:00:00 UTC,112.0861519759227,1257613754.066673,518624405.5776015
2021-08-01 00:00:00 UTC,115.41634348840888,1274689800.5561037,466261995.89431584
2021-08-02 00:00:00 UTC,115.23802675365502,1311528040.4910164,676351287.4202965
2021-08-03 00:00:00 UTC,113.88859246675165,1310623136.974912,581772258.7104833
2021-08-04 00:00:00 UTC,118.53165536702711,1300778426.72313,587035849.6188973
2021-08-05 00:00:00 UTC,119.10370257170078,1349030385.808874,510545741.8605737
2021-08-06 00:00:00 UTC,126.94297856589486,1353027083.5958147,565846222.8982649
2021-08-07 00:00:00 UTC,135.30820357069055,1444416521.0547953,614841795.42746
2021-08-08 00:00:00 UTC,123.04329160525396,1539030512.020924,731289420.7359271
2021-08-09 00:00:00 UTC,130.98573049151932,1401126037.2030082,694431231.0290666
2021-08-10 00:00:00 UTC,131.95692992931612,1461832925.089724,662742982.2105335
2021-08-11 00:00:00 UTC,137.13845175562213,1510925971.9127555,639009096.6467704
2021-08-12 00:00:00 UTC,133.6418087248972,1569476699.2708058,684105681.6449857
2021-08-13 00:00:00 UTC,144.03758393440515,1529368402.696599,721972334.4479172
2021-08-14 00:00:00 UTC,144.6063672253131,1648714280.2939315,328661693.39194363
2021-08-15 00:00:00 UTC,155.04659578316554,1661077377.368755,345884451.21645606
2021-08-16 00:00:00 UTC,150.4785472642307,1769189089.9295666,391276018.6339817
2021-08-17 00:00:00 UTC,141.8135499056239,1771964448.70263,310926152.2355569
2021-08-18 00:00:00 UTC,141.63381611629654,1621334447.8509097,391738397.3849133
2021-08-19 00:00:00 UTC,146.6367557945551,1635646799.532858,353017295.3999506
2021-08-20 00:00:00 UTC,153.6778029920381,1666243838.383088,284261125.05119663
2021-08-21 00:00:00 UTC,154.91065057132067,1759912727.6640096,322631263.3924759
2021-08-22 00:00:00 UTC,159.77290340496322,1779832166.1350417,313504487.00904155
2021-08-23 00:00:00 UTC,164.44920698397726,1836360865.714724,319978436.4656614
2021-08-24 00:00:00 UTC,155.58565032778864,1893253430.153757,354123638.01655054
2021-08-25 00:00:00 UTC,163.48633045379893,1793603566.6398067,376748124.1598712
2021-08-26 00:00:00 UTC,146.04150464828675,1880587160.6319032,357873658.75795174
2021-08-27 00:00:00 UTC,151.970862648611,1692234408.7034085,402333647.8400284
2021-08-28 00:00:00 UTC,150.83404826412638,1747745512.414276,331026797.06701076
2021-08-29 00:00:00 UTC,148.7268488086628,1733948829.9095895,226065725.3735234
2021-08-30 00:00:00 UTC,141.6345877423139,1715535749.9900017,191213452.0071818
2021-08-31 00:00:00 UTC,144.34927358649944,1629488893.5237348,240602680.63350844
2021-09-01 00:00:00 UTC,151.71275649627773,1664199389.016322,272506800.3585114
2021-09-02 00:00:00 UTC,150.80710632929728,1748908386.7524598,281932867.966437
2021-09-03 00:00:00 UTC,156.428080229601,1740105126.588441,224476591.71766296
2021-09-04 00:00:00 UTC,160.3393778619908,1805018190.446303,401732089.39961463
2021-09-05 00:00:00 UTC,172.76657314455815,1854762562.2253983,322888960.43881196
2021-09-06 00:00:00 UTC,171.8485533743544,1994268086.5141895,454425328.1257445
2021-09-07 00:00:00 UTC,136.94143901469585,1984272192.1724231,405694574.6107165
2021-09-08 00:00:00 UTC,135.31591301536426,1581908241.2626536,681455439.3228115
2021-09-09 00:00:00 UTC,137.9392543949086,1573065994.5237806,529881384.0982732
2021-09-10 00:00:00 UTC,128.2349249189729,1594221116.239957,384814355.32743293
2021-09-11 00:00:00 UTC,128.6485961095335,1482522599.49016,324476967.12544054
2021-09-12 00:00:00 UTC,131.84574284566986,1487460834.0282369,216631493.31353205
2021-09-13 00:00:00 UTC,127.90438970442378,1525351424.7016032,194073366.3618826
2021-09-14 00:00:00 UTC,133.75782514387348,1480076311.6037233,341162431.6676333
2021-09-15 00:00:00 UTC,139.91623193929797,1547872535.467799,275077808.44990873
2021-09-16 00:00:00 UTC,138.3031668331509,1619795236.0259366,272669140.33677876
2021-09-17 00:00:00 UTC,134.7996898237464,1601889767.8892865,352264114.34129053
2021-09-18 00:00:00 UTC,138.93313473878422,1561559776.659101,253108894.15943155
2021-09-19 00:00:00 UTC,134.14641922971137,1609769615.0635934,223801645.3410137
2021-09-20 00:00:00 UTC,118.79352255246732,1555185674.4849195,216042752.24001676
2021-09-21 00:00:00 UTC,110.64026998819494,1368987870.7772632,374662765.1492611
2021-09-22 00:00:00 UTC,121.39994773824932,1271113550.291502,301420822.0038296
2021-09-23 00:00:00 UTC,122.62197152805884,1406808235.4320283,251103358.5702276
2021-09-24 00:00:00 UTC,110.83541973119372,1423334375.5776334,173430253.6691667
2021-09-25 00:00:00 UTC,111.18372568877447,1308552421.1816647,274938554.8559338
2021-09-26 00:00:00 UTC,111.11684928922656,1293329526.0124085,250584990.4028503
2021-09-27 00:00:00 UTC,104.56194229401936,1307492790.714228,271512151.8680903
2021-09-28 00:00:00 UTC,100.9253095187344,1220729572.2205677,242857188.82251665
2021-09-29 00:00:00 UTC,103.94607926600776,1176981469.433415,241472201.41871285
2021-09-30 00:00:00 UTC,107.0908528380318,1204129433.923041,254474807.07605767
2021-10-01 00:00:00 UTC,114.95494780669584,1245735880.0882227,252239583.0258917
2021-10-02 00:00:00 UTC,114.61452064172498,1333548825.838145,324870891.97691154
2021-10-03 00:00:00 UTC,118.9871145908398,1334613722.7416062,172594012.0343067
2021-10-04 00:00:00 UTC,117.13095609754411,1386723268.5820525,181326778.76866704
2021-10-05 00:00:00 UTC,123.35148201229684,1364207256.2272267,256431678.4133708
2021-10-06 00:00:00 UTC,125.61691686472312,1440209244.2505488,182794806.86102033
2021-10-07 00:00:00 UTC,125.72486452437036,1464097982.1711037,256975450.45552364
2021-10-08 00:00:00 UTC,123.7615315141776,1463093907.271316,297025556.73359275
2021-10-09 00:00:00 UTC,127.46418492852018,1434800463.5655105,226699014.82594356
2021-10-10 00:00:00 UTC,120.23319116452728,1487631760.1065412,211781551.9293816
2021-10-11 00:00:00 UTC,120.19449421363625,1397656347.6000917,215093266.55790544
2021-10-12 00:00:00 UTC,115.97140313292824,1389535061.8187215,238830323.29672417
2021-10-13 00:00:00 UTC,119.53251755260032,1353990357.532331,190764336.7315115
2021-10-14 00:00:00 UTC,121.5179195604504,1391272754.527489,195369124.0491248
2021-10-15 00:00:00 UTC,126.43493204396331,1417477239.8513143,204022015.7142921
2021-10-16 00:00:00 UTC,127.10123847939178,1479657148.6688871,222433980.04294583
2021-10-17 00:00:00 UTC,137.90972808547397,1486669061.0165343,236401823.4325383
2021-10-18 00:00:00 UTC,140.81374823759597,1612818881.3461242,397822883.1229995
2021-10-19 00:00:00 UTC,144.38948983949004,1643595928.2048495,440042511.9369797
2021-10-20 00:00:00 UTC,150.09535279998224,1680282423.2389278,343967269.6325153
2021-10-21 00:00:00 UTC,155.27533845378363,1754223561.1149628,316367103.76750773
2021-10-22 00:00:00 UTC,165.46688157151215,1824649286.6605785,486107363.90192074
2021-10-23 00:00:00 UTC,173.09384322195672,1937835612.1440496,480370455.52371025
2021-10-24 00:00:00 UTC,174.46342039787797,2033979016.586607,492967950.1030037
2021-10-25 00:00:00 UTC,170.8590916846538,2039552806.46648,748882755.9573185
2021-10-26 00:00:00 UTC,162.24312728538445,1994499201.7557545,305262659.50330126
2021-10-27 00:00:00 UTC,147.37887374704607,1900183454.921474,344586980.59988034
2021-10-28 00:00:00 UTC,159.27192683670395,1728640018.544678,324126842.67946076
2021-10-29 00:00:00 UTC,163.11482673954131,1868704221.917867,431925929.2542508
2021-10-30 00:00:00 UTC,153.66283137073344,1913648650.794804,295972427.24179006
2021-10-31 00:00:00 UTC,167.65074811544767,1801057519.5549366,292701601.253025
2021-11-01 00:00:00 UTC,168.98647308746132,1969723038.921376,730252464.5579052
2021-11-02 00:00:00 UTC,172.17043941598587,1984921936.6073484,375028721.6881835
2021-11-03 00:00:00 UTC,168.3561302903979,2016650563.685431,368783924.11301374
2021-11-04 00:00:00 UTC,164.06880540584967,1981492719.445287,381885185.2742416
2021-11-05 00:00:00 UTC,163.35152410862642,1921585580.688882,298124785.46075463
2021-11-06 00:00:00 UTC,160.0127803561867,1920711618.7671611,279158978.592639
2021-11-07 00:00:00 UTC,164.87945852951628,1881848347.3421617,279004329.7852697
2021-11-08 00:00:00 UTC,170.76185811888314,1936153555.5950096,228052317.7709828
2021-11-09 00:00:00 UTC,198.88507884429256,2022954719.933867,283056396.06030256
2021-11-10 00:00:00 UTC,179.98743107968087,2339449862.0045705,640382116.4323995
2021-11-11 00:00:00 UTC,205.97666495019155,2120129942.7818992,679603808.6141478
2021-11-12 00:00:00 UTC,202.17537865874965,2427992974.9814987,856191137.0285735
2021-11-13 00:00:00 UTC,200.47372262647912,2380313018.5443764,487871236.1949301
2021-11-14 00:00:00 UTC,202.75205708687747,2365202795.547388,442508892.82212293
2021-11-15 00:00:00 UTC,195.70905561700403,2386149033.302155,332345917.1554607
2021-11-16 00:00:00 UTC,167.05297835097318,2314677642.2299433,373567347.1644739
2021-11-17 00:00:00 UTC,160.1209657034784,1975219256.8382752,519962350.907334
2021-11-18 00:00:00 UTC,149.21422913212555,1882653664.7600129,454249721.46532494
2021-11-19 00:00:00 UTC,160.29188735528524,1748384513.2631545,474299419.00769734
2021-11-20 00:00:00 UTC,180.4824483754708,1888432321.5876343,430156799.43992966
2021-11-21 00:00:00 UTC,227.9734252665358,2132344049.6264336,822365857.7228256
2021-11-22 00:00:00 UTC,206.6334050973269,2693690848.3503942,1274859338.5010445
2021-11-23 00:00:00 UTC,216.6639992187674,2442875715.000734,926814284.8118072
2021-11-24 00:00:00 UTC,260.81421176740395,2559364732.4759283,716089701.5711651
2021-11-25 00:00:00 UTC,295.55062072154055,3084363858.515143,1731587213.129695
2021-11-26 00:00:00 UTC,247.66758223333244,3499018624.7850533,1220179591.497763
2021-11-27 00:00:00 UTC,242.8905547639312,2931547601.7771716,1114665573.8559563
2021-11-28 00:00:00 UTC,239.689909155826,2872290803.407502,664962249.0481186
2021-11-29 00:00:00 UTC,246.12680700198672,2838829686.2600803,682307212.7125301
2021-11-30 00:00:00 UTC,221.0632459104078,2915881886.448695,573103836.5223964
2021-12-01 00:00:00 UTC,229.92181943794444,2619536352.1684103,669867677.8917954
2021-12-02 00:00:00 UTC,225.92504697316176,2727363997.4791217,641556931.3347142
2021-12-03 00:00:00 UTC,206.50767181481953,2677919825.280047,523270754.6482529
2021-12-04 00:00:00 UTC,188.03710269697757,2449523082.914767,544190269.8577955
2021-12-05 00:00:00 UTC,182.50039160050747,2227054496.785997,852796076.3264081
2021-12-06 00:00:00 UTC,181.01479216027823,2164887279.9196925,661058598.461539
2021-12-07 00:00:00 UTC,174.61915642581403,2148544597.6225863,652523490.0986266
2021-12-08 00:00:00 UTC,178.6502197954117,2078919704.706012,381000048.02460074
2021-12-09 00:00:00 UTC,164.4110310090892,2121430754.646811,422800471.6885975
2021-12-10 00:00:00 UTC,161.9856048906341,1954380040.0952468,420419987.32014865
2021-12-11 00:00:00 UTC,168.0216896000667,1926449885.3232784,393596288.65580493
2021-12-12 00:00:00 UTC,170.57369194363258,1997801604.7782269,339183991.93395996
2021-12-13 00:00:00 UTC,147.9352981914733,2016523269.4813004,241945881.1034778
2021-12-14 00:00:00 UTC,151.444402526016,1763693023.7213693,306984831.00938046
2021-12-15 00:00:00 UTC,159.39390198674292,1805429197.748068,297489645.4816089
2021-12-16 00:00:00 UTC,152.24525581832495,1897341721.396676,312947094.1120485
2021-12-17 00:00:00 UTC,149.7609996063603,1812959964.971632,246181874.99275583
2021-12-18 00:00:00 UTC,157.48513709055385,1787174237.2081738,231597962.2361104
2021-12-19 00:00:00 UTC,157.77865013649725,1878292009.9200296,285591484.7393053
2021-12-20 00:00:00 UTC,156.6748813615257,1886360691.3030548,279235126.44820124
2021-12-21 00:00:00 UTC,162.27397298083486,1864206049.6084795,324360762.17565507
2021-12-22 00:00:00 UTC,165.38310100706792,1933980155.301636,275522084.9015804
2021-12-23 00:00:00 UTC,167.62820075201185,1972974451.1831424,320259489.4864236
2021-12-24 00:00:00 UTC,165.85300480479563,1997515762.3331811,322373930.8342461
2021-12-25 00:00:00 UTC,168.686698415582,1972405319.3571544,285821190.10117745
2021-12-26 00:00:00 UTC,167.9338237682797,2027386152.95325,259089586.93015853
2021-12-27 00:00:00 UTC,169.40921573533058,2004881482.595549,261139209.90459013
2021-12-28 00:00:00 UTC,150.05557413290626,2024726022.7933097,270322771.6839942
2021-12-29 00:00:00 UTC,146.0820023864302,1796300750.1939418,343608400.43080443
2021-12-30 00:00:00 UTC,152.73360755840216,1746379799.7288058,293352482.2856054
2021-12-31 00:00:00 UTC,146.5440153996301,1830019925.1026857,297103633.0470868
2022-01-01 00:00:00 UTC,150.83747180721838,1752029929.8295755,244768980.73041824
2022-01-02 00:00:00 UTC,153.71474716990687,1804251553.8062513,185812292.1872684
2022-01-03 00:00:00 UTC,150.88638211563264,1840539586.5756216,157502493.06190595
2022-01-04 00:00:00 UTC,147.99691860446885,1803192484.573085,155767968.9986538
2022-01-05 00:00:00 UTC,137.68768647959456,1779931318.9188335,262022447.570648
2022-01-06 00:00:00 UTC,138.28555200368146,1654050750.6837175,274596858.5816913
2022-01-07 00:00:00 UTC,139.48874796116954,1658246675.267662,253188552.64035985
2022-01-08 00:00:00 UTC,143.12882852616724,1675439342.6299372,406678128.515886
2022-01-09 00:00:00 UTC,143.45083712995054,1719107248.3306975,401757766.9256066
2022-01-10 00:00:00 UTC,141.51086531974997,1707605128.6665337,352627183.01966214
2022-01-11 00:00:00 UTC,142.17792492891152,1697310890.2543645,381336823.0327016
2022-01-12 00:00:00 UTC,144.54635908076554,1701119820.3272665,292705639.6746405
2022-01-13 00:00:00 UTC,143.894355486198,1735550599.5838454,208925231.4915866
2022-01-14 00:00:00 UTC,142.83169042819833,1731377532.7883463,290251558.9776442
2022-01-15 00:00:00 UTC,144.40751857832902,1715712611.8037589,259029292.20752737
2022-01-16 00:00:00 UTC,141.48034004727623,1735832913.0813584,218009279.1211333
2022-01-17 00:00:00 UTC,139.22610619882505,1699541319.4779685,103665488.43254738
2022-01-18 00:00:00 UTC,132.01943353090184,1673898551.5537162,149326917.89287573
2022-01-19 00:00:00 UTC,126.63665678602916,1587728459.455998,215026302.39614663
2022-01-20 00:00:00 UTC,119.65260224820172,1523820998.627729,185440000.4013723
2022-01-21 00:00:00 UTC,102.63334143520191,1449107569.861767,193387314.12763533
2022-01-22 00:00:00 UTC,94.73879022437804,1241558858.5331368,239691728.47708997
2022-01-23 00:00:00 UTC,97.38392890412418,1140660063.90371,362229706.4662978
2022-01-24 00:00:00 UTC,94.67262813046234,1172268402.1307814,215207472.98301375
2022-01-25 00:00:00 UTC,91.07924698606908,1141235391.6941426,296385570.5152759
2022-01-26 00:00:00 UTC,89.73245100478873,1097799321.0791128,215070090.66184077
2022-01-27 00:00:00 UTC,89.21136312480849,1081874371.9150612,220378663.2784989
2022-01-28 00:00:00 UTC,91.65731072290173,1063229860.3697362,225951503.27310112
2022-01-29 00:00:00 UTC,96.29853199973492,1106952905.881726,177161694.18533668
2022-01-30 00:00:00 UTC,93.11729069891643,1157008481.372693,156228721.96338168
2022-01-31 00:00:00 UTC,94.6553157115194,1124337177.380807,104248161.07348572
2022-02-01 00:00:00 UTC,99.01809369980607,1144405412.4411542,97536051.32884966
2022-02-02 00:00:00 UTC,98.67353940891088,1195791853.211364,123691369.5089282
2022-02-03 00:00:00 UTC,100.35261428361773,1191725386.9986484,205407309.7390874
2022-02-04 00:00:00 UTC,107.89012604576858,1210934582.3803349,204721030.538553
2022-02-05 00:00:00 UTC,116.31463207152012,1296772274.72672,200894334.76098016
2022-02-06 00:00:00 UTC,124.58063430467791,1405620735.2501748,239030226.2695822
2022-02-07 00:00:00 UTC,129.02714885476195,1506143830.6252754,265031361.2667673
2022-02-08 00:00:00 UTC,133.76179214570402,1565521895.7953851,271916420.8720375
2022-02-09 00:00:00 UTC,126.75392748880604,1619869779.6922014,292276403.3526178
2022-02-10 00:00:00 UTC,126.36697084485424,1531435213.0229783,212115312.47854155
2022-02-11 00:00:00 UTC,116.55368405481846,1534685221.7675278,260355138.82134593
2022-02-12 00:00:00 UTC,117.70090894442568,1410918279.011539,213856458.8261076
2022-02-13 00:00:00 UTC,117.46973232025584,1425868846.393073,150354613.77896306
2022-02-14 00:00:00 UTC,120.77641086085396,1424632978.576945,129141179.80882835
2022-02-15 00:00:00 UTC,126.24792387033256,1464189433.133641,170756467.1520463
2022-02-16 00:00:00 UTC,125.50461605068088,1537634018.3420625,179721403.03133795
2022-02-17 00:00:00 UTC,113.38473425476994,1524729088.0223155,173856191.1793427
2022-02-18 00:00:00 UTC,109.35880037721236,1375801880.447827,236862830.80089208
2022-02-19 00:00:00 UTC,112.47015478580832,1330879244.798962,136592567.92545995
2022-02-20 00:00:00 UTC,108.11476173702232,1364009256.7565403,204043723.17265597
2022-02-21 00:00:00 UTC,100.56011307925569,1313419655.1839464,191817364.11839384
2022-02-22 00:00:00 UTC,102.88575012967596,1227358992.647426,207665211.37806872
2022-02-23 00:00:00 UTC,97.9547727580863,1249958945.798293,192541299.34525943
2022-02-24 00:00:00 UTC,102.57005933662528,1192147269.6383862,122550173.74423116
2022-02-25 00:00:00 UTC,107.06630621658744,1247011557.2660737,246922552.22309735
2022-02-26 00:00:00 UTC,107.93715075635622,1308756631.808151,204936125.5124137
2022-02-27 00:00:00 UTC,102.62705347322569,1308757263.078317,143228830.07011327
2022-02-28 00:00:00 UTC,119.30475726888116,1251797719.5254488,153215871.19590703
2022-03-01 00:00:00 UTC,119.3133105775645,1449538903.0569794,231606246.75788188
2022-03-02 00:00:00 UTC,126.3092956654486,1448703390.591485,168932581.9477435
2022-03-03 00:00:00 UTC,128.98686740602187,1537368548.2588148,177398445.39764723
2022-03-04 00:00:00 UTC,117.04858187391577,1576034058.5948462,215551301.22352883
2022-03-05 00:00:00 UTC,116.51630649974324,1425429292.6918457,214733796.9797664
2022-03-06 00:00:00 UTC,107.7506080217598,1418586807.524999,114573654.02074896
2022-03-07 00:00:00 UTC,110.26397066995398,1313992418.5332367,151892349.5552175
2022-03-08 00:00:00 UTC,138.74168817992876,1347489127.201013,218929922.2355925
2022-03-09 00:00:00 UTC,141.3724329005808,1691491506.2901947,527683331.44198304
2022-03-10 00:00:00 UTC,158.39982402224015,1727162157.0709257,609385339.409082
2022-03-11 00:00:00 UTC,154.0515605933139,1937442335.602749,635110484.6443846
2022-03-12 00:00:00 UTC,151.4904755609388,1879922007.6445863,540250695.1359396
2022-03-13 00:00:00 UTC,155.7717124797854,1856220164.3755472,326010850.9767445
2022-03-14 00:00:00 UTC,149.3112165787766,1903508447.0102477,304655613.745112
2022-03-15 00:00:00 UTC,136.57423714800706,1823130640.857414,338198637.0581713
2022-03-16 00:00:00 UTC,154.55673642725102,1678244983.323767,294573962.78428847
2022-03-17 00:00:00 UTC,152.390471939395,1846530547.784884,330762370.81741023
2022-03-18 00:00:00 UTC,171.30167122729898,1863473334.6992369,361773020.0816857
2022-03-19 00:00:00 UTC,180.05483765608702,2087785263.4828105,421828651.3285253
2022-03-20 00:00:00 UTC,174.0749293015486,2201790842.3950863,436855977.1538279
2022-03-21 00:00:00 UTC,181.7457704751607,2125553926.9762604,333485745.33797914
2022-03-22 00:00:00 UTC,174.56427038898445,2224473907.06184,385928112.79857415
2022-03-23 00:00:00 UTC,182.6428865087632,2138777835.2356665,185440055.5794371
2022-03-24 00:00:00 UTC,193.0391879493501,2232756553.780277,240589571.46752453
2022-03-25 00:00:00 UTC,195.1202536045608,2361656074.7429385,346452312.22287387
2022-03-26 00:00:00 UTC,205.0231570673287,2395142377.8524475,264910352.7183363
2022-03-27 00:00:00 UTC,209.52586941311077,2516548031.4599323,354773896.8493428
2022-03-28 00:00:00 UTC,192.0793135576577,2568491718.4072895,273303213.1869006
2022-03-29 00:00:00 UTC,195.55089875017535,2369705438.963291,264979986.11289653
2022-03-30 00:00:00 UTC,191.00043922997656,2404193829.2080455,313203857.48852104
2022-03-31 00:00:00 UTC,178.14086652516832,2347440426.357952,258511101.94422144
2022-04-01 00:00:00 UTC,185.9178766442215,2188555391.865489,254765507.8017647
2022-04-02 00:00:00 UTC,177.8533001300624,2285086086.670925,271976219.6737177
2022-04-03 00:00:00 UTC,179.3709786888576,2184672138.105443,178971741.90775937
2022-04-04 00:00:00 UTC,174.0059000728443,2208752221.91988,254120842.47055033
2022-04-05 00:00:00 UTC,165.64798552338976,2138812189.0601768,241847569.32605705
2022-04-06 00:00:00 UTC,161.30461691418705,2038514865.9269671,169891663.03524217
2022-04-07 00:00:00 UTC,172.49570553248924,1984140045.6889727,333512432.0987094
2022-04-08 00:00:00 UTC,166.04568479255295,2124143157.800804,255364085.08538857
2022-04-09 00:00:00 UTC,169.47911705720315,2048090285.360534,382125666.3531544
2022-04-10 00:00:00 UTC,161.97845142348373,2087989302.6803584,272555453.52213854
2022-04-11 00:00:00 UTC,143.30614972996423,1998493267.8868816,214553866.41245848
2022-04-12 00:00:00 UTC,147.2770077210975,1758873582.2763605,249657152.5200624
2022-04-13 00:00:00 UTC,151.74958537212274,1816141229.2161992,227971955.6375359
2022-04-14 00:00:00 UTC,144.64871060581572,1864233376.343355,206631104.19209903
2022-04-15 00:00:00 UTC,146.78369782696714,1783649467.7012088,185254210.35501847
2022-04-16 00:00:00 UTC,144.41091777245416,1811276658.942097,142498461.73203972
2022-04-17 00:00:00 UTC,137.73639408461617,1783703174.992188,150685257.81590337
2022-04-18 00:00:00 UTC,156.22759862653527,1706179603.552453,107365800.66929424
2022-04-19 00:00:00 UTC,158.8505448387394,1929409260.0193536,233715154.021815
2022-04-20 00:00:00 UTC,156.6912529190857,1962260078.903404,213462558.01508275
2022-04-21 00:00:00 UTC,160.0438348539488,1935469301.1772256,164628041.02511582
2022-04-22 00:00:00 UTC,157.4951125049303,1978067304.998981,264661256.70107415
2022-04-23 00:00:00 UTC,153.88206978408778,1944816825.0705128,208552732.6729993
2022-04-24 00:00:00 UTC,161.43450294677484,1903914994.7721813,126808188.10150944
2022-04-25 00:00:00 UTC,165.34300762020672,1996989222.785956,222946561.0673619
2022-04-26 00:00:00 UTC,145.83610383636378,2045930119.0342064,208507372.49389416
2022-04-27 00:00:00 UTC,149.178003256472,1805075006.041058,208258498.2211075
2022-04-28 00:00:00 UTC,146.6550891070988,1846975680.2137656,227492402.7722907
2022-04-29 00:00:00 UTC,128.4812659535652,1816264182.6468945,209702145.8636929
2022-04-30 00:00:00 UTC,114.71235609030585,1591642004.1570332,207280862.10219863
2022-05-01 00:00:00 UTC,124.13375884065358,1421491159.371698,173471134.39546478
2022-05-02 00:00:00 UTC,124.72667338850717,1538677917.026575,179158797.30640557
2022-05-03 00:00:00 UTC,119.62265828153602,1546473961.1892629,197795981.0295165
2022-05-04 00:00:00 UTC,134.35742396272428,1483620786.87123,170289501.1612229
2022-05-05 00:00:00 UTC,125.89248685322217,1666846201.4968152,168384767.6547837
2022-05-06 00:00:00 UTC,123.88695024671536,1562279753.3434994,230347878.7721949
2022-05-07 00:00:00 UTC,113.35355359647993,1537836995.7250066,210067782.22307912
2022-05-08 00:00:00 UTC,114.21496561164106,1407486297.7679749,150442140.99100828
2022-05-09 00:00:00 UTC,94.1722638048222,1418592008.658735,151648243.93908414
2022-05-10 00:00:00 UTC,93.03826629610036,1169992984.000089,251613128.3613211
2022-05-11 00:00:00 UTC,83.33641592921349,1156235395.8234107,206438989.20749843
2022-05-12 00:00:00 UTC,87.00735242688471,1035935207.875849,302452242.4218359
2022-05-13 00:00:00 UTC,94.14787526836052,1081909523.9976983,286894651.753201
2022-05-14 00:00:00 UTC,106.42732394732664,1171036296.2737265,198544696.0102375
2022-05-15 00:00:00 UTC,111.77896861025026,1324153150.7379563,210135391.4045384
2022-05-16 00:00:00 UTC,102.80879911683029,1391142028.6438627,176134106.7648841
2022-05-17 00:00:00 UTC,114.61378299289424,1279870612.6321616,125412503.27871092
2022-05-18 00:00:00 UTC,100.20118364752616,1427246060.182513,137029950.07629696
2022-05-19 00:00:00 UTC,104.4541753174207,1248126626.6708498,153680384.15551415
2022-05-20 00:00:00 UTC,107.25510850917176,1301480109.5061808,178247764.1060024
2022-05-21 00:00:00 UTC,104.52604148577832,1336759315.1628242,147622780.20049483
2022-05-22 00:00:00 UTC,100.4615643262612,1303121930.2151089,130844262.39113936
2022-05-24 00:00:00 UTC,100.26127019621023,1253868717.8752618,154346698.1046442
2022-05-25 00:00:00 UTC,95.78993410919226,1251019913.352595,148914673.522953
2022-05-26 00:00:00 UTC,87.93725607615082,1192804439.391133,108495158.961618
2022-05-27 00:00:00 UTC,86.02386905391373,1097792244.0314252,183021062.79461455
2022-05-28 00:00:00 UTC,87.13121019413894,1074539852.6934884,149543414.0119436
2022-05-29 00:00:00 UTC,92.04660145495748,1088777163.2417867,83443530.51007286
2022-05-30 00:00:00 UTC,99.09753959856155,1136992657.2569704,84471049.01810507
2022-05-31 00:00:00 UTC,93.61936785962082,1239414574.795061,156272593.9700063
2022-06-01 00:00:00 UTC,89.94063917271835,1170237360.2433422,153815406.05152023
2022-06-02 00:00:00 UTC,91.31328297779268,1127274934.8094988,145654670.88620275
2022-06-03 00:00:00 UTC,89.6511444037785,1142271834.4709885,112701911.24028052
2022-06-04 00:00:00 UTC,89.77668931140934,1122108974.0214603,106401674.39174543
2022-06-05 00:00:00 UTC,89.70091434395853,1122075098.1876743,98370303.64441024
2022-06-06 00:00:00 UTC,93.9613212133204,1123121358.737705,88234355.15295106
2022-06-07 00:00:00 UTC,93.24930039278566,1176473806.3015049,88629162.67378424
2022-06-08 00:00:00 UTC,92.2705288674321,1167927555.3595016,101766740.89534204
2022-06-09 00:00:00 UTC,91.44566152564404,1154209776.178945,115306991.6191298
2022-06-10 00:00:00 UTC,86.66476684797118,1145905193.5313394,117716420.8766003
2022-06-11 00:00:00 UTC,79.91497326587583,1086897741.5411215,87742475.65681235
2022-06-12 00:00:00 UTC,79.74052966788545,994890252.3874254,107355426.27604534
2022-06-13 00:00:00 UTC,65.54266910903763,1011002327.6260904,153043061.2739569
2022-06-14 00:00:00 UTC,63.84259675481096,820492094.0196844,200828442.52022263
2022-06-15 00:00:00 UTC,68.39567801502186,805178171.2812625,132019237.69490482
2022-06-16 00:00:00 UTC,59.005172401222815,856348278.7320122,118205627.59889898
2022-06-17 00:00:00 UTC,62.55984861042153,739561161.735646,60051395.62201187
2022-06-18 00:00:00 UTC,59.47287017011557,785791356.1733494,85005964.58678772
2022-06-19 00:00:00 UTC,67.63833834104224,746559653.9396999,74103166.48214777
2022-06-20 00:00:00 UTC,65.08799959041953,848110972.153765,119297973.5632505
2022-06-21 00:00:00 UTC,65.92508447880599,819309977.9873177,68085554.46712416
2022-06-22 00:00:00 UTC,63.24207463483607,828948462.2725205,78193329.83362664
2022-06-23 00:00:00 UTC,65.66912771760873,800475075.6247007,52588227.18431056
2022-06-24 00:00:00 UTC,69.38759753740304,825896143.0040479,59766157.24358808
2022-06-25 00:00:00 UTC,68.25566830909804,877144302.1995461,65454572.8801007
2022-06-26 00:00:00 UTC,63.795004272719325,853354900.3220341,42747869.255448736
2022-06-27 00:00:00 UTC,62.3823228587941,804105122.4704974,42457644.56980551
2022-06-28 00:00:00 UTC,58.880215755901354,785419148.2922357,44163307.41356586
2022-06-29 00:00:00 UTC,57.551983989278405,740761243.7127329,41449998.07892807
2022-06-30 00:00:00 UTC,53.7116769205202,724226432.2402843,55826969.35779134
2022-07-01 00:00:00 UTC,53.33956326289631,678784523.5029874,92141971.569134
2022-07-02 00:00:00 UTC,54.07164609690483,674131101.3272374,110180980.59134676
2022-07-03 00:00:00 UTC,54.451965408579746,682264669.3025978,48750102.11369516
2022-07-04 00:00:00 UTC,58.18193859375511,686082400.7945962,43145172.54908297
2022-07-05 00:00:00 UTC,57.077280872145714,734461917.8908782,61820247.112524584
2022-07-06 00:00:00 UTC,58.320325464256385,720407197.6401875,47077916.99961551
2022-07-07 00:00:00 UTC,59.81412328802973,735973629.0067631,74249131.86520204
2022-07-08 00:00:00 UTC,60.267556181286224,758817068.0990276,56903168.142170824
2022-07-09 00:00:00 UTC,61.267484055305715,757995708.4955639,77467519.63438827
2022-07-10 00:00:00 UTC,59.45637715770364,774259033.7060933,57653239.63168
2022-07-11 00:00:00 UTC,55.822152700550454,753907962.1769845,49838615.86330533
2022-07-12 00:00:00 UTC,52.36265367363595,705649446.0743638,55226351.83755852
2022-07-13 00:00:00 UTC,55.02649964337136,665763246.4860331,59161969.243983045
2022-07-14 00:00:00 UTC,57.64481663908408,695286483.4575121,56275792.54014477
2022-07-15 00:00:00 UTC,58.55063427404834,728310659.3599476,53221154.255594656
2022-07-16 00:00:00 UTC,63.13887446527193,740947432.4520544,61234166.705095775
2022-07-17 00:00:00 UTC,59.62714327930048,797736898.7268296,75959364.11201921
2022-07-18 00:00:00 UTC,65.2410656342946,755113998.1578174,62362908.43466209
2022-07-19 00:00:00 UTC,64.84349265296522,830568711.3557686,60009918.62852579
2022-07-20 00:00:00 UTC,62.154098038021104,821643574.2129064,95464019.620407
2022-07-21 00:00:00 UTC,61.92621171387762,785414086.6615118,95241406.24295747
2022-07-22 00:00:00 UTC,59.98597949812668,787239133.8062006,57677885.763459735
2022-07-23 00:00:00 UTC,59.79299671481608,760620456.5927184,60031974.22810673
2022-07-24 00:00:00 UTC,59.133090809194314,753242937.6866366,122465097.53419772
2022-07-25 00:00:00 UTC,54.47306678914106,749780428.0398961,83860984.31895286
2022-07-26 00:00:00 UTC,55.70300958420003,706991717.5506175,33296215.533540815
2022-07-27 00:00:00 UTC,61.812113394155574,705829723.2925475,41341483.3766035
2022-07-28 00:00:00 UTC,63.65398695193911,784817093.2301844,108112311.67366378
2022-07-29 00:00:00 UTC,64.13414513999282,807899606.5780199,97832102.75284782
2022-07-30 00:00:00 UTC,65.12173979979464,821802154.9237936,116017128.46647903
2022-07-31 00:00:00 UTC,64.59816362443249,827618315.8892246,92219396.57927062
2022-08-01 00:00:00 UTC,62.803053595380135,821690801.4504086,88421272.06543048
2022-08-02 00:00:00 UTC,61.78309384529765,798425183.8385143,50928479.080276825
2022-08-03 00:00:00 UTC,61.605211133434544,785665274.3403299,66454438.60213953
2022-08-04 00:00:00 UTC,64.73768220484509,783149156.2519277,62569545.74070547
2022-08-05 00:00:00 UTC,69.04315527471819,822166281.1423509,49682963.14530546
2022-08-06 00:00:00 UTC,67.77846091645402,875818449.3902179,58780356.17410606
2022-08-07 00:00:00 UTC,70.25538360904619,865472717.1084266,39294584.37183672
2022-08-08 00:00:00 UTC,77.52309909365447,895019620.4716005,78910635.84984812
2022-08-09 00:00:00 UTC,79.91954855010643,988199343.8145531,118839845.18844987
2022-08-10 00:00:00 UTC,78.5312861131883,1018613758.8015672,183160352.2307489
2022-08-11 00:00:00 UTC,79.17702136182032,996593763.0209886,140935117.48542285
2022-08-12 00:00:00 UTC,77.34959056057338,1006760089.8083446,130847677.65211266
2022-08-13 00:00:00 UTC,76.2452137069112,987364509.024588,52333426.11088825
2022-08-14 00:00:00 UTC,74.01097752432685,970918458.7454044,44665774.263966344
2022-08-15 00:00:00 UTC,73.9164561647212,940623950.3703424,50619589.54686448
2022-08-16 00:00:00 UTC,76.05265537048554,943892242.356133,75039083.0607977
2022-08-17 00:00:00 UTC,74.37700099560652,971399888.4004736,52833193.5441433
2022-08-18 00:00:00 UTC,70.25309151873574,947126256.9192544,66801078.56790539
2022-08-19 00:00:00 UTC,62.3831992348398,898130486.1520734,53522077.82742883
2022-08-20 00:00:00 UTC,63.02378014464369,798039749.7608789,97909589.2520868
2022-08-21 00:00:00 UTC,64.90216691136592,805417088.0187342,60035544.39625232
2022-08-22 00:00:00 UTC,64.96766797117138,835031325.7965194,53976838.71819128
2022-08-23 00:00:00 UTC,66.40895334732517,830563010.876336,43211494.29712653
2022-08-24 00:00:00 UTC,67.84923588306246,849669129.657867,68082612.02090703
2022-08-25 00:00:00 UTC,67.98098230832312,868528495.9111232,96007794.90736005
2022-08-26 00:00:00 UTC,61.06991463080727,871026937.9708595,66542310.40103997
2022-08-27 00:00:00 UTC,61.306714979559814,777273123.5163714,65704526.05288076
2022-08-28 00:00:00 UTC,61.2825164642973,786704248.7205179,56919274.15732455
2022-08-29 00:00:00 UTC,63.94594200755221,787213717.5275271,33598249.66221931
2022-08-30 00:00:00 UTC,60.04802603924491,819503738.626092,37856812.127538815
2022-08-31 00:00:00 UTC,59.78078084031681,772838771.9705102,37333184.92164604
2022-09-01 00:00:00 UTC,59.11319488484505,766031124.007867,40535212.54246476
2022-09-02 00:00:00 UTC,60.239348652156394,756983935.9230597,59355258.10411722
2022-09-03 00:00:00 UTC,62.57935324165885,770663437.7879658,56920000.89263367
2022-09-04 00:00:00 UTC,64.16002873903368,800808718.5835339,55817683.61801646
2022-09-05 00:00:00 UTC,63.23641906468004,820462905.6372869,49963686.58671638
2022-09-06 00:00:00 UTC,58.283140033491534,809434286.8995075,44048534.840796694
2022-09-07 00:00:00 UTC,59.55498013190438,745961305.3054515,62100175.21427151
2022-09-08 00:00:00 UTC,61.05348138221008,763938785.9998242,49877244.334065884
2022-09-09 00:00:00 UTC,65.9630595198666,781584737.2528311,55214732.86474435
2022-09-10 00:00:00 UTC,65.51900383621917,844584405.9852948,48200695.0717033
2022-09-11 00:00:00 UTC,64.27702397530162,839084570.0595865,52220139.08795679
2022-09-12 00:00:00 UTC,62.91527041171285,822228245.2357581,36453353.62780322
2022-09-13 00:00:00 UTC,58.85628875376011,803540419.2804968,65805866.200547166
2022-09-14 00:00:00 UTC,62.04052249277638,754545837.8009967,59381508.13210233
2022-09-15 00:00:00 UTC,58.34875810396786,793733668.1622877,37302078.61543165
2022-09-16 00:00:00 UTC,56.611454854323675,746679351.1870657,42760340.382305555
2022-09-17 00:00:00 UTC,58.766915612369374,726189684.3603275,35375077.8150507
2022-09-18 00:00:00 UTC,53.13113147716851,754003947.8762501,21268001.651223764
2022-09-19 00:00:00 UTC,55.30649933236729,682987316.2332952,35463452.17194191
2022-09-20 00:00:00 UTC,53.59171141895641,711519553.0829995,34395514.48861254
2022-09-21 00:00:00 UTC,53.76908233908297,689309524.0234636,39228520.620040946
2022-09-22 00:00:00 UTC,56.60652828717296,691078231.2730801,61331014.4785859
2022-09-23 00:00:00 UTC,56.15478600946985,726810385.9649535,48556948.2715023
2022-09-24 00:00:00 UTC,55.65070262209637,723161080.5962629,40258847.56568498
2022-09-25 00:00:00 UTC,56.345667902793494,715194664.7781494,26190390.23857379
2022-09-26 00:00:00 UTC,58.90851938777086,723749261.955746,41589969.99985934
2022-09-27 00:00:00 UTC,57.29571881214115,755669503.1840161,49955957.140182115
2022-09-28 00:00:00 UTC,55.483881521586945,736957717.3721377,63015293.12354344
2022-09-29 00:00:00 UTC,56.614019368875894,714353528.289016,56999405.43861907
2022-09-30 00:00:00 UTC,55.988238777938456,727262502.2921857,31196760.90448801
2022-10-01 00:00:00 UTC,55.301225306250586,720762904.6427578,49557046.25167446
2022-10-02 00:00:00 UTC,53.750293838653505,712317417.8965449,22665452.481487863
2022-10-03 00:00:00 UTC,55.97124681553484,694938301.6965007,22833690.16787926
2022-10-04 00:00:00 UTC,56.8023423746228,722280637.952953,42052863.3440145
2022-10-05 00:00:00 UTC,56.70535908501437,731335088.9452657,27029997.777731337
2022-10-06 00:00:00 UTC,55.17051365942469,731184525.0355015,34699075.49739738
2022-10-07 00:00:00 UTC,54.975617759918386,710997832.5765481,32844185.783153623
2022-10-08 00:00:00 UTC,54.658593589738544,709581405.2599581,22745765.452555805
2022-10-09 00:00:00 UTC,54.81508592495167,702355613.732286,36235612.97155002
2022-10-10 00:00:00 UTC,52.57540255316162,705457034.2435256,21919610.64795713
2022-10-11 00:00:00 UTC,51.716573762811855,679448044.6261002,40408590.94431221
2022-10-12 00:00:00 UTC,51.71038901504615,666301054.0708656,40880731.17130665
2022-10-13 00:00:00 UTC,51.07070972307956,667409700.6980412,36194624.04058756
2022-10-14 00:00:00 UTC,50.02522289523585,659357732.9921074,69565209.04699773
2022-10-15 00:00:00 UTC,51.06483547254757,646021281.8952875,24902826.84578246
2022-10-16 00:00:00 UTC,51.85864046869163,659558410.7217814,50797830.653033584
2022-10-17 00:00:00 UTC,52.80633105841176,670061749.6206096,33992388.11386428
2022-10-18 00:00:00 UTC,52.64536037155061,682567386.3552939,56922357.04794943
2022-10-19 00:00:00 UTC,50.72357838457745,680845423.7823211,87132671.39577682
2022-10-20 00:00:00 UTC,52.01524662014528,660690608.300269,35388963.60869156
2022-10-21 00:00:00 UTC,52.128907346318634,671741243.1814853,66410842.81033456
2022-10-22 00:00:00 UTC,52.50072846401852,673801464.6690383,63350914.59669811
2022-10-23 00:00:00 UTC,53.00584718753932,678555550.1406412,57513687.40286841
2022-10-24 00:00:00 UTC,52.09032125645512,685784204.3861496,47632552.707067184
2022-10-25 00:00:00 UTC,53.33679724960256,674104041.9077088,45710138.404531434
2022-10-26 00:00:00 UTC,55.18505385527724,690441253.133388,47886866.06753128
2022-10-27 00:00:00 UTC,52.90600159327553,714351627.468542,56382611.95880005
2022-10-28 00:00:00 UTC,53.66297086874207,686473458.8035548,45540935.46310042
2022-10-29 00:00:00 UTC,54.4408885850809,696493770.8862599,40045000.7116529
2022-10-30 00:00:00 UTC,53.71320840902645,704684552.0258253,45175917.05756447
2022-10-31 00:00:00 UTC,52.60283550736206,694447002.7648368,29317320.27485943
2022-11-01 00:00:00 UTC,50.20775919477752,681656355.8743485,44772175.58427192
2022-11-02 00:00:00 UTC,50.34773280904381,649642396.8014681,121918662.63484572
2022-11-03 00:00:00 UTC,50.35624585003872,652835721.5322247,126417445.46578445
2022-11-04 00:00:00 UTC,53.76509453666445,651211519.1710234,113784104.31319572
2022-11-05 00:00:00 UTC,53.584526018434914,697591605.1198399,141489084.5640843
2022-11-06 00:00:00 UTC,50.350749920630314,694637204.8694427,132391956.10803398
2022-11-07 00:00:00 UTC,51.18036727278949,653029448.1348305,104005389.95301618
2022-11-08 00:00:00 UTC,42.206992678792176,662814485.4826144,131053660.29608524
2022-11-09 00:00:00 UTC,35.34460087439749,548641149.3900287,110544883.49400902
2022-11-10 00:00:00 UTC,39.38981446780842,453947382.5783075,95925375.7110465
2022-11-11 00:00:00 UTC,39.40249704938539,510735358.4255738,81764662.41899872
2022-11-12 00:00:00 UTC,39.99436700177696,511637469.74223506,47344146.99330371
2022-11-13 00:00:00 UTC,40.520895543451445,518555824.448265,51241397.480767585
2022-11-14 00:00:00 UTC,40.609978275906954,526455480.13000023,54244186.01587596
2022-11-15 00:00:00 UTC,40.99444730551186,526940164.7771083,36570968.440126285
2022-11-16 00:00:00 UTC,39.054758945015365,532681370.91932106,38571127.20003436
2022-11-17 00:00:00 UTC,39.7427280898143,507657522.6431284,30006469.34890158
2022-11-18 00:00:00 UTC,39.29888994859507,516693837.73981726,24708435.144760493
2022-11-19 00:00:00 UTC,39.76922915219136,510971993.46789896,32580172.055232957
2022-11-20 00:00:00 UTC,38.08111108791323,517067222.6595547,33050094.97988131
2022-11-21 00:00:00 UTC,37.67613687538434,494781621.9563955,21403128.063972544
2022-11-22 00:00:00 UTC,39.83412578218416,492179209.173668,40995098.03183351
2022-11-23 00:00:00 UTC,43.214505008512646,518349240.71977264,42251606.660812356
2022-11-24 00:00:00 UTC,43.64483380201862,562399708.361468,84432593.15663387
2022-11-25 00:00:00 UTC,41.46474553948521,568237079.5906087,59302869.67344646
2022-11-26 00:00:00 UTC,41.34852871554344,539056579.6051806,39652071.13485327
2022-11-27 00:00:00 UTC,40.77754892607658,538191736.0867571,45378769.558920175
2022-11-28 00:00:00 UTC,39.56884354778849,532137673.31366205,24458924.6854835
2022-11-29 00:00:00 UTC,40.05849517675129,515342265.71990246,33426359.886775974
2022-11-30 00:00:00 UTC,43.517897484270925,521753184.5928472,31721139.897294823
2022-12-01 00:00:00 UTC,44.94137467794866,567666068.763443,61782004.02383768
2022-12-02 00:00:00 UTC,46.23029599561393,586005126.8556275,62558653.08092136
2022-12-03 00:00:00 UTC,45.53077568485627,600966157.5063452,36456399.813794374
2022-12-04 00:00:00 UTC,45.93051580139287,595509465.6060371,24848309.336314794
2022-12-05 00:00:00 UTC,46.4664257471544,598757641.4501177,30813893.46703004
2022-12-06 00:00:00 UTC,46.10804403040547,605478070.0293225,36088498.773132384
2022-12-07 00:00:00 UTC,43.68371044566665,601995686.3164725,33353103.06356838
2022-12-08 00:00:00 UTC,44.90650643584264,570356024.3966075,35264236.95930173
2022-12-09 00:00:00 UTC,45.6934607660052,587166451.995053,31155248.666912336
2022-12-10 00:00:00 UTC,45.54697560008851,596293037.0588586,31802339.067513153
2022-12-11 00:00:00 UTC,44.86405358002625,595438882.6824675,22795938.884944458
2022-12-12 00:00:00 UTC,45.920572518246416,587630667.0612422,26348920.706310015
2022-12-13 00:00:00 UTC,46.30667864117638,600339435.7661455,39157038.0094419
2022-12-14 00:00:00 UTC,46.400844113045395,604866638.023765,47816732.4508772
2022-12-15 00:00:00 UTC,45.817750195255215,607768542.1837534,36787617.32409791
2022-12-16 00:00:00 UTC,41.06093022944992,598858421.3378198,38672376.41458909
2022-12-17 00:00:00 UTC,43.081099306842745,537344863.2505604,43505133.93248427
2022-12-18 00:00:00 UTC,43.46381286157326,563938549.4392282,45096658.106006175
2022-12-19 00:00:00 UTC,42.12383937464116,571820559.9644278,26871985.60251961
2022-12-20 00:00:00 UTC,42.159644559341146,551723627.0358813,47419147.33671018
2022-12-21 00:00:00 UTC,41.41912873067727,553306567.2553227,31142908.230836883
2022-12-22 00:00:00 UTC,39.362617950786934,541051878.4557964,30128136.376916777
2022-12-23 00:00:00 UTC,39.389515769256874,515586325.0531637,40394104.58067589
2022-12-24 00:00:00 UTC,39.7464235489004,515859906.5258506,30986220.259314608
2022-12-25 00:00:00 UTC,39.98635906808554,521503090.40767527,24092102.661477808
2022-12-26 00:00:00 UTC,40.23928970024405,524356528.1682685,24809719.352132745
2022-12-27 00:00:00 UTC,38.736630228863376,529044944.38322353,28976457.0789967
2022-12-28 00:00:00 UTC,37.44256519571527,508254185.9853724,28555145.672322415
2022-12-29 00:00:00 UTC,38.06763957080871,491184664.3728484,34096413.652084835
2022-12-30 00:00:00 UTC,37.89667415886547,499398945.8982092,30338079.941461213
2022-12-31 00:00:00 UTC,37.33318818015606,496892579.3611232,34100975.48359505
2023-01-01 00:00:00 UTC,37.22257413499024,489749947.3765341,21464467.184783015
2023-01-02 00:00:00 UTC,39.61907923261557,488252606.0308024,22772584.88202697
2023-01-03 00:00:00 UTC,40.05965630936279,519588208.1385703,55343330.348212734
2023-01-04 00:00:00 UTC,40.8076088876557,526914501.4203657,54808920.74433553
2023-01-05 00:00:00 UTC,39.785037278632,534191176.6685648,64444299.54617531
2023-01-06 00:00:00 UTC,41.4421398704644,524482351.1279988,34879069.255496256
2023-01-07 00:00:00 UTC,41.56519222424157,545076890.644499,60081988.283328146
2023-01-08 00:00:00 UTC,42.51678058838141,546866410.3136631,37536595.09115661
2023-01-09 00:00:00 UTC,43.32604117093942,557744074.4960052,39671168.87881353
2023-01-10 00:00:00 UTC,44.02580628222024,569744378.4337897,59108997.460025415
2023-01-11 00:00:00 UTC,44.32810611785826,580359804.6464205,56210937.87212817
2023-01-12 00:00:00 UTC,45.317285758012886,583370388.0583785,42848946.113411605
2023-01-13 00:00:00 UTC,45.427360480814755,596868016.6676681,56637560.63348279
2023-01-14 00:00:00 UTC,46.97672602358632,597442863.0070788,56735856.634935685
2023-01-15 00:00:00 UTC,44.8442284903101,616018496.7491224,97794496.5004372
2023-01-16 00:00:00 UTC,42.505804198479574,590517042.2418725,64806570.42737095
2023-01-17 00:00:00 UTC,44.66070364004682,560115230.1289717,91486939.88515984
2023-01-18 00:00:00 UTC,43.034495242892,589189760.5921874,93182190.75957556
2023-01-19 00:00:00 UTC,44.37848749393767,565097191.1301031,89390401.93617003
2023-01-20 00:00:00 UTC,48.107052939124216,583955773.9280466,59694583.5875381
2023-01-21 00:00:00 UTC,47.9444428333614,631399338.913035,90018882.72643684
2023-01-22 00:00:00 UTC,47.31694584106617,628718064.6988446,75112103.97179136
2023-01-23 00:00:00 UTC,46.92944977737581,620843827.8009224,55035702.74462592
2023-01-24 00:00:00 UTC,44.4752574376509,614188360.5670723,57952647.21387004
2023-01-25 00:00:00 UTC,45.41994617195739,581067224.9835026,68303101.05912432
2023-01-26 00:00:00 UTC,46.83844175967842,594382851.5141258,62872943.95980428
2023-01-27 00:00:00 UTC,46.647813797250386,610473434.0418953,62555438.75507482
2023-01-28 00:00:00 UTC,45.345577401692886,607093914.2741868,72419919.61087589
2023-01-29 00:00:00 UTC,47.19610476891164,590205470.8197407,40671574.27819127
2023-01-30 00:00:00 UTC,44.591732978559214,612640015.5186375,71853061.68673223
2023-01-31 00:00:00 UTC,45.16414129709914,577341649.3805087,74436371.47297262
2023-02-01 00:00:00 UTC,47.260472501135915,584686022.6771866,56179113.07996944
2023-02-02 00:00:00 UTC,45.92152577924078,611122747.9044456,64092994.83842172
2023-02-03 00:00:00 UTC,47.05227299673006,592537383.9410071,75724298.00098956
2023-02-04 00:00:00 UTC,46.558987715973494,605955478.0086269,58368736.103125595
2023-02-05 00:00:00 UTC,44.27242150798386,600663953.5367026,41033798.79892161
2023-02-06 00:00:00 UTC,43.34805836850163,568460185.6503664,55211654.782791
2023-02-07 00:00:00 UTC,46.982350490860526,555608993.8509289,49242291.00929756
2023-02-08 00:00:00 UTC,45.26282523606552,600175543.1105545,87637721.9413605
2023-02-09 00:00:00 UTC,42.85050559092849,579887143.6155152,63101853.13970584
2023-02-10 00:00:00 UTC,43.60795670414616,546886598.7508528,85546104.41658388
2023-02-11 00:00:00 UTC,45.72138037851118,556707511.9994987,68722881.37374112
2023-02-12 00:00:00 UTC,46.27857039235652,582965086.2881218,66315717.50618587
2023-02-13 00:00:00 UTC,43.52530162761963,588862000.720975,90564541.8464997
2023-02-14 00:00:00 UTC,43.661135793092605,553200110.5207654,84737395.66886695
2023-02-15 00:00:00 UTC,46.222079725779274,553771347.8131958,69816121.58429283
2023-02-16 00:00:00 UTC,43.47082140896351,585098625.1448488,73176635.31529689
2023-02-17 00:00:00 UTC,45.35455712113282,549979657.6499279,86047841.48132958
2023-02-18 00:00:00 UTC,46.07714139328488,573957479.2176069,79132148.99552023
2023-02-19 00:00:00 UTC,47.897274873738525,581937754.355422,64283256.79758087
2023-02-20 00:00:00 UTC,50.16873405855178,602619749.6389829,101116065.84436937
2023-02-21 00:00:00 UTC,49.33942128787029,629043643.7192191,117983395.37692924
2023-02-22 00:00:00 UTC,47.856476541704495,611494052.3199013,105325229.62208398
2023-02-23 00:00:00 UTC,47.90990647311242,595823094.6891335,65657589.17661944
2023-02-24 00:00:00 UTC,45.20776255475727,592823879.0604887,44103941.615496226
2023-02-25 00:00:00 UTC,44.44253352612541,558450577.6327878,44333054.01542851
2023-02-26 00:00:00 UTC,45.08372068340521,548519529.4712278,34244729.48334821
2023-02-27 00:00:00 UTC,44.15014271307762,553204308.3830049,32920609.865736436
2023-02-28 00:00:00 UTC,43.02685918347554,540986507.8388151,36766778.88970479
2023-03-01 00:00:00 UTC,44.31487361922533,524346370.8143822,35496229.988063805
2023-03-02 00:00:00 UTC,43.59574877883688,537392973.4716865,43294047.61117457
2023-03-03 00:00:00 UTC,39.60147364702773,526915993.28059447,33131683.902796134
2023-03-04 00:00:00 UTC,38.620316629985176,476061666.3324138,65150475.77067528
2023-03-05 00:00:00 UTC,38.123104578835125,461096904.59799504,35567417.72332942
2023-03-06 00:00:00 UTC,38.49127879164579,453620992.00608575,29632985.131962217
2023-03-07 00:00:00 UTC,37.674470280288595,457777397.9320828,40932672.5707256
2023-03-08 00:00:00 UTC,35.72151023438437,446198987.0733427,40992408.19097163
2023-03-09 00:00:00 UTC,34.21292344501595,422306670.66575813,35512562.06871771
2023-03-10 00:00:00 UTC,32.11180688142528,400593508.58401006,42167546.094601214
2023-03-11 00:00:00 UTC,31.39661156412082,376176451.1452981,66150176.97189797
2023-03-12 00:00:00 UTC,34.467361063328276,365424387.4268839,53256254.86412517
2023-03-13 00:00:00 UTC,35.43911590510855,396481276.4218551,45336490.131305814
2023-03-14 00:00:00 UTC,36.350250512956485,406081114.924579,61593064.332832634
2023-03-15 00:00:00 UTC,33.44478265022883,415795446.0148083,73611071.7200858
2023-03-16 00:00:00 UTC,34.1476680079082,379740342.57708746,56732203.55726635
2023-03-17 00:00:00 UTC,37.25431669003216,386197887.4888074,45444388.61370242
2023-03-18 00:00:00 UTC,36.19913504954698,417417309.0566699,51291744.58749091
2023-03-19 00:00:00 UTC,36.83750794563569,403976576.3250995,53110844.8135256
2023-03-20 00:00:00 UTC,34.65587842157257,412446344.3850829,36941972.61093222
2023-03-21 00:00:00 UTC,36.59635740563861,381673923.6085692,46474846.16562719
2023-03-22 00:00:00 UTC,34.87022150452472,400784797.0281679,40746604.7390181
2023-03-23 00:00:00 UTC,38.22296817216332,378912092.3635053,40897415.61616525
2023-03-24 00:00:00 UTC,36.12264882211503,412996099.06100607,36881652.91158949
2023-03-25 00:00:00 UTC,35.78361054951916,387984208.1642585,45439931.536899395
2023-03-26 00:00:00 UTC,36.3215163288545,382226781.22596925,30120904.106496807
2023-03-27 00:00:00 UTC,35.88371553972223,386468783.6628044,28962412.932297353
2023-03-28 00:00:00 UTC,36.41675763564188,377619065.7793341,43906009.01191943
2023-03-29 00:00:00 UTC,37.17640653518529,383071072.44968474,35672276.39786136
2023-03-30 00:00:00 UTC,37.841411909718566,390371457.53553265,34589293.5103853
2023-03-31 00:00:00 UTC,38.83148103736275,395188513.5262431,38990447.263250776
2023-04-01 00:00:00 UTC,38.298733665307395,405852275.944826,38830382.56373717
2023-04-02 00:00:00 UTC,36.69745678493191,399738756.15793264,27752316.98320109
2023-04-03 00:00:00 UTC,36.4791107814171,380997142.8119487,23492025.86045495
2023-04-04 00:00:00 UTC,37.7550336370679,378020951.8278809,31039326.382244177
2023-04-05 00:00:00 UTC,37.99302671775379,389474810.72821224,22440700.028643154
2023-04-06 00:00:00 UTC,37.764716651459906,390706308.6453856,25783350.59456439
2023-04-07 00:00:00 UTC,37.76337963182489,385708491.6130154,25686120.97970598
2023-04-08 00:00:00 UTC,38.4936598978202,383730663.8686207,24798650.224550623
2023-04-09 00:00:00 UTC,39.692372348659894,388858981.166426,23398034.92083084
2023-04-10 00:00:00 UTC,39.5582571594133,399450699.2298237,35452622.77838473
2023-04-11 00:00:00 UTC,39.80146836202187,396220432.69801205,32021586.55153984
2023-04-12 00:00:00 UTC,39.80318925920661,396064343.37255144,35041129.83412607
2023-04-13 00:00:00 UTC,41.31371750032039,394562836.324099,31080847.492280655
2023-04-14 00:00:00 UTC,42.15804356329102,406659521.693176,44830577.43936464
2023-04-15 00:00:00 UTC,42.90730999628472,413423250.39969826,42113483.52955832
2023-04-16 00:00:00 UTC,42.65140595627674,419030448.51391786,36579792.00240425
2023-04-17 00:00:00 UTC,41.58766988421176,413783307.8865701,25492616.272959504
2023-04-18 00:00:00 UTC,42.56976886998261,401211227.7271313,24080648.65855184
2023-04-19 00:00:00 UTC,38.18449411888311,408499931.56779337,25758887.794811405
2023-04-20 00:00:00 UTC,37.74836899361625,364358452.70369625,43853891.19136692
2023-04-21 00:00:00 UTC,36.57989111347521,359405366.82506084,29758619.12696198
2023-04-22 00:00:00 UTC,37.78457025088235,346978473.7202027,24217459.35672516
2023-04-23 00:00:00 UTC,37.02083649932167,357550613.4013439,16403423.22367582
2023-04-24 00:00:00 UTC,36.847699375241184,348586566.1193149,16449175.856026651
2023-04-25 00:00:00 UTC,37.39423831595123,345938118.3406009,19451603.46055489
2023-04-26 00:00:00 UTC,36.56808003673668,350132370.240446,23945348.51559204
2023-04-27 00:00:00 UTC,38.10684596334793,339796741.62045753,41926550.56761412
2023-04-28 00:00:00 UTC,37.783255991323685,351929026.1804276,35048822.21551871
2023-04-29 00:00:00 UTC,38.58728933907298,347689938.23500824,20004665.502496988
2023-04-30 00:00:00 UTC,37.681152438391514,353360585.8108185,16960999.790455405
2023-05-01 00:00:00 UTC,36.410425725703575,345318165.03817487,15307864.924090715
2023-05-02 00:00:00 UTC,36.780443313842206,332498105.8108169,26094445.366806746
2023-05-03 00:00:00 UTC,37.03545450676909,334250412.80033785,18814774.08735192
2023-05-04 00:00:00 UTC,36.38243942198264,335962351.2699194,26739134.423961017
2023-05-05 00:00:00 UTC,37.12709416762934,330298253.66292924,19551681.92677597
2023-05-06 00:00:00 UTC,35.89068444092202,336309950.6609983,25225866.49252543
2023-05-07 00:00:00 UTC,35.45603680829384,323336173.755069,25517762.03668866
2023-05-08 00:00:00 UTC,33.14602761509405,319476020.4897634,18165308.964123763
2023-05-09 00:00:00 UTC,33.2181541457918,297129985.5170279,40906508.32544792
2023-05-10 00:00:00 UTC,33.38312057365374,297418623.40699834,23015162.34606101
2023-05-11 00:00:00 UTC,32.59653846392605,298296868.72974133,28588456.081535213
2023-05-12 00:00:00 UTC,32.995056016260996,290770967.4933616,22153347.785182003
2023-05-13 00:00:00 UTC,32.67759734125719,293331135.2594716,21911931.11826788
2023-05-14 00:00:00 UTC,32.94611690952357,290548519.81369597,12614211.819323825
2023-05-15 00:00:00 UTC,32.94120718540562,290626843.3673407,13049421.624233812
2023-05-16 00:00:00 UTC,33.12767305535901,290919986.1716062,18722585.54270591
2023-05-17 00:00:00 UTC,33.943950879881434,292145066.3259107,16666441.421844304
2023-05-18 00:00:00 UTC,33.63621863473471,298428345.3957109,23116254.789920297
2023-05-19 00:00:00 UTC,33.41307198968982,295842246.64519864,16184959.48681944
2023-05-20 00:00:00 UTC,33.181850270178415,292861031.2376892,15644497.159949534
2023-05-21 00:00:00 UTC,32.1398718311149,289156558.241482,13065176.2884173
2023-05-22 00:00:00 UTC,32.06380974563457,281127943.0469939,17016465.8856241
2023-05-23 00:00:00 UTC,32.28438688750999,278896411.4243395,17693447.433475938
2023-05-24 00:00:00 UTC,30.99173686178664,280115777.2250819,15502396.47590343
2023-05-25 00:00:00 UTC,31.247390416753348,268921416.41730744,22547460.157833006
2023-05-26 00:00:00 UTC,32.57769994639175,269704784.18329966,22691984.246958073
2023-05-27 00:00:00 UTC,32.85728100340629,281172251.202808,27923137.512678336
2023-05-28 00:00:00 UTC,34.2218853061485,282151072.7464978,16027337.280178389
2023-05-29 00:00:00 UTC,33.68749347377321,294047860.134623,16109021.603132963
2023-05-30 00:00:00 UTC,33.880969330528025,288314601.40235174,16004820.085370636
2023-05-31 00:00:00 UTC,32.206972976259586,289834763.92356914,17587330.929748286
2023-06-01 00:00:00 UTC,31.54546379884609,275107464.7819267,20204058.51815492
2023-06-02 00:00:00 UTC,32.16614094713151,268690860.6277077,16144670.123099023
2023-06-03 00:00:00 UTC,32.2536047712897,273386544.0204967,13451153.768567769
2023-06-04 00:00:00 UTC,31.99313741070128,274224035.2623167,11505338.64474096
2023-06-05 00:00:00 UTC,29.347499997180435,272292944.77962875,13949976.528960131
2023-06-06 00:00:00 UTC,30.041560490596137,250131172.83522275,29712583.45265488
2023-06-07 00:00:00 UTC,28.745398502109303,255887412.15750507,25162749.8873378
2023-06-08 00:00:00 UTC,28.967591270803865,244668522.73853824,20456846.950531736
2023-06-09 00:00:00 UTC,28.959615253754677,246667264.17777783,15919251.090135712
2023-06-10 00:00:00 UTC,24.027576256472177,246197463.97516677,14549699.979060382
2023-06-11 00:00:00 UTC,24.77242138385873,204738605.1761405,63389276.364636526
2023-06-12 00:00:00 UTC,25.184707217825014,209978467.98552465,22663653.28680619
2023-06-13 00:00:00 UTC,25.396471658820367,212931887.9912274,22908532.720941365
2023-06-14 00:00:00 UTC,24.416607590606215,215170814.4460595,24271040.93933462
2023-06-15 00:00:00 UTC,24.76534731199168,207068347.38729548,22152290.426645953
2023-06-16 00:00:00 UTC,25.231504636059476,209950904.1751457,15327738.34600496
2023-06-17 00:00:00 UTC,25.53892677104378,213931712.01876137,18784886.104984555
2023-06-18 00:00:00 UTC,25.756885459870944,215900389.00446945,16772214.341849908
2023-06-19 00:00:00 UTC,26.225293668443697,218545602.70431545,16268888.560487958
2023-06-20 00:00:00 UTC,26.44477491796666,222465884.7133724,15958247.68409242
2023-06-21 00:00:00 UTC,27.383849601290187,224081088.73065025,23661864.09722931
2023-06-22 00:00:00 UTC,26.220528863412632,232237541.51213697,25143888.666017342
2023-06-23 00:00:00 UTC,28.758405254397935,222857407.2549593,22158768.23320162
2023-06-24 00:00:00 UTC,29.403311478066325,243597168.5347416,31843810.91881475
2023-06-25 00:00:00 UTC,30.496771737932463,248863502.00614557,22483668.324203156
2023-06-26 00:00:00 UTC,30.337329019427955,258475583.56346387,26588601.438040268
2023-06-27 00:00:00 UTC,30.263010134547432,257333659.36902004,28453392.614825822
2023-06-28 00:00:00 UTC,28.88000240227909,256906521.5597839,19651265.935903024
2023-06-29 00:00:00 UTC,29.640704113392815,245463233.7998527,22290501.670308888
2023-06-30 00:00:00 UTC,33.812614442072224,251980925.86169392,21073934.786292206
2023-07-01 00:00:00 UTC,34.03469135573392,286487767.40433395,64174924.75028525
2023-07-02 00:00:00 UTC,32.774010820944724,289106957.40223235,35718222.12519337
2023-07-03 00:00:00 UTC,33.198227773098424,278197655.3044236,21190425.479393873
2023-07-04 00:00:00 UTC,33.204777067458544,281254757.45252734,27771174.207169022
2023-07-05 00:00:00 UTC,31.784720093456656,283871654.0024566,22489359.81801929
2023-07-06 00:00:00 UTC,30.480060454673065,269558212.38488877,37697274.59098654
2023-07-07 00:00:00 UTC,29.54226366983865,258655964.41523364,25981034.636822432
2023-07-08 00:00:00 UTC,28.79483273799084,248158664.59742603,29372196.29485122
2023-07-09 00:00:00 UTC,28.538321297946784,241730147.95065573,25626338.32172887
2023-07-10 00:00:00 UTC,28.921002248907193,239238186.02056032,15889387.310049515
2023-07-11 00:00:00 UTC,28.965619288766447,242199434.0109608,22404272.804538768
2023-07-12 00:00:00 UTC,29.18389771552616,242409577.550655,15979359.180258311
2023-07-13 00:00:00 UTC,32.94455960872791,243373573.27162895,17535686.09124438
2023-07-14 00:00:00 UTC,31.862107625377092,274167227.70677865,37271132.21800215
2023-07-15 00:00:00 UTC,31.25405362725544,264243229.0504817,31377828.104684062
2023-07-16 00:00:00 UTC,30.8358965177178,259536142.21093327,18307298.338068537
2023-07-17 00:00:00 UTC,32.44458040644164,255457403.10245425,17423277.311422132
2023-07-18 00:00:00 UTC,31.200134163846396,268770631.5129411,25183402.469364
2023-07-19 00:00:00 UTC,31.324391331106646,258071938.78928885,20277695.832819022
2023-07-20 00:00:00 UTC,31.164759605567777,259262652.83652905,16289443.961587004
2023-07-21 00:00:00 UTC,31.48040988303104,258195273.88277227,20975954.30396407
2023-07-22 00:00:00 UTC,31.354119956021712,260865840.31002504,18404829.858125657
2023-07-23 00:00:00 UTC,31.775390604193188,258113121.90682003,16705454.822795773
2023-07-24 00:00:00 UTC,29.920660047441764,262793855.4619792,18398310.533814702
2023-07-25 00:00:00 UTC,29.79919735753178,247419659.9090876,23821600.62960089
2023-07-26 00:00:00 UTC,29.97631690633742,246292747.02406937,15226409.429210048
2023-07-27 00:00:00 UTC,30.10727766849348,247702769.9117731,17238323.476206124
2023-07-28 00:00:00 UTC,30.657237260536267,248647708.5750876,13586205.859903384
2023-07-29 00:00:00 UTC,30.39296068836461,253325942.28840908,14922168.454620574
2023-07-30 00:00:00 UTC,29.933044719053026,250897954.91823977,13191845.721820967
2023-07-31 00:00:00 UTC,30.27072992726128,247091009.2581337,15426682.552892407
2023-08-01 00:00:00 UTC,30.52299849113693,249724771.45490667,18961042.601611797
2023-08-02 00:00:00 UTC,29.63283446604574,250310017.01255465,23286177.02670201
2023-08-03 00:00:00 UTC,29.721081648654753,244088884.74584737,27383430.040185433
2023-08-04 00:00:00 UTC,29.096047902903926,245734962.260594,28001781.458164234
2023-08-05 00:00:00 UTC,29.270148442585505,239826883.0592086,20365897.74857668
2023-08-06 00:00:00 UTC,29.30661788225865,241342839.7921428,20661941.456425764
2023-08-07 00:00:00 UTC,29.1721016993891,241737007.62386292,26142143.41037884
2023-08-08 00:00:00 UTC,29.52918896549509,240576272.5938065,31032587.621789325
2023-08-09 00:00:00 UTC,29.48578678007715,244091514.63185403,26743330.39659599
2023-08-10 00:00:00 UTC,29.43764053451593,243614139.2076871,27204090.0215911
2023-08-11 00:00:00 UTC,29.58794952019137,243034704.66189215,26177943.61981232
2023-08-12 00:00:00 UTC,29.211207710290257,244308605.5029065,23217308.39920946
2023-08-13 00:00:00 UTC,29.94031369045249,240937572.9418324,21906577.856939927
2023-08-14 00:00:00 UTC,29.594613447957546,247609064.55573723,26222569.009271555
2023-08-15 00:00:00 UTC,28.05868367884993,245168779.89393127,26581320.09812147
2023-08-16 00:00:00 UTC,26.68989142645453,232162335.65556496,23584794.704313695
2023-08-17 00:00:00 UTC,24.4041552571402,220699902.0850413,21065460.710651837
2023-08-18 00:00:00 UTC,24.389997700940345,201102713.18402633,25809212.699744903
2023-08-19 00:00:00 UTC,24.88243148402753,201826128.22895747,19894064.40353632
2023-08-20 00:00:00 UTC,25.1070531976292,206032981.56946543,17842193.31590837
2023-08-21 00:00:00 UTC,24.832813553194597,207901080.73968777,25889354.38341481
2023-08-22 00:00:00 UTC,24.941464026459677,205643308.4204658,18631396.526600774
2023-08-23 00:00:00 UTC,25.447308908384525,206464732.97045028,22398476.601090103
2023-08-24 00:00:00 UTC,24.724081682060156,210896369.5439046,23419481.979833845
2023-08-25 00:00:00 UTC,25.006644708236877,204775872.4124712,19268504.375241857
2023-08-26 00:00:00 UTC,24.86488461252164,206957928.4193136,23502132.79647818
2023-08-27 00:00:00 UTC,25.06068954526801,205223813.19486848,16423769.637204956
2023-08-28 00:00:00 UTC,25.31997518050167,206923193.95141792,18142250.66748408
2023-08-29 00:00:00 UTC,26.390975536375095,209683159.2616466,17870065.789899513
2023-08-30 00:00:00 UTC,26.23848492737082,218233133.91296545,27198609.55115346
2023-08-31 00:00:00 UTC,24.744288826361903,214752899.92364708,21049131.883083552
2023-09-01 00:00:00 UTC,24.213057044975304,202986998.17475817,21446911.805815306
2023-09-02 00:00:00 UTC,24.713779972126037,198593306.4188772,20178850.02607735
2023-09-03 00:00:00 UTC,24.7602649582422,202279860.52868608,18764016.523935072
2023-09-04 00:00:00 UTC,24.514081941666735,203592519.3388344,18273502.07238045
2023-09-05 00:00:00 UTC,24.626810236819896,201225947.37308696,15658544.17831677
2023-09-06 00:00:00 UTC,25.116525921304323,202162139.93615448,12570864.168029876
2023-09-07 00:00:00 UTC,25.283804793640503,205375793.2367237,14973076.35734904
2023-09-08 00:00:00 UTC,25.02726409864347,206453474.2789219,14067740.223617028
2023-09-09 00:00:00 UTC,25.32721051181245,204027019.29643452,16805655.523017224
2023-09-10 00:00:00 UTC,24.778607410957527,205607399.55922103,10247837.33394343
2023-09-11 00:00:00 UTC,24.569088929817177,201423328.16333556,14824424.999547876
2023-09-12 00:00:00 UTC,24.772093313351306,199001988.25850967,17523622.838465534
2023-09-13 00:00:00 UTC,25.34322793702687,201391182.3338732,19558197.005302317
2023-09-14 00:00:00 UTC,25.320050421987233,205095773.3629202,15744451.618140286
2023-09-15 00:00:00 UTC,26.0499011410533,203441955.26754487,15551107.873379
2023-09-16 00:00:00 UTC,26.03385698567071,209385821.67925215,15168786.463326093
2023-09-17 00:00:00 UTC,25.47519898207844,207800227.01148912,34181386.74941927
2023-09-18 00:00:00 UTC,25.40221303987034,202644123.7830136,11365365.334948575
2023-09-19 00:00:00 UTC,25.818537861521577,202062289.08129328,14582411.435752343
2023-09-20 00:00:00 UTC,26.114523704642338,205311588.17345777,13089717.90925874
2023-09-21 00:00:00 UTC,26.118558560350458,207686186.04949057,14441505.431922387
2023-09-22 00:00:00 UTC,26.689651391962204,206834936.86599505,32600432.529990487
2023-09-23 00:00:00 UTC,26.626078726805098,210507573.45749643,12652957.446028674
2023-09-24 00:00:00 UTC,25.887723556619022,209460392.34923536,9550984.853283962
2023-09-25 00:00:00 UTC,26.114545390842856,203049560.2233203,9663190.811761595
2023-09-26 00:00:00 UTC,26.21644629840203,204693099.34679756,8738310.53232588
2023-09-27 00:00:00 UTC,26.037511360643947,205551123.4965782,11561240.30022756
2023-09-28 00:00:00 UTC,26.42837314718261,204082980.3406739,12585227.521849478
2023-09-29 00:00:00 UTC,26.710177539798092,207362660.71093193,11462209.3016468
2023-09-30 00:00:00 UTC,26.92038846956405,209603438.14742532,36352192.88237325
2023-10-01 00:00:00 UTC,28.07097439967144,211198905.08238932,10262724.901597794
2023-10-02 00:00:00 UTC,27.29398696452886,221128910.957664,12641246.478326395
2023-10-03 00:00:00 UTC,26.917940016666165,214050508.75395027,40883098.11033329
2023-10-04 00:00:00 UTC,27.148958841617983,211795688.24166065,16700666.30816703
2023-10-05 00:00:00 UTC,27.14986898324311,213171088.7210758,16405732.40647548
2023-10-06 00:00:00 UTC,26.71658417117368,213404228.71171263,38837372.23091058
2023-10-07 00:00:00 UTC,26.994231044458445,209894710.57562697,16624678.094806504
2023-10-08 00:00:00 UTC,26.209911681920897,212112528.60587135,12561256.85695943
2023-10-09 00:00:00 UTC,25.58485559346991,205947665.3391443,13078834.418443063
2023-10-10 00:00:00 UTC,25.478774511229805,201185613.35697627,15180855.6754774
2023-10-11 00:00:00 UTC,25.133868062441657,200328020.43899095,10727859.753487576
2023-10-12 00:00:00 UTC,24.514793727573736,197580882.50033247,14428514.481883936
2023-10-13 00:00:00 UTC,24.94115744673049,192826930.6193835,12201710.946725182
2023-10-14 00:00:00 UTC,24.95361102497753,196080822.418117,11298559.33315614
2023-10-15 00:00:00 UTC,25.147827620871208,196971446.16320544,8207944.098338096
2023-10-16 00:00:00 UTC,25.630815040614035,197951665.2550452,9767798.17534588
2023-10-17 00:00:00 UTC,24.60821528754571,202476380.13510373,16763810.744160753
2023-10-18 00:00:00 UTC,24.757465714844432,193875731.57683167,13051303.2854979
2023-10-19 00:00:00 UTC,25.006900325722032,195077630.69849077,15828002.459079776
2023-10-20 00:00:00 UTC,25.27708635057793,196785150.8020942,14633845.152298383
2023-10-21 00:00:00 UTC,25.63603803671954,199242352.163033,14704618.12062407
2023-10-22 00:00:00 UTC,25.886488346796575,202084494.47698063,14906374.419541018
2023-10-23 00:00:00 UTC,27.31641144314803,202074451.97113612,13587070.004508745
2023-10-24 00:00:00 UTC,27.524562330135605,214909930.89331853,23764281.992158473
2023-10-25 00:00:00 UTC,27.403928823124467,217093232.13659748,27710211.198443152
2023-10-26 00:00:00 UTC,27.81227527814582,215809481.6195861,19791267.457997262
2023-10-27 00:00:00 UTC,27.33387995808559,219816006.26663977,24484893.835853748
2023-10-28 00:00:00 UTC,27.885836490725797,216028504.1406557,16690945.889471035
2023-10-29 00:00:00 UTC,28.22039342053377,220249989.32517293,15008825.54638366
2023-10-30 00:00:00 UTC,28.504433728906488,222798253.9304773,13343759.873422202
2023-10-31 00:00:00 UTC,28.313771462086777,225340595.12724337,16881622.199254733
2023-11-01 00:00:00 UTC,28.639477336975535,223763667.01788116,29752114.15365195
2023-11-02 00:00:00 UTC,27.499719085842138,226257705.0722417,25219732.62290368
2023-11-03 00:00:00 UTC,27.651375813166194,217983815.3654351,27348496.67002066
2023-11-04 00:00:00 UTC,28.200675950064937,397289391.2168428,22948423.148562822
2023-11-05 00:00:00 UTC,28.659680556088293,405735102.7120488,18258361.930916555
2023-11-06 00:00:00 UTC,29.82591880991726,412116906.5690256,22062873.898408275
2023-11-07 00:00:00 UTC,29.236603162681657,428001256.162676,21896069.07285983
2023-11-08 00:00:00 UTC,30.26199713986056,420226659.71875703,26748739.276729155
2023-11-09 00:00:00 UTC,29.503777027797742,434629610.6629883,51479141.52474112
2023-11-10 00:00:00 UTC,30.407183904980972,424633119.1492538,47641031.254886575
2023-11-11 00:00:00 UTC,30.310584594649292,437885474.68843096,33636769.97402185
2023-11-12 00:00:00 UTC,31.249934250296505,434661129.89500177,36323426.35725768
2023-11-13 00:00:00 UTC,29.631362676126535,450000119.641286,68699329.0721386
2023-11-14 00:00:00 UTC,29.38863945072013,428911598.4089346,33633336.58696922
2023-11-15 00:00:00 UTC,30.382815951231336,423624468.2577566,36947307.34254299
2023-11-16 00:00:00 UTC,29.53844618023676,437439595.8149347,29120012.766936462
2023-11-17 00:00:00 UTC,29.271350059902208,425887136.323724,40951619.20551512
2023-11-18 00:00:00 UTC,28.910582661425245,421749282.0707449,39114111.79513551
2023-11-19 00:00:00 UTC,29.27846505459408,416788974.30403835,34286320.701465435
2023-11-20 00:00:00 UTC,28.961800906732385,422846137.6366752,27213805.6994946
2023-11-21 00:00:00 UTC,26.990942839589753,417173384.01306826,32669673.133933008
2023-11-22 00:00:00 UTC,28.445189534599365,390261902.7951428,66838876.29510266
2023-11-23 00:00:00 UTC,28.81889169273185,410809424.18524253,37076795.48927115
2023-11-24 00:00:00 UTC,29.53637459049605,416005814.4200891,27429230.603029694
2023-11-25 00:00:00 UTC,29.983785043428096,426312788.66208947,36714600.065406345
2023-11-26 00:00:00 UTC,29.50247276722415,432952654.48396975,34639459.89693045
2023-11-27 00:00:00 UTC,28.769736010409307,426226374.1664985,29433302.615126394
2023-11-28 00:00:00 UTC,28.92725825408085,416071774.23439574,32740825.50032312
2023-11-29 00:00:00 UTC,28.949711909846133,417669169.1564535,35336871.286693364
2023-11-30 00:00:00 UTC,29.55208152464823,418049735.1503769,35653279.90547621
2023-12-01 00:00:00 UTC,29.786227078002057,427816419.6721974,61365458.72819641
2023-12-02 00:00:00 UTC,31.601972318178632,430839293.6154682,14623160.37670713
2023-12-03 00:00:00 UTC,30.852363692807018,458390602.4478421,48918365.93604382
2023-12-04 00:00:00 UTC,31.50671186676322,445851088.4534779,25833104.340850897
2023-12-05 00:00:00 UTC,31.70057855375747,455759612.0860557,56858774.2626779
2023-12-06 00:00:00 UTC,31.171418173371062,459001569.04645795,22232903.870408393
2023-12-07 00:00:00 UTC,32.00505672670616,452086675.6496249,23500876.785058983
2023-12-08 00:00:00 UTC,33.56789545273999,463236341.2326855,30784271.261637457
2023-12-09 00:00:00 UTC,33.433017879124776,485984115.705316,59009663.45286277
2023-12-10 00:00:00 UTC,33.713628351468884,488545902.90252864,25295656.7440542
2023-12-11 00:00:00 UTC,30.361052623965353,485993390.0569363,52241134.87906673
2023-12-12 00:00:00 UTC,30.940422171782856,440319186.40521514,44491002.14087034
2023-12-13 00:00:00 UTC,30.639895593700867,450288057.9115158,59445635.868340634
2023-12-14 00:00:00 UTC,30.608400873300297,444288632.60793775,29946835.34203864
2023-12-15 00:00:00 UTC,29.41616725091605,443760751.4316185,28058523.803641025
2023-12-16 00:00:00 UTC,29.957874287478223,429226042.0738697,32165103.857313298
2023-12-17 00:00:00 UTC,29.70271327904203,434380968.89415807,25829852.45502453
2023-12-18 00:00:00 UTC,28.84012261238416,431268690.63982046,26552459.27828537
2023-12-19 00:00:00 UTC,27.807274375263063,419444366.3043177,45651380.29567527
2023-12-20 00:00:00 UTC,29.13789256324902,403490023.02939194,47327403.85408852
2023-12-21 00:00:00 UTC,29.896457495343014,423137155.0721155,36651873.779159494
2023-12-22 00:00:00 UTC,30.36288026045448,434521746.4424221,74409688.07220417
2023-12-23 00:00:00 UTC,30.325013865223728,441473440.7961985,27552634.813406624
2023-12-24 00:00:00 UTC,30.14912361866501,441145837.13615537,26024432.987305988
2023-12-25 00:00:00 UTC,31.21984211067297,439026980.0408161,29209609.82013238
2023-12-26 00:00:00 UTC,30.36662835571313,454716831.0513997,30497953.519635987
2023-12-27 00:00:00 UTC,31.790855698965043,440525717.5440612,40058321.1601441
2023-12-28 00:00:00 UTC,32.01553895295429,463157465.7494552,40396162.86524943
2023-12-29 00:00:00 UTC,28.631969764032505,466671864.6160761,70517863.9398366
2023-12-30 00:00:00 UTC,28.728317960884084,417274142.95926785,86887623.07825164
2023-12-31 00:00:00 UTC,26.868257217355858,418959553.6214032,73207866.02446485
2024-01-01 00:00:00 UTC,27.833277097824272,391269262.0603098,33089253.955163788
2024-01-02 00:00:00 UTC,27.59208275704256,405396776.3150871,39043803.9737746
2024-01-03 00:00:00 UTC,25.06081775651363,401663538.6298348,42180038.69720908
2024-01-04 00:00:00 UTC,24.187064206142605,365556254.22194475,46955896.08766711
2024-01-05 00:00:00 UTC,23.554954280589968,353067988.69360846,48037959.40191468
2024-01-06 00:00:00 UTC,23.037772503861273,343259312.81485623,43465345.69389436
2024-01-07 00:00:00 UTC,21.924352174116507,336167993.3928378,23867741.96816472
2024-01-08 00:00:00 UTC,21.282070760554944,318745567.4809616,15588195.593961935
2024-01-09 00:00:00 UTC,19.646526549207145,310827712.8011167,47683857.194839574
2024-01-10 00:00:00 UTC,22.27664680490652,286338526.84664613,43800966.45121001
2024-01-11 00:00:00 UTC,24.453584749755752,325115242.7087275,51223132.36476123
2024-01-12 00:00:00 UTC,23.750855583930615,356655293.1182319,97948562.38222273
2024-01-13 00:00:00 UTC,23.448432602147328,348362031.40559995,82305604.15119234
2024-01-14 00:00:00 UTC,22.713609493675698,342880829.44096434,58824236.6170753
2024-01-15 00:00:00 UTC,23.61364220492868,334572485.4883126,33220278.936804116
2024-01-16 00:00:00 UTC,23.25962830988541,345948248.1065604,39354781.15656947
2024-01-17 00:00:00 UTC,22.915136345186905,340929207.6699842,57628305.788435236
2024-01-18 00:00:00 UTC,22.460471315552244,335420819.20993054,29245569.135959823
2024-01-19 00:00:00 UTC,23.56354960299088,329268607.39501476,60627625.81570238
2024-01-20 00:00:00 UTC,23.507586291180928,344914321.25529826,36429479.71947822
2024-01-21 00:00:00 UTC,23.41045145916268,344451018.3346308,56504761.575189166
2024-01-22 00:00:00 UTC,22.34479646225212,342689265.81690645,34159520.96896846
2024-01-23 00:00:00 UTC,21.423677524686347,326545017.0091042,60597139.76763236
2024-01-24 00:00:00 UTC,21.99099893355258,314145331.32493156,34440235.08851033
2024-01-25 00:00:00 UTC,22.38653694606696,322405205.47743547,35431727.89931141
2024-01-26 00:00:00 UTC,22.691124590355173,328381039.1428548,32456401.051652584
2024-01-27 00:00:00 UTC,22.74835103048219,333187325.82360435,35531975.79317916
2024-01-28 00:00:00 UTC,22.163552994370125,333649224.6261986,27898350.153153863
2024-01-29 00:00:00 UTC,23.008890460478028,325511021.1589915,28363607.904337868
2024-01-30 00:00:00 UTC,22.591782973062404,339426974.3549815,28299410.251880955
2024-01-31 00:00:00 UTC,21.687202464585138,330787072.03286463,29679417.564626753
2024-02-01 00:00:00 UTC,21.697504721855687,319001608.77917296,31736059.81127674
2024-02-02 00:00:00 UTC,22.040889805049545,318365322.688788,23306311.996369157
2024-02-03 00:00:00 UTC,22.06793427051508,323785670.958246,22677433.149468593
2024-02-04 00:00:00 UTC,21.395603051079583,323832371.19611704,17077295.240949262
2024-02-05 00:00:00 UTC,21.34753462484155,314662608.58906674,16232018.84013135
2024-02-06 00:00:00 UTC,19.26259773548827,313909083.1050689,19450363.08538815
2024-02-07 00:00:00 UTC,20.868909952772107,283503663.7397652,37486999.15506513
2024-02-08 00:00:00 UTC,20.925584108191288,306973674.44274575,32442292.465423673
2024-02-09 00:00:00 UTC,21.13716132333296,308385005.16503227,47861084.413470194
2024-02-10 00:00:00 UTC,20.883100895915412,311837009.0291375,32439092.408259373
2024-02-11 00:00:00 UTC,20.341227425217923,307116749.4530173,26135659.26680892
2024-02-12 00:00:00 UTC,21.152230041393025,298832173.3801722,21236631.40956316
2024-02-13 00:00:00 UTC,20.85455341785902,311950589.4419969,48083393.68827851
2024-02-14 00:00:00 UTC,21.298722011143887,307262259.54035676,30505415.41124236
2024-02-15 00:00:00 UTC,22.361953112040847,313512950.84467894,31147536.725162774
2024-02-16 00:00:00 UTC,22.72087596451964,329180060.2162675,64519844.00974536
2024-02-17 00:00:00 UTC,24.86844963233293,335065570.85805005,58877289.04859651
2024-02-18 00:00:00 UTC,25.622704544603103,365763972.29086816,87871170.0366964
2024-02-19 00:00:00 UTC,26.959922195929725,379832199.0132376,66589240.96777717
2024-02-20 00:00:00 UTC,24.798720258596074,395521956.4431382,83229278.21005084
2024-02-21 00:00:00 UTC,24.555774102108913,366886203.6644334,90800884.2337025
2024-02-22 00:00:00 UTC,26.805826799899712,362755386.41425055,78966679.9850591
2024-02-23 00:00:00 UTC,26.816619480270138,395751576.3043936,131483827.84406544
2024-02-24 00:00:00 UTC,27.960846634509075,397881573.7131816,91296963.7635862
2024-02-25 00:00:00 UTC,27.791225838156507,412994031.9504051,75191023.6761044
2024-02-26 00:00:00 UTC,28.183506809682115,410871933.07885,69886539.77894184
2024-02-27 00:00:00 UTC,28.85122823216886,416509690.2419479,72831694.95534055
2024-02-28 00:00:00 UTC,28.425091271583028,424577494.8194465,89305580.51148014
2024-02-29 00:00:00 UTC,27.837182216069415,420829601.5435661,108831187.80992684
2024-03-01 00:00:00 UTC,29.61213900204419,412277324.6085738,114803488.26278085
2024-03-02 00:00:00 UTC,33.03845138693503,438133215.0127711,88045352.29678197
2024-03-03 00:00:00 UTC,31.701119856979368,487731411.7557851,108015122.53562362
2024-03-04 00:00:00 UTC,32.79027792526723,467245826.9965586,106051636.8412552
2024-03-05 00:00:00 UTC,30.292484876600312,485588847.8829238,76427130.96396431
2024-03-06 00:00:00 UTC,32.953506079608324,451397040.0835482,143293784.63909486
2024-03-07 00:00:00 UTC,34.089389802367556,485719761.22703975,136936778.2197851
2024-03-08 00:00:00 UTC,34.694711396669526,503840810.25028056,124538177.249778
2024-03-09 00:00:00 UTC,34.31051690926721,514098940.21443295,125201099.49347956
2024-03-10 00:00:00 UTC,33.68409901110369,507999562.6517292,112313472.42824718
2024-03-11 00:00:00 UTC,34.969754317404785,498466008.7324149,85155590.65704514
2024-03-12 00:00:00 UTC,34.03666133822235,519334115.1938876,115521192.14863747
2024-03-13 00:00:00 UTC,34.78996118991591,504887996.9970556,91437716.42432088
2024-03-14 00:00:00 UTC,34.11335692090558,516237807.5368555,103487804.12141104
2024-03-15 00:00:00 UTC,31.467266741738698,506497994.6910516,101585576.63126571
2024-03-16 00:00:00 UTC,28.804592289303105,467958681.60829645,68598980.51858273
2024-03-17 00:00:00 UTC,29.217517563348853,426593741.5990827,83608018.87009378
2024-03-18 00:00:00 UTC,27.65300134325286,433410058.4391416,52753113.303831175
2024-03-19 00:00:00 UTC,24.941289341264923,411162304.61752415,83508173.36191536
2024-03-20 00:00:00 UTC,28.3304664446533,372086671.43861246,65306522.57334528
2024-03-21 00:00:00 UTC,29.467867168863982,421273794.5610404,63063525.14715037
2024-03-22 00:00:00 UTC,28.74311667543327,438546344.3237048,84688750.01232326
2024-03-23 00:00:00 UTC,28.758496252779565,426466569.0213396,71316201.66687948
2024-03-24 00:00:00 UTC,29.82800096147788,430191366.7435961,66519609.14325985
2024-03-25 00:00:00 UTC,30.257204187237235,444313443.8392726,63717300.771267235
2024-03-26 00:00:00 UTC,31.58946191651535,448936186.3634798,43767460.332359426
2024-03-27 00:00:00 UTC,31.132260026252517,469972515.20092493,81940831.89511967
2024-03-28 00:00:00 UTC,30.90535468702577,458692413.2141183,76759958.57181878
2024-03-29 00:00:00 UTC,30.781262374866145,460236945.51987153,65194285.78156707
2024-03-30 00:00:00 UTC,30.061259866349953,458498354.9512549,69648044.73656666
2024-03-31 00:00:00 UTC,30.45263570601823,446854360.887069,24484070.999030937
2024-04-01 00:00:00 UTC,28.98361757225734,454025419.63866913,26528636.320194498
2024-04-02 00:00:00 UTC,27.674600344621098,433016766.4252947,41203050.711825326
2024-04-03 00:00:00 UTC,27.201590370830957,414611695.48770976,44948352.81719839
2024-04-04 00:00:00 UTC,27.665707008150942,406529301.8404226,35695955.20091415
2024-04-05 00:00:00 UTC,27.285732998673385,412531352.8032526,32488607.092348017
2024-04-06 00:00:00 UTC,27.483219242030216,407991420.4281733,31535856.00110777
2024-04-07 00:00:00 UTC,27.844295729232226,410157124.35539174,19705042.330148306
2024-04-08 00:00:00 UTC,28.5313144671127,415825253.030862,24264891.843106907
2024-04-09 00:00:00 UTC,27.74952953553833,425693979.90121347,31519746.962716147
2024-04-10 00:00:00 UTC,27.031830077471408,414205244.292202,62429313.07379036
2024-04-11 00:00:00 UTC,26.51560585933235,403660013.6523087,31771356.229986742
2024-04-12 00:00:00 UTC,23.275892699580524,396758830.074867,26580120.19339112
2024-04-13 00:00:00 UTC,20.484771645347553,348692496.8672632,45924378.5408728
2024-04-14 00:00:00 UTC,21.957502109433793,308420042.803549,51900308.80465227
2024-04-15 00:00:00 UTC,21.215366202466555,328627854.17141557,49624903.26653259
2024-04-16 00:00:00 UTC,21.40432402447081,316960634.84207946,37284695.57644576
2024-04-17 00:00:00 UTC,21.025977566505848,320377078.5201898,31707520.104669716
2024-04-18 00:00:00 UTC,22.022429735537017,315083954.30817246,32161509.467403892
2024-04-19 00:00:00 UTC,22.236101104382826,329455662.2436213,30110713.855034698
2024-04-20 00:00:00 UTC,23.142852982645422,333725154.78814805,38078269.79450832
2024-04-21 00:00:00 UTC,22.752304247008396,347429509.4914801,20888982.255262528
2024-04-22 00:00:00 UTC,24.29075396295302,339938255.4967718,23388211.414656572
2024-04-23 00:00:00 UTC,24.00643524375081,364657068.0636696,27402958.72850127
2024-04-24 00:00:00 UTC,22.849744094004475,358732994.4502279,24721930.009469103
2024-04-25 00:00:00 UTC,23.352953870559933,342946308.70523417,26710776.202784017
2024-04-26 00:00:00 UTC,22.879360849574372,350797242.0538563,24851781.097232256
2024-04-27 00:00:00 UTC,23.212718674133693,342896212.7239092,21090402.882493302
2024-04-28 00:00:00 UTC,22.483583016882537,349940215.76620233,20171788.804136258
2024-04-29 00:00:00 UTC,22.355118941066504,337751976.2618801,17882547.286590956
2024-04-30 00:00:00 UTC,21.35633449636134,335430870.01989895,24097592.935729735
2024-05-01 00:00:00 UTC,22.22153371417996,321724600.609567,27665776.28495704
2024-05-02 00:00:00 UTC,22.76150624456229,334234608.41548735,29702968.266240433
2024-05-03 00:00:00 UTC,23.049136924853283,341847832.4704611,25163231.982716996
2024-05-04 00:00:00 UTC,23.11451044090801,349390928.35011834,23105594.558888867
2024-05-05 00:00:00 UTC,23.10468469963881,346239910.87725806,18612031.241287153
2024-05-06 00:00:00 UTC,22.877842664325904,347022340.9912462,18740131.471970767
2024-05-07 00:00:00 UTC,22.481267392732946,343369827.8019011,25759394.518881764
2024-05-08 00:00:00 UTC,23.572024287388803,338817774.8279259,21650686.84301055
2024-05-09 00:00:00 UTC,23.467902675278108,353199751.2562213,50951415.23103601
2024-05-10 00:00:00 UTC,22.85956604290931,353147654.02503985,22229746.67849249
2024-05-11 00:00:00 UTC,22.474881448344227,344520707.26726794,22570415.88087373
2024-05-12 00:00:00 UTC,22.347641800512307,337916218.53189236,14606032.120552178
2024-05-13 00:00:00 UTC,22.175820961633008,336504137.85047495,13635007.06208285
2024-05-14 00:00:00 UTC,21.93298693222933,333901579.8322251,24311875.408301458
2024-05-15 00:00:00 UTC,23.238805547404535,329696048.6156406,19854345.669216204
2024-05-16 00:00:00 UTC,23.71987509275387,350970070.6301504,25686778.2880247
2024-05-17 00:00:00 UTC,23.585196962240627,357005325.1572554,22351172.517271973
2024-05-18 00:00:00 UTC,23.57549597775141,354968770.62464195,20906092.399474625
2024-05-19 00:00:00 UTC,23.24498112549727,355065291.0365581,15975408.708489984
2024-05-20 00:00:00 UTC,25.03692755306202,350838489.50988644,17121234.35705393
2024-05-21 00:00:00 UTC,24.584888448807583,377416059.5795121,28125674.92894566
2024-05-22 00:00:00 UTC,24.68818884682569,369193085.0191218,31997295.69738213
2024-05-23 00:00:00 UTC,25.290010424709862,372982945.09712493,22768762.285429575
2024-05-24 00:00:00 UTC,27.63700408520273,381268548.4876805,61783211.97933483
2024-05-25 00:00:00 UTC,26.87205052044572,416676122.65635645,79690661.1813206
2024-05-26 00:00:00 UTC,26.51341910251842,405414610.8897661,20083960.240289073
2024-05-27 00:00:00 UTC,26.95784072761261,400405811.1694654,17026846.07449526
2024-05-28 00:00:00 UTC,26.603053679035547,408776545.0514836,25874350.556420445
2024-05-29 00:00:00 UTC,26.75955474718598,401608368.22485816,23483827.53009387
2024-05-30 00:00:00 UTC,26.69277551049115,404695277.65080297,48295352.413068146
2024-05-31 00:00:00 UTC,26.870691589477232,404093248.2410575,55984031.65597972
2024-06-01 00:00:00 UTC,26.848375073900648,406407970.576749,49317675.8590184
2024-06-02 00:00:00 UTC,26.351546983138732,408239295.0809631,46518002.70893127
2024-06-03 00:00:00 UTC,25.520947698587452,397755855.9008866,20863890.982174616
2024-06-04 00:00:00 UTC,27.55553247070052,384998756.9917354,54335044.924676545
2024-06-05 00:00:00 UTC,26.509613420872885,419169912.78152627,33208681.326411694
2024-06-06 00:00:00 UTC,26.75788729396254,400313121.71625346,25950378.74097331
2024-06-07 00:00:00 UTC,24.981558267195936,404338405.39023185,48904929.91212532
2024-06-08 00:00:00 UTC,23.00625780421298,378564152.6910666,57446964.510520734
2024-06-09 00:00:00 UTC,23.713761460506028,347880152.83525866,34169364.72996257
2024-06-10 00:00:00 UTC,23.529628276583104,358893508.3141793,70995027.4057361
2024-06-11 00:00:00 UTC,22.74579754142959,355148739.3311177,73223823.36794348
2024-06-12 00:00:00 UTC,23.60665173117602,343942607.3837182,76415771.35647126
2024-06-13 00:00:00 UTC,22.805257242355783,355664481.22750217,38673262.27218048
2024-06-14 00:00:00 UTC,22.751672635003143,345654843.5995386,32224300.211600125
2024-06-15 00:00:00 UTC,22.63414737743047,344021647.4157514,28671025.607989185
2024-06-16 00:00:00 UTC,22.87537415296737,341293846.6939316,20670484.31961632
2024-06-17 00:00:00 UTC,21.714662704198503,343630137.6546959,18843210.96328235
2024-06-18 00:00:00 UTC,20.518913129050624,326694986.77132255,27595026.741306
2024-06-19 00:00:00 UTC,20.04472736585513,310841878.58448195,59863902.6036887
2024-06-20 00:00:00 UTC,19.9945201371031,300777452.9971621,24778147.848635443
2024-06-21 00:00:00 UTC,20.04728038352738,302460424.5272106,21339225.264583368
2024-06-22 00:00:00 UTC,20.007951918307953,303252249.8773539,21326668.23394374
2024-06-23 00:00:00 UTC,19.568736873796368,302811390.82862943,14758293.54168591
2024-06-24 00:00:00 UTC,19.883727584327,295508197.68298894,15011666.986107182
2024-06-25 00:00:00 UTC,20.15292487016892,298076910.81901497,52061855.57193743
2024-06-26 00:00:00 UTC,19.864476431813824,304874686.0651877,20700352.02898672
2024-06-27 00:00:00 UTC,20.827753051043896,301081004.7124767,34211936.867348574
2024-06-28 00:00:00 UTC,20.670606525410687,314222613.1644216,43065022.30883237
2024-06-29 00:00:00 UTC,20.362962002431107,311439527.60395896,46651858.57338611
2024-06-30 00:00:00 UTC,20.88645995686976,304919514.20293397,34858650.36529787
2024-07-01 00:00:00 UTC,20.682814908014777,314987321.59759927,18755467.19738154
2024-07-02 00:00:00 UTC,20.81217684155856,313688178.0266279,21880243.205681704
2024-07-03 00:00:00 UTC,20.727282579253377,314538625.7658243,40395481.30039151
2024-07-04 00:00:00 UTC,18.611493209658978,311861740.1571401,48802253.87337201
2024-07-05 00:00:00 UTC,18.270836162625468,277734264.3271329,52185828.73252925
2024-07-06 00:00:00 UTC,19.88429656604797,275471350.19335705,43517245.41308673
2024-07-07 00:00:00 UTC,18.78087901105062,300360996.55884475,41645723.93896716
2024-07-08 00:00:00 UTC,20.463785080782884,283566999.1582114,48030357.33685954
2024-07-09 00:00:00 UTC,22.640540372675183,308187149.9867266,58829998.75617772
2024-07-10 00:00:00 UTC,23.316154329966473,342315351.95321405,75671026.40300244
2024-07-11 00:00:00 UTC,24.216743986577644,353233203.9480428,67582703.43101478
2024-07-12 00:00:00 UTC,24.0289592685412,365584886.2310417,65173794.17491464
2024-07-13 00:00:00 UTC,26.779074619544836,363638676.02374256,58719178.95404448
2024-07-14 00:00:00 UTC,29.37559607743972,406957598.4300205,48806131.116178624
2024-07-15 00:00:00 UTC,28.27071227092928,443465991.76654094,102429358.06600235
2024-07-16 00:00:00 UTC,30.291631147129294,428933838.57717514,51959430.35969411
2024-07-17 00:00:00 UTC,31.272850948841416,457996594.0159795,118891519.27474868
2024-07-18 00:00:00 UTC,30.836316425516383,473896199.27915215,92273663.27998853
2024-07-19 00:00:00 UTC,29.607096592377538,465528956.02684265,89961736.59317043
2024-07-20 00:00:00 UTC,29.63241303473218,448033478.3496301,82524872.15628193
2024-07-21 00:00:00 UTC,32.027504440736415,445978688.6621101,35104954.77756381
2024-07-22 00:00:00 UTC,30.30815529469883,484242260.7565341,75259935.8531794
2024-07-23 00:00:00 UTC,29.706081845496165,458246432.10720354,259140321.03388977
2024-07-24 00:00:00 UTC,30.02990666266024,449439789.5841223,43981931.50713837
2024-07-25 00:00:00 UTC,30.111156755916987,454169367.60173327,66572003.44232975
2024-07-26 00:00:00 UTC,32.48433003853842,455407916.9650374,89611059.76084313
2024-07-27 00:00:00 UTC,31.59813249136621,491372016.132499,88816820.12140736
2024-07-28 00:00:00 UTC,32.18003084275815,477750339.2940548,78929787.50413013
2024-07-29 00:00:00 UTC,32.94730314709764,486628950.266768,79982153.90087809
2024-07-30 00:00:00 UTC,32.11614360867875,498201598.7117341,90963019.22149315
2024-07-31 00:00:00 UTC,33.60100091356116,485795836.21615463,85368703.8912045
2024-08-01 00:00:00 UTC,32.46985494946167,508920168.45393336,98676643.23586276
2024-08-02 00:00:00 UTC,32.58832339318343,491411848.2370337,93436322.54283334
2024-08-03 00:00:00 UTC,31.91324236774474,492177196.1222356,108665271.81113714
2024-08-04 00:00:00 UTC,30.798152899854163,482514666.7553655,124100139.64078002
2024-08-05 00:00:00 UTC,30.13190439315972,467903174.6594478,56447403.277415246
2024-08-06 00:00:00 UTC,31.878437248671187,456078100.0697707,163674111.23377427
2024-08-07 00:00:00 UTC,32.35556170219627,482470687.008284,110638500.57578868
2024-08-08 00:00:00 UTC,35.89049837321068,489532933.828064,116875548.77322824
2024-08-09 00:00:00 UTC,40.705105518842565,543410286.0009984,113390691.19553344
2024-08-10 00:00:00 UTC,41.272527117632016,615443902.5135727,175714847.30427557
2024-08-11 00:00:00 UTC,41.05748368143893,623599543.7643065,110745180.03750768
2024-08-12 00:00:00 UTC,43.463138467592394,622271075.6885796,119453679.49262457
2024-08-13 00:00:00 UTC,42.953632723294795,657687166.0646263,137803848.051818
2024-08-14 00:00:00 UTC,42.22119099198965,647100752.2809206,120524819.34800966
2024-08-15 00:00:00 UTC,42.6565683728669,638366470.7822106,114601063.37968424
2024-08-16 00:00:00 UTC,42.35420914147926,645154898.709284,107529145.59069566
2024-08-17 00:00:00 UTC,43.66176071917753,639154266.5571465,85053364.92280641
2024-08-18 00:00:00 UTC,42.61468793489072,660147273.0536361,78667432.16484715
2024-08-19 00:00:00 UTC,42.03713530288067,644680217.0035831,79245975.13192752
2024-08-20 00:00:00 UTC,41.66668562945663,633865915.1007776,84651184.79406065
2024-08-21 00:00:00 UTC,41.5681686190778,629942122.854358,83464281.1085621
2024-08-22 00:00:00 UTC,41.484001783837975,628436450.3263265,81302505.24063264
2024-08-23 00:00:00 UTC,42.30449220073176,627296016.2741351,74329809.436733
2024-08-24 00:00:00 UTC,43.17531379152728,639777066.8825355,101679928.26734792
2024-08-25 00:00:00 UTC,39.81863809578746,653192588.4657887,97182529.17416368
2024-08-26 00:00:00 UTC,36.88063530768462,600831850.1828219,47438666.263127275
2024-08-27 00:00:00 UTC,35.54820383647556,556642561.8577828,93270117.48574564
2024-08-28 00:00:00 UTC,33.533269612799266,537473739.9057002,52439574.94041531
2024-08-29 00:00:00 UTC,33.264259237961475,506550568.2518673,85889639.86520903
2024-08-30 00:00:00 UTC,33.08557877888027,503132190.5574165,42069174.23787234
2024-08-31 00:00:00 UTC,32.403855163787185,500381943.01934177,80913833.98203513
2024-09-01 00:00:00 UTC,29.48507598432771,489932523.8023073,66956303.840652645
2024-09-02 00:00:00 UTC,29.57090208936676,446029849.3626153,74026524.32699095
2024-09-03 00:00:00 UTC,28.728081831259445,447589451.2924504,76638842.95354432
2024-09-04 00:00:00 UTC,29.6208289780133,434375750.79139537,35119291.99662246
2024-09-05 00:00:00 UTC,28.984852898520828,447857749.3288703,71887272.97379525
2024-09-06 00:00:00 UTC,26.962628006153928,438249543.28545713,61867246.54738954
2024-09-07 00:00:00 UTC,27.79425518063845,407501159.5884956,81642240.57923518
2024-09-08 00:00:00 UTC,27.823122580027935,420662688.0687389,57313650.0197726
2024-09-09 00:00:00 UTC,29.281868496383485,420398825.75134265,54470759.12875369
2024-09-10 00:00:00 UTC,30.90721883735771,443161849.1490379,67281922.81967698
2024-09-11 00:00:00 UTC,29.64600789882448,466683417.7412516,66076040.92243265
2024-09-12 00:00:00 UTC,29.351821430786636,448196863.70902866,42377445.56295984
2024-09-13 00:00:00 UTC,30.62312458945701,444213525.8931481,62807667.048336826
2024-09-14 00:00:00 UTC,30.6410919708364,463008634.0341385,66690885.98262037
2024-09-15 00:00:00 UTC,29.207472880435443,463264075.2257034,54109771.2573436
2024-09-16 00:00:00 UTC,29.16461442871555,441656298.33611774,24131143.18731098
2024-09-17 00:00:00 UTC,29.752291807285363,441112396.5785175,64139212.65498821
2024-09-18 00:00:00 UTC,30.617172185262607,450361433.4811425,52525591.04425488
2024-09-19 00:00:00 UTC,31.616737169242107,462224035.6289221,69079213.29830621
2024-09-20 00:00:00 UTC,31.28817226387397,479491082.8614893,47656844.74498474
2024-09-21 00:00:00 UTC,31.346019851130848,472691822.23993456,79661826.2539955
2024-09-22 00:00:00 UTC,30.224797026889572,473938503.2798323,67859476.35306478
2024-09-23 00:00:00 UTC,29.565674148431548,456986090.5113919,36453565.90796351
2024-09-24 00:00:00 UTC,29.36080831932586,447051559.5094013,72566587.95803091
2024-09-25 00:00:00 UTC,28.2933226615483,445755868.4289854,33856582.54351207
2024-09-26 00:00:00 UTC,30.19313305472457,427906228.07639873,71238840.9108438
2024-09-27 00:00:00 UTC,30.48991101658779,456299272.2264072,87918523.56815113
2024-09-28 00:00:00 UTC,29.536434441610194,461274604.37395173,77232004.74246499
2024-09-29 00:00:00 UTC,29.0925435725902,446624937.16238666,68843081.98365216
2024-09-30 00:00:00 UTC,27.886325931152395,440033440.5585099,34928236.75408737
2024-10-01 00:00:00 UTC,26.54973176772388,421674624.03474194,74097140.16864483
2024-10-02 00:00:00 UTC,25.966794323910616,401420665.0871538,76777180.03793709
2024-10-03 00:00:00 UTC,25.57755541873503,392456512.1157586,66836216.50834611
2024-10-04 00:00:00 UTC,26.81666388594676,386721658.19322175,68887979.42859326
2024-10-05 00:00:00 UTC,27.363259608280984,405202495.2701472,66375170.975048505
2024-10-06 00:00:00 UTC,29.204514898705764,414252204.4032102,43091333.00778486
2024-10-07 00:00:00 UTC,28.97930097980178,441874806.5478871,83552716.33561203
2024-10-08 00:00:00 UTC,29.00789140074456,438001276.6113674,81560593.33802356
2024-10-09 00:00:00 UTC,29.07320125504112,438578297.5924564,76867232.35451786
2024-10-10 00:00:00 UTC,33.75378757137851,439611237.5719275,71653354.71237203
2024-10-11 00:00:00 UTC,36.16242268933699,510815060.5854262,105088117.07460836
2024-10-12 00:00:00 UTC,34.54335963402711,546064086.2047796,146846609.3545443
2024-10-13 00:00:00 UTC,35.46405364848451,522161489.4080808,90064959.92918976
2024-10-14 00:00:00 UTC,36.2504656968367,538016522.2892884,93945797.92912364
2024-10-15 00:00:00 UTC,37.56800999733135,546466238.2661265,93408040.69018726
2024-10-16 00:00:00 UTC,37.07507194597695,568012350.9745898,94230468.72530128
2024-10-17 00:00:00 UTC,36.22244793999374,560740668.0836995,105922415.98059304
2024-10-18 00:00:00 UTC,35.92926391474004,547629984.2119701,87398100.60267209
2024-10-19 00:00:00 UTC,36.97252709147561,544353990.061457,76181301.1706995
2024-10-20 00:00:00 UTC,36.916491285212864,559112470.5414095,63999120.96890757
2024-10-21 00:00:00 UTC,37.45641339045388,557956917.0590229,55318836.83852063
2024-10-22 00:00:00 UTC,37.93363942438112,566681996.7683887,80050878.68349569
2024-10-23 00:00:00 UTC,37.91063633603993,573659917.6167449,76018174.57951291
2024-10-24 00:00:00 UTC,36.97970967143255,573192715.6563896,77819554.18273203
2024-10-25 00:00:00 UTC,35.79902141896185,558824771.5238571,79108294.953679
2024-10-26 00:00:00 UTC,34.67342557351419,540161911.2538061,79900685.85023448
2024-10-27 00:00:00 UTC,38.09462866742795,524382081.1384504,68935099.71251589
2024-10-28 00:00:00 UTC,38.45831804836836,574192792.8809917,76896016.47801301
2024-10-29 00:00:00 UTC,38.49076389638664,581558613.4699434,108645901.2212982
2024-10-30 00:00:00 UTC,38.46725787134459,583431533.278028,108545691.900893
2024-10-31 00:00:00 UTC,36.78503528291425,581587584.8741238,85006517.58212589
2024-11-01 00:00:00 UTC,37.96532148887475,555949684.8679793,72003999.9231699
2024-11-02 00:00:00 UTC,36.96542945199967,574019474.6088156,81577597.17653304
2024-11-03 00:00:00 UTC,37.27917390518671,556522480.530144,63413101.49026096
2024-11-04 00:00:00 UTC,36.96613033731875,564051406.8583355,70901957.96825972
2024-11-05 00:00:00 UTC,38.20929848161085,558759937.7665852,77304960.44613524
2024-11-06 00:00:00 UTC,43.260222863655,577810524.1614467,78862816.85850778
2024-11-07 00:00:00 UTC,44.190019098985374,654076191.2652515,148081286.25111994
2024-11-08 00:00:00 UTC,46.08500763732293,668131623.3649253,119956077.2484552
2024-11-09 00:00:00 UTC,45.902840399183944,696130807.6604818,126276371.4236735
2024-11-10 00:00:00 UTC,45.55510351619276,694370246.5457294,110704992.5510361
2024-11-11 00:00:00 UTC,45.04497105845922,688773811.7872506,145765164.91814557
2024-11-12 00:00:00 UTC,42.140626139236986,679373990.3973287,148202131.09410006
2024-11-13 00:00:00 UTC,38.698494161111206,640016449.6249527,158308713.36700624
2024-11-14 00:00:00 UTC,36.9036029362161,584566958.2780071,111451425.2898815
2024-11-15 00:00:00 UTC,38.458191365099374,557235078.5511785,66954644.243845485
2024-11-16 00:00:00 UTC,44.977918923178386,581805485.1615015,60166461.6777526
2024-11-17 00:00:00 UTC,44.35970856865506,679974229.0660502,93262476.59495836
2024-11-18 00:00:00 UTC,44.81686883623476,669285111.4815553,78743585.31592913
2024-11-19 00:00:00 UTC,43.01552120399949,677935975.6405295,75871286.63393573
2024-11-20 00:00:00 UTC,41.774517868059526,646343136.4891928,109406621.28264362
2024-11-21 00:00:00 UTC,45.53659104442749,631883462.4725442,111460213.8671788
2024-11-22 00:00:00 UTC,45.76377995211602,689325663.447003,129019504.69568552
2024-11-23 00:00:00 UTC,49.003002836420826,691878903.1153831,132286326.99988458
2024-11-24 00:00:00 UTC,52.46494894156261,740859879.3842156,151941228.85243765
2024-11-25 00:00:00 UTC,47.87611082022559,792251867.0077562,163719446.76065224
2024-11-26 00:00:00 UTC,50.79812208447359,724225813.4025009,126980394.4987708
2024-11-27 00:00:00 UTC,56.20333067236351,768046025.1247197,145400895.1055865
2024-11-28 00:00:00 UTC,55.817859880067715,850596396.9330168,229043088.84766603
2024-11-29 00:00:00 UTC,54.81901812020246,843961957.6394267,123387141.90281633
2024-11-30 00:00:00 UTC,59.307629486816296,828840264.9697635,115984998.97469763
2024-12-01 00:00:00 UTC,59.97642303179275,896863538.0875742,91689406.6069088
2024-12-02 00:00:00 UTC,74.80171357409783,904807331.6161212,136897112.44463456
2024-12-03 00:00:00 UTC,73.12341625568145,1131475342.9069602,343193477.2882703
2024-12-04 00:00:00 UTC,69.67639857906545,1115136142.4128802,241314496.852758
2024-12-05 00:00:00 UTC,71.5225989086225,1054272144.0446744,177973825.84943566
2024-12-06 00:00:00 UTC,70.14919547099566,1083390507.408591,216099233.362087
2024-12-07 00:00:00 UTC,70.34500846435095,1108280582.3537822,161844581.15672734
2024-12-08 00:00:00 UTC,74.5779007432764,1110226187.364493,51702748.27461715
2024-12-09 00:00:00 UTC,58.60881621919045,1179310634.0817485,152162384.2463402
2024-12-10 00:00:00 UTC,59.0247915647836,924800883.622162,216673787.1409552
2024-12-11 00:00:00 UTC,64.03270842066668,931830054.0721668,194888624.22695392
2024-12-12 00:00:00 UTC,59.57893516375384,1011224191.8405124,135405759.19386405
2024-12-13 00:00:00 UTC,60.11221410933681,938738963.2135944,166750259.29732397
2024-12-14 00:00:00 UTC,58.27959951595071,949504632.2923982,141822905.8739528
2024-12-15 00:00:00 UTC,58.81123973011687,920085407.9228612,66530753.10339293
2024-12-16 00:00:00 UTC,56.43236962256274,930117885.88711,62701981.35578714
2024-12-17 00:00:00 UTC,55.170435395106026,891165265.1001477,81409805.39790086
2024-12-18 00:00:00 UTC,50.57079726351039,870720812.9542124,66708141.42948961
2024-12-19 00:00:00 UTC,48.025267789268376,798706398.6486691,76264352.25265718
2024-12-20 00:00:00 UTC,54.54341417122003,762978661.8310832,122443427.85811795
2024-12-21 00:00:00 UTC,53.683054408629765,867755171.7358633,224950777.21368575
2024-12-22 00:00:00 UTC,58.043327178120784,848273778.5168962,149783510.94358253
2024-12-23 00:00:00 UTC,65.83600826140774,907951674.6253488,168001945.8483802
2024-12-24 00:00:00 UTC,69.10980159937,1039804556.7504716,119913623.14078929
2024-12-25 00:00:00 UTC,73.6580583905213,1092589230.5339916,129052736.26136816
2024-12-26 00:00:00 UTC,68.98315479263243,1163294839.225664,124507419.86656693
2024-12-27 00:00:00 UTC,61.86222902411473,1091323583.383131,86466265.94436443
2024-12-28 00:00:00 UTC,62.764996854840945,977143698.1013272,65941761.54475773
2024-12-29 00:00:00 UTC,60.43608481781464,992730919.3433864,105326219.02042668
2024-12-30 00:00:00 UTC,58.093625111066544,955480225.2727116,46364333.37942778
2024-12-31 00:00:00 UTC,56.10013701277775,918218872.4448186,51821932.494140506
2025-01-01 00:00:00 UTC,58.40055773191307,886512088.2389373,38403313.90320479
2025-01-02 00:00:00 UTC,59.61668282063953,923828546.7045784,97786914.81694049
2025-01-03 00:00:00 UTC,60.90218605614368,941344612.4404324,105782646.17875746
2025-01-04 00:00:00 UTC,59.14916876904343,967512106.2064688,53309768.850384295
2025-01-05 00:00:00 UTC,58.71480251691905,938307703.4829907,40852909.07538625
2025-01-06 00:00:00 UTC,60.156146631226314,929517613.3946592,108151648.1232036
2025-01-07 00:00:00 UTC,52.303981791757366,951650136.2347394,114865194.36690292
2025-01-08 00:00:00 UTC,50.20938727590526,828946356.1438054,120268347.34776244
2025-01-09 00:00:00 UTC,47.366623533518094,795067367.6192486,115011910.71316764
2025-01-10 00:00:00 UTC,48.339741871509645,744340287.4732318,114097111.72459516
2025-01-11 00:00:00 UTC,48.73533881641913,765711353.983609,104529758.20604189
2025-01-12 00:00:00 UTC,48.01407853888822,767329390.5931259,86319088.49778606
2025-01-13 00:00:00 UTC,48.42566791772629,760270644.2659802,32371663.89568896
2025-01-14 00:00:00 UTC,51.31159575770245,767856911.2142172,64128849.899484105
2025-01-15 00:00:00 UTC,55.43361614398473,815101404.1303527,99494136.48552676
2025-01-16 00:00:00 UTC,53.9742191672186,877487934.4503689,116828248.15586512
2025-01-17 00:00:00 UTC,54.96766479906712,855816272.5462438,106255836.70991854
2025-01-18 00:00:00 UTC,52.08808077450369,871495941.1935629,114419966.21670528
2025-01-19 00:00:00 UTC,47.095110096961065,825216974.033384,113153245.89854912
2025-01-20 00:00:00 UTC,47.50554508318892,744901946.546684,131720315.16361122
2025-01-21 00:00:00 UTC,49.08564241972908,753633173.0518737,141142930.2417368
2025-01-22 00:00:00 UTC,48.3581092172875,779195082.6365861,64247175.6264162
2025-01-23 00:00:00 UTC,48.594038913244034,766835932.8865054,91934170.14981765
2025-01-24 00:00:00 UTC,46.38998640345818,771263684.3061873,148445855.52756488
2025-01-25 00:00:00 UTC,46.4986068002235,735676713.1956061,141747392.4355942
2025-01-26 00:00:00 UTC,44.971687628604734,738932264.91288,101869048.53937148
2025-01-27 00:00:00 UTC,43.09134792680178,711967471.281301,106686937.74686582
2025-01-28 00:00:00 UTC,41.99124110791938,682111617.580395,138106892.23013335
2025-01-29 00:00:00 UTC,42.51840872893104,666464723.7883946,101813083.22566828
2025-01-30 00:00:00 UTC,43.94276421441083,674937155.7829407,108571470.14697312
2025-01-31 00:00:00 UTC,43.16797769070905,697645190.767135,46080815.535435654
2025-02-01 00:00:00 UTC,39.451670499533144,685010920.4583366,43252330.28834054
2025-02-02 00:00:00 UTC,33.29772979026891,626495401.2399918,39094057.90053773
2025-02-03 00:00:00 UTC,35.53191532355142,528771558.3888021,98105494.63532744
2025-02-04 00:00:00 UTC,32.12731496135604,563968070.601343,122724569.40198542
2025-02-05 00:00:00 UTC,32.11569591299287,510028431.56704974,42263986.59667666
2025-02-06 00:00:00 UTC,29.77515975503491,510152898.019868,32547023.67414552
2025-02-07 00:00:00 UTC,30.08931481874892,472860851.7115673,31488311.96563757
2025-02-08 00:00:00 UTC,31.651902876902337,481024934.8221794,33744173.55159756
2025-02-09 00:00:00 UTC,32.589460306857895,504269699.2770905,61025877.08514403
2025-02-10 00:00:00 UTC,32.51986885104384,518050252.42399865,65891938.25070072
2025-02-11 00:00:00 UTC,33.159563471669614,516712125.61895865,31329473.904481016
2025-02-12 00:00:00 UTC,32.67225910497607,527094443.63704854,65009665.426500134
2025-02-13 00:00:00 UTC,32.453937006658414,519146249.77214944,44436155.058718905
2025-02-14 00:00:00 UTC,32.9891049774116,515494789.4879363,36450131.82930254
2025-02-15 00:00:00 UTC,32.15265847920654,524480229.0367151,30007401.143590428
2025-02-16 00:00:00 UTC,34.55753810063775,511122302.7694273,20050936.074132062
2025-02-17 00:00:00 UTC,36.300806577509384,549918934.7061007,68244540.17656739
2025-02-18 00:00:00 UTC,33.912584906418516,577205838.4251113,79835346.0177938
2025-02-19 00:00:00 UTC,36.179447797848994,539166902.0552642,74047744.13831417
2025-02-20 00:00:00 UTC,36.58256286996431,575495347.5847234,33309485.034183327
2025-02-21 00:00:00 UTC,35.03922848109709,581731636.9924434,34852964.306261495
2025-02-22 00:00:00 UTC,35.89597289409951,558953547.6436498,35128472.37999335
2025-02-23 00:00:00 UTC,35.92331100251512,576214661.7632118,22994547.436393924
2025-02-24 00:00:00 UTC,33.11590528377563,572300122.3291614,23530058.88520833
2025-02-25 00:00:00 UTC,33.45671100319188,526587006.7800571,78223953.53454989
2025-02-26 00:00:00 UTC,36.10645653456243,536210281.0428216,55424003.54074297
2025-02-27 00:00:00 UTC,36.5195392763115,574034678.2313229,82122683.84830031
2025-02-28 00:00:00 UTC,37.53931579048835,581384939.4386413,67804501.0522193
2025-03-01 00:00:00 UTC,37.93111214372574,597550946.9734044,48151969.84902615
2025-03-02 00:00:00 UTC,41.1318188416407,603023460.9776152,70052780.64771482
2025-03-03 00:00:00 UTC,36.303256009071205,659546587.0056324,96011376.69725366
2025-03-04 00:00:00 UTC,34.95435505383804,577628486.6239313,43226461.26318473
2025-03-05 00:00:00 UTC,36.37249175385839,557217860.5664613,39434095.20486775
2025-03-06 00:00:00 UTC,34.0470470047125,578576290.0976439,32186992.42214613
2025-03-07 00:00:00 UTC,32.9001897519027,542489746.2546281,26819373.126610626
2025-03-08 00:00:00 UTC,32.58871863079771,524727029.01790136,32423904.160038687
2025-03-09 00:00:00 UTC,29.971847641999048,518921136.2994372,18304276.68574958
2025-03-10 00:00:00 UTC,29.332997288096067,479333772.64911294,56568733.87963921
2025-03-11 00:00:00 UTC,30.331817009571814,471131609.70236325,63020634.009101234
2025-03-12 00:00:00 UTC,30.34661537970216,483057610.22662264,35880084.95015109
2025-03-13 00:00:00 UTC,30.921279705223764,484661824.52693856,64619590.476000816
2025-03-14 00:00:00 UTC,32.442209496255664,493143199.9558298,61621942.93795552
2025-03-15 00:00:00 UTC,32.422758759433435,517359544.935983,64280952.24615551
2025-03-16 00:00:00 UTC,32.76732042573585,517464142.4411603,55482875.14574328
2025-03-17 00:00:00 UTC,34.17411980045938,522920511.16045666,24825986.621741176
2025-03-18 00:00:00 UTC,33.44827285010645,545784155.5571862,24678093.31708608
2025-03-19 00:00:00 UTC,34.41362483578062,534885728.7927086,57919087.26060737
2025-03-20 00:00:00 UTC,33.859454756761856,548549397.8221574,25138730.02825103
2025-03-21 00:00:00 UTC,31.03648162393338,541616863.211843,63178017.292251095
2025-03-22 00:00:00 UTC,31.225370358862996,495722850.3773584,69248827.25604302
2025-03-23 00:00:00 UTC,31.067433766115844,496470554.8981016,62713189.48298253
2025-03-24 00:00:00 UTC,32.4184266043379,494882820.7912438,22881736.2892922
2025-03-25 00:00:00 UTC,36.564922827637496,516364647.7097119,64123741.25072957
2025-03-26 00:00:00 UTC,38.76169583143837,586187102.7036387,85843096.63042173
2025-03-27 00:00:00 UTC,37.29974375798179,618669559.0963732,85553884.44661903
2025-03-28 00:00:00 UTC,36.90169008123976,595844181.2553284,48708743.54062499
2025-03-29 00:00:00 UTC,36.06540762923371,588233113.4475551,69340039.52439573
2025-03-30 00:00:00 UTC,37.545916699162845,576130071.3611887,66523164.76678103
2025-03-31 00:00:00 UTC,39.17201219904431,599703975.3759527,61540745.15047696
2025-04-01 00:00:00 UTC,41.05129897872931,625661907.0078278,75284152.61296141
2025-04-02 00:00:00 UTC,38.90922500720061,655903660.1501509,82480465.54866762
2025-04-03 00:00:00 UTC,39.775620835426736,622509902.080193,79124904.57294926
2025-04-04 00:00:00 UTC,39.972999992839405,637285845.3548918,78580978.50917564
2025-04-05 00:00:00 UTC,37.63789162060855,639020666.6122007,81812452.90064253
2025-04-06 00:00:00 UTC,36.95382774608086,607900726.4018178,29728469.99123646
2025-04-07 00:00:00 UTC,34.23381408715125,588201059.8618587,77650921.06164531
2025-04-08 00:00:00 UTC,34.87375264239419,553987082.5499728,115954096.00142922
2025-04-09 00:00:00 UTC,36.777822943986145,557814105.2341719,78830050.91735034
2025-04-10 00:00:00 UTC,36.64562987317775,588373394.119054,124960677.02202056
2025-04-11 00:00:00 UTC,35.689898991345025,586522159.735028,113263881.20724624
2025-04-12 00:00:00 UTC,35.544215745807364,571442392.3336743,106904244.10203496
2025-04-13 00:00:00 UTC,32.13161858012143,568663858.5891604,71486506.48545092
2025-04-14 00:00:00 UTC,31.16346772152172,512967283.425865,90412890.34607844
2025-04-15 00:00:00 UTC,30.895060370603595,498743569.4432599,52720220.94367221
2025-04-16 00:00:00 UTC,31.05809314449178,494534359.5625836,68676796.70360002
2025-04-17 00:00:00 UTC,30.696909044845924,498616471.2205423,25183633.706784338
2025-04-18 00:00:00 UTC,30.918630493310474,491540663.269494,23022502.626747977
2025-04-19 00:00:00 UTC,31.74384886715197,495011509.18408275,21628084.78033371
2025-04-20 00:00:00 UTC,30.979970307923605,508271313.56670135,55263004.22880813
2025-04-21 00:00:00 UTC,31.207615702187013,496159145.585748,20777652.72704718
2025-04-22 00:00:00 UTC,33.29105534294047,499800157.75381327,26158638.694865488
2025-04-23 00:00:00 UTC,34.44042746124892,533441833.16915506,69956169.92442906
2025-04-24 00:00:00 UTC,34.36380997130205,551363094.4393799,68648322.81882785
2025-04-25 00:00:00 UTC,34.51980856039717,550609161.1886129,66032872.782109395
2025-04-26 00:00:00 UTC,33.587413885159854,546382211.918485,62436666.888170645
2025-04-27 00:00:00 UTC,32.67911451495189,537177030.8330157,62819969.93522861
2025-04-28 00:00:00 UTC,35.63403823432742,524745496.772092,56564762.26348832
2025-04-29 00:00:00 UTC,34.49159065622139,571191263.4192793,59011129.4315085
2025-04-30 00:00:00 UTC,36.060891356904136,553108570.2786816,31801815.63016129
2025-05-01 00:00:00 UTC,37.755068673009056,578258742.4750626,17292089.816546414
2025-05-02 00:00:00 UTC,36.18669776376717,605481270.5409386,65814956.862793185
2025-05-03 00:00:00 UTC,36.02193421086313,580389755.0220624,17918888.84812574
2025-05-04 00:00:00 UTC,35.79495234488896,579858023.4302697,62065050.56127814
2025-05-05 00:00:00 UTC,36.6990628349138,573083115.1001682,53701352.00787605
2025-05-06 00:00:00 UTC,37.93496870669328,588491431.2031822,60464193.85130084
2025-05-07 00:00:00 UTC,40.507435686783445,608437222.1707479,65466276.131054245
2025-05-08 00:00:00 UTC,41.94258485274278,649356246.2939783,76415219.30584973
2025-05-09 00:00:00 UTC,42.21732997972355,672508555.1404319,70975155.83236592
2025-05-10 00:00:00 UTC,43.47788131731793,677577568.8150787,76187412.01257652
2025-05-11 00:00:00 UTC,45.19091978660723,698481318.6833506,70310508.06062962
2025-05-12 00:00:00 UTC,44.54836051636526,725446030.2731978,28023317.32083275
2025-05-13 00:00:00 UTC,43.41240939028505,715317944.5497962,72376078.23067378
2025-05-14 00:00:00 UTC,41.878642136302375,696909917.1190287,65919201.294631355
2025-05-15 00:00:00 UTC,42.2508137098835,672277286.9433787,71139195.51764879
2025-05-16 00:00:00 UTC,40.49154770197676,678218463.4783278,71690348.94133532
2025-05-17 00:00:00 UTC,40.35557619481757,650584060.9783026,15021082.891803889
2025-05-18 00:00:00 UTC,41.784260287809005,648020036.9921571,18675908.9133786
2025-05-19 00:00:00 UTC,41.03923442420739,671065280.1042265,67112878.7713213
2025-05-20 00:00:00 UTC,41.16018831793165,659256343.1277037,73680755.89818789
2025-05-21 00:00:00 UTC,42.66352996795643,662292625.2996045,63437463.3801214
2025-05-22 00:00:00 UTC,48.717586142781975,684912055.5836301,70787578.4232804
2025-05-23 00:00:00 UTC,47.4566722859296,783008825.1445029,99633582.79682794
2025-05-24 00:00:00 UTC,48.91660132739981,762678600.066358,87846712.77335897
2025-05-25 00:00:00 UTC,54.46844551981079,786229362.643875,63871761.09958902
2025-05-26 00:00:00 UTC,54.37035027232939,875271667.914322,105275151.9358596
2025-05-27 00:00:00 UTC,51.865461671398066,873880832.000134,97182260.59920128
2025-05-28 00:00:00 UTC,53.843226153451155,833941937.2906103,98048380.16349174
2025-05-29 00:00:00 UTC,53.7217252671111,866214618.7336514,93429795.8135796
2025-05-30 00:00:00 UTC,48.35333920346904,864053428.6237035,91158422.4862517
2025-05-31 00:00:00 UTC,50.102740153006955,778938357.8237526,75046607.03018036
2025-06-01 00:00:00 UTC,53.059095316642235,805659394.599953,78302071.01483606
2025-06-02 00:00:00 UTC,54.06976418049039,853240110.2860281,85067117.30189027
2025-06-03 00:00:00 UTC,54.54606757350199,869349559.5439712,25896156.45887689
2025-06-04 00:00:00 UTC,50.277490003683006,875759980.8505495,93135742.95395562
2025-06-05 00:00:00 UTC,47.85635417245247,808468226.191191,79430436.76644088
2025-06-06 00:00:00 UTC,48.04772599394854,769607993.358689,83356020.26057343
2025-06-07 00:00:00 UTC,50.11261954477029,772714507.9591756,74847877.71399292
2025-06-08 00:00:00 UTC,48.77325978291453,806852468.3700966,65151766.28831499
2025-06-09 00:00:00 UTC,51.49563094854637,785877717.6225222,14500138.091502706
2025-06-10 00:00:00 UTC,51.79972947739954,828489495.6348056,22466743.428671204
2025-06-11 00:00:00 UTC,50.050098636625144,834663553.9725655,24423598.3451536
2025-06-12 00:00:00 UTC,48.07569291368186,807707336.357623,27341823.69659669
2025-06-13 00:00:00 UTC,45.21602425735104,774317079.1498584,27539669.871531375
2025-06-14 00:00:00 UTC,44.13929413147276,728291119.9527982,28508368.520080037
2025-06-15 00:00:00 UTC,43.424880480350254,711148646.6315477,17566886.56059131
2025-06-16 00:00:00 UTC,43.15893778569552,699637418.5981071,13881184.923224576
2025-06-17 00:00:00 UTC,41.16602963985464,697760755.4375135,23656108.77371432
2025-06-18 00:00:00 UTC,42.11173825367171,664428933.982843,21171167.46915826
2025-06-19 00:00:00 UTC,41.69782431587534,678117808.6441548,19408139.08074248
2025-06-20 00:00:00 UTC,40.30014111339583,671988082.431954,10851223.444606423
2025-06-21 00:00:00 UTC,39.350808629300296,648554397.7689667,16377476.01283886
2025-06-22 00:00:00 UTC,38.10804051933528,634184289.5617568,19898059.78265671
2025-06-23 00:00:00 UTC,41.572318737251535,614814944.6640332,26709543.238727614
2025-06-24 00:00:00 UTC,42.69419029952961,671134635.5261669,25356733.984151036
2025-06-25 00:00:00 UTC,41.43354704194456,688463358.3362464,22522407.745934345
2025-06-26 00:00:00 UTC,39.128832851876176,668065460.6464287,21357536.98583366
2025-06-27 00:00:00 UTC,38.675700584064806,630792128.1108428,21095929.31132137
2025-06-28 00:00:00 UTC,38.99306762892043,625394247.939539,21731655.35387708
2025-06-29 00:00:00 UTC,40.0978512925828,629303356.9091027,12379834.081301562
2025-06-30 00:00:00 UTC,38.247566131939934,647452541.444259,15048984.982179068
2025-07-01 00:00:00 UTC,36.90461416795657,617404419.5936074,15803719.028566588
2025-07-02 00:00:00 UTC,38.9286738855421,595890991.1151643,15191507.27162796
2025-07-03 00:00:00 UTC,40.771636531637455,628654512.5923132,17331811.076009616
2025-07-04 00:00:00 UTC,40.07449987193231,659100227.1049736,21669971.0349082
2025-07-05 00:00:00 UTC,39.237382086500425,646999308.4341973,23139543.729413074
2025-07-06 00:00:00 UTC,39.2936102191485,633411730.8580351,10075928.16892468
2025-07-07 00:00:00 UTC,38.760011501928794,634153874.2044431,13288898.845065456
2025-07-08 00:00:00 UTC,43.647749368800355,625803486.5365192,14482322.520721182
2025-07-09 00:00:00 UTC,41.00092177243581,705113246.2376345,22004896.304441027
2025-07-10 00:00:00 UTC,42.05519838359366,662104074.3415055,40547955.95128934
2025-07-11 00:00:00 UTC,42.06853088498235,678909477.1677159,26464761.86184088
2025-07-12 00:00:00 UTC,42.306167319113186,679202823.3525091,27746519.08808557
2025-07-13 00:00:00 UTC,42.36067220817195,683948020.5764915,19133289.98432052
2025-07-14 00:00:00 UTC,43.13667475432116,685079178.7373633,18028625.0976784
2025-07-15 00:00:00 UTC,43.80961455202687,697110861.0640801,24156138.5181078
2025-07-16 00:00:00 UTC,44.21969949214011,707755472.6152024,114273346.967221
2025-07-17 00:00:00 UTC,45.54951805138384,715369961.2961166,29508529.467385963
2025-07-18 00:00:00 UTC,44.2905170333063,735992199.6445483,131749831.37520535
2025-07-19 00:00:00 UTC,44.83744036888662,716018889.1169046,115733283.382375
2025-07-20 00:00:00 UTC,45.05641567802802,725326663.0745131,122538194.32311854
2025-07-21 00:00:00 UTC,44.63525268075168,729037332.9070382,18279542.941989396
2025-07-22 00:00:00 UTC,43.973052933820725,722219292.8153327,38078041.449087545
2025-07-23 00:00:00 UTC,41.29091539384306,711505144.4629827,69922597.74791089
2025-07-24 00:00:00 UTC,40.20494248518628,669628605.9551355,34440359.238462985
2025-07-25 00:00:00 UTC,40.85884304538798,650610857.1839567,19823655.64225975
2025-07-26 00:00:00 UTC,41.33467314138469,661390270.9082733,102832976.95164588
2025-07-27 00:00:00 UTC,42.07177937247374,667535403.8660017,154322989.80071452
2025-07-28 00:00:00 UTC,40.50704736565278,680148771.8408077,158086859.33716053
2025-07-29 00:00:00 UTC,40.54129596716869,655774683.2112848,20318375.122159064
2025-07-30 00:00:00 UTC,38.40235080286375,656306833.6245335,16486605.145409811
2025-07-31 00:00:00 UTC,36.97049051660383,622458905.04612,18977950.523202267
2025-08-01 00:00:00 UTC,35.88688949949481,598703862.2405292,16844983.852363247
2025-08-02 00:00:00 UTC,35.32929419963478,581480253.7293968,14971194.165386315
2025-08-03 00:00:00 UTC,36.15177866303151,572351905.3176311,11596560.405693471
2025-08-04 00:00:00 UTC,37.0757964449359,586151262.3418628,11586386.384885924
2025-08-05 00:00:00 UTC,35.38583888378288,600060669.4693124,66713154.69944724
2025-08-06 00:00:00 UTC,36.078464828914505,574519423.865913,157200695.7953535
2025-08-07 00:00:00 UTC,38.158470240639424,584902711.9443628,134969060.14203274
2025-08-08 00:00:00 UTC,38.77006644084297,618581368.0694871,145140339.67827898
2025-08-09 00:00:00 UTC,39.70381246641294,628180749.3268434,16279490.943160769
2025-08-10 00:00:00 UTC,39.52672351319915,643734021.8749995,15103982.36417598
2025-08-11 00:00:00 UTC,36.67961692020895,640915282.3913912,57105638.33193902
2025-08-12 00:00:00 UTC,39.620481324797304,596219701.4589312,57648813.18396037
2025-08-13 00:00:00 UTC,39.40432970436584,641461289.6558775,36216783.75233936
2025-08-14 00:00:00 UTC,36.628109373970425,639254877.6474397,103464227.71816736
2025-08-15 00:00:00 UTC,36.48659522042513,596051011.6726471,72601581.61120373
2025-08-16 00:00:00 UTC,36.84518380802591,591331423.2770898,62248922.790568545
2025-08-17 00:00:00 UTC,37.038586297022505,597517233.1903293,57972738.81020448
2025-08-18 00:00:00 UTC,35.33199371272692,601165770.7487881,55574856.15662049
2025-08-19 00:00:00 UTC,34.617788005789194,572749026.5999898,59835376.343852006
2025-08-20 00:00:00 UTC,39.080341041440214,561851104.3316171,55717713.53245156
2025-08-21 00:00:00 UTC,42.24828827004877,635335839.2122704,117041851.95528229
2025-08-22 00:00:00 UTC,44.04753523583428,685919301.6018432,119262752.64116175
2025-08-23 00:00:00 UTC,44.84084707840646,715751863.4238164,133203161.91508868
2025-08-24 00:00:00 UTC,42.72679224353576,726211531.8539445,50914488.69805394
2025-08-25 00:00:00 UTC,39.75035485978795,693887855.5841745,74933471.26729462
2025-08-26 00:00:00 UTC,42.84360028342529,646027230.7317301,25263474.11436248
2025-08-27 00:00:00 UTC,42.160284386099285,695591692.934587,68413922.49639899
2025-08-28 00:00:00 UTC,42.208983822307374,684413997.5341617,18256525.84932353
2025-08-29 00:00:00 UTC,40.24152616171671,690716313.027497,92124173.50923891
2025-08-30 00:00:00 UTC,40.25417652692681,654534220.4158794,49037252.88049531
2025-08-31 00:00:00 UTC,40.56951056985281,650379548.0617969,81994600.93365574
2025-09-01 00:00:00 UTC,40.56593801720302,660437075.4118721,84568803.56080261
2025-09-02 00:00:00 UTC,41.55363087323371,659064197.9960539,88838378.57284021
2025-09-03 00:00:00 UTC,41.57377668370684,675318061.870832,47113348.86121039
2025-09-04 00:00:00 UTC,40.72641958028876,675952063.9849213,45418508.83010474
2025-09-05 00:00:00 UTC,41.20309506683461,662792404.8756998,39266157.97529055
2025-09-06 00:00:00 UTC,47.20128512726416,670079003.5858053,88538596.9471847
2025-09-07 00:00:00 UTC,48.31758731764864,766606004.4826131,87302858.44802646
2025-09-08 00:00:00 UTC,50.830273541706624,786042614.9061712,89869752.73692259
2025-09-09 00:00:00 UTC,48.07483194175409,824917371.7490402,112379322.01439218
2025-09-10 00:00:00 UTC,47.9213441972598,782122029.5408709,112241838.57967116
2025-09-11 00:00:00 UTC,47.97590953316751,779654332.0813717,109301241.21139616
2025-09-12 00:00:00 UTC,49.86017924163085,780280482.2318385,50872883.596947186
2025-09-13 00:00:00 UTC,52.831145247051715,811244366.9765173,108977525.81816351
2025-09-14 00:00:00 UTC,50.497641870455745,859837518.1185874,53425702.04347464
2025-09-15 00:00:00 UTC,49.96774193612822,821968685.3558942,70467492.34127893
2025-09-16 00:00:00 UTC,51.568584773747354,813741703.0309494,54575959.29987523
2025-09-17 00:00:00 UTC,51.369285729893214,839342432.6818403,102568814.02165613
2025-09-18 00:00:00 UTC,50.592032165959026,836439444.7151042,110828554.09151748
2025-09-19 00:00:00 UTC,48.91164879087315,823198094.851288,114359116.48972344
2025-09-20 00:00:00 UTC,50.64873042968309,796576137.4626098,114267262.7202928
2025-09-21 00:00:00 UTC,51.91160857775862,824104911.0678986,53760258.10895776
2025-09-22 00:00:00 UTC,48.58039873354287,845571409.7260755,53752051.58605865
2025-09-23 00:00:00 UTC,54.98600269471488,792074902.4374174,62583915.853072755
2025-09-24 00:00:00 UTC,58.76444497176032,891893382.9785646,72196577.74203852
2025-09-25 00:00:00 UTC,54.78644558612746,957362805.179242,101046326.56966774
2025-09-26 00:00:00 UTC,56.12368634088379,888570415.9652939,140700003.80093494
2025-09-27 00:00:00 UTC,55.100526017861576,917700056.07753,57686977.18802298
2025-09-28 00:00:00 UTC,61.38502529570174,898270771.5073119,113621168.9990179
2025-09-29 00:00:00 UTC,72.2867786703928,1000215579.0143696,58036808.06008245
2025-09-30 00:00:00 UTC,74.10611968005912,1178320627.6249232,156075392.0696101
2025-10-01 00:00:00 UTC,120.15387545287092,1208409831.7593987,289137371.17558694
2025-10-02 00:00:00 UTC,131.21225564668927,1958785315.2511368,744522282.5353489
2025-10-03 00:00:00 UTC,127.53623734525152,2133738268.8147984,1169024378.002047
2025-10-04 00:00:00 UTC,157.3392787488459,2090195096.635407,572742800.0456996
2025-10-05 00:00:00 UTC,165.7141280325909,2570585881.5792847,675782865.2462653
2025-10-06 00:00:00 UTC,157.11732155612032,2710041206.428195,573328165.4293319
2025-10-07 00:00:00 UTC,127.88151226117724,2553720302.2667313,499921315.5785864
2025-10-08 00:00:00 UTC,175.5783770671204,2086695564.1807303,554002193.1918575
2025-10-09 00:00:00 UTC,213.64839600701333,2876056521.584043,754515200.0959213
2025-10-10 00:00:00 UTC,229.2593080694026,3491766941.0475674,1017905086.8968108
2025-10-11 00:00:00 UTC,293.0956233563993,3744398990.3230367,1667544827.1849
2025-10-12 00:00:00 UTC,261.28568078351356,4790671289.060395,1620649039.770729
2025-10-13 00:00:00 UTC,249.76038881758237,4266039900.6718416,1045315455.5594704
2025-10-14 00:00:00 UTC,247.97096854651684,4082763759.881635,760443823.063963
2025-10-15 00:00:00 UTC,229.8183359735714,4047750367.4301586,874773230.0000305
2025-10-16 00:00:00 UTC,204.53340729526244,3750856819.1326585,797024576.6011655
2025-10-17 00:00:00 UTC,217.4053464328621,3344582376.4544525,596045754.4554939
2025-10-18 00:00:00 UTC,220.987020510236,3549224437.8685484,805588231.1496073
2025-10-19 00:00:00 UTC,235.5366094473388,3606438919.8111305,401087311.7865861
2025-10-20 00:00:00 UTC,268.63388684496107,3867313863.142096,479361970.17764497
2025-10-21 00:00:00 UTC,263.24904175469686,4386004703.790339,752692198.584982
2025-10-22 00:00:00 UTC,238.47015514827632,4303702121.209618,916715260.671493
2025-10-23 00:00:00 UTC,243.11025015165947,3903195731.996216,699311523.9036604
2025-10-24 00:00:00 UTC,270.5618145714378,3971912975.166303,466723698.7552273
2025-10-25 00:00:00 UTC,275.3177136204163,4434675657.85033,539983184.2168334
2025-10-26 00:00:00 UTC,327.51012220887975,4499782971.92694,381021337.98573345
2025-10-27 00:00:00 UTC,341.20271986103637,5368162850.246249,1384298646.466958
2025-10-28 00:00:00 UTC,315.9646098548533,5589714940.402669,1008590862.4846908
2025-10-29 00:00:00 UTC,350.5504449220746,5172752881.000352,729135744.3501453
2025-10-30 00:00:00 UTC,343.90674630363327,5762616875.138476,785658421.4682808
2025-10-31 00:00:00 UTC,404.7621299797708,5651899227.820012,1013625884.4007837
2025-11-01 00:00:00 UTC,411.60325332005885,6626876046.4154005,1468192407.3489392
2025-11-02 00:00:00 UTC,417.7494920291106,6751570483.450183,1169288368.5758083
2025-11-03 00:00:00 UTC,432.0111207370554,6834604111.235469,957014096.3864918
2025-11-04 00:00:00 UTC,443.2769272224937,7054290523.447647,1045068010.6348482
2025-11-05 00:00:00 UTC,479.9682969981689,7271920565.27363,2650034233.625278
2025-11-06 00:00:00 UTC,532.3390878396124,7850984651.688283,1598515900.9058878
2025-11-07 00:00:00 UTC,649.8903462844702,8715747932.764591,1653485830.3684535
2025-11-08 00:00:00 UTC,597.2849770568632,10558940088.209375,4318390193.84194
2025-11-09 00:00:00 UTC,614.3728973117106,9864085932.108831,4008428896.514977
2025-11-10 00:00:00 UTC,523.0839257742082,10048504740.910246,2188501643.7736363
2025-11-11 00:00:00 UTC,445.9729249925471,8533782098.950956,4101767184.7907567
2025-11-12 00:00:00 UTC,505.48002899275656,7299193893.364437,2349145069.687629
2025-11-13 00:00:00 UTC,517.8020446619167,8334338534.855656,2248903447.1712065
2025-11-14 00:00:00 UTC,608.1992224487858,8485608822.128363,1713410601.6815894
2025-11-15 00:00:00 UTC,666.1984712288283,9903707114.019337,2301947104.95869
2025-11-16 00:00:00 UTC,697.2496833579012,10976054438.901794,3136102727.4621987
2025-11-17 00:00:00 UTC,613.612877082541,11451964594.75457,3848000908.678361
2025-11-18 00:00:00 UTC,624.2432807670978,10051287264.819452,2340186974.9928594
2025-11-19 00:00:00 UTC,672.6149268346635,10220964896.233503,2444020102.496242
2025-11-20 00:00:00 UTC,657.7678669238336,11021635513.18029,2181808542.172238
2025-11-21 00:00:00 UTC,547.71211384534,10863591885.357471,1841078251.7128077
2025-11-22 00:00:00 UTC,519.0072726084929,8982830685.68637,2428935079.7271247
2025-11-23 00:00:00 UTC,572.4570117029837,8489965784.805699,2513868006.7752023
2025-11-24 00:00:00 UTC,519.0730613210984,9388715152.809246,1449088040.6374438
2025-11-25 00:00:00 UTC,510.3155118392615,8512104504.246627,1269518769.9829557
2025-11-26 00:00:00 UTC,526.4442930534524,8372567268.611716,1159165305.119228
2025-11-27 00:00:00 UTC,489.2703373133788,8638515887.574186,972196281.0430524
2025-11-28 00:00:00 UTC,453.06914689087074,8027460816.496823,852162069.350714
2025-11-29 00:00:00 UTC,460.02465390453006,7440490724.714347,866054665.190028
2025-11-30 00:00:00 UTC,428.75915630248824,7533159297.106343,543531148.3833289
2025-12-01 00:00:00 UTC,344.92883298393355,7045403276.678822,713823932.6788422
2025-12-02 00:00:00 UTC,314.0454846882521,5637903383.26602,1599372776.0727267
2025-12-03 00:00:00 UTC,339.09257290065915,5156526317.875382,1396986363.3709004
2025-12-04 00:00:00 UTC,366.9616682252046,5566332772.016926,1486266168.225459
2025-12-05 00:00:00 UTC,359.9526178338081,6023191660.752362,945375848.1750952
2025-12-06 00:00:00 UTC,341.6950954269147,5911347369.554615,1278563715.9246316
2025-12-07 00:00:00 UTC,342.91753368565,5613980155.996265,684334226.1910115
2025-12-08 00:00:00 UTC,405.12866151665907,5615747060.920196,649010437.7221335
2025-12-09 00:00:00 UTC,433.1609868890659,6652983566.609253,1235186426.310604
2025-12-10 00:00:00 UTC,404.0058407353817,7105307870.070631,1218164099.615558
2025-12-11 00:00:00 UTC,451.045020777068,6645078871.697392,792727101.8337364
2025-12-12 00:00:00 UTC,456.042649201862,7410452103.300214,1158732300.7400174
2025-12-13 00:00:00 UTC,442.9134260469037,7521820278.6805,830322100.4728832
2025-12-14 00:00:00 UTC,404.3997961313542,7279363197.395247,818406003.722367
2025-12-15 00:00:00 UTC,413.081492815087,6672473456.846988,685433405.4771212
2025-12-16 00:00:00 UTC,403.73850325397575,6787130081.946462,953224740.8657162
2025-12-17 00:00:00 UTC,376.61270527258154,6623311595.317574,792057609.1875919
2025-12-18 00:00:00 UTC,388.0998097604075,6189001892.774989,692689728.4479539
2025-12-19 00:00:00 UTC,444.3940832442305,6383503326.344409,803181014.8410809
2025-12-20 00:00:00 UTC,446.91249897692745,7312991024.60894,727502126.936846
2025-12-21 00:00:00 UTC,441.5361024055137,7352739148.113544,501599535.2369335
2025-12-22 00:00:00 UTC,431.42872325286856,7262398286.9948225,465482849.2897215
2025-12-23 00:00:00 UTC,417.3589545579253,7107411253.106653,629981912.1548741
2025-12-24 00:00:00 UTC,448.3856507486008,6865655125.888821,521825405.2172693
2025-12-25 00:00:00 UTC,437.87404142526685,7380532539.050623,698357963.9452075
2025-12-26 00:00:00 UTC,447.7749366483441,7209253592.710738,442492358.4684989
2025-12-27 00:00:00 UTC,515.8739998376797,7370962521.49055,411551726.6931157
2025-12-28 00:00:00 UTC,529.4382247207415,8491275466.014543,921731404.9704224
2025-12-29 00:00:00 UTC,540.2571155288304,8735537748.111523,635469384.9255283
2025-12-30 00:00:00 UTC,527.9267845948881,8908483104.545801,968269399.7560642
2025-12-31 00:00:00 UTC,511.12645446084935,8703527018.615564,606118452.2080513
2026-01-01 00:00:00 UTC,525.2339041781124,8419488278.061158,746659861.508476
2026-01-02 00:00:00 UTC,488.5545099180829,8652838015.567911,391136974.40030336
2026-01-03 00:00:00 UTC,511.8273137257017,8049446323.914223,476136417.13716966
2026-01-04 00:00:00 UTC,503.24770397542494,8433812986.475226,412536609.12516415
2026-01-05 00:00:00 UTC,503.360398927763,8293330381.637903,314377780.3741171
2026-01-06 00:00:00 UTC,501.25621184616597,8296095173.225456,493036009.60476005
2026-01-07 00:00:00 UTC,469.3023118400485,8262308823.721576,661637697.8878206
2026-01-08 00:00:00 UTC,422.00000640071954,7736308630.965067,516377726.3384636
2026-01-09 00:00:00 UTC,417.4309640914433,6957417906.63711,1377579741.67065
2026-01-10 00:00:00 UTC,373.88850697897493,6882842480.083476,515973666.9165599
2026-01-11 00:00:00 UTC,379.89848096562434,6165558244.963959,503513768.1568478
2026-01-12 00:00:00 UTC,405.9943789130936,6265354073.983593,437007717.26476735
2026-01-13 00:00:00 UTC,404.7146040989296,6696421238.071677,640333310.7878296
2026-01-14 00:00:00 UTC,446.690934274136,6676067203.363903,631471539.4027342
2026-01-15 00:00:00 UTC,413.31056246505557,7369297023.272032,779538332.8453091
2026-01-16 00:00:00 UTC,410.1888156850986,6819341489.678644,562846631.9772674
2026-01-17 00:00:00 UTC,399.83636000034176,6768570579.926153,396574003.26491714
2026-01-18 00:00:00 UTC,365.76114766761816,6599152997.827346,263315952.41378018
2026-01-19 00:00:00 UTC,368.68542135795815,6036786646.986492,319792472.5198019
2026-01-20 00:00:00 UTC,349.5431236871858,6085705968.6790905,471630235.0965905
2026-01-21 00:00:00 UTC,355.0290269292367,5770357345.0189085,543606957.2277272
2026-01-22 00:00:00 UTC,364.60806309795475,5861558139.483345,468514581.9179241
2026-01-23 00:00:00 UTC,366.8854577256406,6020199318.296215,371241796.33626014
2026-01-24 00:00:00 UTC,358.86236721925286,6057802352.822093,371352171.3096149
2026-01-25 00:00:00 UTC,328.0066867383092,5925329681.7934,274028292.1721143
2026-01-26 00:00:00 UTC,366.56136797153493,5415858374.388337,334602943.81889236
2026-01-27 00:00:00 UTC,397.8827388445864,6052451168.593867,484203916.66830957
2026-01-28 00:00:00 UTC,370.2154885739303,6569611688.786173,509957013.2649795
2026-01-29 00:00:00 UTC,353.00627185518937,6112785913.175757,409906369.03932947
2026-01-30 00:00:00 UTC,340.08899962142544,5828637192.277223,398801985.0942561
2026-01-31 00:00:00 UTC,302.8210736440217,5615354598.263222,487109095.2352053
2026-02-01 00:00:00 UTC,305.2244689931201,5000007969.181123,555656935.5440505
2026-02-02 00:00:00 UTC,294.3371720291467,5039691455.386285,378174021.0356181
2026-02-03 00:00:00 UTC,270.75632632463027,4859926649.299173,379292977.1840266
2026-02-04 00:00:00 UTC,251.15831874118732,4470573243.2637205,394110963.3268579
2026-02-05 00:00:00 UTC,206.2654104807623,4146982177.0340357,374514118.511693
2026-02-06 00:00:00 UTC,240.10382987141776,3405736211.683191,606203611.3935266
2026-02-07 00:00:00 UTC,239.79144079514163,3964456794.044849,748634871.3976384
2026-02-08 00:00:00 UTC,238.84276716585214,3959298804.701274,368454965.91901666
2026-02-09 00:00:00 UTC,240.37562087361292,3943634849.5824323,275952990.5692558
2026-02-10 00:00:00 UTC,233.84145783583136,3968944451.262936,320820451.88935435
2026-02-11 00:00:00 UTC,240.2126640943998,3861056097.035507,238680040.4301656
2026-02-12 00:00:00 UTC,232.98228702201757,3966253802.3431206,410909772.749652
2026-02-13 00:00:00 UTC,266.6353013227102,3846869961.0963464,274992090.14455163
2026-02-14 00:00:00 UTC,322.99461591106416,4402529240.900076,395564038.67045003
2026-02-15 00:00:00 UTC,297.22242812331353,5333101934.1685095,587664582.2645649
2026-02-16 00:00:00 UTC,293.6312993196379,4907566343.889653,412410985.21527755
2026-02-17 00:00:00 UTC,295.83975172694244,4848271683.776793,367076009.6013598
2026-02-18 00:00:00 UTC,263.1291845877087,4898656106.45074,306749064.6322587
2026-02-19 00:00:00 UTC,261.4990630497535,4357479777.8167095,304119518.65284586
2026-02-20 00:00:00 UTC,258.01952085205323,4330956105.957834,222503408.38836378
2026-02-21 00:00:00 UTC,258.71557059133505,4273792651.6240587,226553842.35540769
2026-02-22 00:00:00 UTC,232.07310606680474,4285783549.933786,158405253.49624917
2026-02-23 00:00:00 UTC,237.562649978096,3844848015.869677,220716338.9570421
2026-02-24 00:00:00 UTC,242.3239866269131,3936221243.386127,239331328.73302114
2026-02-25 00:00:00 UTC,243.50304053550457,4015545143.0416164,243903879.9845668
2026-02-26 00:00:00 UTC,238.34343547600938,4035520001.5009565,415553724.8576146
2026-02-27 00:00:00 UTC,218.58586916520946,3950441558.9229126,265668135.77796328
2026-02-28 00:00:00 UTC,220.32770082138362,3623358982.386259,215159260.80389452
2026-03-01 00:00:00 UTC,213.2087065135557,3652626054.1081586,275254612.1350998
2026-03-02 00:00:00 UTC,223.46611390348465,3534987730.0233974,247313013.5236427
2026-03-03 00:00:00 UTC,220.57591029587255,3705456477.8863363,256441704.96321756
2026-03-04 00:00:00 UTC,243.2614568024177,3657928571.853574,244095040.29069328
2026-03-05 00:00:00 UTC,226.0633392429374,4034569601.1201754,367655408.47358733
2026-03-06 00:00:00 UTC,209.5641126486037,3749738430.795845,229828459.38443622
2026-03-07 00:00:00 UTC,197.1185660403154,3476422753.1441483,217328082.83244056
2026-03-08 00:00:00 UTC,197.45966968717843,3270331638.2616606,193844652.42634413
2026-03-09 00:00:00 UTC,213.4260350324849,3276346516.665591,188287774.23739505
2026-03-10 00:00:00 UTC,220.80461191679933,3541648685.42936,274820964.9301937
2026-03-11 00:00:00 UTC,212.66061934670228,3664492006.3133874,299289730.8189183
2026-03-12 00:00:00 UTC,207.45436592576178,3529680519.7577972,229215102.52445143
2026-03-13 00:00:00 UTC,207.72447081520122,3443673141.1570306,251483193.240674
2026-03-14 00:00:00 UTC,212.30950197165788,3448524529.2773576,328390996.2687014
2026-03-15 00:00:00 UTC,230.5840126225849,3525024456.4216948,213279671.58458844
2026-03-16 00:00:00 UTC,275.86355419726004,3828821627.068587,365332806.32113373
2026-03-17 00:00:00 UTC,272.6784612272238,4581196262.259519,581648229.0230528
2026-03-18 00:00:00 UTC,248.5111517229416,4528748739.985768,491477738.91866213
2026-03-19 00:00:00 UTC,234.50048905935748,4127852590.5767975,450877851.5288479
2026-03-20 00:00:00 UTC,234.90217578136844,3895411141.749094,328942285.99616605
2026-03-21 00:00:00 UTC,216.70519844344557,3902644233.378108,314427737.65162396
2026-03-22 00:00:00 UTC,217.73531941329705,3600706231.4380693,162769967.313347
2026-03-23 00:00:00 UTC,228.31729974470542,3618001352.5560565,231321590.00571057
2026-03-24 00:00:00 UTC,241.78428840068344,3794453759.6801972,353875135.89492536
2026-03-25 00:00:00 UTC,231.43292070941638,4018537648.806678,343305351.86937505
2026-03-26 00:00:00 UTC,221.4806786931035,3847099715.6888027,360164735.25883704
2026-03-27 00:00:00 UTC,215.6056905047099,3682040878.0816407,242339967.22412837
2026-03-28 00:00:00 UTC,213.1435808085618,3584631610.8929377,222265058.49504858
2026-03-29 00:00:00 UTC,214.64446033378238,3544219769.522805,181074009.17982715
2026-03-30 00:00:00 UTC,225.42059998328386,3569546466.1972456,164064565.1498395
2026-03-31 00:00:00 UTC,247.42662542277478,3749174675.2776246,279165412.62442046
2026-04-01 00:00:00 UTC,251.93650094717577,4115600970.049889,513239529.5775748
2026-04-02 00:00:00 UTC,240.93672933039798,4190691328.6213975,354856546.9659203
2026-04-03 00:00:00 UTC,234.24364373769026,4007722019.4584045,265805519.41939104
2026-04-04 00:00:00 UTC,250.45215742205934,3896389776.4145036,145812727.6570272
2026-04-05 00:00:00 UTC,246.75378366858183,4166000878.781797,202645320.30070272
2026-04-06 00:00:00 UTC,252.1507448252304,4104482429.647073,179568754.21335083
2026-04-07 00:00:00 UTC,321.7812023099481,4194255043.91711,249563258.4252082
2026-04-08 00:00:00 UTC,323.7982661453171,5352482427.770194,710181917.692105
2026-04-09 00:00:00 UTC,367.63691376576077,5386034104.0552,506773180.2794885
2026-04-10 00:00:00 UTC,375.13955462620316,6115242613.940801,671783379.2532027
2026-04-11 00:00:00 UTC,370.80125234755945,6240040933.665853,479725283.1458353
2026-04-12 00:00:00 UTC,361.5256639105822,6167877965.33177,331037034.87979704
2026-04-13 00:00:00 UTC,368.4302755317402,6013588579.377125,363994158.73289925
2026-04-14 00:00:00 UTC,355.1248635737603,6128439329.226796,588539800.5164435
2026-04-15 00:00:00 UTC,346.3443027583549,5907118185.579838,427648271.4524675
2026-04-16 00:00:00 UTC,341.0785839177757,5761063048.943375,333453899.1421437
2026-04-17 00:00:00 UTC,329.0388515284742,5673473508.717124,345572826.8426831
2026-04-18 00:00:00 UTC,323.23676903450365,5473205576.388624,366840002.4626833
2026-04-19 00:00:00 UTC,301.4358873298485,5376694206.642616,287545232.5531361
2026-04-20 00:00:00 UTC,312.1316138135164,5014060108.079999,394021033.1353074
2026-04-21 00:00:00 UTC,316.97557480106843,5191971955.152176,290734125.180675
2026-04-22 00:00:00 UTC,316.58530374685,5272546009.449178,264850450.42041537
2026-04-23 00:00:00 UTC,342.71970403779466,5266054272.378224,268343747.55148175
2026-04-24 00:00:00 UTC,359.5717517922404,5700771767.724188,359675192.67401934
2026-04-25 00:00:00 UTC,358.87369818910685,5981087363.632527,555384834.172429
2026-04-26 00:00:00 UTC,355.14083138404015,5969475996.5993,453559362.5570982
2026-04-27 00:00:00 UTC,355.3007404833218,5907383792.841292,449028355.74369204
2026-04-28 00:00:00 UTC,335.929240781846,5910043707.832601,511423299.5490954
2026-04-29 00:00:00 UTC,327.2711792293861,5587819752.525751,484954093.9837832
2026-04-30 00:00:00 UTC,350.46215596891324,5443802258.696339,354835508.6726098
2026-05-01 00:00:00 UTC,384.8989994397008,5829559085.353918,383436197.43824184
2026-05-02 00:00:00 UTC,387.7180626065733,6423281168.642629,696418181.863371
2026-05-03 00:00:00 UTC,412.92739938104694,6470326329.527291,563038961.0832506
2026-05-04 00:00:00 UTC,423.11100554108884,6891025417.893756,641325939.0866958
2026-05-05 00:00:00 UTC,516.8631045193268,7060971730.489764,880784161.71429
2026-05-06 00:00:00 UTC,554.642508441284,8625527867.981043,1151194761.0116796
2026-05-07 00:00:00 UTC,574.5925164534581,9255999067.25073,1195106267.3669343
2026-05-08 00:00:00 UTC,612.6839493556095,9588929293.012314,897112086.6155208
2026-05-09 00:00:00 UTC,594.6863276260751,10224607702.161657,929505034.2020519
2026-05-10 00:00:00 UTC,592.809644590012,9924259338.294888,788318371.2501957
2026-05-11 00:00:00 UTC,556.1287193183408,9892940829.224707,794868965.0126969
2026-05-12 00:00:00 UTC,570.8610726088147,9280801289.010536,698382933.002703
2026-05-13 00:00:00 UTC,524.3496893374387,9526658117.94032,685438404.2149616
2026-05-14 00:00:00 UTC,560.5629614310518,8750465681.146643,862054287.6995807
2026-05-15 00:00:00 UTC,515.1260857309292,9354800919.825998,836949539.9798396
2026-05-16 00:00:00 UTC,511.1989253955029,8596540107.32348,397827499.8083863
2026-05-17 00:00:00 UTC,535.8361606318838,8531002771.38469,329209269.49191135
2026-05-18 00:00:00 UTC,563.1101757601147,8942154500.46591,425732309.7469925
2026-05-19 00:00:00 UTC,573.6006369077544,9397309406.094301,575792760.6657571
2026-05-20 00:00:00 UTC,672.8192044654849,9572376583.816513,486709371.3894403
2026-05-21 00:00:00 UTC,663.5789323084665,11228158379.822737,1039464936.1306041
2026-05-22 00:00:00 UTC,582.5786944969677,11073954637.4755,803140730.0953586
2026-05-23 00:00:00 UTC,630.4805751375868,9722204430.414534,573353654.4682972
2026-05-24 00:00:00 UTC,662.8255472055216,10521601800.398235,747219196.4080448
2026-05-25 00:00:00 UTC,651.6263495336702,11061381977.241188,722992508.7088288
2026-05-26 00:00:00 UTC,569.7732071357525,10874487244.819887,575926347.9924903
2026-05-27 00:00:00 UTC,541.2592240295704,9508503573.976036,910657730.5774838
2026-05-28 00:00:00 UTC,547.2575843809614,9032655803.533527,586605474.6403347
2026-05-29 00:00:00 UTC,529.3962430839224,9132757791.701616,610294077.5817258
2026-05-30 00:00:00 UTC,528.2022036147067,8834683706.377987,546199689.2167698
2026-05-31 00:00:00 UTC,569.4121120889725,8814757306.859167,426606020.68848056
2026-06-01 00:00:00 UTC,543.6723869050899,9502477538.52921,512627819.6903375
2026-06-02 00:00:00 UTC,608.6416858212438,9072927208.96133,720696385.9532984
2026-06-03 00:00:00 UTC,620.9293770289404,10157149498.121693,1228305563.3083723
2026-06-04 00:00:00 UTC,459.1723454208874,10362209255.760418,804026354.0611703
2026-06-05 00:00:00 UTC,389.9925359328825,7662771490.175082,1177356540.9245243
2026-06-06 00:00:00 UTC,362.16063746764553,6508283252.529765,3582549935.926357
2026-06-07 00:00:00 UTC,439.9814106649073,6043818264.15731,1027734936.7821984
2026-06-08 00:00:00 UTC,458.5823051174074,7342508849.830008,1322039118.593408
2026-06-09 00:00:00 UTC,429.0662872652168,7652924764.733862,918415790.9283661
2026-06-10 00:00:00 UTC,408.77273045825166,7160354812.826265,895075093.7423905
2026-06-11 00:00:00 UTC,427.99313849712047,6821691367.421857,640678290.2132931
2026-06-12 00:00:00 UTC,411.69693298594785,7142445864.548147,466166979.8337841
2026-06-13 00:00:00 UTC,420.38552643613826,6870491117.633706,422079720.8435193
2026-06-14 00:00:00 UTC,472.50127982981894,7015488321.502361,346311225.1996428
2026-06-15 00:00:00 UTC,518.4990268961559,7885207748.80811,442389875.6036468
2026-06-16 00:00:00 UTC,504.7610596825436,8652828508.95892,876212475.7974097
2026-06-17 00:00:00 UTC,476.86044375662607,8423566218.781285,693713031.6657847
2026-06-18 00:00:00 UTC,455.5547837968822,7957954457.9521885,572669404.1517406
2026-06-19 00:00:00 UTC,476.7329322570709,7602400807.24345,434273579.521296
2026-06-20 00:00:00 UTC,470.87630932971564,7955826517.336415,358064879.4306892
2026-06-21 00:00:00 UTC,434.04127831796865,7858089875.215018,275508869.2729622
2026-06-22 00:00:00 UTC,441.72659657914164,7243378583.711159,258228515.29667103
2026-06-23 00:00:00 UTC,415.69959091849927,7412996459.905281,304467547.53280526
2026-06-24 00:00:00 UTC,415.8493820231059,6976214743.978631,301930069.0404334
2026-06-25 00:00:00 UTC,416.37237434522683,6979909140.578906,372486926.05661464
2026-06-26 00:00:00 UTC,418.7437072205981,6988687412.346115,363424024.2693437
2026-06-27 00:00:00 UTC,395.02964907171787,7028489534.767544,424981669.8304757
2026-06-28 00:00:00 UTC,375.9632425119813,6630456067.870647,239256615.78044626
2026-06-29 00:00:00 UTC,406.6092320887038,6310432061.157312,245930705.06035244
2026-06-30 00:00:00 UTC,399.31995613529796,6824815951.132086,329440554.7316493
2026-07-01 00:00:00 UTC,416.6989697942226,6702467605.661773,268533853.0071609
2026-07-02 00:00:00 UTC,434.1916932294615,6994169220.563857,328179444.13500726
2026-07-03 00:00:00 UTC,460.6515261647326,7287779420.500282,373013847.05135536
2026-07-04 00:00:00 UTC,463.0408649957748,7731899906.779681,388966405.5504602
2026-07-05 00:00:00 UTC,461.9180061840394,7772004253.852644,218203420.14959934
2026-07-06 00:00:00 UTC,452.3946409756593,7753157400.106025,188463403.842457
2026-07-07 00:00:00 UTC,483.7923833587213,7593310525.875608,302575768.7609729
2026-07-08 00:00:00 UTC,465.8795530648771,8120312364.82724,496295476.85413563
2026-07-09 00:00:00 UTC,481.1850455771398,7819650795.262385,302287385.84740824
2026-07-10 00:00:00 UTC,497.8566017422245,8076548969.711203,246576611.4692697
2026-07-11 00:00:00 UTC,508.5780850507025,8356376119.383108,274954814.3617853
2026-07-12 00:00:00 UTC,533.2997490230787,8536333052.302757,257913077.29872406
2026-07-13 00:00:00 UTC,495.4194760535825,8951278885.555243,332902525.3497594
2026-07-14 00:00:00 UTC,564.1362653433462,8315469684.009479,338941526.9593848
2026-07-15 00:00:00 UTC,570.1795583672051,9468860710.68703,480525928.26033473
2026-07-16 00:00:00 UTC,523.5637782982166,9570295600.432968,468587078.8210739
2026-07-17 00:00:00 UTC,547.2815413317958,8787863490.480547,426080857.1762138
2026-07-18 00:00:00 UTC,558.4092967953651,9185959142.773632,368804539.70434034
2026-07-19 00:00:00 UTC,547.8284843154929,9372735233.906498,224254307.85790896
2026-07-20 00:00:00 UTC,542.4717730794962,9195139419.326431,192561859.19788966
2026-07-21 00:00:00 UTC,532.218029987496,9105228602.247238,325120898.12157303
2026-07-22 00:00:00 UTC,515.1242324154182,8933122550.809069,319326298.2495698
2026-07-23 00:00:00 UTC,504.80100172825945,8646208203.744047,275870117.4532885
2026-07-24 00:00:00 UTC,488.58412926635384,8472935823.530193,215327281.1989888
2026-07-25 00:00:00 UTC,484.9788719736648,8200740405.617638,204344229.31436744
2026-07-26 00:00:00 UTC,508.5809387964734,8140227226.040565,137651448.69865137
2026-07-27 00:00:00 UTC,477.77336691212463,8536380951.583247,179387114.70006794
2026-07-28 00:00:00 UTC,466.5441693513662,8019284950.265492,216341187.23410082
2026-07-29 00:00:00 UTC,467.03071149014335,7830806183.471631,205379903.35436663
2026-07-30 00:00:00 UTC,469.7851718133338,7838972649.669575,207125437.2289474
2026-07-31 00:00:00 UTC,458.62204779933427,7885205453.223749,178765333.3263077
2026-08-01 00:00:00 UTC,462.365626881434,7697835711.4108305,163930614.21628395
2026-08-02 00:00:00 UTC,488.70310596004265,7760670581.397907,128405978.02234484
2026-08-03 00:00:00 UTC,483.3416023436904,8202737394.305595,180116228.07781404
2026-08-04 00:00:00 UTC,505.6439360866051,8112746138.536591,189338745.70128334
2026-08-05 00:00:00 UTC,511.28607371539255,8487084227.945516,189215143.137964
2026-08-06 00:00:00 UTC,502.8479190623174,8581785842.784971,208388091.63565457
2026-08-07 00:00:00 UTC,511.1067440209735,8440153907.428758,162340628.4595776
2026-08-08 00:00:00 UTC,507.76056741141525,8578775846.792761,166774000.15858775
2026-08-09 00:00:00 UTC,510.5330128735066,8522611260.015163,108129374.83368395
2026-08-10 00:00:00 UTC,495.70314357236225,8569145938.81753,154099914.28449023
2026-08-11 00:00:00 UTC,480.66499804092575,8362521408.560771,167269162.60053733
2026-08-12 00:00:00 UTC,489.7540400805609,8109544851.292486,213009770.71790084
2026-08-13 00:00:00 UTC,490.8051467874446,8263108818.576205,187158959.95227525
2026-08-14 00:00:00 UTC,493.0119515182912,8282418989.773846,148263663.04864433
2026-08-15 00:00:00 UTC,487.44622243387016,8320389462.87556,126415757.51046635
2026-08-16 00:00:00 UTC,486.06212618696907,8227588874.826308,80638211.25795333
2026-08-17 00:00:00 UTC,514.0687812199731,8204302706.66861,83659417.34002413
2026-08-18 00:00:00 UTC,507.98618834362685,8677030498.67852,258017733.42815843
2026-08-19 00:00:00 UTC,565.3997160152392,8576602357.0193205,164576359.76685837
2026-08-20 00:00:00 UTC,568.0348055656382,9545945634.557512,520996136.86638284
2026-08-21 00:00:00 UTC,739.1639551718292,9592805030.203571,450891183.0489087
2026-08-22 00:00:00 UTC,805.2242940723283,12484279519.960312,1585620231.890833
2026-08-23 00:00:00 UTC,852.824784874028,13600020797.99033,2210630841.9250274
2026-08-24 00:00:00 UTC,"",14403980228.50338,1392443546.5433707
